site_id,min_access_margin_db,backhaul_margin_db,min_twohop_margin_db,outbound_time_s,return_time_s,horizontal_time_s,flight_energy_kwh,setup_energy_kwh,service_energy_kwh,total_energy_kwh,energy_margin_kwh,return_soc,climb_out_m,climb_back_m,desc_out_m,desc_back_m,cruise_alt_m,horizontal_distance_m,max_dem_on_route_m,setup_time_s,earliest_ready_s,required_transport_shift_s,as_is_timing_feasible,atomic_task_id,parent_gap_id,pareto_id,transport_sortie_id,service_start_s,service_end_s,service_duration_s,robust_slack_db,Gamma_C_db
E52_060143e4033ea7dfc142ce26,0.46341723162035464,13.051384290227645,0.46341723162035464,390.52156568077555,422.97629514244545,586.3147545915316,0.2219218246513189,0.009166666666666667,0.12755989583333335,0.3586483871513189,2.2013516128486814,0.8879223790152129,389.4567535400391,0.0,0.0,389.4567535400391,517.1567535400391,4397.360659436487,293.1027526855469,30.0,600.5215656807756,0.0,1,XB02_M004_G00,XB02_M004_G00,XB02,M004,753.6875,1171.15625,417.46875,0.46341723162035464,0.0
E52_0c56c0f390b777971f9a7e58,15.631277195261305,2.1743859331465814,2.1743859331465814,461.3120930283848,507.24512830670517,647.0259743868478,0.2556960576036008,0.009166666666666667,0.12755989583333335,0.39242262010360085,2.1675773798963998,0.8773679312176248,551.1964233398437,0.0,0.0,551.1964233398437,678.8964233398438,4852.694807901358,431.4708251953125,30.0,671.3120930283849,0.0,1,XB02_M004_G00,XB02_M004_G00,XB02,M004,753.6875,1171.15625,417.46875,2.1743859331465814,0.0
E52_0f45fcab7c66cb90fa618929,12.448871869132986,12.721246579688795,12.448871869132986,427.8988653120833,469.21977900837237,607.8722484464322,0.23826781941132907,0.009166666666666667,0.12755989583333335,0.37499438191132906,2.185005618088671,0.8828142556527097,495.85096435546876,0.0,0.0,495.85096435546876,623.5509643554688,4559.041863348241,326.6978454589844,30.0,637.8988653120832,0.0,1,XB02_M004_G00,XB02_M004_G00,XB02,M004,753.6875,1171.15625,417.46875,12.448871869132986,0.0
E52_12b142f00e8cb4e3948f96c2,1.250076748455598,12.991659521749298,1.250076748455598,402.5936730780369,438.4739485500421,589.9056933240425,0.22672373828986628,0.009166666666666667,0.12755989583333335,0.3634503007898663,2.1965496992101343,0.8864217810031668,430.5633056640625,0.0,0.0,430.5633056640625,558.2633056640625,4424.292699930319,284.7546081542969,30.0,612.5936730780369,0.0,1,XB02_M004_G00,XB02_M004_G00,XB02,M004,753.6875,1171.15625,417.46875,1.250076748455598,0.0
E52_132fcaf6d631eae41e83e018,13.25248572685625,12.621037374336296,12.621037374336296,466.52713400648173,519.919143487276,612.7022111281979,0.2526897045720101,0.009166666666666667,0.12755989583333335,0.38941626707201016,2.1705837329279905,0.8783074165399969,640.7041137695312,0.0,0.0,640.7041137695312,768.4041137695312,4595.266583461484,468.40411376953125,30.0,676.5271340064817,0.0,1,XB02_M004_G00,XB02_M004_G00,XB02,M004,753.6875,1171.15625,417.46875,12.621037374336296,0.0
E52_154bbd26b7808edf72eaa410,10.639890586326203,13.235683344326844,10.639890586326203,444.90797820490957,498.19814035497467,570.0749835094285,0.23896400983981742,0.009166666666666667,0.12755989583333335,0.3756905723398174,2.184309427660183,0.8825966961438071,639.4819458007812,0.0,0.0,639.4819458007812,767.1819458007812,4275.562376320714,467.18194580078125,30.0,654.9079782049096,0.0,1,XB02_M004_G00,XB02_M004_G00,XB02,M004,753.6875,1171.15625,417.46875,10.639890586326203,0.0
E52_2d291a2169e36d61d7bf7582,11.343100122152421,12.790365797832976,11.343100122152421,470.3839036593983,527.1993216484933,599.8752993842263,0.25224474652706685,0.009166666666666667,0.12755989583333335,0.3889713090270669,2.1710286909729337,0.8784464659290416,681.7850158691406,0.0,0.0,681.7850158691406,809.4850158691406,4499.064745381697,509.4850158691406,30.0,680.3839036593984,0.0,1,XB02_M004_G00,XB02_M004_G00,XB02,M004,753.6875,1171.15625,417.46875,11.343100122152421,0.0
E52_32cd7932ac3bc8f6e82bd016,12.505900182944202,12.531399030736651,12.505900182944202,433.33722088021847,474.19552115284216,621.5246401246948,0.24213542524196421,0.009166666666666667,0.12755989583333335,0.3788619877419642,2.181138012258036,0.8816056288306362,490.2996032714844,0.0,0.0,490.2996032714844,617.9996032714844,4661.434800935211,324.9372863769531,30.0,643.3372208802184,0.0,1,XB02_M004_G00,XB02_M004_G00,XB02,M004,753.6875,1171.15625,417.46875,12.505900182944202,0.0
E52_3322673a66874be8fb5ff9e0,2.167407480562815,12.93559360833251,2.167407480562815,392.2739001975914,423.9757012433271,594.3369941207687,0.2236811646950203,0.009166666666666667,0.12755989583333335,0.36040772719502034,2.1995922728049804,0.8873725852515562,380.42161254882814,0.0,0.0,380.42161254882814,508.1216125488281,4457.527455905765,308.1216125488281,30.0,602.2739001975914,0.0,1,XB02_M004_G00,XB02_M004_G00,XB02,M004,753.6875,1171.15625,417.46875,2.167407480562815,0.0
E52_4d215302190bc5bfb29bf912,7.6104963551872515,16.37371485667674,7.6104963551872515,307.50969179304633,343.7570581260541,397.53518558804575,0.1656637075427803,0.009166666666666667,0.12755989583333335,0.3023902700427803,2.2576097299572204,0.9055030406116311,434.96839599609376,0.0,0.0,434.96839599609376,562.6683959960938,2981.5138919103433,336.56707763671875,30.0,517.5096917930464,0.0,1,XB02_M004_G00,XB02_M004_G00,XB02,M004,753.6875,1171.15625,417.46875,7.6104963551872515,0.0
E52_575c4f100493de938643a13d,14.97253526452974,2.099203328999508,2.099203328999508,470.05405043895155,518.0123847895375,652.3580947743875,0.259560220504969,0.009166666666666667,0.12755989583333335,0.396286783004969,2.1637132169950313,0.8761603803109472,575.5000122070312,0.0,0.0,575.5000122070312,703.2000122070312,4892.685710807907,437.3766174316406,30.0,680.0540504389515,0.0,1,XB02_M004_G00,XB02_M004_G00,XB02,M004,753.6875,1171.15625,417.46875,2.099203328999508,0.0
E52_67646c2afbeb5602853e5a9c,2.134504918499786,12.927232110573698,2.134504918499786,404.7739001975914,440.6423679099937,594.3369941207687,0.22812669469116229,0.009166666666666667,0.12755989583333335,0.3648532571911623,2.1951467428088383,0.8859833571277618,430.42161254882814,0.0,0.0,430.42161254882814,558.1216125488281,4457.527455905765,308.1216125488281,30.0,614.7739001975914,0.0,1,XB02_M004_G00,XB02_M004_G00,XB02,M004,753.6875,1171.15625,417.46875,2.134504918499786,0.0
E52_7ccd1e182a1b2540fd645bfb,2.2842575791542856,2.4191590009326376,2.2842575791542856,429.0509151666868,465.88596358791074,630.2977572539465,0.24168092785315382,0.009166666666666667,0.12755989583333335,0.3784074903531538,2.1815925096468467,0.8817476592646394,447.8438232421875,5.8232421875,5.8232421875,447.8438232421875,575.5438232421875,4727.2331794045995,525.5438232421875,30.0,639.0509151666868,0.0,1,XB02_M004_G00,XB02_M004_G00,XB02,M004,753.6875,1171.15625,417.46875,2.2842575791542856,0.0
E52_7e4744117cf2a1b6b8665ab3,12.013229015233236,12.590569849682154,12.013229015233236,474.82609328547096,530.7107225986219,614.3444106920357,0.25587373999544005,0.009166666666666667,0.12755989583333335,0.3926003024954401,2.1673996975045604,0.877312405470175,670.6155517578125,0.0,0.0,670.6155517578125,798.3155517578125,4607.5830801902675,498.3155517578125,30.0,684.826093285471,0.0,1,XB02_M004_G00,XB02_M004_G00,XB02,M004,753.6875,1171.15625,417.46875,12.013229015233236,0.0
E52_a0032802edd73d232f2c84c2,13.281235066380034,12.395809404549922,12.395809404549922,482.4923087567502,538.5719606529091,628.5067061365473,0.26060588149401487,0.009166666666666667,0.12755989583333335,0.3973324439940149,2.1626675560059856,0.8758336112518703,672.9558227539062,0.0,0.0,672.9558227539062,800.6558227539062,4713.800296024105,500.65582275390625,30.0,692.4923087567502,0.0,1,XB02_M004_G00,XB02_M004_G00,XB02,M004,753.6875,1171.15625,417.46875,12.395809404549922,0.0
E52_aaa387ee3ee3170bd804334d,7.017439111244244,18.409477866986336,7.017439111244244,263.5215778829557,299.2286101502083,312.8009621623957,0.13801933350380158,0.009166666666666667,0.12755989583333335,0.2747458960038016,2.285254103996199,0.914141907498812,428.48438720703126,0.0,0.0,428.48438720703126,556.1843872070312,2346.0072162179677,386.9435729980469,30.0,473.5215778829557,0.0,1,XB02_M004_G00,XB02_M004_G00,XB02,M004,753.6875,1171.15625,417.46875,7.017439111244244,0.0
E52_b4122a9095172602242b40e3,12.09289787926771,12.917805218005896,12.09289787926771,417.2739001975914,457.30903457666045,594.3369941207687,0.23257222468730426,0.009166666666666667,0.12755989583333335,0.36929878718730424,2.190701212812696,0.8845941290039674,480.42161254882814,0.0,0.0,480.42161254882814,608.1216125488281,4457.527455905765,308.1216125488281,30.0,627.2739001975914,0.0,1,XB02_M004_G00,XB02_M004_G00,XB02,M004,753.6875,1171.15625,417.46875,12.09289787926771,0.0
E52_b45db00398315637fb020e5f,8.818856551847475,10.742298629097064,8.818856551847475,520.0993036420956,566.0861185224667,764.2777180019647,0.2932088546230577,0.009166666666666667,0.12755989583333335,0.4299354171230577,2.1300645828769427,0.8656451821490445,551.8417785644531,0.0,0.0,551.8417785644531,679.5417785644531,5732.082885014735,386.71868896484375,30.0,730.0993036420956,0.0,1,XB02_M004_G00,XB02_M004_G00,XB02,M004,753.6875,1171.15625,417.46875,8.818856551847475,0.0
E52_be79b94db4a0a5b6faaed631,9.987469372231445,13.435452033242427,9.987469372231445,439.28613208838135,492.92224150407145,556.7556076826221,0.23507830977561708,0.009166666666666667,0.12755989583333335,0.3718048722756171,2.1881951277243834,0.8838109774138696,643.6333129882812,0.0,0.0,643.6333129882812,771.3333129882812,4175.667057619666,471.33331298828125,30.0,649.2861320883814,0.0,1,XB02_M004_G00,XB02_M004_G00,XB02,M004,753.6875,1171.15625,417.46875,9.987469372231445,0.0
E52_beb70ec57fd2d66bf65b827f,12.986294405095663,2.43785423226241,2.43785423226241,429.6587378248194,468.09544538504076,628.6972302883107,0.2418430061920666,0.009166666666666667,0.12755989583333335,0.3785695686920666,2.181430431307934,0.8816970097837292,461.24049072265626,0.0,0.0,461.24049072265626,588.9404907226562,4715.22922716233,538.9404907226562,30.0,639.6587378248194,0.0,1,XB02_M004_G00,XB02_M004_G00,XB02,M004,753.6875,1171.15625,417.46875,2.43785423226241,0.0
E52_c515ea57360fd29f9add62f7,8.430087632149124,10.649906727109496,8.430087632149124,525.5980011021792,572.0554631586571,772.4512298654912,0.29632198385281766,0.009166666666666667,0.12755989583333335,0.43304854635281764,2.126951453647183,0.8646723292647445,557.4895446777343,0.0,0.0,557.4895446777343,685.1895446777344,5793.384223991184,393.3172912597656,30.0,735.5980011021792,0.0,1,XB02_M004_G00,XB02_M004_G00,XB02,M004,753.6875,1171.15625,417.46875,8.430087632149124,0.0
E52_f4836ff0bfcbe7f74f580128,10.114867033149864,13.198394987858308,10.114867033149864,446.8309536018799,500.3537512499919,572.525121315088,0.23999489789029496,0.009166666666666667,0.12755989583333335,0.37672146039029497,2.1832785396097054,0.8822745436280328,642.2735717773437,0.0,0.0,642.2735717773437,769.9735717773438,4293.93840986316,483.0478820800781,30.0,656.8309536018799,0.0,1,XB02_M004_G00,XB02_M004_G00,XB02,M004,753.6875,1171.15625,417.46875,10.114867033149864,0.0
E52_fb97bb829fc82a7376005525,11.350987848164124,12.561592200960149,11.350987848164124,483.9909817485873,542.6900133241081,615.7877740440496,0.2593375767224136,0.009166666666666667,0.12755989583333335,0.39606413922241357,2.163935860777587,0.8762299564929957,704.38837890625,0.0,0.0,704.38837890625,832.08837890625,4618.408305330372,532.08837890625,30.0,693.9909817485873,0.0,1,XB02_M004_G00,XB02_M004_G00,XB02,M004,753.6875,1171.15625,417.46875,11.350987848164124,0.0
E52_060143e4033ea7dfc142ce26,6.23446973686174,13.051384290227645,6.23446973686174,390.52156568077555,422.97629514244545,586.3147545915316,0.2219218246513189,0.009166666666666667,0.2445399305555556,0.47562842187354115,2.0843715781264596,0.8513661181645185,389.4567535400391,0.0,0.0,389.4567535400391,517.1567535400391,4397.360659436487,293.1027526855469,30.0,600.5215656807756,0.0,1,XB02_M005_G00,XB02_M005_G00,XB02,M005,2615.78125,3416.09375,800.3125,6.23446973686174,0.0
E52_0c56c0f390b777971f9a7e58,4.866826508382303,2.1743859331465814,2.1743859331465814,461.3120930283848,507.24512830670517,647.0259743868478,0.2556960576036008,0.009166666666666667,0.2445399305555556,0.509402654825823,2.0505973451741775,0.8408116703669303,551.1964233398437,0.0,0.0,551.1964233398437,678.8964233398438,4852.694807901358,431.4708251953125,30.0,671.3120930283849,0.0,1,XB02_M005_G00,XB02_M005_G00,XB02,M005,2615.78125,3416.09375,800.3125,2.1743859331465814,0.0
E52_0f45fcab7c66cb90fa618929,6.225159710310805,12.721246579688795,6.225159710310805,427.8988653120833,469.21977900837237,607.8722484464322,0.23826781941132907,0.009166666666666667,0.2445399305555556,0.49197441663355135,2.068025583366449,0.8462579948020152,495.85096435546876,0.0,0.0,495.85096435546876,623.5509643554688,4559.041863348241,326.6978454589844,30.0,637.8988653120832,0.0,1,XB02_M005_G00,XB02_M005_G00,XB02,M005,2615.78125,3416.09375,800.3125,6.225159710310805,0.0
E52_0fa03b8d9ed736d48919c1b7,9.041566526676078,11.555158541579928,9.041566526676078,469.53189880990186,510.00510285042924,696.2245733766397,0.2655870342753843,0.009166666666666667,0.2445399305555556,0.5192936314976065,2.040706368502394,0.8377207401569979,485.67844848632814,0.0,0.0,485.67844848632814,613.3784484863281,5221.684300324798,318.1667785644531,30.0,679.5318988099018,0.0,1,XB02_M005_G00,XB02_M005_G00,XB02,M005,2615.78125,3416.09375,800.3125,9.041566526676078,0.0
E52_12b142f00e8cb4e3948f96c2,6.158926941785182,12.991659521749298,6.158926941785182,402.5936730780369,438.4739485500421,589.9056933240425,0.22672373828986628,0.009166666666666667,0.2445399305555556,0.4804303355120885,2.079569664487912,0.8498655201524723,430.5633056640625,0.0,0.0,430.5633056640625,558.2633056640625,4424.292699930319,284.7546081542969,30.0,612.5936730780369,0.0,1,XB02_M005_G00,XB02_M005_G00,XB02,M005,2615.78125,3416.09375,800.3125,6.158926941785182,0.0
E52_132fcaf6d631eae41e83e018,1.5759565138826304,12.621037374336296,1.5759565138826304,466.52713400648173,519.919143487276,612.7022111281979,0.2526897045720101,0.009166666666666667,0.2445399305555556,0.5063963017942323,2.053603698205768,0.8417511556893024,640.7041137695312,0.0,0.0,640.7041137695312,768.4041137695312,4595.266583461484,468.40411376953125,30.0,676.5271340064817,0.0,1,XB02_M005_G00,XB02_M005_G00,XB02,M005,2615.78125,3416.09375,800.3125,1.5759565138826304,0.0
E52_154bbd26b7808edf72eaa410,0.7291434862026591,13.235683344326844,0.7291434862026591,444.90797820490957,498.19814035497467,570.0749835094285,0.23896400983981742,0.009166666666666667,0.2445399305555556,0.4926706070620397,2.067329392937961,0.8460404352931126,639.4819458007812,0.0,0.0,639.4819458007812,767.1819458007812,4275.562376320714,467.18194580078125,30.0,654.9079782049096,0.0,1,XB02_M005_G00,XB02_M005_G00,XB02,M005,2615.78125,3416.09375,800.3125,0.7291434862026591,0.0
E52_29c9aa5399273a7ee24bceb6,9.102344682225166,11.583777919859742,9.102344682225166,451.9321692173844,486.7995103225277,694.6602918039094,0.2591062855773863,0.009166666666666667,0.2445399305555556,0.5128128827996086,2.0471871172003917,0.8397459741251223,418.40809326171876,0.0,0.0,418.40809326171876,546.1080932617188,5209.952188529321,322.9142761230469,30.0,661.9321692173844,0.0,1,XB02_M005_G00,XB02_M005_G00,XB02,M005,2615.78125,3416.09375,800.3125,9.102344682225166,0.0
E52_2d291a2169e36d61d7bf7582,0.9713488889093327,12.790365797832976,0.9713488889093327,470.3839036593983,527.1993216484933,599.8752993842263,0.25224474652706685,0.009166666666666667,0.2445399305555556,0.5059513437492891,2.0540486562507114,0.8418902050783472,681.7850158691406,0.0,0.0,681.7850158691406,809.4850158691406,4499.064745381697,509.4850158691406,30.0,680.3839036593984,0.0,1,XB02_M005_G00,XB02_M005_G00,XB02,M005,2615.78125,3416.09375,800.3125,0.9713488889093327,0.0
E52_32cd7932ac3bc8f6e82bd016,6.395317050697628,12.531399030736651,6.395317050697628,433.33722088021847,474.19552115284216,621.5246401246948,0.24213542524196421,0.009166666666666667,0.2445399305555556,0.4958420224641865,2.064157977535814,0.8450493679799418,490.2996032714844,0.0,0.0,490.2996032714844,617.9996032714844,4661.434800935211,324.9372863769531,30.0,643.3372208802184,0.0,1,XB02_M005_G00,XB02_M005_G00,XB02,M005,2615.78125,3416.09375,800.3125,6.395317050697628,0.0
E52_3322673a66874be8fb5ff9e0,6.079752587594399,12.93559360833251,6.079752587594399,392.2739001975914,423.9757012433271,594.3369941207687,0.2236811646950203,0.009166666666666667,0.2445399305555556,0.4773877619172425,2.082612238082758,0.8508163244008617,380.42161254882814,0.0,0.0,380.42161254882814,508.1216125488281,4457.527455905765,308.1216125488281,30.0,602.2739001975914,0.0,1,XB02_M005_G00,XB02_M005_G00,XB02,M005,2615.78125,3416.09375,800.3125,6.079752587594399,0.0
E52_4513f74e4ba51c209cccc792,7.979361345861264,9.790974506635663,7.979361345861264,548.6050089915749,589.1156759023821,854.1460165183059,0.3160741321008959,0.009166666666666667,0.2445399305555556,0.5697807293231182,1.9902192706768824,0.8219435220865255,486.1280029296875,0.0,0.0,486.1280029296875,613.8280029296875,6406.095123887295,391.8226318359375,30.0,758.6050089915749,0.0,1,XB02_M005_G00,XB02_M005_G00,XB02,M005,2615.78125,3416.09375,800.3125,7.979361345861264,0.0
E52_575c4f100493de938643a13d,5.145316592407042,2.099203328999508,2.099203328999508,470.05405043895155,518.0123847895375,652.3580947743875,0.259560220504969,0.009166666666666667,0.2445399305555556,0.5132668177271913,2.046733182272809,0.8396041194602527,575.5000122070312,0.0,0.0,575.5000122070312,703.2000122070312,4892.685710807907,437.3766174316406,30.0,680.0540504389515,0.0,1,XB02_M005_G00,XB02_M005_G00,XB02,M005,2615.78125,3416.09375,800.3125,2.099203328999508,0.0
E52_67646c2afbeb5602853e5a9c,6.068421082484775,12.927232110573698,6.068421082484775,404.7739001975914,440.6423679099937,594.3369941207687,0.22812669469116229,0.009166666666666667,0.2445399305555556,0.48183329191338453,2.078166708086616,0.8494270962770674,430.42161254882814,0.0,0.0,430.42161254882814,558.1216125488281,4457.527455905765,308.1216125488281,30.0,614.7739001975914,0.0,1,XB02_M005_G00,XB02_M005_G00,XB02,M005,2615.78125,3416.09375,800.3125,6.068421082484775,0.0
E52_7e4744117cf2a1b6b8665ab3,1.1880430529864014,12.590569849682154,1.1880430529864014,474.82609328547096,530.7107225986219,614.3444106920357,0.25587373999544005,0.009166666666666667,0.2445399305555556,0.5095803372176623,2.050419662782338,0.8407561446194806,670.6155517578125,0.0,0.0,670.6155517578125,798.3155517578125,4607.5830801902675,498.3155517578125,30.0,684.826093285471,0.0,1,XB02_M005_G00,XB02_M005_G00,XB02,M005,2615.78125,3416.09375,800.3125,1.1880430529864014,0.0
E52_a0032802edd73d232f2c84c2,1.7992292978925093,12.395809404549922,1.7992292978925093,482.4923087567502,538.5719606529091,628.5067061365473,0.26060588149401487,0.009166666666666667,0.2445399305555556,0.5143124787162371,2.0456875212837633,0.8392773504011759,672.9558227539062,0.0,0.0,672.9558227539062,800.6558227539062,4713.800296024105,500.65582275390625,30.0,692.4923087567502,0.0,1,XB02_M005_G00,XB02_M005_G00,XB02,M005,2615.78125,3416.09375,800.3125,1.7992292978925093,0.0
E52_b4122a9095172602242b40e3,6.054891773416557,12.917805218005896,6.054891773416557,417.2739001975914,457.30903457666045,594.3369941207687,0.23257222468730426,0.009166666666666667,0.2445399305555556,0.48627882190952654,2.073721178090474,0.848037868153273,480.42161254882814,0.0,0.0,480.42161254882814,608.1216125488281,4457.527455905765,308.1216125488281,30.0,627.2739001975914,0.0,1,XB02_M005_G00,XB02_M005_G00,XB02,M005,2615.78125,3416.09375,800.3125,6.054891773416557,0.0
E52_b45db00398315637fb020e5f,8.990116679844363,10.742298629097064,8.990116679844363,520.0993036420956,566.0861185224667,764.2777180019647,0.2932088546230577,0.009166666666666667,0.2445399305555556,0.5469154518452799,2.013084548154721,0.8290889212983501,551.8417785644531,0.0,0.0,551.8417785644531,679.5417785644531,5732.082885014735,386.71868896484375,30.0,730.0993036420956,0.0,1,XB02_M005_G00,XB02_M005_G00,XB02,M005,2615.78125,3416.09375,800.3125,8.990116679844363,0.0
E52_b677873645e212a13901ede2,6.601901535686167,9.230718628911887,6.601901535686167,575.9444140089429,616.0268887810784,911.3939793850733,0.3339048259552679,0.009166666666666667,0.2445399305555556,0.5876114231774902,1.9723885768225102,0.8163714302570344,480.989697265625,0.0,0.0,480.989697265625,608.689697265625,6835.45484538805,390.4056396484375,30.0,785.9444140089429,0.0,1,XB02_M005_G00,XB02_M005_G00,XB02,M005,2615.78125,3416.09375,800.3125,6.601901535686167,0.0
E52_be79b94db4a0a5b6faaed631,0.5166988155209538,13.435452033242427,0.5166988155209538,439.28613208838135,492.92224150407145,556.7556076826221,0.23507830977561708,0.009166666666666667,0.2445399305555556,0.48878490699783933,2.071215093002161,0.8472547165631752,643.6333129882812,0.0,0.0,643.6333129882812,771.3333129882812,4175.667057619666,471.33331298828125,30.0,649.2861320883814,0.0,1,XB02_M005_G00,XB02_M005_G00,XB02,M005,2615.78125,3416.09375,800.3125,0.5166988155209538,0.0
E52_beb70ec57fd2d66bf65b827f,1.6281698264162543,2.43785423226241,1.6281698264162543,429.6587378248194,468.09544538504076,628.6972302883107,0.2418430061920666,0.009166666666666667,0.2445399305555556,0.4955496034142889,2.0644503965857117,0.8451407489330347,461.24049072265626,0.0,0.0,461.24049072265626,588.9404907226562,4715.22922716233,538.9404907226562,30.0,639.6587378248194,0.0,1,XB02_M005_G00,XB02_M005_G00,XB02,M005,2615.78125,3416.09375,800.3125,1.6281698264162543,0.0
E52_c515ea57360fd29f9add62f7,9.391652803239467,10.649906727109496,9.391652803239467,525.5980011021792,572.0554631586571,772.4512298654912,0.29632198385281766,0.009166666666666667,0.2445399305555556,0.5500285810750399,2.0099714189249607,0.82811606841405,557.4895446777343,0.0,0.0,557.4895446777343,685.1895446777344,5793.384223991184,393.3172912597656,30.0,735.5980011021792,0.0,1,XB02_M005_G00,XB02_M005_G00,XB02,M005,2615.78125,3416.09375,800.3125,9.391652803239467,0.0
E52_cdef0b479e00ae29ebd83132,7.6975936276395345,10.01648148125875,7.6975936276395345,520.0071121141804,554.5433095222207,832.7970397801186,0.3028799960747676,0.009166666666666667,0.2445399305555556,0.5565865932969899,2.0034134067030105,0.8260666895946907,414.4343688964844,0.0,0.0,414.4343688964844,542.1343688964844,6245.977798350889,297.6476745605469,30.0,730.0071121141804,0.0,1,XB02_M005_G00,XB02_M005_G00,XB02,M005,2615.78125,3416.09375,800.3125,7.6975936276395345,0.0
E52_d1d4424e0dfaa7a0ce62d445,6.1120469020989106,12.872868339328704,6.1120469020989106,402.0751033963921,436.37951216917855,598.3237541560654,0.22773150601213982,0.009166666666666667,0.2445399305555556,0.4814381032343621,2.0785618967656383,0.8495505927392619,411.6529052734375,0.0,0.0,411.6529052734375,539.3529052734375,4487.428156170491,269.83203125,30.0,612.075103396392,0.0,1,XB02_M005_G00,XB02_M005_G00,XB02,M005,2615.78125,3416.09375,800.3125,6.1120469020989106,0.0
E52_da1eeef61bb4fffd90feecd9,9.076253808869353,11.577048041656667,9.076253808869353,464.4321692173844,503.4661769891943,694.6602918039094,0.2635518155735283,0.009166666666666667,0.2445399305555556,0.5172584127957506,2.04274158720425,0.8383567460013279,468.40809326171876,0.0,0.0,468.40809326171876,596.1080932617188,5209.952188529321,322.9142761230469,30.0,674.4321692173844,0.0,1,XB02_M005_G00,XB02_M005_G00,XB02,M005,2615.78125,3416.09375,800.3125,9.076253808869353,0.0
E52_ef8fa59407d07a2296b5f591,7.566498333446475,0.3151276047193221,0.3151276047193221,505.85939793409244,540.3898465933535,804.5361039126185,0.29384606362066074,0.009166666666666667,0.2445399305555556,0.547552660842883,2.0124473391571174,0.8288897934865991,414.3653839111328,0.0,0.0,414.3653839111328,542.0653839111328,6034.020779344639,284.8677062988281,30.0,715.8593979340924,0.0,1,XB02_M005_G00,XB02_M005_G00,XB02,M005,2615.78125,3416.09375,800.3125,0.3151276047193221,0.0
E52_f4836ff0bfcbe7f74f580128,0.5542145221587873,13.198394987858308,0.5542145221587873,446.8309536018799,500.3537512499919,572.525121315088,0.23999489789029496,0.009166666666666667,0.2445399305555556,0.4937014951125172,2.066298504887483,0.8457182827773384,642.2735717773437,0.0,0.0,642.2735717773437,769.9735717773438,4293.93840986316,483.0478820800781,30.0,656.8309536018799,0.0,1,XB02_M005_G00,XB02_M005_G00,XB02,M005,2615.78125,3416.09375,800.3125,0.5542145221587873,0.0
E52_fb97bb829fc82a7376005525,0.997404674963903,12.561592200960149,0.997404674963903,483.9909817485873,542.6900133241081,615.7877740440496,0.2593375767224136,0.009166666666666667,0.2445399305555556,0.5130441739446359,2.0469558260553646,0.8396736956423013,704.38837890625,0.0,0.0,704.38837890625,832.08837890625,4618.408305330372,532.08837890625,30.0,693.9909817485873,0.0,1,XB02_M005_G00,XB02_M005_G00,XB02,M005,2615.78125,3416.09375,800.3125,0.997404674963903,0.0
E52_0fa03b8d9ed736d48919c1b7,4.742741805859765,11.555158541579928,4.742741805859765,469.53189880990186,510.00510285042924,696.2245733766397,0.2655870342753843,0.009166666666666667,0.28771875,0.562472450942051,1.9975275490579496,0.8242273590806091,485.67844848632814,0.0,0.0,485.67844848632814,613.3784484863281,5221.684300324798,318.1667785644531,30.0,679.5318988099018,0.0,1,XB02_M007_G00,XB02_M007_G00,XB02,M007,814.03125,1755.65625,941.625,4.742741805859765,0.0
E52_1ef47ef68c1879e18ddbb164,3.398043037439095,9.684707827919368,3.398043037439095,525.9457118932837,556.9823492630754,865.6715995678175,0.30964781577290457,0.009166666666666667,0.28771875,0.6065332324395712,1.9534667675604291,0.810458364862634,372.4396484375,0.0,0.0,372.4396484375,500.1396484375,6492.536996758631,304.7821350097656,30.0,735.9457118932837,0.0,1,XB02_M007_G00,XB02_M007_G00,XB02,M007,814.03125,1755.65625,941.625,3.398043037439095,0.0
E52_214ce9a3b3bd3fa9c582335a,0.14955749359387482,15.138353346483314,0.14955749359387482,331.46735474952504,365.31699057309277,459.8368945576438,0.1830074384559416,0.009166666666666667,0.28771875,0.47989285512260826,2.0801071448773922,0.8500334827741849,406.1956298828125,0.0,0.0,406.1956298828125,533.8956298828125,3448.7767091823284,283.8956298828125,30.0,541.467354749525,0.0,1,XB02_M007_G00,XB02_M007_G00,XB02,M007,814.03125,1755.65625,941.625,0.14955749359387482,0.0
E52_215ef380a7eb56a6f7d09ab1,2.537885409617246,12.440860913671315,2.537885409617246,437.2780853288336,478.35957590907447,628.0672271762219,0.2444635461376352,0.009166666666666667,0.28771875,0.5413489628043019,2.0186510371956987,0.8308284491236557,492.97788696289064,0.0,0.0,492.97788696289064,620.6778869628906,4710.504203821664,324.9881591796875,30.0,647.2780853288336,0.0,1,XB02_M007_G00,XB02_M007_G00,XB02,M007,814.03125,1755.65625,941.625,2.537885409617246,0.0
E52_24cc4f01335372459fb4c2ba,6.1310389492713,12.909161020133865,6.1310389492713,410.2633482290822,447.7953418407359,595.3347347882426,0.23022027843265847,0.009166666666666667,0.28771875,0.5271056950993251,2.032894304900675,0.8352794702814609,450.38392333984376,0.0,0.0,450.38392333984376,578.0839233398438,4465.010510911819,278.08392333984375,30.0,620.2633482290822,0.0,1,XB02_M007_G00,XB02_M007_G00,XB02,M007,814.03125,1755.65625,941.625,6.1310389492713,0.0
E52_2dadfb43d7dd9558e21effa9,6.345543613126054,12.85982438864363,6.345543613126054,396.07517918576866,428.1792069974549,599.5261915014202,0.22576797164618329,0.009166666666666667,0.28771875,0.5226533883128499,2.0373466116871506,0.8366708161522344,385.2483337402344,0.0,0.0,385.2483337402344,512.9483337402344,4496.446436260651,248.30487060546875,30.0,606.0751791857687,0.0,1,XB02_M007_G00,XB02_M007_G00,XB02,M007,814.03125,1755.65625,941.625,6.345543613126054,0.0
E52_2e64690809088e2a96fb2160,6.014039441234999,9.500767968691491,6.014039441234999,523.7789293194231,550.945126524013,884.5606754113072,0.31155234822715455,0.009166666666666667,0.28771875,0.6084377648938213,1.9515622351061792,0.8098631984706809,325.99436645507814,0.0,0.0,325.99436645507814,453.6943664550781,6634.205065584804,329.6845703125,30.0,733.7789293194231,0.0,1,XB02_M007_G00,XB02_M007_G00,XB02,M007,814.03125,1755.65625,941.625,6.014039441234999,0.0
E52_30110e5b3ae38ecfab28ace2,8.274212231078494,10.05954008012911,8.274212231078494,514.4106891471403,547.7506496268766,828.7816154158626,0.30032099335417484,0.009166666666666667,0.28771875,0.5972064100208415,1.9627935899791589,0.8133729968684871,400.07952575683595,0.0,0.0,400.07952575683595,527.7795257568359,6215.862115618969,313.0162353515625,30.0,724.4106891471403,0.0,1,XB02_M007_G00,XB02_M007_G00,XB02,M007,814.03125,1755.65625,941.625,8.274212231078494,0.0
E52_357bbbd4dc4420221c875ea3,7.575644866037791,12.241245229232817,7.575644866037791,405.4327582223269,433.1514265878055,644.5535062517828,0.23547283792056264,0.009166666666666667,0.28771875,0.5323582545872293,2.027641745412771,0.8336380454414909,332.6240203857422,0.0,0.0,332.6240203857422,460.3240203857422,4834.151296888371,255.67149353027344,30.0,615.4327582223269,0.0,1,XB02_M007_G00,XB02_M007_G00,XB02,M007,814.03125,1755.65625,941.625,7.575644866037791,0.0
E52_3875f0f2b8e39572338b498b,2.428943672281946,12.654831201135607,2.428943672281946,430.443023323014,471.8276755243487,612.5781334380202,0.23983909257274777,0.009166666666666667,0.28771875,0.5367245092394144,2.023275490760586,0.832273590862683,496.61582641601564,0.0,0.0,496.61582641601564,624.3158264160156,4594.336000785152,324.3158264160156,30.0,640.443023323014,0.0,1,XB02_M007_G00,XB02_M007_G00,XB02,M007,814.03125,1755.65625,941.625,2.428943672281946,0.0
E52_413d3eff5d481ef66f8d3068,5.996890456283907,9.493762996477216,5.996890456283907,548.7789293194231,584.2784598573463,884.5606754113072,0.3204434082194385,0.009166666666666667,0.28771875,0.6173288248861052,1.9426711751138952,0.8070847422230921,425.99436645507814,0.0,0.0,425.99436645507814,553.6943664550781,6634.205065584804,329.6845703125,30.0,758.7789293194231,0.0,1,XB02_M007_G00,XB02_M007_G00,XB02,M007,814.03125,1755.65625,941.625,5.996890456283907,0.0
E52_4513f74e4ba51c209cccc792,5.430405762258175,9.790974506635663,5.430405762258175,548.6050089915749,589.1156759023821,854.1460165183059,0.3160741321008959,0.009166666666666667,0.28771875,0.6129595487675625,1.947040451232438,0.8084501410101367,486.1280029296875,0.0,0.0,486.1280029296875,613.8280029296875,6406.095123887295,391.8226318359375,30.0,758.6050089915749,0.0,1,XB02_M007_G00,XB02_M007_G00,XB02,M007,814.03125,1755.65625,941.625,5.430405762258175,0.0
E52_575c4f100493de938643a13d,1.2735129256524829,2.099203328999508,1.2735129256524829,470.05405043895155,518.0123847895375,652.3580947743875,0.259560220504969,0.009166666666666667,0.28771875,0.5564456371716358,2.003554362828365,0.8261107383838638,575.5000122070312,0.0,0.0,575.5000122070312,703.2000122070312,4892.685710807907,437.3766174316406,30.0,680.0540504389515,0.0,1,XB02_M007_G00,XB02_M007_G00,XB02,M007,814.03125,1755.65625,941.625,1.2735129256524829,0.0
E52_7e5f4a4eaf9aa5b10576997a,6.0680963914717125,13.086620585622072,6.0680963914717125,384.11958913832314,414.7999833745699,584.1568128591658,0.21933939564120059,0.009166666666666667,0.28771875,0.5162248123078672,2.043775187692133,0.8386797461537915,368.16473083496095,0.0,0.0,368.16473083496095,495.86473083496094,4381.1760964437435,247.829345703125,30.0,594.1195891383231,0.0,1,XB02_M007_G00,XB02_M007_G00,XB02,M007,814.03125,1755.65625,941.625,6.0680963914717125,0.0
E52_82c821a5773d0bfbe554f10a,0.6230836731091074,11.397135806608844,0.6230836731091074,512.9354114719376,566.0737563002253,707.0407539741487,0.2825549862639304,0.009166666666666667,0.28771875,0.5794404029305971,1.9805595970694034,0.8189248740841885,637.6601379394531,0.0,0.0,637.6601379394531,765.3601379394531,5302.805654806116,465.3601379394531,30.0,722.9354114719376,0.0,1,XB02_M007_G00,XB02_M007_G00,XB02,M007,814.03125,1755.65625,941.625,0.6230836731091074,0.0
E52_831cee7e7a3a549796e42b18,2.595053298307789,10.042846261792022,2.595053298307789,524.445203057942,560.9167693217765,830.061008532876,0.3040708837654974,0.009166666666666667,0.28771875,0.6009563004321641,1.9590436995678364,0.8122011561149487,437.65879516601564,0.0,0.0,437.65879516601564,565.3587951660156,6225.457563996571,359.5916748046875,30.0,734.445203057942,0.0,1,XB02_M007_G00,XB02_M007_G00,XB02,M007,814.03125,1755.65625,941.625,2.595053298307789,0.0
E52_88c1c7aba1fcf94c58dad20e,6.006557383287543,9.497510042154289,6.006557383287543,536.2789293194231,567.6117931906797,884.5606754113072,0.3159978782232965,0.009166666666666667,0.28771875,0.6128832948899632,1.9471167051100373,0.8084739703468865,375.99436645507814,0.0,0.0,375.99436645507814,503.6943664550781,6634.205065584804,329.6845703125,30.0,746.2789293194231,0.0,1,XB02_M007_G00,XB02_M007_G00,XB02,M007,814.03125,1755.65625,941.625,6.006557383287543,0.0
E52_924cec2d58c933358893a332,7.352343479023318,12.302862284422105,7.352343479023318,416.670444788364,448.9844576972996,639.4568121231148,0.23874762537865796,0.009166666666666667,0.28771875,0.5356330420453246,2.024366957954676,0.832614674360836,387.7681549072266,0.0,0.0,387.7681549072266,515.4681549072266,4795.926090923361,252.644287109375,30.0,626.670444788364,0.0,1,XB02_M007_G00,XB02_M007_G00,XB02,M007,814.03125,1755.65625,941.625,7.352343479023318,0.0
E52_96da4f081c74d8211b4b244f,6.937264214523168,12.47027426673894,6.937264214523168,406.4445801679392,437.368205859671,627.3474061854878,0.23339590098708082,0.009166666666666667,0.28771875,0.5302813176537475,2.029718682346253,0.8342870882332039,371.08350830078126,0.0,0.0,371.08350830078126,498.78350830078125,4705.105546391158,251.37640380859375,30.0,616.4445801679392,0.0,1,XB02_M007_G00,XB02_M007_G00,XB02,M007,814.03125,1755.65625,941.625,6.937264214523168,0.0
E52_b45db00398315637fb020e5f,2.9857581937912556,10.742298629097064,2.9857581937912556,520.0993036420956,566.0861185224667,764.2777180019647,0.2932088546230577,0.009166666666666667,0.28771875,0.5900942712897244,1.9699057287102761,0.8155955402219611,551.8417785644531,0.0,0.0,551.8417785644531,679.5417785644531,5732.082885014735,386.71868896484375,30.0,730.0993036420956,0.0,1,XB02_M007_G00,XB02_M007_G00,XB02,M007,814.03125,1755.65625,941.625,2.9857581937912556,0.0
E52_be69bdf55826f2eb34075d09,1.990666271520169,12.029424972929434,1.990666271520169,457.6877788138426,500.48965717077624,658.5642874860837,0.25604119113741575,0.009166666666666667,0.28771875,0.5529266078040824,2.007073392195918,0.8272104350612243,513.6225402832031,0.0,0.0,513.6225402832031,641.3225402832031,4939.232156145627,341.3225402832031,30.0,667.6877788138427,0.0,1,XB02_M007_G00,XB02_M007_G00,XB02,M007,814.03125,1755.65625,941.625,1.990666271520169,0.0
E52_bfffb2993ede6e2e2bd9340b,5.25975548786549,13.053008949478723,5.25975548786549,400.85355156655817,436.85476820067277,585.6998033284289,0.22550922551216515,0.009166666666666667,0.28771875,0.5223946421788318,2.037605357821169,0.836751674319115,432.014599609375,0.0,0.0,432.014599609375,559.714599609375,4392.748524963216,275.29461669921875,30.0,610.8535515665582,0.0,1,XB02_M007_G00,XB02_M007_G00,XB02,M007,814.03125,1755.65625,941.625,5.25975548786549,0.0
E52_c515ea57360fd29f9add62f7,3.1934017791412828,10.649906727109496,3.1934017791412828,525.5980011021792,572.0554631586571,772.4512298654912,0.29632198385281766,0.009166666666666667,0.28771875,0.5932074005194843,1.9667925994805162,0.8146226873376612,557.4895446777343,0.0,0.0,557.4895446777343,685.1895446777344,5793.384223991184,393.3172912597656,30.0,735.5980011021792,0.0,1,XB02_M007_G00,XB02_M007_G00,XB02,M007,814.03125,1755.65625,941.625,3.1934017791412828,0.0
E52_c98d1e580ba9a8920eeacbdb,2.3750792528131655,9.995636820319618,2.3750792528131655,531.3190315479533,569.3529452238973,834.4345810402425,0.30713490815373307,0.009166666666666667,0.28771875,0.6040203248203997,1.9559796751796008,0.8112436484936251,456.40696411132814,0.0,0.0,456.40696411132814,584.1069641113281,6258.259357801819,362.73199462890625,30.0,741.3190315479533,0.0,1,XB02_M007_G00,XB02_M007_G00,XB02,M007,814.03125,1755.65625,941.625,2.3750792528131655,0.0
E52_cdef0b479e00ae29ebd83132,7.914652990064113,10.01648148125875,7.914652990064113,520.0071121141804,554.5433095222207,832.7970397801186,0.3028799960747676,0.009166666666666667,0.28771875,0.5997654127414342,1.9602345872585663,0.8125733085183018,414.4343688964844,0.0,0.0,414.4343688964844,542.1343688964844,6245.977798350889,297.6476745605469,30.0,730.0071121141804,0.0,1,XB02_M007_G00,XB02_M007_G00,XB02,M007,814.03125,1755.65625,941.625,7.914652990064113,0.0
E52_d3460088443e86b69235cf2f,4.33701458107241,10.110906533633653,4.33701458107241,520.9986937965015,557.4049117530444,823.5600798537452,0.3019244763287566,0.009166666666666667,0.28771875,0.5988098929954233,1.9611901070045772,0.8128719084389302,436.87461547851564,0.0,0.0,436.87461547851564,564.5746154785156,6176.700598903089,276.8628845214844,30.0,730.9986937965015,0.0,1,XB02_M007_G00,XB02_M007_G00,XB02,M007,814.03125,1755.65625,941.625,4.33701458107241,0.0
E52_d7f1f5d49edaa9f52000c452,6.146184073429467,12.917919470378578,6.146184073429467,397.7633482290822,431.12867517406926,595.3347347882426,0.22577474843651651,0.009166666666666667,0.28771875,0.5226601651031832,2.0373398348968172,0.8366686984052553,400.38392333984376,0.0,0.0,400.38392333984376,528.0839233398438,4465.010510911819,278.08392333984375,30.0,607.7633482290822,0.0,1,XB02_M007_G00,XB02_M007_G00,XB02,M007,814.03125,1755.65625,941.625,6.146184073429467,0.0
E52_da1eeef61bb4fffd90feecd9,5.1098972412253545,11.577048041656667,5.1098972412253545,464.4321692173844,503.4661769891943,694.6602918039094,0.2635518155735283,0.009166666666666667,0.28771875,0.5604372322401949,1.9995627677598056,0.8248633649249391,468.40809326171876,0.0,0.0,468.40809326171876,596.1080932617188,5209.952188529321,322.9142761230469,30.0,674.4321692173844,0.0,1,XB02_M007_G00,XB02_M007_G00,XB02,M007,814.03125,1755.65625,941.625,5.1098972412253545,0.0
E52_dbe1bedc9b83d29f34556dbd,6.244700193731603,13.016499113861627,6.244700193731603,387.86022911882606,419.0031732004504,588.862793747906,0.22133620210273125,0.009166666666666667,0.28771875,0.518221618769398,2.0417783812306025,0.8380557441345631,373.7153289794922,0.0,0.0,373.7153289794922,501.4153289794922,4416.470953109295,232.19436645507812,30.0,597.860229118826,0.0,1,XB02_M007_G00,XB02_M007_G00,XB02,M007,814.03125,1755.65625,941.625,6.244700193731603,0.0
E52_eb490529b308e18523949520,7.558875109955238,12.235001379754962,7.558875109955238,417.9327582223269,449.8180932544721,644.5535062517828,0.23991836791670462,0.009166666666666667,0.28771875,0.5368037845833713,2.023196215416629,0.8322488173176965,382.6240203857422,0.0,0.0,382.6240203857422,510.3240203857422,4834.151296888371,255.67149353027344,30.0,627.9327582223269,0.0,1,XB02_M007_G00,XB02_M007_G00,XB02,M007,814.03125,1755.65625,941.625,7.558875109955238,0.0
E52_ede4029bd5e695a7a0c85289,6.159100800556587,12.925612211179384,6.159100800556587,385.2633482290822,414.4620085074026,595.3347347882426,0.22132921844037454,0.009166666666666667,0.28771875,0.5182146351070412,2.0417853648929594,0.8380579265290496,350.38392333984376,0.0,0.0,350.38392333984376,478.08392333984375,4465.010510911819,278.08392333984375,30.0,595.2633482290822,0.0,1,XB02_M007_G00,XB02_M007_G00,XB02,M007,814.03125,1755.65625,941.625,6.159100800556587,0.0
E52_ef8fa59407d07a2296b5f591,9.186040195140023,0.3151276047193221,0.3151276047193221,505.85939793409244,540.3898465933535,804.5361039126185,0.29384606362066074,0.009166666666666667,0.28771875,0.5907314802873274,1.9692685197126731,0.8153964124102102,414.3653839111328,0.0,0.0,414.3653839111328,542.0653839111328,6034.020779344639,284.8677062988281,30.0,715.8593979340924,0.0,1,XB02_M007_G00,XB02_M007_G00,XB02,M007,814.03125,1755.65625,941.625,0.3151276047193221,0.0
E52_fd527d975e1813662620f82c,1.8183366490410862,12.45056667278017,1.8183366490410862,418.2192341110554,452.9085204066283,628.3027504486734,0.23771876612520712,0.009166666666666667,0.28771875,0.5346041827918738,2.0253958172081266,0.8329361928775394,416.271435546875,0.0,0.0,416.271435546875,543.971435546875,4712.2706283650505,306.8754577636719,30.0,628.2192341110554,0.0,1,XB02_M007_G00,XB02_M007_G00,XB02,M007,814.03125,1755.65625,941.625,1.8183366490410862,0.0
E52_01234cac2d25748209cb57e8,0.18870371956508336,5.963634638729843,0.18870371956508336,275.78386787661753,295.55487261701467,419.772700963196,0.15719547582798327,0.009166666666666667,0.1215060763888889,0.2878682188835388,2.2721317811164616,0.9100411815988941,248.53977661132814,11.2877197265625,11.2877197265625,248.53977661132814,376.2397766113281,3148.2952572239697,326.2397766113281,30.0,485.78386787661753,0.0,1,XB02_M008_G00,XB02_M008_G00,XB02,M008,2296.46875,2694.125,397.65625,0.18870371956508336,0.0
E52_060143e4033ea7dfc142ce26,18.832708606146767,13.051384290227645,13.051384290227645,390.52156568077555,422.97629514244545,586.3147545915316,0.2219218246513189,0.009166666666666667,0.1215060763888889,0.3525945677068745,2.2074054322931262,0.8898141975916017,389.4567535400391,0.0,0.0,389.4567535400391,517.1567535400391,4397.360659436487,293.1027526855469,30.0,600.5215656807756,0.0,1,XB02_M008_G00,XB02_M008_G00,XB02,M008,2296.46875,2694.125,397.65625,13.051384290227645,0.0
E52_0c56c0f390b777971f9a7e58,13.581029285785334,2.1743859331465814,2.1743859331465814,461.3120930283848,507.24512830670517,647.0259743868478,0.2556960576036008,0.009166666666666667,0.1215060763888889,0.38636880065915635,2.173631199340844,0.8792597497940137,551.1964233398437,0.0,0.0,551.1964233398437,678.8964233398438,4852.694807901358,431.4708251953125,30.0,671.3120930283849,0.0,1,XB02_M008_G00,XB02_M008_G00,XB02,M008,2296.46875,2694.125,397.65625,2.1743859331465814,0.0
E52_0c9d91fc306062a18ada9948,0.17344186842686327,15.697900697510477,0.17344186842686327,331.42241999480143,370.2725110389095,429.7442937249544,0.1787296459836012,0.009166666666666667,0.1215060763888889,0.30940238903915673,2.2505976109608437,0.9033117534252635,466.2010925292969,0.0,0.0,466.2010925292969,593.9010925292969,3223.082202937158,326.7436828613281,30.0,541.4224199948014,0.0,1,XB02_M008_G00,XB02_M008_G00,XB02,M008,2296.46875,2694.125,397.65625,0.17344186842686327,0.0
E52_0f45fcab7c66cb90fa618929,19.189912831147623,12.721246579688795,12.721246579688795,427.8988653120833,469.21977900837237,607.8722484464322,0.23826781941132907,0.009166666666666667,0.1215060763888889,0.3689405624668846,2.191059437533116,0.8847060742290985,495.85096435546876,0.0,0.0,495.85096435546876,623.5509643554688,4559.041863348241,326.6978454589844,30.0,637.8988653120832,0.0,1,XB02_M008_G00,XB02_M008_G00,XB02,M008,2296.46875,2694.125,397.65625,12.721246579688795,0.0
E52_0fa03b8d9ed736d48919c1b7,12.258573624934556,11.555158541579928,11.555158541579928,469.53189880990186,510.00510285042924,696.2245733766397,0.2655870342753843,0.009166666666666667,0.1215060763888889,0.39625977733093987,2.1637402226690607,0.8761688195840813,485.67844848632814,0.0,0.0,485.67844848632814,613.3784484863281,5221.684300324798,318.1667785644531,30.0,679.5318988099018,0.0,1,XB02_M008_G00,XB02_M008_G00,XB02,M008,2296.46875,2694.125,397.65625,11.555158541579928,0.0
E52_12b142f00e8cb4e3948f96c2,20.084271900788096,12.991659521749298,12.991659521749298,402.5936730780369,438.4739485500421,589.9056933240425,0.22672373828986628,0.009166666666666667,0.1215060763888889,0.35739648134542185,2.2026035186545787,0.8883135995795557,430.5633056640625,0.0,0.0,430.5633056640625,558.2633056640625,4424.292699930319,284.7546081542969,30.0,612.5936730780369,0.0,1,XB02_M008_G00,XB02_M008_G00,XB02,M008,2296.46875,2694.125,397.65625,12.991659521749298,0.0
E52_132fcaf6d631eae41e83e018,7.538592945304558,12.621037374336296,7.538592945304558,466.52713400648173,519.919143487276,612.7022111281979,0.2526897045720101,0.009166666666666667,0.1215060763888889,0.38336244762756566,2.176637552372435,0.8801992351163858,640.7041137695312,0.0,0.0,640.7041137695312,768.4041137695312,4595.266583461484,468.40411376953125,30.0,676.5271340064817,0.0,1,XB02_M008_G00,XB02_M008_G00,XB02,M008,2296.46875,2694.125,397.65625,7.538592945304558,0.0
E52_154bbd26b7808edf72eaa410,6.187729331610996,13.235683344326844,6.187729331610996,444.90797820490957,498.19814035497467,570.0749835094285,0.23896400983981742,0.009166666666666667,0.1215060763888889,0.36963675289537296,2.1903632471046275,0.884488514720196,639.4819458007812,0.0,0.0,639.4819458007812,767.1819458007812,4275.562376320714,467.18194580078125,30.0,654.9079782049096,0.0,1,XB02_M008_G00,XB02_M008_G00,XB02,M008,2296.46875,2694.125,397.65625,6.187729331610996,0.0
E52_1eac4bbcd37cec5d48241661,0.2053602742329872,6.04580255430777,0.2053602742329872,275.66392246828667,298.30930922772677,415.4555243799327,0.1568759382441215,0.009166666666666667,0.1215060763888889,0.28754868129967703,2.2724513187003232,0.910141037093851,271.74464111328126,0.0,0.0,271.74464111328126,399.44464111328125,3115.9164328494953,326.2397766113281,30.0,485.66392246828667,0.0,1,XB02_M008_G00,XB02_M008_G00,XB02,M008,2296.46875,2694.125,397.65625,0.2053602742329872,0.0
E52_214ce9a3b3bd3fa9c582335a,0.3126060525719936,15.138353346483314,0.3126060525719936,331.46735474952504,365.31699057309277,459.8368945576438,0.1830074384559416,0.009166666666666667,0.1215060763888889,0.3136801815114972,2.2463198184885034,0.9019749432776571,406.1956298828125,0.0,0.0,406.1956298828125,533.8956298828125,3448.7767091823284,283.8956298828125,30.0,541.467354749525,0.0,1,XB02_M008_G00,XB02_M008_G00,XB02,M008,2296.46875,2694.125,397.65625,0.3126060525719936,0.0
E52_215ef380a7eb56a6f7d09ab1,0.7387297242813418,12.440860913671315,0.7387297242813418,437.2780853288336,478.35957590907447,628.0672271762219,0.2444635461376352,0.009166666666666667,0.1215060763888889,0.37513628919319075,2.18486371080681,0.8827699096271279,492.97788696289064,0.0,0.0,492.97788696289064,620.6778869628906,4710.504203821664,324.9881591796875,30.0,647.2780853288336,0.0,1,XB02_M008_G00,XB02_M008_G00,XB02,M008,2296.46875,2694.125,397.65625,0.7387297242813418,0.0
E52_231555d7070bcf1a0911e332,0.1788186397614595,5.981962334569488,0.1788186397614595,303.4113952968874,335.0249979987103,417.14117438283733,0.1669828432889251,0.009166666666666667,0.1215060763888889,0.29765558634448064,2.2623444136555197,0.9069826292673498,379.363232421875,0.0,0.0,379.363232421875,507.063232421875,3128.55880787128,326.2397766113281,30.0,513.4113952968873,0.0,1,XB02_M008_G00,XB02_M008_G00,XB02,M008,2296.46875,2694.125,397.65625,0.1788186397614595,0.0
E52_24cc4f01335372459fb4c2ba,4.810120311728326,12.909161020133865,4.810120311728326,410.2633482290822,447.7953418407359,595.3347347882426,0.23022027843265847,0.009166666666666667,0.1215060763888889,0.360893021488214,2.1991069785117867,0.8872209307849331,450.38392333984376,0.0,0.0,450.38392333984376,578.0839233398438,4465.010510911819,278.08392333984375,30.0,620.2633482290822,0.0,1,XB02_M008_G00,XB02_M008_G00,XB02,M008,2296.46875,2694.125,397.65625,4.810120311728326,0.0
E52_24db349315b2a6b84dd4215d,0.3359780338329159,5.686957833295324,0.3359780338329159,283.5201066466774,305.8382661315407,433.1312563841751,0.1621732249548407,0.009166666666666667,0.1215060763888889,0.29284596801039625,2.2671540319896044,0.9084856349967512,267.8179138183594,0.0,0.0,267.8179138183594,395.5179138183594,3248.4844228813135,322.1230773925781,30.0,493.5201066466774,0.0,1,XB02_M008_G00,XB02_M008_G00,XB02,M008,2296.46875,2694.125,397.65625,0.3359780338329159,0.0
E52_27bf01e9e990859ae5993708,0.17604921844527155,15.932490639468014,0.17604921844527155,318.6138217216496,355.0514931287134,418.60161500091635,0.17259630304263499,0.009166666666666667,0.1215060763888889,0.30326904609819055,2.25673095390181,0.9052284230943155,437.25205688476564,0.0,0.0,437.25205688476564,564.9520568847656,3139.5121125068727,326.2397766113281,30.0,528.6138217216496,0.0,1,XB02_M008_G00,XB02_M008_G00,XB02,M008,2296.46875,2694.125,397.65625,0.17604921844527155,0.0
E52_27fdcb9bc2da20af468e67a1,0.32911786947522614,15.630401191469062,0.32911786947522614,333.5201066466774,372.5049327982074,433.1312563841751,0.1799553449394086,0.009166666666666667,0.1215060763888889,0.31062808799496416,2.2493719120050364,0.9029287225015737,467.8179138183594,0.0,0.0,467.8179138183594,595.5179138183594,3248.4844228813135,322.1230773925781,30.0,543.5201066466774,0.0,1,XB02_M008_G00,XB02_M008_G00,XB02,M008,2296.46875,2694.125,397.65625,0.32911786947522614,0.0
E52_29c9aa5399273a7ee24bceb6,11.920412293740085,11.583777919859742,11.583777919859742,451.9321692173844,486.7995103225277,694.6602918039094,0.2591062855773863,0.009166666666666667,0.1215060763888889,0.38977902863294184,2.170220971367059,0.8781940535522057,418.40809326171876,0.0,0.0,418.40809326171876,546.1080932617188,5209.952188529321,322.9142761230469,30.0,661.9321692173844,0.0,1,XB02_M008_G00,XB02_M008_G00,XB02,M008,2296.46875,2694.125,397.65625,11.583777919859742,0.0
E52_2cea01313b8862fcfb6b2e63,4.186278745264218,16.460055432828085,4.186278745264218,259.5957489704318,280.08528245838755,396.2542970131293,0.148442074342722,0.009166666666666667,0.1215060763888889,0.27911481739827754,2.280885182601723,0.9127766195630382,245.87440185546876,0.0,0.0,245.87440185546876,373.57440185546875,2971.90722759847,231.8917236328125,30.0,469.5957489704318,0.0,1,XB02_M008_G00,XB02_M008_G00,XB02,M008,2296.46875,2694.125,397.65625,4.186278745264218,0.0
E52_2d291a2169e36d61d7bf7582,6.4716668796534975,12.790365797832976,6.4716668796534975,470.3839036593983,527.1993216484933,599.8752993842263,0.25224474652706685,0.009166666666666667,0.1215060763888889,0.3829174895826224,2.177082510417378,0.8803382845054305,681.7850158691406,0.0,0.0,681.7850158691406,809.4850158691406,4499.064745381697,509.4850158691406,30.0,680.3839036593984,0.0,1,XB02_M008_G00,XB02_M008_G00,XB02,M008,2296.46875,2694.125,397.65625,6.4716668796534975,0.0
E52_2d7a36258a59c18fc6a856bf,0.2618877857591997,16.662039037059316,0.2618877857591997,318.72117968179435,361.17160743651436,382.73979283526836,0.16755561647288383,0.009166666666666667,0.1215060763888889,0.2982283595284394,2.261771640471561,0.9068036376473627,509.40513305664064,0.0,0.0,509.40513305664064,637.1051330566406,2870.5484462645127,346.4301452636719,30.0,528.7211796817944,0.0,1,XB02_M008_G00,XB02_M008_G00,XB02,M008,2296.46875,2694.125,397.65625,0.2618877857591997,0.0
E52_2dadfb43d7dd9558e21effa9,5.067641440210238,12.85982438864363,5.067641440210238,396.07517918576866,428.1792069974549,599.5261915014202,0.22576797164618329,0.009166666666666667,0.1215060763888889,0.3564407147017388,2.2035592852982617,0.8886122766557066,385.2483337402344,0.0,0.0,385.2483337402344,512.9483337402344,4496.446436260651,248.30487060546875,30.0,606.0751791857687,0.0,1,XB02_M008_G00,XB02_M008_G00,XB02,M008,2296.46875,2694.125,397.65625,5.067641440210238,0.0
E52_2e64690809088e2a96fb2160,1.1939793087223904,9.500767968691491,1.1939793087223904,523.7789293194231,550.945126524013,884.5606754113072,0.31155234822715455,0.009166666666666667,0.1215060763888889,0.4422250912827101,2.1177749087172906,0.861804658974153,325.99436645507814,0.0,0.0,325.99436645507814,453.6943664550781,6634.205065584804,329.6845703125,30.0,733.7789293194231,0.0,1,XB02_M008_G00,XB02_M008_G00,XB02,M008,2296.46875,2694.125,397.65625,1.1939793087223904,0.0
E52_30110e5b3ae38ecfab28ace2,5.554149836922292,10.05954008012911,5.554149836922292,514.4106891471403,547.7506496268766,828.7816154158626,0.30032099335417484,0.009166666666666667,0.1215060763888889,0.4309937364097304,2.12900626359027,0.8653144573719593,400.07952575683595,0.0,0.0,400.07952575683595,527.7795257568359,6215.862115618969,313.0162353515625,30.0,724.4106891471403,0.0,1,XB02_M008_G00,XB02_M008_G00,XB02,M008,2296.46875,2694.125,397.65625,5.554149836922292,0.0
E52_326bd9096774308657b14836,0.3547984048494044,6.820761438549596,0.3547984048494044,254.20783025924425,275.6237299174474,379.92026256926977,0.1442126230476059,0.009166666666666667,0.1215060763888889,0.27488536610316144,2.285114633896839,0.9140983230927621,256.9907958984375,0.0,0.0,256.9907958984375,384.6907958984375,2849.4019692695233,334.6907958984375,30.0,464.20783025924425,0.0,1,XB02_M008_G00,XB02_M008_G00,XB02,M008,2296.46875,2694.125,397.65625,0.3547984048494044,0.0
E52_32cd7932ac3bc8f6e82bd016,18.135246079691655,12.531399030736651,12.531399030736651,433.33722088021847,474.19552115284216,621.5246401246948,0.24213542524196421,0.009166666666666667,0.1215060763888889,0.3728081682975198,2.1871918317024805,0.8834974474070251,490.2996032714844,0.0,0.0,490.2996032714844,617.9996032714844,4661.434800935211,324.9372863769531,30.0,643.3372208802184,0.0,1,XB02_M008_G00,XB02_M008_G00,XB02,M008,2296.46875,2694.125,397.65625,12.531399030736651,0.0
E52_3322673a66874be8fb5ff9e0,20.747648403169862,12.93559360833251,12.93559360833251,392.2739001975914,423.9757012433271,594.3369941207687,0.2236811646950203,0.009166666666666667,0.1215060763888889,0.35435390775057585,2.2056460922494248,0.889264403827945,380.42161254882814,0.0,0.0,380.42161254882814,508.1216125488281,4457.527455905765,308.1216125488281,30.0,602.2739001975914,0.0,1,XB02_M008_G00,XB02_M008_G00,XB02,M008,2296.46875,2694.125,397.65625,12.93559360833251,0.0
E52_357bbbd4dc4420221c875ea3,5.458019246096001,12.241245229232817,5.458019246096001,405.4327582223269,433.1514265878055,644.5535062517828,0.23547283792056264,0.009166666666666667,0.1215060763888889,0.3661455809761182,2.1938544190238822,0.885579505944963,332.6240203857422,0.0,0.0,332.6240203857422,460.3240203857422,4834.151296888371,255.67149353027344,30.0,615.4327582223269,0.0,1,XB02_M008_G00,XB02_M008_G00,XB02,M008,2296.46875,2694.125,397.65625,5.458019246096001,0.0
E52_3875f0f2b8e39572338b498b,0.8034758095627552,12.654831201135607,0.8034758095627552,430.443023323014,471.8276755243487,612.5781334380202,0.23983909257274777,0.009166666666666667,0.1215060763888889,0.3705118356283033,2.189488164371697,0.8842150513661552,496.61582641601564,0.0,0.0,496.61582641601564,624.3158264160156,4594.336000785152,324.3158264160156,30.0,640.443023323014,0.0,1,XB02_M008_G00,XB02_M008_G00,XB02,M008,2296.46875,2694.125,397.65625,0.8034758095627552,0.0
E52_3a94b6482baa2cfaba8a857d,0.09209556162311117,16.425448776817632,0.09209556162311117,326.01303055755295,369.111023518165,393.4381033514341,0.17166403726355467,0.009166666666666667,0.1215060763888889,0.3023367803191102,2.2576632196808903,0.905519756150278,517.1759155273437,0.0,0.0,517.1759155273437,644.8759155273438,2950.785775135756,352.4370422363281,30.0,536.013030557553,0.0,1,XB02_M008_G00,XB02_M008_G00,XB02,M008,2296.46875,2694.125,397.65625,0.09209556162311117,0.0
E52_413d3eff5d481ef66f8d3068,1.189561150282401,9.493762996477216,1.189561150282401,548.7789293194231,584.2784598573463,884.5606754113072,0.3204434082194385,0.009166666666666667,0.1215060763888889,0.45111615127499405,2.1088838487250063,0.8590262027265644,425.99436645507814,0.0,0.0,425.99436645507814,553.6943664550781,6634.205065584804,329.6845703125,30.0,758.7789293194231,0.0,1,XB02_M008_G00,XB02_M008_G00,XB02,M008,2296.46875,2694.125,397.65625,1.189561150282401,0.0
E52_437c6a333219b14c3939f26c,0.18141066965117147,6.0194831627628105,0.18141066965117147,277.09771274073506,296.211315442558,417.14117438283733,0.1570562493971614,0.009166666666666667,0.1215060763888889,0.28772899245271694,2.2722710075472836,0.910084689858526,248.53977661132814,19.176544189453125,19.176544189453125,248.53977661132814,376.2397766113281,3128.55880787128,326.2397766113281,30.0,487.09771274073506,0.0,1,XB02_M008_G00,XB02_M008_G00,XB02,M008,2296.46875,2694.125,397.65625,0.18141066965117147,0.0
E52_44ed69e1d99dc074a7941a18,3.7548693303543814,8.900383690419545,3.7548693303543814,188.27556058823757,199.0276355292369,299.7078152072368,0.1090911242968749,0.009166666666666667,0.1215060763888889,0.23976386735243047,2.3202361326475702,0.9250737914523655,139.59420471191407,10.569305419921875,10.569305419921875,139.59420471191407,267.29420471191406,2247.808614054276,217.29420471191406,30.0,398.27556058823757,0.0,1,XB02_M008_G00,XB02_M008_G00,XB02,M008,2296.46875,2694.125,397.65625,3.7548693303543814,0.0
E52_4513f74e4ba51c209cccc792,7.431161093074394,9.790974506635663,7.431161093074394,548.6050089915749,589.1156759023821,854.1460165183059,0.3160741321008959,0.009166666666666667,0.1215060763888889,0.44674687515645145,2.113253124843549,0.8603916015136089,486.1280029296875,0.0,0.0,486.1280029296875,613.8280029296875,6406.095123887295,391.8226318359375,30.0,758.6050089915749,0.0,1,XB02_M008_G00,XB02_M008_G00,XB02,M008,2296.46875,2694.125,397.65625,7.431161093074394,0.0
E52_4cf0fac9feb721651efb2830,2.658280742848845,17.82597875173802,2.658280742848845,242.69354898018014,267.32891198677197,337.5749199208095,0.13412057160327687,0.009166666666666667,0.1215060763888889,0.26479331465883243,2.295206685341168,0.9172520891691148,295.6243560791016,0.0,0.0,295.6243560791016,423.32435607910156,2531.8118994060715,217.31182861328125,30.0,452.69354898018014,0.0,1,XB02_M008_G00,XB02_M008_G00,XB02,M008,2296.46875,2694.125,397.65625,2.658280742848845,0.0
E52_4d215302190bc5bfb29bf912,9.713639065507849,16.37371485667674,9.713639065507849,307.50969179304633,343.7570581260541,397.53518558804575,0.1656637075427803,0.009166666666666667,0.1215060763888889,0.29633645059833585,2.263663549401665,0.9073948591880201,434.96839599609376,0.0,0.0,434.96839599609376,562.6683959960938,2981.5138919103433,336.56707763671875,30.0,517.5096917930464,0.0,1,XB02_M008_G00,XB02_M008_G00,XB02,M008,2296.46875,2694.125,397.65625,9.713639065507849,0.0
E52_50c718ca7f326f764494c89d,3.701698237055382,13.080943299176411,3.701698237055382,350.85355156655817,370.1881015340061,585.6998033284289,0.20772710552759727,0.009166666666666667,0.1215060763888889,0.3383998485831528,2.2216001514168475,0.8942500473177648,232.014599609375,0.0,0.0,232.014599609375,359.714599609375,4392.748524963216,275.29461669921875,30.0,560.8535515665582,0.0,1,XB02_M008_G00,XB02_M008_G00,XB02,M008,2296.46875,2694.125,397.65625,3.701698237055382,0.0
E52_515a3b7c8d98426ee13f2b4e,2.643031927550723,17.07508762021844,2.643031927550723,242.68536134104386,262.0561394884234,369.14605379781034,0.13858886614696947,0.009166666666666667,0.1215060763888889,0.269261609202525,2.2907383907974754,0.9158557471242109,232.4493377685547,0.0,0.0,232.4493377685547,360.1493377685547,2768.5954034835777,210.1493377685547,30.0,452.68536134104386,0.0,1,XB02_M008_G00,XB02_M008_G00,XB02,M008,2296.46875,2694.125,397.65625,2.643031927550723,0.0
E52_575c4f100493de938643a13d,13.764251579889375,2.099203328999508,2.099203328999508,470.05405043895155,518.0123847895375,652.3580947743875,0.259560220504969,0.009166666666666667,0.1215060763888889,0.39023296356052456,2.169767036439476,0.8780521988873361,575.5000122070312,0.0,0.0,575.5000122070312,703.2000122070312,4892.685710807907,437.3766174316406,30.0,680.0540504389515,0.0,1,XB02_M008_G00,XB02_M008_G00,XB02,M008,2296.46875,2694.125,397.65625,2.099203328999508,0.0
E52_60b76d98beea93305f35c25d,4.21414290078512,16.79058398580294,4.21414290078512,271.8613885249859,299.0873836523459,380.3668062858116,0.15055421784231732,0.009166666666666667,0.1215060763888889,0.28122696089787286,2.2787730391021275,0.9121165747194148,326.7119415283203,0.0,0.0,326.7119415283203,454.4119415283203,2852.751047143587,241.2421875,30.0,481.8613885249859,0.0,1,XB02_M008_G00,XB02_M008_G00,XB02,M008,2296.46875,2694.125,397.65625,4.21414290078512,0.0
E52_67646c2afbeb5602853e5a9c,20.57309358191803,12.927232110573698,12.927232110573698,404.7739001975914,440.6423679099937,594.3369941207687,0.22812669469116229,0.009166666666666667,0.1215060763888889,0.35879943774671785,2.2012005622532826,0.8878751757041506,430.42161254882814,0.0,0.0,430.42161254882814,558.1216125488281,4457.527455905765,308.1216125488281,30.0,614.7739001975914,0.0,1,XB02_M008_G00,XB02_M008_G00,XB02,M008,2296.46875,2694.125,397.65625,12.927232110573698,0.0
E52_68694062ed2e2e792aeb51a9,6.028045227530427,17.695890544520793,6.028045227530427,262.3147609906027,292.8212075746684,341.5908424768108,0.1416674545099547,0.009166666666666667,0.1215060763888889,0.27234019756551026,2.28765980243449,0.9148936882607781,366.0773590087891,0.0,0.0,366.0773590087891,493.77735900878906,2561.931318576081,213.8477783203125,30.0,472.3147609906027,0.0,1,XB02_M008_G00,XB02_M008_G00,XB02,M008,2296.46875,2694.125,397.65625,6.028045227530427,0.0
E52_6aa461eda22a4c53e6730e81,0.1830529803829961,6.478254834226846,0.1830529803829961,265.8104536255181,288.3542041341444,395.1560268799425,0.15046620221455187,0.009166666666666667,0.1215060763888889,0.2811389452701074,2.278861054729893,0.9121440796030914,271.555615234375,1.030609130859375,1.030609130859375,271.555615234375,399.255615234375,2963.670201599569,349.255615234375,30.0,475.8104536255181,0.0,1,XB02_M008_G00,XB02_M008_G00,XB02,M008,2296.46875,2694.125,397.65625,0.1830529803829961,0.0
E52_73baea82bbbffa2db9d7426a,0.17827121859157558,5.711384152670419,0.17827121859157558,297.3854850658978,324.64222792478455,431.2305129784753,0.16683515196021612,0.009166666666666667,0.1215060763888889,0.2975078950157717,2.262492104984229,0.9070287828075714,327.08091430664064,0.0,0.0,327.08091430664064,454.7809143066406,3234.2288473385647,335.390380859375,30.0,507.3854850658978,0.0,1,XB02_M008_G00,XB02_M008_G00,XB02,M008,2296.46875,2694.125,397.65625,0.17827121859157558,0.0
E52_7547086a1218012670f76a62,4.7502446372572535,2.277872015791573,2.277872015791573,370.7957901832663,387.27013608984186,642.7455049270795,0.2228984084752749,0.009166666666666667,0.1215060763888889,0.35357115153083046,2.20642884846917,0.8895090151466155,197.69215087890626,0.0,0.0,197.69215087890626,325.39215087890625,4820.591286953097,275.39215087890625,30.0,580.7957901832663,0.0,1,XB02_M008_G00,XB02_M008_G00,XB02,M008,2296.46875,2694.125,397.65625,2.277872015791573,0.0
E52_76b4f0bdabd1ccab126282dd,4.239562692964,17.180198899819032,4.239562692964,244.7670432960008,265.6078646257534,364.489158613486,0.13866967590706417,0.009166666666666667,0.1215060763888889,0.26934241896261973,2.290657581037381,0.9158304940741814,250.08985595703126,0.0,0.0,250.08985595703126,377.78985595703125,2733.6686896011447,241.2421875,30.0,454.7670432960008,0.0,1,XB02_M008_G00,XB02_M008_G00,XB02,M008,2296.46875,2694.125,397.65625,4.239562692964,0.0
E52_7e4744117cf2a1b6b8665ab3,6.783735696851437,12.590569849682154,6.783735696851437,474.82609328547096,530.7107225986219,614.3444106920357,0.25587373999544005,0.009166666666666667,0.1215060763888889,0.3865464830509956,2.173453516949005,0.8792042240465638,670.6155517578125,0.0,0.0,670.6155517578125,798.3155517578125,4607.5830801902675,498.3155517578125,30.0,684.826093285471,0.0,1,XB02_M008_G00,XB02_M008_G00,XB02,M008,2296.46875,2694.125,397.65625,6.783735696851437,0.0
E52_7e5f4a4eaf9aa5b10576997a,5.226764664584721,13.086620585622072,5.226764664584721,384.11958913832314,414.7999833745699,584.1568128591658,0.21933939564120059,0.009166666666666667,0.1215060763888889,0.3500121386967561,2.209987861303244,0.8906212066572637,368.16473083496095,0.0,0.0,368.16473083496095,495.86473083496094,4381.1760964437435,247.829345703125,30.0,594.1195891383231,0.0,1,XB02_M008_G00,XB02_M008_G00,XB02,M008,2296.46875,2694.125,397.65625,5.226764664584721,0.0
E52_88c1c7aba1fcf94c58dad20e,1.1921330317019851,9.497510042154289,1.1921330317019851,536.2789293194231,567.6117931906797,884.5606754113072,0.3159978782232965,0.009166666666666667,0.1215060763888889,0.44667062127885204,2.1133293787211485,0.8604154308503588,375.99436645507814,0.0,0.0,375.99436645507814,503.6943664550781,6634.205065584804,329.6845703125,30.0,746.2789293194231,0.0,1,XB02_M008_G00,XB02_M008_G00,XB02,M008,2296.46875,2694.125,397.65625,1.1921330317019851,0.0
E52_8ca7795ffa642a3b129c0a3d,0.1974179151247455,15.730152054416479,0.1974179151247455,330.94608252023,369.9122522589995,428.0951466078428,0.17832668261553564,0.009166666666666667,0.1215060763888889,0.3089994256710912,2.251000574328909,0.903437679477784,467.5940368652344,0.0,0.0,467.5940368652344,595.2940368652344,3210.713599558821,335.390380859375,30.0,540.94608252023,0.0,1,XB02_M008_G00,XB02_M008_G00,XB02,M008,2296.46875,2694.125,397.65625,0.1974179151247455,0.0
E52_924cec2d58c933358893a332,5.212345615614524,12.302862284422105,5.212345615614524,416.670444788364,448.9844576972996,639.4568121231148,0.23874762537865796,0.009166666666666667,0.1215060763888889,0.3694203684342135,2.190579631565787,0.8845561348643083,387.7681549072266,0.0,0.0,387.7681549072266,515.4681549072266,4795.926090923361,252.644287109375,30.0,626.670444788364,0.0,1,XB02_M008_G00,XB02_M008_G00,XB02,M008,2296.46875,2694.125,397.65625,5.212345615614524,0.0
E52_96da4f081c74d8211b4b244f,4.916796458313556,12.47027426673894,4.916796458313556,406.4445801679392,437.368205859671,627.3474061854878,0.23339590098708082,0.009166666666666667,0.1215060763888889,0.3640686440426364,2.195931355957364,0.8862285487366761,371.08350830078126,0.0,0.0,371.08350830078126,498.78350830078125,4705.105546391158,251.37640380859375,30.0,616.4445801679392,0.0,1,XB02_M008_G00,XB02_M008_G00,XB02,M008,2296.46875,2694.125,397.65625,4.916796458313556,0.0
E52_a0032802edd73d232f2c84c2,7.837604783519836,12.395809404549922,7.837604783519836,482.4923087567502,538.5719606529091,628.5067061365473,0.26060588149401487,0.009166666666666667,0.1215060763888889,0.3912786245495704,2.16872137545043,0.8777254298282593,672.9558227539062,0.0,0.0,672.9558227539062,800.6558227539062,4713.800296024105,500.65582275390625,30.0,692.4923087567502,0.0,1,XB02_M008_G00,XB02_M008_G00,XB02,M008,2296.46875,2694.125,397.65625,7.837604783519836,0.0
E52_a3836b1674b2d70f748125c1,3.7666674360043686,18.388582284998307,3.7666674360043686,238.77143733771516,265.74771093797557,315.68523307386783,0.1296256139323784,0.009166666666666667,0.1215060763888889,0.26029835698793397,2.2997016430120665,0.9186567634412707,323.715283203125,0.0,0.0,323.715283203125,451.415283203125,2367.639248054009,217.29420471191406,30.0,448.77143733771516,0.0,1,XB02_M008_G00,XB02_M008_G00,XB02,M008,2296.46875,2694.125,397.65625,3.7666674360043686,0.0
E52_a77602565c04dca5831f9b7a,8.04678301857929,15.758600383852013,8.04678301857929,295.3505394617105,322.31471665694164,428.9160157520343,0.16578365241547813,0.009166666666666667,0.1215060763888889,0.2964563954710337,2.2635436045289667,0.907357376415302,323.57012634277345,0.0,0.0,323.57012634277345,451.27012634277344,3216.870118140257,284.58648681640625,30.0,505.3505394617105,0.0,1,XB02_M008_G00,XB02_M008_G00,XB02,M008,2296.46875,2694.125,397.65625,8.04678301857929,0.0
E52_aaa387ee3ee3170bd804334d,5.317989794894615,18.409477866986336,5.317989794894615,263.5215778829557,299.2286101502083,312.8009621623957,0.13801933350380158,0.009166666666666667,0.1215060763888889,0.2686920765593571,2.2913079234406433,0.916033726075201,428.48438720703126,0.0,0.0,428.48438720703126,556.1843872070312,2346.0072162179677,386.9435729980469,30.0,473.5215778829557,0.0,1,XB02_M008_G00,XB02_M008_G00,XB02,M008,2296.46875,2694.125,397.65625,5.317989794894615,0.0
E52_b4122a9095172602242b40e3,20.34507122983942,12.917805218005896,12.917805218005896,417.2739001975914,457.30903457666045,594.3369941207687,0.23257222468730426,0.009166666666666667,0.1215060763888889,0.3632449677428598,2.1967550322571405,0.8864859475803564,480.42161254882814,0.0,0.0,480.42161254882814,608.1216125488281,4457.527455905765,308.1216125488281,30.0,627.2739001975914,0.0,1,XB02_M008_G00,XB02_M008_G00,XB02,M008,2296.46875,2694.125,397.65625,12.917805218005896,0.0
E52_b45db00398315637fb020e5f,10.668542112857779,10.742298629097064,10.668542112857779,520.0993036420956,566.0861185224667,764.2777180019647,0.2932088546230577,0.009166666666666667,0.1215060763888889,0.4238815976786132,2.1361184023213875,0.8675370007254334,551.8417785644531,0.0,0.0,551.8417785644531,679.5417785644531,5732.082885014735,386.71868896484375,30.0,730.0993036420956,0.0,1,XB02_M008_G00,XB02_M008_G00,XB02,M008,2296.46875,2694.125,397.65625,10.668542112857779,0.0
E52_b544b4d7beda1d6ed7fbeefb,7.916047012305,16.252686834440453,7.916047012305,293.91354735972715,324.49113296153376,404.3615811086144,0.16179511839250177,0.009166666666666667,0.1215060763888889,0.2924678614480573,2.2675321385519434,0.9086037932974821,366.9310272216797,0.0,0.0,366.9310272216797,494.6310272216797,3032.711858314608,277.91845703125,30.0,503.91354735972715,0.0,1,XB02_M008_G00,XB02_M008_G00,XB02,M008,2296.46875,2694.125,397.65625,7.916047012305,0.0
E52_b60e4d2a4cdcd5801a5d757f,0.3548119472465885,16.480566458341656,0.3548119472465885,308.26023760270465,345.626388522301,392.32356968783114,0.16519254750221457,0.009166666666666667,0.1215060763888889,0.2958652905577701,2.2641347094422306,0.9075420967006969,448.39381103515626,0.0,0.0,448.39381103515626,576.0938110351562,2942.4267726587336,326.2397766113281,30.0,518.2602376027046,0.0,1,XB02_M008_G00,XB02_M008_G00,XB02,M008,2296.46875,2694.125,397.65625,0.3548119472465885,0.0
E52_b677873645e212a13901ede2,6.213623296721906,9.230718628911887,6.213623296721906,575.9444140089429,616.0268887810784,911.3939793850733,0.3339048259552679,0.009166666666666667,0.1215060763888889,0.4645775690108234,2.095422430989177,0.8548195096841177,480.989697265625,0.0,0.0,480.989697265625,608.689697265625,6835.45484538805,390.4056396484375,30.0,785.9444140089429,0.0,1,XB02_M008_G00,XB02_M008_G00,XB02,M008,2296.46875,2694.125,397.65625,6.213623296721906,0.0
E52_b6789310c1ab16898a769b78,3.4561011998927995,2.625622464396969,2.625622464396969,372.38145547243056,389.4038741939475,617.4514627840539,0.21924054354678854,0.009166666666666667,0.1215060763888889,0.3499132866023441,2.2100867133976565,0.8906520979367675,225.84925537109376,21.580230712890625,21.580230712890625,225.84925537109376,353.54925537109375,4630.885970880404,303.54925537109375,30.0,582.3814554724306,0.0,1,XB02_M008_G00,XB02_M008_G00,XB02,M008,2296.46875,2694.125,397.65625,2.625622464396969,0.0
E52_b7c433bb400c5a28313b13f0,7.90648237169664,16.00220965111248,7.90648237169664,270.63016208552887,291.2047849391259,417.8125870494757,0.1554195344851095,0.009166666666666667,0.1215060763888889,0.2860922775406651,2.2739077224593354,0.9105961632685422,246.89547424316407,0.0,0.0,246.89547424316407,374.59547424316406,3133.594402871068,284.58648681640625,30.0,480.63016208552887,0.0,1,XB02_M008_G00,XB02_M008_G00,XB02,M008,2296.46875,2694.125,397.65625,7.90648237169664,0.0
E52_be69bdf55826f2eb34075d09,0.129100810593485,12.029424972929434,0.129100810593485,457.6877788138426,500.48965717077624,658.5642874860837,0.25604119113741575,0.009166666666666667,0.1215060763888889,0.3867139341929713,2.173286065807029,0.8791518955646964,513.6225402832031,0.0,0.0,513.6225402832031,641.3225402832031,4939.232156145627,341.3225402832031,30.0,667.6877788138427,0.0,1,XB02_M008_G00,XB02_M008_G00,XB02,M008,2296.46875,2694.125,397.65625,0.129100810593485,0.0
E52_be79b94db4a0a5b6faaed631,5.8556195066339995,13.435452033242427,5.8556195066339995,439.28613208838135,492.92224150407145,556.7556076826221,0.23507830977561708,0.009166666666666667,0.1215060763888889,0.36575105283117265,2.194248947168828,0.8857027959902586,643.6333129882812,0.0,0.0,643.6333129882812,771.3333129882812,4175.667057619666,471.33331298828125,30.0,649.2861320883814,0.0,1,XB02_M008_G00,XB02_M008_G00,XB02,M008,2296.46875,2694.125,397.65625,5.8556195066339995,0.0
E52_beb70ec57fd2d66bf65b827f,7.541541972929281,2.43785423226241,2.43785423226241,429.6587378248194,468.09544538504076,628.6972302883107,0.2418430061920666,0.009166666666666667,0.1215060763888889,0.37251574924762215,2.1874842507523784,0.8835888283601181,461.24049072265626,0.0,0.0,461.24049072265626,588.9404907226562,4715.22922716233,538.9404907226562,30.0,639.6587378248194,0.0,1,XB02_M008_G00,XB02_M008_G00,XB02,M008,2296.46875,2694.125,397.65625,2.43785423226241,0.0
E52_bfffb2993ede6e2e2bd9340b,3.690870292320824,13.053008949478723,3.690870292320824,400.85355156655817,436.85476820067277,585.6998033284289,0.22550922551216515,0.009166666666666667,0.1215060763888889,0.3561819685677207,2.20381803143228,0.8886931348225873,432.014599609375,0.0,0.0,432.014599609375,559.714599609375,4392.748524963216,275.29461669921875,30.0,610.8535515665582,0.0,1,XB02_M008_G00,XB02_M008_G00,XB02,M008,2296.46875,2694.125,397.65625,3.690870292320824,0.0
E52_c0294c7ff44d44fc4ede8d97,0.3453400539276714,16.7256600789149,0.3453400539276714,316.70783025924425,358.9570632507807,379.92026256926977,0.16644027302831577,0.009166666666666667,0.1215060763888889,0.2971130160838713,2.262886983916129,0.9071521824737903,506.9907958984375,0.0,0.0,506.9907958984375,634.6907958984375,2849.4019692695233,334.6907958984375,30.0,526.7078302592442,0.0,1,XB02_M008_G00,XB02_M008_G00,XB02,M008,2296.46875,2694.125,397.65625,0.3453400539276714,0.0
E52_c515ea57360fd29f9add62f7,10.376409607554194,10.649906727109496,10.376409607554194,525.5980011021792,572.0554631586571,772.4512298654912,0.29632198385281766,0.009166666666666667,0.1215060763888889,0.4269947269083732,2.1330052730916274,0.8665641478411334,557.4895446777343,0.0,0.0,557.4895446777343,685.1895446777344,5793.384223991184,393.3172912597656,30.0,735.5980011021792,0.0,1,XB02_M008_G00,XB02_M008_G00,XB02,M008,2296.46875,2694.125,397.65625,10.376409607554194,0.0
E52_c76d93c5902d0dc017f7065c,8.086972830243951,16.05706218628906,8.086972830243951,260.86241804033426,278.57034040361555,415.47730190098105,0.1516149798935124,0.009166666666666667,0.1215060763888889,0.28228772294906795,2.2777122770509326,0.9117850865784163,212.495068359375,0.0,0.0,212.495068359375,340.195068359375,3116.079764257358,277.91845703125,30.0,470.86241804033426,0.0,1,XB02_M008_G00,XB02_M008_G00,XB02,M008,2296.46875,2694.125,397.65625,8.086972830243951,0.0
E52_cdef0b479e00ae29ebd83132,5.870295740887627,10.01648148125875,5.870295740887627,520.0071121141804,554.5433095222207,832.7970397801186,0.3028799960747676,0.009166666666666667,0.1215060763888889,0.43355273913032316,2.126447260869677,0.864514769021774,414.4343688964844,0.0,0.0,414.4343688964844,542.1343688964844,6245.977798350889,297.6476745605469,30.0,730.0071121141804,0.0,1,XB02_M008_G00,XB02_M008_G00,XB02,M008,2296.46875,2694.125,397.65625,5.870295740887627,0.0
E52_d1d4424e0dfaa7a0ce62d445,10.326438120911263,12.872868339328704,10.326438120911263,402.0751033963921,436.37951216917855,598.3237541560654,0.22773150601213982,0.009166666666666667,0.1215060763888889,0.35840424906769536,2.201595750932305,0.8879986721663452,411.6529052734375,0.0,0.0,411.6529052734375,539.3529052734375,4487.428156170491,269.83203125,30.0,612.075103396392,0.0,1,XB02_M008_G00,XB02_M008_G00,XB02,M008,2296.46875,2694.125,397.65625,10.326438120911263,0.0
E52_d22cbe82615c6d2ee0ebf49f,0.18869264552814968,15.758568264926964,0.18869264552814968,318.17309843891866,352.9726015110215,427.5491784452201,0.1737067461230003,0.009166666666666667,0.1215060763888889,0.30437948917855584,2.2556205108214447,0.9048814096317013,417.5940368652344,0.0,0.0,417.5940368652344,545.2940368652344,3206.618838339151,335.390380859375,30.0,528.1730984389187,0.0,1,XB02_M008_G00,XB02_M008_G00,XB02,M008,2296.46875,2694.125,397.65625,0.18869264552814968,0.0
E52_d3460088443e86b69235cf2f,0.09751656362870165,10.110906533633653,0.09751656362870165,520.9986937965015,557.4049117530444,823.5600798537452,0.3019244763287566,0.009166666666666667,0.1215060763888889,0.4325972193843121,2.1274027806156885,0.8648133689424025,436.87461547851564,0.0,0.0,436.87461547851564,564.5746154785156,6176.700598903089,276.8628845214844,30.0,730.9986937965015,0.0,1,XB02_M008_G00,XB02_M008_G00,XB02,M008,2296.46875,2694.125,397.65625,0.09751656362870165,0.0
E52_d7f1f5d49edaa9f52000c452,4.816859079935227,12.917919470378578,4.816859079935227,397.7633482290822,431.12867517406926,595.3347347882426,0.22577474843651651,0.009166666666666667,0.1215060763888889,0.35644749149207205,2.2035525085079284,0.8886101589087275,400.38392333984376,0.0,0.0,400.38392333984376,528.0839233398438,4465.010510911819,278.08392333984375,30.0,607.7633482290822,0.0,1,XB02_M008_G00,XB02_M008_G00,XB02,M008,2296.46875,2694.125,397.65625,4.816859079935227,0.0
E52_da1eeef61bb4fffd90feecd9,11.890652323183076,11.577048041656667,11.577048041656667,464.4321692173844,503.4661769891943,694.6602918039094,0.2635518155735283,0.009166666666666667,0.1215060763888889,0.39422455862908384,2.1657754413709167,0.8768048254284113,468.40809326171876,0.0,0.0,468.40809326171876,596.1080932617188,5209.952188529321,322.9142761230469,30.0,674.4321692173844,0.0,1,XB02_M008_G00,XB02_M008_G00,XB02,M008,2296.46875,2694.125,397.65625,11.577048041656667,0.0
E52_dbe1bedc9b83d29f34556dbd,5.48925853779113,13.016499113861627,5.48925853779113,387.86022911882606,419.0031732004504,588.862793747906,0.22133620210273125,0.009166666666666667,0.1215060763888889,0.3520089451582868,2.2079910548417137,0.8899972046380353,373.7153289794922,0.0,0.0,373.7153289794922,501.4153289794922,4416.470953109295,232.19436645507812,30.0,597.860229118826,0.0,1,XB02_M008_G00,XB02_M008_G00,XB02,M008,2296.46875,2694.125,397.65625,5.48925853779113,0.0
E52_dc4c132291b7b9525a26c82f,7.928127524284349,16.290878065555617,7.928127524284349,256.41354735972715,274.49113296153376,404.3615811086144,0.14845852840407586,0.009166666666666667,0.1215060763888889,0.2791312714596314,2.2808687285403693,0.9127714776688652,216.9310272216797,0.0,0.0,216.9310272216797,344.6310272216797,3032.711858314608,277.91845703125,30.0,466.41354735972715,0.0,1,XB02_M008_G00,XB02_M008_G00,XB02,M008,2296.46875,2694.125,397.65625,7.928127524284349,0.0
E52_de2c36302e014a6d0284c896,0.18695850876338227,15.994052628622484,0.18695850876338227,325.41177480357015,364.7238282296769,414.95122905049965,0.1744969638873427,0.009166666666666667,0.1215060763888889,0.30516970694289824,2.2548302930571023,0.9046344665803443,471.74464111328126,0.0,0.0,471.74464111328126,599.4446411132812,3112.134217878747,325.15069580078125,30.0,535.4117748035701,0.0,1,XB02_M008_G00,XB02_M008_G00,XB02,M008,2296.46875,2694.125,397.65625,0.18695850876338227,0.0
E52_e0325aad0b87e7c07e10fc2c,0.181162436691352,5.987785159048158,0.181162436691352,275.1983248954777,294.96932963587483,418.60161500091635,0.15682137892336617,0.009166666666666667,0.1215060763888889,0.2874941219789217,2.2725058780210787,0.910158086881587,248.53977661132814,11.2877197265625,11.2877197265625,248.53977661132814,376.2397766113281,3139.5121125068727,326.2397766113281,30.0,485.1983248954777,0.0,1,XB02_M008_G00,XB02_M008_G00,XB02,M008,2296.46875,2694.125,397.65625,0.181162436691352,0.0
E52_ea76d341ab82f2ebc1fa1efe,0.19377899526962494,6.056283714240493,0.19377899526962494,275.41177480357015,298.05716156301025,414.95122905049965,0.15671484390277482,0.009166666666666667,0.1215060763888889,0.2873875869583304,2.2726124130416703,0.9101913790755217,271.74464111328126,0.0,0.0,271.74464111328126,399.44464111328125,3112.134217878747,325.15069580078125,30.0,485.41177480357015,0.0,1,XB02_M008_G00,XB02_M008_G00,XB02,M008,2296.46875,2694.125,397.65625,0.19377899526962494,0.0
E52_eab18c460278cfbad2c20da0,6.032231025717834,7.760329046990023,6.032231025717834,212.31476099060268,226.15454090800176,341.5908424768108,0.12388533452538679,0.009166666666666667,0.1215060763888889,0.25455807758094234,2.305441922419058,0.9204506007559555,166.07735900878907,0.0,0.0,166.07735900878907,293.77735900878906,2561.931318576081,213.8477783203125,30.0,422.3147609906027,0.0,1,XB02_M008_G00,XB02_M008_G00,XB02,M008,2296.46875,2694.125,397.65625,6.032231025717834,0.0
E52_eb490529b308e18523949520,5.452835615478591,12.235001379754962,5.452835615478591,417.9327582223269,449.8180932544721,644.5535062517828,0.23991836791670462,0.009166666666666667,0.1215060763888889,0.37059111097226016,2.1894088890277406,0.8841902778211687,382.6240203857422,0.0,0.0,382.6240203857422,510.3240203857422,4834.151296888371,255.67149353027344,30.0,627.9327582223269,0.0,1,XB02_M008_G00,XB02_M008_G00,XB02,M008,2296.46875,2694.125,397.65625,5.452835615478591,0.0
E52_eddf192c3626d88d236d26e4,6.035486968978105,17.034187922993553,6.035486968978105,241.72684180786888,260.473536754158,370.9735139380034,0.13850678679446915,0.009166666666666667,0.1215060763888889,0.2691795298500247,2.290820470149976,0.9158813969218673,224.96033935546876,0.0,0.0,224.96033935546876,352.66033935546875,2782.3013545350254,199.07135009765625,30.0,451.7268418078689,0.0,1,XB02_M008_G00,XB02_M008_G00,XB02,M008,2296.46875,2694.125,397.65625,6.035486968978105,0.0
E52_ede4029bd5e695a7a0c85289,4.8219316267261405,12.925612211179384,4.8219316267261405,385.2633482290822,414.4620085074026,595.3347347882426,0.22132921844037454,0.009166666666666667,0.1215060763888889,0.3520019614959301,2.2079980385040705,0.8899993870325218,350.38392333984376,0.0,0.0,350.38392333984376,478.08392333984375,4465.010510911819,278.08392333984375,30.0,595.2633482290822,0.0,1,XB02_M008_G00,XB02_M008_G00,XB02,M008,2296.46875,2694.125,397.65625,4.8219316267261405,0.0
E52_ef8fa59407d07a2296b5f591,5.47137067084347,0.3151276047193221,0.3151276047193221,505.85939793409244,540.3898465933535,804.5361039126185,0.29384606362066074,0.009166666666666667,0.1215060763888889,0.4245188066762163,2.135481193323784,0.8673378729136825,414.3653839111328,0.0,0.0,414.3653839111328,542.0653839111328,6034.020779344639,284.8677062988281,30.0,715.8593979340924,0.0,1,XB02_M008_G00,XB02_M008_G00,XB02,M008,2296.46875,2694.125,397.65625,0.3151276047193221,0.0
E52_f4836ff0bfcbe7f74f580128,5.857186879240203,13.198394987858308,5.857186879240203,446.8309536018799,500.3537512499919,572.525121315088,0.23999489789029496,0.009166666666666667,0.1215060763888889,0.37066764094585053,2.18933235905415,0.8841663622044217,642.2735717773437,0.0,0.0,642.2735717773437,769.9735717773438,4293.93840986316,483.0478820800781,30.0,656.8309536018799,0.0,1,XB02_M008_G00,XB02_M008_G00,XB02,M008,2296.46875,2694.125,397.65625,5.857186879240203,0.0
E52_fb97bb829fc82a7376005525,6.420468847062537,12.561592200960149,6.420468847062537,483.9909817485873,542.6900133241081,615.7877740440496,0.2593375767224136,0.009166666666666667,0.1215060763888889,0.3900103197779691,2.1699896802220313,0.8781217750693846,704.38837890625,0.0,0.0,704.38837890625,832.08837890625,4618.408305330372,532.08837890625,30.0,693.9909817485873,0.0,1,XB02_M008_G00,XB02_M008_G00,XB02,M008,2296.46875,2694.125,397.65625,6.420468847062537,0.0
E52_fd527d975e1813662620f82c,0.2515585281702357,12.45056667278017,0.2515585281702357,418.2192341110554,452.9085204066283,628.3027504486734,0.23771876612520712,0.009166666666666667,0.1215060763888889,0.3683915091807627,2.1916084908192377,0.8848776533810117,416.271435546875,0.0,0.0,416.271435546875,543.971435546875,4712.2706283650505,306.8754577636719,30.0,628.2192341110554,0.0,1,XB02_M008_G00,XB02_M008_G00,XB02,M008,2296.46875,2694.125,397.65625,0.2515585281702357,0.0
E52_0c9d91fc306062a18ada9948,7.0084862389900024,15.697900697510477,7.0084862389900024,331.42241999480143,370.2725110389095,429.7442937249544,0.1787296459836012,0.009166666666666667,0.35724218750000003,0.5451385001502679,2.0148614998497325,0.8296442187030413,466.2010925292969,0.0,0.0,466.2010925292969,593.9010925292969,3223.082202937158,326.7436828613281,30.0,541.4224199948014,0.0,1,XB02_M009_G00,XB02_M009_G00,XB02,M009,3058.15625,4227.3125,1169.15625,7.0084862389900024,0.0
E52_189eb019491ad876aa165071,9.695128280784644,3.8094716871601975,3.8094716871601975,403.09916814168594,448.35288467407526,534.676037089036,0.21908171065325852,0.009166666666666667,0.35724218750000003,0.5854905648199252,1.9745094351800754,0.8170341984937733,543.0445983886718,0.0,0.0,543.0445983886718,670.7445983886719,4010.07027816777,391.87322998046875,30.0,613.0991681416859,0.0,1,XB02_M009_G00,XB02_M009_G00,XB02,M009,3058.15625,4227.3125,1169.15625,3.8094716871601975,0.0
E52_231de36c6439da832299e30f,4.599017917286076,16.451156269229884,4.599017917286076,336.2639482811268,383.1573412254627,391.1675388962379,0.1749881335365896,0.009166666666666667,0.35724218750000003,0.5413969877032563,2.018603012296744,0.8308134413427324,562.7207153320312,0.0,0.0,562.7207153320312,690.4207153320312,2933.7565417217843,390.42071533203125,30.0,546.2639482811268,0.0,1,XB02_M009_G00,XB02_M009_G00,XB02,M009,3058.15625,4227.3125,1169.15625,4.599017917286076,0.0
E52_246111a1ef063bec9e89ec9e,8.575691888014816,13.03223549741864,8.575691888014816,413.11352328410356,453.07003166626504,586.4879962752384,0.22998101771643822,0.009166666666666667,0.35724218750000003,0.5963898718831049,1.9636101281168956,0.8136281650365298,479.4781005859375,0.0,0.0,479.4781005859375,607.1781005859375,4398.659972064288,469.28277587890625,30.0,623.1135232841036,0.0,1,XB02_M009_G00,XB02_M009_G00,XB02,M009,3058.15625,4227.3125,1169.15625,8.575691888014816,0.0
E52_27bf1882d0e1a812c8450c72,6.4104812089145184,16.18675851321828,6.4104812089145184,334.03154784809436,377.9609795090644,404.48650573036844,0.17608047258726683,0.009166666666666667,0.35724218750000003,0.5424893267539335,2.017510673246067,0.8304720853893958,527.1531799316406,0.0,0.0,527.1531799316406,654.8531799316406,3033.648792977763,359.1753845214844,30.0,544.0315478480943,0.0,1,XB02_M009_G00,XB02_M009_G00,XB02,M009,3058.15625,4227.3125,1169.15625,6.4104812089145184,0.0
E52_27fdcb9bc2da20af468e67a1,7.006487078186609,15.630401191469062,7.006487078186609,333.5201066466774,372.5049327982074,433.1312563841751,0.1799553449394086,0.009166666666666667,0.35724218750000003,0.5463641991060753,2.0136358008939252,0.8292611877793514,467.8179138183594,0.0,0.0,467.8179138183594,595.5179138183594,3248.4844228813135,322.1230773925781,30.0,543.5201066466774,0.0,1,XB02_M009_G00,XB02_M009_G00,XB02,M009,3058.15625,4227.3125,1169.15625,7.006487078186609,0.0
E52_2d7a36258a59c18fc6a856bf,5.997167616304111,16.662039037059316,5.997167616304111,318.72117968179435,361.17160743651436,382.73979283526836,0.16755561647288383,0.009166666666666667,0.35724218750000003,0.5339644706395505,2.02603552936045,0.8331361029251405,509.40513305664064,0.0,0.0,509.40513305664064,637.1051330566406,2870.5484462645127,346.4301452636719,30.0,528.7211796817944,0.0,1,XB02_M009_G00,XB02_M009_G00,XB02,M009,3058.15625,4227.3125,1169.15625,5.997167616304111,0.0
E52_347c51b45a583dd4c5a4aad0,8.07232726801432,10.359339260709504,8.07232726801432,545.8106765870443,594.6474365357748,798.6007934817058,0.3072138543106079,0.009166666666666667,0.35724218750000003,0.6736227084772746,1.886377291522726,0.7894929036008517,586.0411193847656,0.0,0.0,586.0411193847656,713.7411193847656,5989.505951112793,425.30462646484375,30.0,755.8106765870443,0.0,1,XB02_M009_G00,XB02_M009_G00,XB02,M009,3058.15625,4227.3125,1169.15625,8.07232726801432,0.0
E52_3a94b6482baa2cfaba8a857d,6.205753892012169,16.425448776817632,6.205753892012169,326.01303055755295,369.111023518165,393.4381033514341,0.17166403726355467,0.009166666666666667,0.35724218750000003,0.5380728914302213,2.021927108569779,0.8318522214280558,517.1759155273437,0.0,0.0,517.1759155273437,644.8759155273438,2950.785775135756,352.4370422363281,30.0,536.013030557553,0.0,1,XB02_M009_G00,XB02_M009_G00,XB02,M009,3058.15625,4227.3125,1169.15625,6.205753892012169,0.0
E52_47db2d0d55c92154c779a4c9,6.061526749283374,16.45726286038159,6.061526749283374,312.62709924858126,351.3219092257948,393.08533863388124,0.16685347284684848,0.009166666666666667,0.35724218750000003,0.5332623270135152,2.0267376729864854,0.8333555228082765,464.3377197265625,0.0,0.0,464.3377197265625,592.0377197265625,2948.1400397541092,295.61395263671875,30.0,522.6270992485813,0.0,1,XB02_M009_G00,XB02_M009_G00,XB02,M009,3058.15625,4227.3125,1169.15625,6.061526749283374,0.0
E52_60b0dc656c777ee2cc2279b1,8.271451740801709,0.21315146591224732,0.21315146591224732,563.4362729251038,615.9641949832094,811.705013501575,0.3153381258454166,0.009166666666666667,0.35724218750000003,0.6817469800120832,1.8782530199879173,0.786954068746224,630.3350646972656,0.0,0.0,630.3350646972656,758.0350646972656,6087.787601261813,495.9024353027344,30.0,773.4362729251038,0.0,1,XB02_M009_G00,XB02_M009_G00,XB02,M009,3058.15625,4227.3125,1169.15625,0.21315146591224732,0.0
E52_6dc095df8eb6475486134b5c,9.025375827509535,12.905188948092743,9.025375827509535,424.06014837873875,466.2734748964797,594.8403376510322,0.23505698741925235,0.009166666666666667,0.35724218750000003,0.6014658415859191,1.9585341584140814,0.8120419245044003,506.55991821289064,0.0,0.0,506.55991821289064,634.2599182128906,4461.302532382741,440.2059631347656,30.0,634.0601483787387,0.0,1,XB02_M009_G00,XB02_M009_G00,XB02,M009,3058.15625,4227.3125,1169.15625,9.025375827509535,0.0
E52_82c821a5773d0bfbe554f10a,7.0271077106653195,11.397135806608844,7.0271077106653195,512.9354114719376,566.0737563002253,707.0407539741487,0.2825549862639304,0.009166666666666667,0.35724218750000003,0.6489638404305971,1.9110361595694034,0.7971987998654384,637.6601379394531,0.0,0.0,637.6601379394531,765.3601379394531,5302.805654806116,465.3601379394531,30.0,722.9354114719376,0.0,1,XB02_M009_G00,XB02_M009_G00,XB02,M009,3058.15625,4227.3125,1169.15625,7.0271077106653195,0.0
E52_8ca7795ffa642a3b129c0a3d,6.966080081699303,15.730152054416479,6.966080081699303,330.94608252023,369.9122522589995,428.0951466078428,0.17832668261553564,0.009166666666666667,0.35724218750000003,0.5447355367822023,2.015264463217798,0.8297701447555618,467.5940368652344,0.0,0.0,467.5940368652344,595.2940368652344,3210.713599558821,335.390380859375,30.0,540.94608252023,0.0,1,XB02_M009_G00,XB02_M009_G00,XB02,M009,3058.15625,4227.3125,1169.15625,6.966080081699303,0.0
E52_8d375985c45fff9288668cb3,4.407503473049033,16.222123863058812,4.407503473049033,353.99602207193686,405.21742048909175,400.663653640944,0.182639281392285,0.009166666666666667,0.35724218750000003,0.5490481355589517,2.010951864441049,0.8284224576378276,614.6567810058593,0.0,0.0,614.6567810058593,742.3567810058594,3004.97740230708,442.3567810058594,30.0,563.9960220719369,0.0,1,XB02_M009_G00,XB02_M009_G00,XB02,M009,3058.15625,4227.3125,1169.15625,4.407503473049033,0.0
E52_9b18c2085562c5280ea1e394,7.516299370424036,0.02697066595830222,0.02697066595830222,563.4972144032131,613.0086493397365,829.9258191872856,0.3179402888393461,0.009166666666666667,0.35724218750000003,0.6843491430060128,1.8756508569939876,0.786140892810621,594.1372192382812,0.0,0.0,594.1372192382812,721.8372192382812,6224.443643904642,487.8569030761719,30.0,773.4972144032131,0.0,1,XB02_M009_G00,XB02_M009_G00,XB02,M009,3058.15625,4227.3125,1169.15625,0.02697066595830222,0.0
E52_a1af1f4ab7d520e82e20be53,8.917372972153117,0.45430012492889205,0.45430012492889205,547.7224457312177,598.7128286250978,789.5025940991541,0.30660524396013417,0.009166666666666667,0.35724218750000003,0.6730140981268009,1.8869859018731996,0.7896830943353748,611.8845947265625,0.0,0.0,611.8845947265625,739.5845947265625,5921.269455743655,492.6366271972656,30.0,757.7224457312177,0.0,1,XB02_M009_G00,XB02_M009_G00,XB02,M009,3058.15625,4227.3125,1169.15625,0.45430012492889205,0.0
E52_b8aeee13ee5f313ffdb298e7,8.402420334909408,0.32052137756616617,0.32052137756616617,550.9628084392909,600.9445446860357,802.0351993981131,0.309532562555218,0.009166666666666667,0.35724218750000003,0.6759414167218847,1.8840585832781158,0.788768307274411,599.7808349609375,0.0,0.0,599.7808349609375,727.4808349609375,6015.263995485849,485.42230224609375,30.0,760.9628084392909,0.0,1,XB02_M009_G00,XB02_M009_G00,XB02,M009,3058.15625,4227.3125,1169.15625,0.32052137756616617,0.0
E52_c0294c7ff44d44fc4ede8d97,5.940365891923506,16.7256600789149,5.940365891923506,316.70783025924425,358.9570632507807,379.92026256926977,0.16644027302831577,0.009166666666666667,0.35724218750000003,0.5328491271949825,2.0271508728050183,0.833484647751568,506.9907958984375,0.0,0.0,506.9907958984375,634.6907958984375,2849.4019692695233,334.6907958984375,30.0,526.7078302592442,0.0,1,XB02_M009_G00,XB02_M009_G00,XB02,M009,3058.15625,4227.3125,1169.15625,5.940365891923506,0.0
E52_c10a50247c57c0340b451298,8.14063124848731,3.1495087650690863,3.1495087650690863,410.4813485396202,450.8988478275434,578.4577013517014,0.22790762835174688,0.009166666666666667,0.35724218750000003,0.5943164825184135,1.965683517481587,0.8142760992129958,485.00999145507814,0.0,0.0,485.00999145507814,612.7099914550781,4338.432760137761,515.4917602539062,30.0,620.4813485396203,0.0,1,XB02_M009_G00,XB02_M009_G00,XB02,M009,3058.15625,4227.3125,1169.15625,3.1495087650690863,0.0
E52_c117f06f984d58b2275e6c48,8.080688414595457,0.365836005255062,0.365836005255062,533.3106765870443,577.980769869108,798.6007934817058,0.30276832431446593,0.009166666666666667,0.35724218750000003,0.6691771784811327,1.8908228215188678,0.790882131724646,536.0411193847656,0.0,0.0,536.0411193847656,663.7411193847656,5989.505951112793,425.30462646484375,30.0,743.3106765870443,0.0,1,XB02_M009_G00,XB02_M009_G00,XB02,M009,3058.15625,4227.3125,1169.15625,0.365836005255062,0.0
E52_d6d1511afdebb88632549a71,5.148881955737139,16.177909036830457,5.148881955737139,342.76879390848103,389.67749650450963,404.08537224079015,0.1791309979165653,0.009166666666666667,0.35724218750000003,0.545539852083232,2.0144601479167683,0.82951879622399,562.9044311523437,0.0,0.0,562.9044311523437,690.6044311523438,3030.640291805926,390.60443115234375,30.0,552.768793908481,0.0,1,XB02_M009_G00,XB02_M009_G00,XB02,M009,3058.15625,4227.3125,1169.15625,5.148881955737139,0.0
E52_dbec4f1422e98765afb262aa,6.201096709067627,16.38523852602286,6.201096709067627,322.5402116809159,364.1002534899979,395.72017250733956,0.1707521496628321,0.009166666666666667,0.35724218750000003,0.5371610038294987,2.022838996170502,0.8321371863032816,498.7205017089844,0.0,0.0,498.7205017089844,626.4205017089844,2967.901293805047,326.4205017089844,30.0,532.540211680916,0.0,1,XB02_M009_G00,XB02_M009_G00,XB02,M009,3058.15625,4227.3125,1169.15625,6.201096709067627,0.0
E52_dd12fb0cc4aee52816704b73,9.436650874244577,0.5498680641518376,0.5498680641518376,547.6210002825783,600.0718247658139,780.5370536657424,0.3052994367315811,0.009166666666666667,0.35724218750000003,0.6717082908982478,1.8882917091017526,0.7900911590942976,629.4098937988281,0.0,0.0,629.4098937988281,757.1098937988281,5854.027902493068,543.108642578125,30.0,757.6210002825783,0.0,1,XB02_M009_G00,XB02_M009_G00,XB02,M009,3058.15625,4227.3125,1169.15625,0.5498680641518376,0.0
E52_de2c36302e014a6d0284c896,6.690406713655818,15.994052628622484,6.690406713655818,325.41177480357015,364.7238282296769,414.95122905049965,0.1744969638873427,0.009166666666666667,0.35724218750000003,0.5409058180540094,2.019094181945991,0.8309669318581221,471.74464111328126,0.0,0.0,471.74464111328126,599.4446411132812,3112.134217878747,325.15069580078125,30.0,535.4117748035701,0.0,1,XB02_M009_G00,XB02_M009_G00,XB02,M009,3058.15625,4227.3125,1169.15625,6.690406713655818,0.0
E52_0c56c0f390b777971f9a7e58,9.191817182292596,2.1743859331465814,2.1743859331465814,461.3120930283848,507.24512830670517,647.0259743868478,0.2556960576036008,0.009166666666666667,0.18918663194444446,0.45404935621471193,2.1059506437852886,0.8581095761829025,551.1964233398437,0.0,0.0,551.1964233398437,678.8964233398438,4852.694807901358,431.4708251953125,30.0,671.3120930283849,0.0,1,XB02_M010_G00,XB02_M010_G00,XB02,M010,804.8125,1423.96875,619.15625,2.1743859331465814,0.0
E52_132fcaf6d631eae41e83e018,16.277039427598496,12.621037374336296,12.621037374336296,466.52713400648173,519.919143487276,612.7022111281979,0.2526897045720101,0.009166666666666667,0.18918663194444446,0.45104300318312124,2.1089569968168793,0.8590490615052746,640.7041137695312,0.0,0.0,640.7041137695312,768.4041137695312,4595.266583461484,468.40411376953125,30.0,676.5271340064817,0.0,1,XB02_M010_G00,XB02_M010_G00,XB02,M010,804.8125,1423.96875,619.15625,12.621037374336296,0.0
E52_154bbd26b7808edf72eaa410,13.995666599621927,13.235683344326844,13.235683344326844,444.90797820490957,498.19814035497467,570.0749835094285,0.23896400983981742,0.009166666666666667,0.18918663194444446,0.43731730845092853,2.122682691549072,0.8633383411090848,639.4819458007812,0.0,0.0,639.4819458007812,767.1819458007812,4275.562376320714,467.18194580078125,30.0,654.9079782049096,0.0,1,XB02_M010_G00,XB02_M010_G00,XB02,M010,804.8125,1423.96875,619.15625,13.235683344326844,0.0
E52_2d291a2169e36d61d7bf7582,15.632231005935907,12.790365797832976,12.790365797832976,470.3839036593983,527.1993216484933,599.8752993842263,0.25224474652706685,0.009166666666666667,0.18918663194444446,0.45059804513817797,2.1094019548618226,0.8591881108943193,681.7850158691406,0.0,0.0,681.7850158691406,809.4850158691406,4499.064745381697,509.4850158691406,30.0,680.3839036593984,0.0,1,XB02_M010_G00,XB02_M010_G00,XB02,M010,804.8125,1423.96875,619.15625,12.790365797832976,0.0
E52_575c4f100493de938643a13d,8.748145591440831,2.099203328999508,2.099203328999508,470.05405043895155,518.0123847895375,652.3580947743875,0.259560220504969,0.009166666666666667,0.18918663194444446,0.45791351911608014,2.10208648088392,0.8569020252762249,575.5000122070312,0.0,0.0,575.5000122070312,703.2000122070312,4892.685710807907,437.3766174316406,30.0,680.0540504389515,0.0,1,XB02_M010_G00,XB02_M010_G00,XB02,M010,804.8125,1423.96875,619.15625,2.099203328999508,0.0
E52_7ccd1e182a1b2540fd645bfb,17.598222271069588,2.4191590009326376,2.4191590009326376,429.0509151666868,465.88596358791074,630.2977572539465,0.24168092785315382,0.009166666666666667,0.18918663194444446,0.44003422646426493,2.1199657735357356,0.8624893042299172,447.8438232421875,5.8232421875,5.8232421875,447.8438232421875,575.5438232421875,4727.2331794045995,525.5438232421875,30.0,639.0509151666868,0.0,1,XB02_M010_G00,XB02_M010_G00,XB02,M010,804.8125,1423.96875,619.15625,2.4191590009326376,0.0
E52_7e4744117cf2a1b6b8665ab3,16.603245099807324,12.590569849682154,12.590569849682154,474.82609328547096,530.7107225986219,614.3444106920357,0.25587373999544005,0.009166666666666667,0.18918663194444446,0.45422703860655117,2.1057729613934493,0.8580540504354528,670.6155517578125,0.0,0.0,670.6155517578125,798.3155517578125,4607.5830801902675,498.3155517578125,30.0,684.826093285471,0.0,1,XB02_M010_G00,XB02_M010_G00,XB02,M010,804.8125,1423.96875,619.15625,12.590569849682154,0.0
E52_928897c58ab324fea0c4e2a6,3.484611903020678,1.5883194156787255,1.5883194156787255,531.9728362225934,555.928866496031,695.4103981938848,0.2819677951972939,0.009166666666666667,0.18918663194444446,0.48032109380840504,2.0796789061915955,0.8498996581848735,480.1572998046875,192.6849365234375,192.6849365234375,480.1572998046875,607.8572998046875,5215.577986454136,557.8572998046875,30.0,741.9728362225934,0.0,1,XB02_M010_G00,XB02_M010_G00,XB02,M010,804.8125,1423.96875,619.15625,1.5883194156787255,0.0
E52_a0032802edd73d232f2c84c2,16.578178410595456,12.395809404549922,12.395809404549922,482.4923087567502,538.5719606529091,628.5067061365473,0.26060588149401487,0.009166666666666667,0.18918663194444446,0.458959180105126,2.1010408198948745,0.8565752562171481,672.9558227539062,0.0,0.0,672.9558227539062,800.6558227539062,4713.800296024105,500.65582275390625,30.0,692.4923087567502,0.0,1,XB02_M010_G00,XB02_M010_G00,XB02,M010,804.8125,1423.96875,619.15625,12.395809404549922,0.0
E52_b45db00398315637fb020e5f,5.400247916756143,10.742298629097064,5.400247916756143,520.0993036420956,566.0861185224667,764.2777180019647,0.2932088546230577,0.009166666666666667,0.18918663194444446,0.4915621532341688,2.0684378467658315,0.8463868271143222,551.8417785644531,0.0,0.0,551.8417785644531,679.5417785644531,5732.082885014735,386.71868896484375,30.0,730.0993036420956,0.0,1,XB02_M010_G00,XB02_M010_G00,XB02,M010,804.8125,1423.96875,619.15625,5.400247916756143,0.0
E52_be79b94db4a0a5b6faaed631,13.11389912953588,13.435452033242427,13.11389912953588,439.28613208838135,492.92224150407145,556.7556076826221,0.23507830977561708,0.009166666666666667,0.18918663194444446,0.43343160838672823,2.1265683916132723,0.8645526223791474,643.6333129882812,0.0,0.0,643.6333129882812,771.3333129882812,4175.667057619666,471.33331298828125,30.0,649.2861320883814,0.0,1,XB02_M010_G00,XB02_M010_G00,XB02,M010,804.8125,1423.96875,619.15625,13.11389912953588,0.0
E52_beb70ec57fd2d66bf65b827f,17.38358245881338,2.43785423226241,2.43785423226241,429.6587378248194,468.09544538504076,628.6972302883107,0.2418430061920666,0.009166666666666667,0.18918663194444446,0.44019630480317773,2.119803695196823,0.8624386547490069,461.24049072265626,0.0,0.0,461.24049072265626,588.9404907226562,4715.22922716233,538.9404907226562,30.0,639.6587378248194,0.0,1,XB02_M010_G00,XB02_M010_G00,XB02,M010,804.8125,1423.96875,619.15625,2.43785423226241,0.0
E52_c515ea57360fd29f9add62f7,5.110675927180537,10.649906727109496,5.110675927180537,525.5980011021792,572.0554631586571,772.4512298654912,0.29632198385281766,0.009166666666666667,0.18918663194444446,0.4946752824639288,2.065324717536072,0.8454139742300223,557.4895446777343,0.0,0.0,557.4895446777343,685.1895446777344,5793.384223991184,393.3172912597656,30.0,735.5980011021792,0.0,1,XB02_M010_G00,XB02_M010_G00,XB02,M010,804.8125,1423.96875,619.15625,5.110675927180537,0.0
E52_f4836ff0bfcbe7f74f580128,13.84134266108093,13.198394987858308,13.198394987858308,446.8309536018799,500.3537512499919,572.525121315088,0.23999489789029496,0.009166666666666667,0.18918663194444446,0.4383481965014061,2.1216518034985943,0.8630161885933106,642.2735717773437,0.0,0.0,642.2735717773437,769.9735717773438,4293.93840986316,483.0478820800781,30.0,656.8309536018799,0.0,1,XB02_M010_G00,XB02_M010_G00,XB02,M010,804.8125,1423.96875,619.15625,13.198394987858308,0.0
E52_fb97bb829fc82a7376005525,16.46353643879513,12.561592200960149,12.561592200960149,483.9909817485873,542.6900133241081,615.7877740440496,0.2593375767224136,0.009166666666666667,0.18918663194444446,0.4576908753335247,2.102309124666476,0.8569716014582736,704.38837890625,0.0,0.0,704.38837890625,832.08837890625,4618.408305330372,532.08837890625,30.0,693.9909817485873,0.0,1,XB02_M010_G00,XB02_M010_G00,XB02,M010,804.8125,1423.96875,619.15625,12.561592200960149,0.0
E52_1ef47ef68c1879e18ddbb164,1.8109249337023954,9.684707827919368,1.8109249337023954,525.9457118932837,556.9823492630754,865.6715995678175,0.30964781577290457,0.009166666666666667,0.24116927083333334,0.5599837532729046,2.000016246727096,0.8250050771022173,372.4396484375,0.0,0.0,372.4396484375,500.1396484375,6492.536996758631,304.7821350097656,30.0,735.9457118932837,0.0,1,XB02_M012_G00,XB02_M012_G00,XB02,M012,3791.3125,4580.59375,789.28125,1.8109249337023954,0.0
E52_2e64690809088e2a96fb2160,6.762800143482835,9.500767968691491,6.762800143482835,523.7789293194231,550.945126524013,884.5606754113072,0.31155234822715455,0.009166666666666667,0.24116927083333334,0.5618882857271545,1.998111714272846,0.8244099107102643,325.99436645507814,0.0,0.0,325.99436645507814,453.6943664550781,6634.205065584804,329.6845703125,30.0,733.7789293194231,0.0,1,XB02_M012_G00,XB02_M012_G00,XB02,M012,3791.3125,4580.59375,789.28125,6.762800143482835,0.0
E52_30110e5b3ae38ecfab28ace2,0.871248743195423,10.05954008012911,0.871248743195423,514.4106891471403,547.7506496268766,828.7816154158626,0.30032099335417484,0.009166666666666667,0.24116927083333334,0.5506569308541749,2.0093430691458254,0.8279197091080703,400.07952575683595,0.0,0.0,400.07952575683595,527.7795257568359,6215.862115618969,313.0162353515625,30.0,724.4106891471403,0.0,1,XB02_M012_G00,XB02_M012_G00,XB02,M012,3791.3125,4580.59375,789.28125,0.871248743195423,0.0
E52_413d3eff5d481ef66f8d3068,6.7491105612140245,9.493762996477216,6.7491105612140245,548.7789293194231,584.2784598573463,884.5606754113072,0.3204434082194385,0.009166666666666667,0.24116927083333334,0.5707793457194386,1.989220654280562,0.8216314544626755,425.99436645507814,0.0,0.0,425.99436645507814,553.6943664550781,6634.205065584804,329.6845703125,30.0,758.7789293194231,0.0,1,XB02_M012_G00,XB02_M012_G00,XB02,M012,3791.3125,4580.59375,789.28125,6.7491105612140245,0.0
E52_82c821a5773d0bfbe554f10a,5.523919136465679,11.397135806608844,5.523919136465679,512.9354114719376,566.0737563002253,707.0407539741487,0.2825549862639304,0.009166666666666667,0.24116927083333334,0.5328909237639303,2.02710907623607,0.8334715863237718,637.6601379394531,0.0,0.0,637.6601379394531,765.3601379394531,5302.805654806116,465.3601379394531,30.0,722.9354114719376,0.0,1,XB02_M012_G00,XB02_M012_G00,XB02,M012,3791.3125,4580.59375,789.28125,5.523919136465679,0.0
E52_831cee7e7a3a549796e42b18,10.121282467012676,10.042846261792022,10.042846261792022,524.445203057942,560.9167693217765,830.061008532876,0.3040708837654974,0.009166666666666667,0.24116927083333334,0.5544068212654973,2.005593178734503,0.8267478683545321,437.65879516601564,0.0,0.0,437.65879516601564,565.3587951660156,6225.457563996571,359.5916748046875,30.0,734.445203057942,0.0,1,XB02_M012_G00,XB02_M012_G00,XB02,M012,3791.3125,4580.59375,789.28125,10.042846261792022,0.0
E52_88c1c7aba1fcf94c58dad20e,6.757258559350021,9.497510042154289,6.757258559350021,536.2789293194231,567.6117931906797,884.5606754113072,0.3159978782232965,0.009166666666666667,0.24116927083333334,0.5663338157232964,1.993666184276704,0.8230206825864699,375.99436645507814,0.0,0.0,375.99436645507814,503.6943664550781,6634.205065584804,329.6845703125,30.0,746.2789293194231,0.0,1,XB02_M012_G00,XB02_M012_G00,XB02,M012,3791.3125,4580.59375,789.28125,6.757258559350021,0.0
E52_c98d1e580ba9a8920eeacbdb,9.90795809912322,9.995636820319618,9.90795809912322,531.3190315479533,569.3529452238973,834.4345810402425,0.30713490815373307,0.009166666666666667,0.24116927083333334,0.5574708456537331,2.0025291543462673,0.8257903607332084,456.40696411132814,0.0,0.0,456.40696411132814,584.1069641113281,6258.259357801819,362.73199462890625,30.0,741.3190315479533,0.0,1,XB02_M012_G00,XB02_M012_G00,XB02,M012,3791.3125,4580.59375,789.28125,9.90795809912322,0.0
E52_cdef0b479e00ae29ebd83132,0.4692401324579123,10.01648148125875,0.4692401324579123,520.0071121141804,554.5433095222207,832.7970397801186,0.3028799960747676,0.009166666666666667,0.24116927083333334,0.5532159335747676,2.006784066425233,0.8271200207578852,414.4343688964844,0.0,0.0,414.4343688964844,542.1343688964844,6245.977798350889,297.6476745605469,30.0,730.0071121141804,0.0,1,XB02_M012_G00,XB02_M012_G00,XB02,M012,3791.3125,4580.59375,789.28125,0.4692401324579123,0.0
E52_d3460088443e86b69235cf2f,9.820370805240273,10.110906533633653,9.820370805240273,520.9986937965015,557.4049117530444,823.5600798537452,0.3019244763287566,0.009166666666666667,0.24116927083333334,0.5522604138287566,2.007739586171244,0.8274186206785136,436.87461547851564,0.0,0.0,436.87461547851564,564.5746154785156,6176.700598903089,276.8628845214844,30.0,730.9986937965015,0.0,1,XB02_M012_G00,XB02_M012_G00,XB02,M012,3791.3125,4580.59375,789.28125,9.820370805240273,0.0
E52_ef8fa59407d07a2296b5f591,1.3695242495045648,0.3151276047193221,0.3151276047193221,505.85939793409244,540.3898465933535,804.5361039126185,0.29384606362066074,0.009166666666666667,0.24116927083333334,0.5441820011206607,2.01581799887934,0.8299431246497935,414.3653839111328,0.0,0.0,414.3653839111328,542.0653839111328,6034.020779344639,284.8677062988281,30.0,715.8593979340924,0.0,1,XB02_M012_G00,XB02_M012_G00,XB02,M012,3791.3125,4580.59375,789.28125,0.3151276047193221,0.0
E52_01234cac2d25748209cb57e8,7.6015868942782845,5.963634638729843,5.963634638729843,275.78386787661753,295.55487261701467,419.772700963196,0.15719547582798327,0.009166666666666667,0.007743923611111111,0.17410606610576104,2.3858939338942395,0.9455918543419497,248.53977661132814,11.2877197265625,11.2877197265625,248.53977661132814,376.2397766113281,3148.2952572239697,326.2397766113281,30.0,485.78386787661753,0.0,1,XB02_M013_G00,XB02_M013_G00,XB02,M013,3947.90625,3973.25,25.34375,5.963634638729843,0.0
E52_060143e4033ea7dfc142ce26,3.7530512604387383,13.051384290227645,3.7530512604387383,390.52156568077555,422.97629514244545,586.3147545915316,0.2219218246513189,0.009166666666666667,0.007743923611111111,0.23883241492909668,2.3211675850709037,0.9253648703346573,389.4567535400391,0.0,0.0,389.4567535400391,517.1567535400391,4397.360659436487,293.1027526855469,30.0,600.5215656807756,0.0,1,XB02_M013_G00,XB02_M013_G00,XB02,M013,3947.90625,3973.25,25.34375,3.7530512604387383,0.0
E52_06eb0baa948af7ff52881bcf,6.175993382244286,16.258674653736037,6.175993382244286,296.7597053393259,328.36499963050426,403.88764493158146,0.16274021246714285,0.009166666666666667,0.007743923611111111,0.17965080274492062,2.3803491972550797,0.9438591241422123,379.26353149414064,0.0,0.0,379.26353149414064,506.9635314941406,3029.157336986861,306.9635314941406,30.0,506.7597053393259,0.0,1,XB02_M013_G00,XB02_M013_G00,XB02,M013,3947.90625,3973.25,25.34375,6.175993382244286,0.0
E52_0c56c0f390b777971f9a7e58,1.0775877503524072,2.1743859331465814,1.0775877503524072,461.3120930283848,507.24512830670517,647.0259743868478,0.2556960576036008,0.009166666666666667,0.007743923611111111,0.27260664788137856,2.287393352118622,0.9148104225370692,551.1964233398437,0.0,0.0,551.1964233398437,678.8964233398438,4852.694807901358,431.4708251953125,30.0,671.3120930283849,0.0,1,XB02_M013_G00,XB02_M013_G00,XB02,M013,3947.90625,3973.25,25.34375,1.0775877503524072,0.0
E52_0c9d91fc306062a18ada9948,7.762996687689963,15.697900697510477,7.762996687689963,331.42241999480143,370.2725110389095,429.7442937249544,0.1787296459836012,0.009166666666666667,0.007743923611111111,0.19564023626137897,2.3643597637386216,0.938862426168319,466.2010925292969,0.0,0.0,466.2010925292969,593.9010925292969,3223.082202937158,326.7436828613281,30.0,541.4224199948014,0.0,1,XB02_M013_G00,XB02_M013_G00,XB02,M013,3947.90625,3973.25,25.34375,7.762996687689963,0.0
E52_0f45fcab7c66cb90fa618929,2.8735213965637314,12.721246579688795,2.8735213965637314,427.8988653120833,469.21977900837237,607.8722484464322,0.23826781941132907,0.009166666666666667,0.007743923611111111,0.2551784096891068,2.3048215903108935,0.9202567469721541,495.85096435546876,0.0,0.0,495.85096435546876,623.5509643554688,4559.041863348241,326.6978454589844,30.0,637.8988653120832,0.0,1,XB02_M013_G00,XB02_M013_G00,XB02,M013,3947.90625,3973.25,25.34375,2.8735213965637314,0.0
E52_0fa03b8d9ed736d48919c1b7,3.2982654093640633,11.555158541579928,3.2982654093640633,469.53189880990186,510.00510285042924,696.2245733766397,0.2655870342753843,0.009166666666666667,0.007743923611111111,0.2824976245531621,2.277502375446838,0.9117194923271369,485.67844848632814,0.0,0.0,485.67844848632814,613.3784484863281,5221.684300324798,318.1667785644531,30.0,679.5318988099018,0.0,1,XB02_M013_G00,XB02_M013_G00,XB02,M013,3947.90625,3973.25,25.34375,3.2982654093640633,0.0
E52_12b142f00e8cb4e3948f96c2,3.4140919359237216,12.991659521749298,3.4140919359237216,402.5936730780369,438.4739485500421,589.9056933240425,0.22672373828986628,0.009166666666666667,0.007743923611111111,0.24363432856764405,2.3163656714323566,0.9238642723226113,430.5633056640625,0.0,0.0,430.5633056640625,558.2633056640625,4424.292699930319,284.7546081542969,30.0,612.5936730780369,0.0,1,XB02_M013_G00,XB02_M013_G00,XB02,M013,3947.90625,3973.25,25.34375,3.4140919359237216,0.0
E52_189eb019491ad876aa165071,6.05441266600792,3.8094716871601975,3.8094716871601975,403.09916814168594,448.35288467407526,534.676037089036,0.21908171065325852,0.009166666666666667,0.007743923611111111,0.2359923009310363,2.3240076990689644,0.9262524059590511,543.0445983886718,0.0,0.0,543.0445983886718,670.7445983886719,4010.07027816777,391.87322998046875,30.0,613.0991681416859,0.0,1,XB02_M013_G00,XB02_M013_G00,XB02,M013,3947.90625,3973.25,25.34375,3.8094716871601975,0.0
E52_1eac4bbcd37cec5d48241661,7.5481920595487395,6.04580255430777,6.04580255430777,275.66392246828667,298.30930922772677,415.4555243799327,0.1568759382441215,0.009166666666666667,0.007743923611111111,0.17378652852189927,2.386213471478101,0.9456917098369064,271.74464111328126,0.0,0.0,271.74464111328126,399.44464111328125,3115.9164328494953,326.2397766113281,30.0,485.66392246828667,0.0,1,XB02_M013_G00,XB02_M013_G00,XB02,M013,3947.90625,3973.25,25.34375,6.04580255430777,0.0
E52_1ef47ef68c1879e18ddbb164,7.544123889989692,9.684707827919368,7.544123889989692,525.9457118932837,556.9823492630754,865.6715995678175,0.30964781577290457,0.009166666666666667,0.007743923611111111,0.3265584060506823,2.233441593949318,0.8979504981091617,372.4396484375,0.0,0.0,372.4396484375,500.1396484375,6492.536996758631,304.7821350097656,30.0,735.9457118932837,0.0,1,XB02_M013_G00,XB02_M013_G00,XB02,M013,3947.90625,3973.25,25.34375,7.544123889989692,0.0
E52_214ce9a3b3bd3fa9c582335a,8.95236642581574,15.138353346483314,8.95236642581574,331.46735474952504,365.31699057309277,459.8368945576438,0.1830074384559416,0.009166666666666667,0.007743923611111111,0.1999180287337194,2.3600819712662813,0.9375256160207127,406.1956298828125,0.0,0.0,406.1956298828125,533.8956298828125,3448.7767091823284,283.8956298828125,30.0,541.467354749525,0.0,1,XB02_M013_G00,XB02_M013_G00,XB02,M013,3947.90625,3973.25,25.34375,8.95236642581574,0.0
E52_215ef380a7eb56a6f7d09ab1,14.361002843751166,12.440860913671315,12.440860913671315,437.2780853288336,478.35957590907447,628.0672271762219,0.2444635461376352,0.009166666666666667,0.007743923611111111,0.26137413641541296,2.2986258635845873,0.9183205823701834,492.97788696289064,0.0,0.0,492.97788696289064,620.6778869628906,4710.504203821664,324.9881591796875,30.0,647.2780853288336,0.0,1,XB02_M013_G00,XB02_M013_G00,XB02,M013,3947.90625,3973.25,25.34375,12.440860913671315,0.0
E52_231555d7070bcf1a0911e332,7.499708704561485,5.981962334569488,5.981962334569488,303.4113952968874,335.0249979987103,417.14117438283733,0.1669828432889251,0.009166666666666667,0.007743923611111111,0.18389343356670287,2.3761065664332977,0.9425333020104053,379.363232421875,0.0,0.0,379.363232421875,507.063232421875,3128.55880787128,326.2397766113281,30.0,513.4113952968873,0.0,1,XB02_M013_G00,XB02_M013_G00,XB02,M013,3947.90625,3973.25,25.34375,5.981962334569488,0.0
E52_231de36c6439da832299e30f,3.5042123915070107,16.451156269229884,3.5042123915070107,336.2639482811268,383.1573412254627,391.1675388962379,0.1749881335365896,0.009166666666666667,0.007743923611111111,0.19189872381436737,2.3681012761856333,0.9400316488080102,562.7207153320312,0.0,0.0,562.7207153320312,690.4207153320312,2933.7565417217843,390.42071533203125,30.0,546.2639482811268,0.0,1,XB02_M013_G00,XB02_M013_G00,XB02,M013,3947.90625,3973.25,25.34375,3.5042123915070107,0.0
E52_246111a1ef063bec9e89ec9e,3.476872722406327,13.03223549741864,3.476872722406327,413.11352328410356,453.07003166626504,586.4879962752384,0.22998101771643822,0.009166666666666667,0.007743923611111111,0.246891607994216,2.3131083920057844,0.9228463725018075,479.4781005859375,0.0,0.0,479.4781005859375,607.1781005859375,4398.659972064288,469.28277587890625,30.0,623.1135232841036,0.0,1,XB02_M013_G00,XB02_M013_G00,XB02,M013,3947.90625,3973.25,25.34375,3.476872722406327,0.0
E52_24cc4f01335372459fb4c2ba,13.474787145527358,12.909161020133865,12.909161020133865,410.2633482290822,447.7953418407359,595.3347347882426,0.23022027843265847,0.009166666666666667,0.007743923611111111,0.24713086871043624,2.312869131289564,0.9227716035279887,450.38392333984376,0.0,0.0,450.38392333984376,578.0839233398438,4465.010510911819,278.08392333984375,30.0,620.2633482290822,0.0,1,XB02_M013_G00,XB02_M013_G00,XB02,M013,3947.90625,3973.25,25.34375,12.909161020133865,0.0
E52_24db349315b2a6b84dd4215d,8.367435843231647,5.686957833295324,5.686957833295324,283.5201066466774,305.8382661315407,433.1312563841751,0.1621732249548407,0.009166666666666667,0.007743923611111111,0.1790838152326185,2.380916184767382,0.9440363077398067,267.8179138183594,0.0,0.0,267.8179138183594,395.5179138183594,3248.4844228813135,322.1230773925781,30.0,493.5201066466774,0.0,1,XB02_M013_G00,XB02_M013_G00,XB02,M013,3947.90625,3973.25,25.34375,5.686957833295324,0.0
E52_27bf01e9e990859ae5993708,7.517326887616036,15.932490639468014,7.517326887616036,318.6138217216496,355.0514931287134,418.60161500091635,0.17259630304263499,0.009166666666666667,0.007743923611111111,0.18950689332041276,2.3704931066795876,0.940779095837371,437.25205688476564,0.0,0.0,437.25205688476564,564.9520568847656,3139.5121125068727,326.2397766113281,30.0,528.6138217216496,0.0,1,XB02_M013_G00,XB02_M013_G00,XB02,M013,3947.90625,3973.25,25.34375,7.517326887616036,0.0
E52_27bf1882d0e1a812c8450c72,6.472377449794223,16.18675851321828,6.472377449794223,334.03154784809436,377.9609795090644,404.48650573036844,0.17608047258726683,0.009166666666666667,0.007743923611111111,0.1929910628650446,2.367008937134956,0.9396902928546735,527.1531799316406,0.0,0.0,527.1531799316406,654.8531799316406,3033.648792977763,359.1753845214844,30.0,544.0315478480943,0.0,1,XB02_M013_G00,XB02_M013_G00,XB02,M013,3947.90625,3973.25,25.34375,6.472377449794223,0.0
E52_27fdcb9bc2da20af468e67a1,8.316430081710706,15.630401191469062,8.316430081710706,333.5201066466774,372.5049327982074,433.1312563841751,0.1799553449394086,0.009166666666666667,0.007743923611111111,0.19686593521718637,2.3631340647828143,0.9384793952446293,467.8179138183594,0.0,0.0,467.8179138183594,595.5179138183594,3248.4844228813135,322.1230773925781,30.0,543.5201066466774,0.0,1,XB02_M013_G00,XB02_M013_G00,XB02,M013,3947.90625,3973.25,25.34375,8.316430081710706,0.0
E52_29c9aa5399273a7ee24bceb6,3.602945485731368,11.583777919859742,3.602945485731368,451.9321692173844,486.7995103225277,694.6602918039094,0.2591062855773863,0.009166666666666667,0.007743923611111111,0.27601687585516405,2.2839831241448363,0.9137447262952613,418.40809326171876,0.0,0.0,418.40809326171876,546.1080932617188,5209.952188529321,322.9142761230469,30.0,661.9321692173844,0.0,1,XB02_M013_G00,XB02_M013_G00,XB02,M013,3947.90625,3973.25,25.34375,3.602945485731368,0.0
E52_2cea01313b8862fcfb6b2e63,12.341006402588533,16.460055432828085,12.341006402588533,259.5957489704318,280.08528245838755,396.2542970131293,0.148442074342722,0.009166666666666667,0.007743923611111111,0.16535266462049977,2.3946473353795006,0.9483272923060938,245.87440185546876,0.0,0.0,245.87440185546876,373.57440185546875,2971.90722759847,231.8917236328125,30.0,469.5957489704318,0.0,1,XB02_M013_G00,XB02_M013_G00,XB02,M013,3947.90625,3973.25,25.34375,12.341006402588533,0.0
E52_2d7a36258a59c18fc6a856bf,6.935285435544742,16.662039037059316,6.935285435544742,318.72117968179435,361.17160743651436,382.73979283526836,0.16755561647288383,0.009166666666666667,0.007743923611111111,0.1844662067506616,2.375533793249339,0.9423543103904183,509.40513305664064,0.0,0.0,509.40513305664064,637.1051330566406,2870.5484462645127,346.4301452636719,30.0,528.7211796817944,0.0,1,XB02_M013_G00,XB02_M013_G00,XB02,M013,3947.90625,3973.25,25.34375,6.935285435544742,0.0
E52_2dadfb43d7dd9558e21effa9,12.816481962557887,12.85982438864363,12.816481962557887,396.07517918576866,428.1792069974549,599.5261915014202,0.22576797164618329,0.009166666666666667,0.007743923611111111,0.24267856192396106,2.3173214380760396,0.9241629493987622,385.2483337402344,0.0,0.0,385.2483337402344,512.9483337402344,4496.446436260651,248.30487060546875,30.0,606.0751791857687,0.0,1,XB02_M013_G00,XB02_M013_G00,XB02,M013,3947.90625,3973.25,25.34375,12.816481962557887,0.0
E52_2e64690809088e2a96fb2160,7.240021831359627,9.500767968691491,7.240021831359627,523.7789293194231,550.945126524013,884.5606754113072,0.31155234822715455,0.009166666666666667,0.007743923611111111,0.3284629385049323,2.231537061495068,0.8973553317172087,325.99436645507814,0.0,0.0,325.99436645507814,453.6943664550781,6634.205065584804,329.6845703125,30.0,733.7789293194231,0.0,1,XB02_M013_G00,XB02_M013_G00,XB02,M013,3947.90625,3973.25,25.34375,7.240021831359627,0.0
E52_30110e5b3ae38ecfab28ace2,4.669547766660472,10.05954008012911,4.669547766660472,514.4106891471403,547.7506496268766,828.7816154158626,0.30032099335417484,0.009166666666666667,0.007743923611111111,0.3172315836319526,2.242768416368048,0.9008651301150148,400.07952575683595,0.0,0.0,400.07952575683595,527.7795257568359,6215.862115618969,313.0162353515625,30.0,724.4106891471403,0.0,1,XB02_M013_G00,XB02_M013_G00,XB02,M013,3947.90625,3973.25,25.34375,4.669547766660472,0.0
E52_326bd9096774308657b14836,7.147541310627631,6.820761438549596,6.820761438549596,254.20783025924425,275.6237299174474,379.92026256926977,0.1442126230476059,0.009166666666666667,0.007743923611111111,0.16112321332538368,2.398876786674617,0.9496489958358176,256.9907958984375,0.0,0.0,256.9907958984375,384.6907958984375,2849.4019692695233,334.6907958984375,30.0,464.20783025924425,0.0,1,XB02_M013_G00,XB02_M013_G00,XB02,M013,3947.90625,3973.25,25.34375,6.820761438549596,0.0
E52_32cd7932ac3bc8f6e82bd016,2.668598509994297,12.531399030736651,2.668598509994297,433.33722088021847,474.19552115284216,621.5246401246948,0.24213542524196421,0.009166666666666667,0.007743923611111111,0.259046015519742,2.3009539844802585,0.9190481201500806,490.2996032714844,0.0,0.0,490.2996032714844,617.9996032714844,4661.434800935211,324.9372863769531,30.0,643.3372208802184,0.0,1,XB02_M013_G00,XB02_M013_G00,XB02,M013,3947.90625,3973.25,25.34375,2.668598509994297,0.0
E52_3322673a66874be8fb5ff9e0,3.0952897824671197,12.93559360833251,3.0952897824671197,392.2739001975914,423.9757012433271,594.3369941207687,0.2236811646950203,0.009166666666666667,0.007743923611111111,0.24059175497279808,2.319408245027202,0.9248150765710006,380.42161254882814,0.0,0.0,380.42161254882814,508.1216125488281,4457.527455905765,308.1216125488281,30.0,602.2739001975914,0.0,1,XB02_M013_G00,XB02_M013_G00,XB02,M013,3947.90625,3973.25,25.34375,3.0952897824671197,0.0
E52_357bbbd4dc4420221c875ea3,10.658293630458544,12.241245229232817,10.658293630458544,405.4327582223269,433.1514265878055,644.5535062517828,0.23547283792056264,0.009166666666666667,0.007743923611111111,0.2523834281983404,2.30761657180166,0.9211301786880186,332.6240203857422,0.0,0.0,332.6240203857422,460.3240203857422,4834.151296888371,255.67149353027344,30.0,615.4327582223269,0.0,1,XB02_M013_G00,XB02_M013_G00,XB02,M013,3947.90625,3973.25,25.34375,10.658293630458544,0.0
E52_3875f0f2b8e39572338b498b,14.73666136726716,12.654831201135607,12.654831201135607,430.443023323014,471.8276755243487,612.5781334380202,0.23983909257274777,0.009166666666666667,0.007743923611111111,0.2567496828505255,2.303250317149475,0.9197657241092108,496.61582641601564,0.0,0.0,496.61582641601564,624.3158264160156,4594.336000785152,324.3158264160156,30.0,640.443023323014,0.0,1,XB02_M013_G00,XB02_M013_G00,XB02,M013,3947.90625,3973.25,25.34375,12.654831201135607,0.0
E52_3a94b6482baa2cfaba8a857d,6.70551395312215,16.425448776817632,6.70551395312215,326.01303055755295,369.111023518165,393.4381033514341,0.17166403726355467,0.009166666666666667,0.007743923611111111,0.18857462754133245,2.3714253724586682,0.9410704288933336,517.1759155273437,0.0,0.0,517.1759155273437,644.8759155273438,2950.785775135756,352.4370422363281,30.0,536.013030557553,0.0,1,XB02_M013_G00,XB02_M013_G00,XB02,M013,3947.90625,3973.25,25.34375,6.70551395312215,0.0
E52_413d3eff5d481ef66f8d3068,7.219326515481626,9.493762996477216,7.219326515481626,548.7789293194231,584.2784598573463,884.5606754113072,0.3204434082194385,0.009166666666666667,0.007743923611111111,0.33735399849721626,2.2226460015027842,0.89457687546962,425.99436645507814,0.0,0.0,425.99436645507814,553.6943664550781,6634.205065584804,329.6845703125,30.0,758.7789293194231,0.0,1,XB02_M013_G00,XB02_M013_G00,XB02,M013,3947.90625,3973.25,25.34375,7.219326515481626,0.0
E52_437c6a333219b14c3939f26c,7.519440393779718,6.0194831627628105,6.0194831627628105,277.09771274073506,296.211315442558,417.14117438283733,0.1570562493971614,0.009166666666666667,0.007743923611111111,0.17396683967493917,2.3860331603250615,0.9456353626015815,248.53977661132814,19.176544189453125,19.176544189453125,248.53977661132814,376.2397766113281,3128.55880787128,326.2397766113281,30.0,487.09771274073506,0.0,1,XB02_M013_G00,XB02_M013_G00,XB02,M013,3947.90625,3973.25,25.34375,6.0194831627628105,0.0
E52_44ed69e1d99dc074a7941a18,9.28374305160959,8.900383690419545,8.900383690419545,188.27556058823757,199.0276355292369,299.7078152072368,0.1090911242968749,0.009166666666666667,0.007743923611111111,0.12600171457465267,2.4339982854253477,0.960624464195421,139.59420471191407,10.569305419921875,10.569305419921875,139.59420471191407,267.29420471191406,2247.808614054276,217.29420471191406,30.0,398.27556058823757,0.0,1,XB02_M013_G00,XB02_M013_G00,XB02,M013,3947.90625,3973.25,25.34375,8.900383690419545,0.0
E52_4513f74e4ba51c209cccc792,1.9506124112859595,9.790974506635663,1.9506124112859595,548.6050089915749,589.1156759023821,854.1460165183059,0.3160741321008959,0.009166666666666667,0.007743923611111111,0.33298472237867366,2.227015277621327,0.8959422742566645,486.1280029296875,0.0,0.0,486.1280029296875,613.8280029296875,6406.095123887295,391.8226318359375,30.0,758.6050089915749,0.0,1,XB02_M013_G00,XB02_M013_G00,XB02,M013,3947.90625,3973.25,25.34375,1.9506124112859595,0.0
E52_47db2d0d55c92154c779a4c9,5.907727301044019,16.45726286038159,5.907727301044019,312.62709924858126,351.3219092257948,393.08533863388124,0.16685347284684848,0.009166666666666667,0.007743923611111111,0.18376406312462626,2.376235936875374,0.9425737302735543,464.3377197265625,0.0,0.0,464.3377197265625,592.0377197265625,2948.1400397541092,295.61395263671875,30.0,522.6270992485813,0.0,1,XB02_M013_G00,XB02_M013_G00,XB02,M013,3947.90625,3973.25,25.34375,5.907727301044019,0.0
E52_4cf0fac9feb721651efb2830,10.351428337946402,17.82597875173802,10.351428337946402,242.69354898018014,267.32891198677197,337.5749199208095,0.13412057160327687,0.009166666666666667,0.007743923611111111,0.15103116188105464,2.408968838118946,0.9528027619121704,295.6243560791016,0.0,0.0,295.6243560791016,423.32435607910156,2531.8118994060715,217.31182861328125,30.0,452.69354898018014,0.0,1,XB02_M013_G00,XB02_M013_G00,XB02,M013,3947.90625,3973.25,25.34375,10.351428337946402,0.0
E52_4d215302190bc5bfb29bf912,5.470478047511321,16.37371485667674,5.470478047511321,307.50969179304633,343.7570581260541,397.53518558804575,0.1656637075427803,0.009166666666666667,0.007743923611111111,0.18257429782055806,2.3774257021794423,0.9429455319310756,434.96839599609376,0.0,0.0,434.96839599609376,562.6683959960938,2981.5138919103433,336.56707763671875,30.0,517.5096917930464,0.0,1,XB02_M013_G00,XB02_M013_G00,XB02,M013,3947.90625,3973.25,25.34375,5.470478047511321,0.0
E52_50c718ca7f326f764494c89d,17.917361325411306,13.080943299176411,13.080943299176411,350.85355156655817,370.1881015340061,585.6998033284289,0.20772710552759727,0.009166666666666667,0.007743923611111111,0.22463769580537504,2.3353623041946254,0.9298007200608203,232.014599609375,0.0,0.0,232.014599609375,359.714599609375,4392.748524963216,275.29461669921875,30.0,560.8535515665582,0.0,1,XB02_M013_G00,XB02_M013_G00,XB02,M013,3947.90625,3973.25,25.34375,13.080943299176411,0.0
E52_515a3b7c8d98426ee13f2b4e,11.518360204186095,17.07508762021844,11.518360204186095,242.68536134104386,262.0561394884234,369.14605379781034,0.13858886614696947,0.009166666666666667,0.007743923611111111,0.15549945642474725,2.4045005435752533,0.9514064198672665,232.4493377685547,0.0,0.0,232.4493377685547,360.1493377685547,2768.5954034835777,210.1493377685547,30.0,452.68536134104386,0.0,1,XB02_M013_G00,XB02_M013_G00,XB02,M013,3947.90625,3973.25,25.34375,11.518360204186095,0.0
E52_575c4f100493de938643a13d,1.169603954672482,2.099203328999508,1.169603954672482,470.05405043895155,518.0123847895375,652.3580947743875,0.259560220504969,0.009166666666666667,0.007743923611111111,0.27647081078274677,2.2835291892172536,0.9136028716303917,575.5000122070312,0.0,0.0,575.5000122070312,703.2000122070312,4892.685710807907,437.3766174316406,30.0,680.0540504389515,0.0,1,XB02_M013_G00,XB02_M013_G00,XB02,M013,3947.90625,3973.25,25.34375,1.169603954672482,0.0
E52_60b0dc656c777ee2cc2279b1,2.460738971008908,0.21315146591224732,0.21315146591224732,563.4362729251038,615.9641949832094,811.705013501575,0.3153381258454166,0.009166666666666667,0.007743923611111111,0.33224871612319434,2.227751283876806,0.8961722762115018,630.3350646972656,0.0,0.0,630.3350646972656,758.0350646972656,6087.787601261813,495.9024353027344,30.0,773.4362729251038,0.0,1,XB02_M013_G00,XB02_M013_G00,XB02,M013,3947.90625,3973.25,25.34375,0.21315146591224732,0.0
E52_60b76d98beea93305f35c25d,11.690283454606472,16.79058398580294,11.690283454606472,271.8613885249859,299.0873836523459,380.3668062858116,0.15055421784231732,0.009166666666666667,0.007743923611111111,0.1674648081200951,2.3925351918799054,0.9476672474624703,326.7119415283203,0.0,0.0,326.7119415283203,454.4119415283203,2852.751047143587,241.2421875,30.0,481.8613885249859,0.0,1,XB02_M013_G00,XB02_M013_G00,XB02,M013,3947.90625,3973.25,25.34375,11.690283454606472,0.0
E52_67646c2afbeb5602853e5a9c,3.090635357443972,12.927232110573698,3.090635357443972,404.7739001975914,440.6423679099937,594.3369941207687,0.22812669469116229,0.009166666666666667,0.007743923611111111,0.24503728496894006,2.3149627150310605,0.9234258484472062,430.42161254882814,0.0,0.0,430.42161254882814,558.1216125488281,4457.527455905765,308.1216125488281,30.0,614.7739001975914,0.0,1,XB02_M013_G00,XB02_M013_G00,XB02,M013,3947.90625,3973.25,25.34375,3.090635357443972,0.0
E52_68694062ed2e2e792aeb51a9,8.389089860625035,17.695890544520793,8.389089860625035,262.3147609906027,292.8212075746684,341.5908424768108,0.1416674545099547,0.009166666666666667,0.007743923611111111,0.15857804478773246,2.401421955212268,0.9504443610038336,366.0773590087891,0.0,0.0,366.0773590087891,493.77735900878906,2561.931318576081,213.8477783203125,30.0,472.3147609906027,0.0,1,XB02_M013_G00,XB02_M013_G00,XB02,M013,3947.90625,3973.25,25.34375,8.389089860625035,0.0
E52_6aa461eda22a4c53e6730e81,7.021265446859573,6.478254834226846,6.478254834226846,265.8104536255181,288.3542041341444,395.1560268799425,0.15046620221455187,0.009166666666666667,0.007743923611111111,0.16737679249232965,2.392623207507671,0.947694752346147,271.555615234375,1.030609130859375,1.030609130859375,271.555615234375,399.255615234375,2963.670201599569,349.255615234375,30.0,475.8104536255181,0.0,1,XB02_M013_G00,XB02_M013_G00,XB02,M013,3947.90625,3973.25,25.34375,6.478254834226846,0.0
E52_6dc095df8eb6475486134b5c,3.59648511862909,12.905188948092743,3.59648511862909,424.06014837873875,466.2734748964797,594.8403376510322,0.23505698741925235,0.009166666666666667,0.007743923611111111,0.2519675776970301,2.3080324223029702,0.921260131969678,506.55991821289064,0.0,0.0,506.55991821289064,634.2599182128906,4461.302532382741,440.2059631347656,30.0,634.0601483787387,0.0,1,XB02_M013_G00,XB02_M013_G00,XB02,M013,3947.90625,3973.25,25.34375,3.59648511862909,0.0
E52_73baea82bbbffa2db9d7426a,7.832396872640544,5.711384152670419,5.711384152670419,297.3854850658978,324.64222792478455,431.2305129784753,0.16683515196021612,0.009166666666666667,0.007743923611111111,0.1837457422379939,2.3762542577620067,0.9425794555506269,327.08091430664064,0.0,0.0,327.08091430664064,454.7809143066406,3234.2288473385647,335.390380859375,30.0,507.3854850658978,0.0,1,XB02_M013_G00,XB02_M013_G00,XB02,M013,3947.90625,3973.25,25.34375,5.711384152670419,0.0
E52_74b3fb0a4920873efc33101b,5.936342725639065,6.525083879148042,5.936342725639065,262.62709924858126,284.6552425591281,393.08533863388124,0.14907135286228057,0.009166666666666667,0.007743923611111111,0.16598194314005835,2.394018056859942,0.9481306427687317,264.3377197265625,0.0,0.0,264.3377197265625,392.0377197265625,2948.1400397541092,295.61395263671875,30.0,472.62709924858126,0.0,1,XB02_M013_G00,XB02_M013_G00,XB02,M013,3947.90625,3973.25,25.34375,5.936342725639065,0.0
E52_7547086a1218012670f76a62,11.963093037272017,2.277872015791573,2.277872015791573,370.7957901832663,387.27013608984186,642.7455049270795,0.2228984084752749,0.009166666666666667,0.007743923611111111,0.23980899875305267,2.3201910012469478,0.9250596878896711,197.69215087890626,0.0,0.0,197.69215087890626,325.39215087890625,4820.591286953097,275.39215087890625,30.0,580.7957901832663,0.0,1,XB02_M013_G00,XB02_M013_G00,XB02,M013,3947.90625,3973.25,25.34375,2.277872015791573,0.0
E52_76b4f0bdabd1ccab126282dd,11.123194444298633,17.180198899819032,11.123194444298633,244.7670432960008,265.6078646257534,364.489158613486,0.13866967590706417,0.009166666666666667,0.007743923611111111,0.15558026618484194,2.4044197338151587,0.951381166817237,250.08985595703126,0.0,0.0,250.08985595703126,377.78985595703125,2733.6686896011447,241.2421875,30.0,454.7670432960008,0.0,1,XB02_M013_G00,XB02_M013_G00,XB02,M013,3947.90625,3973.25,25.34375,11.123194444298633,0.0
E52_7e5f4a4eaf9aa5b10576997a,12.90789915536753,13.086620585622072,12.90789915536753,384.11958913832314,414.7999833745699,584.1568128591658,0.21933939564120059,0.009166666666666667,0.007743923611111111,0.23624998591897836,2.323750014081022,0.9261718794003193,368.16473083496095,0.0,0.0,368.16473083496095,495.86473083496094,4381.1760964437435,247.829345703125,30.0,594.1195891383231,0.0,1,XB02_M013_G00,XB02_M013_G00,XB02,M013,3947.90625,3973.25,25.34375,12.90789915536753,0.0
E52_82c821a5773d0bfbe554f10a,8.076474326768889,11.397135806608844,8.076474326768889,512.9354114719376,566.0737563002253,707.0407539741487,0.2825549862639304,0.009166666666666667,0.007743923611111111,0.29946557654170813,2.2605344234582923,0.9064170073307162,637.6601379394531,0.0,0.0,637.6601379394531,765.3601379394531,5302.805654806116,465.3601379394531,30.0,722.9354114719376,0.0,1,XB02_M013_G00,XB02_M013_G00,XB02,M013,3947.90625,3973.25,25.34375,8.076474326768889,0.0
E52_831cee7e7a3a549796e42b18,7.93753910584725,10.042846261792022,7.93753910584725,524.445203057942,560.9167693217765,830.061008532876,0.3040708837654974,0.009166666666666667,0.007743923611111111,0.32098147404327515,2.2390185259567255,0.8996932893614765,437.65879516601564,0.0,0.0,437.65879516601564,565.3587951660156,6225.457563996571,359.5916748046875,30.0,734.445203057942,0.0,1,XB02_M013_G00,XB02_M013_G00,XB02,M013,3947.90625,3973.25,25.34375,7.93753910584725,0.0
E52_88c1c7aba1fcf94c58dad20e,7.23112128511444,9.497510042154289,7.23112128511444,536.2789293194231,567.6117931906797,884.5606754113072,0.3159978782232965,0.009166666666666667,0.007743923611111111,0.33290846850107425,2.2270915314989264,0.8959661035934143,375.99436645507814,0.0,0.0,375.99436645507814,503.6943664550781,6634.205065584804,329.6845703125,30.0,746.2789293194231,0.0,1,XB02_M013_G00,XB02_M013_G00,XB02,M013,3947.90625,3973.25,25.34375,7.23112128511444,0.0
E52_8ca7795ffa642a3b129c0a3d,7.796257534858725,15.730152054416479,7.796257534858725,330.94608252023,369.9122522589995,428.0951466078428,0.17832668261553564,0.009166666666666667,0.007743923611111111,0.1952372728933134,2.364762727106687,0.9389883522208395,467.5940368652344,0.0,0.0,467.5940368652344,595.2940368652344,3210.713599558821,335.390380859375,30.0,540.94608252023,0.0,1,XB02_M013_G00,XB02_M013_G00,XB02,M013,3947.90625,3973.25,25.34375,7.796257534858725,0.0
E52_8d375985c45fff9288668cb3,3.1537124288762186,16.222123863058812,3.1537124288762186,353.99602207193686,405.21742048909175,400.663653640944,0.182639281392285,0.009166666666666667,0.007743923611111111,0.19954987167006277,2.360450128329938,0.9376406651031054,614.6567810058593,0.0,0.0,614.6567810058593,742.3567810058594,3004.97740230708,442.3567810058594,30.0,563.9960220719369,0.0,1,XB02_M013_G00,XB02_M013_G00,XB02,M013,3947.90625,3973.25,25.34375,3.1537124288762186,0.0
E52_9026ce0d2a5dd9a75ef73c8e,6.075210104423505,6.720084116703532,6.075210104423505,248.61637070099954,267.37077642202814,384.70630707582717,0.14290187810434732,0.009166666666666667,0.007743923611111111,0.1598124683821251,2.4001875316178753,0.9500586036305859,225.05286865234376,0.0,0.0,225.05286865234376,352.75286865234375,2885.297303068704,302.75286865234375,30.0,458.61637070099954,0.0,1,XB02_M013_G00,XB02_M013_G00,XB02,M013,3947.90625,3973.25,25.34375,6.075210104423505,0.0
E52_924cec2d58c933358893a332,11.185522206307937,12.302862284422105,11.185522206307937,416.670444788364,448.9844576972996,639.4568121231148,0.23874762537865796,0.009166666666666667,0.007743923611111111,0.2556582156564357,2.3043417843435647,0.9201068076073639,387.7681549072266,0.0,0.0,387.7681549072266,515.4681549072266,4795.926090923361,252.644287109375,30.0,626.670444788364,0.0,1,XB02_M013_G00,XB02_M013_G00,XB02,M013,3947.90625,3973.25,25.34375,11.185522206307937,0.0
E52_96da4f081c74d8211b4b244f,12.1600938989899,12.47027426673894,12.1600938989899,406.4445801679392,437.368205859671,627.3474061854878,0.23339590098708082,0.009166666666666667,0.007743923611111111,0.2503064912648586,2.309693508735142,0.9217792214797317,371.08350830078126,0.0,0.0,371.08350830078126,498.78350830078125,4705.105546391158,251.37640380859375,30.0,616.4445801679392,0.0,1,XB02_M013_G00,XB02_M013_G00,XB02,M013,3947.90625,3973.25,25.34375,12.1600938989899,0.0
E52_a1af1f4ab7d520e82e20be53,3.4779397573598914,0.45430012492889205,0.45430012492889205,547.7224457312177,598.7128286250978,789.5025940991541,0.30660524396013417,0.009166666666666667,0.007743923611111111,0.3235158342379119,2.2364841657620884,0.8989013018006525,611.8845947265625,0.0,0.0,611.8845947265625,739.5845947265625,5921.269455743655,492.6366271972656,30.0,757.7224457312177,0.0,1,XB02_M013_G00,XB02_M013_G00,XB02,M013,3947.90625,3973.25,25.34375,0.45430012492889205,0.0
E52_a3836b1674b2d70f748125c1,9.765410487101136,18.388582284998307,9.765410487101136,238.77143733771516,265.74771093797557,315.68523307386783,0.1296256139323784,0.009166666666666667,0.007743923611111111,0.14653620421015617,2.4134637957898444,0.9542074361843262,323.715283203125,0.0,0.0,323.715283203125,451.415283203125,2367.639248054009,217.29420471191406,30.0,448.77143733771516,0.0,1,XB02_M013_G00,XB02_M013_G00,XB02,M013,3947.90625,3973.25,25.34375,9.765410487101136,0.0
E52_a77602565c04dca5831f9b7a,7.947694047696089,15.758600383852013,7.947694047696089,295.3505394617105,322.31471665694164,428.9160157520343,0.16578365241547813,0.009166666666666667,0.007743923611111111,0.1826942426932559,2.3773057573067446,0.9429080491583576,323.57012634277345,0.0,0.0,323.57012634277345,451.27012634277344,3216.870118140257,284.58648681640625,30.0,505.3505394617105,0.0,1,XB02_M013_G00,XB02_M013_G00,XB02,M013,3947.90625,3973.25,25.34375,7.947694047696089,0.0
E52_aaa387ee3ee3170bd804334d,1.3457546993923444,18.409477866986336,1.3457546993923444,263.5215778829557,299.2286101502083,312.8009621623957,0.13801933350380158,0.009166666666666667,0.007743923611111111,0.15492992378157935,2.405070076218421,0.9515843988182564,428.48438720703126,0.0,0.0,428.48438720703126,556.1843872070312,2346.0072162179677,386.9435729980469,30.0,473.5215778829557,0.0,1,XB02_M013_G00,XB02_M013_G00,XB02,M013,3947.90625,3973.25,25.34375,1.3457546993923444,0.0
E52_afb1e3673ff3adbe9c45b8fc,5.815513891630232,6.956106286850726,5.815513891630232,250.21040235058808,271.27175132926646,374.0527108291059,0.1419599864782851,0.009166666666666667,0.007743923611111111,0.15887057675606286,2.4011294232439377,0.9503529447637303,252.73618774414064,0.0,0.0,252.73618774414064,380.4361877441406,2805.395331218294,291.6474609375,30.0,460.2104023505881,0.0,1,XB02_M013_G00,XB02_M013_G00,XB02,M013,3947.90625,3973.25,25.34375,5.815513891630232,0.0
E52_b4122a9095172602242b40e3,3.084862037259853,12.917805218005896,3.084862037259853,417.2739001975914,457.30903457666045,594.3369941207687,0.23257222468730426,0.009166666666666667,0.007743923611111111,0.24948281496508204,2.3105171850349184,0.9220366203234118,480.42161254882814,0.0,0.0,480.42161254882814,608.1216125488281,4457.527455905765,308.1216125488281,30.0,627.2739001975914,0.0,1,XB02_M013_G00,XB02_M013_G00,XB02,M013,3947.90625,3973.25,25.34375,3.084862037259853,0.0
E52_b45db00398315637fb020e5f,1.3900816978490127,10.742298629097064,1.3900816978490127,520.0993036420956,566.0861185224667,764.2777180019647,0.2932088546230577,0.009166666666666667,0.007743923611111111,0.31011944490083543,2.249880555099165,0.903087673468489,551.8417785644531,0.0,0.0,551.8417785644531,679.5417785644531,5732.082885014735,386.71868896484375,30.0,730.0993036420956,0.0,1,XB02_M013_G00,XB02_M013_G00,XB02,M013,3947.90625,3973.25,25.34375,1.3900816978490127,0.0
E52_b544b4d7beda1d6ed7fbeefb,7.6238182687472715,16.252686834440453,7.6238182687472715,293.91354735972715,324.49113296153376,404.3615811086144,0.16179511839250177,0.009166666666666667,0.007743923611111111,0.17870570867027954,2.381294291329721,0.9441544660405377,366.9310272216797,0.0,0.0,366.9310272216797,494.6310272216797,3032.711858314608,277.91845703125,30.0,503.91354735972715,0.0,1,XB02_M013_G00,XB02_M013_G00,XB02,M013,3947.90625,3973.25,25.34375,7.6238182687472715,0.0
E52_b60e4d2a4cdcd5801a5d757f,7.414984109625507,16.480566458341656,7.414984109625507,308.26023760270465,345.626388522301,392.32356968783114,0.16519254750221457,0.009166666666666667,0.007743923611111111,0.18210313777999235,2.377896862220008,0.9430927694437524,448.39381103515626,0.0,0.0,448.39381103515626,576.0938110351562,2942.4267726587336,326.2397766113281,30.0,518.2602376027046,0.0,1,XB02_M013_G00,XB02_M013_G00,XB02,M013,3947.90625,3973.25,25.34375,7.414984109625507,0.0
E52_b677873645e212a13901ede2,1.3469200521358857,9.230718628911887,1.3469200521358857,575.9444140089429,616.0268887810784,911.3939793850733,0.3339048259552679,0.009166666666666667,0.007743923611111111,0.35081541623304563,2.209184583766955,0.8903701824271733,480.989697265625,0.0,0.0,480.989697265625,608.689697265625,6835.45484538805,390.4056396484375,30.0,785.9444140089429,0.0,1,XB02_M013_G00,XB02_M013_G00,XB02,M013,3947.90625,3973.25,25.34375,1.3469200521358857,0.0
E52_b6789310c1ab16898a769b78,16.580384883151467,2.625622464396969,2.625622464396969,372.38145547243056,389.4038741939475,617.4514627840539,0.21924054354678854,0.009166666666666667,0.007743923611111111,0.23615113382456632,2.3238488661754344,0.926202770679823,225.84925537109376,21.580230712890625,21.580230712890625,225.84925537109376,353.54925537109375,4630.885970880404,303.54925537109375,30.0,582.3814554724306,0.0,1,XB02_M013_G00,XB02_M013_G00,XB02,M013,3947.90625,3973.25,25.34375,2.625622464396969,0.0
E52_b7c433bb400c5a28313b13f0,7.924469884655863,16.00220965111248,7.924469884655863,270.63016208552887,291.2047849391259,417.8125870494757,0.1554195344851095,0.009166666666666667,0.007743923611111111,0.17233012476288728,2.3876698752371133,0.9461468360115978,246.89547424316407,0.0,0.0,246.89547424316407,374.59547424316406,3133.594402871068,284.58648681640625,30.0,480.63016208552887,0.0,1,XB02_M013_G00,XB02_M013_G00,XB02,M013,3947.90625,3973.25,25.34375,7.924469884655863,0.0
E52_b8aeee13ee5f313ffdb298e7,2.4321417258474867,0.32052137756616617,0.32052137756616617,550.9628084392909,600.9445446860357,802.0351993981131,0.309532562555218,0.009166666666666667,0.007743923611111111,0.32644315283299574,2.2335568471670046,0.8979865147396888,599.7808349609375,0.0,0.0,599.7808349609375,727.4808349609375,6015.263995485849,485.42230224609375,30.0,760.9628084392909,0.0,1,XB02_M013_G00,XB02_M013_G00,XB02,M013,3947.90625,3973.25,25.34375,0.32052137756616617,0.0
E52_be69bdf55826f2eb34075d09,11.825503900881301,12.029424972929434,11.825503900881301,457.6877788138426,500.48965717077624,658.5642874860837,0.25604119113741575,0.009166666666666667,0.007743923611111111,0.2729517814151935,2.287048218584807,0.9147025683077521,513.6225402832031,0.0,0.0,513.6225402832031,641.3225402832031,4939.232156145627,341.3225402832031,30.0,667.6877788138427,0.0,1,XB02_M013_G00,XB02_M013_G00,XB02,M013,3947.90625,3973.25,25.34375,11.825503900881301,0.0
E52_bfffb2993ede6e2e2bd9340b,17.567237734354336,13.053008949478723,13.053008949478723,400.85355156655817,436.85476820067277,585.6998033284289,0.22550922551216515,0.009166666666666667,0.007743923611111111,0.24241981578994293,2.3175801842100574,0.9242438075656428,432.014599609375,0.0,0.0,432.014599609375,559.714599609375,4392.748524963216,275.29461669921875,30.0,610.8535515665582,0.0,1,XB02_M013_G00,XB02_M013_G00,XB02,M013,3947.90625,3973.25,25.34375,13.053008949478723,0.0
E52_c0294c7ff44d44fc4ede8d97,7.095369658182761,16.7256600789149,7.095369658182761,316.70783025924425,358.9570632507807,379.92026256926977,0.16644027302831577,0.009166666666666667,0.007743923611111111,0.18335086330609354,2.376649136693907,0.9427028552168457,506.9907958984375,0.0,0.0,506.9907958984375,634.6907958984375,2849.4019692695233,334.6907958984375,30.0,526.7078302592442,0.0,1,XB02_M013_G00,XB02_M013_G00,XB02,M013,3947.90625,3973.25,25.34375,7.095369658182761,0.0
E52_c10a50247c57c0340b451298,3.3490163174975294,3.1495087650690863,3.1495087650690863,410.4813485396202,450.8988478275434,578.4577013517014,0.22790762835174688,0.009166666666666667,0.007743923611111111,0.24481821862952466,2.315181781370476,0.9234943066782736,485.00999145507814,0.0,0.0,485.00999145507814,612.7099914550781,4338.432760137761,515.4917602539062,30.0,620.4813485396203,0.0,1,XB02_M013_G00,XB02_M013_G00,XB02,M013,3947.90625,3973.25,25.34375,3.1495087650690863,0.0
E52_c515ea57360fd29f9add62f7,1.4421231813676627,10.649906727109496,1.4421231813676627,525.5980011021792,572.0554631586571,772.4512298654912,0.29632198385281766,0.009166666666666667,0.007743923611111111,0.3132325741305954,2.2467674258694053,0.9021148205841889,557.4895446777343,0.0,0.0,557.4895446777343,685.1895446777344,5793.384223991184,393.3172912597656,30.0,735.5980011021792,0.0,1,XB02_M013_G00,XB02_M013_G00,XB02,M013,3947.90625,3973.25,25.34375,1.4421231813676627,0.0
E52_c76d93c5902d0dc017f7065c,7.682644026493676,16.05706218628906,7.682644026493676,260.86241804033426,278.57034040361555,415.47730190098105,0.1516149798935124,0.009166666666666667,0.007743923611111111,0.1685255701712902,2.3914744298287105,0.9473357593214718,212.495068359375,0.0,0.0,212.495068359375,340.195068359375,3116.079764257358,277.91845703125,30.0,470.86241804033426,0.0,1,XB02_M013_G00,XB02_M013_G00,XB02,M013,3947.90625,3973.25,25.34375,7.682644026493676,0.0
E52_c98d1e580ba9a8920eeacbdb,7.682174638166089,9.995636820319618,7.682174638166089,531.3190315479533,569.3529452238973,834.4345810402425,0.30713490815373307,0.009166666666666667,0.007743923611111111,0.3240454984315108,2.23595450156849,0.8987357817401529,456.40696411132814,0.0,0.0,456.40696411132814,584.1069641113281,6258.259357801819,362.73199462890625,30.0,741.3190315479533,0.0,1,XB02_M013_G00,XB02_M013_G00,XB02,M013,3947.90625,3973.25,25.34375,7.682174638166089,0.0
E52_cdef0b479e00ae29ebd83132,4.234777185199974,10.01648148125875,4.234777185199974,520.0071121141804,554.5433095222207,832.7970397801186,0.3028799960747676,0.009166666666666667,0.007743923611111111,0.31979058635254537,2.240209413647455,0.9000654417648296,414.4343688964844,0.0,0.0,414.4343688964844,542.1343688964844,6245.977798350889,297.6476745605469,30.0,730.0071121141804,0.0,1,XB02_M013_G00,XB02_M013_G00,XB02,M013,3947.90625,3973.25,25.34375,4.234777185199974,0.0
E52_d1d4424e0dfaa7a0ce62d445,6.5520801415467105,12.872868339328704,6.5520801415467105,402.0751033963921,436.37951216917855,598.3237541560654,0.22773150601213982,0.009166666666666667,0.007743923611111111,0.2446420962899176,2.315357903710083,0.9235493449094008,411.6529052734375,0.0,0.0,411.6529052734375,539.3529052734375,4487.428156170491,269.83203125,30.0,612.075103396392,0.0,1,XB02_M013_G00,XB02_M013_G00,XB02,M013,3947.90625,3973.25,25.34375,6.5520801415467105,0.0
E52_d22cbe82615c6d2ee0ebf49f,7.765809649014713,15.758568264926964,7.765809649014713,318.17309843891866,352.9726015110215,427.5491784452201,0.1737067461230003,0.009166666666666667,0.007743923611111111,0.19061733640077808,2.3693826635992226,0.9404320823747568,417.5940368652344,0.0,0.0,417.5940368652344,545.2940368652344,3206.618838339151,335.390380859375,30.0,528.1730984389187,0.0,1,XB02_M013_G00,XB02_M013_G00,XB02,M013,3947.90625,3973.25,25.34375,7.765809649014713,0.0
E52_d3460088443e86b69235cf2f,8.948523693828108,10.110906533633653,8.948523693828108,520.9986937965015,557.4049117530444,823.5600798537452,0.3019244763287566,0.009166666666666667,0.007743923611111111,0.3188350666065343,2.241164933393466,0.900364041685458,436.87461547851564,0.0,0.0,436.87461547851564,564.5746154785156,6176.700598903089,276.8628845214844,30.0,730.9986937965015,0.0,1,XB02_M013_G00,XB02_M013_G00,XB02,M013,3947.90625,3973.25,25.34375,8.948523693828108,0.0
E52_d6d1511afdebb88632549a71,3.898629152706789,16.177909036830457,3.898629152706789,342.76879390848103,389.67749650450963,404.08537224079015,0.1791309979165653,0.009166666666666667,0.007743923611111111,0.19604158819434309,2.3639584118056574,0.9387370036892678,562.9044311523437,0.0,0.0,562.9044311523437,690.6044311523438,3030.640291805926,390.60443115234375,30.0,552.768793908481,0.0,1,XB02_M013_G00,XB02_M013_G00,XB02,M013,3947.90625,3973.25,25.34375,3.898629152706789,0.0
E52_d7f1f5d49edaa9f52000c452,13.530877328789515,12.917919470378578,12.917919470378578,397.7633482290822,431.12867517406926,595.3347347882426,0.22577474843651651,0.009166666666666667,0.007743923611111111,0.2426853387142943,2.3173146612857063,0.9241608316517831,400.38392333984376,0.0,0.0,400.38392333984376,528.0839233398438,4465.010510911819,278.08392333984375,30.0,607.7633482290822,0.0,1,XB02_M013_G00,XB02_M013_G00,XB02,M013,3947.90625,3973.25,25.34375,12.917919470378578,0.0
E52_da1eeef61bb4fffd90feecd9,3.5967536315258286,11.577048041656667,3.5967536315258286,464.4321692173844,503.4661769891943,694.6602918039094,0.2635518155735283,0.009166666666666667,0.007743923611111111,0.28046240585130605,2.2795375941486946,0.9123554981714669,468.40809326171876,0.0,0.0,468.40809326171876,596.1080932617188,5209.952188529321,322.9142761230469,30.0,674.4321692173844,0.0,1,XB02_M013_G00,XB02_M013_G00,XB02,M013,3947.90625,3973.25,25.34375,3.5967536315258286,0.0
E52_dbe1bedc9b83d29f34556dbd,12.208332006546286,13.016499113861627,12.208332006546286,387.86022911882606,419.0031732004504,588.862793747906,0.22133620210273125,0.009166666666666667,0.007743923611111111,0.23824679238050903,2.3217532076194916,0.9255478773810909,373.7153289794922,0.0,0.0,373.7153289794922,501.4153289794922,4416.470953109295,232.19436645507812,30.0,597.860229118826,0.0,1,XB02_M013_G00,XB02_M013_G00,XB02,M013,3947.90625,3973.25,25.34375,12.208332006546286,0.0
E52_dbec4f1422e98765afb262aa,6.2944260862075225,16.38523852602286,6.2944260862075225,322.5402116809159,364.1002534899979,395.72017250733956,0.1707521496628321,0.009166666666666667,0.007743923611111111,0.18766273994060986,2.372337260059391,0.9413553937685595,498.7205017089844,0.0,0.0,498.7205017089844,626.4205017089844,2967.901293805047,326.4205017089844,30.0,532.540211680916,0.0,1,XB02_M013_G00,XB02_M013_G00,XB02,M013,3947.90625,3973.25,25.34375,6.2944260862075225,0.0
E52_dc4c132291b7b9525a26c82f,7.641729063301639,16.290878065555617,7.641729063301639,256.41354735972715,274.49113296153376,404.3615811086144,0.14845852840407586,0.009166666666666667,0.007743923611111111,0.16536911868185364,2.3946308813181467,0.9483221504119207,216.9310272216797,0.0,0.0,216.9310272216797,344.6310272216797,3032.711858314608,277.91845703125,30.0,466.41354735972715,0.0,1,XB02_M013_G00,XB02_M013_G00,XB02,M013,3947.90625,3973.25,25.34375,7.641729063301639,0.0
E52_dd12fb0cc4aee52816704b73,3.2495277408096683,0.5498680641518376,0.5498680641518376,547.6210002825783,600.0718247658139,780.5370536657424,0.3052994367315811,0.009166666666666667,0.007743923611111111,0.32221002700935886,2.2377899729906416,0.8993093665595754,629.4098937988281,0.0,0.0,629.4098937988281,757.1098937988281,5854.027902493068,543.108642578125,30.0,757.6210002825783,0.0,1,XB02_M013_G00,XB02_M013_G00,XB02,M013,3947.90625,3973.25,25.34375,0.5498680641518376,0.0
E52_de2c36302e014a6d0284c896,7.459740080917072,15.994052628622484,7.459740080917072,325.41177480357015,364.7238282296769,414.95122905049965,0.1744969638873427,0.009166666666666667,0.007743923611111111,0.19140755416512048,2.36859244583488,0.9401851393233999,471.74464111328126,0.0,0.0,471.74464111328126,599.4446411132812,3112.134217878747,325.15069580078125,30.0,535.4117748035701,0.0,1,XB02_M013_G00,XB02_M013_G00,XB02,M013,3947.90625,3973.25,25.34375,7.459740080917072,0.0
E52_e0325aad0b87e7c07e10fc2c,7.552025499056029,5.987785159048158,5.987785159048158,275.1983248954777,294.96932963587483,418.60161500091635,0.15682137892336617,0.009166666666666667,0.007743923611111111,0.17373196920114395,2.3862680307988566,0.9457087596246425,248.53977661132814,11.2877197265625,11.2877197265625,248.53977661132814,376.2397766113281,3139.5121125068727,326.2397766113281,30.0,485.1983248954777,0.0,1,XB02_M013_G00,XB02_M013_G00,XB02,M013,3947.90625,3973.25,25.34375,5.987785159048158,0.0
E52_e0cd6bab1a22c4530d9a254c,6.335802083004097,6.471069764274475,6.335802083004097,260.0402116809159,280.7669201566646,395.72017250733956,0.14852449968212222,0.009166666666666667,0.007743923611111111,0.1654350899599,2.3945649100401005,0.9483015343875313,248.7205017089844,0.0,0.0,248.7205017089844,376.4205017089844,2967.901293805047,326.4205017089844,30.0,470.0402116809159,0.0,1,XB02_M013_G00,XB02_M013_G00,XB02,M013,3947.90625,3973.25,25.34375,6.335802083004097,0.0
E52_ea76d341ab82f2ebc1fa1efe,7.5025466272000045,6.056283714240493,6.056283714240493,275.41177480357015,298.05716156301025,414.95122905049965,0.15671484390277482,0.009166666666666667,0.007743923611111111,0.1736254341805526,2.3863745658194477,0.9457420518185773,271.74464111328126,0.0,0.0,271.74464111328126,399.44464111328125,3112.134217878747,325.15069580078125,30.0,485.41177480357015,0.0,1,XB02_M013_G00,XB02_M013_G00,XB02,M013,3947.90625,3973.25,25.34375,6.056283714240493,0.0
E52_eab18c460278cfbad2c20da0,8.409679495266673,7.760329046990023,7.760329046990023,212.31476099060268,226.15454090800176,341.5908424768108,0.12388533452538679,0.009166666666666667,0.007743923611111111,0.14079592480316458,2.419204075196836,0.9560012734990111,166.07735900878907,0.0,0.0,166.07735900878907,293.77735900878906,2561.931318576081,213.8477783203125,30.0,422.3147609906027,0.0,1,XB02_M013_G00,XB02_M013_G00,XB02,M013,3947.90625,3973.25,25.34375,7.760329046990023,0.0
E52_eb490529b308e18523949520,10.63791492415028,12.235001379754962,10.63791492415028,417.9327582223269,449.8180932544721,644.5535062517828,0.23991836791670462,0.009166666666666667,0.007743923611111111,0.25682895819448237,2.303171041805518,0.9197409505642242,382.6240203857422,0.0,0.0,382.6240203857422,510.3240203857422,4834.151296888371,255.67149353027344,30.0,627.9327582223269,0.0,1,XB02_M013_G00,XB02_M013_G00,XB02,M013,3947.90625,3973.25,25.34375,10.63791492415028,0.0
E52_eddf192c3626d88d236d26e4,9.18204377201279,17.034187922993553,9.18204377201279,241.72684180786888,260.473536754158,370.9735139380034,0.13850678679446915,0.009166666666666667,0.007743923611111111,0.15541737707224693,2.4045826229277534,0.9514320696649229,224.96033935546876,0.0,0.0,224.96033935546876,352.66033935546875,2782.3013545350254,199.07135009765625,30.0,451.7268418078689,0.0,1,XB02_M013_G00,XB02_M013_G00,XB02,M013,3947.90625,3973.25,25.34375,9.18204377201279,0.0
E52_ede4029bd5e695a7a0c85289,13.575102976522103,12.925612211179384,12.925612211179384,385.2633482290822,414.4620085074026,595.3347347882426,0.22132921844037454,0.009166666666666667,0.007743923611111111,0.2382398087181523,2.3217601912818484,0.9255500597755774,350.38392333984376,0.0,0.0,350.38392333984376,478.08392333984375,4465.010510911819,278.08392333984375,30.0,595.2633482290822,0.0,1,XB02_M013_G00,XB02_M013_G00,XB02,M013,3947.90625,3973.25,25.34375,12.925612211179384,0.0
E52_ef8fa59407d07a2296b5f591,5.497803332101327,0.3151276047193221,0.3151276047193221,505.85939793409244,540.3898465933535,804.5361039126185,0.29384606362066074,0.009166666666666667,0.007743923611111111,0.3107566538984385,2.249243346101562,0.9028885456567379,414.3653839111328,0.0,0.0,414.3653839111328,542.0653839111328,6034.020779344639,284.8677062988281,30.0,715.8593979340924,0.0,1,XB02_M013_G00,XB02_M013_G00,XB02,M013,3947.90625,3973.25,25.34375,0.3151276047193221,0.0
E52_f2fabdd802684ffd17ed2273,5.806754194427398,16.925225818485302,5.806754194427398,275.2104023505881,304.60508466259984,374.0527108291059,0.15085104647056902,0.009166666666666667,0.007743923611111111,0.1677616367483468,2.3922383632516535,0.9475744885161417,352.73618774414064,0.0,0.0,352.73618774414064,480.4361877441406,2805.395331218294,291.6474609375,30.0,485.2104023505881,0.0,1,XB02_M013_G00,XB02_M013_G00,XB02,M013,3947.90625,3973.25,25.34375,5.806754194427398,0.0
E52_fd527d975e1813662620f82c,12.40680401917534,12.45056667278017,12.40680401917534,418.2192341110554,452.9085204066283,628.3027504486734,0.23771876612520712,0.009166666666666667,0.007743923611111111,0.2546293564029849,2.3053706435970156,0.9204283261240672,416.271435546875,0.0,0.0,416.271435546875,543.971435546875,4712.2706283650505,306.8754577636719,30.0,628.2192341110554,0.0,1,XB02_M013_G00,XB02_M013_G00,XB02,M013,3947.90625,3973.25,25.34375,12.40680401917534,0.0
E52_0c9d91fc306062a18ada9948,5.682714654617925,15.697900697510477,5.682714654617925,331.42241999480143,370.2725110389095,429.7442937249544,0.1787296459836012,0.009166666666666667,0.1892152777777778,0.37711159042804565,2.1828884095719547,0.8821526279912357,466.2010925292969,0.0,0.0,466.2010925292969,593.9010925292969,3223.082202937158,326.7436828613281,30.0,541.4224199948014,0.0,1,XB02_M013_G01,XB02_M013_G01,XB02,M013,3980.78125,4600.03125,619.25,5.682714654617925,0.0
E52_189eb019491ad876aa165071,4.7107574847429134,3.8094716871601975,3.8094716871601975,403.09916814168594,448.35288467407526,534.676037089036,0.21908171065325852,0.009166666666666667,0.1892152777777778,0.417463655097703,2.1425363449022976,0.8695426077819678,543.0445983886718,0.0,0.0,543.0445983886718,670.7445983886719,4010.07027816777,391.87322998046875,30.0,613.0991681416859,0.0,1,XB02_M013_G01,XB02_M013_G01,XB02,M013,3980.78125,4600.03125,619.25,3.8094716871601975,0.0
E52_1ef47ef68c1879e18ddbb164,9.140902121945246,9.684707827919368,9.140902121945246,525.9457118932837,556.9823492630754,865.6715995678175,0.30964781577290457,0.009166666666666667,0.1892152777777778,0.508029760217349,2.0519702397826514,0.8412406999320785,372.4396484375,0.0,0.0,372.4396484375,500.1396484375,6492.536996758631,304.7821350097656,30.0,735.9457118932837,0.0,1,XB02_M013_G01,XB02_M013_G01,XB02,M013,3980.78125,4600.03125,619.25,9.140902121945246,0.0
E52_214ce9a3b3bd3fa9c582335a,6.700573680437259,15.138353346483314,6.700573680437259,331.46735474952504,365.31699057309277,459.8368945576438,0.1830074384559416,0.009166666666666667,0.1892152777777778,0.38138938290038604,2.1786106170996145,0.8808158178436294,406.1956298828125,0.0,0.0,406.1956298828125,533.8956298828125,3448.7767091823284,283.8956298828125,30.0,541.467354749525,0.0,1,XB02_M013_G01,XB02_M013_G01,XB02,M013,3980.78125,4600.03125,619.25,6.700573680437259,0.0
E52_215ef380a7eb56a6f7d09ab1,13.83018706095794,12.440860913671315,12.440860913671315,437.2780853288336,478.35957590907447,628.0672271762219,0.2444635461376352,0.009166666666666667,0.1892152777777778,0.44284549058207967,2.117154509417921,0.8616107841931001,492.97788696289064,0.0,0.0,492.97788696289064,620.6778869628906,4710.504203821664,324.9881591796875,30.0,647.2780853288336,0.0,1,XB02_M013_G01,XB02_M013_G01,XB02,M013,3980.78125,4600.03125,619.25,12.440860913671315,0.0
E52_24cc4f01335372459fb4c2ba,11.512851159871033,12.909161020133865,11.512851159871033,410.2633482290822,447.7953418407359,595.3347347882426,0.23022027843265847,0.009166666666666667,0.1892152777777778,0.4286022228771029,2.1313977771228974,0.8660618053509054,450.38392333984376,0.0,0.0,450.38392333984376,578.0839233398438,4465.010510911819,278.08392333984375,30.0,620.2633482290822,0.0,1,XB02_M013_G01,XB02_M013_G01,XB02,M013,3980.78125,4600.03125,619.25,11.512851159871033,0.0
E52_27bf01e9e990859ae5993708,5.457169743955134,15.932490639468014,5.457169743955134,318.6138217216496,355.0514931287134,418.60161500091635,0.17259630304263499,0.009166666666666667,0.1892152777777778,0.3709782474870794,2.189021752512921,0.8840692976602877,437.25205688476564,0.0,0.0,437.25205688476564,564.9520568847656,3139.5121125068727,326.2397766113281,30.0,528.6138217216496,0.0,1,XB02_M013_G01,XB02_M013_G01,XB02,M013,3980.78125,4600.03125,619.25,5.457169743955134,0.0
E52_27bf1882d0e1a812c8450c72,4.603440389047222,16.18675851321828,4.603440389047222,334.03154784809436,377.9609795090644,404.48650573036844,0.17608047258726683,0.009166666666666667,0.1892152777777778,0.3744624170317113,2.1855375829682893,0.8829804946775902,527.1531799316406,0.0,0.0,527.1531799316406,654.8531799316406,3033.648792977763,359.1753845214844,30.0,544.0315478480943,0.0,1,XB02_M013_G01,XB02_M013_G01,XB02,M013,3980.78125,4600.03125,619.25,4.603440389047222,0.0
E52_27fdcb9bc2da20af468e67a1,6.104218633281988,15.630401191469062,6.104218633281988,333.5201066466774,372.5049327982074,433.1312563841751,0.1799553449394086,0.009166666666666667,0.1892152777777778,0.378337289383853,2.1816627106161475,0.8817695970675459,467.8179138183594,0.0,0.0,467.8179138183594,595.5179138183594,3248.4844228813135,322.1230773925781,30.0,543.5201066466774,0.0,1,XB02_M013_G01,XB02_M013_G01,XB02,M013,3980.78125,4600.03125,619.25,6.104218633281988,0.0
E52_2cea01313b8862fcfb6b2e63,8.362609841558438,16.460055432828085,8.362609841558438,259.5957489704318,280.08528245838755,396.2542970131293,0.148442074342722,0.009166666666666667,0.1892152777777778,0.34682401878716645,2.213175981212834,0.8916174941290105,245.87440185546876,0.0,0.0,245.87440185546876,373.57440185546875,2971.90722759847,231.8917236328125,30.0,469.5957489704318,0.0,1,XB02_M013_G01,XB02_M013_G01,XB02,M013,3980.78125,4600.03125,619.25,8.362609841558438,0.0
E52_2d7a36258a59c18fc6a856bf,4.894869074614363,16.662039037059316,4.894869074614363,318.72117968179435,361.17160743651436,382.73979283526836,0.16755561647288383,0.009166666666666667,0.1892152777777778,0.3659375609173283,2.194062439082672,0.885644512213335,509.40513305664064,0.0,0.0,509.40513305664064,637.1051330566406,2870.5484462645127,346.4301452636719,30.0,528.7211796817944,0.0,1,XB02_M013_G01,XB02_M013_G01,XB02,M013,3980.78125,4600.03125,619.25,4.894869074614363,0.0
E52_2dadfb43d7dd9558e21effa9,11.090420741642077,12.85982438864363,11.090420741642077,396.07517918576866,428.1792069974549,599.5261915014202,0.22576797164618329,0.009166666666666667,0.1892152777777778,0.42414991609062774,2.135850083909373,0.8674531512216789,385.2483337402344,0.0,0.0,385.2483337402344,512.9483337402344,4496.446436260651,248.30487060546875,30.0,606.0751791857687,0.0,1,XB02_M013_G01,XB02_M013_G01,XB02,M013,3980.78125,4600.03125,619.25,11.090420741642077,0.0
E52_2e64690809088e2a96fb2160,8.84614816738933,9.500767968691491,8.84614816738933,523.7789293194231,550.945126524013,884.5606754113072,0.31155234822715455,0.009166666666666667,0.1892152777777778,0.5099342926715991,2.050065707328401,0.8406455335401253,325.99436645507814,0.0,0.0,325.99436645507814,453.6943664550781,6634.205065584804,329.6845703125,30.0,733.7789293194231,0.0,1,XB02_M013_G01,XB02_M013_G01,XB02,M013,3980.78125,4600.03125,619.25,8.84614816738933,0.0
E52_357bbbd4dc4420221c875ea3,10.161205222688423,12.241245229232817,10.161205222688423,405.4327582223269,433.1514265878055,644.5535062517828,0.23547283792056264,0.009166666666666667,0.1892152777777778,0.4338547823650071,2.1261452176349933,0.8644203805109353,332.6240203857422,0.0,0.0,332.6240203857422,460.3240203857422,4834.151296888371,255.67149353027344,30.0,615.4327582223269,0.0,1,XB02_M013_G01,XB02_M013_G01,XB02,M013,3980.78125,4600.03125,619.25,10.161205222688423,0.0
E52_3875f0f2b8e39572338b498b,13.353921106597483,12.654831201135607,12.654831201135607,430.443023323014,471.8276755243487,612.5781334380202,0.23983909257274777,0.009166666666666667,0.1892152777777778,0.4382210370171922,2.121778962982808,0.8630559259321274,496.61582641601564,0.0,0.0,496.61582641601564,624.3158264160156,4594.336000785152,324.3158264160156,30.0,640.443023323014,0.0,1,XB02_M013_G01,XB02_M013_G01,XB02,M013,3980.78125,4600.03125,619.25,12.654831201135607,0.0
E52_3a94b6482baa2cfaba8a857d,4.751812171973384,16.425448776817632,4.751812171973384,326.01303055755295,369.111023518165,393.4381033514341,0.17166403726355467,0.009166666666666667,0.1892152777777778,0.3700459817079991,2.1899540182920014,0.8843606307162503,517.1759155273437,0.0,0.0,517.1759155273437,644.8759155273438,2950.785775135756,352.4370422363281,30.0,536.013030557553,0.0,1,XB02_M013_G01,XB02_M013_G01,XB02,M013,3980.78125,4600.03125,619.25,4.751812171973384,0.0
E52_413d3eff5d481ef66f8d3068,8.816223950083867,9.493762996477216,8.816223950083867,548.7789293194231,584.2784598573463,884.5606754113072,0.3204434082194385,0.009166666666666667,0.1892152777777778,0.518825352663883,2.0411746473361174,0.8378670772925366,425.99436645507814,0.0,0.0,425.99436645507814,553.6943664550781,6634.205065584804,329.6845703125,30.0,758.7789293194231,0.0,1,XB02_M013_G01,XB02_M013_G01,XB02,M013,3980.78125,4600.03125,619.25,8.816223950083867,0.0
E52_4cf0fac9feb721651efb2830,6.998212924039663,17.82597875173802,6.998212924039663,242.69354898018014,267.32891198677197,337.5749199208095,0.13412057160327687,0.009166666666666667,0.1892152777777778,0.3325025160477213,2.227497483952279,0.8960929637350871,295.6243560791016,0.0,0.0,295.6243560791016,423.32435607910156,2531.8118994060715,217.31182861328125,30.0,452.69354898018014,0.0,1,XB02_M013_G01,XB02_M013_G01,XB02,M013,3980.78125,4600.03125,619.25,6.998212924039663,0.0
E52_4d215302190bc5bfb29bf912,3.785853652478636,16.37371485667674,3.785853652478636,307.50969179304633,343.7570581260541,397.53518558804575,0.1656637075427803,0.009166666666666667,0.1892152777777778,0.3640456519872247,2.195954348012776,0.8862357337539923,434.96839599609376,0.0,0.0,434.96839599609376,562.6683959960938,2981.5138919103433,336.56707763671875,30.0,517.5096917930464,0.0,1,XB02_M013_G01,XB02_M013_G01,XB02,M013,3980.78125,4600.03125,619.25,3.785853652478636,0.0
E52_50c718ca7f326f764494c89d,14.334642037780668,13.080943299176411,13.080943299176411,350.85355156655817,370.1881015340061,585.6998033284289,0.20772710552759727,0.009166666666666667,0.1892152777777778,0.4061090499720417,2.1538909500279586,0.8730909218837369,232.014599609375,0.0,0.0,232.014599609375,359.714599609375,4392.748524963216,275.29461669921875,30.0,560.8535515665582,0.0,1,XB02_M013_G01,XB02_M013_G01,XB02,M013,3980.78125,4600.03125,619.25,13.080943299176411,0.0
E52_515a3b7c8d98426ee13f2b4e,7.786538932173912,17.07508762021844,7.786538932173912,242.68536134104386,262.0561394884234,369.14605379781034,0.13858886614696947,0.009166666666666667,0.1892152777777778,0.3369708105914139,2.2230291894085865,0.8946966216901832,232.4493377685547,0.0,0.0,232.4493377685547,360.1493377685547,2768.5954034835777,210.1493377685547,30.0,452.68536134104386,0.0,1,XB02_M013_G01,XB02_M013_G01,XB02,M013,3980.78125,4600.03125,619.25,7.786538932173912,0.0
E52_60b76d98beea93305f35c25d,7.924907482409168,16.79058398580294,7.924907482409168,271.8613885249859,299.0873836523459,380.3668062858116,0.15055421784231732,0.009166666666666667,0.1892152777777778,0.3489361622867618,2.2110638377132386,0.8909574492853869,326.7119415283203,0.0,0.0,326.7119415283203,454.4119415283203,2852.751047143587,241.2421875,30.0,481.8613885249859,0.0,1,XB02_M013_G01,XB02_M013_G01,XB02,M013,3980.78125,4600.03125,619.25,7.924907482409168,0.0
E52_68694062ed2e2e792aeb51a9,5.8056357366346845,17.695890544520793,5.8056357366346845,262.3147609906027,292.8212075746684,341.5908424768108,0.1416674545099547,0.009166666666666667,0.1892152777777778,0.3400493989543991,2.2199506010456016,0.8937345628267502,366.0773590087891,0.0,0.0,366.0773590087891,493.77735900878906,2561.931318576081,213.8477783203125,30.0,472.3147609906027,0.0,1,XB02_M013_G01,XB02_M013_G01,XB02,M013,3980.78125,4600.03125,619.25,5.8056357366346845,0.0
E52_7547086a1218012670f76a62,1.72450856648004,2.277872015791573,1.72450856648004,370.7957901832663,387.27013608984186,642.7455049270795,0.2228984084752749,0.009166666666666667,0.1892152777777778,0.4212803529197193,2.138719647080281,0.8683498897125878,197.69215087890626,0.0,0.0,197.69215087890626,325.39215087890625,4820.591286953097,275.39215087890625,30.0,580.7957901832663,0.0,1,XB02_M013_G01,XB02_M013_G01,XB02,M013,3980.78125,4600.03125,619.25,1.72450856648004,0.0
E52_76b4f0bdabd1ccab126282dd,7.552690382552015,17.180198899819032,7.552690382552015,244.7670432960008,265.6078646257534,364.489158613486,0.13866967590706417,0.009166666666666667,0.1892152777777778,0.3370516203515086,2.222948379648492,0.8946713686401535,250.08985595703126,0.0,0.0,250.08985595703126,377.78985595703125,2733.6686896011447,241.2421875,30.0,454.7670432960008,0.0,1,XB02_M013_G01,XB02_M013_G01,XB02,M013,3980.78125,4600.03125,619.25,7.552690382552015,0.0
E52_7e5f4a4eaf9aa5b10576997a,10.7721571193441,13.086620585622072,10.7721571193441,384.11958913832314,414.7999833745699,584.1568128591658,0.21933939564120059,0.009166666666666667,0.1892152777777778,0.41772134008564504,2.1422786599143553,0.8694620812232359,368.16473083496095,0.0,0.0,368.16473083496095,495.86473083496094,4381.1760964437435,247.829345703125,30.0,594.1195891383231,0.0,1,XB02_M013_G01,XB02_M013_G01,XB02,M013,3980.78125,4600.03125,619.25,10.7721571193441,0.0
E52_82c821a5773d0bfbe554f10a,8.226809702901718,11.397135806608844,8.226809702901718,512.9354114719376,566.0737563002253,707.0407539741487,0.2825549862639304,0.009166666666666667,0.1892152777777778,0.48093693070837484,2.0790630692916254,0.8497072091536328,637.6601379394531,0.0,0.0,637.6601379394531,765.3601379394531,5302.805654806116,465.3601379394531,30.0,722.9354114719376,0.0,1,XB02_M013_G01,XB02_M013_G01,XB02,M013,3980.78125,4600.03125,619.25,8.226809702901718,0.0
E52_831cee7e7a3a549796e42b18,9.381443967467447,10.042846261792022,9.381443967467447,524.445203057942,560.9167693217765,830.061008532876,0.3040708837654974,0.009166666666666667,0.1892152777777778,0.5024528282099419,2.0575471717900586,0.8429834911843932,437.65879516601564,0.0,0.0,437.65879516601564,565.3587951660156,6225.457563996571,359.5916748046875,30.0,734.445203057942,0.0,1,XB02_M013_G01,XB02_M013_G01,XB02,M013,3980.78125,4600.03125,619.25,9.381443967467447,0.0
E52_88c1c7aba1fcf94c58dad20e,8.833270702761709,9.497510042154289,8.833270702761709,536.2789293194231,567.6117931906797,884.5606754113072,0.3159978782232965,0.009166666666666667,0.1892152777777778,0.514379822667741,2.0456201773322595,0.8392563054163309,375.99436645507814,0.0,0.0,375.99436645507814,503.6943664550781,6634.205065584804,329.6845703125,30.0,746.2789293194231,0.0,1,XB02_M013_G01,XB02_M013_G01,XB02,M013,3980.78125,4600.03125,619.25,8.833270702761709,0.0
E52_8ca7795ffa642a3b129c0a3d,5.700721261922126,15.730152054416479,5.700721261922126,330.94608252023,369.9122522589995,428.0951466078428,0.17832668261553564,0.009166666666666667,0.1892152777777778,0.3767086270599801,2.1832913729400203,0.8822785540437562,467.5940368652344,0.0,0.0,467.5940368652344,595.2940368652344,3210.713599558821,335.390380859375,30.0,540.94608252023,0.0,1,XB02_M013_G01,XB02_M013_G01,XB02,M013,3980.78125,4600.03125,619.25,5.700721261922126,0.0
E52_8d375985c45fff9288668cb3,1.809977176063029,16.222123863058812,1.809977176063029,353.99602207193686,405.21742048909175,400.663653640944,0.182639281392285,0.009166666666666667,0.1892152777777778,0.3810212258367295,2.178978774163271,0.8809308669260221,614.6567810058593,0.0,0.0,614.6567810058593,742.3567810058594,3004.97740230708,442.3567810058594,30.0,563.9960220719369,0.0,1,XB02_M013_G01,XB02_M013_G01,XB02,M013,3980.78125,4600.03125,619.25,1.809977176063029,0.0
E52_924cec2d58c933358893a332,10.624413809800686,12.302862284422105,10.624413809800686,416.670444788364,448.9844576972996,639.4568121231148,0.23874762537865796,0.009166666666666667,0.1892152777777778,0.4371295698231024,2.122870430176898,0.8633970094302805,387.7681549072266,0.0,0.0,387.7681549072266,515.4681549072266,4795.926090923361,252.644287109375,30.0,626.670444788364,0.0,1,XB02_M013_G01,XB02_M013_G01,XB02,M013,3980.78125,4600.03125,619.25,10.624413809800686,0.0
E52_96da4f081c74d8211b4b244f,11.344550318144897,12.47027426673894,11.344550318144897,406.4445801679392,437.368205859671,627.3474061854878,0.23339590098708082,0.009166666666666667,0.1892152777777778,0.4317778454315253,2.1282221545684754,0.8650694233026484,371.08350830078126,0.0,0.0,371.08350830078126,498.78350830078125,4705.105546391158,251.37640380859375,30.0,616.4445801679392,0.0,1,XB02_M013_G01,XB02_M013_G01,XB02,M013,3980.78125,4600.03125,619.25,11.344550318144897,0.0
E52_a3836b1674b2d70f748125c1,6.57521379218305,18.388582284998307,6.57521379218305,238.77143733771516,265.74771093797557,315.68523307386783,0.1296256139323784,0.009166666666666667,0.1892152777777778,0.3280075583768228,2.2319924416231776,0.8974976380072429,323.715283203125,0.0,0.0,323.715283203125,451.415283203125,2367.639248054009,217.29420471191406,30.0,448.77143733771516,0.0,1,XB02_M013_G01,XB02_M013_G01,XB02,M013,3980.78125,4600.03125,619.25,6.57521379218305,0.0
E52_aaa387ee3ee3170bd804334d,0.0961803787852773,18.409477866986336,0.0961803787852773,263.5215778829557,299.2286101502083,312.8009621623957,0.13801933350380158,0.009166666666666667,0.1892152777777778,0.33640127794824604,2.2235987220517544,0.8948746006411731,428.48438720703126,0.0,0.0,428.48438720703126,556.1843872070312,2346.0072162179677,386.9435729980469,30.0,473.5215778829557,0.0,1,XB02_M013_G01,XB02_M013_G01,XB02,M013,3980.78125,4600.03125,619.25,0.0961803787852773,0.0
E52_b544b4d7beda1d6ed7fbeefb,5.48852053666009,16.252686834440453,5.48852053666009,293.91354735972715,324.49113296153376,404.3615811086144,0.16179511839250177,0.009166666666666667,0.1892152777777778,0.3601770628369462,2.1998229371630544,0.8874446678634543,366.9310272216797,0.0,0.0,366.9310272216797,494.6310272216797,3032.711858314608,277.91845703125,30.0,503.91354735972715,0.0,1,XB02_M013_G01,XB02_M013_G01,XB02,M013,3980.78125,4600.03125,619.25,5.48852053666009,0.0
E52_b60e4d2a4cdcd5801a5d757f,5.286593515944801,16.480566458341656,5.286593515944801,308.26023760270465,345.626388522301,392.32356968783114,0.16519254750221457,0.009166666666666667,0.1892152777777778,0.36357449194665903,2.1964255080533412,0.8863829712666691,448.39381103515626,0.0,0.0,448.39381103515626,576.0938110351562,2942.4267726587336,326.2397766113281,30.0,518.2602376027046,0.0,1,XB02_M013_G01,XB02_M013_G01,XB02,M013,3980.78125,4600.03125,619.25,5.286593515944801,0.0
E52_b6789310c1ab16898a769b78,15.706200065217104,2.625622464396969,2.625622464396969,372.38145547243056,389.4038741939475,617.4514627840539,0.21924054354678854,0.009166666666666667,0.1892152777777778,0.417622487991233,2.1423775120087676,0.8694929725027397,225.84925537109376,21.580230712890625,21.580230712890625,225.84925537109376,353.54925537109375,4630.885970880404,303.54925537109375,30.0,582.3814554724306,0.0,1,XB02_M013_G01,XB02_M013_G01,XB02,M013,3980.78125,4600.03125,619.25,2.625622464396969,0.0
E52_be69bdf55826f2eb34075d09,12.089343064167153,12.029424972929434,12.029424972929434,457.6877788138426,500.48965717077624,658.5642874860837,0.25604119113741575,0.009166666666666667,0.1892152777777778,0.4544231355818602,2.1055768644181403,0.8579927701306687,513.6225402832031,0.0,0.0,513.6225402832031,641.3225402832031,4939.232156145627,341.3225402832031,30.0,667.6877788138427,0.0,1,XB02_M013_G01,XB02_M013_G01,XB02,M013,3980.78125,4600.03125,619.25,12.029424972929434,0.0
E52_bfffb2993ede6e2e2bd9340b,14.028371400881156,13.053008949478723,13.053008949478723,400.85355156655817,436.85476820067277,585.6998033284289,0.22550922551216515,0.009166666666666667,0.1892152777777778,0.4238911699566096,2.136108830043391,0.8675340093885595,432.014599609375,0.0,0.0,432.014599609375,559.714599609375,4392.748524963216,275.29461669921875,30.0,610.8535515665582,0.0,1,XB02_M013_G01,XB02_M013_G01,XB02,M013,3980.78125,4600.03125,619.25,13.053008949478723,0.0
E52_c0294c7ff44d44fc4ede8d97,5.006362490083006,16.7256600789149,5.006362490083006,316.70783025924425,358.9570632507807,379.92026256926977,0.16644027302831577,0.009166666666666667,0.1892152777777778,0.3648222174727602,2.1951777825272405,0.8859930570397624,506.9907958984375,0.0,0.0,506.9907958984375,634.6907958984375,2849.4019692695233,334.6907958984375,30.0,526.7078302592442,0.0,1,XB02_M013_G01,XB02_M013_G01,XB02,M013,3980.78125,4600.03125,619.25,5.006362490083006,0.0
E52_c98d1e580ba9a8920eeacbdb,9.03326317499473,9.995636820319618,9.03326317499473,531.3190315479533,569.3529452238973,834.4345810402425,0.30713490815373307,0.009166666666666667,0.1892152777777778,0.5055168525981775,2.054483147401823,0.8420259835630696,456.40696411132814,0.0,0.0,456.40696411132814,584.1069641113281,6258.259357801819,362.73199462890625,30.0,741.3190315479533,0.0,1,XB02_M013_G01,XB02_M013_G01,XB02,M013,3980.78125,4600.03125,619.25,9.03326317499473,0.0
E52_d22cbe82615c6d2ee0ebf49f,5.6791610470501865,15.758568264926964,5.6791610470501865,318.17309843891866,352.9726015110215,427.5491784452201,0.1737067461230003,0.009166666666666667,0.1892152777777778,0.37208869056744476,2.1879113094325557,0.8837222841976735,417.5940368652344,0.0,0.0,417.5940368652344,545.2940368652344,3206.618838339151,335.390380859375,30.0,528.1730984389187,0.0,1,XB02_M013_G01,XB02_M013_G01,XB02,M013,3980.78125,4600.03125,619.25,5.6791610470501865,0.0
E52_d3460088443e86b69235cf2f,10.985514924784255,10.110906533633653,10.110906533633653,520.9986937965015,557.4049117530444,823.5600798537452,0.3019244763287566,0.009166666666666667,0.1892152777777778,0.5003064207732011,2.059693579226799,0.8436542435083747,436.87461547851564,0.0,0.0,436.87461547851564,564.5746154785156,6176.700598903089,276.8628845214844,30.0,730.9986937965015,0.0,1,XB02_M013_G01,XB02_M013_G01,XB02,M013,3980.78125,4600.03125,619.25,10.110906533633653,0.0
E52_d6d1511afdebb88632549a71,2.4694159507623397,16.177909036830457,2.4694159507623397,342.76879390848103,389.67749650450963,404.08537224079015,0.1791309979165653,0.009166666666666667,0.1892152777777778,0.37751294236100974,2.1824870576389905,0.8820272055121845,562.9044311523437,0.0,0.0,562.9044311523437,690.6044311523438,3030.640291805926,390.60443115234375,30.0,552.768793908481,0.0,1,XB02_M013_G01,XB02_M013_G01,XB02,M013,3980.78125,4600.03125,619.25,2.4694159507623397,0.0
E52_d7f1f5d49edaa9f52000c452,11.569253065446404,12.917919470378578,11.569253065446404,397.7633482290822,431.12867517406926,595.3347347882426,0.22577474843651651,0.009166666666666667,0.1892152777777778,0.424156692880961,2.1358433071190395,0.8674510334746997,400.38392333984376,0.0,0.0,400.38392333984376,528.0839233398438,4465.010510911819,278.08392333984375,30.0,607.7633482290822,0.0,1,XB02_M013_G01,XB02_M013_G01,XB02,M013,3980.78125,4600.03125,619.25,11.569253065446404,0.0
E52_dbe1bedc9b83d29f34556dbd,10.319763659808586,13.016499113861627,10.319763659808586,387.86022911882606,419.0031732004504,588.862793747906,0.22133620210273125,0.009166666666666667,0.1892152777777778,0.4197181465471757,2.1402818534528247,0.8688380792040076,373.7153289794922,0.0,0.0,373.7153289794922,501.4153289794922,4416.470953109295,232.19436645507812,30.0,597.860229118826,0.0,1,XB02_M013_G01,XB02_M013_G01,XB02,M013,3980.78125,4600.03125,619.25,10.319763659808586,0.0
E52_dbec4f1422e98765afb262aa,4.439539268577306,16.38523852602286,4.439539268577306,322.5402116809159,364.1002534899979,395.72017250733956,0.1707521496628321,0.009166666666666667,0.1892152777777778,0.36913409410727654,2.190865905892724,0.884645595591476,498.7205017089844,0.0,0.0,498.7205017089844,626.4205017089844,2967.901293805047,326.4205017089844,30.0,532.540211680916,0.0,1,XB02_M013_G01,XB02_M013_G01,XB02,M013,3980.78125,4600.03125,619.25,4.439539268577306,0.0
E52_de2c36302e014a6d0284c896,5.398324716346508,15.994052628622484,5.398324716346508,325.41177480357015,364.7238282296769,414.95122905049965,0.1744969638873427,0.009166666666666667,0.1892152777777778,0.37287890833178716,2.1871210916682133,0.8834753411463165,471.74464111328126,0.0,0.0,471.74464111328126,599.4446411132812,3112.134217878747,325.15069580078125,30.0,535.4117748035701,0.0,1,XB02_M013_G01,XB02_M013_G01,XB02,M013,3980.78125,4600.03125,619.25,5.398324716346508,0.0
E52_eab18c460278cfbad2c20da0,5.839199789598638,7.760329046990023,5.839199789598638,212.31476099060268,226.15454090800176,341.5908424768108,0.12388533452538679,0.009166666666666667,0.1892152777777778,0.32226727896983126,2.237732721030169,0.8992914753219278,166.07735900878907,0.0,0.0,166.07735900878907,293.77735900878906,2561.931318576081,213.8477783203125,30.0,422.3147609906027,0.0,1,XB02_M013_G01,XB02_M013_G01,XB02,M013,3980.78125,4600.03125,619.25,5.839199789598638,0.0
E52_eb490529b308e18523949520,10.128050036405611,12.235001379754962,10.128050036405611,417.9327582223269,449.8180932544721,644.5535062517828,0.23991836791670462,0.009166666666666667,0.1892152777777778,0.4383003123611491,2.121699687638851,0.8630311523871409,382.6240203857422,0.0,0.0,382.6240203857422,510.3240203857422,4834.151296888371,255.67149353027344,30.0,627.9327582223269,0.0,1,XB02_M013_G01,XB02_M013_G01,XB02,M013,3980.78125,4600.03125,619.25,10.128050036405611,0.0
E52_eddf192c3626d88d236d26e4,6.44782069450909,17.034187922993553,6.44782069450909,241.72684180786888,260.473536754158,370.9735139380034,0.13850678679446915,0.009166666666666667,0.1892152777777778,0.3368887312389136,2.223111268761087,0.8947222714878396,224.96033935546876,0.0,0.0,224.96033935546876,352.66033935546875,2782.3013545350254,199.07135009765625,30.0,451.7268418078689,0.0,1,XB02_M013_G01,XB02_M013_G01,XB02,M013,3980.78125,4600.03125,619.25,6.44782069450909,0.0
E52_ede4029bd5e695a7a0c85289,11.61837266330636,12.925612211179384,11.61837266330636,385.2633482290822,414.4620085074026,595.3347347882426,0.22132921844037454,0.009166666666666667,0.1892152777777778,0.419711162884819,2.1402888371151816,0.868840261598494,350.38392333984376,0.0,0.0,350.38392333984376,478.08392333984375,4465.010510911819,278.08392333984375,30.0,595.2633482290822,0.0,1,XB02_M013_G01,XB02_M013_G01,XB02,M013,3980.78125,4600.03125,619.25,11.61837266330636,0.0
E52_fd527d975e1813662620f82c,11.639873585239812,12.45056667278017,11.639873585239812,418.2192341110554,452.9085204066283,628.3027504486734,0.23771876612520712,0.009166666666666667,0.1892152777777778,0.4361007105696516,2.123899289430349,0.8637185279469839,416.271435546875,0.0,0.0,416.271435546875,543.971435546875,4712.2706283650505,306.8754577636719,30.0,628.2192341110554,0.0,1,XB02_M013_G01,XB02_M013_G01,XB02,M013,3980.78125,4600.03125,619.25,11.639873585239812,0.0
E52_01234cac2d25748209cb57e8,7.601492386901981,5.963634638729843,5.963634638729843,275.78386787661753,295.55487261701467,419.772700963196,0.15719547582798327,0.009166666666666667,0.007743923611111111,0.17410606610576104,2.3858939338942395,0.9455918543419497,248.53977661132814,11.2877197265625,11.2877197265625,248.53977661132814,376.2397766113281,3148.2952572239697,326.2397766113281,30.0,485.78386787661753,0.0,1,XB02_M013_G02,XB02_M013_G02,XB02,M013,4607.53125,4632.875,25.34375,5.963634638729843,0.0
E52_060143e4033ea7dfc142ce26,3.7530116278475987,13.051384290227645,3.7530116278475987,390.52156568077555,422.97629514244545,586.3147545915316,0.2219218246513189,0.009166666666666667,0.007743923611111111,0.23883241492909668,2.3211675850709037,0.9253648703346573,389.4567535400391,0.0,0.0,389.4567535400391,517.1567535400391,4397.360659436487,293.1027526855469,30.0,600.5215656807756,0.0,1,XB02_M013_G02,XB02_M013_G02,XB02,M013,4607.53125,4632.875,25.34375,3.7530116278475987,0.0
E52_06eb0baa948af7ff52881bcf,6.17591112680374,16.258674653736037,6.17591112680374,296.7597053393259,328.36499963050426,403.88764493158146,0.16274021246714285,0.009166666666666667,0.007743923611111111,0.17965080274492062,2.3803491972550797,0.9438591241422123,379.26353149414064,0.0,0.0,379.26353149414064,506.9635314941406,3029.157336986861,306.9635314941406,30.0,506.7597053393259,0.0,1,XB02_M013_G02,XB02_M013_G02,XB02,M013,4607.53125,4632.875,25.34375,6.17591112680374,0.0
E52_0c56c0f390b777971f9a7e58,1.0775535303775001,2.1743859331465814,1.0775535303775001,461.3120930283848,507.24512830670517,647.0259743868478,0.2556960576036008,0.009166666666666667,0.007743923611111111,0.27260664788137856,2.287393352118622,0.9148104225370692,551.1964233398437,0.0,0.0,551.1964233398437,678.8964233398438,4852.694807901358,431.4708251953125,30.0,671.3120930283849,0.0,1,XB02_M013_G02,XB02_M013_G02,XB02,M013,4607.53125,4632.875,25.34375,1.0775535303775001,0.0
E52_0c9d91fc306062a18ada9948,7.762903447859742,15.697900697510477,7.762903447859742,331.42241999480143,370.2725110389095,429.7442937249544,0.1787296459836012,0.009166666666666667,0.007743923611111111,0.19564023626137897,2.3643597637386216,0.938862426168319,466.2010925292969,0.0,0.0,466.2010925292969,593.9010925292969,3223.082202937158,326.7436828613281,30.0,541.4224199948014,0.0,1,XB02_M013_G02,XB02_M013_G02,XB02,M013,4607.53125,4632.875,25.34375,7.762903447859742,0.0
E52_0f45fcab7c66cb90fa618929,2.8734846456221277,12.721246579688795,2.8734846456221277,427.8988653120833,469.21977900837237,607.8722484464322,0.23826781941132907,0.009166666666666667,0.007743923611111111,0.2551784096891068,2.3048215903108935,0.9202567469721541,495.85096435546876,0.0,0.0,495.85096435546876,623.5509643554688,4559.041863348241,326.6978454589844,30.0,637.8988653120832,0.0,1,XB02_M013_G02,XB02_M013_G02,XB02,M013,4607.53125,4632.875,25.34375,2.8734846456221277,0.0
E52_0fa03b8d9ed736d48919c1b7,3.29824310606665,11.555158541579928,3.29824310606665,469.53189880990186,510.00510285042924,696.2245733766397,0.2655870342753843,0.009166666666666667,0.007743923611111111,0.2824976245531621,2.277502375446838,0.9117194923271369,485.67844848632814,0.0,0.0,485.67844848632814,613.3784484863281,5221.684300324798,318.1667785644531,30.0,679.5318988099018,0.0,1,XB02_M013_G02,XB02_M013_G02,XB02,M013,4607.53125,4632.875,25.34375,3.29824310606665,0.0
E52_12b142f00e8cb4e3948f96c2,3.4140528403560353,12.991659521749298,3.4140528403560353,402.5936730780369,438.4739485500421,589.9056933240425,0.22672373828986628,0.009166666666666667,0.007743923611111111,0.24363432856764405,2.3163656714323566,0.9238642723226113,430.5633056640625,0.0,0.0,430.5633056640625,558.2633056640625,4424.292699930319,284.7546081542969,30.0,612.5936730780369,0.0,1,XB02_M013_G02,XB02_M013_G02,XB02,M013,4607.53125,4632.875,25.34375,3.4140528403560353,0.0
E52_189eb019491ad876aa165071,6.054360301809112,3.8094716871601975,3.8094716871601975,403.09916814168594,448.35288467407526,534.676037089036,0.21908171065325852,0.009166666666666667,0.007743923611111111,0.2359923009310363,2.3240076990689644,0.9262524059590511,543.0445983886718,0.0,0.0,543.0445983886718,670.7445983886719,4010.07027816777,391.87322998046875,30.0,613.0991681416859,0.0,1,XB02_M013_G02,XB02_M013_G02,XB02,M013,4607.53125,4632.875,25.34375,3.8094716871601975,0.0
E52_1eac4bbcd37cec5d48241661,7.548097063967603,6.04580255430777,6.04580255430777,275.66392246828667,298.30930922772677,415.4555243799327,0.1568759382441215,0.009166666666666667,0.007743923611111111,0.17378652852189927,2.386213471478101,0.9456917098369064,271.74464111328126,0.0,0.0,271.74464111328126,399.44464111328125,3115.9164328494953,326.2397766113281,30.0,485.66392246828667,0.0,1,XB02_M013_G02,XB02_M013_G02,XB02,M013,4607.53125,4632.875,25.34375,6.04580255430777,0.0
E52_1ef47ef68c1879e18ddbb164,7.544246014933023,9.684707827919368,7.544246014933023,525.9457118932837,556.9823492630754,865.6715995678175,0.30964781577290457,0.009166666666666667,0.007743923611111111,0.3265584060506823,2.233441593949318,0.8979504981091617,372.4396484375,0.0,0.0,372.4396484375,500.1396484375,6492.536996758631,304.7821350097656,30.0,735.9457118932837,0.0,1,XB02_M013_G02,XB02_M013_G02,XB02,M013,4607.53125,4632.875,25.34375,7.544246014933023,0.0
E52_214ce9a3b3bd3fa9c582335a,8.952268269101523,15.138353346483314,8.952268269101523,331.46735474952504,365.31699057309277,459.8368945576438,0.1830074384559416,0.009166666666666667,0.007743923611111111,0.1999180287337194,2.3600819712662813,0.9375256160207127,406.1956298828125,0.0,0.0,406.1956298828125,533.8956298828125,3448.7767091823284,283.8956298828125,30.0,541.467354749525,0.0,1,XB02_M013_G02,XB02_M013_G02,XB02,M013,4607.53125,4632.875,25.34375,8.952268269101523,0.0
E52_215ef380a7eb56a6f7d09ab1,14.361150065789516,12.440860913671315,12.440860913671315,437.2780853288336,478.35957590907447,628.0672271762219,0.2444635461376352,0.009166666666666667,0.007743923611111111,0.26137413641541296,2.2986258635845873,0.9183205823701834,492.97788696289064,0.0,0.0,492.97788696289064,620.6778869628906,4710.504203821664,324.9881591796875,30.0,647.2780853288336,0.0,1,XB02_M013_G02,XB02_M013_G02,XB02,M013,4607.53125,4632.875,25.34375,12.440860913671315,0.0
E52_231555d7070bcf1a0911e332,7.499614927632507,5.981962334569488,5.981962334569488,303.4113952968874,335.0249979987103,417.14117438283733,0.1669828432889251,0.009166666666666667,0.007743923611111111,0.18389343356670287,2.3761065664332977,0.9425333020104053,379.363232421875,0.0,0.0,379.363232421875,507.063232421875,3128.55880787128,326.2397766113281,30.0,513.4113952968873,0.0,1,XB02_M013_G02,XB02_M013_G02,XB02,M013,4607.53125,4632.875,25.34375,5.981962334569488,0.0
E52_231de36c6439da832299e30f,3.5041484442214994,16.451156269229884,3.5041484442214994,336.2639482811268,383.1573412254627,391.1675388962379,0.1749881335365896,0.009166666666666667,0.007743923611111111,0.19189872381436737,2.3681012761856333,0.9400316488080102,562.7207153320312,0.0,0.0,562.7207153320312,690.4207153320312,2933.7565417217843,390.42071533203125,30.0,546.2639482811268,0.0,1,XB02_M013_G02,XB02_M013_G02,XB02,M013,4607.53125,4632.875,25.34375,3.5041484442214994,0.0
E52_246111a1ef063bec9e89ec9e,3.4768331846990748,13.03223549741864,3.4768331846990748,413.11352328410356,453.07003166626504,586.4879962752384,0.22998101771643822,0.009166666666666667,0.007743923611111111,0.246891607994216,2.3131083920057844,0.9228463725018075,479.4781005859375,0.0,0.0,479.4781005859375,607.1781005859375,4398.659972064288,469.28277587890625,30.0,623.1135232841036,0.0,1,XB02_M013_G02,XB02_M013_G02,XB02,M013,4607.53125,4632.875,25.34375,3.4768331846990748,0.0
E52_24cc4f01335372459fb4c2ba,13.474842549502824,12.909161020133865,12.909161020133865,410.2633482290822,447.7953418407359,595.3347347882426,0.23022027843265847,0.009166666666666667,0.007743923611111111,0.24713086871043624,2.312869131289564,0.9227716035279887,450.38392333984376,0.0,0.0,450.38392333984376,578.0839233398438,4465.010510911819,278.08392333984375,30.0,620.2633482290822,0.0,1,XB02_M013_G02,XB02_M013_G02,XB02,M013,4607.53125,4632.875,25.34375,12.909161020133865,0.0
E52_24db349315b2a6b84dd4215d,8.36733534808667,5.686957833295324,5.686957833295324,283.5201066466774,305.8382661315407,433.1312563841751,0.1621732249548407,0.009166666666666667,0.007743923611111111,0.1790838152326185,2.380916184767382,0.9440363077398067,267.8179138183594,0.0,0.0,267.8179138183594,395.5179138183594,3248.4844228813135,322.1230773925781,30.0,493.5201066466774,0.0,1,XB02_M013_G02,XB02_M013_G02,XB02,M013,4607.53125,4632.875,25.34375,5.686957833295324,0.0
E52_27bf01e9e990859ae5993708,7.51723342717419,15.932490639468014,7.51723342717419,318.6138217216496,355.0514931287134,418.60161500091635,0.17259630304263499,0.009166666666666667,0.007743923611111111,0.18950689332041276,2.3704931066795876,0.940779095837371,437.25205688476564,0.0,0.0,437.25205688476564,564.9520568847656,3139.5121125068727,326.2397766113281,30.0,528.6138217216496,0.0,1,XB02_M013_G02,XB02_M013_G02,XB02,M013,4607.53125,4632.875,25.34375,7.51723342717419,0.0
E52_27bf1882d0e1a812c8450c72,6.472292679209758,16.18675851321828,6.472292679209758,334.03154784809436,377.9609795090644,404.48650573036844,0.17608047258726683,0.009166666666666667,0.007743923611111111,0.1929910628650446,2.367008937134956,0.9396902928546735,527.1531799316406,0.0,0.0,527.1531799316406,654.8531799316406,3033.648792977763,359.1753845214844,30.0,544.0315478480943,0.0,1,XB02_M013_G02,XB02_M013_G02,XB02,M013,4607.53125,4632.875,25.34375,6.472292679209758,0.0
E52_27fdcb9bc2da20af468e67a1,8.316330759914848,15.630401191469062,8.316330759914848,333.5201066466774,372.5049327982074,433.1312563841751,0.1799553449394086,0.009166666666666667,0.007743923611111111,0.19686593521718637,2.3631340647828143,0.9384793952446293,467.8179138183594,0.0,0.0,467.8179138183594,595.5179138183594,3248.4844228813135,322.1230773925781,30.0,543.5201066466774,0.0,1,XB02_M013_G02,XB02_M013_G02,XB02,M013,4607.53125,4632.875,25.34375,8.316330759914848,0.0
E52_29c9aa5399273a7ee24bceb6,3.6029241085329318,11.583777919859742,3.6029241085329318,451.9321692173844,486.7995103225277,694.6602918039094,0.2591062855773863,0.009166666666666667,0.007743923611111111,0.27601687585516405,2.2839831241448363,0.9137447262952613,418.40809326171876,0.0,0.0,418.40809326171876,546.1080932617188,5209.952188529321,322.9142761230469,30.0,661.9321692173844,0.0,1,XB02_M013_G02,XB02_M013_G02,XB02,M013,4607.53125,4632.875,25.34375,3.6029241085329318,0.0
E52_2cea01313b8862fcfb6b2e63,12.340785377035488,16.460055432828085,12.340785377035488,259.5957489704318,280.08528245838755,396.2542970131293,0.148442074342722,0.009166666666666667,0.007743923611111111,0.16535266462049977,2.3946473353795006,0.9483272923060938,245.87440185546876,0.0,0.0,245.87440185546876,373.57440185546875,2971.90722759847,231.8917236328125,30.0,469.5957489704318,0.0,1,XB02_M013_G02,XB02_M013_G02,XB02,M013,4607.53125,4632.875,25.34375,12.340785377035488,0.0
E52_2d7a36258a59c18fc6a856bf,6.935190734123125,16.662039037059316,6.935190734123125,318.72117968179435,361.17160743651436,382.73979283526836,0.16755561647288383,0.009166666666666667,0.007743923611111111,0.1844662067506616,2.375533793249339,0.9423543103904183,509.40513305664064,0.0,0.0,509.40513305664064,637.1051330566406,2870.5484462645127,346.4301452636719,30.0,528.7211796817944,0.0,1,XB02_M013_G02,XB02_M013_G02,XB02,M013,4607.53125,4632.875,25.34375,6.935190734123125,0.0
E52_2dadfb43d7dd9558e21effa9,12.816528806360722,12.85982438864363,12.816528806360722,396.07517918576866,428.1792069974549,599.5261915014202,0.22576797164618329,0.009166666666666667,0.007743923611111111,0.24267856192396106,2.3173214380760396,0.9241629493987622,385.2483337402344,0.0,0.0,385.2483337402344,512.9483337402344,4496.446436260651,248.30487060546875,30.0,606.0751791857687,0.0,1,XB02_M013_G02,XB02_M013_G02,XB02,M013,4607.53125,4632.875,25.34375,12.816528806360722,0.0
E52_2e64690809088e2a96fb2160,7.240143641606977,9.500767968691491,7.240143641606977,523.7789293194231,550.945126524013,884.5606754113072,0.31155234822715455,0.009166666666666667,0.007743923611111111,0.3284629385049323,2.231537061495068,0.8973553317172087,325.99436645507814,0.0,0.0,325.99436645507814,453.6943664550781,6634.205065584804,329.6845703125,30.0,733.7789293194231,0.0,1,XB02_M013_G02,XB02_M013_G02,XB02,M013,4607.53125,4632.875,25.34375,7.240143641606977,0.0
E52_30110e5b3ae38ecfab28ace2,4.669578052390833,10.05954008012911,4.669578052390833,514.4106891471403,547.7506496268766,828.7816154158626,0.30032099335417484,0.009166666666666667,0.007743923611111111,0.3172315836319526,2.242768416368048,0.9008651301150148,400.07952575683595,0.0,0.0,400.07952575683595,527.7795257568359,6215.862115618969,313.0162353515625,30.0,724.4106891471403,0.0,1,XB02_M013_G02,XB02_M013_G02,XB02,M013,4607.53125,4632.875,25.34375,4.669578052390833,0.0
E52_326bd9096774308657b14836,7.147442741698185,6.820761438549596,6.820761438549596,254.20783025924425,275.6237299174474,379.92026256926977,0.1442126230476059,0.009166666666666667,0.007743923611111111,0.16112321332538368,2.398876786674617,0.9496489958358176,256.9907958984375,0.0,0.0,256.9907958984375,384.6907958984375,2849.4019692695233,334.6907958984375,30.0,464.20783025924425,0.0,1,XB02_M013_G02,XB02_M013_G02,XB02,M013,4607.53125,4632.875,25.34375,6.820761438549596,0.0
E52_32cd7932ac3bc8f6e82bd016,2.6685633786930936,12.531399030736651,2.6685633786930936,433.33722088021847,474.19552115284216,621.5246401246948,0.24213542524196421,0.009166666666666667,0.007743923611111111,0.259046015519742,2.3009539844802585,0.9190481201500806,490.2996032714844,0.0,0.0,490.2996032714844,617.9996032714844,4661.434800935211,324.9372863769531,30.0,643.3372208802184,0.0,1,XB02_M013_G02,XB02_M013_G02,XB02,M013,4607.53125,4632.875,25.34375,2.6685633786930936,0.0
E52_3322673a66874be8fb5ff9e0,3.0952511879776807,12.93559360833251,3.0952511879776807,392.2739001975914,423.9757012433271,594.3369941207687,0.2236811646950203,0.009166666666666667,0.007743923611111111,0.24059175497279808,2.319408245027202,0.9248150765710006,380.42161254882814,0.0,0.0,380.42161254882814,508.1216125488281,4457.527455905765,308.1216125488281,30.0,602.2739001975914,0.0,1,XB02_M013_G02,XB02_M013_G02,XB02,M013,4607.53125,4632.875,25.34375,3.0952511879776807,0.0
E52_357bbbd4dc4420221c875ea3,10.658345653051754,12.241245229232817,10.658345653051754,405.4327582223269,433.1514265878055,644.5535062517828,0.23547283792056264,0.009166666666666667,0.007743923611111111,0.2523834281983404,2.30761657180166,0.9211301786880186,332.6240203857422,0.0,0.0,332.6240203857422,460.3240203857422,4834.151296888371,255.67149353027344,30.0,615.4327582223269,0.0,1,XB02_M013_G02,XB02_M013_G02,XB02,M013,4607.53125,4632.875,25.34375,10.658345653051754,0.0
E52_3875f0f2b8e39572338b498b,14.736790016878103,12.654831201135607,12.654831201135607,430.443023323014,471.8276755243487,612.5781334380202,0.23983909257274777,0.009166666666666667,0.007743923611111111,0.2567496828505255,2.303250317149475,0.9197657241092108,496.61582641601564,0.0,0.0,496.61582641601564,624.3158264160156,4594.336000785152,324.3158264160156,30.0,640.443023323014,0.0,1,XB02_M013_G02,XB02_M013_G02,XB02,M013,4607.53125,4632.875,25.34375,12.654831201135607,0.0
E52_3a94b6482baa2cfaba8a857d,6.705424319685392,16.425448776817632,6.705424319685392,326.01303055755295,369.111023518165,393.4381033514341,0.17166403726355467,0.009166666666666667,0.007743923611111111,0.18857462754133245,2.3714253724586682,0.9410704288933336,517.1759155273437,0.0,0.0,517.1759155273437,644.8759155273438,2950.785775135756,352.4370422363281,30.0,536.013030557553,0.0,1,XB02_M013_G02,XB02_M013_G02,XB02,M013,4607.53125,4632.875,25.34375,6.705424319685392,0.0
E52_413d3eff5d481ef66f8d3068,7.2194477466427,9.493762996477216,7.2194477466427,548.7789293194231,584.2784598573463,884.5606754113072,0.3204434082194385,0.009166666666666667,0.007743923611111111,0.33735399849721626,2.2226460015027842,0.89457687546962,425.99436645507814,0.0,0.0,425.99436645507814,553.6943664550781,6634.205065584804,329.6845703125,30.0,758.7789293194231,0.0,1,XB02_M013_G02,XB02_M013_G02,XB02,M013,4607.53125,4632.875,25.34375,7.2194477466427,0.0
E52_437c6a333219b14c3939f26c,7.519346189820908,6.0194831627628105,6.0194831627628105,277.09771274073506,296.211315442558,417.14117438283733,0.1570562493971614,0.009166666666666667,0.007743923611111111,0.17396683967493917,2.3860331603250615,0.9456353626015815,248.53977661132814,19.176544189453125,19.176544189453125,248.53977661132814,376.2397766113281,3128.55880787128,326.2397766113281,30.0,487.09771274073506,0.0,1,XB02_M013_G02,XB02_M013_G02,XB02,M013,4607.53125,4632.875,25.34375,6.0194831627628105,0.0
E52_44ed69e1d99dc074a7941a18,9.28358082656311,8.900383690419545,8.900383690419545,188.27556058823757,199.0276355292369,299.7078152072368,0.1090911242968749,0.009166666666666667,0.007743923611111111,0.12600171457465267,2.4339982854253477,0.960624464195421,139.59420471191407,10.569305419921875,10.569305419921875,139.59420471191407,267.29420471191406,2247.808614054276,217.29420471191406,30.0,398.27556058823757,0.0,1,XB02_M013_G02,XB02_M013_G02,XB02,M013,4607.53125,4632.875,25.34375,8.900383690419545,0.0
E52_4513f74e4ba51c209cccc792,1.9506073646180369,9.790974506635663,1.9506073646180369,548.6050089915749,589.1156759023821,854.1460165183059,0.3160741321008959,0.009166666666666667,0.007743923611111111,0.33298472237867366,2.227015277621327,0.8959422742566645,486.1280029296875,0.0,0.0,486.1280029296875,613.8280029296875,6406.095123887295,391.8226318359375,30.0,758.6050089915749,0.0,1,XB02_M013_G02,XB02_M013_G02,XB02,M013,4607.53125,4632.875,25.34375,1.9506073646180369,0.0
E52_47db2d0d55c92154c779a4c9,5.907645799062166,16.45726286038159,5.907645799062166,312.62709924858126,351.3219092257948,393.08533863388124,0.16685347284684848,0.009166666666666667,0.007743923611111111,0.18376406312462626,2.376235936875374,0.9425737302735543,464.3377197265625,0.0,0.0,464.3377197265625,592.0377197265625,2948.1400397541092,295.61395263671875,30.0,522.6270992485813,0.0,1,XB02_M013_G02,XB02_M013_G02,XB02,M013,4607.53125,4632.875,25.34375,5.907645799062166,0.0
E52_4cf0fac9feb721651efb2830,10.35124712370029,17.82597875173802,10.35124712370029,242.69354898018014,267.32891198677197,337.5749199208095,0.13412057160327687,0.009166666666666667,0.007743923611111111,0.15103116188105464,2.408968838118946,0.9528027619121704,295.6243560791016,0.0,0.0,295.6243560791016,423.32435607910156,2531.8118994060715,217.31182861328125,30.0,452.69354898018014,0.0,1,XB02_M013_G02,XB02_M013_G02,XB02,M013,4607.53125,4632.875,25.34375,10.35124712370029,0.0
E52_4d215302190bc5bfb29bf912,5.470401171009826,16.37371485667674,5.470401171009826,307.50969179304633,343.7570581260541,397.53518558804575,0.1656637075427803,0.009166666666666667,0.007743923611111111,0.18257429782055806,2.3774257021794423,0.9429455319310756,434.96839599609376,0.0,0.0,434.96839599609376,562.6683959960938,2981.5138919103433,336.56707763671875,30.0,517.5096917930464,0.0,1,XB02_M013_G02,XB02_M013_G02,XB02,M013,4607.53125,4632.875,25.34375,5.470401171009826,0.0
E52_50c718ca7f326f764494c89d,17.91754507342685,13.080943299176411,13.080943299176411,350.85355156655817,370.1881015340061,585.6998033284289,0.20772710552759727,0.009166666666666667,0.007743923611111111,0.22463769580537504,2.3353623041946254,0.9298007200608203,232.014599609375,0.0,0.0,232.014599609375,359.714599609375,4392.748524963216,275.29461669921875,30.0,560.8535515665582,0.0,1,XB02_M013_G02,XB02_M013_G02,XB02,M013,4607.53125,4632.875,25.34375,13.080943299176411,0.0
E52_515a3b7c8d98426ee13f2b4e,11.51815351183032,17.07508762021844,11.51815351183032,242.68536134104386,262.0561394884234,369.14605379781034,0.13858886614696947,0.009166666666666667,0.007743923611111111,0.15549945642474725,2.4045005435752533,0.9514064198672665,232.4493377685547,0.0,0.0,232.4493377685547,360.1493377685547,2768.5954034835777,210.1493377685547,30.0,452.68536134104386,0.0,1,XB02_M013_G02,XB02_M013_G02,XB02,M013,4607.53125,4632.875,25.34375,11.51815351183032,0.0
E52_575c4f100493de938643a13d,1.169570403822604,2.099203328999508,1.169570403822604,470.05405043895155,518.0123847895375,652.3580947743875,0.259560220504969,0.009166666666666667,0.007743923611111111,0.27647081078274677,2.2835291892172536,0.9136028716303917,575.5000122070312,0.0,0.0,575.5000122070312,703.2000122070312,4892.685710807907,437.3766174316406,30.0,680.0540504389515,0.0,1,XB02_M013_G02,XB02_M013_G02,XB02,M013,4607.53125,4632.875,25.34375,1.169570403822604,0.0
E52_60b0dc656c777ee2cc2279b1,2.4607313327726104,0.21315146591224732,0.21315146591224732,563.4362729251038,615.9641949832094,811.705013501575,0.3153381258454166,0.009166666666666667,0.007743923611111111,0.33224871612319434,2.227751283876806,0.8961722762115018,630.3350646972656,0.0,0.0,630.3350646972656,758.0350646972656,6087.787601261813,495.9024353027344,30.0,773.4362729251038,0.0,1,XB02_M013_G02,XB02_M013_G02,XB02,M013,4607.53125,4632.875,25.34375,0.21315146591224732,0.0
E52_60b76d98beea93305f35c25d,11.690077380002535,16.79058398580294,11.690077380002535,271.8613885249859,299.0873836523459,380.3668062858116,0.15055421784231732,0.009166666666666667,0.007743923611111111,0.1674648081200951,2.3925351918799054,0.9476672474624703,326.7119415283203,0.0,0.0,326.7119415283203,454.4119415283203,2852.751047143587,241.2421875,30.0,481.8613885249859,0.0,1,XB02_M013_G02,XB02_M013_G02,XB02,M013,4607.53125,4632.875,25.34375,11.690077380002535,0.0
E52_67646c2afbeb5602853e5a9c,3.0905968042947194,12.927232110573698,3.0905968042947194,404.7739001975914,440.6423679099937,594.3369941207687,0.22812669469116229,0.009166666666666667,0.007743923611111111,0.24503728496894006,2.3149627150310605,0.9234258484472062,430.42161254882814,0.0,0.0,430.42161254882814,558.1216125488281,4457.527455905765,308.1216125488281,30.0,614.7739001975914,0.0,1,XB02_M013_G02,XB02_M013_G02,XB02,M013,4607.53125,4632.875,25.34375,3.0905968042947194,0.0
E52_68694062ed2e2e792aeb51a9,8.388961165933821,17.695890544520793,8.388961165933821,262.3147609906027,292.8212075746684,341.5908424768108,0.1416674545099547,0.009166666666666667,0.007743923611111111,0.15857804478773246,2.401421955212268,0.9504443610038336,366.0773590087891,0.0,0.0,366.0773590087891,493.77735900878906,2561.931318576081,213.8477783203125,30.0,472.3147609906027,0.0,1,XB02_M013_G02,XB02_M013_G02,XB02,M013,4607.53125,4632.875,25.34375,8.388961165933821,0.0
E52_6aa461eda22a4c53e6730e81,7.021171973318346,6.478254834226846,6.478254834226846,265.8104536255181,288.3542041341444,395.1560268799425,0.15046620221455187,0.009166666666666667,0.007743923611111111,0.16737679249232965,2.392623207507671,0.947694752346147,271.555615234375,1.030609130859375,1.030609130859375,271.555615234375,399.255615234375,2963.670201599569,349.255615234375,30.0,475.8104536255181,0.0,1,XB02_M013_G02,XB02_M013_G02,XB02,M013,4607.53125,4632.875,25.34375,6.478254834226846,0.0
E52_6dc095df8eb6475486134b5c,3.596446928189252,12.905188948092743,3.596446928189252,424.06014837873875,466.2734748964797,594.8403376510322,0.23505698741925235,0.009166666666666667,0.007743923611111111,0.2519675776970301,2.3080324223029702,0.921260131969678,506.55991821289064,0.0,0.0,506.55991821289064,634.2599182128906,4461.302532382741,440.2059631347656,30.0,634.0601483787387,0.0,1,XB02_M013_G02,XB02_M013_G02,XB02,M013,4607.53125,4632.875,25.34375,3.596446928189252,0.0
E52_73baea82bbbffa2db9d7426a,7.832302881067662,5.711384152670419,5.711384152670419,297.3854850658978,324.64222792478455,431.2305129784753,0.16683515196021612,0.009166666666666667,0.007743923611111111,0.1837457422379939,2.3762542577620067,0.9425794555506269,327.08091430664064,0.0,0.0,327.08091430664064,454.7809143066406,3234.2288473385647,335.390380859375,30.0,507.3854850658978,0.0,1,XB02_M013_G02,XB02_M013_G02,XB02,M013,4607.53125,4632.875,25.34375,5.711384152670419,0.0
E52_74b3fb0a4920873efc33101b,5.936260684877155,6.525083879148042,5.936260684877155,262.62709924858126,284.6552425591281,393.08533863388124,0.14907135286228057,0.009166666666666667,0.007743923611111111,0.16598194314005835,2.394018056859942,0.9481306427687317,264.3377197265625,0.0,0.0,264.3377197265625,392.0377197265625,2948.1400397541092,295.61395263671875,30.0,472.62709924858126,0.0,1,XB02_M013_G02,XB02_M013_G02,XB02,M013,4607.53125,4632.875,25.34375,5.936260684877155,0.0
E52_7547086a1218012670f76a62,11.963176060885317,2.277872015791573,2.277872015791573,370.7957901832663,387.27013608984186,642.7455049270795,0.2228984084752749,0.009166666666666667,0.007743923611111111,0.23980899875305267,2.3201910012469478,0.9250596878896711,197.69215087890626,0.0,0.0,197.69215087890626,325.39215087890625,4820.591286953097,275.39215087890625,30.0,580.7957901832663,0.0,1,XB02_M013_G02,XB02_M013_G02,XB02,M013,4607.53125,4632.875,25.34375,2.277872015791573,0.0
E52_76b4f0bdabd1ccab126282dd,11.122999725562764,17.180198899819032,11.122999725562764,244.7670432960008,265.6078646257534,364.489158613486,0.13866967590706417,0.009166666666666667,0.007743923611111111,0.15558026618484194,2.4044197338151587,0.951381166817237,250.08985595703126,0.0,0.0,250.08985595703126,377.78985595703125,2733.6686896011447,241.2421875,30.0,454.7670432960008,0.0,1,XB02_M013_G02,XB02_M013_G02,XB02,M013,4607.53125,4632.875,25.34375,11.122999725562764,0.0
E52_7e5f4a4eaf9aa5b10576997a,12.907859757918601,13.086620585622072,12.907859757918601,384.11958913832314,414.7999833745699,584.1568128591658,0.21933939564120059,0.009166666666666667,0.007743923611111111,0.23624998591897836,2.323750014081022,0.9261718794003193,368.16473083496095,0.0,0.0,368.16473083496095,495.86473083496094,4381.1760964437435,247.829345703125,30.0,594.1195891383231,0.0,1,XB02_M013_G02,XB02_M013_G02,XB02,M013,4607.53125,4632.875,25.34375,12.907859757918601,0.0
E52_82c821a5773d0bfbe554f10a,8.076518673303497,11.397135806608844,8.076518673303497,512.9354114719376,566.0737563002253,707.0407539741487,0.2825549862639304,0.009166666666666667,0.007743923611111111,0.29946557654170813,2.2605344234582923,0.9064170073307162,637.6601379394531,0.0,0.0,637.6601379394531,765.3601379394531,5302.805654806116,465.3601379394531,30.0,722.9354114719376,0.0,1,XB02_M013_G02,XB02_M013_G02,XB02,M013,4607.53125,4632.875,25.34375,8.076518673303497,0.0
E52_831cee7e7a3a549796e42b18,7.937653576881004,10.042846261792022,7.937653576881004,524.445203057942,560.9167693217765,830.061008532876,0.3040708837654974,0.009166666666666667,0.007743923611111111,0.32098147404327515,2.2390185259567255,0.8996932893614765,437.65879516601564,0.0,0.0,437.65879516601564,565.3587951660156,6225.457563996571,359.5916748046875,30.0,734.445203057942,0.0,1,XB02_M013_G02,XB02_M013_G02,XB02,M013,4607.53125,4632.875,25.34375,7.937653576881004,0.0
E52_88c1c7aba1fcf94c58dad20e,7.231242845972801,9.497510042154289,7.231242845972801,536.2789293194231,567.6117931906797,884.5606754113072,0.3159978782232965,0.009166666666666667,0.007743923611111111,0.33290846850107425,2.2270915314989264,0.8959661035934143,375.99436645507814,0.0,0.0,375.99436645507814,503.6943664550781,6634.205065584804,329.6845703125,30.0,746.2789293194231,0.0,1,XB02_M013_G02,XB02_M013_G02,XB02,M013,4607.53125,4632.875,25.34375,7.231242845972801,0.0
E52_8ca7795ffa642a3b129c0a3d,7.796163402556658,15.730152054416479,7.796163402556658,330.94608252023,369.9122522589995,428.0951466078428,0.17832668261553564,0.009166666666666667,0.007743923611111111,0.1952372728933134,2.364762727106687,0.9389883522208395,467.5940368652344,0.0,0.0,467.5940368652344,595.2940368652344,3210.713599558821,335.390380859375,30.0,540.94608252023,0.0,1,XB02_M013_G02,XB02_M013_G02,XB02,M013,4607.53125,4632.875,25.34375,7.796163402556658,0.0
E52_8d375985c45fff9288668cb3,3.153651308916565,16.222123863058812,3.153651308916565,353.99602207193686,405.21742048909175,400.663653640944,0.182639281392285,0.009166666666666667,0.007743923611111111,0.19954987167006277,2.360450128329938,0.9376406651031054,614.6567810058593,0.0,0.0,614.6567810058593,742.3567810058594,3004.97740230708,442.3567810058594,30.0,563.9960220719369,0.0,1,XB02_M013_G02,XB02_M013_G02,XB02,M013,4607.53125,4632.875,25.34375,3.153651308916565,0.0
E52_9026ce0d2a5dd9a75ef73c8e,6.075125171654875,6.720084116703532,6.075125171654875,248.61637070099954,267.37077642202814,384.70630707582717,0.14290187810434732,0.009166666666666667,0.007743923611111111,0.1598124683821251,2.4001875316178753,0.9500586036305859,225.05286865234376,0.0,0.0,225.05286865234376,352.75286865234375,2885.297303068704,302.75286865234375,30.0,458.61637070099954,0.0,1,XB02_M013_G02,XB02_M013_G02,XB02,M013,4607.53125,4632.875,25.34375,6.075125171654875,0.0
E52_924cec2d58c933358893a332,11.18558147097825,12.302862284422105,11.18558147097825,416.670444788364,448.9844576972996,639.4568121231148,0.23874762537865796,0.009166666666666667,0.007743923611111111,0.2556582156564357,2.3043417843435647,0.9201068076073639,387.7681549072266,0.0,0.0,387.7681549072266,515.4681549072266,4795.926090923361,252.644287109375,30.0,626.670444788364,0.0,1,XB02_M013_G02,XB02_M013_G02,XB02,M013,4607.53125,4632.875,25.34375,11.18558147097825,0.0
E52_96da4f081c74d8211b4b244f,12.16016316476194,12.47027426673894,12.16016316476194,406.4445801679392,437.368205859671,627.3474061854878,0.23339590098708082,0.009166666666666667,0.007743923611111111,0.2503064912648586,2.309693508735142,0.9217792214797317,371.08350830078126,0.0,0.0,371.08350830078126,498.78350830078125,4705.105546391158,251.37640380859375,30.0,616.4445801679392,0.0,1,XB02_M013_G02,XB02_M013_G02,XB02,M013,4607.53125,4632.875,25.34375,12.16016316476194,0.0
E52_a1af1f4ab7d520e82e20be53,3.477943679092391,0.45430012492889205,0.45430012492889205,547.7224457312177,598.7128286250978,789.5025940991541,0.30660524396013417,0.009166666666666667,0.007743923611111111,0.3235158342379119,2.2364841657620884,0.8989013018006525,611.8845947265625,0.0,0.0,611.8845947265625,739.5845947265625,5921.269455743655,492.6366271972656,30.0,757.7224457312177,0.0,1,XB02_M013_G02,XB02_M013_G02,XB02,M013,4607.53125,4632.875,25.34375,0.45430012492889205,0.0
E52_a3836b1674b2d70f748125c1,9.765239380417626,18.388582284998307,9.765239380417626,238.77143733771516,265.74771093797557,315.68523307386783,0.1296256139323784,0.009166666666666667,0.007743923611111111,0.14653620421015617,2.4134637957898444,0.9542074361843262,323.715283203125,0.0,0.0,323.715283203125,451.415283203125,2367.639248054009,217.29420471191406,30.0,448.77143733771516,0.0,1,XB02_M013_G02,XB02_M013_G02,XB02,M013,4607.53125,4632.875,25.34375,9.765239380417626,0.0
E52_a77602565c04dca5831f9b7a,7.947597888393361,15.758600383852013,7.947597888393361,295.3505394617105,322.31471665694164,428.9160157520343,0.16578365241547813,0.009166666666666667,0.007743923611111111,0.1826942426932559,2.3773057573067446,0.9429080491583576,323.57012634277345,0.0,0.0,323.57012634277345,451.27012634277344,3216.870118140257,284.58648681640625,30.0,505.3505394617105,0.0,1,XB02_M013_G02,XB02_M013_G02,XB02,M013,4607.53125,4632.875,25.34375,7.947597888393361,0.0
E52_aaa387ee3ee3170bd804334d,1.345695677718254,18.409477866986336,1.345695677718254,263.5215778829557,299.2286101502083,312.8009621623957,0.13801933350380158,0.009166666666666667,0.007743923611111111,0.15492992378157935,2.405070076218421,0.9515843988182564,428.48438720703126,0.0,0.0,428.48438720703126,556.1843872070312,2346.0072162179677,386.9435729980469,30.0,473.5215778829557,0.0,1,XB02_M013_G02,XB02_M013_G02,XB02,M013,4607.53125,4632.875,25.34375,1.345695677718254,0.0
E52_afb1e3673ff3adbe9c45b8fc,5.815429802670124,6.956106286850726,5.815429802670124,250.21040235058808,271.27175132926646,374.0527108291059,0.1419599864782851,0.009166666666666667,0.007743923611111111,0.15887057675606286,2.4011294232439377,0.9503529447637303,252.73618774414064,0.0,0.0,252.73618774414064,380.4361877441406,2805.395331218294,291.6474609375,30.0,460.2104023505881,0.0,1,XB02_M013_G02,XB02_M013_G02,XB02,M013,4607.53125,4632.875,25.34375,5.815429802670124,0.0
E52_b4122a9095172602242b40e3,3.0848235353271747,12.917805218005896,3.0848235353271747,417.2739001975914,457.30903457666045,594.3369941207687,0.23257222468730426,0.009166666666666667,0.007743923611111111,0.24948281496508204,2.3105171850349184,0.9220366203234118,480.42161254882814,0.0,0.0,480.42161254882814,608.1216125488281,4457.527455905765,308.1216125488281,30.0,627.2739001975914,0.0,1,XB02_M013_G02,XB02_M013_G02,XB02,M013,4607.53125,4632.875,25.34375,3.0848235353271747,0.0
E52_b45db00398315637fb020e5f,1.3900609830024422,10.742298629097064,1.3900609830024422,520.0993036420956,566.0861185224667,764.2777180019647,0.2932088546230577,0.009166666666666667,0.007743923611111111,0.31011944490083543,2.249880555099165,0.903087673468489,551.8417785644531,0.0,0.0,551.8417785644531,679.5417785644531,5732.082885014735,386.71868896484375,30.0,730.0993036420956,0.0,1,XB02_M013_G02,XB02_M013_G02,XB02,M013,4607.53125,4632.875,25.34375,1.3900609830024422,0.0
E52_b544b4d7beda1d6ed7fbeefb,7.6237194265921175,16.252686834440453,7.6237194265921175,293.91354735972715,324.49113296153376,404.3615811086144,0.16179511839250177,0.009166666666666667,0.007743923611111111,0.17870570867027954,2.381294291329721,0.9441544660405377,366.9310272216797,0.0,0.0,366.9310272216797,494.6310272216797,3032.711858314608,277.91845703125,30.0,503.91354735972715,0.0,1,XB02_M013_G02,XB02_M013_G02,XB02,M013,4607.53125,4632.875,25.34375,7.6237194265921175,0.0
E52_b60e4d2a4cdcd5801a5d757f,7.414885185366032,16.480566458341656,7.414885185366032,308.26023760270465,345.626388522301,392.32356968783114,0.16519254750221457,0.009166666666666667,0.007743923611111111,0.18210313777999235,2.377896862220008,0.9430927694437524,448.39381103515626,0.0,0.0,448.39381103515626,576.0938110351562,2942.4267726587336,326.2397766113281,30.0,518.2602376027046,0.0,1,XB02_M013_G02,XB02_M013_G02,XB02,M013,4607.53125,4632.875,25.34375,7.414885185366032,0.0
E52_b677873645e212a13901ede2,1.3469230464280884,9.230718628911887,1.3469230464280884,575.9444140089429,616.0268887810784,911.3939793850733,0.3339048259552679,0.009166666666666667,0.007743923611111111,0.35081541623304563,2.209184583766955,0.8903701824271733,480.989697265625,0.0,0.0,480.989697265625,608.689697265625,6835.45484538805,390.4056396484375,30.0,785.9444140089429,0.0,1,XB02_M013_G02,XB02_M013_G02,XB02,M013,4607.53125,4632.875,25.34375,1.3469230464280884,0.0
E52_b6789310c1ab16898a769b78,16.580617406021048,2.625622464396969,2.625622464396969,372.38145547243056,389.4038741939475,617.4514627840539,0.21924054354678854,0.009166666666666667,0.007743923611111111,0.23615113382456632,2.3238488661754344,0.926202770679823,225.84925537109376,21.580230712890625,21.580230712890625,225.84925537109376,353.54925537109375,4630.885970880404,303.54925537109375,30.0,582.3814554724306,0.0,1,XB02_M013_G02,XB02_M013_G02,XB02,M013,4607.53125,4632.875,25.34375,2.625622464396969,0.0
E52_b7c433bb400c5a28313b13f0,7.924370597981763,16.00220965111248,7.924370597981763,270.63016208552887,291.2047849391259,417.8125870494757,0.1554195344851095,0.009166666666666667,0.007743923611111111,0.17233012476288728,2.3876698752371133,0.9461468360115978,246.89547424316407,0.0,0.0,246.89547424316407,374.59547424316406,3133.594402871068,284.58648681640625,30.0,480.63016208552887,0.0,1,XB02_M013_G02,XB02_M013_G02,XB02,M013,4607.53125,4632.875,25.34375,7.924370597981763,0.0
E52_b8aeee13ee5f313ffdb298e7,2.4321322628707236,0.32052137756616617,0.32052137756616617,550.9628084392909,600.9445446860357,802.0351993981131,0.309532562555218,0.009166666666666667,0.007743923611111111,0.32644315283299574,2.2335568471670046,0.8979865147396888,599.7808349609375,0.0,0.0,599.7808349609375,727.4808349609375,6015.263995485849,485.42230224609375,30.0,760.9628084392909,0.0,1,XB02_M013_G02,XB02_M013_G02,XB02,M013,4607.53125,4632.875,25.34375,0.32052137756616617,0.0
E52_be69bdf55826f2eb34075d09,11.82560433037709,12.029424972929434,11.82560433037709,457.6877788138426,500.48965717077624,658.5642874860837,0.25604119113741575,0.009166666666666667,0.007743923611111111,0.2729517814151935,2.287048218584807,0.9147025683077521,513.6225402832031,0.0,0.0,513.6225402832031,641.3225402832031,4939.232156145627,341.3225402832031,30.0,667.6877788138427,0.0,1,XB02_M013_G02,XB02_M013_G02,XB02,M013,4607.53125,4632.875,25.34375,11.82560433037709,0.0
E52_bfffb2993ede6e2e2bd9340b,17.567407249921374,13.053008949478723,13.053008949478723,400.85355156655817,436.85476820067277,585.6998033284289,0.22550922551216515,0.009166666666666667,0.007743923611111111,0.24241981578994293,2.3175801842100574,0.9242438075656428,432.014599609375,0.0,0.0,432.014599609375,559.714599609375,4392.748524963216,275.29461669921875,30.0,610.8535515665582,0.0,1,XB02_M013_G02,XB02_M013_G02,XB02,M013,4607.53125,4632.875,25.34375,13.053008949478723,0.0
E52_c0294c7ff44d44fc4ede8d97,7.095272266261489,16.7256600789149,7.095272266261489,316.70783025924425,358.9570632507807,379.92026256926977,0.16644027302831577,0.009166666666666667,0.007743923611111111,0.18335086330609354,2.376649136693907,0.9427028552168457,506.9907958984375,0.0,0.0,506.9907958984375,634.6907958984375,2849.4019692695233,334.6907958984375,30.0,526.7078302592442,0.0,1,XB02_M013_G02,XB02_M013_G02,XB02,M013,4607.53125,4632.875,25.34375,7.095272266261489,0.0
E52_c10a50247c57c0340b451298,3.348975611250623,3.1495087650690863,3.1495087650690863,410.4813485396202,450.8988478275434,578.4577013517014,0.22790762835174688,0.009166666666666667,0.007743923611111111,0.24481821862952466,2.315181781370476,0.9234943066782736,485.00999145507814,0.0,0.0,485.00999145507814,612.7099914550781,4338.432760137761,515.4917602539062,30.0,620.4813485396203,0.0,1,XB02_M013_G02,XB02_M013_G02,XB02,M013,4607.53125,4632.875,25.34375,3.1495087650690863,0.0
E52_c515ea57360fd29f9add62f7,1.4421037094883928,10.649906727109496,1.4421037094883928,525.5980011021792,572.0554631586571,772.4512298654912,0.29632198385281766,0.009166666666666667,0.007743923611111111,0.3132325741305954,2.2467674258694053,0.9021148205841889,557.4895446777343,0.0,0.0,557.4895446777343,685.1895446777344,5793.384223991184,393.3172912597656,30.0,735.5980011021792,0.0,1,XB02_M013_G02,XB02_M013_G02,XB02,M013,4607.53125,4632.875,25.34375,1.4421037094883928,0.0
E52_c76d93c5902d0dc017f7065c,7.682547279470015,16.05706218628906,7.682547279470015,260.86241804033426,278.57034040361555,415.47730190098105,0.1516149798935124,0.009166666666666667,0.007743923611111111,0.1685255701712902,2.3914744298287105,0.9473357593214718,212.495068359375,0.0,0.0,212.495068359375,340.195068359375,3116.079764257358,277.91845703125,30.0,470.86241804033426,0.0,1,XB02_M013_G02,XB02_M013_G02,XB02,M013,4607.53125,4632.875,25.34375,7.682547279470015,0.0
E52_c98d1e580ba9a8920eeacbdb,7.682282807620737,9.995636820319618,7.682282807620737,531.3190315479533,569.3529452238973,834.4345810402425,0.30713490815373307,0.009166666666666667,0.007743923611111111,0.3240454984315108,2.23595450156849,0.8987357817401529,456.40696411132814,0.0,0.0,456.40696411132814,584.1069641113281,6258.259357801819,362.73199462890625,30.0,741.3190315479533,0.0,1,XB02_M013_G02,XB02_M013_G02,XB02,M013,4607.53125,4632.875,25.34375,7.682282807620737,0.0
E52_cdef0b479e00ae29ebd83132,4.234801533590527,10.01648148125875,4.234801533590527,520.0071121141804,554.5433095222207,832.7970397801186,0.3028799960747676,0.009166666666666667,0.007743923611111111,0.31979058635254537,2.240209413647455,0.9000654417648296,414.4343688964844,0.0,0.0,414.4343688964844,542.1343688964844,6245.977798350889,297.6476745605469,30.0,730.0071121141804,0.0,1,XB02_M013_G02,XB02_M013_G02,XB02,M013,4607.53125,4632.875,25.34375,4.234801533590527,0.0
E52_d1d4424e0dfaa7a0ce62d445,6.552044640434815,12.872868339328704,6.552044640434815,402.0751033963921,436.37951216917855,598.3237541560654,0.22773150601213982,0.009166666666666667,0.007743923611111111,0.2446420962899176,2.315357903710083,0.9235493449094008,411.6529052734375,0.0,0.0,411.6529052734375,539.3529052734375,4487.428156170491,269.83203125,30.0,612.075103396392,0.0,1,XB02_M013_G02,XB02_M013_G02,XB02,M013,4607.53125,4632.875,25.34375,6.552044640434815,0.0
E52_d22cbe82615c6d2ee0ebf49f,7.765715585605022,15.758568264926964,7.765715585605022,318.17309843891866,352.9726015110215,427.5491784452201,0.1737067461230003,0.009166666666666667,0.007743923611111111,0.19061733640077808,2.3693826635992226,0.9404320823747568,417.5940368652344,0.0,0.0,417.5940368652344,545.2940368652344,3206.618838339151,335.390380859375,30.0,528.1730984389187,0.0,1,XB02_M013_G02,XB02_M013_G02,XB02,M013,4607.53125,4632.875,25.34375,7.765715585605022,0.0
E52_d3460088443e86b69235cf2f,8.94867437157906,10.110906533633653,8.94867437157906,520.9986937965015,557.4049117530444,823.5600798537452,0.3019244763287566,0.009166666666666667,0.007743923611111111,0.3188350666065343,2.241164933393466,0.900364041685458,436.87461547851564,0.0,0.0,436.87461547851564,564.5746154785156,6176.700598903089,276.8628845214844,30.0,730.9986937965015,0.0,1,XB02_M013_G02,XB02_M013_G02,XB02,M013,4607.53125,4632.875,25.34375,8.94867437157906,0.0
E52_d6d1511afdebb88632549a71,3.8985643819008544,16.177909036830457,3.8985643819008544,342.76879390848103,389.67749650450963,404.08537224079015,0.1791309979165653,0.009166666666666667,0.007743923611111111,0.19604158819434309,2.3639584118056574,0.9387370036892678,562.9044311523437,0.0,0.0,562.9044311523437,690.6044311523438,3030.640291805926,390.60443115234375,30.0,552.768793908481,0.0,1,XB02_M013_G02,XB02_M013_G02,XB02,M013,4607.53125,4632.875,25.34375,3.8985643819008544,0.0
E52_d7f1f5d49edaa9f52000c452,13.530933452966124,12.917919470378578,12.917919470378578,397.7633482290822,431.12867517406926,595.3347347882426,0.22577474843651651,0.009166666666666667,0.007743923611111111,0.2426853387142943,2.3173146612857063,0.9241608316517831,400.38392333984376,0.0,0.0,400.38392333984376,528.0839233398438,4465.010510911819,278.08392333984375,30.0,607.7633482290822,0.0,1,XB02_M013_G02,XB02_M013_G02,XB02,M013,4607.53125,4632.875,25.34375,12.917919470378578,0.0
E52_da1eeef61bb4fffd90feecd9,3.5967322847836556,11.577048041656667,3.5967322847836556,464.4321692173844,503.4661769891943,694.6602918039094,0.2635518155735283,0.009166666666666667,0.007743923611111111,0.28046240585130605,2.2795375941486946,0.9123554981714669,468.40809326171876,0.0,0.0,468.40809326171876,596.1080932617188,5209.952188529321,322.9142761230469,30.0,674.4321692173844,0.0,1,XB02_M013_G02,XB02_M013_G02,XB02,M013,4607.53125,4632.875,25.34375,3.5967322847836556,0.0
E52_dbe1bedc9b83d29f34556dbd,12.20829780331944,13.016499113861627,12.20829780331944,387.86022911882606,419.0031732004504,588.862793747906,0.22133620210273125,0.009166666666666667,0.007743923611111111,0.23824679238050903,2.3217532076194916,0.9255478773810909,373.7153289794922,0.0,0.0,373.7153289794922,501.4153289794922,4416.470953109295,232.19436645507812,30.0,597.860229118826,0.0,1,XB02_M013_G02,XB02_M013_G02,XB02,M013,4607.53125,4632.875,25.34375,12.20829780331944,0.0
E52_dbec4f1422e98765afb262aa,6.294341318732037,16.38523852602286,6.294341318732037,322.5402116809159,364.1002534899979,395.72017250733956,0.1707521496628321,0.009166666666666667,0.007743923611111111,0.18766273994060986,2.372337260059391,0.9413553937685595,498.7205017089844,0.0,0.0,498.7205017089844,626.4205017089844,2967.901293805047,326.4205017089844,30.0,532.540211680916,0.0,1,XB02_M013_G02,XB02_M013_G02,XB02,M013,4607.53125,4632.875,25.34375,6.294341318732037,0.0
E52_dc4c132291b7b9525a26c82f,7.641629812673216,16.290878065555617,7.641629812673216,256.41354735972715,274.49113296153376,404.3615811086144,0.14845852840407586,0.009166666666666667,0.007743923611111111,0.16536911868185364,2.3946308813181467,0.9483221504119207,216.9310272216797,0.0,0.0,216.9310272216797,344.6310272216797,3032.711858314608,277.91845703125,30.0,466.41354735972715,0.0,1,XB02_M013_G02,XB02_M013_G02,XB02,M013,4607.53125,4632.875,25.34375,7.641629812673216,0.0
E52_dd12fb0cc4aee52816704b73,3.249520548276351,0.5498680641518376,0.5498680641518376,547.6210002825783,600.0718247658139,780.5370536657424,0.3052994367315811,0.009166666666666667,0.007743923611111111,0.32221002700935886,2.2377899729906416,0.8993093665595754,629.4098937988281,0.0,0.0,629.4098937988281,757.1098937988281,5854.027902493068,543.108642578125,30.0,757.6210002825783,0.0,1,XB02_M013_G02,XB02_M013_G02,XB02,M013,4607.53125,4632.875,25.34375,0.5498680641518376,0.0
E52_de2c36302e014a6d0284c896,7.459646451824142,15.994052628622484,7.459646451824142,325.41177480357015,364.7238282296769,414.95122905049965,0.1744969638873427,0.009166666666666667,0.007743923611111111,0.19140755416512048,2.36859244583488,0.9401851393233999,471.74464111328126,0.0,0.0,471.74464111328126,599.4446411132812,3112.134217878747,325.15069580078125,30.0,535.4117748035701,0.0,1,XB02_M013_G02,XB02_M013_G02,XB02,M013,4607.53125,4632.875,25.34375,7.459646451824142,0.0
E52_e0325aad0b87e7c07e10fc2c,7.551931288915085,5.987785159048158,5.987785159048158,275.1983248954777,294.96932963587483,418.60161500091635,0.15682137892336617,0.009166666666666667,0.007743923611111111,0.17373196920114395,2.3862680307988566,0.9457087596246425,248.53977661132814,11.2877197265625,11.2877197265625,248.53977661132814,376.2397766113281,3139.5121125068727,326.2397766113281,30.0,485.1983248954777,0.0,1,XB02_M013_G02,XB02_M013_G02,XB02,M013,4607.53125,4632.875,25.34375,5.987785159048158,0.0
E52_e0cd6bab1a22c4530d9a254c,6.335716504082711,6.471069764274475,6.335716504082711,260.0402116809159,280.7669201566646,395.72017250733956,0.14852449968212222,0.009166666666666667,0.007743923611111111,0.1654350899599,2.3945649100401005,0.9483015343875313,248.7205017089844,0.0,0.0,248.7205017089844,376.4205017089844,2967.901293805047,326.4205017089844,30.0,470.0402116809159,0.0,1,XB02_M013_G02,XB02_M013_G02,XB02,M013,4607.53125,4632.875,25.34375,6.335716504082711,0.0
E52_ea76d341ab82f2ebc1fa1efe,7.502452070692229,6.056283714240493,6.056283714240493,275.41177480357015,298.05716156301025,414.95122905049965,0.15671484390277482,0.009166666666666667,0.007743923611111111,0.1736254341805526,2.3863745658194477,0.9457420518185773,271.74464111328126,0.0,0.0,271.74464111328126,399.44464111328125,3112.134217878747,325.15069580078125,30.0,485.41177480357015,0.0,1,XB02_M013_G02,XB02_M013_G02,XB02,M013,4607.53125,4632.875,25.34375,6.056283714240493,0.0
E52_eab18c460278cfbad2c20da0,8.409550189002346,7.760329046990023,7.760329046990023,212.31476099060268,226.15454090800176,341.5908424768108,0.12388533452538679,0.009166666666666667,0.007743923611111111,0.14079592480316458,2.419204075196836,0.9560012734990111,166.07735900878907,0.0,0.0,166.07735900878907,293.77735900878906,2561.931318576081,213.8477783203125,30.0,422.3147609906027,0.0,1,XB02_M013_G02,XB02_M013_G02,XB02,M013,4607.53125,4632.875,25.34375,7.760329046990023,0.0
E52_eb490529b308e18523949520,10.637966703204583,12.235001379754962,10.637966703204583,417.9327582223269,449.8180932544721,644.5535062517828,0.23991836791670462,0.009166666666666667,0.007743923611111111,0.25682895819448237,2.303171041805518,0.9197409505642242,382.6240203857422,0.0,0.0,382.6240203857422,510.3240203857422,4834.151296888371,255.67149353027344,30.0,627.9327582223269,0.0,1,XB02_M013_G02,XB02_M013_G02,XB02,M013,4607.53125,4632.875,25.34375,10.637966703204583,0.0
E52_eddf192c3626d88d236d26e4,9.181907039239562,17.034187922993553,9.181907039239562,241.72684180786888,260.473536754158,370.9735139380034,0.13850678679446915,0.009166666666666667,0.007743923611111111,0.15541737707224693,2.4045826229277534,0.9514320696649229,224.96033935546876,0.0,0.0,224.96033935546876,352.66033935546875,2782.3013545350254,199.07135009765625,30.0,451.7268418078689,0.0,1,XB02_M013_G02,XB02_M013_G02,XB02,M013,4607.53125,4632.875,25.34375,9.181907039239562,0.0
E52_ede4029bd5e695a7a0c85289,13.575159675153529,12.925612211179384,12.925612211179384,385.2633482290822,414.4620085074026,595.3347347882426,0.22132921844037454,0.009166666666666667,0.007743923611111111,0.2382398087181523,2.3217601912818484,0.9255500597755774,350.38392333984376,0.0,0.0,350.38392333984376,478.08392333984375,4465.010510911819,278.08392333984375,30.0,595.2633482290822,0.0,1,XB02_M013_G02,XB02_M013_G02,XB02,M013,4607.53125,4632.875,25.34375,12.925612211179384,0.0
E52_ef8fa59407d07a2296b5f591,5.49784040815473,0.3151276047193221,0.3151276047193221,505.85939793409244,540.3898465933535,804.5361039126185,0.29384606362066074,0.009166666666666667,0.007743923611111111,0.3107566538984385,2.249243346101562,0.9028885456567379,414.3653839111328,0.0,0.0,414.3653839111328,542.0653839111328,6034.020779344639,284.8677062988281,30.0,715.8593979340924,0.0,1,XB02_M013_G02,XB02_M013_G02,XB02,M013,4607.53125,4632.875,25.34375,0.3151276047193221,0.0
E52_f2fabdd802684ffd17ed2273,5.806670274901734,16.925225818485302,5.806670274901734,275.2104023505881,304.60508466259984,374.0527108291059,0.15085104647056902,0.009166666666666667,0.007743923611111111,0.1677616367483468,2.3922383632516535,0.9475744885161417,352.73618774414064,0.0,0.0,352.73618774414064,480.4361877441406,2805.395331218294,291.6474609375,30.0,485.2104023505881,0.0,1,XB02_M013_G02,XB02_M013_G02,XB02,M013,4607.53125,4632.875,25.34375,5.806670274901734,0.0
E52_fd527d975e1813662620f82c,12.40688155223583,12.45056667278017,12.40688155223583,418.2192341110554,452.9085204066283,628.3027504486734,0.23771876612520712,0.009166666666666667,0.007743923611111111,0.2546293564029849,2.3053706435970156,0.9204283261240672,416.271435546875,0.0,0.0,416.271435546875,543.971435546875,4712.2706283650505,306.8754577636719,30.0,628.2192341110554,0.0,1,XB02_M013_G02,XB02_M013_G02,XB02,M013,4607.53125,4632.875,25.34375,12.40688155223583,0.0
E52_189eb019491ad876aa165071,4.910998135102375,3.8094716871601975,3.8094716871601975,403.09916814168594,448.35288467407526,534.676037089036,0.21908171065325852,0.009166666666666667,0.23950781250000003,0.46775618981992517,2.0922438101800753,0.8538261906812734,543.0445983886718,0.0,0.0,543.0445983886718,670.7445983886719,4010.07027816777,391.87322998046875,30.0,613.0991681416859,0.0,1,XB02_M014_G00,XB02_M014_G00,XB02,M014,6484.5625,7268.40625,783.84375,3.8094716871601975,0.0
E52_231de36c6439da832299e30f,3.094118306520926,16.451156269229884,3.094118306520926,336.2639482811268,383.1573412254627,391.1675388962379,0.1749881335365896,0.009166666666666667,0.23950781250000003,0.4236626127032563,2.136337387296744,0.8676054335302325,562.7207153320312,0.0,0.0,562.7207153320312,690.4207153320312,2933.7565417217843,390.42071533203125,30.0,546.2639482811268,0.0,1,XB02_M014_G00,XB02_M014_G00,XB02,M014,6484.5625,7268.40625,783.84375,3.094118306520926,0.0
E52_246111a1ef063bec9e89ec9e,6.759696504692187,13.03223549741864,6.759696504692187,413.11352328410356,453.07003166626504,586.4879962752384,0.22998101771643822,0.009166666666666667,0.23950781250000003,0.47865549688310494,2.0813445031168953,0.8504201572240297,479.4781005859375,0.0,0.0,479.4781005859375,607.1781005859375,4398.659972064288,469.28277587890625,30.0,623.1135232841036,0.0,1,XB02_M014_G00,XB02_M014_G00,XB02,M014,6484.5625,7268.40625,783.84375,6.759696504692187,0.0
E52_347c51b45a583dd4c5a4aad0,9.415096697387,10.359339260709504,9.415096697387,545.8106765870443,594.6474365357748,798.6007934817058,0.3072138543106079,0.009166666666666667,0.23950781250000003,0.5558883334772746,2.004111666522726,0.8262848957883517,586.0411193847656,0.0,0.0,586.0411193847656,713.7411193847656,5989.505951112793,425.30462646484375,30.0,755.8106765870443,0.0,1,XB02_M014_G00,XB02_M014_G00,XB02,M014,6484.5625,7268.40625,783.84375,9.415096697387,0.0
E52_47db2d0d55c92154c779a4c9,3.0205906267075733,16.45726286038159,3.0205906267075733,312.62709924858126,351.3219092257948,393.08533863388124,0.16685347284684848,0.009166666666666667,0.23950781250000003,0.41552795201351517,2.1444720479864854,0.8701475149957765,464.3377197265625,0.0,0.0,464.3377197265625,592.0377197265625,2948.1400397541092,295.61395263671875,30.0,522.6270992485813,0.0,1,XB02_M014_G00,XB02_M014_G00,XB02,M014,6484.5625,7268.40625,783.84375,3.0205906267075733,0.0
E52_60b0dc656c777ee2cc2279b1,8.733114601235329,0.21315146591224732,0.21315146591224732,563.4362729251038,615.9641949832094,811.705013501575,0.3153381258454166,0.009166666666666667,0.23950781250000003,0.5640126050120833,1.9959873949879172,0.8237460609337239,630.3350646972656,0.0,0.0,630.3350646972656,758.0350646972656,6087.787601261813,495.9024353027344,30.0,773.4362729251038,0.0,1,XB02_M014_G00,XB02_M014_G00,XB02,M014,6484.5625,7268.40625,783.84375,0.21315146591224732,0.0
E52_6dc095df8eb6475486134b5c,6.915729524772303,12.905188948092743,6.915729524772303,424.06014837873875,466.2734748964797,594.8403376510322,0.23505698741925235,0.009166666666666667,0.23950781250000003,0.48373146658591903,2.0762685334140816,0.8488339166919003,506.55991821289064,0.0,0.0,506.55991821289064,634.2599182128906,4461.302532382741,440.2059631347656,30.0,634.0601483787387,0.0,1,XB02_M014_G00,XB02_M014_G00,XB02,M014,6484.5625,7268.40625,783.84375,6.915729524772303,0.0
E52_82c821a5773d0bfbe554f10a,3.9055423871373875,11.397135806608844,3.9055423871373875,512.9354114719376,566.0737563002253,707.0407539741487,0.2825549862639304,0.009166666666666667,0.23950781250000003,0.5312294654305971,2.0287705345694036,0.8339907920529384,637.6601379394531,0.0,0.0,637.6601379394531,765.3601379394531,5302.805654806116,465.3601379394531,30.0,722.9354114719376,0.0,1,XB02_M014_G00,XB02_M014_G00,XB02,M014,6484.5625,7268.40625,783.84375,3.9055423871373875,0.0
E52_8d375985c45fff9288668cb3,3.1370206879068405,16.222123863058812,3.1370206879068405,353.99602207193686,405.21742048909175,400.663653640944,0.182639281392285,0.009166666666666667,0.23950781250000003,0.43131376055895165,2.128686239441049,0.8652144498253276,614.6567810058593,0.0,0.0,614.6567810058593,742.3567810058594,3004.97740230708,442.3567810058594,30.0,563.9960220719369,0.0,1,XB02_M014_G00,XB02_M014_G00,XB02,M014,6484.5625,7268.40625,783.84375,3.1370206879068405,0.0
E52_9b18c2085562c5280ea1e394,8.442005926067282,0.02697066595830222,0.02697066595830222,563.4972144032131,613.0086493397365,829.9258191872856,0.3179402888393461,0.009166666666666667,0.23950781250000003,0.5666147680060127,1.9933852319939878,0.822932884998121,594.1372192382812,0.0,0.0,594.1372192382812,721.8372192382812,6224.443643904642,487.8569030761719,30.0,773.4972144032131,0.0,1,XB02_M014_G00,XB02_M014_G00,XB02,M014,6484.5625,7268.40625,783.84375,0.02697066595830222,0.0
E52_a1af1f4ab7d520e82e20be53,8.666795328446057,0.45430012492889205,0.45430012492889205,547.7224457312177,598.7128286250978,789.5025940991541,0.30660524396013417,0.009166666666666667,0.23950781250000003,0.5552797231268009,2.0047202768731998,0.8264750865228747,611.8845947265625,0.0,0.0,611.8845947265625,739.5845947265625,5921.269455743655,492.6366271972656,30.0,757.7224457312177,0.0,1,XB02_M014_G00,XB02_M014_G00,XB02,M014,6484.5625,7268.40625,783.84375,0.45430012492889205,0.0
E52_b8aeee13ee5f313ffdb298e7,9.099176982921449,0.32052137756616617,0.32052137756616617,550.9628084392909,600.9445446860357,802.0351993981131,0.309532562555218,0.009166666666666667,0.23950781250000003,0.5582070417218847,2.0017929582781155,0.825560299461911,599.7808349609375,0.0,0.0,599.7808349609375,727.4808349609375,6015.263995485849,485.42230224609375,30.0,760.9628084392909,0.0,1,XB02_M014_G00,XB02_M014_G00,XB02,M014,6484.5625,7268.40625,783.84375,0.32052137756616617,0.0
E52_be69bdf55826f2eb34075d09,2.1858471240912536,12.029424972929434,2.1858471240912536,457.6877788138426,500.48965717077624,658.5642874860837,0.25604119113741575,0.009166666666666667,0.23950781250000003,0.5047156703040825,2.055284329695918,0.8422763530299742,513.6225402832031,0.0,0.0,513.6225402832031,641.3225402832031,4939.232156145627,341.3225402832031,30.0,667.6877788138427,0.0,1,XB02_M014_G00,XB02_M014_G00,XB02,M014,6484.5625,7268.40625,783.84375,2.1858471240912536,0.0
E52_c10a50247c57c0340b451298,6.585315506004903,3.1495087650690863,3.1495087650690863,410.4813485396202,450.8988478275434,578.4577013517014,0.22790762835174688,0.009166666666666667,0.23950781250000003,0.47658210751841357,2.083417892481587,0.8510680914004958,485.00999145507814,0.0,0.0,485.00999145507814,612.7099914550781,4338.432760137761,515.4917602539062,30.0,620.4813485396203,0.0,1,XB02_M014_G00,XB02_M014_G00,XB02,M014,6484.5625,7268.40625,783.84375,3.1495087650690863,0.0
E52_c117f06f984d58b2275e6c48,9.428373458407194,0.365836005255062,0.365836005255062,533.3106765870443,577.980769869108,798.6007934817058,0.30276832431446593,0.009166666666666667,0.23950781250000003,0.5514428034811326,2.008557196518868,0.8276741239121461,536.0411193847656,0.0,0.0,536.0411193847656,663.7411193847656,5989.505951112793,425.30462646484375,30.0,743.3106765870443,0.0,1,XB02_M014_G00,XB02_M014_G00,XB02,M014,6484.5625,7268.40625,783.84375,0.365836005255062,0.0
E52_d6d1511afdebb88632549a71,3.3606450562612338,16.177909036830457,3.3606450562612338,342.76879390848103,389.67749650450963,404.08537224079015,0.1791309979165653,0.009166666666666667,0.23950781250000003,0.427805477083232,2.1321945229167687,0.86631078841149,562.9044311523437,0.0,0.0,562.9044311523437,690.6044311523438,3030.640291805926,390.60443115234375,30.0,552.768793908481,0.0,1,XB02_M014_G00,XB02_M014_G00,XB02,M014,6484.5625,7268.40625,783.84375,3.3606450562612338,0.0
E52_dd12fb0cc4aee52816704b73,9.20471726981016,0.5498680641518376,0.5498680641518376,547.6210002825783,600.0718247658139,780.5370536657424,0.3052994367315811,0.009166666666666667,0.23950781250000003,0.5539739158982477,2.0060260841017525,0.8268831512817976,629.4098937988281,0.0,0.0,629.4098937988281,757.1098937988281,5854.027902493068,543.108642578125,30.0,757.6210002825783,0.0,1,XB02_M014_G00,XB02_M014_G00,XB02,M014,6484.5625,7268.40625,783.84375,0.5498680641518376,0.0
E52_189eb019491ad876aa165071,4.910998135102375,3.8094716871601975,3.8094716871601975,403.09916814168594,448.35288467407526,534.676037089036,0.21908171065325852,0.009166666666666667,0.32735503472222227,0.5556034120421475,2.004396587957853,0.826373933736829,543.0445983886718,0.0,0.0,543.0445983886718,670.7445983886719,4010.07027816777,391.87322998046875,30.0,613.0991681416859,0.0,1,XB02_M015_G00,XB02_M015_G00,XB02,M015,5649.0,6720.34375,1071.34375,3.8094716871601975,0.0
E52_231de36c6439da832299e30f,3.094118306520926,16.451156269229884,3.094118306520926,336.2639482811268,383.1573412254627,391.1675388962379,0.1749881335365896,0.009166666666666667,0.32735503472222227,0.5115098349254785,2.048490165074522,0.8401531765857879,562.7207153320312,0.0,0.0,562.7207153320312,690.4207153320312,2933.7565417217843,390.42071533203125,30.0,546.2639482811268,0.0,1,XB02_M015_G00,XB02_M015_G00,XB02,M015,5649.0,6720.34375,1071.34375,3.094118306520926,0.0
E52_246111a1ef063bec9e89ec9e,6.759696504692187,13.03223549741864,6.759696504692187,413.11352328410356,453.07003166626504,586.4879962752384,0.22998101771643822,0.009166666666666667,0.32735503472222227,0.5665027191053271,1.9934972808946734,0.8229679002795853,479.4781005859375,0.0,0.0,479.4781005859375,607.1781005859375,4398.659972064288,469.28277587890625,30.0,623.1135232841036,0.0,1,XB02_M015_G00,XB02_M015_G00,XB02,M015,5649.0,6720.34375,1071.34375,6.759696504692187,0.0
E52_347c51b45a583dd4c5a4aad0,9.414335690934024,10.359339260709504,9.414335690934024,545.8106765870443,594.6474365357748,798.6007934817058,0.3072138543106079,0.009166666666666667,0.32735503472222227,0.6437355556994968,1.9162644443005037,0.7988326388439073,586.0411193847656,0.0,0.0,586.0411193847656,713.7411193847656,5989.505951112793,425.30462646484375,30.0,755.8106765870443,0.0,1,XB02_M015_G00,XB02_M015_G00,XB02,M015,5649.0,6720.34375,1071.34375,9.414335690934024,0.0
E52_47db2d0d55c92154c779a4c9,3.0205906267075733,16.45726286038159,3.0205906267075733,312.62709924858126,351.3219092257948,393.08533863388124,0.16685347284684848,0.009166666666666667,0.32735503472222227,0.5033751742357374,2.056624825764263,0.842695258051332,464.3377197265625,0.0,0.0,464.3377197265625,592.0377197265625,2948.1400397541092,295.61395263671875,30.0,522.6270992485813,0.0,1,XB02_M015_G00,XB02_M015_G00,XB02,M015,5649.0,6720.34375,1071.34375,3.0205906267075733,0.0
E52_60b0dc656c777ee2cc2279b1,8.732446522140052,0.21315146591224732,0.21315146591224732,563.4362729251038,615.9641949832094,811.705013501575,0.3153381258454166,0.009166666666666667,0.32735503472222227,0.6518598272343055,1.908140172765695,0.7962938039892795,630.3350646972656,0.0,0.0,630.3350646972656,758.0350646972656,6087.787601261813,495.9024353027344,30.0,773.4362729251038,0.0,1,XB02_M015_G00,XB02_M015_G00,XB02,M015,5649.0,6720.34375,1071.34375,0.21315146591224732,0.0
E52_6dc095df8eb6475486134b5c,6.915729524772303,12.905188948092743,6.915729524772303,424.06014837873875,466.2734748964797,594.8403376510322,0.23505698741925235,0.009166666666666667,0.32735503472222227,0.5715786888081413,1.9884213111918592,0.8213816597474558,506.55991821289064,0.0,0.0,506.55991821289064,634.2599182128906,4461.302532382741,440.2059631347656,30.0,634.0601483787387,0.0,1,XB02_M015_G00,XB02_M015_G00,XB02,M015,5649.0,6720.34375,1071.34375,6.915729524772303,0.0
E52_82c821a5773d0bfbe554f10a,3.9055423871373875,11.397135806608844,3.9055423871373875,512.9354114719376,566.0737563002253,707.0407539741487,0.2825549862639304,0.009166666666666667,0.32735503472222227,0.6190766876528193,1.9409233123471812,0.8065385351084939,637.6601379394531,0.0,0.0,637.6601379394531,765.3601379394531,5302.805654806116,465.3601379394531,30.0,722.9354114719376,0.0,1,XB02_M015_G00,XB02_M015_G00,XB02,M015,5649.0,6720.34375,1071.34375,3.9055423871373875,0.0
E52_8d375985c45fff9288668cb3,3.1370206879068405,16.222123863058812,3.1370206879068405,353.99602207193686,405.21742048909175,400.663653640944,0.182639281392285,0.009166666666666667,0.32735503472222227,0.519160982781174,2.0408390172188264,0.8377621928808832,614.6567810058593,0.0,0.0,614.6567810058593,742.3567810058594,3004.97740230708,442.3567810058594,30.0,563.9960220719369,0.0,1,XB02_M015_G00,XB02_M015_G00,XB02,M015,5649.0,6720.34375,1071.34375,3.1370206879068405,0.0
E52_9b18c2085562c5280ea1e394,8.441332046790464,0.02697066595830222,0.02697066595830222,563.4972144032131,613.0086493397365,829.9258191872856,0.3179402888393461,0.009166666666666667,0.32735503472222227,0.654461990228235,1.9055380097717656,0.7954806280536766,594.1372192382812,0.0,0.0,594.1372192382812,721.8372192382812,6224.443643904642,487.8569030761719,30.0,773.4972144032131,0.0,1,XB02_M015_G00,XB02_M015_G00,XB02,M015,5649.0,6720.34375,1071.34375,0.02697066595830222,0.0
E52_a1af1f4ab7d520e82e20be53,8.666220188906692,0.45430012492889205,0.45430012492889205,547.7224457312177,598.7128286250978,789.5025940991541,0.30660524396013417,0.009166666666666667,0.32735503472222227,0.6431269453490231,1.9168730546509773,0.7990228295784303,611.8845947265625,0.0,0.0,611.8845947265625,739.5845947265625,5921.269455743655,492.6366271972656,30.0,757.7224457312177,0.0,1,XB02_M015_G00,XB02_M015_G00,XB02,M015,5649.0,6720.34375,1071.34375,0.45430012492889205,0.0
E52_b8aeee13ee5f313ffdb298e7,9.098470484663508,0.32052137756616617,0.32052137756616617,550.9628084392909,600.9445446860357,802.0351993981131,0.309532562555218,0.009166666666666667,0.32735503472222227,0.6460542639441069,1.9139457360558936,0.7981080425174666,599.7808349609375,0.0,0.0,599.7808349609375,727.4808349609375,6015.263995485849,485.42230224609375,30.0,760.9628084392909,0.0,1,XB02_M015_G00,XB02_M015_G00,XB02,M015,5649.0,6720.34375,1071.34375,0.32052137756616617,0.0
E52_be69bdf55826f2eb34075d09,2.1858471240912536,12.029424972929434,2.1858471240912536,457.6877788138426,500.48965717077624,658.5642874860837,0.25604119113741575,0.009166666666666667,0.32735503472222227,0.5925628925263047,1.9674371074736958,0.8148240960855297,513.6225402832031,0.0,0.0,513.6225402832031,641.3225402832031,4939.232156145627,341.3225402832031,30.0,667.6877788138427,0.0,1,XB02_M015_G00,XB02_M015_G00,XB02,M015,5649.0,6720.34375,1071.34375,2.1858471240912536,0.0
E52_c10a50247c57c0340b451298,6.585315506004903,3.1495087650690863,3.1495087650690863,410.4813485396202,450.8988478275434,578.4577013517014,0.22790762835174688,0.009166666666666667,0.32735503472222227,0.5644293297406358,1.9955706702593647,0.8236158344560514,485.00999145507814,0.0,0.0,485.00999145507814,612.7099914550781,4338.432760137761,515.4917602539062,30.0,620.4813485396203,0.0,1,XB02_M015_G00,XB02_M015_G00,XB02,M015,5649.0,6720.34375,1071.34375,3.1495087650690863,0.0
E52_c117f06f984d58b2275e6c48,9.427610122136173,0.365836005255062,0.365836005255062,533.3106765870443,577.980769869108,798.6007934817058,0.30276832431446593,0.009166666666666667,0.32735503472222227,0.6392900257033549,1.9207099742966456,0.8002218669677016,536.0411193847656,0.0,0.0,536.0411193847656,663.7411193847656,5989.505951112793,425.30462646484375,30.0,743.3106765870443,0.0,1,XB02_M015_G00,XB02_M015_G00,XB02,M015,5649.0,6720.34375,1071.34375,0.365836005255062,0.0
E52_d6d1511afdebb88632549a71,3.3606450562612338,16.177909036830457,3.3606450562612338,342.76879390848103,389.67749650450963,404.08537224079015,0.1791309979165653,0.009166666666666667,0.32735503472222227,0.5156526993054542,2.0443473006945463,0.8388585314670456,562.9044311523437,0.0,0.0,562.9044311523437,690.6044311523438,3030.640291805926,390.60443115234375,30.0,552.768793908481,0.0,1,XB02_M015_G00,XB02_M015_G00,XB02,M015,5649.0,6720.34375,1071.34375,3.3606450562612338,0.0
E52_dd12fb0cc4aee52816704b73,9.204073583934033,0.5498680641518376,0.5498680641518376,547.6210002825783,600.0718247658139,780.5370536657424,0.3052994367315811,0.009166666666666667,0.32735503472222227,0.64182113812047,1.9181788618795306,0.7994308943373531,629.4098937988281,0.0,0.0,629.4098937988281,757.1098937988281,5854.027902493068,543.108642578125,30.0,757.6210002825783,0.0,1,XB02_M015_G00,XB02_M015_G00,XB02,M015,5649.0,6720.34375,1071.34375,0.5498680641518376,0.0
E52_0fa03b8d9ed736d48919c1b7,4.742741805859765,11.555158541579928,4.742741805859765,469.53189880990186,510.00510285042924,696.2245733766397,0.2655870342753843,0.009166666666666667,0.2263402777777778,0.5010939787198287,2.0589060212801717,0.8434081316500535,485.67844848632814,0.0,0.0,485.67844848632814,613.3784484863281,5221.684300324798,318.1667785644531,30.0,679.5318988099018,0.0,1,XB02_M016_G00,XB02_M016_G00,XB02,M016,5646.96875,6387.71875,740.75,4.742741805859765,0.0
E52_1ef47ef68c1879e18ddbb164,3.398043037439095,9.684707827919368,3.398043037439095,525.9457118932837,556.9823492630754,865.6715995678175,0.30964781577290457,0.009166666666666667,0.2263402777777778,0.545154760217349,2.0148452397826517,0.8296391374320784,372.4396484375,0.0,0.0,372.4396484375,500.1396484375,6492.536996758631,304.7821350097656,30.0,735.9457118932837,0.0,1,XB02_M016_G00,XB02_M016_G00,XB02,M016,5646.96875,6387.71875,740.75,3.398043037439095,0.0
E52_214ce9a3b3bd3fa9c582335a,0.14955749359387482,15.138353346483314,0.14955749359387482,331.46735474952504,365.31699057309277,459.8368945576438,0.1830074384559416,0.009166666666666667,0.2263402777777778,0.41851438290038606,2.1414856170996144,0.8692142553436294,406.1956298828125,0.0,0.0,406.1956298828125,533.8956298828125,3448.7767091823284,283.8956298828125,30.0,541.467354749525,0.0,1,XB02_M016_G00,XB02_M016_G00,XB02,M016,5646.96875,6387.71875,740.75,0.14955749359387482,0.0
E52_215ef380a7eb56a6f7d09ab1,2.537885409617246,12.440860913671315,2.537885409617246,437.2780853288336,478.35957590907447,628.0672271762219,0.2444635461376352,0.009166666666666667,0.2263402777777778,0.47997049058207963,2.080029509417921,0.8500092216931001,492.97788696289064,0.0,0.0,492.97788696289064,620.6778869628906,4710.504203821664,324.9881591796875,30.0,647.2780853288336,0.0,1,XB02_M016_G00,XB02_M016_G00,XB02,M016,5646.96875,6387.71875,740.75,2.537885409617246,0.0
E52_24cc4f01335372459fb4c2ba,6.1310389492713,12.909161020133865,6.1310389492713,410.2633482290822,447.7953418407359,595.3347347882426,0.23022027843265847,0.009166666666666667,0.2263402777777778,0.4657272228771029,2.0942727771228977,0.8544602428509054,450.38392333984376,0.0,0.0,450.38392333984376,578.0839233398438,4465.010510911819,278.08392333984375,30.0,620.2633482290822,0.0,1,XB02_M016_G00,XB02_M016_G00,XB02,M016,5646.96875,6387.71875,740.75,6.1310389492713,0.0
E52_2dadfb43d7dd9558e21effa9,6.345543613126054,12.85982438864363,6.345543613126054,396.07517918576866,428.1792069974549,599.5261915014202,0.22576797164618329,0.009166666666666667,0.2263402777777778,0.46127491609062776,2.0987250839093727,0.8558515887216789,385.2483337402344,0.0,0.0,385.2483337402344,512.9483337402344,4496.446436260651,248.30487060546875,30.0,606.0751791857687,0.0,1,XB02_M016_G00,XB02_M016_G00,XB02,M016,5646.96875,6387.71875,740.75,6.345543613126054,0.0
E52_2e64690809088e2a96fb2160,6.013313070484017,9.500767968691491,6.013313070484017,523.7789293194231,550.945126524013,884.5606754113072,0.31155234822715455,0.009166666666666667,0.2263402777777778,0.547059292671599,2.0129407073284016,0.8290439710401253,325.99436645507814,0.0,0.0,325.99436645507814,453.6943664550781,6634.205065584804,329.6845703125,30.0,733.7789293194231,0.0,1,XB02_M016_G00,XB02_M016_G00,XB02,M016,5646.96875,6387.71875,740.75,6.013313070484017,0.0
E52_30110e5b3ae38ecfab28ace2,8.273078063868581,10.05954008012911,8.273078063868581,514.4106891471403,547.7506496268766,828.7816154158626,0.30032099335417484,0.009166666666666667,0.2263402777777778,0.5358279377986193,2.024172062201381,0.8325537694379315,400.07952575683595,0.0,0.0,400.07952575683595,527.7795257568359,6215.862115618969,313.0162353515625,30.0,724.4106891471403,0.0,1,XB02_M016_G00,XB02_M016_G00,XB02,M016,5646.96875,6387.71875,740.75,8.273078063868581,0.0
E52_357bbbd4dc4420221c875ea3,7.575644866037791,12.241245229232817,7.575644866037791,405.4327582223269,433.1514265878055,644.5535062517828,0.23547283792056264,0.009166666666666667,0.2263402777777778,0.4709797823650071,2.0890202176349932,0.8528188180109353,332.6240203857422,0.0,0.0,332.6240203857422,460.3240203857422,4834.151296888371,255.67149353027344,30.0,615.4327582223269,0.0,1,XB02_M016_G00,XB02_M016_G00,XB02,M016,5646.96875,6387.71875,740.75,7.575644866037791,0.0
E52_3875f0f2b8e39572338b498b,2.428943672281946,12.654831201135607,2.428943672281946,430.443023323014,471.8276755243487,612.5781334380202,0.23983909257274777,0.009166666666666667,0.2263402777777778,0.47534603701719225,2.0846539629828085,0.8514543634321274,496.61582641601564,0.0,0.0,496.61582641601564,624.3158264160156,4594.336000785152,324.3158264160156,30.0,640.443023323014,0.0,1,XB02_M016_G00,XB02_M016_G00,XB02,M016,5646.96875,6387.71875,740.75,2.428943672281946,0.0
E52_413d3eff5d481ef66f8d3068,5.996166947859052,9.493762996477216,5.996166947859052,548.7789293194231,584.2784598573463,884.5606754113072,0.3204434082194385,0.009166666666666667,0.2263402777777778,0.5559503526638829,2.0040496473361173,0.8262655147925366,425.99436645507814,0.0,0.0,425.99436645507814,553.6943664550781,6634.205065584804,329.6845703125,30.0,758.7789293194231,0.0,1,XB02_M016_G00,XB02_M016_G00,XB02,M016,5646.96875,6387.71875,740.75,5.996166947859052,0.0
E52_4513f74e4ba51c209cccc792,5.429916578546681,9.790974506635663,5.429916578546681,548.6050089915749,589.1156759023821,854.1460165183059,0.3160741321008959,0.009166666666666667,0.2263402777777778,0.5515810765453404,2.00841892345466,0.8276309135795812,486.1280029296875,0.0,0.0,486.1280029296875,613.8280029296875,6406.095123887295,391.8226318359375,30.0,758.6050089915749,0.0,1,XB02_M016_G00,XB02_M016_G00,XB02,M016,5646.96875,6387.71875,740.75,5.429916578546681,0.0
E52_575c4f100493de938643a13d,1.2735129256524829,2.099203328999508,1.2735129256524829,470.05405043895155,518.0123847895375,652.3580947743875,0.259560220504969,0.009166666666666667,0.2263402777777778,0.4950671649494135,2.064932835050587,0.8452915109533083,575.5000122070312,0.0,0.0,575.5000122070312,703.2000122070312,4892.685710807907,437.3766174316406,30.0,680.0540504389515,0.0,1,XB02_M016_G00,XB02_M016_G00,XB02,M016,5646.96875,6387.71875,740.75,1.2735129256524829,0.0
E52_7e5f4a4eaf9aa5b10576997a,6.0680963914717125,13.086620585622072,6.0680963914717125,384.11958913832314,414.7999833745699,584.1568128591658,0.21933939564120059,0.009166666666666667,0.2263402777777778,0.45484634008564506,2.1051536599143557,0.857860518723236,368.16473083496095,0.0,0.0,368.16473083496095,495.86473083496094,4381.1760964437435,247.829345703125,30.0,594.1195891383231,0.0,1,XB02_M016_G00,XB02_M016_G00,XB02,M016,5646.96875,6387.71875,740.75,6.0680963914717125,0.0
E52_82c821a5773d0bfbe554f10a,0.6230836731091074,11.397135806608844,0.6230836731091074,512.9354114719376,566.0737563002253,707.0407539741487,0.2825549862639304,0.009166666666666667,0.2263402777777778,0.5180619307083748,2.041938069291626,0.8381056466536329,637.6601379394531,0.0,0.0,637.6601379394531,765.3601379394531,5302.805654806116,465.3601379394531,30.0,722.9354114719376,0.0,1,XB02_M016_G00,XB02_M016_G00,XB02,M016,5646.96875,6387.71875,740.75,0.6230836731091074,0.0
E52_831cee7e7a3a549796e42b18,2.595053298307789,10.042846261792022,2.595053298307789,524.445203057942,560.9167693217765,830.061008532876,0.3040708837654974,0.009166666666666667,0.2263402777777778,0.5395778282099418,2.0204221717900586,0.8313819286843932,437.65879516601564,0.0,0.0,437.65879516601564,565.3587951660156,6225.457563996571,359.5916748046875,30.0,734.445203057942,0.0,1,XB02_M016_G00,XB02_M016_G00,XB02,M016,5646.96875,6387.71875,740.75,2.595053298307789,0.0
E52_88c1c7aba1fcf94c58dad20e,6.005832262751838,9.497510042154289,6.005832262751838,536.2789293194231,567.6117931906797,884.5606754113072,0.3159978782232965,0.009166666666666667,0.2263402777777778,0.5515048226677409,2.0084951773322595,0.827654742916331,375.99436645507814,0.0,0.0,375.99436645507814,503.6943664550781,6634.205065584804,329.6845703125,30.0,746.2789293194231,0.0,1,XB02_M016_G00,XB02_M016_G00,XB02,M016,5646.96875,6387.71875,740.75,6.005832262751838,0.0
E52_924cec2d58c933358893a332,7.352343479023318,12.302862284422105,7.352343479023318,416.670444788364,448.9844576972996,639.4568121231148,0.23874762537865796,0.009166666666666667,0.2263402777777778,0.47425456982310243,2.085745430176898,0.8517954469302805,387.7681549072266,0.0,0.0,387.7681549072266,515.4681549072266,4795.926090923361,252.644287109375,30.0,626.670444788364,0.0,1,XB02_M016_G00,XB02_M016_G00,XB02,M016,5646.96875,6387.71875,740.75,7.352343479023318,0.0
E52_96da4f081c74d8211b4b244f,6.937264214523168,12.47027426673894,6.937264214523168,406.4445801679392,437.368205859671,627.3474061854878,0.23339590098708082,0.009166666666666667,0.2263402777777778,0.4689028454315253,2.0910971545684753,0.8534678608026484,371.08350830078126,0.0,0.0,371.08350830078126,498.78350830078125,4705.105546391158,251.37640380859375,30.0,616.4445801679392,0.0,1,XB02_M016_G00,XB02_M016_G00,XB02,M016,5646.96875,6387.71875,740.75,6.937264214523168,0.0
E52_b45db00398315637fb020e5f,2.9857581937912556,10.742298629097064,2.9857581937912556,520.0993036420956,566.0861185224667,764.2777180019647,0.2932088546230577,0.009166666666666667,0.2263402777777778,0.5287157990675021,2.0312842009324985,0.8347763127914056,551.8417785644531,0.0,0.0,551.8417785644531,679.5417785644531,5732.082885014735,386.71868896484375,30.0,730.0993036420956,0.0,1,XB02_M016_G00,XB02_M016_G00,XB02,M016,5646.96875,6387.71875,740.75,2.9857581937912556,0.0
E52_be69bdf55826f2eb34075d09,1.990666271520169,12.029424972929434,1.990666271520169,457.6877788138426,500.48965717077624,658.5642874860837,0.25604119113741575,0.009166666666666667,0.2263402777777778,0.49154813558186017,2.06845186441814,0.8463912076306688,513.6225402832031,0.0,0.0,513.6225402832031,641.3225402832031,4939.232156145627,341.3225402832031,30.0,667.6877788138427,0.0,1,XB02_M016_G00,XB02_M016_G00,XB02,M016,5646.96875,6387.71875,740.75,1.990666271520169,0.0
E52_bfffb2993ede6e2e2bd9340b,5.25975548786549,13.053008949478723,5.25975548786549,400.85355156655817,436.85476820067277,585.6998033284289,0.22550922551216515,0.009166666666666667,0.2263402777777778,0.4610161699566096,2.098983830043391,0.8559324468885595,432.014599609375,0.0,0.0,432.014599609375,559.714599609375,4392.748524963216,275.29461669921875,30.0,610.8535515665582,0.0,1,XB02_M016_G00,XB02_M016_G00,XB02,M016,5646.96875,6387.71875,740.75,5.25975548786549,0.0
E52_c515ea57360fd29f9add62f7,3.1934017791412828,10.649906727109496,3.1934017791412828,525.5980011021792,572.0554631586571,772.4512298654912,0.29632198385281766,0.009166666666666667,0.2263402777777778,0.5318289282972621,2.0281710717027384,0.8338034599071056,557.4895446777343,0.0,0.0,557.4895446777343,685.1895446777344,5793.384223991184,393.3172912597656,30.0,735.5980011021792,0.0,1,XB02_M016_G00,XB02_M016_G00,XB02,M016,5646.96875,6387.71875,740.75,3.1934017791412828,0.0
E52_c98d1e580ba9a8920eeacbdb,2.3750792528131655,9.995636820319618,2.3750792528131655,531.3190315479533,569.3529452238973,834.4345810402425,0.30713490815373307,0.009166666666666667,0.2263402777777778,0.5426418525981775,2.017358147401823,0.8304244210630696,456.40696411132814,0.0,0.0,456.40696411132814,584.1069641113281,6258.259357801819,362.73199462890625,30.0,741.3190315479533,0.0,1,XB02_M016_G00,XB02_M016_G00,XB02,M016,5646.96875,6387.71875,740.75,2.3750792528131655,0.0
E52_cdef0b479e00ae29ebd83132,7.913616298892805,10.01648148125875,7.913616298892805,520.0071121141804,554.5433095222207,832.7970397801186,0.3028799960747676,0.009166666666666667,0.2263402777777778,0.5383869405192121,2.0216130594807886,0.8317540810877462,414.4343688964844,0.0,0.0,414.4343688964844,542.1343688964844,6245.977798350889,297.6476745605469,30.0,730.0071121141804,0.0,1,XB02_M016_G00,XB02_M016_G00,XB02,M016,5646.96875,6387.71875,740.75,7.913616298892805,0.0
E52_d3460088443e86b69235cf2f,4.33701458107241,10.110906533633653,4.33701458107241,520.9986937965015,557.4049117530444,823.5600798537452,0.3019244763287566,0.009166666666666667,0.2263402777777778,0.537431420773201,2.0225685792267996,0.8320526810083747,436.87461547851564,0.0,0.0,436.87461547851564,564.5746154785156,6176.700598903089,276.8628845214844,30.0,730.9986937965015,0.0,1,XB02_M016_G00,XB02_M016_G00,XB02,M016,5646.96875,6387.71875,740.75,4.33701458107241,0.0
E52_d7f1f5d49edaa9f52000c452,6.146184073429467,12.917919470378578,6.146184073429467,397.7633482290822,431.12867517406926,595.3347347882426,0.22577474843651651,0.009166666666666667,0.2263402777777778,0.461281692880961,2.0987183071190394,0.8558494709746998,400.38392333984376,0.0,0.0,400.38392333984376,528.0839233398438,4465.010510911819,278.08392333984375,30.0,607.7633482290822,0.0,1,XB02_M016_G00,XB02_M016_G00,XB02,M016,5646.96875,6387.71875,740.75,6.146184073429467,0.0
E52_da1eeef61bb4fffd90feecd9,5.1098972412253545,11.577048041656667,5.1098972412253545,464.4321692173844,503.4661769891943,694.6602918039094,0.2635518155735283,0.009166666666666667,0.2263402777777778,0.4990587600179728,2.0609412399820277,0.8440441374943835,468.40809326171876,0.0,0.0,468.40809326171876,596.1080932617188,5209.952188529321,322.9142761230469,30.0,674.4321692173844,0.0,1,XB02_M016_G00,XB02_M016_G00,XB02,M016,5646.96875,6387.71875,740.75,5.1098972412253545,0.0
E52_dbe1bedc9b83d29f34556dbd,6.244700193731603,13.016499113861627,6.244700193731603,387.86022911882606,419.0031732004504,588.862793747906,0.22133620210273125,0.009166666666666667,0.2263402777777778,0.4568431465471757,2.1031568534528247,0.8572365167040076,373.7153289794922,0.0,0.0,373.7153289794922,501.4153289794922,4416.470953109295,232.19436645507812,30.0,597.860229118826,0.0,1,XB02_M016_G00,XB02_M016_G00,XB02,M016,5646.96875,6387.71875,740.75,6.244700193731603,0.0
E52_eb490529b308e18523949520,7.558875109955238,12.235001379754962,7.558875109955238,417.9327582223269,449.8180932544721,644.5535062517828,0.23991836791670462,0.009166666666666667,0.2263402777777778,0.47542531236114904,2.0845746876388516,0.8514295898871409,382.6240203857422,0.0,0.0,382.6240203857422,510.3240203857422,4834.151296888371,255.67149353027344,30.0,627.9327582223269,0.0,1,XB02_M016_G00,XB02_M016_G00,XB02,M016,5646.96875,6387.71875,740.75,7.558875109955238,0.0
E52_ede4029bd5e695a7a0c85289,6.159100800556587,12.925612211179384,6.159100800556587,385.2633482290822,414.4620085074026,595.3347347882426,0.22132921844037454,0.009166666666666667,0.2263402777777778,0.456836162884819,2.1031638371151815,0.857238699098494,350.38392333984376,0.0,0.0,350.38392333984376,478.08392333984375,4465.010510911819,278.08392333984375,30.0,595.2633482290822,0.0,1,XB02_M016_G00,XB02_M016_G00,XB02,M016,5646.96875,6387.71875,740.75,6.159100800556587,0.0
E52_ef8fa59407d07a2296b5f591,9.184730358526068,0.3151276047193221,0.3151276047193221,505.85939793409244,540.3898465933535,804.5361039126185,0.29384606362066074,0.009166666666666667,0.2263402777777778,0.5293530080651052,2.030646991934895,0.8345771849796546,414.3653839111328,0.0,0.0,414.3653839111328,542.0653839111328,6034.020779344639,284.8677062988281,30.0,715.8593979340924,0.0,1,XB02_M016_G00,XB02_M016_G00,XB02,M016,5646.96875,6387.71875,740.75,0.3151276047193221,0.0
E52_fd527d975e1813662620f82c,1.8183366490410862,12.45056667278017,1.8183366490410862,418.2192341110554,452.9085204066283,628.3027504486734,0.23771876612520712,0.009166666666666667,0.2263402777777778,0.47322571056965157,2.086774289430349,0.8521169654469839,416.271435546875,0.0,0.0,416.271435546875,543.971435546875,4712.2706283650505,306.8754577636719,30.0,628.2192341110554,0.0,1,XB02_M016_G00,XB02_M016_G00,XB02,M016,5646.96875,6387.71875,740.75,1.8183366490410862,0.0
E52_2e64690809088e2a96fb2160,14.804648757852362,9.500767968691491,9.500767968691491,523.7789293194231,550.945126524013,884.5606754113072,0.31155234822715455,0.009166666666666667,0.2580321180555556,0.5787511329493769,1.9812488670506236,0.8191402709533198,325.99436645507814,0.0,0.0,325.99436645507814,453.6943664550781,6634.205065584804,329.6845703125,30.0,733.7789293194231,0.0,1,XB02_M017_G00,XB02_M017_G00,XB02,M017,5953.6875,6798.15625,844.46875,9.500767968691491,0.0
E52_30110e5b3ae38ecfab28ace2,5.268987734543231,10.05954008012911,5.268987734543231,514.4106891471403,547.7506496268766,828.7816154158626,0.30032099335417484,0.009166666666666667,0.2580321180555556,0.5675197780763971,1.9924802219236035,0.822650069351126,400.07952575683595,0.0,0.0,400.07952575683595,527.7795257568359,6215.862115618969,313.0162353515625,30.0,724.4106891471403,0.0,1,XB02_M017_G00,XB02_M017_G00,XB02,M017,5953.6875,6798.15625,844.46875,5.268987734543231,0.0
E52_413d3eff5d481ef66f8d3068,14.73478183161339,9.493762996477216,9.493762996477216,548.7789293194231,584.2784598573463,884.5606754113072,0.3204434082194385,0.009166666666666667,0.2580321180555556,0.5876421929416608,1.9723578070583399,0.816361814705731,425.99436645507814,0.0,0.0,425.99436645507814,553.6943664550781,6634.205065584804,329.6845703125,30.0,758.7789293194231,0.0,1,XB02_M017_G00,XB02_M017_G00,XB02,M017,5953.6875,6798.15625,844.46875,9.493762996477216,0.0
E52_88c1c7aba1fcf94c58dad20e,14.777864114382282,9.497510042154289,9.497510042154289,536.2789293194231,567.6117931906797,884.5606754113072,0.3159978782232965,0.009166666666666667,0.2580321180555556,0.5831966629455188,1.9768033370544817,0.8177510428295254,375.99436645507814,0.0,0.0,375.99436645507814,503.6943664550781,6634.205065584804,329.6845703125,30.0,746.2789293194231,0.0,1,XB02_M017_G00,XB02_M017_G00,XB02,M017,5953.6875,6798.15625,844.46875,9.497510042154289,0.0
E52_b677873645e212a13901ede2,1.2512697614083237,9.230718628911887,1.2512697614083237,575.9444140089429,616.0268887810784,911.3939793850733,0.3339048259552679,0.009166666666666667,0.2580321180555556,0.6011036106774901,1.9588963893225104,0.8121551216632843,480.989697265625,0.0,0.0,480.989697265625,608.689697265625,6835.45484538805,390.4056396484375,30.0,785.9444140089429,0.0,1,XB02_M017_G00,XB02_M017_G00,XB02,M017,5953.6875,6798.15625,844.46875,1.2512697614083237,0.0
E52_cdef0b479e00ae29ebd83132,4.640389078516122,10.01648148125875,4.640389078516122,520.0071121141804,554.5433095222207,832.7970397801186,0.3028799960747676,0.009166666666666667,0.2580321180555556,0.5700787807969898,1.9899212192030107,0.8218503810009407,414.4343688964844,0.0,0.0,414.4343688964844,542.1343688964844,6245.977798350889,297.6476745605469,30.0,730.0071121141804,0.0,1,XB02_M017_G00,XB02_M017_G00,XB02,M017,5953.6875,6798.15625,844.46875,4.640389078516122,0.0
E52_1ef47ef68c1879e18ddbb164,1.8109249337023954,9.684707827919368,1.8109249337023954,525.9457118932837,556.9823492630754,865.6715995678175,0.30964781577290457,0.009166666666666667,0.2503263888888889,0.5691408713284601,1.9908591286715405,0.8221434777098562,372.4396484375,0.0,0.0,372.4396484375,500.1396484375,6492.536996758631,304.7821350097656,30.0,735.9457118932837,0.0,1,XB02_M018_G00,XB02_M018_G00,XB02,M018,4549.21875,5368.46875,819.25,1.8109249337023954,0.0
E52_2e64690809088e2a96fb2160,6.763092221240612,9.500767968691491,6.763092221240612,523.7789293194231,550.945126524013,884.5606754113072,0.31155234822715455,0.009166666666666667,0.2503263888888889,0.5710454037827102,1.9889545962172903,0.8215483113179031,325.99436645507814,0.0,0.0,325.99436645507814,453.6943664550781,6634.205065584804,329.6845703125,30.0,733.7789293194231,0.0,1,XB02_M018_G00,XB02_M018_G00,XB02,M018,4549.21875,5368.46875,819.25,6.763092221240612,0.0
E52_30110e5b3ae38ecfab28ace2,0.871248743195423,10.05954008012911,0.871248743195423,514.4106891471403,547.7506496268766,828.7816154158626,0.30032099335417484,0.009166666666666667,0.2503263888888889,0.5598140489097304,2.00018595109027,0.8250581097157093,400.07952575683595,0.0,0.0,400.07952575683595,527.7795257568359,6215.862115618969,313.0162353515625,30.0,724.4106891471403,0.0,1,XB02_M018_G00,XB02_M018_G00,XB02,M018,4549.21875,5368.46875,819.25,0.871248743195423,0.0
E52_413d3eff5d481ef66f8d3068,6.749401719719714,9.493762996477216,6.749401719719714,548.7789293194231,584.2784598573463,884.5606754113072,0.3204434082194385,0.009166666666666667,0.2503263888888889,0.5799364637749941,1.9800635362250065,0.8187698550703144,425.99436645507814,0.0,0.0,425.99436645507814,553.6943664550781,6634.205065584804,329.6845703125,30.0,758.7789293194231,0.0,1,XB02_M018_G00,XB02_M018_G00,XB02,M018,4549.21875,5368.46875,819.25,6.749401719719714,0.0
E52_82c821a5773d0bfbe554f10a,5.523919136465679,11.397135806608844,5.523919136465679,512.9354114719376,566.0737563002253,707.0407539741487,0.2825549862639304,0.009166666666666667,0.2503263888888889,0.542048041819486,2.0179519581805145,0.8306099869314106,637.6601379394531,0.0,0.0,637.6601379394531,765.3601379394531,5302.805654806116,465.3601379394531,30.0,722.9354114719376,0.0,1,XB02_M018_G00,XB02_M018_G00,XB02,M018,4549.21875,5368.46875,819.25,5.523919136465679,0.0
E52_831cee7e7a3a549796e42b18,10.12188742068362,10.042846261792022,10.042846261792022,524.445203057942,560.9167693217765,830.061008532876,0.3040708837654974,0.009166666666666667,0.2503263888888889,0.563563939321053,1.9964360606789475,0.823886268962171,437.65879516601564,0.0,0.0,437.65879516601564,565.3587951660156,6225.457563996571,359.5916748046875,30.0,734.445203057942,0.0,1,XB02_M018_G00,XB02_M018_G00,XB02,M018,4549.21875,5368.46875,819.25,10.042846261792022,0.0
E52_88c1c7aba1fcf94c58dad20e,6.75755026464266,9.497510042154289,6.75755026464266,536.2789293194231,567.6117931906797,884.5606754113072,0.3159978782232965,0.009166666666666667,0.2503263888888889,0.5754909337788521,1.9845090662211484,0.8201590831941088,375.99436645507814,0.0,0.0,375.99436645507814,503.6943664550781,6634.205065584804,329.6845703125,30.0,746.2789293194231,0.0,1,XB02_M018_G00,XB02_M018_G00,XB02,M018,4549.21875,5368.46875,819.25,6.75755026464266,0.0
E52_c98d1e580ba9a8920eeacbdb,9.908541884367992,9.995636820319618,9.908541884367992,531.3190315479533,569.3529452238973,834.4345810402425,0.30713490815373307,0.009166666666666667,0.2503263888888889,0.5666279637092886,1.993372036290712,0.8229287613408474,456.40696411132814,0.0,0.0,456.40696411132814,584.1069641113281,6258.259357801819,362.73199462890625,30.0,741.3190315479533,0.0,1,XB02_M018_G00,XB02_M018_G00,XB02,M018,4549.21875,5368.46875,819.25,9.908541884367992,0.0
E52_cdef0b479e00ae29ebd83132,0.4692401324579123,10.01648148125875,0.4692401324579123,520.0071121141804,554.5433095222207,832.7970397801186,0.3028799960747676,0.009166666666666667,0.2503263888888889,0.5623730516303231,1.9976269483696774,0.824258421365524,414.4343688964844,0.0,0.0,414.4343688964844,542.1343688964844,6245.977798350889,297.6476745605469,30.0,730.0071121141804,0.0,1,XB02_M018_G00,XB02_M018_G00,XB02,M018,4549.21875,5368.46875,819.25,0.4692401324579123,0.0
E52_d3460088443e86b69235cf2f,9.820370805240273,10.110906533633653,9.820370805240273,520.9986937965015,557.4049117530444,823.5600798537452,0.3019244763287566,0.009166666666666667,0.2503263888888889,0.5614175318843122,1.9985824681156883,0.8245570212861524,436.87461547851564,0.0,0.0,436.87461547851564,564.5746154785156,6176.700598903089,276.8628845214844,30.0,730.9986937965015,0.0,1,XB02_M018_G00,XB02_M018_G00,XB02,M018,4549.21875,5368.46875,819.25,9.820370805240273,0.0
E52_ef8fa59407d07a2296b5f591,1.3695242495045648,0.3151276047193221,0.3151276047193221,505.85939793409244,540.3898465933535,804.5361039126185,0.29384606362066074,0.009166666666666667,0.2503263888888889,0.5533391191762163,2.0066608808237842,0.8270815252574324,414.3653839111328,0.0,0.0,414.3653839111328,542.0653839111328,6034.020779344639,284.8677062988281,30.0,715.8593979340924,0.0,1,XB02_M018_G00,XB02_M018_G00,XB02,M018,4549.21875,5368.46875,819.25,0.3151276047193221,0.0
E52_060143e4033ea7dfc142ce26,7.189601053278707,13.051384290227645,7.189601053278707,390.52156568077555,422.97629514244545,586.3147545915316,0.2219218246513189,0.009166666666666667,0.1600920138888889,0.3911805052068745,2.168819494793126,0.8777560921228518,389.4567535400391,0.0,0.0,389.4567535400391,517.1567535400391,4397.360659436487,293.1027526855469,30.0,600.5215656807756,0.0,1,XB02_M020_G00,XB02_M020_G00,XB02,M020,8405.0,8928.9375,523.9375,7.189601053278707,0.0
E52_06eb0baa948af7ff52881bcf,1.0060553752836086,16.258674653736037,1.0060553752836086,296.7597053393259,328.36499963050426,403.88764493158146,0.16274021246714285,0.009166666666666667,0.1600920138888889,0.3319988930226984,2.228001106977302,0.8962503459304068,379.26353149414064,0.0,0.0,379.26353149414064,506.9635314941406,3029.157336986861,306.9635314941406,30.0,506.7597053393259,0.0,1,XB02_M020_G00,XB02_M020_G00,XB02,M020,8405.0,8928.9375,523.9375,1.0060553752836086,0.0
E52_0c56c0f390b777971f9a7e58,3.471011364506708,2.1743859331465814,2.1743859331465814,461.3120930283848,507.24512830670517,647.0259743868478,0.2556960576036008,0.009166666666666667,0.1600920138888889,0.4249547381591564,2.135045261840844,0.8672016443252637,551.1964233398437,0.0,0.0,551.1964233398437,678.8964233398438,4852.694807901358,431.4708251953125,30.0,671.3120930283849,0.0,1,XB02_M020_G00,XB02_M020_G00,XB02,M020,8405.0,8928.9375,523.9375,2.1743859331465814,0.0
E52_0c9d91fc306062a18ada9948,1.7538108177590743,15.697900697510477,1.7538108177590743,331.42241999480143,370.2725110389095,429.7442937249544,0.1787296459836012,0.009166666666666667,0.1600920138888889,0.3479883265391568,2.212011673460844,0.8912536479565135,466.2010925292969,0.0,0.0,466.2010925292969,593.9010925292969,3223.082202937158,326.7436828613281,30.0,541.4224199948014,0.0,1,XB02_M020_G00,XB02_M020_G00,XB02,M020,8405.0,8928.9375,523.9375,1.7538108177590743,0.0
E52_0f45fcab7c66cb90fa618929,6.060232928981648,12.721246579688795,6.060232928981648,427.8988653120833,469.21977900837237,607.8722484464322,0.23826781941132907,0.009166666666666667,0.1600920138888889,0.4075264999668846,2.152473500033116,0.8726479687603486,495.85096435546876,0.0,0.0,495.85096435546876,623.5509643554688,4559.041863348241,326.6978454589844,30.0,637.8988653120832,0.0,1,XB02_M020_G00,XB02_M020_G00,XB02,M020,8405.0,8928.9375,523.9375,6.060232928981648,0.0
E52_0fa03b8d9ed736d48919c1b7,8.362549553232114,11.555158541579928,8.362549553232114,469.53189880990186,510.00510285042924,696.2245733766397,0.2655870342753843,0.009166666666666667,0.1600920138888889,0.4348457148309399,2.1251542851690606,0.8641107141153312,485.67844848632814,0.0,0.0,485.67844848632814,613.3784484863281,5221.684300324798,318.1667785644531,30.0,679.5318988099018,0.0,1,XB02_M020_G00,XB02_M020_G00,XB02,M020,8405.0,8928.9375,523.9375,8.362549553232114,0.0
E52_12b142f00e8cb4e3948f96c2,6.691985171180306,12.991659521749298,6.691985171180306,402.5936730780369,438.4739485500421,589.9056933240425,0.22672373828986628,0.009166666666666667,0.1600920138888889,0.39598241884542185,2.1640175811545785,0.8762554941108057,430.5633056640625,0.0,0.0,430.5633056640625,558.2633056640625,4424.292699930319,284.7546081542969,30.0,612.5936730780369,0.0,1,XB02_M020_G00,XB02_M020_G00,XB02,M020,8405.0,8928.9375,523.9375,6.691985171180306,0.0
E52_132fcaf6d631eae41e83e018,0.8070989219459364,12.621037374336296,0.8070989219459364,466.52713400648173,519.919143487276,612.7022111281979,0.2526897045720101,0.009166666666666667,0.1600920138888889,0.4219483851275657,2.1380516148724347,0.8681411296476358,640.7041137695312,0.0,0.0,640.7041137695312,768.4041137695312,4595.266583461484,468.40411376953125,30.0,676.5271340064817,0.0,1,XB02_M020_G00,XB02_M020_G00,XB02,M020,8405.0,8928.9375,523.9375,0.8070989219459364,0.0
E52_154bbd26b7808edf72eaa410,0.32028936068445546,13.235683344326844,0.32028936068445546,444.90797820490957,498.19814035497467,570.0749835094285,0.23896400983981742,0.009166666666666667,0.1600920138888889,0.40822269039537296,2.1517773096046273,0.872430409251446,639.4819458007812,0.0,0.0,639.4819458007812,767.1819458007812,4275.562376320714,467.18194580078125,30.0,654.9079782049096,0.0,1,XB02_M020_G00,XB02_M020_G00,XB02,M020,8405.0,8928.9375,523.9375,0.32028936068445546,0.0
E52_189eb019491ad876aa165071,0.6683873012807737,3.8094716871601975,0.6683873012807737,403.09916814168594,448.35288467407526,534.676037089036,0.21908171065325852,0.009166666666666667,0.1600920138888889,0.3883403912088141,2.1716596087911864,0.8786436277472456,543.0445983886718,0.0,0.0,543.0445983886718,670.7445983886719,4010.07027816777,391.87322998046875,30.0,613.0991681416859,0.0,1,XB02_M020_G00,XB02_M020_G00,XB02,M020,8405.0,8928.9375,523.9375,0.6683873012807737,0.0
E52_1eac4bbcd37cec5d48241661,1.6885288587671141,6.04580255430777,1.6885288587671141,275.66392246828667,298.30930922772677,415.4555243799327,0.1568759382441215,0.009166666666666667,0.1600920138888889,0.3261346187996771,2.2338653812003235,0.8980829316251009,271.74464111328126,0.0,0.0,271.74464111328126,399.44464111328125,3115.9164328494953,326.2397766113281,30.0,485.66392246828667,0.0,1,XB02_M020_G00,XB02_M020_G00,XB02,M020,8405.0,8928.9375,523.9375,1.6885288587671141,0.0
E52_214ce9a3b3bd3fa9c582335a,2.22942062366117,15.138353346483314,2.22942062366117,331.46735474952504,365.31699057309277,459.8368945576438,0.1830074384559416,0.009166666666666667,0.1600920138888889,0.3522661190114972,2.207733880988503,0.8899168378089072,406.1956298828125,0.0,0.0,406.1956298828125,533.8956298828125,3448.7767091823284,283.8956298828125,30.0,541.467354749525,0.0,1,XB02_M020_G00,XB02_M020_G00,XB02,M020,8405.0,8928.9375,523.9375,2.22942062366117,0.0
E52_215ef380a7eb56a6f7d09ab1,4.619633923612724,12.440860913671315,4.619633923612724,437.2780853288336,478.35957590907447,628.0672271762219,0.2444635461376352,0.009166666666666667,0.1600920138888889,0.4137222266931908,2.1462777733068097,0.8707118041583779,492.97788696289064,0.0,0.0,492.97788696289064,620.6778869628906,4710.504203821664,324.9881591796875,30.0,647.2780853288336,0.0,1,XB02_M020_G00,XB02_M020_G00,XB02,M020,8405.0,8928.9375,523.9375,4.619633923612724,0.0
E52_231555d7070bcf1a0911e332,1.6588153883970875,5.981962334569488,1.6588153883970875,303.4113952968874,335.0249979987103,417.14117438283733,0.1669828432889251,0.009166666666666667,0.1600920138888889,0.3362415238444807,2.2237584761555196,0.8949245237985998,379.363232421875,0.0,0.0,379.363232421875,507.063232421875,3128.55880787128,326.2397766113281,30.0,513.4113952968873,0.0,1,XB02_M020_G00,XB02_M020_G00,XB02,M020,8405.0,8928.9375,523.9375,1.6588153883970875,0.0
E52_24cc4f01335372459fb4c2ba,11.810135906013329,12.909161020133865,11.810135906013329,410.2633482290822,447.7953418407359,595.3347347882426,0.23022027843265847,0.009166666666666667,0.1600920138888889,0.39947895898821406,2.1605210410117865,0.8751628253161832,450.38392333984376,0.0,0.0,450.38392333984376,578.0839233398438,4465.010510911819,278.08392333984375,30.0,620.2633482290822,0.0,1,XB02_M020_G00,XB02_M020_G00,XB02,M020,8405.0,8928.9375,523.9375,11.810135906013329,0.0
E52_27bf01e9e990859ae5993708,1.6648745594862788,15.932490639468014,1.6648745594862788,318.6138217216496,355.0514931287134,418.60161500091635,0.17259630304263499,0.009166666666666667,0.1600920138888889,0.34185498359819055,2.21814501640181,0.8931703176255654,437.25205688476564,0.0,0.0,437.25205688476564,564.9520568847656,3139.5121125068727,326.2397766113281,30.0,528.6138217216496,0.0,1,XB02_M020_G00,XB02_M020_G00,XB02,M020,8405.0,8928.9375,523.9375,1.6648745594862788,0.0
E52_27bf1882d0e1a812c8450c72,1.1675577395526062,16.18675851321828,1.1675577395526062,334.03154784809436,377.9609795090644,404.48650573036844,0.17608047258726683,0.009166666666666667,0.1600920138888889,0.3453391531428224,2.214660846857178,0.892081514642868,527.1531799316406,0.0,0.0,527.1531799316406,654.8531799316406,3033.648792977763,359.1753845214844,30.0,544.0315478480943,0.0,1,XB02_M020_G00,XB02_M020_G00,XB02,M020,8405.0,8928.9375,523.9375,1.1675577395526062,0.0
E52_27fdcb9bc2da20af468e67a1,2.0181303031572497,15.630401191469062,2.0181303031572497,333.5201066466774,372.5049327982074,433.1312563841751,0.1799553449394086,0.009166666666666667,0.1600920138888889,0.34921402549496416,2.2107859745050362,0.8908706170328237,467.8179138183594,0.0,0.0,467.8179138183594,595.5179138183594,3248.4844228813135,322.1230773925781,30.0,543.5201066466774,0.0,1,XB02_M020_G00,XB02_M020_G00,XB02,M020,8405.0,8928.9375,523.9375,2.0181303031572497,0.0
E52_29c9aa5399273a7ee24bceb6,9.031447978553189,11.583777919859742,9.031447978553189,451.9321692173844,486.7995103225277,694.6602918039094,0.2591062855773863,0.009166666666666667,0.1600920138888889,0.42836496613294184,2.1316350338670587,0.8661359480834556,418.40809326171876,0.0,0.0,418.40809326171876,546.1080932617188,5209.952188529321,322.9142761230469,30.0,661.9321692173844,0.0,1,XB02_M020_G00,XB02_M020_G00,XB02,M020,8405.0,8928.9375,523.9375,9.031447978553189,0.0
E52_2cea01313b8862fcfb6b2e63,6.264019617413027,16.460055432828085,6.264019617413027,259.5957489704318,280.08528245838755,396.2542970131293,0.148442074342722,0.009166666666666667,0.1600920138888889,0.31770075489827754,2.242299245101723,0.9007185140942883,245.87440185546876,0.0,0.0,245.87440185546876,373.57440185546875,2971.90722759847,231.8917236328125,30.0,469.5957489704318,0.0,1,XB02_M020_G00,XB02_M020_G00,XB02,M020,8405.0,8928.9375,523.9375,6.264019617413027,0.0
E52_2d291a2169e36d61d7bf7582,0.3685871477805449,12.790365797832976,0.3685871477805449,470.3839036593983,527.1993216484933,599.8752993842263,0.25224474652706685,0.009166666666666667,0.1600920138888889,0.42150342708262245,2.138496572917378,0.8682801790366805,681.7850158691406,0.0,0.0,681.7850158691406,809.4850158691406,4499.064745381697,509.4850158691406,30.0,680.3839036593984,0.0,1,XB02_M020_G00,XB02_M020_G00,XB02,M020,8405.0,8928.9375,523.9375,0.3685871477805449,0.0
E52_2d7a36258a59c18fc6a856bf,1.4905075616942156,16.662039037059316,1.4905075616942156,318.72117968179435,361.17160743651436,382.73979283526836,0.16755561647288383,0.009166666666666667,0.1600920138888889,0.3368142970284394,2.223185702971561,0.8947455321786126,509.40513305664064,0.0,0.0,509.40513305664064,637.1051330566406,2870.5484462645127,346.4301452636719,30.0,528.7211796817944,0.0,1,XB02_M020_G00,XB02_M020_G00,XB02,M020,8405.0,8928.9375,523.9375,1.4905075616942156,0.0
E52_2dadfb43d7dd9558e21effa9,12.43485929896633,12.85982438864363,12.43485929896633,396.07517918576866,428.1792069974549,599.5261915014202,0.22576797164618329,0.009166666666666667,0.1600920138888889,0.3950266522017388,2.1649733477982616,0.8765541711869567,385.2483337402344,0.0,0.0,385.2483337402344,512.9483337402344,4496.446436260651,248.30487060546875,30.0,606.0751791857687,0.0,1,XB02_M020_G00,XB02_M020_G00,XB02,M020,8405.0,8928.9375,523.9375,12.43485929896633,0.0
E52_2e64690809088e2a96fb2160,5.735444976201109,9.500767968691491,5.735444976201109,523.7789293194231,550.945126524013,884.5606754113072,0.31155234822715455,0.009166666666666667,0.1600920138888889,0.4808110287827101,2.0791889712172904,0.8497465535054031,325.99436645507814,0.0,0.0,325.99436645507814,453.6943664550781,6634.205065584804,329.6845703125,30.0,733.7789293194231,0.0,1,XB02_M020_G00,XB02_M020_G00,XB02,M020,8405.0,8928.9375,523.9375,5.735444976201109,0.0
E52_30110e5b3ae38ecfab28ace2,8.455384995571777,10.05954008012911,8.455384995571777,514.4106891471403,547.7506496268766,828.7816154158626,0.30032099335417484,0.009166666666666667,0.1600920138888889,0.46957967390973043,2.0904203260902703,0.8532563519032093,400.07952575683595,0.0,0.0,400.07952575683595,527.7795257568359,6215.862115618969,313.0162353515625,30.0,724.4106891471403,0.0,1,XB02_M020_G00,XB02_M020_G00,XB02,M020,8405.0,8928.9375,523.9375,8.455384995571777,0.0
E52_326bd9096774308657b14836,1.6105080335571103,6.820761438549596,1.6105080335571103,254.20783025924425,275.6237299174474,379.92026256926977,0.1442126230476059,0.009166666666666667,0.1600920138888889,0.31347130360316144,2.246528696396839,0.9020402176240121,256.9907958984375,0.0,0.0,256.9907958984375,384.6907958984375,2849.4019692695233,334.6907958984375,30.0,464.20783025924425,0.0,1,XB02_M020_G00,XB02_M020_G00,XB02,M020,8405.0,8928.9375,523.9375,1.6105080335571103,0.0
E52_32cd7932ac3bc8f6e82bd016,5.9060728263056035,12.531399030736651,5.9060728263056035,433.33722088021847,474.19552115284216,621.5246401246948,0.24213542524196421,0.009166666666666667,0.1600920138888889,0.4113941057975198,2.148605894202481,0.8714393419382751,490.2996032714844,0.0,0.0,490.2996032714844,617.9996032714844,4661.434800935211,324.9372863769531,30.0,643.3372208802184,0.0,1,XB02_M020_G00,XB02_M020_G00,XB02,M020,8405.0,8928.9375,523.9375,5.9060728263056035,0.0
E52_3322673a66874be8fb5ff9e0,6.24468723940268,12.93559360833251,6.24468723940268,392.2739001975914,423.9757012433271,594.3369941207687,0.2236811646950203,0.009166666666666667,0.1600920138888889,0.3929398452505759,2.1670601547494246,0.8772062983591951,380.42161254882814,0.0,0.0,380.42161254882814,508.1216125488281,4457.527455905765,308.1216125488281,30.0,602.2739001975914,0.0,1,XB02_M020_G00,XB02_M020_G00,XB02,M020,8405.0,8928.9375,523.9375,6.24468723940268,0.0
E52_357bbbd4dc4420221c875ea3,15.408936275555874,12.241245229232817,12.241245229232817,405.4327582223269,433.1514265878055,644.5535062517828,0.23547283792056264,0.009166666666666667,0.1600920138888889,0.4047315184761182,2.1552684815238825,0.8735214004762131,332.6240203857422,0.0,0.0,332.6240203857422,460.3240203857422,4834.151296888371,255.67149353027344,30.0,615.4327582223269,0.0,1,XB02_M020_G00,XB02_M020_G00,XB02,M020,8405.0,8928.9375,523.9375,12.241245229232817,0.0
E52_3875f0f2b8e39572338b498b,4.569185612572468,12.654831201135607,4.569185612572468,430.443023323014,471.8276755243487,612.5781334380202,0.23983909257274777,0.009166666666666667,0.1600920138888889,0.4090977731283033,2.1509022268716973,0.8721569458974052,496.61582641601564,0.0,0.0,496.61582641601564,624.3158264160156,4594.336000785152,324.3158264160156,30.0,640.443023323014,0.0,1,XB02_M020_G00,XB02_M020_G00,XB02,M020,8405.0,8928.9375,523.9375,4.569185612572468,0.0
E52_3a94b6482baa2cfaba8a857d,1.328339870161983,16.425448776817632,1.328339870161983,326.01303055755295,369.111023518165,393.4381033514341,0.17166403726355467,0.009166666666666667,0.1600920138888889,0.3409227178191102,2.21907728218089,0.893461650681528,517.1759155273437,0.0,0.0,517.1759155273437,644.8759155273438,2950.785775135756,352.4370422363281,30.0,536.013030557553,0.0,1,XB02_M020_G00,XB02_M020_G00,XB02,M020,8405.0,8928.9375,523.9375,1.328339870161983,0.0
E52_413d3eff5d481ef66f8d3068,5.718063256871318,9.493762996477216,5.718063256871318,548.7789293194231,584.2784598573463,884.5606754113072,0.3204434082194385,0.009166666666666667,0.1600920138888889,0.4897020887749941,2.0702979112250066,0.8469680972578144,425.99436645507814,0.0,0.0,425.99436645507814,553.6943664550781,6634.205065584804,329.6845703125,30.0,758.7789293194231,0.0,1,XB02_M020_G00,XB02_M020_G00,XB02,M020,8405.0,8928.9375,523.9375,5.718063256871318,0.0
E52_44ed69e1d99dc074a7941a18,4.524182138291295,8.900383690419545,4.524182138291295,188.27556058823757,199.0276355292369,299.7078152072368,0.1090911242968749,0.009166666666666667,0.1600920138888889,0.2783498048524305,2.28165019514757,0.9130156859836155,139.59420471191407,10.569305419921875,10.569305419921875,139.59420471191407,267.29420471191406,2247.808614054276,217.29420471191406,30.0,398.27556058823757,0.0,1,XB02_M020_G00,XB02_M020_G00,XB02,M020,8405.0,8928.9375,523.9375,4.524182138291295,0.0
E52_47db2d0d55c92154c779a4c9,0.8951419926504371,16.45726286038159,0.8951419926504371,312.62709924858126,351.3219092257948,393.08533863388124,0.16685347284684848,0.009166666666666667,0.1600920138888889,0.3361121534024041,2.2238878465975964,0.8949649520617488,464.3377197265625,0.0,0.0,464.3377197265625,592.0377197265625,2948.1400397541092,295.61395263671875,30.0,522.6270992485813,0.0,1,XB02_M020_G00,XB02_M020_G00,XB02,M020,8405.0,8928.9375,523.9375,0.8951419926504371,0.0
E52_4cf0fac9feb721651efb2830,4.069474337158908,17.82597875173802,4.069474337158908,242.69354898018014,267.32891198677197,337.5749199208095,0.13412057160327687,0.009166666666666667,0.1600920138888889,0.30337925215883244,2.256620747841168,0.9051939837003649,295.6243560791016,0.0,0.0,295.6243560791016,423.32435607910156,2531.8118994060715,217.31182861328125,30.0,452.69354898018014,0.0,1,XB02_M020_G00,XB02_M020_G00,XB02,M020,8405.0,8928.9375,523.9375,4.069474337158908,0.0
E52_4d215302190bc5bfb29bf912,5.953592194847886,16.37371485667674,5.953592194847886,307.50969179304633,343.7570581260541,397.53518558804575,0.1656637075427803,0.009166666666666667,0.1600920138888889,0.33492238809833585,2.2250776119016646,0.89533675371927,434.96839599609376,0.0,0.0,434.96839599609376,562.6683959960938,2981.5138919103433,336.56707763671875,30.0,517.5096917930464,0.0,1,XB02_M020_G00,XB02_M020_G00,XB02,M020,8405.0,8928.9375,523.9375,5.953592194847886,0.0
E52_50c718ca7f326f764494c89d,9.696219730369123,13.080943299176411,9.696219730369123,350.85355156655817,370.1881015340061,585.6998033284289,0.20772710552759727,0.009166666666666667,0.1600920138888889,0.3769857860831528,2.183014213916848,0.8821919418490147,232.014599609375,0.0,0.0,232.014599609375,359.714599609375,4392.748524963216,275.29461669921875,30.0,560.8535515665582,0.0,1,XB02_M020_G00,XB02_M020_G00,XB02,M020,8405.0,8928.9375,523.9375,9.696219730369123,0.0
E52_515a3b7c8d98426ee13f2b4e,4.43354045683563,17.07508762021844,4.43354045683563,242.68536134104386,262.0561394884234,369.14605379781034,0.13858886614696947,0.009166666666666667,0.1600920138888889,0.307847546702525,2.2521524532974757,0.903797641655461,232.4493377685547,0.0,0.0,232.4493377685547,360.1493377685547,2768.5954034835777,210.1493377685547,30.0,452.68536134104386,0.0,1,XB02_M020_G00,XB02_M020_G00,XB02,M020,8405.0,8928.9375,523.9375,4.43354045683563,0.0
E52_575c4f100493de938643a13d,3.678419620474088,2.099203328999508,2.099203328999508,470.05405043895155,518.0123847895375,652.3580947743875,0.259560220504969,0.009166666666666667,0.1600920138888889,0.42881890106052456,2.131181098939476,0.8659940934185861,575.5000122070312,0.0,0.0,575.5000122070312,703.2000122070312,4892.685710807907,437.3766174316406,30.0,680.0540504389515,0.0,1,XB02_M020_G00,XB02_M020_G00,XB02,M020,8405.0,8928.9375,523.9375,2.099203328999508,0.0
E52_60b76d98beea93305f35c25d,6.004471256022072,16.79058398580294,6.004471256022072,271.8613885249859,299.0873836523459,380.3668062858116,0.15055421784231732,0.009166666666666667,0.1600920138888889,0.31981289839787286,2.2401871016021278,0.9000584692506648,326.7119415283203,0.0,0.0,326.7119415283203,454.4119415283203,2852.751047143587,241.2421875,30.0,481.8613885249859,0.0,1,XB02_M020_G00,XB02_M020_G00,XB02,M020,8405.0,8928.9375,523.9375,6.004471256022072,0.0
E52_67646c2afbeb5602853e5a9c,6.230607706260017,12.927232110573698,6.230607706260017,404.7739001975914,440.6423679099937,594.3369941207687,0.22812669469116229,0.009166666666666667,0.1600920138888889,0.39738537524671785,2.1626146247532825,0.8758170702354007,430.42161254882814,0.0,0.0,430.42161254882814,558.1216125488281,4457.527455905765,308.1216125488281,30.0,614.7739001975914,0.0,1,XB02_M020_G00,XB02_M020_G00,XB02,M020,8405.0,8928.9375,523.9375,6.230607706260017,0.0
E52_68694062ed2e2e792aeb51a9,5.965673202353898,17.695890544520793,5.965673202353898,262.3147609906027,292.8212075746684,341.5908424768108,0.1416674545099547,0.009166666666666667,0.1600920138888889,0.31092613506551026,2.2490738649344904,0.902835582792028,366.0773590087891,0.0,0.0,366.0773590087891,493.77735900878906,2561.931318576081,213.8477783203125,30.0,472.3147609906027,0.0,1,XB02_M020_G00,XB02_M020_G00,XB02,M020,8405.0,8928.9375,523.9375,5.965673202353898,0.0
E52_6aa461eda22a4c53e6730e81,1.4854063027523523,6.478254834226846,1.4854063027523523,265.8104536255181,288.3542041341444,395.1560268799425,0.15046620221455187,0.009166666666666667,0.1600920138888889,0.31972488277010747,2.240275117229893,0.9000859741343414,271.555615234375,1.030609130859375,1.030609130859375,271.555615234375,399.255615234375,2963.670201599569,349.255615234375,30.0,475.8104536255181,0.0,1,XB02_M020_G00,XB02_M020_G00,XB02,M020,8405.0,8928.9375,523.9375,1.4854063027523523,0.0
E52_73baea82bbbffa2db9d7426a,1.7789308976228142,5.711384152670419,1.7789308976228142,297.3854850658978,324.64222792478455,431.2305129784753,0.16683515196021612,0.009166666666666667,0.1600920138888889,0.3360938325157717,2.2239061674842286,0.8949706773388213,327.08091430664064,0.0,0.0,327.08091430664064,454.7809143066406,3234.2288473385647,335.390380859375,30.0,507.3854850658978,0.0,1,XB02_M020_G00,XB02_M020_G00,XB02,M020,8405.0,8928.9375,523.9375,1.7789308976228142,0.0
E52_74b3fb0a4920873efc33101b,0.9093933808896679,6.525083879148042,0.9093933808896679,262.62709924858126,284.6552425591281,393.08533863388124,0.14907135286228057,0.009166666666666667,0.1600920138888889,0.31833003341783617,2.2416699665821644,0.9005218645569262,264.3377197265625,0.0,0.0,264.3377197265625,392.0377197265625,2948.1400397541092,295.61395263671875,30.0,472.62709924858126,0.0,1,XB02_M020_G00,XB02_M020_G00,XB02,M020,8405.0,8928.9375,523.9375,0.9093933808896679,0.0
E52_7547086a1218012670f76a62,13.896729151661106,2.277872015791573,2.277872015791573,370.7957901832663,387.27013608984186,642.7455049270795,0.2228984084752749,0.009166666666666667,0.1600920138888889,0.39215708903083046,2.16784291096917,0.8774509096778655,197.69215087890626,0.0,0.0,197.69215087890626,325.39215087890625,4820.591286953097,275.39215087890625,30.0,580.7957901832663,0.0,1,XB02_M020_G00,XB02_M020_G00,XB02,M020,8405.0,8928.9375,523.9375,2.277872015791573,0.0
E52_76b4f0bdabd1ccab126282dd,5.771840641351304,17.180198899819032,5.771840641351304,244.7670432960008,265.6078646257534,364.489158613486,0.13866967590706417,0.009166666666666667,0.1600920138888889,0.30792835646261973,2.2520716435373807,0.9037723886054313,250.08985595703126,0.0,0.0,250.08985595703126,377.78985595703125,2733.6686896011447,241.2421875,30.0,454.7670432960008,0.0,1,XB02_M020_G00,XB02_M020_G00,XB02,M020,8405.0,8928.9375,523.9375,5.771840641351304,0.0
E52_7e4744117cf2a1b6b8665ab3,0.47189938945066956,12.590569849682154,0.47189938945066956,474.82609328547096,530.7107225986219,614.3444106920357,0.25587373999544005,0.009166666666666667,0.1600920138888889,0.42513242055099565,2.134867579449005,0.8671461185778139,670.6155517578125,0.0,0.0,670.6155517578125,798.3155517578125,4607.5830801902675,498.3155517578125,30.0,684.826093285471,0.0,1,XB02_M020_G00,XB02_M020_G00,XB02,M020,8405.0,8928.9375,523.9375,0.47189938945066956,0.0
E52_7e5f4a4eaf9aa5b10576997a,12.057152767058469,13.086620585622072,12.057152767058469,384.11958913832314,414.7999833745699,584.1568128591658,0.21933939564120059,0.009166666666666667,0.1600920138888889,0.3885980761967561,2.1714019238032445,0.8785631011885138,368.16473083496095,0.0,0.0,368.16473083496095,495.86473083496094,4381.1760964437435,247.829345703125,30.0,594.1195891383231,0.0,1,XB02_M020_G00,XB02_M020_G00,XB02,M020,8405.0,8928.9375,523.9375,12.057152767058469,0.0
E52_82c821a5773d0bfbe554f10a,1.9898130596061634,11.397135806608844,1.9898130596061634,512.9354114719376,566.0737563002253,707.0407539741487,0.2825549862639304,0.009166666666666667,0.1600920138888889,0.451813666819486,2.1081863331805146,0.8588082291189106,637.6601379394531,0.0,0.0,637.6601379394531,765.3601379394531,5302.805654806116,465.3601379394531,30.0,722.9354114719376,0.0,1,XB02_M020_G00,XB02_M020_G00,XB02,M020,8405.0,8928.9375,523.9375,1.9898130596061634,0.0
E52_88c1c7aba1fcf94c58dad20e,5.727777880073248,9.497510042154289,5.727777880073248,536.2789293194231,567.6117931906797,884.5606754113072,0.3159978782232965,0.009166666666666667,0.1600920138888889,0.4852565587788521,2.0747434412211483,0.8483573253816088,375.99436645507814,0.0,0.0,375.99436645507814,503.6943664550781,6634.205065584804,329.6845703125,30.0,746.2789293194231,0.0,1,XB02_M020_G00,XB02_M020_G00,XB02,M020,8405.0,8928.9375,523.9375,5.727777880073248,0.0
E52_8ca7795ffa642a3b129c0a3d,1.7761226290646874,15.730152054416479,1.7761226290646874,330.94608252023,369.9122522589995,428.0951466078428,0.17832668261553564,0.009166666666666667,0.1600920138888889,0.34758536317109123,2.2124146368289095,0.891379574009034,467.5940368652344,0.0,0.0,467.5940368652344,595.2940368652344,3210.713599558821,335.390380859375,30.0,540.94608252023,0.0,1,XB02_M020_G00,XB02_M020_G00,XB02,M020,8405.0,8928.9375,523.9375,1.7761226290646874,0.0
E52_924cec2d58c933358893a332,14.547810930459775,12.302862284422105,12.302862284422105,416.670444788364,448.9844576972996,639.4568121231148,0.23874762537865796,0.009166666666666667,0.1600920138888889,0.4080063059342135,2.151993694065787,0.8724980293955583,387.7681549072266,0.0,0.0,387.7681549072266,515.4681549072266,4795.926090923361,252.644287109375,30.0,626.670444788364,0.0,1,XB02_M020_G00,XB02_M020_G00,XB02,M020,8405.0,8928.9375,523.9375,12.302862284422105,0.0
E52_96da4f081c74d8211b4b244f,13.386806510368018,12.47027426673894,12.47027426673894,406.4445801679392,437.368205859671,627.3474061854878,0.23339590098708082,0.009166666666666667,0.1600920138888889,0.4026545815426364,2.157345418457364,0.8741704432679261,371.08350830078126,0.0,0.0,371.08350830078126,498.78350830078125,4705.105546391158,251.37640380859375,30.0,616.4445801679392,0.0,1,XB02_M020_G00,XB02_M020_G00,XB02,M020,8405.0,8928.9375,523.9375,12.47027426673894,0.0
E52_a0032802edd73d232f2c84c2,0.8992218061412274,12.395809404549922,0.8992218061412274,482.4923087567502,538.5719606529091,628.5067061365473,0.26060588149401487,0.009166666666666667,0.1600920138888889,0.42986456204957046,2.13013543795043,0.8656673243595092,672.9558227539062,0.0,0.0,672.9558227539062,800.6558227539062,4713.800296024105,500.65582275390625,30.0,692.4923087567502,0.0,1,XB02_M020_G00,XB02_M020_G00,XB02,M020,8405.0,8928.9375,523.9375,0.8992218061412274,0.0
E52_a3836b1674b2d70f748125c1,4.727952780481857,18.388582284998307,4.727952780481857,238.77143733771516,265.74771093797557,315.68523307386783,0.1296256139323784,0.009166666666666667,0.1600920138888889,0.29888429448793397,2.2611157055120668,0.9065986579725206,323.715283203125,0.0,0.0,323.715283203125,451.415283203125,2367.639248054009,217.29420471191406,30.0,448.77143733771516,0.0,1,XB02_M020_G00,XB02_M020_G00,XB02,M020,8405.0,8928.9375,523.9375,4.727952780481857,0.0
E52_a77602565c04dca5831f9b7a,7.81446751050494,15.758600383852013,7.81446751050494,295.3505394617105,322.31471665694164,428.9160157520343,0.16578365241547813,0.009166666666666667,0.1600920138888889,0.3350423329710337,2.224957667028967,0.8952992709465519,323.57012634277345,0.0,0.0,323.57012634277345,451.27012634277344,3216.870118140257,284.58648681640625,30.0,505.3505394617105,0.0,1,XB02_M020_G00,XB02_M020_G00,XB02,M020,8405.0,8928.9375,523.9375,7.81446751050494,0.0
E52_aaa387ee3ee3170bd804334d,1.0679697108534043,18.409477866986336,1.0679697108534043,263.5215778829557,299.2286101502083,312.8009621623957,0.13801933350380158,0.009166666666666667,0.1600920138888889,0.3072780140593572,2.252721985940643,0.9039756206064509,428.48438720703126,0.0,0.0,428.48438720703126,556.1843872070312,2346.0072162179677,386.9435729980469,30.0,473.5215778829557,0.0,1,XB02_M020_G00,XB02_M020_G00,XB02,M020,8405.0,8928.9375,523.9375,1.0679697108534043,0.0
E52_afb1e3673ff3adbe9c45b8fc,0.903438095396325,6.956106286850726,0.903438095396325,250.21040235058808,271.27175132926646,374.0527108291059,0.1419599864782851,0.009166666666666667,0.1600920138888889,0.31121866703384066,2.2487813329661597,0.9027441665519248,252.73618774414064,0.0,0.0,252.73618774414064,380.4361877441406,2805.395331218294,291.6474609375,30.0,460.2104023505881,0.0,1,XB02_M020_G00,XB02_M020_G00,XB02,M020,8405.0,8928.9375,523.9375,0.903438095396325,0.0
E52_b4122a9095172602242b40e3,6.214263103198391,12.917805218005896,6.214263103198391,417.2739001975914,457.30903457666045,594.3369941207687,0.23257222468730426,0.009166666666666667,0.1600920138888889,0.4018309052428598,2.158169094757141,0.8744278421116063,480.42161254882814,0.0,0.0,480.42161254882814,608.1216125488281,4457.527455905765,308.1216125488281,30.0,627.2739001975914,0.0,1,XB02_M020_G00,XB02_M020_G00,XB02,M020,8405.0,8928.9375,523.9375,6.214263103198391,0.0
E52_b45db00398315637fb020e5f,5.292963121934761,10.742298629097064,5.292963121934761,520.0993036420956,566.0861185224667,764.2777180019647,0.2932088546230577,0.009166666666666667,0.1600920138888889,0.4624675351786133,2.0975324648213873,0.8554788952566834,551.8417785644531,0.0,0.0,551.8417785644531,679.5417785644531,5732.082885014735,386.71868896484375,30.0,730.0993036420956,0.0,1,XB02_M020_G00,XB02_M020_G00,XB02,M020,8405.0,8928.9375,523.9375,5.292963121934761,0.0
E52_b544b4d7beda1d6ed7fbeefb,7.168393459732144,16.252686834440453,7.168393459732144,293.91354735972715,324.49113296153376,404.3615811086144,0.16179511839250177,0.009166666666666667,0.1600920138888889,0.3310537989480573,2.228946201051943,0.8965456878287321,366.9310272216797,0.0,0.0,366.9310272216797,494.6310272216797,3032.711858314608,277.91845703125,30.0,503.91354735972715,0.0,1,XB02_M020_G00,XB02_M020_G00,XB02,M020,8405.0,8928.9375,523.9375,7.168393459732144,0.0
E52_b60e4d2a4cdcd5801a5d757f,1.707943132616407,16.480566458341656,1.707943132616407,308.26023760270465,345.626388522301,392.32356968783114,0.16519254750221457,0.009166666666666667,0.1600920138888889,0.33445122805777017,2.2255487719422304,0.8954839912319468,448.39381103515626,0.0,0.0,448.39381103515626,576.0938110351562,2942.4267726587336,326.2397766113281,30.0,518.2602376027046,0.0,1,XB02_M020_G00,XB02_M020_G00,XB02,M020,8405.0,8928.9375,523.9375,1.707943132616407,0.0
E52_b677873645e212a13901ede2,4.731151491789035,9.230718628911887,4.731151491789035,575.9444140089429,616.0268887810784,911.3939793850733,0.3339048259552679,0.009166666666666667,0.1600920138888889,0.5031635065108234,2.056836493489177,0.8427614042153677,480.989697265625,0.0,0.0,480.989697265625,608.689697265625,6835.45484538805,390.4056396484375,30.0,785.9444140089429,0.0,1,XB02_M020_G00,XB02_M020_G00,XB02,M020,8405.0,8928.9375,523.9375,4.731151491789035,0.0
E52_b6789310c1ab16898a769b78,10.051078854658542,2.625622464396969,2.625622464396969,372.38145547243056,389.4038741939475,617.4514627840539,0.21924054354678854,0.009166666666666667,0.1600920138888889,0.3884992241023441,2.1715007758976563,0.8785939924680175,225.84925537109376,21.580230712890625,21.580230712890625,225.84925537109376,353.54925537109375,4630.885970880404,303.54925537109375,30.0,582.3814554724306,0.0,1,XB02_M020_G00,XB02_M020_G00,XB02,M020,8405.0,8928.9375,523.9375,2.625622464396969,0.0
E52_b7c433bb400c5a28313b13f0,7.568193928118205,16.00220965111248,7.568193928118205,270.63016208552887,291.2047849391259,417.8125870494757,0.1554195344851095,0.009166666666666667,0.1600920138888889,0.3246782150406651,2.2353217849593356,0.8985380577997921,246.89547424316407,0.0,0.0,246.89547424316407,374.59547424316406,3133.594402871068,284.58648681640625,30.0,480.63016208552887,0.0,1,XB02_M020_G00,XB02_M020_G00,XB02,M020,8405.0,8928.9375,523.9375,7.568193928118205,0.0
E52_be69bdf55826f2eb34075d09,3.762648549787201,12.029424972929434,3.762648549787201,457.6877788138426,500.48965717077624,658.5642874860837,0.25604119113741575,0.009166666666666667,0.1600920138888889,0.42529987169297134,2.134700128307029,0.8670937900959464,513.6225402832031,0.0,0.0,513.6225402832031,641.3225402832031,4939.232156145627,341.3225402832031,30.0,667.6877788138427,0.0,1,XB02_M020_G00,XB02_M020_G00,XB02,M020,8405.0,8928.9375,523.9375,3.762648549787201,0.0
E52_be79b94db4a0a5b6faaed631,0.20474449164370867,13.435452033242427,0.20474449164370867,439.28613208838135,492.92224150407145,556.7556076826221,0.23507830977561708,0.009166666666666667,0.1600920138888889,0.40433699033117265,2.155663009668828,0.8736446905215085,643.6333129882812,0.0,0.0,643.6333129882812,771.3333129882812,4175.667057619666,471.33331298828125,30.0,649.2861320883814,0.0,1,XB02_M020_G00,XB02_M020_G00,XB02,M020,8405.0,8928.9375,523.9375,0.20474449164370867,0.0
E52_bfffb2993ede6e2e2bd9340b,9.602595611945802,13.053008949478723,9.602595611945802,400.85355156655817,436.85476820067277,585.6998033284289,0.22550922551216515,0.009166666666666667,0.1600920138888889,0.3947679060677207,2.1652320939322798,0.8766350293538373,432.014599609375,0.0,0.0,432.014599609375,559.714599609375,4392.748524963216,275.29461669921875,30.0,610.8535515665582,0.0,1,XB02_M020_G00,XB02_M020_G00,XB02,M020,8405.0,8928.9375,523.9375,9.602595611945802,0.0
E52_c0294c7ff44d44fc4ede8d97,1.5881831575630088,16.7256600789149,1.5881831575630088,316.70783025924425,358.9570632507807,379.92026256926977,0.16644027302831577,0.009166666666666667,0.1600920138888889,0.33569895358387136,2.2243010464161292,0.8950940770050402,506.9907958984375,0.0,0.0,506.9907958984375,634.6907958984375,2849.4019692695233,334.6907958984375,30.0,526.7078302592442,0.0,1,XB02_M020_G00,XB02_M020_G00,XB02,M020,8405.0,8928.9375,523.9375,1.5881831575630088,0.0
E52_c515ea57360fd29f9add62f7,5.479171323344303,10.649906727109496,5.479171323344303,525.5980011021792,572.0554631586571,772.4512298654912,0.29632198385281766,0.009166666666666667,0.1600920138888889,0.4655806644083732,2.094419335591627,0.8545060423723834,557.4895446777343,0.0,0.0,557.4895446777343,685.1895446777344,5793.384223991184,393.3172912597656,30.0,735.5980011021792,0.0,1,XB02_M020_G00,XB02_M020_G00,XB02,M020,8405.0,8928.9375,523.9375,5.479171323344303,0.0
E52_c76d93c5902d0dc017f7065c,7.454794546037789,16.05706218628906,7.454794546037789,260.86241804033426,278.57034040361555,415.47730190098105,0.1516149798935124,0.009166666666666667,0.1600920138888889,0.32087366044906795,2.2391263395509324,0.8997269811096663,212.495068359375,0.0,0.0,212.495068359375,340.195068359375,3116.079764257358,277.91845703125,30.0,470.86241804033426,0.0,1,XB02_M020_G00,XB02_M020_G00,XB02,M020,8405.0,8928.9375,523.9375,7.454794546037789,0.0
E52_cdef0b479e00ae29ebd83132,8.138893946489901,10.01648148125875,8.138893946489901,520.0071121141804,554.5433095222207,832.7970397801186,0.3028799960747676,0.009166666666666667,0.1600920138888889,0.47213867663032316,2.0878613233696774,0.852456663553024,414.4343688964844,0.0,0.0,414.4343688964844,542.1343688964844,6245.977798350889,297.6476745605469,30.0,730.0071121141804,0.0,1,XB02_M020_G00,XB02_M020_G00,XB02,M020,8405.0,8928.9375,523.9375,8.138893946489901,0.0
E52_d1d4424e0dfaa7a0ce62d445,11.889203500035222,12.872868339328704,11.889203500035222,402.0751033963921,436.37951216917855,598.3237541560654,0.22773150601213982,0.009166666666666667,0.1600920138888889,0.39699018656769536,2.1630098134323053,0.8759405666975952,411.6529052734375,0.0,0.0,411.6529052734375,539.3529052734375,4487.428156170491,269.83203125,30.0,612.075103396392,0.0,1,XB02_M020_G00,XB02_M020_G00,XB02,M020,8405.0,8928.9375,523.9375,11.889203500035222,0.0
E52_d22cbe82615c6d2ee0ebf49f,1.7601195929367464,15.758568264926964,1.7601195929367464,318.17309843891866,352.9726015110215,427.5491784452201,0.1737067461230003,0.009166666666666667,0.1600920138888889,0.3429654266785559,2.2170345733214445,0.8928233041629513,417.5940368652344,0.0,0.0,417.5940368652344,545.2940368652344,3206.618838339151,335.390380859375,30.0,528.1730984389187,0.0,1,XB02_M020_G00,XB02_M020_G00,XB02,M020,8405.0,8928.9375,523.9375,1.7601195929367464,0.0
E52_d7f1f5d49edaa9f52000c452,11.864618403867226,12.917919470378578,11.864618403867226,397.7633482290822,431.12867517406926,595.3347347882426,0.22577474843651651,0.009166666666666667,0.1600920138888889,0.39503342899207206,2.1649665710079287,0.8765520534399774,400.38392333984376,0.0,0.0,400.38392333984376,528.0839233398438,4465.010510911819,278.08392333984375,30.0,607.7633482290822,0.0,1,XB02_M020_G00,XB02_M020_G00,XB02,M020,8405.0,8928.9375,523.9375,11.864618403867226,0.0
E52_da1eeef61bb4fffd90feecd9,9.001405164504561,11.577048041656667,9.001405164504561,464.4321692173844,503.4661769891943,694.6602918039094,0.2635518155735283,0.009166666666666667,0.1600920138888889,0.43281049612908384,2.1271895038709165,0.8647467199596613,468.40809326171876,0.0,0.0,468.40809326171876,596.1080932617188,5209.952188529321,322.9142761230469,30.0,674.4321692173844,0.0,1,XB02_M020_G00,XB02_M020_G00,XB02,M020,8405.0,8928.9375,523.9375,9.001405164504561,0.0
E52_dbe1bedc9b83d29f34556dbd,12.573278230487418,13.016499113861627,12.573278230487418,387.86022911882606,419.0031732004504,588.862793747906,0.22133620210273125,0.009166666666666667,0.1600920138888889,0.3905948826582868,2.1694051173417135,0.8779390991692854,373.7153289794922,0.0,0.0,373.7153289794922,501.4153289794922,4416.470953109295,232.19436645507812,30.0,597.860229118826,0.0,1,XB02_M020_G00,XB02_M020_G00,XB02,M020,8405.0,8928.9375,523.9375,12.573278230487418,0.0
E52_dbec4f1422e98765afb262aa,1.0982220753490992,16.38523852602286,1.0982220753490992,322.5402116809159,364.1002534899979,395.72017250733956,0.1707521496628321,0.009166666666666667,0.1600920138888889,0.3400108302183876,2.2199891697816128,0.8937466155567538,498.7205017089844,0.0,0.0,498.7205017089844,626.4205017089844,2967.901293805047,326.4205017089844,30.0,532.540211680916,0.0,1,XB02_M020_G00,XB02_M020_G00,XB02,M020,8405.0,8928.9375,523.9375,1.0982220753490992,0.0
E52_dc4c132291b7b9525a26c82f,7.201257348444585,16.290878065555617,7.201257348444585,256.41354735972715,274.49113296153376,404.3615811086144,0.14845852840407586,0.009166666666666667,0.1600920138888889,0.3177172089596314,2.242282791040369,0.9007133722001152,216.9310272216797,0.0,0.0,216.9310272216797,344.6310272216797,3032.711858314608,277.91845703125,30.0,466.41354735972715,0.0,1,XB02_M020_G00,XB02_M020_G00,XB02,M020,8405.0,8928.9375,523.9375,7.201257348444585,0.0
E52_de2c36302e014a6d0284c896,1.6494415831593159,15.994052628622484,1.6494415831593159,325.41177480357015,364.7238282296769,414.95122905049965,0.1744969638873427,0.009166666666666667,0.1600920138888889,0.3437556444428983,2.216244355557102,0.8925763611115943,471.74464111328126,0.0,0.0,471.74464111328126,599.4446411132812,3112.134217878747,325.15069580078125,30.0,535.4117748035701,0.0,1,XB02_M020_G00,XB02_M020_G00,XB02,M020,8405.0,8928.9375,523.9375,1.6494415831593159,0.0
E52_e0cd6bab1a22c4530d9a254c,1.117568852771882,6.471069764274475,1.117568852771882,260.0402116809159,280.7669201566646,395.72017250733956,0.14852449968212222,0.009166666666666667,0.1600920138888889,0.3177831802376778,2.242216819762323,0.9006927561757256,248.7205017089844,0.0,0.0,248.7205017089844,376.4205017089844,2967.901293805047,326.4205017089844,30.0,470.0402116809159,0.0,1,XB02_M020_G00,XB02_M020_G00,XB02,M020,8405.0,8928.9375,523.9375,1.117568852771882,0.0
E52_ea76d341ab82f2ebc1fa1efe,1.666881813419991,6.056283714240493,1.666881813419991,275.41177480357015,298.05716156301025,414.95122905049965,0.15671484390277482,0.009166666666666667,0.1600920138888889,0.3259735244583304,2.23402647554167,0.8981332736067718,271.74464111328126,0.0,0.0,271.74464111328126,399.44464111328125,3112.134217878747,325.15069580078125,30.0,485.41177480357015,0.0,1,XB02_M020_G00,XB02_M020_G00,XB02,M020,8405.0,8928.9375,523.9375,1.666881813419991,0.0
E52_eab18c460278cfbad2c20da0,5.9943493619613974,7.760329046990023,5.9943493619613974,212.31476099060268,226.15454090800176,341.5908424768108,0.12388533452538679,0.009166666666666667,0.1600920138888889,0.29314401508094234,2.266855984919058,0.9083924952872056,166.07735900878907,0.0,0.0,166.07735900878907,293.77735900878906,2561.931318576081,213.8477783203125,30.0,422.3147609906027,0.0,1,XB02_M020_G00,XB02_M020_G00,XB02,M020,8405.0,8928.9375,523.9375,5.9943493619613974,0.0
E52_eb490529b308e18523949520,15.31203311776855,12.235001379754962,12.235001379754962,417.9327582223269,449.8180932544721,644.5535062517828,0.23991836791670462,0.009166666666666667,0.1600920138888889,0.4091770484722602,2.1508229515277404,0.8721321723524187,382.6240203857422,0.0,0.0,382.6240203857422,510.3240203857422,4834.151296888371,255.67149353027344,30.0,627.9327582223269,0.0,1,XB02_M020_G00,XB02_M020_G00,XB02,M020,8405.0,8928.9375,523.9375,12.235001379754962,0.0
E52_eddf192c3626d88d236d26e4,6.598671975907564,17.034187922993553,6.598671975907564,241.72684180786888,260.473536754158,370.9735139380034,0.13850678679446915,0.009166666666666667,0.1600920138888889,0.30776546735002475,2.2522345326499758,0.9038232914531172,224.96033935546876,0.0,0.0,224.96033935546876,352.66033935546875,2782.3013545350254,199.07135009765625,30.0,451.7268418078689,0.0,1,XB02_M020_G00,XB02_M020_G00,XB02,M020,8405.0,8928.9375,523.9375,6.598671975907564,0.0
E52_ede4029bd5e695a7a0c85289,11.911208347327957,12.925612211179384,11.911208347327957,385.2633482290822,414.4620085074026,595.3347347882426,0.22132921844037454,0.009166666666666667,0.1600920138888889,0.3905878989959301,2.1694121010040703,0.8779412815637718,350.38392333984376,0.0,0.0,350.38392333984376,478.08392333984375,4465.010510911819,278.08392333984375,30.0,595.2633482290822,0.0,1,XB02_M020_G00,XB02_M020_G00,XB02,M020,8405.0,8928.9375,523.9375,11.911208347327957,0.0
E52_ef8fa59407d07a2296b5f591,9.315314120985946,0.3151276047193221,0.3151276047193221,505.85939793409244,540.3898465933535,804.5361039126185,0.29384606362066074,0.009166666666666667,0.1600920138888889,0.4631047441762163,2.0968952558237843,0.8552797674449324,414.3653839111328,0.0,0.0,414.3653839111328,542.0653839111328,6034.020779344639,284.8677062988281,30.0,715.8593979340924,0.0,1,XB02_M020_G00,XB02_M020_G00,XB02,M020,8405.0,8928.9375,523.9375,0.3151276047193221,0.0
E52_f2fabdd802684ffd17ed2273,0.8979895035542853,16.925225818485302,0.8979895035542853,275.2104023505881,304.60508466259984,374.0527108291059,0.15085104647056902,0.009166666666666667,0.1600920138888889,0.3201097270261246,2.239890272973876,0.899965710304336,352.73618774414064,0.0,0.0,352.73618774414064,480.4361877441406,2805.395331218294,291.6474609375,30.0,485.2104023505881,0.0,1,XB02_M020_G00,XB02_M020_G00,XB02,M020,8405.0,8928.9375,523.9375,0.8979895035542853,0.0
E52_f4836ff0bfcbe7f74f580128,0.15725086298050428,13.198394987858308,0.15725086298050428,446.8309536018799,500.3537512499919,572.525121315088,0.23999489789029496,0.009166666666666667,0.1600920138888889,0.40925357844585053,2.15074642155415,0.8721082567356717,642.2735717773437,0.0,0.0,642.2735717773437,769.9735717773438,4293.93840986316,483.0478820800781,30.0,656.8309536018799,0.0,1,XB02_M020_G00,XB02_M020_G00,XB02,M020,8405.0,8928.9375,523.9375,0.15725086298050428,0.0
E52_fb97bb829fc82a7376005525,0.30567736412182,12.561592200960149,0.30567736412182,483.9909817485873,542.6900133241081,615.7877740440496,0.2593375767224136,0.009166666666666667,0.1600920138888889,0.42859625727796913,2.131403742722031,0.8660636696006346,704.38837890625,0.0,0.0,704.38837890625,832.08837890625,4618.408305330372,532.08837890625,30.0,693.9909817485873,0.0,1,XB02_M020_G00,XB02_M020_G00,XB02,M020,8405.0,8928.9375,523.9375,0.30567736412182,0.0
E52_fd527d975e1813662620f82c,3.7072726387343806,12.45056667278017,3.7072726387343806,418.2192341110554,452.9085204066283,628.3027504486734,0.23771876612520712,0.009166666666666667,0.1600920138888889,0.4069774466807627,2.153022553319238,0.8728195479122617,416.271435546875,0.0,0.0,416.271435546875,543.971435546875,4712.2706283650505,306.8754577636719,30.0,628.2192341110554,0.0,1,XB02_M020_G00,XB02_M020_G00,XB02,M020,8405.0,8928.9375,523.9375,3.7072726387343806,0.0
