site_id,min_access_margin_db,backhaul_margin_db,min_twohop_margin_db,outbound_time_s,return_time_s,horizontal_time_s,flight_energy_kwh,setup_energy_kwh,service_energy_kwh,total_energy_kwh,energy_margin_kwh,return_soc,climb_out_m,climb_back_m,desc_out_m,desc_back_m,cruise_alt_m,horizontal_distance_m,max_dem_on_route_m,setup_time_s,earliest_ready_s,required_transport_shift_s,as_is_timing_feasible,atomic_task_id,parent_gap_id,pareto_id,transport_sortie_id,service_start_s,service_end_s,service_duration_s,candidate_source
E52_4513f74e4ba51c209cccc792,7.528195666308719,9.790974506635663,7.528195666308719,548.6050089915749,589.1156759023821,854.1460165183059,0.3160741321008959,0.009166666666666667,0.34940647690814847,0.674647275675711,1.8853527243242896,0.7891727263513403,486.1280029296875,0.0,0.0,486.1280029296875,613.8280029296875,6406.095123887295,391.8226318359375,30.0,758.6050089915749,0.0,1,P01_G000_E52_A000,P01_G000,P01,M001,809.1614003372633,1952.6735065821129,1143.5121062448495,
E52_b677873645e212a13901ede2,6.300243332264628,9.230718628911887,6.300243332264628,575.9444140089429,616.0268887810784,911.3939793850733,0.3339048259552679,0.009166666666666667,0.34940647690814847,0.692477969530083,1.8675220304699174,0.7836006345218491,480.989697265625,0.0,0.0,480.989697265625,608.689697265625,6835.45484538805,390.4056396484375,30.0,785.9444140089429,0.0,1,P01_G000_E52_A000,P01_G000,P01,M001,809.1614003372633,1952.6735065821129,1143.5121062448495,
E52_beb70ec57fd2d66bf65b827f,1.6281698264162543,2.43785423226241,1.6281698264162543,429.6587378248194,468.09544538504076,628.6972302883107,0.2418430061920666,0.009166666666666667,0.34940647690814847,0.6004161497668817,1.9595838502331189,0.8123699531978494,461.24049072265626,0.0,0.0,461.24049072265626,588.9404907226562,4715.22922716233,538.9404907226562,30.0,639.6587378248194,0.0,1,P01_G000_E52_A000,P01_G000,P01,M001,809.1614003372633,1952.6735065821129,1143.5121062448495,
E52_ef8fa59407d07a2296b5f591,5.503846040711053,0.3151276047193221,0.3151276047193221,505.85939793409244,540.3898465933535,804.5361039126185,0.29384606362066074,0.009166666666666667,0.34940647690814847,0.6524192071954759,1.9075807928045245,0.7961189977514138,414.3653839111328,0.0,0.0,414.3653839111328,542.0653839111328,6034.020779344639,284.8677062988281,30.0,715.8593979340924,0.0,1,P01_G000_E52_A000,P01_G000,P01,M001,809.1614003372633,1952.6735065821129,1143.5121062448495,
E52_bfffb2993ede6e2e2bd9340b,1.9124442496521539,13.053008949478723,1.9124442496521539,400.85355156655817,436.85476820067277,585.6998033284289,0.22550922551216515,0.009166666666666667,0.017862324102556545,0.25253821628138834,2.307461783718612,0.9210818074120661,432.014599609375,0.0,0.0,432.014599609375,559.714599609375,4392.748524963216,275.29461669921875,30.0,610.8535515665582,0.0,1,P01_G001_E52_A000,P01_G001,P01,M002,1171.6403334902727,1230.0988487350032,58.458515244730506,
E52_50c718ca7f326f764494c89d,1.9034872651250652,13.080943299176411,1.9034872651250652,350.85355156655817,370.1881015340061,585.6998033284289,0.20772710552759727,0.009166666666666667,0.017862324102556545,0.23475609629682048,2.3252439037031802,0.9266387199072436,232.014599609375,0.0,0.0,232.014599609375,359.714599609375,4392.748524963216,275.29461669921875,30.0,560.8535515665582,0.0,1,P01_G001_E52_A000,P01_G001,P01,M002,1171.6403334902727,1230.0988487350032,58.458515244730506,
E52_b6789310c1ab16898a769b78,1.6723371312954924,2.625622464396969,1.6723371312954924,372.38145547243056,389.4038741939475,617.4514627840539,0.21924054354678854,0.009166666666666667,0.017862324102556545,0.24626953431601173,2.3137304656839888,0.9230407705262463,225.84925537109376,21.580230712890625,21.580230712890625,225.84925537109376,353.54925537109375,4630.885970880404,303.54925537109375,30.0,582.3814554724306,0.0,1,P01_G001_E52_A000,P01_G001,P01,M002,1171.6403334902727,1230.0988487350032,58.458515244730506,
E52_01234cac2d25748209cb57e8,0.26847602218906275,5.963634638729843,0.26847602218906275,275.78386787661753,295.55487261701467,419.772700963196,0.15719547582798327,0.009166666666666667,0.017862324102556545,0.18422446659720648,2.375775533402794,0.942429854188373,248.53977661132814,11.2877197265625,11.2877197265625,248.53977661132814,376.2397766113281,3148.2952572239697,326.2397766113281,30.0,485.78386787661753,0.0,1,P01_G001_E52_A000,P01_G001,P01,M002,1171.6403334902727,1230.0988487350032,58.458515244730506,
E52_06eb0baa948af7ff52881bcf,2.2641921338670983,16.258674653736037,2.2641921338670983,296.7597053393259,328.36499963050426,403.88764493158146,0.16274021246714285,0.009166666666666667,0.017862324102556545,0.18976920323636604,2.3702307967636345,0.9406971239886356,379.26353149414064,0.0,0.0,379.26353149414064,506.9635314941406,3029.157336986861,306.9635314941406,30.0,506.7597053393259,0.0,1,P01_G001_E52_A000,P01_G001,P01,M002,1171.6403334902727,1230.0988487350032,58.458515244730506,
E52_0c9d91fc306062a18ada9948,10.158330562854232,15.697900697510477,10.158330562854232,331.42241999480143,370.2725110389095,429.7442937249544,0.1787296459836012,0.009166666666666667,0.017862324102556545,0.2057586367528244,2.354241363247176,0.9357004260147423,466.2010925292969,0.0,0.0,466.2010925292969,593.9010925292969,3223.082202937158,326.7436828613281,30.0,541.4224199948014,0.0,1,P01_G001_E52_A000,P01_G001,P01,M002,1171.6403334902727,1230.0988487350032,58.458515244730506,
E52_189eb019491ad876aa165071,12.69803577708359,3.8094716871601975,3.8094716871601975,403.09916814168594,448.35288467407526,534.676037089036,0.21908171065325852,0.009166666666666667,0.017862324102556545,0.2461107014224817,2.313889298577519,0.9230904058054745,543.0445983886718,0.0,0.0,543.0445983886718,670.7445983886719,4010.07027816777,391.87322998046875,30.0,613.0991681416859,0.0,1,P01_G001_E52_A000,P01_G001,P01,M002,1171.6403334902727,1230.0988487350032,58.458515244730506,
E52_1eac4bbcd37cec5d48241661,0.30076110951226553,6.04580255430777,0.30076110951226553,275.66392246828667,298.30930922772677,415.4555243799327,0.1568759382441215,0.009166666666666667,0.017862324102556545,0.1839049290133447,2.376095070986656,0.9425297096833298,271.74464111328126,0.0,0.0,271.74464111328126,399.44464111328125,3115.9164328494953,326.2397766113281,30.0,485.66392246828667,0.0,1,P01_G001_E52_A000,P01_G001,P01,M002,1171.6403334902727,1230.0988487350032,58.458515244730506,
E52_1ef47ef68c1879e18ddbb164,1.447269431605804,9.684707827919368,1.447269431605804,525.9457118932837,556.9823492630754,865.6715995678175,0.30964781577290457,0.009166666666666667,0.017862324102556545,0.3366768065421278,2.2233231934578725,0.8947884979555851,372.4396484375,0.0,0.0,372.4396484375,500.1396484375,6492.536996758631,304.7821350097656,30.0,735.9457118932837,0.0,1,P01_G001_E52_A000,P01_G001,P01,M002,1171.6403334902727,1230.0988487350032,58.458515244730506,
E52_214ce9a3b3bd3fa9c582335a,8.971995660990927,15.138353346483314,8.971995660990927,331.46735474952504,365.31699057309277,459.8368945576438,0.1830074384559416,0.009166666666666667,0.017862324102556545,0.2100364292251648,2.3499635707748356,0.934363615867136,406.1956298828125,0.0,0.0,406.1956298828125,533.8956298828125,3448.7767091823284,283.8956298828125,30.0,541.467354749525,0.0,1,P01_G001_E52_A000,P01_G001,P01,M002,1171.6403334902727,1230.0988487350032,58.458515244730506,
E52_231555d7070bcf1a0911e332,0.4004123271325142,5.981962334569488,0.4004123271325142,303.4113952968874,335.0249979987103,417.14117438283733,0.1669828432889251,0.009166666666666667,0.017862324102556545,0.1940118340581483,2.365988165941852,0.9393713018568286,379.363232421875,0.0,0.0,379.363232421875,507.063232421875,3128.55880787128,326.2397766113281,30.0,513.4113952968873,0.0,1,P01_G001_E52_A000,P01_G001,P01,M002,1171.6403334902727,1230.0988487350032,58.458515244730506,
E52_246111a1ef063bec9e89ec9e,19.719718730834956,13.03223549741864,13.03223549741864,413.11352328410356,453.07003166626504,586.4879962752384,0.22998101771643822,0.009166666666666667,0.017862324102556545,0.2570100084856614,2.3029899915143393,0.9196843723482309,479.4781005859375,0.0,0.0,479.4781005859375,607.1781005859375,4398.659972064288,469.28277587890625,30.0,623.1135232841036,0.0,1,P01_G001_E52_A000,P01_G001,P01,M002,1171.6403334902727,1230.0988487350032,58.458515244730506,
E52_27bf01e9e990859ae5993708,0.381116434692089,15.932490639468014,0.381116434692089,318.6138217216496,355.0514931287134,418.60161500091635,0.17259630304263499,0.009166666666666667,0.017862324102556545,0.19962529381185817,2.3603747061881424,0.9376170956837944,437.25205688476564,0.0,0.0,437.25205688476564,564.9520568847656,3139.5121125068727,326.2397766113281,30.0,528.6138217216496,0.0,1,P01_G001_E52_A000,P01_G001,P01,M002,1171.6403334902727,1230.0988487350032,58.458515244730506,
E52_27fdcb9bc2da20af468e67a1,9.498456652102746,15.630401191469062,9.498456652102746,333.5201066466774,372.5049327982074,433.1312563841751,0.1799553449394086,0.009166666666666667,0.017862324102556545,0.20698433570863178,2.3530156642913687,0.9353173950910526,467.8179138183594,0.0,0.0,467.8179138183594,595.5179138183594,3248.4844228813135,322.1230773925781,30.0,543.5201066466774,0.0,1,P01_G001_E52_A000,P01_G001,P01,M002,1171.6403334902727,1230.0988487350032,58.458515244730506,
E52_326bd9096774308657b14836,0.24946519766831443,6.820761438549596,0.24946519766831443,254.20783025924425,275.6237299174474,379.92026256926977,0.1442126230476059,0.009166666666666667,0.017862324102556545,0.17124161381682912,2.3887583861831714,0.9464869956822409,256.9907958984375,0.0,0.0,256.9907958984375,384.6907958984375,2849.4019692695233,334.6907958984375,30.0,464.20783025924425,0.0,1,P01_G001_E52_A000,P01_G001,P01,M002,1171.6403334902727,1230.0988487350032,58.458515244730506,
E52_347c51b45a583dd4c5a4aad0,9.209056392037041,10.359339260709504,9.209056392037041,545.8106765870443,594.6474365357748,798.6007934817058,0.3072138543106079,0.009166666666666667,0.017862324102556545,0.3342428450798311,2.2257571549201693,0.8955491109125528,586.0411193847656,0.0,0.0,586.0411193847656,713.7411193847656,5989.505951112793,425.30462646484375,30.0,755.8106765870443,0.0,1,P01_G001_E52_A000,P01_G001,P01,M002,1171.6403334902727,1230.0988487350032,58.458515244730506,
E52_437c6a333219b14c3939f26c,0.34326649672972565,6.0194831627628105,0.34326649672972565,277.09771274073506,296.211315442558,417.14117438283733,0.1570562493971614,0.009166666666666667,0.017862324102556545,0.1840852401663846,2.375914759833616,0.9424733624480048,248.53977661132814,19.176544189453125,19.176544189453125,248.53977661132814,376.2397766113281,3128.55880787128,326.2397766113281,30.0,487.09771274073506,0.0,1,P01_G001_E52_A000,P01_G001,P01,M002,1171.6403334902727,1230.0988487350032,58.458515244730506,
E52_47db2d0d55c92154c779a4c9,2.453044610018992,16.45726286038159,2.453044610018992,312.62709924858126,351.3219092257948,393.08533863388124,0.16685347284684848,0.009166666666666667,0.017862324102556545,0.1938824636160717,2.366117536383929,0.9394117301199776,464.3377197265625,0.0,0.0,464.3377197265625,592.0377197265625,2948.1400397541092,295.61395263671875,30.0,522.6270992485813,0.0,1,P01_G001_E52_A000,P01_G001,P01,M002,1171.6403334902727,1230.0988487350032,58.458515244730506,
E52_60b0dc656c777ee2cc2279b1,8.315904030501926,0.21315146591224732,0.21315146591224732,563.4362729251038,615.9641949832094,811.705013501575,0.3153381258454166,0.009166666666666667,0.017862324102556545,0.3423671166146398,2.2176328833853605,0.893010276057925,630.3350646972656,0.0,0.0,630.3350646972656,758.0350646972656,6087.787601261813,495.9024353027344,30.0,773.4362729251038,0.0,1,P01_G001_E52_A000,P01_G001,P01,M002,1171.6403334902727,1230.0988487350032,58.458515244730506,
E52_6aa461eda22a4c53e6730e81,0.721967092100229,6.478254834226846,0.721967092100229,265.8104536255181,288.3542041341444,395.1560268799425,0.15046620221455187,0.009166666666666667,0.017862324102556545,0.17749519298377509,2.3825048070162254,0.9445327521925703,271.555615234375,1.030609130859375,1.030609130859375,271.555615234375,399.255615234375,2963.670201599569,349.255615234375,30.0,475.8104536255181,0.0,1,P01_G001_E52_A000,P01_G001,P01,M002,1171.6403334902727,1230.0988487350032,58.458515244730506,
E52_6dc095df8eb6475486134b5c,18.251189677036223,12.905188948092743,12.905188948092743,424.06014837873875,466.2734748964797,594.8403376510322,0.23505698741925235,0.009166666666666667,0.017862324102556545,0.26208597818847557,2.297914021811525,0.9180981318161014,506.55991821289064,0.0,0.0,506.55991821289064,634.2599182128906,4461.302532382741,440.2059631347656,30.0,634.0601483787387,0.0,1,P01_G001_E52_A000,P01_G001,P01,M002,1171.6403334902727,1230.0988487350032,58.458515244730506,
E52_73baea82bbbffa2db9d7426a,0.10827118376165856,5.711384152670419,0.10827118376165856,297.3854850658978,324.64222792478455,431.2305129784753,0.16683515196021612,0.009166666666666667,0.017862324102556545,0.1938641427294393,2.366135857270561,0.9394174553970502,327.08091430664064,0.0,0.0,327.08091430664064,454.7809143066406,3234.2288473385647,335.390380859375,30.0,507.3854850658978,0.0,1,P01_G001_E52_A000,P01_G001,P01,M002,1171.6403334902727,1230.0988487350032,58.458515244730506,
E52_74b3fb0a4920873efc33101b,2.371226426671896,6.525083879148042,2.371226426671896,262.62709924858126,284.6552425591281,393.08533863388124,0.14907135286228057,0.009166666666666667,0.017862324102556545,0.1761003436315038,2.383899656368497,0.9449686426151551,264.3377197265625,0.0,0.0,264.3377197265625,392.0377197265625,2948.1400397541092,295.61395263671875,30.0,472.62709924858126,0.0,1,P01_G001_E52_A000,P01_G001,P01,M002,1171.6403334902727,1230.0988487350032,58.458515244730506,
E52_7547086a1218012670f76a62,0.6616870210660011,2.277872015791573,0.6616870210660011,370.7957901832663,387.27013608984186,642.7455049270795,0.2228984084752749,0.009166666666666667,0.017862324102556545,0.24992739924449808,2.3100726007555026,0.9218976877360944,197.69215087890626,0.0,0.0,197.69215087890626,325.39215087890625,4820.591286953097,275.39215087890625,30.0,580.7957901832663,0.0,1,P01_G001_E52_A000,P01_G001,P01,M002,1171.6403334902727,1230.0988487350032,58.458515244730506,
E52_8ca7795ffa642a3b129c0a3d,10.097932865689572,15.730152054416479,10.097932865689572,330.94608252023,369.9122522589995,428.0951466078428,0.17832668261553564,0.009166666666666667,0.017862324102556545,0.20535567338475885,2.3546443266152415,0.9358263520672628,467.5940368652344,0.0,0.0,467.5940368652344,595.2940368652344,3210.713599558821,335.390380859375,30.0,540.94608252023,0.0,1,P01_G001_E52_A000,P01_G001,P01,M002,1171.6403334902727,1230.0988487350032,58.458515244730506,
E52_9026ce0d2a5dd9a75ef73c8e,1.8908015470565687,6.720084116703532,1.8908015470565687,248.61637070099954,267.37077642202814,384.70630707582717,0.14290187810434732,0.009166666666666667,0.017862324102556545,0.1699308688735705,2.39006913112643,0.9468966034770092,225.05286865234376,0.0,0.0,225.05286865234376,352.75286865234375,2885.297303068704,302.75286865234375,30.0,458.61637070099954,0.0,1,P01_G001_E52_A000,P01_G001,P01,M002,1171.6403334902727,1230.0988487350032,58.458515244730506,
E52_96da4f081c74d8211b4b244f,0.7624108937649652,12.47027426673894,0.7624108937649652,406.4445801679392,437.368205859671,627.3474061854878,0.23339590098708082,0.009166666666666667,0.017862324102556545,0.260424891756304,2.2995751082436966,0.918617221326155,371.08350830078126,0.0,0.0,371.08350830078126,498.78350830078125,4705.105546391158,251.37640380859375,30.0,616.4445801679392,0.0,1,P01_G001_E52_A000,P01_G001,P01,M002,1171.6403334902727,1230.0988487350032,58.458515244730506,
E52_9b18c2085562c5280ea1e394,8.211717836004212,0.02697066595830222,0.02697066595830222,563.4972144032131,613.0086493397365,829.9258191872856,0.3179402888393461,0.009166666666666667,0.017862324102556545,0.3449692796085693,2.215030720391431,0.8921971001223221,594.1372192382812,0.0,0.0,594.1372192382812,721.8372192382812,6224.443643904642,487.8569030761719,30.0,773.4972144032131,0.0,1,P01_G001_E52_A000,P01_G001,P01,M002,1171.6403334902727,1230.0988487350032,58.458515244730506,
E52_a1af1f4ab7d520e82e20be53,7.925061876505239,0.45430012492889205,0.45430012492889205,547.7224457312177,598.7128286250978,789.5025940991541,0.30660524396013417,0.009166666666666667,0.017862324102556545,0.3336342347293574,2.2263657652706432,0.8957393016470758,611.8845947265625,0.0,0.0,611.8845947265625,739.5845947265625,5921.269455743655,492.6366271972656,30.0,757.7224457312177,0.0,1,P01_G001_E52_A000,P01_G001,P01,M002,1171.6403334902727,1230.0988487350032,58.458515244730506,
E52_afb1e3673ff3adbe9c45b8fc,2.005044547066518,6.956106286850726,2.005044547066518,250.21040235058808,271.27175132926646,374.0527108291059,0.1419599864782851,0.009166666666666667,0.017862324102556545,0.16898897724750828,2.391011022752492,0.9471909446101536,252.73618774414064,0.0,0.0,252.73618774414064,380.4361877441406,2805.395331218294,291.6474609375,30.0,460.2104023505881,0.0,1,P01_G001_E52_A000,P01_G001,P01,M002,1171.6403334902727,1230.0988487350032,58.458515244730506,
E52_b60e4d2a4cdcd5801a5d757f,0.12404942650780981,16.480566458341656,0.12404942650780981,308.26023760270465,345.626388522301,392.32356968783114,0.16519254750221457,0.009166666666666667,0.017862324102556545,0.1922215382714378,2.367778461728563,0.9399307692901757,448.39381103515626,0.0,0.0,448.39381103515626,576.0938110351562,2942.4267726587336,326.2397766113281,30.0,518.2602376027046,0.0,1,P01_G001_E52_A000,P01_G001,P01,M002,1171.6403334902727,1230.0988487350032,58.458515244730506,
E52_b8aeee13ee5f313ffdb298e7,8.707141431515183,0.32052137756616617,0.32052137756616617,550.9628084392909,600.9445446860357,802.0351993981131,0.309532562555218,0.009166666666666667,0.017862324102556545,0.3365615533244412,2.2234384466755595,0.8948245145861121,599.7808349609375,0.0,0.0,599.7808349609375,727.4808349609375,6015.263995485849,485.42230224609375,30.0,760.9628084392909,0.0,1,P01_G001_E52_A000,P01_G001,P01,M002,1171.6403334902727,1230.0988487350032,58.458515244730506,
E52_be69bdf55826f2eb34075d09,4.553853570447615,12.029424972929434,4.553853570447615,457.6877788138426,500.48965717077624,658.5642874860837,0.25604119113741575,0.009166666666666667,0.017862324102556545,0.28307018190663896,2.2769298180933615,0.9115405681541753,513.6225402832031,0.0,0.0,513.6225402832031,641.3225402832031,4939.232156145627,341.3225402832031,30.0,667.6877788138427,0.0,1,P01_G001_E52_A000,P01_G001,P01,M002,1171.6403334902727,1230.0988487350032,58.458515244730506,
E52_c0294c7ff44d44fc4ede8d97,9.82118328216653,16.7256600789149,9.82118328216653,316.70783025924425,358.9570632507807,379.92026256926977,0.16644027302831577,0.009166666666666667,0.017862324102556545,0.19346926379753898,2.3665307362024617,0.9395408550632691,506.9907958984375,0.0,0.0,506.9907958984375,634.6907958984375,2849.4019692695233,334.6907958984375,30.0,526.7078302592442,0.0,1,P01_G001_E52_A000,P01_G001,P01,M002,1171.6403334902727,1230.0988487350032,58.458515244730506,
E52_c10a50247c57c0340b451298,21.45397038471387,3.1495087650690863,3.1495087650690863,410.4813485396202,450.8988478275434,578.4577013517014,0.22790762835174688,0.009166666666666667,0.017862324102556545,0.2549366191209701,2.30506338087903,0.9203323065246969,485.00999145507814,0.0,0.0,485.00999145507814,612.7099914550781,4338.432760137761,515.4917602539062,30.0,620.4813485396203,0.0,1,P01_G001_E52_A000,P01_G001,P01,M002,1171.6403334902727,1230.0988487350032,58.458515244730506,
E52_c117f06f984d58b2275e6c48,9.218123558942253,0.365836005255062,0.365836005255062,533.3106765870443,577.980769869108,798.6007934817058,0.30276832431446593,0.009166666666666667,0.017862324102556545,0.32979731508368915,2.2302026849163115,0.8969383390363471,536.0411193847656,0.0,0.0,536.0411193847656,663.7411193847656,5989.505951112793,425.30462646484375,30.0,743.3106765870443,0.0,1,P01_G001_E52_A000,P01_G001,P01,M002,1171.6403334902727,1230.0988487350032,58.458515244730506,
E52_d22cbe82615c6d2ee0ebf49f,10.151543517912629,15.758568264926964,10.151543517912629,318.17309843891866,352.9726015110215,427.5491784452201,0.1737067461230003,0.009166666666666667,0.017862324102556545,0.20073573689222352,2.359264263107777,0.9372700822211801,417.5940368652344,0.0,0.0,417.5940368652344,545.2940368652344,3206.618838339151,335.390380859375,30.0,528.1730984389187,0.0,1,P01_G001_E52_A000,P01_G001,P01,M002,1171.6403334902727,1230.0988487350032,58.458515244730506,
E52_dbec4f1422e98765afb262aa,11.12833033755578,16.38523852602286,11.12833033755578,322.5402116809159,364.1002534899979,395.72017250733956,0.1707521496628321,0.009166666666666667,0.017862324102556545,0.1977811404320553,2.362218859567945,0.9381933936149827,498.7205017089844,0.0,0.0,498.7205017089844,626.4205017089844,2967.901293805047,326.4205017089844,30.0,532.540211680916,0.0,1,P01_G001_E52_A000,P01_G001,P01,M002,1171.6403334902727,1230.0988487350032,58.458515244730506,
E52_dd12fb0cc4aee52816704b73,8.510861098913708,0.5498680641518376,0.5498680641518376,547.6210002825783,600.0718247658139,780.5370536657424,0.3052994367315811,0.009166666666666667,0.017862324102556545,0.3323284275008043,2.227671572499196,0.8961473664059987,629.4098937988281,0.0,0.0,629.4098937988281,757.1098937988281,5854.027902493068,543.108642578125,30.0,757.6210002825783,0.0,1,P01_G001_E52_A000,P01_G001,P01,M002,1171.6403334902727,1230.0988487350032,58.458515244730506,
E52_de2c36302e014a6d0284c896,0.3999180579813668,15.994052628622484,0.3999180579813668,325.41177480357015,364.7238282296769,414.95122905049965,0.1744969638873427,0.009166666666666667,0.017862324102556545,0.20152595465656592,2.3584740453434345,0.9370231391698232,471.74464111328126,0.0,0.0,471.74464111328126,599.4446411132812,3112.134217878747,325.15069580078125,30.0,535.4117748035701,0.0,1,P01_G001_E52_A000,P01_G001,P01,M002,1171.6403334902727,1230.0988487350032,58.458515244730506,
E52_e0325aad0b87e7c07e10fc2c,0.32104046183516743,5.987785159048158,0.32104046183516743,275.1983248954777,294.96932963587483,418.60161500091635,0.15682137892336617,0.009166666666666667,0.017862324102556545,0.1838503696925894,2.376149630307411,0.9425467594710658,248.53977661132814,11.2877197265625,11.2877197265625,248.53977661132814,376.2397766113281,3139.5121125068727,326.2397766113281,30.0,485.1983248954777,0.0,1,P01_G001_E52_A000,P01_G001,P01,M002,1171.6403334902727,1230.0988487350032,58.458515244730506,
E52_e0cd6bab1a22c4530d9a254c,1.771242624929286,6.471069764274475,1.771242624929286,260.0402116809159,280.7669201566646,395.72017250733956,0.14852449968212222,0.009166666666666667,0.017862324102556545,0.17555349045134544,2.384446509548655,0.9451395342339546,248.7205017089844,0.0,0.0,248.7205017089844,376.4205017089844,2967.901293805047,326.4205017089844,30.0,470.0402116809159,0.0,1,P01_G001_E52_A000,P01_G001,P01,M002,1171.6403334902727,1230.0988487350032,58.458515244730506,
E52_ea76d341ab82f2ebc1fa1efe,0.3560943455212282,6.056283714240493,0.3560943455212282,275.41177480357015,298.05716156301025,414.95122905049965,0.15671484390277482,0.009166666666666667,0.017862324102556545,0.183743834671998,2.3762561653280025,0.9425800516650006,271.74464111328126,0.0,0.0,271.74464111328126,399.44464111328125,3112.134217878747,325.15069580078125,30.0,485.41177480357015,0.0,1,P01_G001_E52_A000,P01_G001,P01,M002,1171.6403334902727,1230.0988487350032,58.458515244730506,
E52_f2fabdd802684ffd17ed2273,2.0614701503696438,16.925225818485302,2.0614701503696438,275.2104023505881,304.60508466259984,374.0527108291059,0.15085104647056902,0.009166666666666667,0.017862324102556545,0.17788003723979223,2.3821199627602083,0.944412488362565,352.73618774414064,0.0,0.0,352.73618774414064,480.4361877441406,2805.395331218294,291.6474609375,30.0,485.2104023505881,0.0,1,P01_G001_E52_A000,P01_G001,P01,M002,1171.6403334902727,1230.0988487350032,58.458515244730506,
E52_fd527d975e1813662620f82c,5.024511558767003,12.45056667278017,5.024511558767003,418.2192341110554,452.9085204066283,628.3027504486734,0.23771876612520712,0.009166666666666667,0.017862324102556545,0.2647477568944303,2.29525224310557,0.9172663259704905,416.271435546875,0.0,0.0,416.271435546875,543.971435546875,4712.2706283650505,306.8754577636719,30.0,628.2192341110554,0.0,1,P01_G001_E52_A000,P01_G001,P01,M002,1171.6403334902727,1230.0988487350032,58.458515244730506,
E52_82c821a5773d0bfbe554f10a,5.605828041072968,11.397135806608844,5.605828041072968,512.9354114719376,566.0737563002253,707.0407539741487,0.2825549862639304,0.009166666666666667,0.017862324102556545,0.3095839770331536,2.250416022966847,0.9032550071771395,637.6601379394531,0.0,0.0,637.6601379394531,765.3601379394531,5302.805654806116,465.3601379394531,30.0,722.9354114719376,0.0,1,P01_G001_E52_A000,P01_G001,P01,M002,1171.6403334902727,1230.0988487350032,58.458515244730506,
E52_c10a50247c57c0340b451298,23.058866510073486,3.1495087650690863,3.1495087650690863,410.4813485396202,450.8988478275434,578.4577013517014,0.22790762835174688,0.009166666666666667,0.12096737181015317,0.3580416668285667,2.201958333171434,0.8881119791160729,485.00999145507814,0.0,0.0,485.00999145507814,612.7099914550781,4338.432760137761,515.4917602539062,30.0,620.4813485396203,0.0,1,P01_G002_E52_A000,P01_G002,P01,M002,1248.1641088511385,1644.057325684367,395.8932168332285,
E52_01234cac2d25748209cb57e8,0.2621535466244609,5.963634638729843,0.2621535466244609,275.78386787661753,295.55487261701467,419.772700963196,0.15719547582798327,0.009166666666666667,0.12096737181015317,0.2873295143048031,2.2726704856951976,0.9102095267797491,248.53977661132814,11.2877197265625,11.2877197265625,248.53977661132814,376.2397766113281,3148.2952572239697,326.2397766113281,30.0,485.78386787661753,0.0,1,P01_G002_E52_A000,P01_G002,P01,M002,1248.1641088511385,1644.057325684367,395.8932168332285,
E52_06eb0baa948af7ff52881bcf,11.34921240453653,16.258674653736037,11.34921240453653,296.7597053393259,328.36499963050426,403.88764493158146,0.16274021246714285,0.009166666666666667,0.12096737181015317,0.2928742509439627,2.2671257490560377,0.9084767965800117,379.26353149414064,0.0,0.0,379.26353149414064,506.9635314941406,3029.157336986861,306.9635314941406,30.0,506.7597053393259,0.0,1,P01_G002_E52_A000,P01_G002,P01,M002,1248.1641088511385,1644.057325684367,395.8932168332285,
E52_0c9d91fc306062a18ada9948,10.190425106668542,15.697900697510477,10.190425106668542,331.42241999480143,370.2725110389095,429.7442937249544,0.1787296459836012,0.009166666666666667,0.12096737181015317,0.308863684460421,2.2511363155395796,0.9034800986061184,466.2010925292969,0.0,0.0,466.2010925292969,593.9010925292969,3223.082202937158,326.7436828613281,30.0,541.4224199948014,0.0,1,P01_G002_E52_A000,P01_G002,P01,M002,1248.1641088511385,1644.057325684367,395.8932168332285,
E52_189eb019491ad876aa165071,14.62560917721207,3.8094716871601975,3.8094716871601975,403.09916814168594,448.35288467407526,534.676037089036,0.21908171065325852,0.009166666666666667,0.12096737181015317,0.34921574913007836,2.210784250869922,0.8908700783968505,543.0445983886718,0.0,0.0,543.0445983886718,670.7445983886719,4010.07027816777,391.87322998046875,30.0,613.0991681416859,0.0,1,P01_G002_E52_A000,P01_G002,P01,M002,1248.1641088511385,1644.057325684367,395.8932168332285,
E52_1eac4bbcd37cec5d48241661,0.22059627934990544,6.04580255430777,0.22059627934990544,275.66392246828667,298.30930922772677,415.4555243799327,0.1568759382441215,0.009166666666666667,0.12096737181015317,0.2870099767209413,2.272990023279059,0.9103093822747058,271.74464111328126,0.0,0.0,271.74464111328126,399.44464111328125,3115.9164328494953,326.2397766113281,30.0,485.66392246828667,0.0,1,P01_G002_E52_A000,P01_G002,P01,M002,1248.1641088511385,1644.057325684367,395.8932168332285,
E52_214ce9a3b3bd3fa9c582335a,9.466834534918547,15.138353346483314,9.466834534918547,331.46735474952504,365.31699057309277,459.8368945576438,0.1830074384559416,0.009166666666666667,0.12096737181015317,0.31314147693276145,2.246858523067239,0.9021432884585121,406.1956298828125,0.0,0.0,406.1956298828125,533.8956298828125,3448.7767091823284,283.8956298828125,30.0,541.467354749525,0.0,1,P01_G002_E52_A000,P01_G002,P01,M002,1248.1641088511385,1644.057325684367,395.8932168332285,
E52_231555d7070bcf1a0911e332,10.270015299215657,5.981962334569488,5.981962334569488,303.4113952968874,335.0249979987103,417.14117438283733,0.1669828432889251,0.009166666666666667,0.12096737181015317,0.2971168817657449,2.2628831182342557,0.9071509744482047,379.363232421875,0.0,0.0,379.363232421875,507.063232421875,3128.55880787128,326.2397766113281,30.0,513.4113952968873,0.0,1,P01_G002_E52_A000,P01_G002,P01,M002,1248.1641088511385,1644.057325684367,395.8932168332285,
E52_246111a1ef063bec9e89ec9e,22.382533686916403,13.03223549741864,13.03223549741864,413.11352328410356,453.07003166626504,586.4879962752384,0.22998101771643822,0.009166666666666667,0.12096737181015317,0.36011505619325807,2.1998849438067425,0.8874640449396068,479.4781005859375,0.0,0.0,479.4781005859375,607.1781005859375,4398.659972064288,469.28277587890625,30.0,623.1135232841036,0.0,1,P01_G002_E52_A000,P01_G002,P01,M002,1248.1641088511385,1644.057325684367,395.8932168332285,
E52_27bf01e9e990859ae5993708,10.242823238504869,15.932490639468014,10.242823238504869,318.6138217216496,355.0514931287134,418.60161500091635,0.17259630304263499,0.009166666666666667,0.12096737181015317,0.3027303415194548,2.2572696584805456,0.9053967682751703,437.25205688476564,0.0,0.0,437.25205688476564,564.9520568847656,3139.5121125068727,326.2397766113281,30.0,528.6138217216496,0.0,1,P01_G002_E52_A000,P01_G002,P01,M002,1248.1641088511385,1644.057325684367,395.8932168332285,
E52_27fdcb9bc2da20af468e67a1,9.646877129001766,15.630401191469062,9.646877129001766,333.5201066466774,372.5049327982074,433.1312563841751,0.1799553449394086,0.009166666666666667,0.12096737181015317,0.31008938341622844,2.249910616583772,0.9030970676824286,467.8179138183594,0.0,0.0,467.8179138183594,595.5179138183594,3248.4844228813135,322.1230773925781,30.0,543.5201066466774,0.0,1,P01_G002_E52_A000,P01_G002,P01,M002,1248.1641088511385,1644.057325684367,395.8932168332285,
E52_347c51b45a583dd4c5a4aad0,9.603075864140123,10.359339260709504,9.603075864140123,545.8106765870443,594.6474365357748,798.6007934817058,0.3072138543106079,0.009166666666666667,0.12096737181015317,0.4373478927874277,2.1226521072125726,0.8633287835039288,586.0411193847656,0.0,0.0,586.0411193847656,713.7411193847656,5989.505951112793,425.30462646484375,30.0,755.8106765870443,0.0,1,P01_G002_E52_A000,P01_G002,P01,M002,1248.1641088511385,1644.057325684367,395.8932168332285,
E52_437c6a333219b14c3939f26c,0.2912154599490009,6.0194831627628105,0.2912154599490009,277.09771274073506,296.211315442558,417.14117438283733,0.1570562493971614,0.009166666666666667,0.12096737181015317,0.2871902878739812,2.272809712126019,0.9102530350393809,248.53977661132814,19.176544189453125,19.176544189453125,248.53977661132814,376.2397766113281,3128.55880787128,326.2397766113281,30.0,487.09771274073506,0.0,1,P01_G002_E52_A000,P01_G002,P01,M002,1248.1641088511385,1644.057325684367,395.8932168332285,
E52_47db2d0d55c92154c779a4c9,11.176286595238821,16.45726286038159,11.176286595238821,312.62709924858126,351.3219092257948,393.08533863388124,0.16685347284684848,0.009166666666666667,0.12096737181015317,0.2969875113236683,2.263012488676332,0.9071914027113537,464.3377197265625,0.0,0.0,464.3377197265625,592.0377197265625,2948.1400397541092,295.61395263671875,30.0,522.6270992485813,0.0,1,P01_G002_E52_A000,P01_G002,P01,M002,1248.1641088511385,1644.057325684367,395.8932168332285,
E52_60b0dc656c777ee2cc2279b1,8.97438073598903,0.21315146591224732,0.21315146591224732,563.4362729251038,615.9641949832094,811.705013501575,0.3153381258454166,0.009166666666666667,0.12096737181015317,0.4454721643222364,2.114527835677764,0.8607899486493011,630.3350646972656,0.0,0.0,630.3350646972656,758.0350646972656,6087.787601261813,495.9024353027344,30.0,773.4362729251038,0.0,1,P01_G002_E52_A000,P01_G002,P01,M002,1248.1641088511385,1644.057325684367,395.8932168332285,
E52_6aa461eda22a4c53e6730e81,0.26027333458110036,6.478254834226846,0.26027333458110036,265.8104536255181,288.3542041341444,395.1560268799425,0.15046620221455187,0.009166666666666667,0.12096737181015317,0.2806002406913717,2.279399759308629,0.9123124247839464,271.555615234375,1.030609130859375,1.030609130859375,271.555615234375,399.255615234375,2963.670201599569,349.255615234375,30.0,475.8104536255181,0.0,1,P01_G002_E52_A000,P01_G002,P01,M002,1248.1641088511385,1644.057325684367,395.8932168332285,
E52_6dc095df8eb6475486134b5c,21.227726913530475,12.905188948092743,12.905188948092743,424.06014837873875,466.2734748964797,594.8403376510322,0.23505698741925235,0.009166666666666667,0.12096737181015317,0.36519102589607216,2.1948089741039283,0.8858778044074774,506.55991821289064,0.0,0.0,506.55991821289064,634.2599182128906,4461.302532382741,440.2059631347656,30.0,634.0601483787387,0.0,1,P01_G002_E52_A000,P01_G002,P01,M002,1248.1641088511385,1644.057325684367,395.8932168332285,
E52_73baea82bbbffa2db9d7426a,10.241631917232525,5.711384152670419,5.711384152670419,297.3854850658978,324.64222792478455,431.2305129784753,0.16683515196021612,0.009166666666666667,0.12096737181015317,0.29696919043703596,2.2630308095629648,0.9071971279884262,327.08091430664064,0.0,0.0,327.08091430664064,454.7809143066406,3234.2288473385647,335.390380859375,30.0,507.3854850658978,0.0,1,P01_G002_E52_A000,P01_G002,P01,M002,1248.1641088511385,1644.057325684367,395.8932168332285,
E52_74b3fb0a4920873efc33101b,1.2602427488312316,6.525083879148042,1.2602427488312316,262.62709924858126,284.6552425591281,393.08533863388124,0.14907135286228057,0.009166666666666667,0.12096737181015317,0.2792053913391004,2.2807946086609,0.9127483152065311,264.3377197265625,0.0,0.0,264.3377197265625,392.0377197265625,2948.1400397541092,295.61395263671875,30.0,472.62709924858126,0.0,1,P01_G002_E52_A000,P01_G002,P01,M002,1248.1641088511385,1644.057325684367,395.8932168332285,
E52_8ca7795ffa642a3b129c0a3d,10.116181077439208,15.730152054416479,10.116181077439208,330.94608252023,369.9122522589995,428.0951466078428,0.17832668261553564,0.009166666666666667,0.12096737181015317,0.30846072109235545,2.251539278907645,0.9036060246586389,467.5940368652344,0.0,0.0,467.5940368652344,595.2940368652344,3210.713599558821,335.390380859375,30.0,540.94608252023,0.0,1,P01_G002_E52_A000,P01_G002,P01,M002,1248.1641088511385,1644.057325684367,395.8932168332285,
E52_9026ce0d2a5dd9a75ef73c8e,0.8347066239849568,6.720084116703532,0.8347066239849568,248.61637070099954,267.37077642202814,384.70630707582717,0.14290187810434732,0.009166666666666667,0.12096737181015317,0.27303591658116716,2.2869640834188334,0.9146762760683853,225.05286865234376,0.0,0.0,225.05286865234376,352.75286865234375,2885.297303068704,302.75286865234375,30.0,458.61637070099954,0.0,1,P01_G002_E52_A000,P01_G002,P01,M002,1248.1641088511385,1644.057325684367,395.8932168332285,
E52_9b18c2085562c5280ea1e394,8.629705350798275,0.02697066595830222,0.02697066595830222,563.4972144032131,613.0086493397365,829.9258191872856,0.3179402888393461,0.009166666666666667,0.12096737181015317,0.4480743273161659,2.1119256726838347,0.8599767727136982,594.1372192382812,0.0,0.0,594.1372192382812,721.8372192382812,6224.443643904642,487.8569030761719,30.0,773.4972144032131,0.0,1,P01_G002_E52_A000,P01_G002,P01,M002,1248.1641088511385,1644.057325684367,395.8932168332285,
E52_a1af1f4ab7d520e82e20be53,9.000688973798546,0.45430012492889205,0.45430012492889205,547.7224457312177,598.7128286250978,789.5025940991541,0.30660524396013417,0.009166666666666667,0.12096737181015317,0.436739282436954,2.1232607175630465,0.8635189742384519,611.8845947265625,0.0,0.0,611.8845947265625,739.5845947265625,5921.269455743655,492.6366271972656,30.0,757.7224457312177,0.0,1,P01_G002_E52_A000,P01_G002,P01,M002,1248.1641088511385,1644.057325684367,395.8932168332285,
E52_afb1e3673ff3adbe9c45b8fc,0.7145340377042402,6.956106286850726,0.7145340377042402,250.21040235058808,271.27175132926646,374.0527108291059,0.1419599864782851,0.009166666666666667,0.12096737181015317,0.27209402495510493,2.287905975044896,0.9149706172015297,252.73618774414064,0.0,0.0,252.73618774414064,380.4361877441406,2805.395331218294,291.6474609375,30.0,460.2104023505881,0.0,1,P01_G002_E52_A000,P01_G002,P01,M002,1248.1641088511385,1644.057325684367,395.8932168332285,
E52_b60e4d2a4cdcd5801a5d757f,9.6910339592972,16.480566458341656,9.6910339592972,308.26023760270465,345.626388522301,392.32356968783114,0.16519254750221457,0.009166666666666667,0.12096737181015317,0.2953265859790344,2.264673414020966,0.9077104418815518,448.39381103515626,0.0,0.0,448.39381103515626,576.0938110351562,2942.4267726587336,326.2397766113281,30.0,518.2602376027046,0.0,1,P01_G002_E52_A000,P01_G002,P01,M002,1248.1641088511385,1644.057325684367,395.8932168332285,
E52_b8aeee13ee5f313ffdb298e7,9.338309835329824,0.32052137756616617,0.32052137756616617,550.9628084392909,600.9445446860357,802.0351993981131,0.309532562555218,0.009166666666666667,0.12096737181015317,0.4396666010320378,2.1203333989679627,0.8626041871774882,599.7808349609375,0.0,0.0,599.7808349609375,727.4808349609375,6015.263995485849,485.42230224609375,30.0,760.9628084392909,0.0,1,P01_G002_E52_A000,P01_G002,P01,M002,1248.1641088511385,1644.057325684367,395.8932168332285,
E52_c0294c7ff44d44fc4ede8d97,9.63131941890856,16.7256600789149,9.63131941890856,316.70783025924425,358.9570632507807,379.92026256926977,0.16644027302831577,0.009166666666666667,0.12096737181015317,0.2965743115051356,2.263425688494865,0.9073205276546451,506.9907958984375,0.0,0.0,506.9907958984375,634.6907958984375,2849.4019692695233,334.6907958984375,30.0,526.7078302592442,0.0,1,P01_G002_E52_A000,P01_G002,P01,M002,1248.1641088511385,1644.057325684367,395.8932168332285,
E52_c117f06f984d58b2275e6c48,9.621959789289988,0.365836005255062,0.365836005255062,533.3106765870443,577.980769869108,798.6007934817058,0.30276832431446593,0.009166666666666667,0.12096737181015317,0.43290236279128574,2.1270976372087147,0.8647180116277232,536.0411193847656,0.0,0.0,536.0411193847656,663.7411193847656,5989.505951112793,425.30462646484375,30.0,743.3106765870443,0.0,1,P01_G002_E52_A000,P01_G002,P01,M002,1248.1641088511385,1644.057325684367,395.8932168332285,
E52_d22cbe82615c6d2ee0ebf49f,10.18232641347295,15.758568264926964,10.18232641347295,318.17309843891866,352.9726015110215,427.5491784452201,0.1737067461230003,0.009166666666666667,0.12096737181015317,0.3038407845998201,2.2561592154001806,0.9050497548125562,417.5940368652344,0.0,0.0,417.5940368652344,545.2940368652344,3206.618838339151,335.390380859375,30.0,528.1730984389187,0.0,1,P01_G002_E52_A000,P01_G002,P01,M002,1248.1641088511385,1644.057325684367,395.8932168332285,
E52_dbec4f1422e98765afb262aa,10.873853311460351,16.38523852602286,10.873853311460351,322.5402116809159,364.1002534899979,395.72017250733956,0.1707521496628321,0.009166666666666667,0.12096737181015317,0.3008861881396519,2.2591138118603484,0.9059730662063588,498.7205017089844,0.0,0.0,498.7205017089844,626.4205017089844,2967.901293805047,326.4205017089844,30.0,532.540211680916,0.0,1,P01_G002_E52_A000,P01_G002,P01,M002,1248.1641088511385,1644.057325684367,395.8932168332285,
E52_dd12fb0cc4aee52816704b73,9.529275139632546,0.5498680641518376,0.5498680641518376,547.6210002825783,600.0718247658139,780.5370536657424,0.3052994367315811,0.009166666666666667,0.12096737181015317,0.4354334752084009,2.1245665247915997,0.8639270389973748,629.4098937988281,0.0,0.0,629.4098937988281,757.1098937988281,5854.027902493068,543.108642578125,30.0,757.6210002825783,0.0,1,P01_G002_E52_A000,P01_G002,P01,M002,1248.1641088511385,1644.057325684367,395.8932168332285,
E52_de2c36302e014a6d0284c896,10.188846349369086,15.994052628622484,10.188846349369086,325.41177480357015,364.7238282296769,414.95122905049965,0.1744969638873427,0.009166666666666667,0.12096737181015317,0.3046310023641625,2.2553689976358378,0.9048028117611993,471.74464111328126,0.0,0.0,471.74464111328126,599.4446411132812,3112.134217878747,325.15069580078125,30.0,535.4117748035701,0.0,1,P01_G002_E52_A000,P01_G002,P01,M002,1248.1641088511385,1644.057325684367,395.8932168332285,
E52_e0325aad0b87e7c07e10fc2c,0.28998504425152305,5.987785159048158,0.28998504425152305,275.1983248954777,294.96932963587483,418.60161500091635,0.15682137892336617,0.009166666666666667,0.12096737181015317,0.286955417400186,2.2730445825998147,0.9103264320624419,248.53977661132814,11.2877197265625,11.2877197265625,248.53977661132814,376.2397766113281,3139.5121125068727,326.2397766113281,30.0,485.1983248954777,0.0,1,P01_G002_E52_A000,P01_G002,P01,M002,1248.1641088511385,1644.057325684367,395.8932168332285,
E52_e0cd6bab1a22c4530d9a254c,0.964034857567114,6.471069764274475,0.964034857567114,260.0402116809159,280.7669201566646,395.72017250733956,0.14852449968212222,0.009166666666666667,0.12096737181015317,0.27865853815894204,2.2813414618410586,0.9129192068253307,248.7205017089844,0.0,0.0,248.7205017089844,376.4205017089844,2967.901293805047,326.4205017089844,30.0,470.0402116809159,0.0,1,P01_G002_E52_A000,P01_G002,P01,M002,1248.1641088511385,1644.057325684367,395.8932168332285,
E52_ea76d341ab82f2ebc1fa1efe,0.2590687234203841,6.056283714240493,0.2590687234203841,275.41177480357015,298.05716156301025,414.95122905049965,0.15671484390277482,0.009166666666666667,0.12096737181015317,0.28684888237959466,2.273151117620406,0.9103597242563767,271.74464111328126,0.0,0.0,271.74464111328126,399.44464111328125,3112.134217878747,325.15069580078125,30.0,485.41177480357015,0.0,1,P01_G002_E52_A000,P01_G002,P01,M002,1248.1641088511385,1644.057325684367,395.8932168332285,
E52_f2fabdd802684ffd17ed2273,0.6936377613534717,16.925225818485302,0.6936377613534717,275.2104023505881,304.60508466259984,374.0527108291059,0.15085104647056902,0.009166666666666667,0.12096737181015317,0.28098508494738883,2.2790149150526116,0.912192160953941,352.73618774414064,0.0,0.0,352.73618774414064,480.4361877441406,2805.395331218294,291.6474609375,30.0,485.2104023505881,0.0,1,P01_G002_E52_A000,P01_G002,P01,M002,1248.1641088511385,1644.057325684367,395.8932168332285,
E52_82c821a5773d0bfbe554f10a,7.045339812679956,11.397135806608844,7.045339812679956,512.9354114719376,566.0737563002253,707.0407539741487,0.2825549862639304,0.009166666666666667,0.12096737181015317,0.4126890247407502,2.1473109752592503,0.8710346797685156,637.6601379394531,0.0,0.0,637.6601379394531,765.3601379394531,5302.805654806116,465.3601379394531,30.0,722.9354114719376,0.0,1,P01_G002_E52_A000,P01_G002,P01,M002,1248.1641088511385,1644.057325684367,395.8932168332285,
E52_7ccd1e182a1b2540fd645bfb,17.826951235448703,2.4191590009326376,2.4191590009326376,429.0509151666868,465.88596358791074,630.2977572539465,0.24168092785315382,0.009166666666666667,0.18801215793263942,0.4388597524524599,2.1211402475475407,0.8628563273586063,447.8438232421875,5.8232421875,5.8232421875,447.8438232421875,575.5438232421875,4727.2331794045995,525.5438232421875,30.0,639.0509151666868,0.0,1,P01_G003_E52_A000,P01_G003,P01,M003,807.2439655639018,1422.556482434358,615.3125168704562,
E52_928897c58ab324fea0c4e2a6,3.6249780683375405,1.5883194156787255,1.5883194156787255,531.9728362225934,555.928866496031,695.4103981938848,0.2819677951972939,0.009166666666666667,0.18801215793263942,0.4791466197966,2.0808533802034006,0.8502666813135625,480.1572998046875,192.6849365234375,192.6849365234375,480.1572998046875,607.8572998046875,5215.577986454136,557.8572998046875,30.0,741.9728362225934,0.0,1,P01_G003_E52_A000,P01_G003,P01,M003,807.2439655639018,1422.556482434358,615.3125168704562,
E52_beb70ec57fd2d66bf65b827f,17.59580163581107,2.43785423226241,2.43785423226241,429.6587378248194,468.09544538504076,628.6972302883107,0.2418430061920666,0.009166666666666667,0.18801215793263942,0.4390218307913727,2.1209781692086276,0.862805677877696,461.24049072265626,0.0,0.0,461.24049072265626,588.9404907226562,4715.22922716233,538.9404907226562,30.0,639.6587378248194,0.0,1,P01_G003_E52_A000,P01_G003,P01,M003,807.2439655639018,1422.556482434358,615.3125168704562,
E52_96da4f081c74d8211b4b244f,6.937264214523168,12.47027426673894,6.937264214523168,406.4445801679392,437.368205859671,627.3474061854878,0.23339590098708082,0.009166666666666667,0.22481239784309692,0.46737496549684443,2.092625034503156,0.8539453232822362,371.08350830078126,0.0,0.0,371.08350830078126,498.78350830078125,4705.105546391158,251.37640380859375,30.0,616.4445801679392,0.0,1,P01_G004_E52_A000,P01_G004,P01,M004,684.9294036153034,1420.6790692836205,735.7496656683171,
E52_1ef47ef68c1879e18ddbb164,3.398043037439095,9.684707827919368,3.398043037439095,525.9457118932837,556.9823492630754,865.6715995678175,0.30964781577290457,0.009166666666666667,0.22481239784309692,0.5436268802826681,2.0163731197173322,0.8301165999116662,372.4396484375,0.0,0.0,372.4396484375,500.1396484375,6492.536996758631,304.7821350097656,30.0,735.9457118932837,51.01630827798033,0,P01_G004_E52_A000,P01_G004,P01,M004,684.9294036153034,1420.6790692836205,735.7496656683171,
E52_214ce9a3b3bd3fa9c582335a,0.14955749359387482,15.138353346483314,0.14955749359387482,331.46735474952504,365.31699057309277,459.8368945576438,0.1830074384559416,0.009166666666666667,0.22481239784309692,0.41698650296570516,2.1430134970342953,0.8696917178232171,406.1956298828125,0.0,0.0,406.1956298828125,533.8956298828125,3448.7767091823284,283.8956298828125,30.0,541.467354749525,0.0,1,P01_G004_E52_A000,P01_G004,P01,M004,684.9294036153034,1420.6790692836205,735.7496656683171,
E52_4513f74e4ba51c209cccc792,5.472652846579109,9.790974506635663,5.472652846579109,548.6050089915749,589.1156759023821,854.1460165183059,0.3160741321008959,0.009166666666666667,0.22481239784309692,0.5500531966106594,2.009946803389341,0.828108376059169,486.1280029296875,0.0,0.0,486.1280029296875,613.8280029296875,6406.095123887295,391.8226318359375,30.0,758.6050089915749,73.6756053762715,0,P01_G004_E52_A000,P01_G004,P01,M004,684.9294036153034,1420.6790692836205,735.7496656683171,
E52_be69bdf55826f2eb34075d09,1.990666271520169,12.029424972929434,1.990666271520169,457.6877788138426,500.48965717077624,658.5642874860837,0.25604119113741575,0.009166666666666667,0.22481239784309692,0.4900202556471793,2.069979744352821,0.8468686701102565,513.6225402832031,0.0,0.0,513.6225402832031,641.3225402832031,4939.232156145627,341.3225402832031,30.0,667.6877788138427,0.0,1,P01_G004_E52_A000,P01_G004,P01,M004,684.9294036153034,1420.6790692836205,735.7496656683171,
E52_bfffb2993ede6e2e2bd9340b,5.25975548786549,13.053008949478723,5.25975548786549,400.85355156655817,436.85476820067277,585.6998033284289,0.22550922551216515,0.009166666666666667,0.22481239784309692,0.4594882900219287,2.100511709978072,0.8564099093681473,432.014599609375,0.0,0.0,432.014599609375,559.714599609375,4392.748524963216,275.29461669921875,30.0,610.8535515665582,0.0,1,P01_G004_E52_A000,P01_G004,P01,M004,684.9294036153034,1420.6790692836205,735.7496656683171,
E52_fd527d975e1813662620f82c,1.8183366490410862,12.45056667278017,1.8183366490410862,418.2192341110554,452.9085204066283,628.3027504486734,0.23771876612520712,0.009166666666666667,0.22481239784309692,0.4716978306349707,2.0883021693650297,0.8525944279265717,416.271435546875,0.0,0.0,416.271435546875,543.971435546875,4712.2706283650505,306.8754577636719,30.0,628.2192341110554,0.0,1,P01_G004_E52_A000,P01_G004,P01,M004,684.9294036153034,1420.6790692836205,735.7496656683171,
E52_ef8fa59407d07a2296b5f591,9.300215708774587,0.3151276047193221,0.3151276047193221,505.85939793409244,540.3898465933535,804.5361039126185,0.29384606362066074,0.009166666666666667,0.22481239784309692,0.5278251281304243,2.032174871869576,0.8350546474592424,414.3653839111328,0.0,0.0,414.3653839111328,542.0653839111328,6034.020779344639,284.8677062988281,30.0,715.8593979340924,30.929994318789,0,P01_G004_E52_A000,P01_G004,P01,M004,684.9294036153034,1420.6790692836205,735.7496656683171,
E52_82c821a5773d0bfbe554f10a,0.6230836731091074,11.397135806608844,0.6230836731091074,512.9354114719376,566.0737563002253,707.0407539741487,0.2825549862639304,0.009166666666666667,0.22481239784309692,0.516534050773694,2.0434659492263068,0.8385831091332206,637.6601379394531,0.0,0.0,637.6601379394531,765.3601379394531,5302.805654806116,465.3601379394531,30.0,722.9354114719376,38.006007856634255,0,P01_G004_E52_A000,P01_G004,P01,M004,684.9294036153034,1420.6790692836205,735.7496656683171,
E52_beb70ec57fd2d66bf65b827f,13.06551082853818,2.43785423226241,2.43785423226241,429.6587378248194,468.09544538504076,628.6972302883107,0.2418430061920666,0.009166666666666667,0.1253882562361057,0.37639792909483893,2.1836020709051613,0.8823756471578629,461.24049072265626,0.0,0.0,461.24049072265626,588.9404907226562,4715.22922716233,538.9404907226562,30.0,639.6587378248194,0.0,1,P01_G005_E52_A000,P01_G005,P01,M006,792.6092964510069,1202.9708623146255,410.3615658636186,
E52_4d215302190bc5bfb29bf912,7.6104963551872515,16.37371485667674,7.6104963551872515,307.50969179304633,343.7570581260541,397.53518558804575,0.1656637075427803,0.009166666666666667,0.1253882562361057,0.30021863044555264,2.2597813695544477,0.9061816779857648,434.96839599609376,0.0,0.0,434.96839599609376,562.6683959960938,2981.5138919103433,336.56707763671875,30.0,517.5096917930464,0.0,1,P01_G005_E52_A000,P01_G005,P01,M006,792.6092964510069,1202.9708623146255,410.3615658636186,
E52_7ccd1e182a1b2540fd645bfb,2.2842575791542856,2.4191590009326376,2.2842575791542856,429.0509151666868,465.88596358791074,630.2977572539465,0.24168092785315382,0.009166666666666667,0.1253882562361057,0.37623585075592614,2.1837641492440745,0.882426296638773,447.8438232421875,5.8232421875,5.8232421875,447.8438232421875,575.5438232421875,4727.2331794045995,525.5438232421875,30.0,639.0509151666868,0.0,1,P01_G005_E52_A000,P01_G005,P01,M006,792.6092964510069,1202.9708623146255,410.3615658636186,
E52_928897c58ab324fea0c4e2a6,0.0414178052277947,1.5883194156787255,0.0414178052277947,531.9728362225934,555.928866496031,695.4103981938848,0.2819677951972939,0.009166666666666667,0.1253882562361057,0.41652271810006625,2.1434772818999344,0.8698366505937293,480.1572998046875,192.6849365234375,192.6849365234375,480.1572998046875,607.8572998046875,5215.577986454136,557.8572998046875,30.0,741.9728362225934,0.0,1,P01_G005_E52_A000,P01_G005,P01,M006,792.6092964510069,1202.9708623146255,410.3615658636186,
E52_aaa387ee3ee3170bd804334d,7.017439111244244,18.409477866986336,7.017439111244244,263.5215778829557,299.2286101502083,312.8009621623957,0.13801933350380158,0.009166666666666667,0.1253882562361057,0.27257425640657396,2.2874257435934267,0.9148205448729456,428.48438720703126,0.0,0.0,428.48438720703126,556.1843872070312,2346.0072162179677,386.9435729980469,30.0,473.5215778829557,0.0,1,P01_G005_E52_A000,P01_G005,P01,M006,792.6092964510069,1202.9708623146255,410.3615658636186,
E52_4d215302190bc5bfb29bf912,9.713639065507849,16.37371485667674,9.713639065507849,307.50969179304633,343.7570581260541,397.53518558804575,0.1656637075427803,0.009166666666666667,0.11129234486473262,0.2861227190741796,2.273877280925821,0.9105866502893188,434.96839599609376,0.0,0.0,434.96839599609376,562.6683959960938,2981.5138919103433,336.56707763671875,30.0,517.5096917930464,0.0,1,P01_G006_E52_A000,P01_G006,P01,M007,2470.001633700186,2834.2311259847656,364.22949228457946,E52_EXISTING_SITE
E52_01234cac2d25748209cb57e8,0.18870371956508336,5.963634638729843,0.18870371956508336,275.78386787661753,295.55487261701467,419.772700963196,0.15719547582798327,0.009166666666666667,0.11129234486473262,0.27765448735938253,2.282345512640618,0.913232972700193,248.53977661132814,11.2877197265625,11.2877197265625,248.53977661132814,376.2397766113281,3148.2952572239697,326.2397766113281,30.0,485.78386787661753,0.0,1,P01_G006_E52_A000,P01_G006,P01,M007,2470.001633700186,2834.2311259847656,364.22949228457946,
E52_0c9d91fc306062a18ada9948,0.17344186842686327,15.697900697510477,0.17344186842686327,331.42241999480143,370.2725110389095,429.7442937249544,0.1787296459836012,0.009166666666666667,0.11129234486473262,0.29918865751500046,2.260811342485,0.9065035445265623,466.2010925292969,0.0,0.0,466.2010925292969,593.9010925292969,3223.082202937158,326.7436828613281,30.0,541.4224199948014,0.0,1,P01_G006_E52_A000,P01_G006,P01,M007,2470.001633700186,2834.2311259847656,364.22949228457946,
E52_1eac4bbcd37cec5d48241661,0.2053602742329872,6.04580255430777,0.2053602742329872,275.66392246828667,298.30930922772677,415.4555243799327,0.1568759382441215,0.009166666666666667,0.11129234486473262,0.27733494977552076,2.28266505022448,0.9133328281951498,271.74464111328126,0.0,0.0,271.74464111328126,399.44464111328125,3115.9164328494953,326.2397766113281,30.0,485.66392246828667,0.0,1,P01_G006_E52_A000,P01_G006,P01,M007,2470.001633700186,2834.2311259847656,364.22949228457946,
E52_214ce9a3b3bd3fa9c582335a,0.3126060525719936,15.138353346483314,0.3126060525719936,331.46735474952504,365.31699057309277,459.8368945576438,0.1830074384559416,0.009166666666666667,0.11129234486473262,0.3034664499873409,2.2565335500126595,0.905166734378956,406.1956298828125,0.0,0.0,406.1956298828125,533.8956298828125,3448.7767091823284,283.8956298828125,30.0,541.467354749525,0.0,1,P01_G006_E52_A000,P01_G006,P01,M007,2470.001633700186,2834.2311259847656,364.22949228457946,
E52_231555d7070bcf1a0911e332,0.1788186397614595,5.981962334569488,0.1788186397614595,303.4113952968874,335.0249979987103,417.14117438283733,0.1669828432889251,0.009166666666666667,0.11129234486473262,0.28744185482032436,2.2725581451796764,0.9101744203686486,379.363232421875,0.0,0.0,379.363232421875,507.063232421875,3128.55880787128,326.2397766113281,30.0,513.4113952968873,0.0,1,P01_G006_E52_A000,P01_G006,P01,M007,2470.001633700186,2834.2311259847656,364.22949228457946,
E52_24db349315b2a6b84dd4215d,0.3359780338329159,5.686957833295324,0.3359780338329159,283.5201066466774,305.8382661315407,433.1312563841751,0.1621732249548407,0.009166666666666667,0.11129234486473262,0.28263223648624,2.2773677635137606,0.91167742609805,267.8179138183594,0.0,0.0,267.8179138183594,395.5179138183594,3248.4844228813135,322.1230773925781,30.0,493.5201066466774,0.0,1,P01_G006_E52_A000,P01_G006,P01,M007,2470.001633700186,2834.2311259847656,364.22949228457946,
E52_27bf01e9e990859ae5993708,0.17604921844527155,15.932490639468014,0.17604921844527155,318.6138217216496,355.0514931287134,418.60161500091635,0.17259630304263499,0.009166666666666667,0.11129234486473262,0.2930553145740343,2.2669446854259663,0.9084202141956143,437.25205688476564,0.0,0.0,437.25205688476564,564.9520568847656,3139.5121125068727,326.2397766113281,30.0,528.6138217216496,0.0,1,P01_G006_E52_A000,P01_G006,P01,M007,2470.001633700186,2834.2311259847656,364.22949228457946,
E52_27fdcb9bc2da20af468e67a1,0.32911786947522614,15.630401191469062,0.32911786947522614,333.5201066466774,372.5049327982074,433.1312563841751,0.1799553449394086,0.009166666666666667,0.11129234486473262,0.3004143564708079,2.2595856435291926,0.9061205136028725,467.8179138183594,0.0,0.0,467.8179138183594,595.5179138183594,3248.4844228813135,322.1230773925781,30.0,543.5201066466774,0.0,1,P01_G006_E52_A000,P01_G006,P01,M007,2470.001633700186,2834.2311259847656,364.22949228457946,
E52_2cea01313b8862fcfb6b2e63,4.186278745264218,16.460055432828085,4.186278745264218,259.5957489704318,280.08528245838755,396.2542970131293,0.148442074342722,0.009166666666666667,0.11129234486473262,0.26890108587412126,2.2910989141258793,0.9159684106643371,245.87440185546876,0.0,0.0,245.87440185546876,373.57440185546875,2971.90722759847,231.8917236328125,30.0,469.5957489704318,0.0,1,P01_G006_E52_A000,P01_G006,P01,M007,2470.001633700186,2834.2311259847656,364.22949228457946,
E52_326bd9096774308657b14836,0.3547984048494044,6.820761438549596,0.3547984048494044,254.20783025924425,275.6237299174474,379.92026256926977,0.1442126230476059,0.009166666666666667,0.11129234486473262,0.26467163457900517,2.2953283654209953,0.9172901141940609,256.9907958984375,0.0,0.0,256.9907958984375,384.6907958984375,2849.4019692695233,334.6907958984375,30.0,464.20783025924425,0.0,1,P01_G006_E52_A000,P01_G006,P01,M007,2470.001633700186,2834.2311259847656,364.22949228457946,
E52_437c6a333219b14c3939f26c,0.18141066965117147,6.0194831627628105,0.18141066965117147,277.09771274073506,296.211315442558,417.14117438283733,0.1570562493971614,0.009166666666666667,0.11129234486473262,0.27751526092856066,2.28248473907144,0.9132764809598248,248.53977661132814,19.176544189453125,19.176544189453125,248.53977661132814,376.2397766113281,3128.55880787128,326.2397766113281,30.0,487.09771274073506,0.0,1,P01_G006_E52_A000,P01_G006,P01,M007,2470.001633700186,2834.2311259847656,364.22949228457946,
E52_44ed69e1d99dc074a7941a18,3.7548693303543814,8.900383690419545,3.7548693303543814,188.27556058823757,199.0276355292369,299.7078152072368,0.1090911242968749,0.009166666666666667,0.11129234486473262,0.2295501358282742,2.3304498641717264,0.9282655825536643,139.59420471191407,10.569305419921875,10.569305419921875,139.59420471191407,267.29420471191406,2247.808614054276,217.29420471191406,30.0,398.27556058823757,0.0,1,P01_G006_E52_A000,P01_G006,P01,M007,2470.001633700186,2834.2311259847656,364.22949228457946,
E52_4513f74e4ba51c209cccc792,7.484402579360491,9.790974506635663,7.484402579360491,548.6050089915749,589.1156759023821,854.1460165183059,0.3160741321008959,0.009166666666666667,0.11129234486473262,0.4365331436322952,2.1234668563677053,0.8635833926149078,486.1280029296875,0.0,0.0,486.1280029296875,613.8280029296875,6406.095123887295,391.8226318359375,30.0,758.6050089915749,0.0,1,P01_G006_E52_A000,P01_G006,P01,M007,2470.001633700186,2834.2311259847656,364.22949228457946,
E52_4cf0fac9feb721651efb2830,2.658280742848845,17.82597875173802,2.658280742848845,242.69354898018014,267.32891198677197,337.5749199208095,0.13412057160327687,0.009166666666666667,0.11129234486473262,0.25457958313467616,2.3054204168653243,0.9204438802704137,295.6243560791016,0.0,0.0,295.6243560791016,423.32435607910156,2531.8118994060715,217.31182861328125,30.0,452.69354898018014,0.0,1,P01_G006_E52_A000,P01_G006,P01,M007,2470.001633700186,2834.2311259847656,364.22949228457946,
E52_50c718ca7f326f764494c89d,3.701698237055382,13.080943299176411,3.701698237055382,350.85355156655817,370.1881015340061,585.6998033284289,0.20772710552759727,0.009166666666666667,0.11129234486473262,0.32818611705899653,2.231813882941004,0.8974418384190636,232.014599609375,0.0,0.0,232.014599609375,359.714599609375,4392.748524963216,275.29461669921875,30.0,560.8535515665582,0.0,1,P01_G006_E52_A000,P01_G006,P01,M007,2470.001633700186,2834.2311259847656,364.22949228457946,
E52_515a3b7c8d98426ee13f2b4e,2.643031927550723,17.07508762021844,2.643031927550723,242.68536134104386,262.0561394884234,369.14605379781034,0.13858886614696947,0.009166666666666667,0.11129234486473262,0.25904787767836873,2.3009521223216316,0.9190475382255098,232.4493377685547,0.0,0.0,232.4493377685547,360.1493377685547,2768.5954034835777,210.1493377685547,30.0,452.68536134104386,0.0,1,P01_G006_E52_A000,P01_G006,P01,M007,2470.001633700186,2834.2311259847656,364.22949228457946,
E52_60b76d98beea93305f35c25d,4.21414290078512,16.79058398580294,4.21414290078512,271.8613885249859,299.0873836523459,380.3668062858116,0.15055421784231732,0.009166666666666667,0.11129234486473262,0.2710132293737166,2.288986770626284,0.9153083658207136,326.7119415283203,0.0,0.0,326.7119415283203,454.4119415283203,2852.751047143587,241.2421875,30.0,481.8613885249859,0.0,1,P01_G006_E52_A000,P01_G006,P01,M007,2470.001633700186,2834.2311259847656,364.22949228457946,
E52_68694062ed2e2e792aeb51a9,6.028045227530427,17.695890544520793,6.028045227530427,262.3147609906027,292.8212075746684,341.5908424768108,0.1416674545099547,0.009166666666666667,0.11129234486473262,0.262126466041354,2.2978735339586467,0.9180854793620769,366.0773590087891,0.0,0.0,366.0773590087891,493.77735900878906,2561.931318576081,213.8477783203125,30.0,472.3147609906027,0.0,1,P01_G006_E52_A000,P01_G006,P01,M007,2470.001633700186,2834.2311259847656,364.22949228457946,
E52_6aa461eda22a4c53e6730e81,0.1830529803829961,6.478254834226846,0.1830529803829961,265.8104536255181,288.3542041341444,395.1560268799425,0.15046620221455187,0.009166666666666667,0.11129234486473262,0.27092521374595113,2.2890747862540493,0.9153358707043903,271.555615234375,1.030609130859375,1.030609130859375,271.555615234375,399.255615234375,2963.670201599569,349.255615234375,30.0,475.8104536255181,0.0,1,P01_G006_E52_A000,P01_G006,P01,M007,2470.001633700186,2834.2311259847656,364.22949228457946,
E52_73baea82bbbffa2db9d7426a,0.17827121859157558,5.711384152670419,0.17827121859157558,297.3854850658978,324.64222792478455,431.2305129784753,0.16683515196021612,0.009166666666666667,0.11129234486473262,0.2872941634916154,2.272705836508385,0.9102205739088702,327.08091430664064,0.0,0.0,327.08091430664064,454.7809143066406,3234.2288473385647,335.390380859375,30.0,507.3854850658978,0.0,1,P01_G006_E52_A000,P01_G006,P01,M007,2470.001633700186,2834.2311259847656,364.22949228457946,
E52_7547086a1218012670f76a62,4.7502446372572535,2.277872015791573,2.277872015791573,370.7957901832663,387.27013608984186,642.7455049270795,0.2228984084752749,0.009166666666666667,0.11129234486473262,0.3433574200066742,2.2166425799933265,0.8927008062479144,197.69215087890626,0.0,0.0,197.69215087890626,325.39215087890625,4820.591286953097,275.39215087890625,30.0,580.7957901832663,0.0,1,P01_G006_E52_A000,P01_G006,P01,M007,2470.001633700186,2834.2311259847656,364.22949228457946,
E52_76b4f0bdabd1ccab126282dd,4.239562692964,17.180198899819032,4.239562692964,244.7670432960008,265.6078646257534,364.489158613486,0.13866967590706417,0.009166666666666667,0.11129234486473262,0.25912868743846346,2.300871312561537,0.9190222851754801,250.08985595703126,0.0,0.0,250.08985595703126,377.78985595703125,2733.6686896011447,241.2421875,30.0,454.7670432960008,0.0,1,P01_G006_E52_A000,P01_G006,P01,M007,2470.001633700186,2834.2311259847656,364.22949228457946,
E52_8ca7795ffa642a3b129c0a3d,0.1974179151247455,15.730152054416479,0.1974179151247455,330.94608252023,369.9122522589995,428.0951466078428,0.17832668261553564,0.009166666666666667,0.11129234486473262,0.2987856941469349,2.2612143058530654,0.9066294705790828,467.5940368652344,0.0,0.0,467.5940368652344,595.2940368652344,3210.713599558821,335.390380859375,30.0,540.94608252023,0.0,1,P01_G006_E52_A000,P01_G006,P01,M007,2470.001633700186,2834.2311259847656,364.22949228457946,
E52_96da4f081c74d8211b4b244f,4.916796458313556,12.47027426673894,4.916796458313556,406.4445801679392,437.368205859671,627.3474061854878,0.23339590098708082,0.009166666666666667,0.11129234486473262,0.3538549125184801,2.2061450874815205,0.889420339837975,371.08350830078126,0.0,0.0,371.08350830078126,498.78350830078125,4705.105546391158,251.37640380859375,30.0,616.4445801679392,0.0,1,P01_G006_E52_A000,P01_G006,P01,M007,2470.001633700186,2834.2311259847656,364.22949228457946,
E52_a3836b1674b2d70f748125c1,3.7666674360043686,18.388582284998307,3.7666674360043686,238.77143733771516,265.74771093797557,315.68523307386783,0.1296256139323784,0.009166666666666667,0.11129234486473262,0.2500846254637777,2.3099153745362226,0.9218485545425694,323.715283203125,0.0,0.0,323.715283203125,451.415283203125,2367.639248054009,217.29420471191406,30.0,448.77143733771516,0.0,1,P01_G006_E52_A000,P01_G006,P01,M007,2470.001633700186,2834.2311259847656,364.22949228457946,
E52_a77602565c04dca5831f9b7a,8.04678301857929,15.758600383852013,8.04678301857929,295.3505394617105,322.31471665694164,428.9160157520343,0.16578365241547813,0.009166666666666667,0.11129234486473262,0.2862426639468774,2.273757336053123,0.9105491675166009,323.57012634277345,0.0,0.0,323.57012634277345,451.27012634277344,3216.870118140257,284.58648681640625,30.0,505.3505394617105,0.0,1,P01_G006_E52_A000,P01_G006,P01,M007,2470.001633700186,2834.2311259847656,364.22949228457946,
E52_aaa387ee3ee3170bd804334d,5.317989794894615,18.409477866986336,5.317989794894615,263.5215778829557,299.2286101502083,312.8009621623957,0.13801933350380158,0.009166666666666667,0.11129234486473262,0.25847834503520084,2.3015216549648,0.9192255171764997,428.48438720703126,0.0,0.0,428.48438720703126,556.1843872070312,2346.0072162179677,386.9435729980469,30.0,473.5215778829557,0.0,1,P01_G006_E52_A000,P01_G006,P01,M007,2470.001633700186,2834.2311259847656,364.22949228457946,
E52_b544b4d7beda1d6ed7fbeefb,7.916047012305,16.252686834440453,7.916047012305,293.91354735972715,324.49113296153376,404.3615811086144,0.16179511839250177,0.009166666666666667,0.11129234486473262,0.28225412992390103,2.2777458700760995,0.911795584398781,366.9310272216797,0.0,0.0,366.9310272216797,494.6310272216797,3032.711858314608,277.91845703125,30.0,503.91354735972715,0.0,1,P01_G006_E52_A000,P01_G006,P01,M007,2470.001633700186,2834.2311259847656,364.22949228457946,
E52_b60e4d2a4cdcd5801a5d757f,0.3548119472465885,16.480566458341656,0.3548119472465885,308.26023760270465,345.626388522301,392.32356968783114,0.16519254750221457,0.009166666666666667,0.11129234486473262,0.28565155903361383,2.2743484409663868,0.9107338878019957,448.39381103515626,0.0,0.0,448.39381103515626,576.0938110351562,2942.4267726587336,326.2397766113281,30.0,518.2602376027046,0.0,1,P01_G006_E52_A000,P01_G006,P01,M007,2470.001633700186,2834.2311259847656,364.22949228457946,
E52_b677873645e212a13901ede2,6.261152836904515,9.230718628911887,6.261152836904515,575.9444140089429,616.0268887810784,911.3939793850733,0.3339048259552679,0.009166666666666667,0.11129234486473262,0.45436383748666714,2.1056361625133335,0.8580113007854165,480.989697265625,0.0,0.0,480.989697265625,608.689697265625,6835.45484538805,390.4056396484375,30.0,785.9444140089429,0.0,1,P01_G006_E52_A000,P01_G006,P01,M007,2470.001633700186,2834.2311259847656,364.22949228457946,
E52_b6789310c1ab16898a769b78,3.4561011998927995,2.625622464396969,2.625622464396969,372.38145547243056,389.4038741939475,617.4514627840539,0.21924054354678854,0.009166666666666667,0.11129234486473262,0.33969955507818783,2.2203004449218127,0.8938438890380663,225.84925537109376,21.580230712890625,21.580230712890625,225.84925537109376,353.54925537109375,4630.885970880404,303.54925537109375,30.0,582.3814554724306,0.0,1,P01_G006_E52_A000,P01_G006,P01,M007,2470.001633700186,2834.2311259847656,364.22949228457946,
E52_b7c433bb400c5a28313b13f0,7.90648237169664,16.00220965111248,7.90648237169664,270.63016208552887,291.2047849391259,417.8125870494757,0.1554195344851095,0.009166666666666667,0.11129234486473262,0.2758785460165088,2.2841214539834915,0.9137879543698411,246.89547424316407,0.0,0.0,246.89547424316407,374.59547424316406,3133.594402871068,284.58648681640625,30.0,480.63016208552887,0.0,1,P01_G006_E52_A000,P01_G006,P01,M007,2470.001633700186,2834.2311259847656,364.22949228457946,
E52_be69bdf55826f2eb34075d09,0.129100810593485,12.029424972929434,0.129100810593485,457.6877788138426,500.48965717077624,658.5642874860837,0.25604119113741575,0.009166666666666667,0.11129234486473262,0.376500202668815,2.1834997973311854,0.8823436866659953,513.6225402832031,0.0,0.0,513.6225402832031,641.3225402832031,4939.232156145627,341.3225402832031,30.0,667.6877788138427,0.0,1,P01_G006_E52_A000,P01_G006,P01,M007,2470.001633700186,2834.2311259847656,364.22949228457946,
E52_beb70ec57fd2d66bf65b827f,7.541541972929281,2.43785423226241,2.43785423226241,429.6587378248194,468.09544538504076,628.6972302883107,0.2418430061920666,0.009166666666666667,0.11129234486473262,0.3623020177234659,2.1976979822765346,0.886780619461417,461.24049072265626,0.0,0.0,461.24049072265626,588.9404907226562,4715.22922716233,538.9404907226562,30.0,639.6587378248194,0.0,1,P01_G006_E52_A000,P01_G006,P01,M007,2470.001633700186,2834.2311259847656,364.22949228457946,
E52_bfffb2993ede6e2e2bd9340b,3.690870292320824,13.053008949478723,3.690870292320824,400.85355156655817,436.85476820067277,585.6998033284289,0.22550922551216515,0.009166666666666667,0.11129234486473262,0.34596823704356444,2.214031762956436,0.8918849259238861,432.014599609375,0.0,0.0,432.014599609375,559.714599609375,4392.748524963216,275.29461669921875,30.0,610.8535515665582,0.0,1,P01_G006_E52_A000,P01_G006,P01,M007,2470.001633700186,2834.2311259847656,364.22949228457946,
E52_c0294c7ff44d44fc4ede8d97,0.3453400539276714,16.7256600789149,0.3453400539276714,316.70783025924425,358.9570632507807,379.92026256926977,0.16644027302831577,0.009166666666666667,0.11129234486473262,0.28689928455971503,2.2731007154402856,0.9103439735750891,506.9907958984375,0.0,0.0,506.9907958984375,634.6907958984375,2849.4019692695233,334.6907958984375,30.0,526.7078302592442,0.0,1,P01_G006_E52_A000,P01_G006,P01,M007,2470.001633700186,2834.2311259847656,364.22949228457946,
E52_c76d93c5902d0dc017f7065c,8.086972830243951,16.05706218628906,8.086972830243951,260.86241804033426,278.57034040361555,415.47730190098105,0.1516149798935124,0.009166666666666667,0.11129234486473262,0.2720739914249117,2.2879260085750888,0.9149768776797151,212.495068359375,0.0,0.0,212.495068359375,340.195068359375,3116.079764257358,277.91845703125,30.0,470.86241804033426,0.0,1,P01_G006_E52_A000,P01_G006,P01,M007,2470.001633700186,2834.2311259847656,364.22949228457946,
E52_d22cbe82615c6d2ee0ebf49f,0.18869264552814968,15.758568264926964,0.18869264552814968,318.17309843891866,352.9726015110215,427.5491784452201,0.1737067461230003,0.009166666666666667,0.11129234486473262,0.29416575765439956,2.265834242345601,0.9080732007330001,417.5940368652344,0.0,0.0,417.5940368652344,545.2940368652344,3206.618838339151,335.390380859375,30.0,528.1730984389187,0.0,1,P01_G006_E52_A000,P01_G006,P01,M007,2470.001633700186,2834.2311259847656,364.22949228457946,
E52_dc4c132291b7b9525a26c82f,7.928127524284349,16.290878065555617,7.928127524284349,256.41354735972715,274.49113296153376,404.3615811086144,0.14845852840407586,0.009166666666666667,0.11129234486473262,0.2689175399354751,2.2910824600645254,0.915963268770164,216.9310272216797,0.0,0.0,216.9310272216797,344.6310272216797,3032.711858314608,277.91845703125,30.0,466.41354735972715,0.0,1,P01_G006_E52_A000,P01_G006,P01,M007,2470.001633700186,2834.2311259847656,364.22949228457946,
E52_de2c36302e014a6d0284c896,0.18695850876338227,15.994052628622484,0.18695850876338227,325.41177480357015,364.7238282296769,414.95122905049965,0.1744969638873427,0.009166666666666667,0.11129234486473262,0.29495597541874197,2.2650440245812584,0.9078262576816432,471.74464111328126,0.0,0.0,471.74464111328126,599.4446411132812,3112.134217878747,325.15069580078125,30.0,535.4117748035701,0.0,1,P01_G006_E52_A000,P01_G006,P01,M007,2470.001633700186,2834.2311259847656,364.22949228457946,
E52_e0325aad0b87e7c07e10fc2c,0.181162436691352,5.987785159048158,0.181162436691352,275.1983248954777,294.96932963587483,418.60161500091635,0.15682137892336617,0.009166666666666667,0.11129234486473262,0.27728039045476544,2.282719609545235,0.9133498779828858,248.53977661132814,11.2877197265625,11.2877197265625,248.53977661132814,376.2397766113281,3139.5121125068727,326.2397766113281,30.0,485.1983248954777,0.0,1,P01_G006_E52_A000,P01_G006,P01,M007,2470.001633700186,2834.2311259847656,364.22949228457946,
E52_ea76d341ab82f2ebc1fa1efe,0.19377899526962494,6.056283714240493,0.19377899526962494,275.41177480357015,298.05716156301025,414.95122905049965,0.15671484390277482,0.009166666666666667,0.11129234486473262,0.2771738554341741,2.2828261445658264,0.9133831701768206,271.74464111328126,0.0,0.0,271.74464111328126,399.44464111328125,3112.134217878747,325.15069580078125,30.0,485.41177480357015,0.0,1,P01_G006_E52_A000,P01_G006,P01,M007,2470.001633700186,2834.2311259847656,364.22949228457946,
E52_eab18c460278cfbad2c20da0,6.032231025717834,7.760329046990023,6.032231025717834,212.31476099060268,226.15454090800176,341.5908424768108,0.12388533452538679,0.009166666666666667,0.11129234486473262,0.24434434605678607,2.3156556539432143,0.9236423918572544,166.07735900878907,0.0,0.0,166.07735900878907,293.77735900878906,2561.931318576081,213.8477783203125,30.0,422.3147609906027,0.0,1,P01_G006_E52_A000,P01_G006,P01,M007,2470.001633700186,2834.2311259847656,364.22949228457946,
E52_eddf192c3626d88d236d26e4,6.035486968978105,17.034187922993553,6.035486968978105,241.72684180786888,260.473536754158,370.9735139380034,0.13850678679446915,0.009166666666666667,0.11129234486473262,0.2589657983258684,2.301034201674132,0.9190731880231662,224.96033935546876,0.0,0.0,224.96033935546876,352.66033935546875,2782.3013545350254,199.07135009765625,30.0,451.7268418078689,0.0,1,P01_G006_E52_A000,P01_G006,P01,M007,2470.001633700186,2834.2311259847656,364.22949228457946,
E52_ef8fa59407d07a2296b5f591,5.4892995154213935,0.3151276047193221,0.3151276047193221,505.85939793409244,540.3898465933535,804.5361039126185,0.29384606362066074,0.009166666666666667,0.11129234486473262,0.41430507515206,2.1456949248479407,0.8705296640149812,414.3653839111328,0.0,0.0,414.3653839111328,542.0653839111328,6034.020779344639,284.8677062988281,30.0,715.8593979340924,0.0,1,P01_G006_E52_A000,P01_G006,P01,M007,2470.001633700186,2834.2311259847656,364.22949228457946,
E52_fd527d975e1813662620f82c,0.2515585281702357,12.45056667278017,0.2515585281702357,418.2192341110554,452.9085204066283,628.3027504486734,0.23771876612520712,0.009166666666666667,0.11129234486473262,0.3581777776566064,2.2018222223433943,0.8880694444823105,416.271435546875,0.0,0.0,416.271435546875,543.971435546875,4712.2706283650505,306.8754577636719,30.0,628.2192341110554,0.0,1,P01_G006_E52_A000,P01_G006,P01,M007,2470.001633700186,2834.2311259847656,364.22949228457946,
E52_1ef47ef68c1879e18ddbb164,1.8109249337023954,9.684707827919368,1.8109249337023954,525.9457118932837,556.9823492630754,865.6715995678175,0.30964781577290457,0.009166666666666667,0.2910244650533776,0.6098389474929489,1.9501610525070516,0.8094253289084534,372.4396484375,0.0,0.0,372.4396484375,500.1396484375,6492.536996758631,304.7821350097656,30.0,735.9457118932837,0.0,1,P01_G007_E52_A000,P01_G007,P01,M009,836.8733598094886,1789.3170636205425,952.4437038110539,
E52_ef8fa59407d07a2296b5f591,1.3695242495045648,0.3151276047193221,0.3151276047193221,505.85939793409244,540.3898465933535,804.5361039126185,0.29384606362066074,0.009166666666666667,0.2910244650533776,0.594037195340705,1.9659628046592954,0.8143633764560297,414.3653839111328,0.0,0.0,414.3653839111328,542.0653839111328,6034.020779344639,284.8677062988281,30.0,715.8593979340924,0.0,1,P01_G007_E52_A000,P01_G007,P01,M009,836.8733598094886,1789.3170636205425,952.4437038110539,
E52_82c821a5773d0bfbe554f10a,5.523919136465679,11.397135806608844,5.523919136465679,512.9354114719376,566.0737563002253,707.0407539741487,0.2825549862639304,0.009166666666666667,0.2910244650533776,0.5827461179839746,1.977253882016026,0.817891838130008,637.6601379394531,0.0,0.0,637.6601379394531,765.3601379394531,5302.805654806116,465.3601379394531,30.0,722.9354114719376,0.0,1,P01_G007_E52_A000,P01_G007,P01,M009,836.8733598094886,1789.3170636205425,952.4437038110539,
E52_dd12fb0cc4aee52816704b73,9.266012342456989,0.5498680641518376,0.5498680641518376,547.6210002825783,600.0718247658139,780.5370536657424,0.3052994367315811,0.009166666666666667,0.25679904308923707,0.5712651464874848,1.9887348535125158,0.821479641722661,629.4098937988281,0.0,0.0,629.4098937988281,757.1098937988281,5854.027902493068,543.108642578125,30.0,757.6210002825783,0.0,1,P01_G008_E52_A000,P01_G008,P01,M010,3872.674419072423,4713.107651000835,840.4332319284122,E5_REVALIDATED
E52_189eb019491ad876aa165071,4.910998135102375,3.8094716871601975,3.8094716871601975,403.09916814168594,448.35288467407526,534.676037089036,0.21908171065325852,0.009166666666666667,0.25679904308923707,0.48504742040916227,2.074952579590838,0.8484226811221368,543.0445983886718,0.0,0.0,543.0445983886718,670.7445983886719,4010.07027816777,391.87322998046875,30.0,613.0991681416859,0.0,1,P01_G008_E52_A000,P01_G008,P01,M010,3872.674419072423,4713.107651000835,840.4332319284122,
E52_246111a1ef063bec9e89ec9e,6.759696504692187,13.03223549741864,6.759696504692187,413.11352328410356,453.07003166626504,586.4879962752384,0.22998101771643822,0.009166666666666667,0.25679904308923707,0.4959467274723419,2.0640532725276586,0.8450166476648932,479.4781005859375,0.0,0.0,479.4781005859375,607.1781005859375,4398.659972064288,469.28277587890625,30.0,623.1135232841036,0.0,1,P01_G008_E52_A000,P01_G008,P01,M010,3872.674419072423,4713.107651000835,840.4332319284122,
E52_347c51b45a583dd4c5a4aad0,9.48769958077871,10.359339260709504,9.48769958077871,545.8106765870443,594.6474365357748,798.6007934817058,0.3072138543106079,0.009166666666666667,0.25679904308923707,0.5731795640665116,1.986820435933489,0.8208813862292151,586.0411193847656,0.0,0.0,586.0411193847656,713.7411193847656,5989.505951112793,425.30462646484375,30.0,755.8106765870443,0.0,1,P01_G008_E52_A000,P01_G008,P01,M010,3872.674419072423,4713.107651000835,840.4332319284122,
E52_47db2d0d55c92154c779a4c9,3.0205906267075733,16.45726286038159,3.0205906267075733,312.62709924858126,351.3219092257948,393.08533863388124,0.16685347284684848,0.009166666666666667,0.25679904308923707,0.4328191826027522,2.127180817397248,0.86474400543664,464.3377197265625,0.0,0.0,464.3377197265625,592.0377197265625,2948.1400397541092,295.61395263671875,30.0,522.6270992485813,0.0,1,P01_G008_E52_A000,P01_G008,P01,M010,3872.674419072423,4713.107651000835,840.4332319284122,
E52_60b0dc656c777ee2cc2279b1,8.796793386721532,0.21315146591224732,0.21315146591224732,563.4362729251038,615.9641949832094,811.705013501575,0.3153381258454166,0.009166666666666667,0.25679904308923707,0.5813038356013203,1.9786961643986802,0.8183425513745874,630.3350646972656,0.0,0.0,630.3350646972656,758.0350646972656,6087.787601261813,495.9024353027344,30.0,773.4362729251038,0.0,1,P01_G008_E52_A000,P01_G008,P01,M010,3872.674419072423,4713.107651000835,840.4332319284122,
E52_6dc095df8eb6475486134b5c,6.915729524772303,12.905188948092743,6.915729524772303,424.06014837873875,466.2734748964797,594.8403376510322,0.23505698741925235,0.009166666666666667,0.25679904308923707,0.5010226971751561,2.0589773028248444,0.8434304071327637,506.55991821289064,0.0,0.0,506.55991821289064,634.2599182128906,4461.302532382741,440.2059631347656,30.0,634.0601483787387,0.0,1,P01_G008_E52_A000,P01_G008,P01,M010,3872.674419072423,4713.107651000835,840.4332319284122,
E52_82c821a5773d0bfbe554f10a,3.9055423871373875,11.397135806608844,3.9055423871373875,512.9354114719376,566.0737563002253,707.0407539741487,0.2825549862639304,0.009166666666666667,0.25679904308923707,0.5485206960198341,2.0114793039801664,0.8285872824938019,637.6601379394531,0.0,0.0,637.6601379394531,765.3601379394531,5302.805654806116,465.3601379394531,30.0,722.9354114719376,0.0,1,P01_G008_E52_A000,P01_G008,P01,M010,3872.674419072423,4713.107651000835,840.4332319284122,
E52_9b18c2085562c5280ea1e394,8.506262133031896,0.02697066595830222,0.02697066595830222,563.4972144032131,613.0086493397365,829.9258191872856,0.3179402888393461,0.009166666666666667,0.25679904308923707,0.5839059985952498,1.9760940014047508,0.8175293754389844,594.1372192382812,0.0,0.0,594.1372192382812,721.8372192382812,6224.443643904642,487.8569030761719,30.0,773.4972144032131,0.0,1,P01_G008_E52_A000,P01_G008,P01,M010,3872.674419072423,4713.107651000835,840.4332319284122,
E52_a1af1f4ab7d520e82e20be53,8.721524411760214,0.45430012492889205,0.45430012492889205,547.7224457312177,598.7128286250978,789.5025940991541,0.30660524396013417,0.009166666666666667,0.25679904308923707,0.572570953716038,1.9874290462839626,0.8210715769637381,611.8845947265625,0.0,0.0,611.8845947265625,739.5845947265625,5921.269455743655,492.6366271972656,30.0,757.7224457312177,0.0,1,P01_G008_E52_A000,P01_G008,P01,M010,3872.674419072423,4713.107651000835,840.4332319284122,
E52_b8aeee13ee5f313ffdb298e7,9.166538126916407,0.32052137756616617,0.32052137756616617,550.9628084392909,600.9445446860357,802.0351993981131,0.309532562555218,0.009166666666666667,0.25679904308923707,0.5754982723111217,1.9845017276888788,0.8201567899027744,599.7808349609375,0.0,0.0,599.7808349609375,727.4808349609375,6015.263995485849,485.42230224609375,30.0,760.9628084392909,0.0,1,P01_G008_E52_A000,P01_G008,P01,M010,3872.674419072423,4713.107651000835,840.4332319284122,
E52_be69bdf55826f2eb34075d09,2.1858471240912536,12.029424972929434,2.1858471240912536,457.6877788138426,500.48965717077624,658.5642874860837,0.25604119113741575,0.009166666666666667,0.25679904308923707,0.5220069008933195,2.0379930991066812,0.8368728434708377,513.6225402832031,0.0,0.0,513.6225402832031,641.3225402832031,4939.232156145627,341.3225402832031,30.0,667.6877788138427,0.0,1,P01_G008_E52_A000,P01_G008,P01,M010,3872.674419072423,4713.107651000835,840.4332319284122,
E52_c10a50247c57c0340b451298,6.585315506004903,3.1495087650690863,3.1495087650690863,410.4813485396202,450.8988478275434,578.4577013517014,0.22790762835174688,0.009166666666666667,0.25679904308923707,0.4938733381076506,2.06612666189235,0.8456645818413592,485.00999145507814,0.0,0.0,485.00999145507814,612.7099914550781,4338.432760137761,515.4917602539062,30.0,620.4813485396203,0.0,1,P01_G008_E52_A000,P01_G008,P01,M010,3872.674419072423,4713.107651000835,840.4332319284122,
E52_c117f06f984d58b2275e6c48,9.501200509022283,0.365836005255062,0.365836005255062,533.3106765870443,577.980769869108,798.6007934817058,0.30276832431446593,0.009166666666666667,0.25679904308923707,0.5687340340703697,1.9912659659296308,0.8222706143530094,536.0411193847656,0.0,0.0,536.0411193847656,663.7411193847656,5989.505951112793,425.30462646484375,30.0,743.3106765870443,0.0,1,P01_G008_E52_A000,P01_G008,P01,M010,3872.674419072423,4713.107651000835,840.4332319284122,
E52_b677873645e212a13901ede2,1.2512697614083237,9.230718628911887,1.2512697614083237,575.9444140089429,616.0268887810784,911.3939793850733,0.3339048259552679,0.009166666666666667,0.19104407583799451,0.534115568459929,2.0258844315400717,0.8330888848562722,480.989697265625,0.0,0.0,480.989697265625,608.689697265625,6835.45484538805,390.4056396484375,30.0,785.9444140089429,0.0,1,P01_G009_E52_A000,P01_G009,P01,M011,4024.207411890528,4649.44256917851,625.235157287982,E52_EXISTING_SITE
E52_b8aeee13ee5f313ffdb298e7,8.471019933434604,0.32052137756616617,0.32052137756616617,550.9628084392909,600.9445446860357,802.0351993981131,0.309532562555218,0.009166666666666667,0.17948840681254322,0.49818763603442784,2.0618123639655725,0.8443163637392413,599.7808349609375,0.0,0.0,599.7808349609375,727.4808349609375,6015.263995485849,485.42230224609375,30.0,760.9628084392909,0.0,1,P01_G010_E52_A000,P01_G010,P01,M012,5926.649201997334,6514.065806111112,587.4166041137778,
E52_60b0dc656c777ee2cc2279b1,8.341150270762157,0.21315146591224732,0.21315146591224732,563.4362729251038,615.9641949832094,811.705013501575,0.3153381258454166,0.009166666666666667,0.17948840681254322,0.5039931993246265,2.056006800675374,0.8425021252110543,630.3350646972656,0.0,0.0,630.3350646972656,758.0350646972656,6087.787601261813,495.9024353027344,30.0,773.4362729251038,0.0,1,P01_G010_E52_A000,P01_G010,P01,M012,5926.649201997334,6514.065806111112,587.4166041137778,
E52_0c9d91fc306062a18ada9948,7.0084862389900024,15.697900697510477,7.0084862389900024,331.42241999480143,370.2725110389095,429.7442937249544,0.1787296459836012,0.009166666666666667,0.17948840681254322,0.36738471946281104,2.1926152805371895,0.8851922751678716,466.2010925292969,0.0,0.0,466.2010925292969,593.9010925292969,3223.082202937158,326.7436828613281,30.0,541.4224199948014,0.0,1,P01_G010_E52_A000,P01_G010,P01,M012,5926.649201997334,6514.065806111112,587.4166041137778,
E52_189eb019491ad876aa165071,9.695128280784644,3.8094716871601975,3.8094716871601975,403.09916814168594,448.35288467407526,534.676037089036,0.21908171065325852,0.009166666666666667,0.17948840681254322,0.4077367841324684,2.1522632158675323,0.8725822549586036,543.0445983886718,0.0,0.0,543.0445983886718,670.7445983886719,4010.07027816777,391.87322998046875,30.0,613.0991681416859,0.0,1,P01_G010_E52_A000,P01_G010,P01,M012,5926.649201997334,6514.065806111112,587.4166041137778,
E52_246111a1ef063bec9e89ec9e,8.575691888014816,13.03223549741864,8.575691888014816,413.11352328410356,453.07003166626504,586.4879962752384,0.22998101771643822,0.009166666666666667,0.17948840681254322,0.4186360911956481,2.1413639088043523,0.86917622150136,479.4781005859375,0.0,0.0,479.4781005859375,607.1781005859375,4398.659972064288,469.28277587890625,30.0,623.1135232841036,0.0,1,P01_G010_E52_A000,P01_G010,P01,M012,5926.649201997334,6514.065806111112,587.4166041137778,
E52_27fdcb9bc2da20af468e67a1,7.006487078186609,15.630401191469062,7.006487078186609,333.5201066466774,372.5049327982074,433.1312563841751,0.1799553449394086,0.009166666666666667,0.17948840681254322,0.36861041841861847,2.191389581581382,0.8848092442441817,467.8179138183594,0.0,0.0,467.8179138183594,595.5179138183594,3248.4844228813135,322.1230773925781,30.0,543.5201066466774,0.0,1,P01_G010_E52_A000,P01_G010,P01,M012,5926.649201997334,6514.065806111112,587.4166041137778,
E52_347c51b45a583dd4c5a4aad0,8.132662281496735,10.359339260709504,8.132662281496735,545.8106765870443,594.6474365357748,798.6007934817058,0.3072138543106079,0.009166666666666667,0.17948840681254322,0.4958689277898177,2.064131072210183,0.845040960065682,586.0411193847656,0.0,0.0,586.0411193847656,713.7411193847656,5989.505951112793,425.30462646484375,30.0,755.8106765870443,0.0,1,P01_G010_E52_A000,P01_G010,P01,M012,5926.649201997334,6514.065806111112,587.4166041137778,
E52_47db2d0d55c92154c779a4c9,6.061526749283374,16.45726286038159,6.061526749283374,312.62709924858126,351.3219092257948,393.08533863388124,0.16685347284684848,0.009166666666666667,0.17948840681254322,0.35550854632605833,2.204491453673942,0.8889035792731068,464.3377197265625,0.0,0.0,464.3377197265625,592.0377197265625,2948.1400397541092,295.61395263671875,30.0,522.6270992485813,0.0,1,P01_G010_E52_A000,P01_G010,P01,M012,5926.649201997334,6514.065806111112,587.4166041137778,
E52_6dc095df8eb6475486134b5c,9.025375827509535,12.905188948092743,9.025375827509535,424.06014837873875,466.2734748964797,594.8403376510322,0.23505698741925235,0.009166666666666667,0.17948840681254322,0.42371206089846225,2.136287939101538,0.8675899809692306,506.55991821289064,0.0,0.0,506.55991821289064,634.2599182128906,4461.302532382741,440.2059631347656,30.0,634.0601483787387,0.0,1,P01_G010_E52_A000,P01_G010,P01,M012,5926.649201997334,6514.065806111112,587.4166041137778,
E52_8ca7795ffa642a3b129c0a3d,6.966080081699303,15.730152054416479,6.966080081699303,330.94608252023,369.9122522589995,428.0951466078428,0.17832668261553564,0.009166666666666667,0.17948840681254322,0.3669817560947455,2.193018243905255,0.8853182012203921,467.5940368652344,0.0,0.0,467.5940368652344,595.2940368652344,3210.713599558821,335.390380859375,30.0,540.94608252023,0.0,1,P01_G010_E52_A000,P01_G010,P01,M012,5926.649201997334,6514.065806111112,587.4166041137778,
E52_9b18c2085562c5280ea1e394,7.57686611502632,0.02697066595830222,0.02697066595830222,563.4972144032131,613.0086493397365,829.9258191872856,0.3179402888393461,0.009166666666666667,0.17948840681254322,0.506595362318556,2.0534046376814445,0.8416889492754512,594.1372192382812,0.0,0.0,594.1372192382812,721.8372192382812,6224.443643904642,487.8569030761719,30.0,773.4972144032131,0.0,1,P01_G010_E52_A000,P01_G010,P01,M012,5926.649201997334,6514.065806111112,587.4166041137778,
E52_a1af1f4ab7d520e82e20be53,9.586496180720957,0.45430012492889205,0.45430012492889205,547.7224457312177,598.7128286250978,789.5025940991541,0.30660524396013417,0.009166666666666667,0.17948840681254322,0.49526031743934407,2.0647396825606563,0.8452311508002051,611.8845947265625,0.0,0.0,611.8845947265625,739.5845947265625,5921.269455743655,492.6366271972656,30.0,757.7224457312177,0.0,1,P01_G010_E52_A000,P01_G010,P01,M012,5926.649201997334,6514.065806111112,587.4166041137778,
E52_be69bdf55826f2eb34075d09,8.607486198729944,12.029424972929434,8.607486198729944,457.6877788138426,500.48965717077624,658.5642874860837,0.25604119113741575,0.009166666666666667,0.17948840681254322,0.4446962646166256,2.115303735383375,0.8610324173073045,513.6225402832031,0.0,0.0,513.6225402832031,641.3225402832031,4939.232156145627,341.3225402832031,30.0,667.6877788138427,0.0,1,P01_G010_E52_A000,P01_G010,P01,M012,5926.649201997334,6514.065806111112,587.4166041137778,
E52_c0294c7ff44d44fc4ede8d97,5.940365891923506,16.7256600789149,5.940365891923506,316.70783025924425,358.9570632507807,379.92026256926977,0.16644027302831577,0.009166666666666667,0.17948840681254322,0.3550953465075256,2.2049046534924748,0.8890327042163982,506.9907958984375,0.0,0.0,506.9907958984375,634.6907958984375,2849.4019692695233,334.6907958984375,30.0,526.7078302592442,0.0,1,P01_G010_E52_A000,P01_G010,P01,M012,5926.649201997334,6514.065806111112,587.4166041137778,
E52_c10a50247c57c0340b451298,8.14063124848731,3.1495087650690863,3.1495087650690863,410.4813485396202,450.8988478275434,578.4577013517014,0.22790762835174688,0.009166666666666667,0.17948840681254322,0.4165627018309568,2.1434372981690437,0.869824155677826,485.00999145507814,0.0,0.0,485.00999145507814,612.7099914550781,4338.432760137761,515.4917602539062,30.0,620.4813485396203,0.0,1,P01_G010_E52_A000,P01_G010,P01,M012,5926.649201997334,6514.065806111112,587.4166041137778,
E52_c117f06f984d58b2275e6c48,8.141140511433747,0.365836005255062,0.365836005255062,533.3106765870443,577.980769869108,798.6007934817058,0.30276832431446593,0.009166666666666667,0.17948840681254322,0.49142339779367583,2.0685766022063246,0.8464301881894764,536.0411193847656,0.0,0.0,536.0411193847656,663.7411193847656,5989.505951112793,425.30462646484375,30.0,743.3106765870443,0.0,1,P01_G010_E52_A000,P01_G010,P01,M012,5926.649201997334,6514.065806111112,587.4166041137778,
E52_dbec4f1422e98765afb262aa,6.201096709067627,16.38523852602286,6.201096709067627,322.5402116809159,364.1002534899979,395.72017250733956,0.1707521496628321,0.009166666666666667,0.17948840681254322,0.359407223142042,2.2005927768579587,0.8876852427681119,498.7205017089844,0.0,0.0,498.7205017089844,626.4205017089844,2967.901293805047,326.4205017089844,30.0,532.540211680916,0.0,1,P01_G010_E52_A000,P01_G010,P01,M012,5926.649201997334,6514.065806111112,587.4166041137778,
E52_dd12fb0cc4aee52816704b73,9.62711941094122,0.5498680641518376,0.5498680641518376,547.6210002825783,600.0718247658139,780.5370536657424,0.3052994367315811,0.009166666666666667,0.17948840681254322,0.49395451021079095,2.0660454897892095,0.8456392155591278,629.4098937988281,0.0,0.0,629.4098937988281,757.1098937988281,5854.027902493068,543.108642578125,30.0,757.6210002825783,0.0,1,P01_G010_E52_A000,P01_G010,P01,M012,5926.649201997334,6514.065806111112,587.4166041137778,
E52_de2c36302e014a6d0284c896,6.690406713655818,15.994052628622484,6.690406713655818,325.41177480357015,364.7238282296769,414.95122905049965,0.1744969638873427,0.009166666666666667,0.17948840681254322,0.36315203736655255,2.196847962633448,0.8865149883229524,471.74464111328126,0.0,0.0,471.74464111328126,599.4446411132812,3112.134217878747,325.15069580078125,30.0,535.4117748035701,0.0,1,P01_G010_E52_A000,P01_G010,P01,M012,5926.649201997334,6514.065806111112,587.4166041137778,
E52_82c821a5773d0bfbe554f10a,11.327024225462878,11.397135806608844,11.327024225462878,512.9354114719376,566.0737563002253,707.0407539741487,0.2825549862639304,0.009166666666666667,0.17948840681254322,0.47121005974314023,2.08878994025686,0.8527468563302687,637.6601379394531,0.0,0.0,637.6601379394531,765.3601379394531,5302.805654806116,465.3601379394531,30.0,722.9354114719376,0.0,1,P01_G010_E52_A000,P01_G010,P01,M012,5926.649201997334,6514.065806111112,587.4166041137778,
E52_a77602565c04dca5831f9b7a,7.81446751050494,15.758600383852013,7.81446751050494,295.3505394617105,322.31471665694164,428.9160157520343,0.16578365241547813,0.009166666666666667,0.1671742812243846,0.34212460030652936,2.217875399693471,0.8930860624042096,323.57012634277345,0.0,0.0,323.57012634277345,451.27012634277344,3216.870118140257,284.58648681640625,30.0,505.3505394617105,0.0,1,P01_G011_E52_A000,P01_G011,P01,M013,745.855314875907,1292.9711443375293,547.1158294616223,
E52_c76d93c5902d0dc017f7065c,7.454794546037789,16.05706218628906,7.454794546037789,260.86241804033426,278.57034040361555,415.47730190098105,0.1516149798935124,0.009166666666666667,0.1671742812243846,0.32795592778456367,2.232044072215437,0.8975137725673239,212.495068359375,0.0,0.0,212.495068359375,340.195068359375,3116.079764257358,277.91845703125,30.0,470.86241804033426,0.0,1,P01_G011_E52_A000,P01_G011,P01,M013,745.855314875907,1292.9711443375293,547.1158294616223,
E52_06eb0baa948af7ff52881bcf,1.0060553752836086,16.258674653736037,1.0060553752836086,296.7597053393259,328.36499963050426,403.88764493158146,0.16274021246714285,0.009166666666666667,0.1671742812243846,0.33908116035819413,2.2209188396418065,0.8940371373880643,379.26353149414064,0.0,0.0,379.26353149414064,506.9635314941406,3029.157336986861,306.9635314941406,30.0,506.7597053393259,0.0,1,P01_G011_E52_A000,P01_G011,P01,M013,745.855314875907,1292.9711443375293,547.1158294616223,
E52_0c9d91fc306062a18ada9948,1.7538108177590743,15.697900697510477,1.7538108177590743,331.42241999480143,370.2725110389095,429.7442937249544,0.1787296459836012,0.009166666666666667,0.1671742812243846,0.35507059387465245,2.204929406125348,0.8890404394141711,466.2010925292969,0.0,0.0,466.2010925292969,593.9010925292969,3223.082202937158,326.7436828613281,30.0,541.4224199948014,0.0,1,P01_G011_E52_A000,P01_G011,P01,M013,745.855314875907,1292.9711443375293,547.1158294616223,
E52_189eb019491ad876aa165071,0.6683873012807737,3.8094716871601975,0.6683873012807737,403.09916814168594,448.35288467407526,534.676037089036,0.21908171065325852,0.009166666666666667,0.1671742812243846,0.3954226585443098,2.164577341455691,0.8764304192049032,543.0445983886718,0.0,0.0,543.0445983886718,670.7445983886719,4010.07027816777,391.87322998046875,30.0,613.0991681416859,0.0,1,P01_G011_E52_A000,P01_G011,P01,M013,745.855314875907,1292.9711443375293,547.1158294616223,
E52_1eac4bbcd37cec5d48241661,1.6885288587671141,6.04580255430777,1.6885288587671141,275.66392246828667,298.30930922772677,415.4555243799327,0.1568759382441215,0.009166666666666667,0.1671742812243846,0.33321688613517275,2.226783113864828,0.8958697230827585,271.74464111328126,0.0,0.0,271.74464111328126,399.44464111328125,3115.9164328494953,326.2397766113281,30.0,485.66392246828667,0.0,1,P01_G011_E52_A000,P01_G011,P01,M013,745.855314875907,1292.9711443375293,547.1158294616223,
E52_214ce9a3b3bd3fa9c582335a,2.22942062366117,15.138353346483314,2.22942062366117,331.46735474952504,365.31699057309277,459.8368945576438,0.1830074384559416,0.009166666666666667,0.1671742812243846,0.35934838634699284,2.2006516136530077,0.8877036292665648,406.1956298828125,0.0,0.0,406.1956298828125,533.8956298828125,3448.7767091823284,283.8956298828125,30.0,541.467354749525,0.0,1,P01_G011_E52_A000,P01_G011,P01,M013,745.855314875907,1292.9711443375293,547.1158294616223,
E52_231555d7070bcf1a0911e332,1.6588153883970875,5.981962334569488,1.6588153883970875,303.4113952968874,335.0249979987103,417.14117438283733,0.1669828432889251,0.009166666666666667,0.1671742812243846,0.34332379117997636,2.216676208820024,0.8927113152562574,379.363232421875,0.0,0.0,379.363232421875,507.063232421875,3128.55880787128,326.2397766113281,30.0,513.4113952968873,0.0,1,P01_G011_E52_A000,P01_G011,P01,M013,745.855314875907,1292.9711443375293,547.1158294616223,
E52_27bf01e9e990859ae5993708,1.6648745594862788,15.932490639468014,1.6648745594862788,318.6138217216496,355.0514931287134,418.60161500091635,0.17259630304263499,0.009166666666666667,0.1671742812243846,0.3489372509336862,2.2110627490663144,0.8909571090832231,437.25205688476564,0.0,0.0,437.25205688476564,564.9520568847656,3139.5121125068727,326.2397766113281,30.0,528.6138217216496,0.0,1,P01_G011_E52_A000,P01_G011,P01,M013,745.855314875907,1292.9711443375293,547.1158294616223,
E52_27fdcb9bc2da20af468e67a1,2.0181303031572497,15.630401191469062,2.0181303031572497,333.5201066466774,372.5049327982074,433.1312563841751,0.1799553449394086,0.009166666666666667,0.1671742812243846,0.3562962928304598,2.2037037071695407,0.8886574084904812,467.8179138183594,0.0,0.0,467.8179138183594,595.5179138183594,3248.4844228813135,322.1230773925781,30.0,543.5201066466774,0.0,1,P01_G011_E52_A000,P01_G011,P01,M013,745.855314875907,1292.9711443375293,547.1158294616223,
E52_2cea01313b8862fcfb6b2e63,6.264019617413027,16.460055432828085,6.264019617413027,259.5957489704318,280.08528245838755,396.2542970131293,0.148442074342722,0.009166666666666667,0.1671742812243846,0.32478302223377326,2.2352169777662274,0.8985053055519459,245.87440185546876,0.0,0.0,245.87440185546876,373.57440185546875,2971.90722759847,231.8917236328125,30.0,469.5957489704318,0.0,1,P01_G011_E52_A000,P01_G011,P01,M013,745.855314875907,1292.9711443375293,547.1158294616223,
E52_326bd9096774308657b14836,1.6105080335571103,6.820761438549596,1.6105080335571103,254.20783025924425,275.6237299174474,379.92026256926977,0.1442126230476059,0.009166666666666667,0.1671742812243846,0.32055357093865716,2.2394464290613434,0.8998270090816697,256.9907958984375,0.0,0.0,256.9907958984375,384.6907958984375,2849.4019692695233,334.6907958984375,30.0,464.20783025924425,0.0,1,P01_G011_E52_A000,P01_G011,P01,M013,745.855314875907,1292.9711443375293,547.1158294616223,
E52_44ed69e1d99dc074a7941a18,4.524182138291295,8.900383690419545,4.524182138291295,188.27556058823757,199.0276355292369,299.7078152072368,0.1090911242968749,0.009166666666666667,0.1671742812243846,0.28543207218792616,2.2745679278120745,0.9108024774412731,139.59420471191407,10.569305419921875,10.569305419921875,139.59420471191407,267.29420471191406,2247.808614054276,217.29420471191406,30.0,398.27556058823757,0.0,1,P01_G011_E52_A000,P01_G011,P01,M013,745.855314875907,1292.9711443375293,547.1158294616223,
E52_47db2d0d55c92154c779a4c9,0.8951419926504371,16.45726286038159,0.8951419926504371,312.62709924858126,351.3219092257948,393.08533863388124,0.16685347284684848,0.009166666666666667,0.1671742812243846,0.34319442073789974,2.216805579262101,0.8927517435194063,464.3377197265625,0.0,0.0,464.3377197265625,592.0377197265625,2948.1400397541092,295.61395263671875,30.0,522.6270992485813,0.0,1,P01_G011_E52_A000,P01_G011,P01,M013,745.855314875907,1292.9711443375293,547.1158294616223,
E52_4cf0fac9feb721651efb2830,4.069474337158908,17.82597875173802,4.069474337158908,242.69354898018014,267.32891198677197,337.5749199208095,0.13412057160327687,0.009166666666666667,0.1671742812243846,0.3104615194943281,2.2495384805056724,0.9029807751580224,295.6243560791016,0.0,0.0,295.6243560791016,423.32435607910156,2531.8118994060715,217.31182861328125,30.0,452.69354898018014,0.0,1,P01_G011_E52_A000,P01_G011,P01,M013,745.855314875907,1292.9711443375293,547.1158294616223,
E52_4d215302190bc5bfb29bf912,5.953592194847886,16.37371485667674,5.953592194847886,307.50969179304633,343.7570581260541,397.53518558804575,0.1656637075427803,0.009166666666666667,0.1671742812243846,0.3420046554338315,2.217995344566169,0.8931235451769277,434.96839599609376,0.0,0.0,434.96839599609376,562.6683959960938,2981.5138919103433,336.56707763671875,30.0,517.5096917930464,0.0,1,P01_G011_E52_A000,P01_G011,P01,M013,745.855314875907,1292.9711443375293,547.1158294616223,
E52_50c718ca7f326f764494c89d,9.696219730369123,13.080943299176411,9.696219730369123,350.85355156655817,370.1881015340061,585.6998033284289,0.20772710552759727,0.009166666666666667,0.1671742812243846,0.3840680534186485,2.175931946581352,0.8799787333066723,232.014599609375,0.0,0.0,232.014599609375,359.714599609375,4392.748524963216,275.29461669921875,30.0,560.8535515665582,0.0,1,P01_G011_E52_A000,P01_G011,P01,M013,745.855314875907,1292.9711443375293,547.1158294616223,
E52_515a3b7c8d98426ee13f2b4e,4.43354045683563,17.07508762021844,4.43354045683563,242.68536134104386,262.0561394884234,369.14605379781034,0.13858886614696947,0.009166666666666667,0.1671742812243846,0.31492981403802073,2.2450701859619797,0.9015844331131185,232.4493377685547,0.0,0.0,232.4493377685547,360.1493377685547,2768.5954034835777,210.1493377685547,30.0,452.68536134104386,0.0,1,P01_G011_E52_A000,P01_G011,P01,M013,745.855314875907,1292.9711443375293,547.1158294616223,
E52_60b76d98beea93305f35c25d,6.004471256022072,16.79058398580294,6.004471256022072,271.8613885249859,299.0873836523459,380.3668062858116,0.15055421784231732,0.009166666666666667,0.1671742812243846,0.3268951657333686,2.2331048342666318,0.8978452607083223,326.7119415283203,0.0,0.0,326.7119415283203,454.4119415283203,2852.751047143587,241.2421875,30.0,481.8613885249859,0.0,1,P01_G011_E52_A000,P01_G011,P01,M013,745.855314875907,1292.9711443375293,547.1158294616223,
E52_68694062ed2e2e792aeb51a9,5.965673202353898,17.695890544520793,5.965673202353898,262.3147609906027,292.8212075746684,341.5908424768108,0.1416674545099547,0.009166666666666667,0.1671742812243846,0.3180084024010059,2.241991597598995,0.9006223742496856,366.0773590087891,0.0,0.0,366.0773590087891,493.77735900878906,2561.931318576081,213.8477783203125,30.0,472.3147609906027,0.0,1,P01_G011_E52_A000,P01_G011,P01,M013,745.855314875907,1292.9711443375293,547.1158294616223,
E52_6aa461eda22a4c53e6730e81,1.4854063027523523,6.478254834226846,1.4854063027523523,265.8104536255181,288.3542041341444,395.1560268799425,0.15046620221455187,0.009166666666666667,0.1671742812243846,0.32680715010560313,2.2331928498943974,0.897872765591999,271.555615234375,1.030609130859375,1.030609130859375,271.555615234375,399.255615234375,2963.670201599569,349.255615234375,30.0,475.8104536255181,0.0,1,P01_G011_E52_A000,P01_G011,P01,M013,745.855314875907,1292.9711443375293,547.1158294616223,
E52_73baea82bbbffa2db9d7426a,1.7789308976228142,5.711384152670419,1.7789308976228142,297.3854850658978,324.64222792478455,431.2305129784753,0.16683515196021612,0.009166666666666667,0.1671742812243846,0.3431760998512674,2.216823900148733,0.892757468796479,327.08091430664064,0.0,0.0,327.08091430664064,454.7809143066406,3234.2288473385647,335.390380859375,30.0,507.3854850658978,0.0,1,P01_G011_E52_A000,P01_G011,P01,M013,745.855314875907,1292.9711443375293,547.1158294616223,
E52_74b3fb0a4920873efc33101b,0.9093933808896679,6.525083879148042,0.9093933808896679,262.62709924858126,284.6552425591281,393.08533863388124,0.14907135286228057,0.009166666666666667,0.1671742812243846,0.32541230075333183,2.234587699246669,0.8983086560145838,264.3377197265625,0.0,0.0,264.3377197265625,392.0377197265625,2948.1400397541092,295.61395263671875,30.0,472.62709924858126,0.0,1,P01_G011_E52_A000,P01_G011,P01,M013,745.855314875907,1292.9711443375293,547.1158294616223,
E52_7547086a1218012670f76a62,13.896729151661106,2.277872015791573,2.277872015791573,370.7957901832663,387.27013608984186,642.7455049270795,0.2228984084752749,0.009166666666666667,0.1671742812243846,0.3992393563663261,2.160760643633674,0.8752377011355231,197.69215087890626,0.0,0.0,197.69215087890626,325.39215087890625,4820.591286953097,275.39215087890625,30.0,580.7957901832663,0.0,1,P01_G011_E52_A000,P01_G011,P01,M013,745.855314875907,1292.9711443375293,547.1158294616223,
E52_76b4f0bdabd1ccab126282dd,5.771840641351304,17.180198899819032,5.771840641351304,244.7670432960008,265.6078646257534,364.489158613486,0.13866967590706417,0.009166666666666667,0.1671742812243846,0.3150106237981154,2.244989376201885,0.9015591800630889,250.08985595703126,0.0,0.0,250.08985595703126,377.78985595703125,2733.6686896011447,241.2421875,30.0,454.7670432960008,0.0,1,P01_G011_E52_A000,P01_G011,P01,M013,745.855314875907,1292.9711443375293,547.1158294616223,
E52_8ca7795ffa642a3b129c0a3d,1.7761226290646874,15.730152054416479,1.7761226290646874,330.94608252023,369.9122522589995,428.0951466078428,0.17832668261553564,0.009166666666666667,0.1671742812243846,0.3546676305065869,2.2053323694934135,0.8891663654666916,467.5940368652344,0.0,0.0,467.5940368652344,595.2940368652344,3210.713599558821,335.390380859375,30.0,540.94608252023,0.0,1,P01_G011_E52_A000,P01_G011,P01,M013,745.855314875907,1292.9711443375293,547.1158294616223,
E52_96da4f081c74d8211b4b244f,13.386806510368018,12.47027426673894,12.47027426673894,406.4445801679392,437.368205859671,627.3474061854878,0.23339590098708082,0.009166666666666667,0.1671742812243846,0.4097368488781321,2.1502631511218686,0.8719572347255837,371.08350830078126,0.0,0.0,371.08350830078126,498.78350830078125,4705.105546391158,251.37640380859375,30.0,616.4445801679392,0.0,1,P01_G011_E52_A000,P01_G011,P01,M013,745.855314875907,1292.9711443375293,547.1158294616223,
E52_a3836b1674b2d70f748125c1,4.727952780481857,18.388582284998307,4.727952780481857,238.77143733771516,265.74771093797557,315.68523307386783,0.1296256139323784,0.009166666666666667,0.1671742812243846,0.30596656182342963,2.2540334381765708,0.9043854494301783,323.715283203125,0.0,0.0,323.715283203125,451.415283203125,2367.639248054009,217.29420471191406,30.0,448.77143733771516,0.0,1,P01_G011_E52_A000,P01_G011,P01,M013,745.855314875907,1292.9711443375293,547.1158294616223,
E52_aaa387ee3ee3170bd804334d,1.0679697108534043,18.409477866986336,1.0679697108534043,263.5215778829557,299.2286101502083,312.8009621623957,0.13801933350380158,0.009166666666666667,0.1671742812243846,0.31436028139485284,2.2456397186051476,0.9017624120641085,428.48438720703126,0.0,0.0,428.48438720703126,556.1843872070312,2346.0072162179677,386.9435729980469,30.0,473.5215778829557,0.0,1,P01_G011_E52_A000,P01_G011,P01,M013,745.855314875907,1292.9711443375293,547.1158294616223,
E52_afb1e3673ff3adbe9c45b8fc,0.903438095396325,6.956106286850726,0.903438095396325,250.21040235058808,271.27175132926646,374.0527108291059,0.1419599864782851,0.009166666666666667,0.1671742812243846,0.3183009343693364,2.241699065630664,0.9005309580095824,252.73618774414064,0.0,0.0,252.73618774414064,380.4361877441406,2805.395331218294,291.6474609375,30.0,460.2104023505881,0.0,1,P01_G011_E52_A000,P01_G011,P01,M013,745.855314875907,1292.9711443375293,547.1158294616223,
E52_b544b4d7beda1d6ed7fbeefb,7.168393459732144,16.252686834440453,7.168393459732144,293.91354735972715,324.49113296153376,404.3615811086144,0.16179511839250177,0.009166666666666667,0.1671742812243846,0.338136066283553,2.2218639337164476,0.8943324792863897,366.9310272216797,0.0,0.0,366.9310272216797,494.6310272216797,3032.711858314608,277.91845703125,30.0,503.91354735972715,0.0,1,P01_G011_E52_A000,P01_G011,P01,M013,745.855314875907,1292.9711443375293,547.1158294616223,
E52_b60e4d2a4cdcd5801a5d757f,1.707943132616407,16.480566458341656,1.707943132616407,308.26023760270465,345.626388522301,392.32356968783114,0.16519254750221457,0.009166666666666667,0.1671742812243846,0.34153349539326583,2.2184665046067344,0.8932707826896045,448.39381103515626,0.0,0.0,448.39381103515626,576.0938110351562,2942.4267726587336,326.2397766113281,30.0,518.2602376027046,0.0,1,P01_G011_E52_A000,P01_G011,P01,M013,745.855314875907,1292.9711443375293,547.1158294616223,
E52_b677873645e212a13901ede2,4.77666245034203,9.230718628911887,4.77666245034203,575.9444140089429,616.0268887810784,911.3939793850733,0.3339048259552679,0.009166666666666667,0.1671742812243846,0.5102457738463191,2.0497542261536816,0.8405481956730253,480.989697265625,0.0,0.0,480.989697265625,608.689697265625,6835.45484538805,390.4056396484375,30.0,785.9444140089429,40.089099133035916,0,P01_G011_E52_A000,P01_G011,P01,M013,745.855314875907,1292.9711443375293,547.1158294616223,
E52_b6789310c1ab16898a769b78,10.051078854658542,2.625622464396969,2.625622464396969,372.38145547243056,389.4038741939475,617.4514627840539,0.21924054354678854,0.009166666666666667,0.1671742812243846,0.3955814914378398,2.164418508562161,0.8763807839256751,225.84925537109376,21.580230712890625,21.580230712890625,225.84925537109376,353.54925537109375,4630.885970880404,303.54925537109375,30.0,582.3814554724306,0.0,1,P01_G011_E52_A000,P01_G011,P01,M013,745.855314875907,1292.9711443375293,547.1158294616223,
E52_b7c433bb400c5a28313b13f0,7.568193928118205,16.00220965111248,7.568193928118205,270.63016208552887,291.2047849391259,417.8125870494757,0.1554195344851095,0.009166666666666667,0.1671742812243846,0.33176048237616074,2.2282395176238396,0.8963248492574498,246.89547424316407,0.0,0.0,246.89547424316407,374.59547424316406,3133.594402871068,284.58648681640625,30.0,480.63016208552887,0.0,1,P01_G011_E52_A000,P01_G011,P01,M013,745.855314875907,1292.9711443375293,547.1158294616223,
E52_be69bdf55826f2eb34075d09,3.762648549787201,12.029424972929434,3.762648549787201,457.6877788138426,500.48965717077624,658.5642874860837,0.25604119113741575,0.009166666666666667,0.1671742812243846,0.432382139028467,2.1276178609715335,0.864880581553604,513.6225402832031,0.0,0.0,513.6225402832031,641.3225402832031,4939.232156145627,341.3225402832031,30.0,667.6877788138427,0.0,1,P01_G011_E52_A000,P01_G011,P01,M013,745.855314875907,1292.9711443375293,547.1158294616223,
E52_bfffb2993ede6e2e2bd9340b,9.602595611945802,13.053008949478723,9.602595611945802,400.85355156655817,436.85476820067277,585.6998033284289,0.22550922551216515,0.009166666666666667,0.1671742812243846,0.4018501734032164,2.1581498265967842,0.8744218208114949,432.014599609375,0.0,0.0,432.014599609375,559.714599609375,4392.748524963216,275.29461669921875,30.0,610.8535515665582,0.0,1,P01_G011_E52_A000,P01_G011,P01,M013,745.855314875907,1292.9711443375293,547.1158294616223,
E52_c0294c7ff44d44fc4ede8d97,1.5881831575630088,16.7256600789149,1.5881831575630088,316.70783025924425,358.9570632507807,379.92026256926977,0.16644027302831577,0.009166666666666667,0.1671742812243846,0.342781220919367,2.2172187790806337,0.8928808684626978,506.9907958984375,0.0,0.0,506.9907958984375,634.6907958984375,2849.4019692695233,334.6907958984375,30.0,526.7078302592442,0.0,1,P01_G011_E52_A000,P01_G011,P01,M013,745.855314875907,1292.9711443375293,547.1158294616223,
E52_d22cbe82615c6d2ee0ebf49f,1.7601195929367464,15.758568264926964,1.7601195929367464,318.17309843891866,352.9726015110215,427.5491784452201,0.1737067461230003,0.009166666666666667,0.1671742812243846,0.35004769401405156,2.209952305985949,0.8906100956206089,417.5940368652344,0.0,0.0,417.5940368652344,545.2940368652344,3206.618838339151,335.390380859375,30.0,528.1730984389187,0.0,1,P01_G011_E52_A000,P01_G011,P01,M013,745.855314875907,1292.9711443375293,547.1158294616223,
E52_dbec4f1422e98765afb262aa,1.0982220753490992,16.38523852602286,1.0982220753490992,322.5402116809159,364.1002534899979,395.72017250733956,0.1707521496628321,0.009166666666666667,0.1671742812243846,0.34709309755388335,2.212906902446117,0.8915334070144114,498.7205017089844,0.0,0.0,498.7205017089844,626.4205017089844,2967.901293805047,326.4205017089844,30.0,532.540211680916,0.0,1,P01_G011_E52_A000,P01_G011,P01,M013,745.855314875907,1292.9711443375293,547.1158294616223,
E52_dc4c132291b7b9525a26c82f,7.201257348444585,16.290878065555617,7.201257348444585,256.41354735972715,274.49113296153376,404.3615811086144,0.14845852840407586,0.009166666666666667,0.1671742812243846,0.3247994762951271,2.2352005237048735,0.8985001636577727,216.9310272216797,0.0,0.0,216.9310272216797,344.6310272216797,3032.711858314608,277.91845703125,30.0,466.41354735972715,0.0,1,P01_G011_E52_A000,P01_G011,P01,M013,745.855314875907,1292.9711443375293,547.1158294616223,
E52_de2c36302e014a6d0284c896,1.6494415831593159,15.994052628622484,1.6494415831593159,325.41177480357015,364.7238282296769,414.95122905049965,0.1744969638873427,0.009166666666666667,0.1671742812243846,0.35083791177839396,2.2091620882216065,0.8903631525692519,471.74464111328126,0.0,0.0,471.74464111328126,599.4446411132812,3112.134217878747,325.15069580078125,30.0,535.4117748035701,0.0,1,P01_G011_E52_A000,P01_G011,P01,M013,745.855314875907,1292.9711443375293,547.1158294616223,
E52_e0cd6bab1a22c4530d9a254c,1.117568852771882,6.471069764274475,1.117568852771882,260.0402116809159,280.7669201566646,395.72017250733956,0.14852449968212222,0.009166666666666667,0.1671742812243846,0.3248654475731735,2.235134552426827,0.8984795476333833,248.7205017089844,0.0,0.0,248.7205017089844,376.4205017089844,2967.901293805047,326.4205017089844,30.0,470.0402116809159,0.0,1,P01_G011_E52_A000,P01_G011,P01,M013,745.855314875907,1292.9711443375293,547.1158294616223,
E52_ea76d341ab82f2ebc1fa1efe,1.666881813419991,6.056283714240493,1.666881813419991,275.41177480357015,298.05716156301025,414.95122905049965,0.15671484390277482,0.009166666666666667,0.1671742812243846,0.33305579179382605,2.2269442082061746,0.8959200650644293,271.74464111328126,0.0,0.0,271.74464111328126,399.44464111328125,3112.134217878747,325.15069580078125,30.0,485.41177480357015,0.0,1,P01_G011_E52_A000,P01_G011,P01,M013,745.855314875907,1292.9711443375293,547.1158294616223,
E52_eab18c460278cfbad2c20da0,5.9943493619613974,7.760329046990023,5.9943493619613974,212.31476099060268,226.15454090800176,341.5908424768108,0.12388533452538679,0.009166666666666667,0.1671742812243846,0.30022628241643806,2.2597737175835624,0.9061792867448631,166.07735900878907,0.0,0.0,166.07735900878907,293.77735900878906,2561.931318576081,213.8477783203125,30.0,422.3147609906027,0.0,1,P01_G011_E52_A000,P01_G011,P01,M013,745.855314875907,1292.9711443375293,547.1158294616223,
E52_eddf192c3626d88d236d26e4,6.598671975907564,17.034187922993553,6.598671975907564,241.72684180786888,260.473536754158,370.9735139380034,0.13850678679446915,0.009166666666666667,0.1671742812243846,0.3148477346855204,2.24515226531448,0.9016100829107749,224.96033935546876,0.0,0.0,224.96033935546876,352.66033935546875,2782.3013545350254,199.07135009765625,30.0,451.7268418078689,0.0,1,P01_G011_E52_A000,P01_G011,P01,M013,745.855314875907,1292.9711443375293,547.1158294616223,
E52_f2fabdd802684ffd17ed2273,0.8979895035542853,16.925225818485302,0.8979895035542853,275.2104023505881,304.60508466259984,374.0527108291059,0.15085104647056902,0.009166666666666667,0.1671742812243846,0.3271919943616203,2.2328080056383803,0.8977525017619936,352.73618774414064,0.0,0.0,352.73618774414064,480.4361877441406,2805.395331218294,291.6474609375,30.0,485.2104023505881,0.0,1,P01_G011_E52_A000,P01_G011,P01,M013,745.855314875907,1292.9711443375293,547.1158294616223,
E52_fd527d975e1813662620f82c,3.7072726387343806,12.45056667278017,3.7072726387343806,418.2192341110554,452.9085204066283,628.3027504486734,0.23771876612520712,0.009166666666666667,0.1671742812243846,0.4140597140162584,2.145940285983742,0.8706063393699193,416.271435546875,0.0,0.0,416.271435546875,543.971435546875,4712.2706283650505,306.8754577636719,30.0,628.2192341110554,0.0,1,P01_G011_E52_A000,P01_G011,P01,M013,745.855314875907,1292.9711443375293,547.1158294616223,
E52_ef8fa59407d07a2296b5f591,9.434605176125416,0.3151276047193221,0.3151276047193221,505.85939793409244,540.3898465933535,804.5361039126185,0.29384606362066074,0.009166666666666667,0.1671742812243846,0.470187011511712,2.0898129884882883,0.85306655890259,414.3653839111328,0.0,0.0,414.3653839111328,542.0653839111328,6034.020779344639,284.8677062988281,30.0,715.8593979340924,0.0,1,P01_G011_E52_A000,P01_G011,P01,M013,745.855314875907,1292.9711443375293,547.1158294616223,
E52_82c821a5773d0bfbe554f10a,1.9898130596061634,11.397135806608844,1.9898130596061634,512.9354114719376,566.0737563002253,707.0407539741487,0.2825549862639304,0.009166666666666667,0.1671742812243846,0.45889593415498164,2.1011040658450186,0.8565950205765682,637.6601379394531,0.0,0.0,637.6601379394531,765.3601379394531,5302.805654806116,465.3601379394531,30.0,722.9354114719376,0.0,1,P01_G011_E52_A000,P01_G011,P01,M013,745.855314875907,1292.9711443375293,547.1158294616223,
E52_06eb0baa948af7ff52881bcf,6.231702511254468,16.258674653736037,6.231702511254468,296.7597053393259,328.36499963050426,403.88764493158146,0.16274021246714285,0.009166666666666667,0.006399266762409652,0.17830614589621915,2.3816938541037813,0.9442793294074315,379.26353149414064,0.0,0.0,379.26353149414064,506.9635314941406,3029.157336986861,306.9635314941406,30.0,506.7597053393259,0.0,1,P01_G012_E52_A000,P01_G012,P01,M014,5839.683303059287,5860.626357918082,20.94305485879522,
E52_74b3fb0a4920873efc33101b,5.991923300187651,6.525083879148042,5.991923300187651,262.62709924858126,284.6552425591281,393.08533863388124,0.14907135286228057,0.009166666666666667,0.006399266762409652,0.16463728629135688,2.3953627137086437,0.948550848033951,264.3377197265625,0.0,0.0,264.3377197265625,392.0377197265625,2948.1400397541092,295.61395263671875,30.0,472.62709924858126,0.0,1,P01_G012_E52_A000,P01_G012,P01,M014,5839.683303059287,5860.626357918082,20.94305485879522,
E52_47db2d0d55c92154c779a4c9,5.962940531927728,16.45726286038159,5.962940531927728,312.62709924858126,351.3219092257948,393.08533863388124,0.16685347284684848,0.009166666666666667,0.006399266762409652,0.1824194062759248,2.3775805937240757,0.9429939355387735,464.3377197265625,0.0,0.0,464.3377197265625,592.0377197265625,2948.1400397541092,295.61395263671875,30.0,522.6270992485813,0.0,1,P01_G012_E52_A000,P01_G012,P01,M014,5839.683303059287,5860.626357918082,20.94305485879522,
E52_01234cac2d25748209cb57e8,7.665571921562076,5.963634638729843,5.963634638729843,275.78386787661753,295.55487261701467,419.772700963196,0.15719547582798327,0.009166666666666667,0.006399266762409652,0.17276140925705957,2.3872385907429408,0.9460120596071688,248.53977661132814,11.2877197265625,11.2877197265625,248.53977661132814,376.2397766113281,3148.2952572239697,326.2397766113281,30.0,485.78386787661753,0.0,1,P01_G012_E52_A000,P01_G012,P01,M014,5839.683303059287,5860.626357918082,20.94305485879522,
E52_0c9d91fc306062a18ada9948,7.8260924393969304,15.697900697510477,7.8260924393969304,331.42241999480143,370.2725110389095,429.7442937249544,0.1787296459836012,0.009166666666666667,0.006399266762409652,0.1942955794126775,2.365704420587323,0.9392826314335383,466.2010925292969,0.0,0.0,466.2010925292969,593.9010925292969,3223.082202937158,326.7436828613281,30.0,541.4224199948014,0.0,1,P01_G012_E52_A000,P01_G012,P01,M014,5839.683303059287,5860.626357918082,20.94305485879522,
E52_189eb019491ad876aa165071,6.089678159350484,3.8094716871601975,3.8094716871601975,403.09916814168594,448.35288467407526,534.676037089036,0.21908171065325852,0.009166666666666667,0.006399266762409652,0.23464764408233482,2.3253523559176656,0.9266726112242704,543.0445983886718,0.0,0.0,543.0445983886718,670.7445983886719,4010.07027816777,391.87322998046875,30.0,613.0991681416859,0.0,1,P01_G012_E52_A000,P01_G012,P01,M014,5839.683303059287,5860.626357918082,20.94305485879522,
E52_1eac4bbcd37cec5d48241661,7.6125185015231125,6.04580255430777,6.04580255430777,275.66392246828667,298.30930922772677,415.4555243799327,0.1568759382441215,0.009166666666666667,0.006399266762409652,0.1724418716731978,2.387558128326803,0.9461119151021257,271.74464111328126,0.0,0.0,271.74464111328126,399.44464111328125,3115.9164328494953,326.2397766113281,30.0,485.66392246828667,0.0,1,P01_G012_E52_A000,P01_G012,P01,M014,5839.683303059287,5860.626357918082,20.94305485879522,
E52_1ef47ef68c1879e18ddbb164,7.6614869458552874,9.684707827919368,7.6614869458552874,525.9457118932837,556.9823492630754,865.6715995678175,0.30964781577290457,0.009166666666666667,0.006399266762409652,0.3252137492019809,2.2347862507980194,0.898370703374381,372.4396484375,0.0,0.0,372.4396484375,500.1396484375,6492.536996758631,304.7821350097656,30.0,735.9457118932837,0.0,1,P01_G012_E52_A000,P01_G012,P01,M014,5839.683303059287,5860.626357918082,20.94305485879522,
E52_214ce9a3b3bd3fa9c582335a,9.018683185158821,15.138353346483314,9.018683185158821,331.46735474952504,365.31699057309277,459.8368945576438,0.1830074384559416,0.009166666666666667,0.006399266762409652,0.19857337188501792,2.3614266281149825,0.937945821285932,406.1956298828125,0.0,0.0,406.1956298828125,533.8956298828125,3448.7767091823284,283.8956298828125,30.0,541.467354749525,0.0,1,P01_G012_E52_A000,P01_G012,P01,M014,5839.683303059287,5860.626357918082,20.94305485879522,
E52_231555d7070bcf1a0911e332,7.563203036842538,5.981962334569488,5.981962334569488,303.4113952968874,335.0249979987103,417.14117438283733,0.1669828432889251,0.009166666666666667,0.006399266762409652,0.1825487767180014,2.377451223281999,0.9429535072756245,379.363232421875,0.0,0.0,379.363232421875,507.063232421875,3128.55880787128,326.2397766113281,30.0,513.4113952968873,0.0,1,P01_G012_E52_A000,P01_G012,P01,M014,5839.683303059287,5860.626357918082,20.94305485879522,
E52_246111a1ef063bec9e89ec9e,3.503541586032398,13.03223549741864,3.503541586032398,413.11352328410356,453.07003166626504,586.4879962752384,0.22998101771643822,0.009166666666666667,0.006399266762409652,0.24554695114551453,2.314453048854486,0.9232665777670267,479.4781005859375,0.0,0.0,479.4781005859375,607.1781005859375,4398.659972064288,469.28277587890625,30.0,623.1135232841036,0.0,1,P01_G012_E52_A000,P01_G012,P01,M014,5839.683303059287,5860.626357918082,20.94305485879522,
E52_24db349315b2a6b84dd4215d,8.435444036853283,5.686957833295324,5.686957833295324,283.5201066466774,305.8382661315407,433.1312563841751,0.1621732249548407,0.009166666666666667,0.006399266762409652,0.17773915838391702,2.3822608416160835,0.944456513005026,267.8179138183594,0.0,0.0,267.8179138183594,395.5179138183594,3248.4844228813135,322.1230773925781,30.0,493.5201066466774,0.0,1,P01_G012_E52_A000,P01_G012,P01,M014,5839.683303059287,5860.626357918082,20.94305485879522,
E52_27bf01e9e990859ae5993708,7.580601843966491,15.932490639468014,7.580601843966491,318.6138217216496,355.0514931287134,418.60161500091635,0.17259630304263499,0.009166666666666667,0.006399266762409652,0.1881622364717113,2.3718377635282892,0.9411993011025902,437.25205688476564,0.0,0.0,437.25205688476564,564.9520568847656,3139.5121125068727,326.2397766113281,30.0,528.6138217216496,0.0,1,P01_G012_E52_A000,P01_G012,P01,M014,5839.683303059287,5860.626357918082,20.94305485879522,
E52_27fdcb9bc2da20af468e67a1,8.383638048319895,15.630401191469062,8.383638048319895,333.5201066466774,372.5049327982074,433.1312563841751,0.1799553449394086,0.009166666666666667,0.006399266762409652,0.1955212783684849,2.3644787216315155,0.9388996005098484,467.8179138183594,0.0,0.0,467.8179138183594,595.5179138183594,3248.4844228813135,322.1230773925781,30.0,543.5201066466774,0.0,1,P01_G012_E52_A000,P01_G012,P01,M014,5839.683303059287,5860.626357918082,20.94305485879522,
E52_2cea01313b8862fcfb6b2e63,12.491838280776108,16.460055432828085,12.491838280776108,259.5957489704318,280.08528245838755,396.2542970131293,0.148442074342722,0.009166666666666667,0.006399266762409652,0.1640080077717983,2.3959919922282022,0.948747497571313,245.87440185546876,0.0,0.0,245.87440185546876,373.57440185546875,2971.90722759847,231.8917236328125,30.0,469.5957489704318,0.0,1,P01_G012_E52_A000,P01_G012,P01,M014,5839.683303059287,5860.626357918082,20.94305485879522,
E52_326bd9096774308657b14836,7.2143663517743875,6.820761438549596,6.820761438549596,254.20783025924425,275.6237299174474,379.92026256926977,0.1442126230476059,0.009166666666666667,0.006399266762409652,0.1597785564766822,2.4002214435233182,0.9500692011010368,256.9907958984375,0.0,0.0,256.9907958984375,384.6907958984375,2849.4019692695233,334.6907958984375,30.0,464.20783025924425,0.0,1,P01_G012_E52_A000,P01_G012,P01,M014,5839.683303059287,5860.626357918082,20.94305485879522,
E52_437c6a333219b14c3939f26c,7.583225995568327,6.0194831627628105,6.0194831627628105,277.09771274073506,296.211315442558,417.14117438283733,0.1570562493971614,0.009166666666666667,0.006399266762409652,0.1726221828262377,2.3873778171737627,0.9460555678668007,248.53977661132814,19.176544189453125,19.176544189453125,248.53977661132814,376.2397766113281,3128.55880787128,326.2397766113281,30.0,487.09771274073506,0.0,1,P01_G012_E52_A000,P01_G012,P01,M014,5839.683303059287,5860.626357918082,20.94305485879522,
E52_44ed69e1d99dc074a7941a18,9.394282270258245,8.900383690419545,8.900383690419545,188.27556058823757,199.0276355292369,299.7078152072368,0.1090911242968749,0.009166666666666667,0.006399266762409652,0.12465705772595122,2.4353429422740493,0.9610446694606403,139.59420471191407,10.569305419921875,10.569305419921875,139.59420471191407,267.29420471191406,2247.808614054276,217.29420471191406,30.0,398.27556058823757,0.0,1,P01_G012_E52_A000,P01_G012,P01,M014,5839.683303059287,5860.626357918082,20.94305485879522,
E52_4513f74e4ba51c209cccc792,1.9539009602077755,9.790974506635663,1.9539009602077755,548.6050089915749,589.1156759023821,854.1460165183059,0.3160741321008959,0.009166666666666667,0.006399266762409652,0.3316400655299722,2.2283599344700282,0.8963624795218836,486.1280029296875,0.0,0.0,486.1280029296875,613.8280029296875,6406.095123887295,391.8226318359375,30.0,758.6050089915749,0.0,1,P01_G012_E52_A000,P01_G012,P01,M014,5839.683303059287,5860.626357918082,20.94305485879522,
E52_4cf0fac9feb721651efb2830,10.474975965566955,17.82597875173802,10.474975965566955,242.69354898018014,267.32891198677197,337.5749199208095,0.13412057160327687,0.009166666666666667,0.006399266762409652,0.14968650503235317,2.4103134949676472,0.9532229671773896,295.6243560791016,0.0,0.0,295.6243560791016,423.32435607910156,2531.8118994060715,217.31182861328125,30.0,452.69354898018014,0.0,1,P01_G012_E52_A000,P01_G012,P01,M014,5839.683303059287,5860.626357918082,20.94305485879522,
E52_4d215302190bc5bfb29bf912,5.5225516339865095,16.37371485667674,5.5225516339865095,307.50969179304633,343.7570581260541,397.53518558804575,0.1656637075427803,0.009166666666666667,0.006399266762409652,0.1812296409718566,2.378770359028144,0.9433657371962948,434.96839599609376,0.0,0.0,434.96839599609376,562.6683959960938,2981.5138919103433,336.56707763671875,30.0,517.5096917930464,0.0,1,P01_G012_E52_A000,P01_G012,P01,M014,5839.683303059287,5860.626357918082,20.94305485879522,
E52_50c718ca7f326f764494c89d,18.086021586551382,13.080943299176411,13.080943299176411,350.85355156655817,370.1881015340061,585.6998033284289,0.20772710552759727,0.009166666666666667,0.006399266762409652,0.22329303895667357,2.336706961043327,0.9302209253260395,232.014599609375,0.0,0.0,232.014599609375,359.714599609375,4392.748524963216,275.29461669921875,30.0,560.8535515665582,0.0,1,P01_G012_E52_A000,P01_G012,P01,M014,5839.683303059287,5860.626357918082,20.94305485879522,
E52_515a3b7c8d98426ee13f2b4e,11.659408258882053,17.07508762021844,11.659408258882053,242.68536134104386,262.0561394884234,369.14605379781034,0.13858886614696947,0.009166666666666667,0.006399266762409652,0.15415479957604578,2.4058452004239546,0.9518266251324857,232.4493377685547,0.0,0.0,232.4493377685547,360.1493377685547,2768.5954034835777,210.1493377685547,30.0,452.68536134104386,0.0,1,P01_G012_E52_A000,P01_G012,P01,M014,5839.683303059287,5860.626357918082,20.94305485879522,
E52_60b0dc656c777ee2cc2279b1,2.4657677917766563,0.21315146591224732,0.21315146591224732,563.4362729251038,615.9641949832094,811.705013501575,0.3153381258454166,0.009166666666666667,0.006399266762409652,0.3309040592744929,2.2290959407255078,0.896592481476721,630.3350646972656,0.0,0.0,630.3350646972656,758.0350646972656,6087.787601261813,495.9024353027344,30.0,773.4362729251038,0.0,1,P01_G012_E52_A000,P01_G012,P01,M014,5839.683303059287,5860.626357918082,20.94305485879522,
E52_60b76d98beea93305f35c25d,11.830850374974176,16.79058398580294,11.830850374974176,271.8613885249859,299.0873836523459,380.3668062858116,0.15055421784231732,0.009166666666666667,0.006399266762409652,0.16612015127139362,2.393879848728607,0.9480874527276895,326.7119415283203,0.0,0.0,326.7119415283203,454.4119415283203,2852.751047143587,241.2421875,30.0,481.8613885249859,0.0,1,P01_G012_E52_A000,P01_G012,P01,M014,5839.683303059287,5860.626357918082,20.94305485879522,
E52_68694062ed2e2e792aeb51a9,8.476534814146575,17.695890544520793,8.476534814146575,262.3147609906027,292.8212075746684,341.5908424768108,0.1416674545099547,0.009166666666666667,0.006399266762409652,0.157233387939031,2.4027666120609696,0.9508645662690528,366.0773590087891,0.0,0.0,366.0773590087891,493.77735900878906,2561.931318576081,213.8477783203125,30.0,472.3147609906027,0.0,1,P01_G012_E52_A000,P01_G012,P01,M014,5839.683303059287,5860.626357918082,20.94305485879522,
E52_6aa461eda22a4c53e6730e81,7.084600655325886,6.478254834226846,6.478254834226846,265.8104536255181,288.3542041341444,395.1560268799425,0.15046620221455187,0.009166666666666667,0.006399266762409652,0.16603213564362818,2.393967864356372,0.9481149576113662,271.555615234375,1.030609130859375,1.030609130859375,271.555615234375,399.255615234375,2963.670201599569,349.255615234375,30.0,475.8104536255181,0.0,1,P01_G012_E52_A000,P01_G012,P01,M014,5839.683303059287,5860.626357918082,20.94305485879522,
E52_6dc095df8eb6475486134b5c,3.6222310117809684,12.905188948092743,3.6222310117809684,424.06014837873875,466.2734748964797,594.8403376510322,0.23505698741925235,0.009166666666666667,0.006399266762409652,0.25062292084832866,2.309377079151672,0.9216803372348973,506.55991821289064,0.0,0.0,506.55991821289064,634.2599182128906,4461.302532382741,440.2059631347656,30.0,634.0601483787387,0.0,1,P01_G012_E52_A000,P01_G012,P01,M014,5839.683303059287,5860.626357918082,20.94305485879522,
E52_73baea82bbbffa2db9d7426a,7.896001037691406,5.711384152670419,5.711384152670419,297.3854850658978,324.64222792478455,431.2305129784753,0.16683515196021612,0.009166666666666667,0.006399266762409652,0.18240108538929242,2.377598914610708,0.9429996608158461,327.08091430664064,0.0,0.0,327.08091430664064,454.7809143066406,3234.2288473385647,335.390380859375,30.0,507.3854850658978,0.0,1,P01_G012_E52_A000,P01_G012,P01,M014,5839.683303059287,5860.626357918082,20.94305485879522,
E52_7547086a1218012670f76a62,12.04054529641202,2.277872015791573,2.277872015791573,370.7957901832663,387.27013608984186,642.7455049270795,0.2228984084752749,0.009166666666666667,0.006399266762409652,0.2384643419043512,2.3215356580956494,0.9254798931548902,197.69215087890626,0.0,0.0,197.69215087890626,325.39215087890625,4820.591286953097,275.39215087890625,30.0,580.7957901832663,0.0,1,P01_G012_E52_A000,P01_G012,P01,M014,5839.683303059287,5860.626357918082,20.94305485879522,
E52_76b4f0bdabd1ccab126282dd,11.255980449075125,17.180198899819032,11.255980449075125,244.7670432960008,265.6078646257534,364.489158613486,0.13866967590706417,0.009166666666666667,0.006399266762409652,0.15423560933614047,2.40576439066386,0.9518013720824561,250.08985595703126,0.0,0.0,250.08985595703126,377.78985595703125,2733.6686896011447,241.2421875,30.0,454.7670432960008,0.0,1,P01_G012_E52_A000,P01_G012,P01,M014,5839.683303059287,5860.626357918082,20.94305485879522,
E52_8ca7795ffa642a3b129c0a3d,7.859962629989255,15.730152054416479,7.859962629989255,330.94608252023,369.9122522589995,428.0951466078428,0.17832668261553564,0.009166666666666667,0.006399266762409652,0.19389261604461194,2.3661073839553888,0.9394085574860588,467.5940368652344,0.0,0.0,467.5940368652344,595.2940368652344,3210.713599558821,335.390380859375,30.0,540.94608252023,0.0,1,P01_G012_E52_A000,P01_G012,P01,M014,5839.683303059287,5860.626357918082,20.94305485879522,
E52_9026ce0d2a5dd9a75ef73c8e,6.132763908620589,6.720084116703532,6.132763908620589,248.61637070099954,267.37077642202814,384.70630707582717,0.14290187810434732,0.009166666666666667,0.006399266762409652,0.15846781153342362,2.401532188466577,0.9504788088958052,225.05286865234376,0.0,0.0,225.05286865234376,352.75286865234375,2885.297303068704,302.75286865234375,30.0,458.61637070099954,0.0,1,P01_G012_E52_A000,P01_G012,P01,M014,5839.683303059287,5860.626357918082,20.94305485879522,
E52_96da4f081c74d8211b4b244f,12.224058481638508,12.47027426673894,12.224058481638508,406.4445801679392,437.368205859671,627.3474061854878,0.23339590098708082,0.009166666666666667,0.006399266762409652,0.24896183441615713,2.3110381655838435,0.9221994267449509,371.08350830078126,0.0,0.0,371.08350830078126,498.78350830078125,4705.105546391158,251.37640380859375,30.0,616.4445801679392,0.0,1,P01_G012_E52_A000,P01_G012,P01,M014,5839.683303059287,5860.626357918082,20.94305485879522,
E52_a1af1f4ab7d520e82e20be53,3.48132259544451,0.45430012492889205,0.45430012492889205,547.7224457312177,598.7128286250978,789.5025940991541,0.30660524396013417,0.009166666666666667,0.006399266762409652,0.3221711773892105,2.23782882261079,0.8993215070658718,611.8845947265625,0.0,0.0,611.8845947265625,739.5845947265625,5921.269455743655,492.6366271972656,30.0,757.7224457312177,0.0,1,P01_G012_E52_A000,P01_G012,P01,M014,5839.683303059287,5860.626357918082,20.94305485879522,
E52_a3836b1674b2d70f748125c1,9.882038577067178,18.388582284998307,9.882038577067178,238.77143733771516,265.74771093797557,315.68523307386783,0.1296256139323784,0.009166666666666667,0.006399266762409652,0.1451915473614547,2.4148084526385456,0.9546276414495454,323.715283203125,0.0,0.0,323.715283203125,451.415283203125,2367.639248054009,217.29420471191406,30.0,448.77143733771516,0.0,1,P01_G012_E52_A000,P01_G012,P01,M014,5839.683303059287,5860.626357918082,20.94305485879522,
E52_a77602565c04dca5831f9b7a,8.012774217697029,15.758600383852013,8.012774217697029,295.3505394617105,322.31471665694164,428.9160157520343,0.16578365241547813,0.009166666666666667,0.006399266762409652,0.18134958584455443,2.378650414155446,0.9433282544235767,323.57012634277345,0.0,0.0,323.57012634277345,451.27012634277344,3216.870118140257,284.58648681640625,30.0,505.3505394617105,0.0,1,P01_G012_E52_A000,P01_G012,P01,M014,5839.683303059287,5860.626357918082,20.94305485879522,
E52_aaa387ee3ee3170bd804334d,1.3857904372558778,18.409477866986336,1.3857904372558778,263.5215778829557,299.2286101502083,312.8009621623957,0.13801933350380158,0.009166666666666667,0.006399266762409652,0.15358526693287788,2.4064147330671224,0.9520046040834756,428.48438720703126,0.0,0.0,428.48438720703126,556.1843872070312,2346.0072162179677,386.9435729980469,30.0,473.5215778829557,0.0,1,P01_G012_E52_A000,P01_G012,P01,M014,5839.683303059287,5860.626357918082,20.94305485879522,
E52_afb1e3673ff3adbe9c45b8fc,5.87250848960629,6.956106286850726,5.87250848960629,250.21040235058808,271.27175132926646,374.0527108291059,0.1419599864782851,0.009166666666666667,0.006399266762409652,0.1575259199073614,2.402474080092639,0.9507731500289496,252.73618774414064,0.0,0.0,252.73618774414064,380.4361877441406,2805.395331218294,291.6474609375,30.0,460.2104023505881,0.0,1,P01_G012_E52_A000,P01_G012,P01,M014,5839.683303059287,5860.626357918082,20.94305485879522,
E52_b544b4d7beda1d6ed7fbeefb,7.690780607194881,16.252686834440453,7.690780607194881,293.91354735972715,324.49113296153376,404.3615811086144,0.16179511839250177,0.009166666666666667,0.006399266762409652,0.17736105182157808,2.3826389481784225,0.9445746713057569,366.9310272216797,0.0,0.0,366.9310272216797,494.6310272216797,3032.711858314608,277.91845703125,30.0,503.91354735972715,0.0,1,P01_G012_E52_A000,P01_G012,P01,M014,5839.683303059287,5860.626357918082,20.94305485879522,
E52_b60e4d2a4cdcd5801a5d757f,7.482025772350141,16.480566458341656,7.482025772350141,308.26023760270465,345.626388522301,392.32356968783114,0.16519254750221457,0.009166666666666667,0.006399266762409652,0.18075848093129088,2.3792415190687097,0.9435129747089716,448.39381103515626,0.0,0.0,448.39381103515626,576.0938110351562,2942.4267726587336,326.2397766113281,30.0,518.2602376027046,0.0,1,P01_G012_E52_A000,P01_G012,P01,M014,5839.683303059287,5860.626357918082,20.94305485879522,
E52_b677873645e212a13901ede2,1.3495582062256943,9.230718628911887,1.3495582062256943,575.9444140089429,616.0268887810784,911.3939793850733,0.3339048259552679,0.009166666666666667,0.006399266762409652,0.3494707593843442,2.2105292406156565,0.8907903876923925,480.989697265625,0.0,0.0,480.989697265625,608.689697265625,6835.45484538805,390.4056396484375,30.0,785.9444140089429,0.0,1,P01_G012_E52_A000,P01_G012,P01,M014,5839.683303059287,5860.626357918082,20.94305485879522,
E52_b6789310c1ab16898a769b78,16.800623058729613,2.625622464396969,2.625622464396969,372.38145547243056,389.4038741939475,617.4514627840539,0.21924054354678854,0.009166666666666667,0.006399266762409652,0.23480647697586485,2.3251935230241356,0.9266229759450423,225.84925537109376,21.580230712890625,21.580230712890625,225.84925537109376,353.54925537109375,4630.885970880404,303.54925537109375,30.0,582.3814554724306,0.0,1,P01_G012_E52_A000,P01_G012,P01,M014,5839.683303059287,5860.626357918082,20.94305485879522,
E52_b7c433bb400c5a28313b13f0,7.991702996840729,16.00220965111248,7.991702996840729,270.63016208552887,291.2047849391259,417.8125870494757,0.1554195344851095,0.009166666666666667,0.006399266762409652,0.1709854679141858,2.3890145320858145,0.9465670412768169,246.89547424316407,0.0,0.0,246.89547424316407,374.59547424316406,3133.594402871068,284.58648681640625,30.0,480.63016208552887,0.0,1,P01_G012_E52_A000,P01_G012,P01,M014,5839.683303059287,5860.626357918082,20.94305485879522,
E52_b8aeee13ee5f313ffdb298e7,2.4384086766791597,0.32052137756616617,0.32052137756616617,550.9628084392909,600.9445446860357,802.0351993981131,0.309532562555218,0.009166666666666667,0.006399266762409652,0.3250984959842943,2.2349015040157063,0.8984067200049081,599.7808349609375,0.0,0.0,599.7808349609375,727.4808349609375,6015.263995485849,485.42230224609375,30.0,760.9628084392909,0.0,1,P01_G012_E52_A000,P01_G012,P01,M014,5839.683303059287,5860.626357918082,20.94305485879522,
E52_be69bdf55826f2eb34075d09,11.920007592895658,12.029424972929434,11.920007592895658,457.6877788138426,500.48965717077624,658.5642874860837,0.25604119113741575,0.009166666666666667,0.006399266762409652,0.27160712456649205,2.2883928754335083,0.9151227735729712,513.6225402832031,0.0,0.0,513.6225402832031,641.3225402832031,4939.232156145627,341.3225402832031,30.0,667.6877788138427,0.0,1,P01_G012_E52_A000,P01_G012,P01,M014,5839.683303059287,5860.626357918082,20.94305485879522,
E52_bfffb2993ede6e2e2bd9340b,17.722597850254303,13.053008949478723,13.053008949478723,400.85355156655817,436.85476820067277,585.6998033284289,0.22550922551216515,0.009166666666666667,0.006399266762409652,0.24107515894124146,2.318924841058759,0.9246640128308621,432.014599609375,0.0,0.0,432.014599609375,559.714599609375,4392.748524963216,275.29461669921875,30.0,610.8535515665582,0.0,1,P01_G012_E52_A000,P01_G012,P01,M014,5839.683303059287,5860.626357918082,20.94305485879522,
E52_c0294c7ff44d44fc4ede8d97,7.161390638552078,16.7256600789149,7.161390638552078,316.70783025924425,358.9570632507807,379.92026256926977,0.16644027302831577,0.009166666666666667,0.006399266762409652,0.18200620645739207,2.3779937935426085,0.943123060482065,506.9907958984375,0.0,0.0,506.9907958984375,634.6907958984375,2849.4019692695233,334.6907958984375,30.0,526.7078302592442,0.0,1,P01_G012_E52_A000,P01_G012,P01,M014,5839.683303059287,5860.626357918082,20.94305485879522,
E52_c10a50247c57c0340b451298,3.3764867597619173,3.1495087650690863,3.1495087650690863,410.4813485396202,450.8988478275434,578.4577013517014,0.22790762835174688,0.009166666666666667,0.006399266762409652,0.2434735617808232,2.3165264382191775,0.9239145119434927,485.00999145507814,0.0,0.0,485.00999145507814,612.7099914550781,4338.432760137761,515.4917602539062,30.0,620.4813485396203,0.0,1,P01_G012_E52_A000,P01_G012,P01,M014,5839.683303059287,5860.626357918082,20.94305485879522,
E52_c76d93c5902d0dc017f7065c,7.748159243147754,16.05706218628906,7.748159243147754,260.86241804033426,278.57034040361555,415.47730190098105,0.1516149798935124,0.009166666666666667,0.006399266762409652,0.16718091332258872,2.3928190866774117,0.947755964586691,212.495068359375,0.0,0.0,212.495068359375,340.195068359375,3116.079764257358,277.91845703125,30.0,470.86241804033426,0.0,1,P01_G012_E52_A000,P01_G012,P01,M014,5839.683303059287,5860.626357918082,20.94305485879522,
E52_d22cbe82615c6d2ee0ebf49f,7.8294709435537015,15.758568264926964,7.8294709435537015,318.17309843891866,352.9726015110215,427.5491784452201,0.1737067461230003,0.009166666666666667,0.006399266762409652,0.1892726795520766,2.370727320447924,0.9408522876399761,417.5940368652344,0.0,0.0,417.5940368652344,545.2940368652344,3206.618838339151,335.390380859375,30.0,528.1730984389187,0.0,1,P01_G012_E52_A000,P01_G012,P01,M014,5839.683303059287,5860.626357918082,20.94305485879522,
E52_dbec4f1422e98765afb262aa,6.351848861521901,16.38523852602286,6.351848861521901,322.5402116809159,364.1002534899979,395.72017250733956,0.1707521496628321,0.009166666666666667,0.006399266762409652,0.1863180830919084,2.373681916908092,0.9417755990337786,498.7205017089844,0.0,0.0,498.7205017089844,626.4205017089844,2967.901293805047,326.4205017089844,30.0,532.540211680916,0.0,1,P01_G012_E52_A000,P01_G012,P01,M014,5839.683303059287,5860.626357918082,20.94305485879522,
E52_dc4c132291b7b9525a26c82f,7.7089702855979,16.290878065555617,7.7089702855979,256.41354735972715,274.49113296153376,404.3615811086144,0.14845852840407586,0.009166666666666667,0.006399266762409652,0.16402446183315217,2.3959755381668484,0.9487423556771399,216.9310272216797,0.0,0.0,216.9310272216797,344.6310272216797,3032.711858314608,277.91845703125,30.0,466.41354735972715,0.0,1,P01_G012_E52_A000,P01_G012,P01,M014,5839.683303059287,5860.626357918082,20.94305485879522,
E52_dd12fb0cc4aee52816704b73,3.2542253076256458,0.5498680641518376,0.5498680641518376,547.6210002825783,600.0718247658139,780.5370536657424,0.3052994367315811,0.009166666666666667,0.006399266762409652,0.3208653701606574,2.2391346298393433,0.8997295718247945,629.4098937988281,0.0,0.0,629.4098937988281,757.1098937988281,5854.027902493068,543.108642578125,30.0,757.6210002825783,0.0,1,P01_G012_E52_A000,P01_G012,P01,M014,5839.683303059287,5860.626357918082,20.94305485879522,
E52_de2c36302e014a6d0284c896,7.523137168092717,15.994052628622484,7.523137168092717,325.41177480357015,364.7238282296769,414.95122905049965,0.1744969638873427,0.009166666666666667,0.006399266762409652,0.190062897316419,2.3699371026835814,0.9406053445886191,471.74464111328126,0.0,0.0,471.74464111328126,599.4446411132812,3112.134217878747,325.15069580078125,30.0,535.4117748035701,0.0,1,P01_G012_E52_A000,P01_G012,P01,M014,5839.683303059287,5860.626357918082,20.94305485879522,
E52_e0325aad0b87e7c07e10fc2c,7.6158117708131385,5.987785159048158,5.987785159048158,275.1983248954777,294.96932963587483,418.60161500091635,0.15682137892336617,0.009166666666666667,0.006399266762409652,0.17238731235244248,2.387612687647558,0.9461289648898618,248.53977661132814,11.2877197265625,11.2877197265625,248.53977661132814,376.2397766113281,3139.5121125068727,326.2397766113281,30.0,485.1983248954777,0.0,1,P01_G012_E52_A000,P01_G012,P01,M014,5839.683303059287,5860.626357918082,20.94305485879522,
E52_e0cd6bab1a22c4530d9a254c,6.393778234866744,6.471069764274475,6.393778234866744,260.0402116809159,280.7669201566646,395.72017250733956,0.14852449968212222,0.009166666666666667,0.006399266762409652,0.16409043311119853,2.395909566888802,0.9487217396527504,248.7205017089844,0.0,0.0,248.7205017089844,376.4205017089844,2967.901293805047,326.4205017089844,30.0,470.0402116809159,0.0,1,P01_G012_E52_A000,P01_G012,P01,M014,5839.683303059287,5860.626357918082,20.94305485879522,
E52_ea76d341ab82f2ebc1fa1efe,7.566576333925681,6.056283714240493,6.056283714240493,275.41177480357015,298.05716156301025,414.95122905049965,0.15671484390277482,0.009166666666666667,0.006399266762409652,0.17228077733185113,2.3877192226681494,0.9461622570837965,271.74464111328126,0.0,0.0,271.74464111328126,399.44464111328125,3112.134217878747,325.15069580078125,30.0,485.41177480357015,0.0,1,P01_G012_E52_A000,P01_G012,P01,M014,5839.683303059287,5860.626357918082,20.94305485879522,
E52_eab18c460278cfbad2c20da0,8.497544236326178,7.760329046990023,7.760329046990023,212.31476099060268,226.15454090800176,341.5908424768108,0.12388533452538679,0.009166666666666667,0.006399266762409652,0.1394512679544631,2.420548732045537,0.9564214787642302,166.07735900878907,0.0,0.0,166.07735900878907,293.77735900878906,2561.931318576081,213.8477783203125,30.0,422.3147609906027,0.0,1,P01_G012_E52_A000,P01_G012,P01,M014,5839.683303059287,5860.626357918082,20.94305485879522,
E52_eddf192c3626d88d236d26e4,9.274928805337098,17.034187922993553,9.274928805337098,241.72684180786888,260.473536754158,370.9735139380034,0.13850678679446915,0.009166666666666667,0.006399266762409652,0.15407272022354546,2.405927279776455,0.951852274930142,224.96033935546876,0.0,0.0,224.96033935546876,352.66033935546875,2782.3013545350254,199.07135009765625,30.0,451.7268418078689,0.0,1,P01_G012_E52_A000,P01_G012,P01,M014,5839.683303059287,5860.626357918082,20.94305485879522,
E52_f2fabdd802684ffd17ed2273,5.863633195118808,16.925225818485302,5.863633195118808,275.2104023505881,304.60508466259984,374.0527108291059,0.15085104647056902,0.009166666666666667,0.006399266762409652,0.16641697989964532,2.393583020100355,0.9479946937813608,352.73618774414064,0.0,0.0,352.73618774414064,480.4361877441406,2805.395331218294,291.6474609375,30.0,485.2104023505881,0.0,1,P01_G012_E52_A000,P01_G012,P01,M014,5839.683303059287,5860.626357918082,20.94305485879522,
E52_fd527d975e1813662620f82c,12.4786341417295,12.45056667278017,12.45056667278017,418.2192341110554,452.9085204066283,628.3027504486734,0.23771876612520712,0.009166666666666667,0.006399266762409652,0.25328469955428345,2.306715300445717,0.9208485313892865,416.271435546875,0.0,0.0,416.271435546875,543.971435546875,4712.2706283650505,306.8754577636719,30.0,628.2192341110554,0.0,1,P01_G012_E52_A000,P01_G012,P01,M014,5839.683303059287,5860.626357918082,20.94305485879522,
E52_ef8fa59407d07a2296b5f591,5.532797447789321,0.3151276047193221,0.3151276047193221,505.85939793409244,540.3898465933535,804.5361039126185,0.29384606362066074,0.009166666666666667,0.006399266762409652,0.30941199704973704,2.2505880029502636,0.9033087509219572,414.3653839111328,0.0,0.0,414.3653839111328,542.0653839111328,6034.020779344639,284.8677062988281,30.0,715.8593979340924,0.0,1,P01_G012_E52_A000,P01_G012,P01,M014,5839.683303059287,5860.626357918082,20.94305485879522,
E52_82c821a5773d0bfbe554f10a,8.118001245539844,11.397135806608844,8.118001245539844,512.9354114719376,566.0737563002253,707.0407539741487,0.2825549862639304,0.009166666666666667,0.006399266762409652,0.2981209196930067,2.261879080306994,0.9068372125959354,637.6601379394531,0.0,0.0,637.6601379394531,765.3601379394531,5302.805654806116,465.3601379394531,30.0,722.9354114719376,0.0,1,P01_G012_E52_A000,P01_G012,P01,M014,5839.683303059287,5860.626357918082,20.94305485879522,
E52_b6789310c1ab16898a769b78,15.706200065217104,2.625622464396969,2.625622464396969,372.38145547243056,389.4038741939475,617.4514627840539,0.21924054354678854,0.009166666666666667,0.12438986572637256,0.3527970759398278,2.207202924060173,0.8897509137688038,225.84925537109376,21.580230712890625,21.580230712890625,225.84925537109376,353.54925537109375,4630.885970880404,303.54925537109375,30.0,582.3814554724306,0.0,1,P01_G013_E52_A000,P01_G013,P01,M014,5872.5938178373935,6279.687923850976,407.09410601358286,
E52_0c9d91fc306062a18ada9948,5.682714654617925,15.697900697510477,5.682714654617925,331.42241999480143,370.2725110389095,429.7442937249544,0.1787296459836012,0.009166666666666667,0.12438986572637256,0.3122861783766404,2.24771382162336,0.9024105692572999,466.2010925292969,0.0,0.0,466.2010925292969,593.9010925292969,3223.082202937158,326.7436828613281,30.0,541.4224199948014,0.0,1,P01_G013_E52_A000,P01_G013,P01,M014,5872.5938178373935,6279.687923850976,407.09410601358286,
E52_189eb019491ad876aa165071,4.7107574847429134,3.8094716871601975,3.8094716871601975,403.09916814168594,448.35288467407526,534.676037089036,0.21908171065325852,0.009166666666666667,0.12438986572637256,0.35263824304629776,2.207361756953703,0.889800549048032,543.0445983886718,0.0,0.0,543.0445983886718,670.7445983886719,4010.07027816777,391.87322998046875,30.0,613.0991681416859,0.0,1,P01_G013_E52_A000,P01_G013,P01,M014,5872.5938178373935,6279.687923850976,407.09410601358286,
E52_1ef47ef68c1879e18ddbb164,9.226704543690047,9.684707827919368,9.226704543690047,525.9457118932837,556.9823492630754,865.6715995678175,0.30964781577290457,0.009166666666666667,0.12438986572637256,0.4432043481659438,2.1167956518340567,0.8614986411981426,372.4396484375,0.0,0.0,372.4396484375,500.1396484375,6492.536996758631,304.7821350097656,30.0,735.9457118932837,0.0,1,P01_G013_E52_A000,P01_G013,P01,M014,5872.5938178373935,6279.687923850976,407.09410601358286,
E52_214ce9a3b3bd3fa9c582335a,6.700573680437259,15.138353346483314,6.700573680437259,331.46735474952504,365.31699057309277,459.8368945576438,0.1830074384559416,0.009166666666666667,0.12438986572637256,0.3165639708489808,2.24343602915102,0.9010737591096936,406.1956298828125,0.0,0.0,406.1956298828125,533.8956298828125,3448.7767091823284,283.8956298828125,30.0,541.467354749525,0.0,1,P01_G013_E52_A000,P01_G013,P01,M014,5872.5938178373935,6279.687923850976,407.09410601358286,
E52_27bf01e9e990859ae5993708,5.457169743955134,15.932490639468014,5.457169743955134,318.6138217216496,355.0514931287134,418.60161500091635,0.17259630304263499,0.009166666666666667,0.12438986572637256,0.3061528354356742,2.253847164564326,0.9043272389263518,437.25205688476564,0.0,0.0,437.25205688476564,564.9520568847656,3139.5121125068727,326.2397766113281,30.0,528.6138217216496,0.0,1,P01_G013_E52_A000,P01_G013,P01,M014,5872.5938178373935,6279.687923850976,407.09410601358286,
E52_27fdcb9bc2da20af468e67a1,6.104218633281988,15.630401191469062,6.104218633281988,333.5201066466774,372.5049327982074,433.1312563841751,0.1799553449394086,0.009166666666666667,0.12438986572637256,0.3135118773324478,2.246488122667553,0.90202753833361,467.8179138183594,0.0,0.0,467.8179138183594,595.5179138183594,3248.4844228813135,322.1230773925781,30.0,543.5201066466774,0.0,1,P01_G013_E52_A000,P01_G013,P01,M014,5872.5938178373935,6279.687923850976,407.09410601358286,
E52_2cea01313b8862fcfb6b2e63,8.362609841558438,16.460055432828085,8.362609841558438,259.5957489704318,280.08528245838755,396.2542970131293,0.148442074342722,0.009166666666666667,0.12438986572637256,0.2819986067357612,2.278001393264239,0.9118754353950747,245.87440185546876,0.0,0.0,245.87440185546876,373.57440185546875,2971.90722759847,231.8917236328125,30.0,469.5957489704318,0.0,1,P01_G013_E52_A000,P01_G013,P01,M014,5872.5938178373935,6279.687923850976,407.09410601358286,
E52_4cf0fac9feb721651efb2830,6.998212924039663,17.82597875173802,6.998212924039663,242.69354898018014,267.32891198677197,337.5749199208095,0.13412057160327687,0.009166666666666667,0.12438986572637256,0.26767710399631606,2.2923228960036846,0.9163509050011512,295.6243560791016,0.0,0.0,295.6243560791016,423.32435607910156,2531.8118994060715,217.31182861328125,30.0,452.69354898018014,0.0,1,P01_G013_E52_A000,P01_G013,P01,M014,5872.5938178373935,6279.687923850976,407.09410601358286,
E52_4d215302190bc5bfb29bf912,3.785853652478636,16.37371485667674,3.785853652478636,307.50969179304633,343.7570581260541,397.53518558804575,0.1656637075427803,0.009166666666666667,0.12438986572637256,0.2992202399358195,2.260779760064181,0.9064936750200564,434.96839599609376,0.0,0.0,434.96839599609376,562.6683959960938,2981.5138919103433,336.56707763671875,30.0,517.5096917930464,0.0,1,P01_G013_E52_A000,P01_G013,P01,M014,5872.5938178373935,6279.687923850976,407.09410601358286,
E52_50c718ca7f326f764494c89d,14.334642037780668,13.080943299176411,13.080943299176411,350.85355156655817,370.1881015340061,585.6998033284289,0.20772710552759727,0.009166666666666667,0.12438986572637256,0.3412836379206365,2.218716362079364,0.8933488631498011,232.014599609375,0.0,0.0,232.014599609375,359.714599609375,4392.748524963216,275.29461669921875,30.0,560.8535515665582,0.0,1,P01_G013_E52_A000,P01_G013,P01,M014,5872.5938178373935,6279.687923850976,407.09410601358286,
E52_515a3b7c8d98426ee13f2b4e,7.786538932173912,17.07508762021844,7.786538932173912,242.68536134104386,262.0561394884234,369.14605379781034,0.13858886614696947,0.009166666666666667,0.12438986572637256,0.2721453985400087,2.287854601459992,0.9149545629562473,232.4493377685547,0.0,0.0,232.4493377685547,360.1493377685547,2768.5954034835777,210.1493377685547,30.0,452.68536134104386,0.0,1,P01_G013_E52_A000,P01_G013,P01,M014,5872.5938178373935,6279.687923850976,407.09410601358286,
E52_60b76d98beea93305f35c25d,7.924907482409168,16.79058398580294,7.924907482409168,271.8613885249859,299.0873836523459,380.3668062858116,0.15055421784231732,0.009166666666666667,0.12438986572637256,0.28411075023535654,2.275889249764644,0.9112153905514511,326.7119415283203,0.0,0.0,326.7119415283203,454.4119415283203,2852.751047143587,241.2421875,30.0,481.8613885249859,0.0,1,P01_G013_E52_A000,P01_G013,P01,M014,5872.5938178373935,6279.687923850976,407.09410601358286,
E52_68694062ed2e2e792aeb51a9,5.8056357366346845,17.695890544520793,5.8056357366346845,262.3147609906027,292.8212075746684,341.5908424768108,0.1416674545099547,0.009166666666666667,0.12438986572637256,0.2752239869029939,2.2847760130970065,0.9139925040928144,366.0773590087891,0.0,0.0,366.0773590087891,493.77735900878906,2561.931318576081,213.8477783203125,30.0,472.3147609906027,0.0,1,P01_G013_E52_A000,P01_G013,P01,M014,5872.5938178373935,6279.687923850976,407.09410601358286,
E52_7547086a1218012670f76a62,1.72450856648004,2.277872015791573,1.72450856648004,370.7957901832663,387.27013608984186,642.7455049270795,0.2228984084752749,0.009166666666666667,0.12438986572637256,0.3564549408683141,2.2035450591316863,0.8886078309786518,197.69215087890626,0.0,0.0,197.69215087890626,325.39215087890625,4820.591286953097,275.39215087890625,30.0,580.7957901832663,0.0,1,P01_G013_E52_A000,P01_G013,P01,M014,5872.5938178373935,6279.687923850976,407.09410601358286,
E52_76b4f0bdabd1ccab126282dd,7.552690382552015,17.180198899819032,7.552690382552015,244.7670432960008,265.6078646257534,364.489158613486,0.13866967590706417,0.009166666666666667,0.12438986572637256,0.27222620830010336,2.2877737916998973,0.9149293099062177,250.08985595703126,0.0,0.0,250.08985595703126,377.78985595703125,2733.6686896011447,241.2421875,30.0,454.7670432960008,0.0,1,P01_G013_E52_A000,P01_G013,P01,M014,5872.5938178373935,6279.687923850976,407.09410601358286,
E52_8ca7795ffa642a3b129c0a3d,5.700721261922126,15.730152054416479,5.700721261922126,330.94608252023,369.9122522589995,428.0951466078428,0.17832668261553564,0.009166666666666667,0.12438986572637256,0.31188321500857485,2.2481167849914256,0.9025364953098204,467.5940368652344,0.0,0.0,467.5940368652344,595.2940368652344,3210.713599558821,335.390380859375,30.0,540.94608252023,0.0,1,P01_G013_E52_A000,P01_G013,P01,M014,5872.5938178373935,6279.687923850976,407.09410601358286,
E52_96da4f081c74d8211b4b244f,11.344550318144897,12.47027426673894,11.344550318144897,406.4445801679392,437.368205859671,627.3474061854878,0.23339590098708082,0.009166666666666667,0.12438986572637256,0.36695243338012007,2.1930475666198803,0.8853273645687125,371.08350830078126,0.0,0.0,371.08350830078126,498.78350830078125,4705.105546391158,251.37640380859375,30.0,616.4445801679392,0.0,1,P01_G013_E52_A000,P01_G013,P01,M014,5872.5938178373935,6279.687923850976,407.09410601358286,
E52_a3836b1674b2d70f748125c1,6.57521379218305,18.388582284998307,6.57521379218305,238.77143733771516,265.74771093797557,315.68523307386783,0.1296256139323784,0.009166666666666667,0.12438986572637256,0.2631821463254176,2.296817853674583,0.917755579273307,323.715283203125,0.0,0.0,323.715283203125,451.415283203125,2367.639248054009,217.29420471191406,30.0,448.77143733771516,0.0,1,P01_G013_E52_A000,P01_G013,P01,M014,5872.5938178373935,6279.687923850976,407.09410601358286,
E52_aaa387ee3ee3170bd804334d,0.0961803787852773,18.409477866986336,0.0961803787852773,263.5215778829557,299.2286101502083,312.8009621623957,0.13801933350380158,0.009166666666666667,0.12438986572637256,0.2715758658968408,2.2884241341031597,0.9151325419072373,428.48438720703126,0.0,0.0,428.48438720703126,556.1843872070312,2346.0072162179677,386.9435729980469,30.0,473.5215778829557,0.0,1,P01_G013_E52_A000,P01_G013,P01,M014,5872.5938178373935,6279.687923850976,407.09410601358286,
E52_b544b4d7beda1d6ed7fbeefb,5.48852053666009,16.252686834440453,5.48852053666009,293.91354735972715,324.49113296153376,404.3615811086144,0.16179511839250177,0.009166666666666667,0.12438986572637256,0.295351650785541,2.2646483492144593,0.9077026091295184,366.9310272216797,0.0,0.0,366.9310272216797,494.6310272216797,3032.711858314608,277.91845703125,30.0,503.91354735972715,0.0,1,P01_G013_E52_A000,P01_G013,P01,M014,5872.5938178373935,6279.687923850976,407.09410601358286,
E52_b60e4d2a4cdcd5801a5d757f,5.286593515944801,16.480566458341656,5.286593515944801,308.26023760270465,345.626388522301,392.32356968783114,0.16519254750221457,0.009166666666666667,0.12438986572637256,0.2987490798952538,2.2612509201047466,0.9066409125327332,448.39381103515626,0.0,0.0,448.39381103515626,576.0938110351562,2942.4267726587336,326.2397766113281,30.0,518.2602376027046,0.0,1,P01_G013_E52_A000,P01_G013,P01,M014,5872.5938178373935,6279.687923850976,407.09410601358286,
E52_be69bdf55826f2eb34075d09,12.089343064167153,12.029424972929434,12.029424972929434,457.6877788138426,500.48965717077624,658.5642874860837,0.25604119113741575,0.009166666666666667,0.12438986572637256,0.38959772353045496,2.1704022764695456,0.8782507113967328,513.6225402832031,0.0,0.0,513.6225402832031,641.3225402832031,4939.232156145627,341.3225402832031,30.0,667.6877788138427,0.0,1,P01_G013_E52_A000,P01_G013,P01,M014,5872.5938178373935,6279.687923850976,407.09410601358286,
E52_bfffb2993ede6e2e2bd9340b,14.028371400881156,13.053008949478723,13.053008949478723,400.85355156655817,436.85476820067277,585.6998033284289,0.22550922551216515,0.009166666666666667,0.12438986572637256,0.35906575790520434,2.200934242094796,0.8877919506546237,432.014599609375,0.0,0.0,432.014599609375,559.714599609375,4392.748524963216,275.29461669921875,30.0,610.8535515665582,0.0,1,P01_G013_E52_A000,P01_G013,P01,M014,5872.5938178373935,6279.687923850976,407.09410601358286,
E52_c0294c7ff44d44fc4ede8d97,5.006362490083006,16.7256600789149,5.006362490083006,316.70783025924425,358.9570632507807,379.92026256926977,0.16644027302831577,0.009166666666666667,0.12438986572637256,0.299996805421355,2.2600031945786454,0.9062509983058266,506.9907958984375,0.0,0.0,506.9907958984375,634.6907958984375,2849.4019692695233,334.6907958984375,30.0,526.7078302592442,0.0,1,P01_G013_E52_A000,P01_G013,P01,M014,5872.5938178373935,6279.687923850976,407.09410601358286,
E52_d22cbe82615c6d2ee0ebf49f,5.6791610470501865,15.758568264926964,5.6791610470501865,318.17309843891866,352.9726015110215,427.5491784452201,0.1737067461230003,0.009166666666666667,0.12438986572637256,0.3072632785160395,2.252736721483961,0.9039802254637377,417.5940368652344,0.0,0.0,417.5940368652344,545.2940368652344,3206.618838339151,335.390380859375,30.0,528.1730984389187,0.0,1,P01_G013_E52_A000,P01_G013,P01,M014,5872.5938178373935,6279.687923850976,407.09410601358286,
E52_dbec4f1422e98765afb262aa,4.439539268577306,16.38523852602286,4.439539268577306,322.5402116809159,364.1002534899979,395.72017250733956,0.1707521496628321,0.009166666666666667,0.12438986572637256,0.3043086820558713,2.2556913179441294,0.9049035368575402,498.7205017089844,0.0,0.0,498.7205017089844,626.4205017089844,2967.901293805047,326.4205017089844,30.0,532.540211680916,0.0,1,P01_G013_E52_A000,P01_G013,P01,M014,5872.5938178373935,6279.687923850976,407.09410601358286,
E52_de2c36302e014a6d0284c896,5.398324716346508,15.994052628622484,5.398324716346508,325.41177480357015,364.7238282296769,414.95122905049965,0.1744969638873427,0.009166666666666667,0.12438986572637256,0.3080534962803819,2.2519465037196187,0.9037332824123807,471.74464111328126,0.0,0.0,471.74464111328126,599.4446411132812,3112.134217878747,325.15069580078125,30.0,535.4117748035701,0.0,1,P01_G013_E52_A000,P01_G013,P01,M014,5872.5938178373935,6279.687923850976,407.09410601358286,
E52_eab18c460278cfbad2c20da0,5.839199789598638,7.760329046990023,5.839199789598638,212.31476099060268,226.15454090800176,341.5908424768108,0.12388533452538679,0.009166666666666667,0.12438986572637256,0.257441866918426,2.3025581330815745,0.9195494165879918,166.07735900878907,0.0,0.0,166.07735900878907,293.77735900878906,2561.931318576081,213.8477783203125,30.0,422.3147609906027,0.0,1,P01_G013_E52_A000,P01_G013,P01,M014,5872.5938178373935,6279.687923850976,407.09410601358286,
E52_eddf192c3626d88d236d26e4,6.44782069450909,17.034187922993553,6.44782069450909,241.72684180786888,260.473536754158,370.9735139380034,0.13850678679446915,0.009166666666666667,0.12438986572637256,0.27206331918750837,2.287936680812492,0.9149802127539036,224.96033935546876,0.0,0.0,224.96033935546876,352.66033935546875,2782.3013545350254,199.07135009765625,30.0,451.7268418078689,0.0,1,P01_G013_E52_A000,P01_G013,P01,M014,5872.5938178373935,6279.687923850976,407.09410601358286,
E52_fd527d975e1813662620f82c,11.639873585239812,12.45056667278017,11.639873585239812,418.2192341110554,452.9085204066283,628.3027504486734,0.23771876612520712,0.009166666666666667,0.12438986572637256,0.37127529851824637,2.188724701481754,0.8839764692130481,416.271435546875,0.0,0.0,416.271435546875,543.971435546875,4712.2706283650505,306.8754577636719,30.0,628.2192341110554,0.0,1,P01_G013_E52_A000,P01_G013,P01,M014,5872.5938178373935,6279.687923850976,407.09410601358286,
E52_82c821a5773d0bfbe554f10a,8.226809702901718,11.397135806608844,8.226809702901718,512.9354114719376,566.0737563002253,707.0407539741487,0.2825549862639304,0.009166666666666667,0.12438986572637256,0.4161115186569696,2.143888481343031,0.869965150419697,637.6601379394531,0.0,0.0,637.6601379394531,765.3601379394531,5302.805654806116,465.3601379394531,30.0,722.9354114719376,0.0,1,P01_G013_E52_A000,P01_G013,P01,M014,5872.5938178373935,6279.687923850976,407.09410601358286,
E52_d22cbe82615c6d2ee0ebf49f,7.864233650677548,15.758568264926964,7.864233650677548,318.17309843891866,352.9726015110215,427.5491784452201,0.1737067461230003,0.009166666666666667,0.006399266762409652,0.1892726795520766,2.370727320447924,0.9408522876399761,417.5940368652344,0.0,0.0,417.5940368652344,545.2940368652344,3206.618838339151,335.390380859375,30.0,528.1730984389187,0.0,1,P01_G014_E52_A000,P01_G014,P01,M014,6291.655383770287,6312.598438629082,20.94305485879522,E5_REVALIDATED
E52_ea76d341ab82f2ebc1fa1efe,7.601570141040625,6.056283714240493,6.056283714240493,275.41177480357015,298.05716156301025,414.95122905049965,0.15671484390277482,0.009166666666666667,0.006399266762409652,0.17228077733185113,2.3877192226681494,0.9461622570837965,271.74464111328126,0.0,0.0,271.74464111328126,399.44464111328125,3112.134217878747,325.15069580078125,30.0,485.41177480357015,0.0,1,P01_G014_E52_A000,P01_G014,P01,M014,6291.655383770287,6312.598438629082,20.94305485879522,E5_REVALIDATED
E52_de2c36302e014a6d0284c896,7.557781310666783,15.994052628622484,7.557781310666783,325.41177480357015,364.7238282296769,414.95122905049965,0.1744969638873427,0.009166666666666667,0.006399266762409652,0.190062897316419,2.3699371026835814,0.9406053445886191,471.74464111328126,0.0,0.0,471.74464111328126,599.4446411132812,3112.134217878747,325.15069580078125,30.0,535.4117748035701,0.0,1,P01_G014_E52_A000,P01_G014,P01,M014,6291.655383770287,6312.598438629082,20.94305485879522,E5_REVALIDATED
E52_01234cac2d25748209cb57e8,7.700531463793453,5.963634638729843,5.963634638729843,275.78386787661753,295.55487261701467,419.772700963196,0.15719547582798327,0.009166666666666667,0.006399266762409652,0.17276140925705957,2.3872385907429408,0.9460120596071688,248.53977661132814,11.2877197265625,11.2877197265625,248.53977661132814,376.2397766113281,3148.2952572239697,326.2397766113281,30.0,485.78386787661753,0.0,1,P01_G014_E52_A000,P01_G014,P01,M014,6291.655383770287,6312.598438629082,20.94305485879522,
E52_06eb0baa948af7ff52881bcf,6.262157474060729,16.258674653736037,6.262157474060729,296.7597053393259,328.36499963050426,403.88764493158146,0.16274021246714285,0.009166666666666667,0.006399266762409652,0.17830614589621915,2.3816938541037813,0.9442793294074315,379.26353149414064,0.0,0.0,379.26353149414064,506.9635314941406,3029.157336986861,306.9635314941406,30.0,506.7597053393259,0.0,1,P01_G014_E52_A000,P01_G014,P01,M014,6291.655383770287,6312.598438629082,20.94305485879522,
E52_0c9d91fc306062a18ada9948,7.860539347173827,15.697900697510477,7.860539347173827,331.42241999480143,370.2725110389095,429.7442937249544,0.1787296459836012,0.009166666666666667,0.006399266762409652,0.1942955794126775,2.365704420587323,0.9392826314335383,466.2010925292969,0.0,0.0,466.2010925292969,593.9010925292969,3223.082202937158,326.7436828613281,30.0,541.4224199948014,0.0,1,P01_G014_E52_A000,P01_G014,P01,M014,6291.655383770287,6312.598438629082,20.94305485879522,
E52_189eb019491ad876aa165071,6.108787553100129,3.8094716871601975,3.8094716871601975,403.09916814168594,448.35288467407526,534.676037089036,0.21908171065325852,0.009166666666666667,0.006399266762409652,0.23464764408233482,2.3253523559176656,0.9266726112242704,543.0445983886718,0.0,0.0,543.0445983886718,670.7445983886719,4010.07027816777,391.87322998046875,30.0,613.0991681416859,0.0,1,P01_G014_E52_A000,P01_G014,P01,M014,6291.655383770287,6312.598438629082,20.94305485879522,
E52_1eac4bbcd37cec5d48241661,7.6476739464814045,6.04580255430777,6.04580255430777,275.66392246828667,298.30930922772677,415.4555243799327,0.1568759382441215,0.009166666666666667,0.006399266762409652,0.1724418716731978,2.387558128326803,0.9461119151021257,271.74464111328126,0.0,0.0,271.74464111328126,399.44464111328125,3115.9164328494953,326.2397766113281,30.0,485.66392246828667,0.0,1,P01_G014_E52_A000,P01_G014,P01,M014,6291.655383770287,6312.598438629082,20.94305485879522,
E52_1ef47ef68c1879e18ddbb164,7.615897344633197,9.684707827919368,7.615897344633197,525.9457118932837,556.9823492630754,865.6715995678175,0.30964781577290457,0.009166666666666667,0.006399266762409652,0.3252137492019809,2.2347862507980194,0.898370703374381,372.4396484375,0.0,0.0,372.4396484375,500.1396484375,6492.536996758631,304.7821350097656,30.0,735.9457118932837,0.0,1,P01_G014_E52_A000,P01_G014,P01,M014,6291.655383770287,6312.598438629082,20.94305485879522,
E52_214ce9a3b3bd3fa9c582335a,9.054796341348165,15.138353346483314,9.054796341348165,331.46735474952504,365.31699057309277,459.8368945576438,0.1830074384559416,0.009166666666666667,0.006399266762409652,0.19857337188501792,2.3614266281149825,0.937945821285932,406.1956298828125,0.0,0.0,406.1956298828125,533.8956298828125,3448.7767091823284,283.8956298828125,30.0,541.467354749525,0.0,1,P01_G014_E52_A000,P01_G014,P01,M014,6291.655383770287,6312.598438629082,20.94305485879522,
E52_231555d7070bcf1a0911e332,7.597897845457851,5.981962334569488,5.981962334569488,303.4113952968874,335.0249979987103,417.14117438283733,0.1669828432889251,0.009166666666666667,0.006399266762409652,0.1825487767180014,2.377451223281999,0.9429535072756245,379.363232421875,0.0,0.0,379.363232421875,507.063232421875,3128.55880787128,326.2397766113281,30.0,513.4113952968873,0.0,1,P01_G014_E52_A000,P01_G014,P01,M014,6291.655383770287,6312.598438629082,20.94305485879522,
E52_246111a1ef063bec9e89ec9e,3.5180288591075453,13.03223549741864,3.5180288591075453,413.11352328410356,453.07003166626504,586.4879962752384,0.22998101771643822,0.009166666666666667,0.006399266762409652,0.24554695114551453,2.314453048854486,0.9232665777670267,479.4781005859375,0.0,0.0,479.4781005859375,607.1781005859375,4398.659972064288,469.28277587890625,30.0,623.1135232841036,0.0,1,P01_G014_E52_A000,P01_G014,P01,M014,6291.655383770287,6312.598438629082,20.94305485879522,
E52_24db349315b2a6b84dd4215d,8.472574668618236,5.686957833295324,5.686957833295324,283.5201066466774,305.8382661315407,433.1312563841751,0.1621732249548407,0.009166666666666667,0.006399266762409652,0.17773915838391702,2.3822608416160835,0.944456513005026,267.8179138183594,0.0,0.0,267.8179138183594,395.5179138183594,3248.4844228813135,322.1230773925781,30.0,493.5201066466774,0.0,1,P01_G014_E52_A000,P01_G014,P01,M014,6291.655383770287,6312.598438629082,20.94305485879522,
E52_27bf01e9e990859ae5993708,7.615172407993995,15.932490639468014,7.615172407993995,318.6138217216496,355.0514931287134,418.60161500091635,0.17259630304263499,0.009166666666666667,0.006399266762409652,0.1881622364717113,2.3718377635282892,0.9411993011025902,437.25205688476564,0.0,0.0,437.25205688476564,564.9520568847656,3139.5121125068727,326.2397766113281,30.0,528.6138217216496,0.0,1,P01_G014_E52_A000,P01_G014,P01,M014,6291.655383770287,6312.598438629082,20.94305485879522,
E52_27fdcb9bc2da20af468e67a1,8.420326523584407,15.630401191469062,8.420326523584407,333.5201066466774,372.5049327982074,433.1312563841751,0.1799553449394086,0.009166666666666667,0.006399266762409652,0.1955212783684849,2.3644787216315155,0.9388996005098484,467.8179138183594,0.0,0.0,467.8179138183594,595.5179138183594,3248.4844228813135,322.1230773925781,30.0,543.5201066466774,0.0,1,P01_G014_E52_A000,P01_G014,P01,M014,6291.655383770287,6312.598438629082,20.94305485879522,
E52_2cea01313b8862fcfb6b2e63,12.57527361444059,16.460055432828085,12.57527361444059,259.5957489704318,280.08528245838755,396.2542970131293,0.148442074342722,0.009166666666666667,0.006399266762409652,0.1640080077717983,2.3959919922282022,0.948747497571313,245.87440185546876,0.0,0.0,245.87440185546876,373.57440185546875,2971.90722759847,231.8917236328125,30.0,469.5957489704318,0.0,1,P01_G014_E52_A000,P01_G014,P01,M014,6291.655383770287,6312.598438629082,20.94305485879522,
E52_326bd9096774308657b14836,7.250955255507208,6.820761438549596,6.820761438549596,254.20783025924425,275.6237299174474,379.92026256926977,0.1442126230476059,0.009166666666666667,0.006399266762409652,0.1597785564766822,2.4002214435233182,0.9500692011010368,256.9907958984375,0.0,0.0,256.9907958984375,384.6907958984375,2849.4019692695233,334.6907958984375,30.0,464.20783025924425,0.0,1,P01_G014_E52_A000,P01_G014,P01,M014,6291.655383770287,6312.598438629082,20.94305485879522,
E52_437c6a333219b14c3939f26c,7.618081777508166,6.0194831627628105,6.0194831627628105,277.09771274073506,296.211315442558,417.14117438283733,0.1570562493971614,0.009166666666666667,0.006399266762409652,0.1726221828262377,2.3873778171737627,0.9460555678668007,248.53977661132814,19.176544189453125,19.176544189453125,248.53977661132814,376.2397766113281,3128.55880787128,326.2397766113281,30.0,487.09771274073506,0.0,1,P01_G014_E52_A000,P01_G014,P01,M014,6291.655383770287,6312.598438629082,20.94305485879522,
E52_44ed69e1d99dc074a7941a18,9.455287381500824,8.900383690419545,8.900383690419545,188.27556058823757,199.0276355292369,299.7078152072368,0.1090911242968749,0.009166666666666667,0.006399266762409652,0.12465705772595122,2.4353429422740493,0.9610446694606403,139.59420471191407,10.569305419921875,10.569305419921875,139.59420471191407,267.29420471191406,2247.808614054276,217.29420471191406,30.0,398.27556058823757,0.0,1,P01_G014_E52_A000,P01_G014,P01,M014,6291.655383770287,6312.598438629082,20.94305485879522,
E52_4513f74e4ba51c209cccc792,1.955589529651462,9.790974506635663,1.955589529651462,548.6050089915749,589.1156759023821,854.1460165183059,0.3160741321008959,0.009166666666666667,0.006399266762409652,0.3316400655299722,2.2283599344700282,0.8963624795218836,486.1280029296875,0.0,0.0,486.1280029296875,613.8280029296875,6406.095123887295,391.8226318359375,30.0,758.6050089915749,0.0,1,P01_G014_E52_A000,P01_G014,P01,M014,6291.655383770287,6312.598438629082,20.94305485879522,
E52_47db2d0d55c92154c779a4c9,5.993136820755495,16.45726286038159,5.993136820755495,312.62709924858126,351.3219092257948,393.08533863388124,0.16685347284684848,0.009166666666666667,0.006399266762409652,0.1824194062759248,2.3775805937240757,0.9429939355387735,464.3377197265625,0.0,0.0,464.3377197265625,592.0377197265625,2948.1400397541092,295.61395263671875,30.0,522.6270992485813,0.0,1,P01_G014_E52_A000,P01_G014,P01,M014,6291.655383770287,6312.598438629082,20.94305485879522,
E52_4cf0fac9feb721651efb2830,10.543219625601964,17.82597875173802,10.543219625601964,242.69354898018014,267.32891198677197,337.5749199208095,0.13412057160327687,0.009166666666666667,0.006399266762409652,0.14968650503235317,2.4103134949676472,0.9532229671773896,295.6243560791016,0.0,0.0,295.6243560791016,423.32435607910156,2531.8118994060715,217.31182861328125,30.0,452.69354898018014,0.0,1,P01_G014_E52_A000,P01_G014,P01,M014,6291.655383770287,6312.598438629082,20.94305485879522,
E52_4d215302190bc5bfb29bf912,5.551025756271557,16.37371485667674,5.551025756271557,307.50969179304633,343.7570581260541,397.53518558804575,0.1656637075427803,0.009166666666666667,0.006399266762409652,0.1812296409718566,2.378770359028144,0.9433657371962948,434.96839599609376,0.0,0.0,434.96839599609376,562.6683959960938,2981.5138919103433,336.56707763671875,30.0,517.5096917930464,0.0,1,P01_G014_E52_A000,P01_G014,P01,M014,6291.655383770287,6312.598438629082,20.94305485879522,
E52_50c718ca7f326f764494c89d,18.02242425007553,13.080943299176411,13.080943299176411,350.85355156655817,370.1881015340061,585.6998033284289,0.20772710552759727,0.009166666666666667,0.006399266762409652,0.22329303895667357,2.336706961043327,0.9302209253260395,232.014599609375,0.0,0.0,232.014599609375,359.714599609375,4392.748524963216,275.29461669921875,30.0,560.8535515665582,0.0,1,P01_G014_E52_A000,P01_G014,P01,M014,6291.655383770287,6312.598438629082,20.94305485879522,
E52_515a3b7c8d98426ee13f2b4e,11.737430688334314,17.07508762021844,11.737430688334314,242.68536134104386,262.0561394884234,369.14605379781034,0.13858886614696947,0.009166666666666667,0.006399266762409652,0.15415479957604578,2.4058452004239546,0.9518266251324857,232.4493377685547,0.0,0.0,232.4493377685547,360.1493377685547,2768.5954034835777,210.1493377685547,30.0,452.68536134104386,0.0,1,P01_G014_E52_A000,P01_G014,P01,M014,6291.655383770287,6312.598438629082,20.94305485879522,
E52_60b0dc656c777ee2cc2279b1,2.46839510779094,0.21315146591224732,0.21315146591224732,563.4362729251038,615.9641949832094,811.705013501575,0.3153381258454166,0.009166666666666667,0.006399266762409652,0.3309040592744929,2.2290959407255078,0.896592481476721,630.3350646972656,0.0,0.0,630.3350646972656,758.0350646972656,6087.787601261813,495.9024353027344,30.0,773.4362729251038,0.0,1,P01_G014_E52_A000,P01_G014,P01,M014,6291.655383770287,6312.598438629082,20.94305485879522,
E52_60b76d98beea93305f35c25d,11.908554258507479,16.79058398580294,11.908554258507479,271.8613885249859,299.0873836523459,380.3668062858116,0.15055421784231732,0.009166666666666667,0.006399266762409652,0.16612015127139362,2.393879848728607,0.9480874527276895,326.7119415283203,0.0,0.0,326.7119415283203,454.4119415283203,2852.751047143587,241.2421875,30.0,481.8613885249859,0.0,1,P01_G014_E52_A000,P01_G014,P01,M014,6291.655383770287,6312.598438629082,20.94305485879522,
E52_68694062ed2e2e792aeb51a9,8.524581707639314,17.695890544520793,8.524581707639314,262.3147609906027,292.8212075746684,341.5908424768108,0.1416674545099547,0.009166666666666667,0.006399266762409652,0.157233387939031,2.4027666120609696,0.9508645662690528,366.0773590087891,0.0,0.0,366.0773590087891,493.77735900878906,2561.931318576081,213.8477783203125,30.0,472.3147609906027,0.0,1,P01_G014_E52_A000,P01_G014,P01,M014,6291.655383770287,6312.598438629082,20.94305485879522,
E52_6aa461eda22a4c53e6730e81,7.119248494060685,6.478254834226846,6.478254834226846,265.8104536255181,288.3542041341444,395.1560268799425,0.15046620221455187,0.009166666666666667,0.006399266762409652,0.16603213564362818,2.393967864356372,0.9481149576113662,271.555615234375,1.030609130859375,1.030609130859375,271.555615234375,399.255615234375,2963.670201599569,349.255615234375,30.0,475.8104536255181,0.0,1,P01_G014_E52_A000,P01_G014,P01,M014,6291.655383770287,6312.598438629082,20.94305485879522,
E52_6dc095df8eb6475486134b5c,3.636204789598324,12.905188948092743,3.636204789598324,424.06014837873875,466.2734748964797,594.8403376510322,0.23505698741925235,0.009166666666666667,0.006399266762409652,0.25062292084832866,2.309377079151672,0.9216803372348973,506.55991821289064,0.0,0.0,506.55991821289064,634.2599182128906,4461.302532382741,440.2059631347656,30.0,634.0601483787387,0.0,1,P01_G014_E52_A000,P01_G014,P01,M014,6291.655383770287,6312.598438629082,20.94305485879522,
E52_73baea82bbbffa2db9d7426a,7.930725203801643,5.711384152670419,5.711384152670419,297.3854850658978,324.64222792478455,431.2305129784753,0.16683515196021612,0.009166666666666667,0.006399266762409652,0.18240108538929242,2.377598914610708,0.9429996608158461,327.08091430664064,0.0,0.0,327.08091430664064,454.7809143066406,3234.2288473385647,335.390380859375,30.0,507.3854850658978,0.0,1,P01_G014_E52_A000,P01_G014,P01,M014,6291.655383770287,6312.598438629082,20.94305485879522,
E52_74b3fb0a4920873efc33101b,6.022322488013387,6.525083879148042,6.022322488013387,262.62709924858126,284.6552425591281,393.08533863388124,0.14907135286228057,0.009166666666666667,0.006399266762409652,0.16463728629135688,2.3953627137086437,0.948550848033951,264.3377197265625,0.0,0.0,264.3377197265625,392.0377197265625,2948.1400397541092,295.61395263671875,30.0,472.62709924858126,0.0,1,P01_G014_E52_A000,P01_G014,P01,M014,6291.655383770287,6312.598438629082,20.94305485879522,
E52_7547086a1218012670f76a62,12.011016269373656,2.277872015791573,2.277872015791573,370.7957901832663,387.27013608984186,642.7455049270795,0.2228984084752749,0.009166666666666667,0.006399266762409652,0.2384643419043512,2.3215356580956494,0.9254798931548902,197.69215087890626,0.0,0.0,197.69215087890626,325.39215087890625,4820.591286953097,275.39215087890625,30.0,580.7957901832663,0.0,1,P01_G014_E52_A000,P01_G014,P01,M014,6291.655383770287,6312.598438629082,20.94305485879522,
E52_76b4f0bdabd1ccab126282dd,11.329353486548868,17.180198899819032,11.329353486548868,244.7670432960008,265.6078646257534,364.489158613486,0.13866967590706417,0.009166666666666667,0.006399266762409652,0.15423560933614047,2.40576439066386,0.9518013720824561,250.08985595703126,0.0,0.0,250.08985595703126,377.78985595703125,2733.6686896011447,241.2421875,30.0,454.7670432960008,0.0,1,P01_G014_E52_A000,P01_G014,P01,M014,6291.655383770287,6312.598438629082,20.94305485879522,
E52_82c821a5773d0bfbe554f10a,8.102129188851478,11.397135806608844,8.102129188851478,512.9354114719376,566.0737563002253,707.0407539741487,0.2825549862639304,0.009166666666666667,0.006399266762409652,0.2981209196930067,2.261879080306994,0.9068372125959354,637.6601379394531,0.0,0.0,637.6601379394531,765.3601379394531,5302.805654806116,465.3601379394531,30.0,722.9354114719376,0.0,1,P01_G014_E52_A000,P01_G014,P01,M014,6291.655383770287,6312.598438629082,20.94305485879522,
E52_8ca7795ffa642a3b129c0a3d,7.894746809915375,15.730152054416479,7.894746809915375,330.94608252023,369.9122522589995,428.0951466078428,0.17832668261553564,0.009166666666666667,0.006399266762409652,0.19389261604461194,2.3661073839553888,0.9394085574860588,467.5940368652344,0.0,0.0,467.5940368652344,595.2940368652344,3210.713599558821,335.390380859375,30.0,540.94608252023,0.0,1,P01_G014_E52_A000,P01_G014,P01,M014,6291.655383770287,6312.598438629082,20.94305485879522,
E52_9026ce0d2a5dd9a75ef73c8e,6.164254225703601,6.720084116703532,6.164254225703601,248.61637070099954,267.37077642202814,384.70630707582717,0.14290187810434732,0.009166666666666667,0.006399266762409652,0.15846781153342362,2.401532188466577,0.9504788088958052,225.05286865234376,0.0,0.0,225.05286865234376,352.75286865234375,2885.297303068704,302.75286865234375,30.0,458.61637070099954,0.0,1,P01_G014_E52_A000,P01_G014,P01,M014,6291.655383770287,6312.598438629082,20.94305485879522,
E52_96da4f081c74d8211b4b244f,12.19983119536191,12.47027426673894,12.19983119536191,406.4445801679392,437.368205859671,627.3474061854878,0.23339590098708082,0.009166666666666667,0.006399266762409652,0.24896183441615713,2.3110381655838435,0.9221994267449509,371.08350830078126,0.0,0.0,371.08350830078126,498.78350830078125,4705.105546391158,251.37640380859375,30.0,616.4445801679392,0.0,1,P01_G014_E52_A000,P01_G014,P01,M014,6291.655383770287,6312.598438629082,20.94305485879522,
E52_a1af1f4ab7d520e82e20be53,3.4800997695208196,0.45430012492889205,0.45430012492889205,547.7224457312177,598.7128286250978,789.5025940991541,0.30660524396013417,0.009166666666666667,0.006399266762409652,0.3221711773892105,2.23782882261079,0.8993215070658718,611.8845947265625,0.0,0.0,611.8845947265625,739.5845947265625,5921.269455743655,492.6366271972656,30.0,757.7224457312177,0.0,1,P01_G014_E52_A000,P01_G014,P01,M014,6291.655383770287,6312.598438629082,20.94305485879522,
E52_a3836b1674b2d70f748125c1,9.94643585089841,18.388582284998307,9.94643585089841,238.77143733771516,265.74771093797557,315.68523307386783,0.1296256139323784,0.009166666666666667,0.006399266762409652,0.1451915473614547,2.4148084526385456,0.9546276414495454,323.715283203125,0.0,0.0,323.715283203125,451.415283203125,2367.639248054009,217.29420471191406,30.0,448.77143733771516,0.0,1,P01_G014_E52_A000,P01_G014,P01,M014,6291.655383770287,6312.598438629082,20.94305485879522,
E52_a77602565c04dca5831f9b7a,8.048311898045057,15.758600383852013,8.048311898045057,295.3505394617105,322.31471665694164,428.9160157520343,0.16578365241547813,0.009166666666666667,0.006399266762409652,0.18134958584455443,2.378650414155446,0.9433282544235767,323.57012634277345,0.0,0.0,323.57012634277345,451.27012634277344,3216.870118140257,284.58648681640625,30.0,505.3505394617105,0.0,1,P01_G014_E52_A000,P01_G014,P01,M014,6291.655383770287,6312.598438629082,20.94305485879522,
E52_aaa387ee3ee3170bd804334d,1.4077309449915703,18.409477866986336,1.4077309449915703,263.5215778829557,299.2286101502083,312.8009621623957,0.13801933350380158,0.009166666666666667,0.006399266762409652,0.15358526693287788,2.4064147330671224,0.9520046040834756,428.48438720703126,0.0,0.0,428.48438720703126,556.1843872070312,2346.0072162179677,386.9435729980469,30.0,473.5215778829557,0.0,1,P01_G014_E52_A000,P01_G014,P01,M014,6291.655383770287,6312.598438629082,20.94305485879522,
E52_afb1e3673ff3adbe9c45b8fc,5.903703711537958,6.956106286850726,5.903703711537958,250.21040235058808,271.27175132926646,374.0527108291059,0.1419599864782851,0.009166666666666667,0.006399266762409652,0.1575259199073614,2.402474080092639,0.9507731500289496,252.73618774414064,0.0,0.0,252.73618774414064,380.4361877441406,2805.395331218294,291.6474609375,30.0,460.2104023505881,0.0,1,P01_G014_E52_A000,P01_G014,P01,M014,6291.655383770287,6312.598438629082,20.94305485879522,
E52_b544b4d7beda1d6ed7fbeefb,7.727403291798851,16.252686834440453,7.727403291798851,293.91354735972715,324.49113296153376,404.3615811086144,0.16179511839250177,0.009166666666666667,0.006399266762409652,0.17736105182157808,2.3826389481784225,0.9445746713057569,366.9310272216797,0.0,0.0,366.9310272216797,494.6310272216797,3032.711858314608,277.91845703125,30.0,503.91354735972715,0.0,1,P01_G014_E52_A000,P01_G014,P01,M014,6291.655383770287,6312.598438629082,20.94305485879522,
E52_b60e4d2a4cdcd5801a5d757f,7.518712309030889,16.480566458341656,7.518712309030889,308.26023760270465,345.626388522301,392.32356968783114,0.16519254750221457,0.009166666666666667,0.006399266762409652,0.18075848093129088,2.3792415190687097,0.9435129747089716,448.39381103515626,0.0,0.0,448.39381103515626,576.0938110351562,2942.4267726587336,326.2397766113281,30.0,518.2602376027046,0.0,1,P01_G014_E52_A000,P01_G014,P01,M014,6291.655383770287,6312.598438629082,20.94305485879522,
E52_b677873645e212a13901ede2,1.348589997206318,9.230718628911887,1.348589997206318,575.9444140089429,616.0268887810784,911.3939793850733,0.3339048259552679,0.009166666666666667,0.006399266762409652,0.3494707593843442,2.2105292406156565,0.8907903876923925,480.989697265625,0.0,0.0,480.989697265625,608.689697265625,6835.45484538805,390.4056396484375,30.0,785.9444140089429,0.0,1,P01_G014_E52_A000,P01_G014,P01,M014,6291.655383770287,6312.598438629082,20.94305485879522,
E52_b6789310c1ab16898a769b78,16.715861646995606,2.625622464396969,2.625622464396969,372.38145547243056,389.4038741939475,617.4514627840539,0.21924054354678854,0.009166666666666667,0.006399266762409652,0.23480647697586485,2.3251935230241356,0.9266229759450423,225.84925537109376,21.580230712890625,21.580230712890625,225.84925537109376,353.54925537109375,4630.885970880404,303.54925537109375,30.0,582.3814554724306,0.0,1,P01_G014_E52_A000,P01_G014,P01,M014,6291.655383770287,6312.598438629082,20.94305485879522,
E52_b7c433bb400c5a28313b13f0,8.028447503767296,16.00220965111248,8.028447503767296,270.63016208552887,291.2047849391259,417.8125870494757,0.1554195344851095,0.009166666666666667,0.006399266762409652,0.1709854679141858,2.3890145320858145,0.9465670412768169,246.89547424316407,0.0,0.0,246.89547424316407,374.59547424316406,3133.594402871068,284.58648681640625,30.0,480.63016208552887,0.0,1,P01_G014_E52_A000,P01_G014,P01,M014,6291.655383770287,6312.598438629082,20.94305485879522,
E52_b8aeee13ee5f313ffdb298e7,2.4417147723342225,0.32052137756616617,0.32052137756616617,550.9628084392909,600.9445446860357,802.0351993981131,0.309532562555218,0.009166666666666667,0.006399266762409652,0.3250984959842943,2.2349015040157063,0.8984067200049081,599.7808349609375,0.0,0.0,599.7808349609375,727.4808349609375,6015.263995485849,485.42230224609375,30.0,760.9628084392909,0.0,1,P01_G014_E52_A000,P01_G014,P01,M014,6291.655383770287,6312.598438629082,20.94305485879522,
E52_be69bdf55826f2eb34075d09,11.883778672799323,12.029424972929434,11.883778672799323,457.6877788138426,500.48965717077624,658.5642874860837,0.25604119113741575,0.009166666666666667,0.006399266762409652,0.27160712456649205,2.2883928754335083,0.9151227735729712,513.6225402832031,0.0,0.0,513.6225402832031,641.3225402832031,4939.232156145627,341.3225402832031,30.0,667.6877788138427,0.0,1,P01_G014_E52_A000,P01_G014,P01,M014,6291.655383770287,6312.598438629082,20.94305485879522,
E52_bfffb2993ede6e2e2bd9340b,17.664071599710013,13.053008949478723,13.053008949478723,400.85355156655817,436.85476820067277,585.6998033284289,0.22550922551216515,0.009166666666666667,0.006399266762409652,0.24107515894124146,2.318924841058759,0.9246640128308621,432.014599609375,0.0,0.0,432.014599609375,559.714599609375,4392.748524963216,275.29461669921875,30.0,610.8535515665582,0.0,1,P01_G014_E52_A000,P01_G014,P01,M014,6291.655383770287,6312.598438629082,20.94305485879522,
E52_c0294c7ff44d44fc4ede8d97,7.19753408684997,16.7256600789149,7.19753408684997,316.70783025924425,358.9570632507807,379.92026256926977,0.16644027302831577,0.009166666666666667,0.006399266762409652,0.18200620645739207,2.3779937935426085,0.943123060482065,506.9907958984375,0.0,0.0,506.9907958984375,634.6907958984375,2849.4019692695233,334.6907958984375,30.0,526.7078302592442,0.0,1,P01_G014_E52_A000,P01_G014,P01,M014,6291.655383770287,6312.598438629082,20.94305485879522,
E52_c10a50247c57c0340b451298,3.391420878819133,3.1495087650690863,3.1495087650690863,410.4813485396202,450.8988478275434,578.4577013517014,0.22790762835174688,0.009166666666666667,0.006399266762409652,0.2434735617808232,2.3165264382191775,0.9239145119434927,485.00999145507814,0.0,0.0,485.00999145507814,612.7099914550781,4338.432760137761,515.4917602539062,30.0,620.4813485396203,0.0,1,P01_G014_E52_A000,P01_G014,P01,M014,6291.655383770287,6312.598438629082,20.94305485879522,
E52_c76d93c5902d0dc017f7065c,7.783966657982646,16.05706218628906,7.783966657982646,260.86241804033426,278.57034040361555,415.47730190098105,0.1516149798935124,0.009166666666666667,0.006399266762409652,0.16718091332258872,2.3928190866774117,0.947755964586691,212.495068359375,0.0,0.0,212.495068359375,340.195068359375,3116.079764257358,277.91845703125,30.0,470.86241804033426,0.0,1,P01_G014_E52_A000,P01_G014,P01,M014,6291.655383770287,6312.598438629082,20.94305485879522,
E52_dbec4f1422e98765afb262aa,6.383251123989211,16.38523852602286,6.383251123989211,322.5402116809159,364.1002534899979,395.72017250733956,0.1707521496628321,0.009166666666666667,0.006399266762409652,0.1863180830919084,2.373681916908092,0.9417755990337786,498.7205017089844,0.0,0.0,498.7205017089844,626.4205017089844,2967.901293805047,326.4205017089844,30.0,532.540211680916,0.0,1,P01_G014_E52_A000,P01_G014,P01,M014,6291.655383770287,6312.598438629082,20.94305485879522,
E52_dc4c132291b7b9525a26c82f,7.745747332354625,16.290878065555617,7.745747332354625,256.41354735972715,274.49113296153376,404.3615811086144,0.14845852840407586,0.009166666666666667,0.006399266762409652,0.16402446183315217,2.3959755381668484,0.9487423556771399,216.9310272216797,0.0,0.0,216.9310272216797,344.6310272216797,3032.711858314608,277.91845703125,30.0,466.41354735972715,0.0,1,P01_G014_E52_A000,P01_G014,P01,M014,6291.655383770287,6312.598438629082,20.94305485879522,
E52_dd12fb0cc4aee52816704b73,3.2566466967705026,0.5498680641518376,0.5498680641518376,547.6210002825783,600.0718247658139,780.5370536657424,0.3052994367315811,0.009166666666666667,0.006399266762409652,0.3208653701606574,2.2391346298393433,0.8997295718247945,629.4098937988281,0.0,0.0,629.4098937988281,757.1098937988281,5854.027902493068,543.108642578125,30.0,757.6210002825783,0.0,1,P01_G014_E52_A000,P01_G014,P01,M014,6291.655383770287,6312.598438629082,20.94305485879522,
E52_e0325aad0b87e7c07e10fc2c,7.650664883183566,5.987785159048158,5.987785159048158,275.1983248954777,294.96932963587483,418.60161500091635,0.15682137892336617,0.009166666666666667,0.006399266762409652,0.17238731235244248,2.387612687647558,0.9461289648898618,248.53977661132814,11.2877197265625,11.2877197265625,248.53977661132814,376.2397766113281,3139.5121125068727,326.2397766113281,30.0,485.1983248954777,0.0,1,P01_G014_E52_A000,P01_G014,P01,M014,6291.655383770287,6312.598438629082,20.94305485879522,
E52_e0cd6bab1a22c4530d9a254c,6.425486256512002,6.471069764274475,6.425486256512002,260.0402116809159,280.7669201566646,395.72017250733956,0.14852449968212222,0.009166666666666667,0.006399266762409652,0.16409043311119853,2.395909566888802,0.9487217396527504,248.7205017089844,0.0,0.0,248.7205017089844,376.4205017089844,2967.901293805047,326.4205017089844,30.0,470.0402116809159,0.0,1,P01_G014_E52_A000,P01_G014,P01,M014,6291.655383770287,6312.598438629082,20.94305485879522,
E52_eab18c460278cfbad2c20da0,8.545825424418808,7.760329046990023,7.760329046990023,212.31476099060268,226.15454090800176,341.5908424768108,0.12388533452538679,0.009166666666666667,0.006399266762409652,0.1394512679544631,2.420548732045537,0.9564214787642302,166.07735900878907,0.0,0.0,166.07735900878907,293.77735900878906,2561.931318576081,213.8477783203125,30.0,422.3147609906027,0.0,1,P01_G014_E52_A000,P01_G014,P01,M014,6291.655383770287,6312.598438629082,20.94305485879522,
E52_eddf192c3626d88d236d26e4,9.325945446937823,17.034187922993553,9.325945446937823,241.72684180786888,260.473536754158,370.9735139380034,0.13850678679446915,0.009166666666666667,0.006399266762409652,0.15407272022354546,2.405927279776455,0.951852274930142,224.96033935546876,0.0,0.0,224.96033935546876,352.66033935546875,2782.3013545350254,199.07135009765625,30.0,451.7268418078689,0.0,1,P01_G014_E52_A000,P01_G014,P01,M014,6291.655383770287,6312.598438629082,20.94305485879522,
E52_ef8fa59407d07a2296b5f591,5.519355018106097,0.3151276047193221,0.3151276047193221,505.85939793409244,540.3898465933535,804.5361039126185,0.29384606362066074,0.009166666666666667,0.006399266762409652,0.30941199704973704,2.2505880029502636,0.9033087509219572,414.3653839111328,0.0,0.0,414.3653839111328,542.0653839111328,6034.020779344639,284.8677062988281,30.0,715.8593979340924,0.0,1,P01_G014_E52_A000,P01_G014,P01,M014,6291.655383770287,6312.598438629082,20.94305485879522,
E52_f2fabdd802684ffd17ed2273,5.894764502409998,16.925225818485302,5.894764502409998,275.2104023505881,304.60508466259984,374.0527108291059,0.15085104647056902,0.009166666666666667,0.006399266762409652,0.16641697989964532,2.393583020100355,0.9479946937813608,352.73618774414064,0.0,0.0,352.73618774414064,480.4361877441406,2805.395331218294,291.6474609375,30.0,485.2104023505881,0.0,1,P01_G014_E52_A000,P01_G014,P01,M014,6291.655383770287,6312.598438629082,20.94305485879522,
E52_fd527d975e1813662620f82c,12.451371099696217,12.45056667278017,12.45056667278017,418.2192341110554,452.9085204066283,628.3027504486734,0.23771876612520712,0.009166666666666667,0.006399266762409652,0.25328469955428345,2.306715300445717,0.9208485313892865,416.271435546875,0.0,0.0,416.271435546875,543.971435546875,4712.2706283650505,306.8754577636719,30.0,628.2192341110554,0.0,1,P01_G014_E52_A000,P01_G014,P01,M014,6291.655383770287,6312.598438629082,20.94305485879522,
E52_96da4f081c74d8211b4b244f,6.937264214523168,12.47027426673894,6.937264214523168,406.4445801679392,437.368205859671,627.3474061854878,0.23339590098708082,0.009166666666666667,0.28620127189705197,0.5287638395507994,2.0312361604492013,0.8347613001403752,371.08350830078126,0.0,0.0,371.08350830078126,498.78350830078125,4705.105546391158,251.37640380859375,30.0,616.4445801679392,0.0,1,P01_G015_E52_A000,P01_G015,P01,M017,3016.7251051508374,3953.383813177553,936.6587080267154,E52_EXISTING_SITE
E52_1ef47ef68c1879e18ddbb164,3.398043037439095,9.684707827919368,3.398043037439095,525.9457118932837,556.9823492630754,865.6715995678175,0.30964781577290457,0.009166666666666667,0.28620127189705197,0.6050157543366232,1.9549842456633773,0.8109325767698052,372.4396484375,0.0,0.0,372.4396484375,500.1396484375,6492.536996758631,304.7821350097656,30.0,735.9457118932837,0.0,1,P01_G015_E52_A000,P01_G015,P01,M017,3016.7251051508374,3953.383813177553,936.6587080267154,
E52_214ce9a3b3bd3fa9c582335a,0.14955749359387482,15.138353346483314,0.14955749359387482,331.46735474952504,365.31699057309277,459.8368945576438,0.1830074384559416,0.009166666666666667,0.28620127189705197,0.47837537701966026,2.0816246229803403,0.8505076946813561,406.1956298828125,0.0,0.0,406.1956298828125,533.8956298828125,3448.7767091823284,283.8956298828125,30.0,541.467354749525,0.0,1,P01_G015_E52_A000,P01_G015,P01,M017,3016.7251051508374,3953.383813177553,936.6587080267154,
E52_4513f74e4ba51c209cccc792,5.472652846579109,9.790974506635663,5.472652846579109,548.6050089915749,589.1156759023821,854.1460165183059,0.3160741321008959,0.009166666666666667,0.28620127189705197,0.6114420706646145,1.948557929335386,0.808924352917308,486.1280029296875,0.0,0.0,486.1280029296875,613.8280029296875,6406.095123887295,391.8226318359375,30.0,758.6050089915749,0.0,1,P01_G015_E52_A000,P01_G015,P01,M017,3016.7251051508374,3953.383813177553,936.6587080267154,
E52_82c821a5773d0bfbe554f10a,0.6230836731091074,11.397135806608844,0.6230836731091074,512.9354114719376,566.0737563002253,707.0407539741487,0.2825549862639304,0.009166666666666667,0.28620127189705197,0.577922924827649,1.9820770751723515,0.8193990859913597,637.6601379394531,0.0,0.0,637.6601379394531,765.3601379394531,5302.805654806116,465.3601379394531,30.0,722.9354114719376,0.0,1,P01_G015_E52_A000,P01_G015,P01,M017,3016.7251051508374,3953.383813177553,936.6587080267154,
E52_be69bdf55826f2eb34075d09,1.990666271520169,12.029424972929434,1.990666271520169,457.6877788138426,500.48965717077624,658.5642874860837,0.25604119113741575,0.009166666666666667,0.28620127189705197,0.5514091297011343,2.008590870298866,0.8276846469683955,513.6225402832031,0.0,0.0,513.6225402832031,641.3225402832031,4939.232156145627,341.3225402832031,30.0,667.6877788138427,0.0,1,P01_G015_E52_A000,P01_G015,P01,M017,3016.7251051508374,3953.383813177553,936.6587080267154,
E52_bfffb2993ede6e2e2bd9340b,5.25975548786549,13.053008949478723,5.25975548786549,400.85355156655817,436.85476820067277,585.6998033284289,0.22550922551216515,0.009166666666666667,0.28620127189705197,0.5208771640758838,2.0391228359241165,0.8372258862262864,432.014599609375,0.0,0.0,432.014599609375,559.714599609375,4392.748524963216,275.29461669921875,30.0,610.8535515665582,0.0,1,P01_G015_E52_A000,P01_G015,P01,M017,3016.7251051508374,3953.383813177553,936.6587080267154,
E52_ef8fa59407d07a2296b5f591,9.300215708774587,0.3151276047193221,0.3151276047193221,505.85939793409244,540.3898465933535,804.5361039126185,0.29384606362066074,0.009166666666666667,0.28620127189705197,0.5892140021843794,1.970785997815621,0.8158706243173814,414.3653839111328,0.0,0.0,414.3653839111328,542.0653839111328,6034.020779344639,284.8677062988281,30.0,715.8593979340924,0.0,1,P01_G015_E52_A000,P01_G015,P01,M017,3016.7251051508374,3953.383813177553,936.6587080267154,
E52_fd527d975e1813662620f82c,1.8183366490410862,12.45056667278017,1.8183366490410862,418.2192341110554,452.9085204066283,628.3027504486734,0.23771876612520712,0.009166666666666667,0.28620127189705197,0.5330867046889257,2.0269132953110747,0.8334104047847107,416.271435546875,0.0,0.0,416.271435546875,543.971435546875,4712.2706283650505,306.8754577636719,30.0,628.2192341110554,0.0,1,P01_G015_E52_A000,P01_G015,P01,M017,3016.7251051508374,3953.383813177553,936.6587080267154,
E52_c117f06f984d58b2275e6c48,9.501200509022283,0.365836005255062,0.365836005255062,533.3106765870443,577.980769869108,798.6007934817058,0.30276832431446593,0.009166666666666667,0.3043092657714836,0.6162442567526162,1.9437557432473844,0.8074236697648074,536.0411193847656,0.0,0.0,536.0411193847656,663.7411193847656,5989.505951112793,425.30462646484375,30.0,743.3106765870443,0.0,1,P01_G016_E52_A000,P01_G016,P01,M019,5189.593339776678,6185.514573210624,995.9212334339463,
E52_189eb019491ad876aa165071,4.910998135102375,3.8094716871601975,3.8094716871601975,403.09916814168594,448.35288467407526,534.676037089036,0.21908171065325852,0.009166666666666667,0.3043092657714836,0.5325576430914087,2.0274423569085918,0.8335757365339348,543.0445983886718,0.0,0.0,543.0445983886718,670.7445983886719,4010.07027816777,391.87322998046875,30.0,613.0991681416859,0.0,1,P01_G016_E52_A000,P01_G016,P01,M019,5189.593339776678,6185.514573210624,995.9212334339463,
E52_246111a1ef063bec9e89ec9e,6.759696504692187,13.03223549741864,6.759696504692187,413.11352328410356,453.07003166626504,586.4879962752384,0.22998101771643822,0.009166666666666667,0.3043092657714836,0.5434569501545885,2.0165430498454118,0.8301697030766911,479.4781005859375,0.0,0.0,479.4781005859375,607.1781005859375,4398.659972064288,469.28277587890625,30.0,623.1135232841036,0.0,1,P01_G016_E52_A000,P01_G016,P01,M019,5189.593339776678,6185.514573210624,995.9212334339463,
E52_347c51b45a583dd4c5a4aad0,9.48769958077871,10.359339260709504,9.48769958077871,545.8106765870443,594.6474365357748,798.6007934817058,0.3072138543106079,0.009166666666666667,0.3043092657714836,0.6206897867487582,1.9393102132512423,0.806034441641013,586.0411193847656,0.0,0.0,586.0411193847656,713.7411193847656,5989.505951112793,425.30462646484375,30.0,755.8106765870443,0.0,1,P01_G016_E52_A000,P01_G016,P01,M019,5189.593339776678,6185.514573210624,995.9212334339463,
E52_47db2d0d55c92154c779a4c9,3.0205906267075733,16.45726286038159,3.0205906267075733,312.62709924858126,351.3219092257948,393.08533863388124,0.16685347284684848,0.009166666666666667,0.3043092657714836,0.48032940528499873,2.079670594715002,0.849897060848438,464.3377197265625,0.0,0.0,464.3377197265625,592.0377197265625,2948.1400397541092,295.61395263671875,30.0,522.6270992485813,0.0,1,P01_G016_E52_A000,P01_G016,P01,M019,5189.593339776678,6185.514573210624,995.9212334339463,
E52_60b0dc656c777ee2cc2279b1,8.796793386721532,0.21315146591224732,0.21315146591224732,563.4362729251038,615.9641949832094,811.705013501575,0.3153381258454166,0.009166666666666667,0.3043092657714836,0.6288140582835668,1.9311859417164337,0.8034956067863854,630.3350646972656,0.0,0.0,630.3350646972656,758.0350646972656,6087.787601261813,495.9024353027344,30.0,773.4362729251038,0.0,1,P01_G016_E52_A000,P01_G016,P01,M019,5189.593339776678,6185.514573210624,995.9212334339463,
E52_6dc095df8eb6475486134b5c,6.915729524772303,12.905188948092743,6.915729524772303,424.06014837873875,466.2734748964797,594.8403376510322,0.23505698741925235,0.009166666666666667,0.3043092657714836,0.5485329198574026,2.011467080142598,0.8285834625445617,506.55991821289064,0.0,0.0,506.55991821289064,634.2599182128906,4461.302532382741,440.2059631347656,30.0,634.0601483787387,0.0,1,P01_G016_E52_A000,P01_G016,P01,M019,5189.593339776678,6185.514573210624,995.9212334339463,
E52_9b18c2085562c5280ea1e394,8.506262133031896,0.02697066595830222,0.02697066595830222,563.4972144032131,613.0086493397365,829.9258191872856,0.3179402888393461,0.009166666666666667,0.3043092657714836,0.6314162212774963,1.9285837787225042,0.8026824308507824,594.1372192382812,0.0,0.0,594.1372192382812,721.8372192382812,6224.443643904642,487.8569030761719,30.0,773.4972144032131,0.0,1,P01_G016_E52_A000,P01_G016,P01,M019,5189.593339776678,6185.514573210624,995.9212334339463,
E52_a1af1f4ab7d520e82e20be53,8.721524411760214,0.45430012492889205,0.45430012492889205,547.7224457312177,598.7128286250978,789.5025940991541,0.30660524396013417,0.009166666666666667,0.3043092657714836,0.6200811763982844,1.9399188236017162,0.8062246323755361,611.8845947265625,0.0,0.0,611.8845947265625,739.5845947265625,5921.269455743655,492.6366271972656,30.0,757.7224457312177,0.0,1,P01_G016_E52_A000,P01_G016,P01,M019,5189.593339776678,6185.514573210624,995.9212334339463,
E52_b8aeee13ee5f313ffdb298e7,9.166538126916407,0.32052137756616617,0.32052137756616617,550.9628084392909,600.9445446860357,802.0351993981131,0.309532562555218,0.009166666666666667,0.3043092657714836,0.6230084949933683,1.9369915050066322,0.8053098453145724,599.7808349609375,0.0,0.0,599.7808349609375,727.4808349609375,6015.263995485849,485.42230224609375,30.0,760.9628084392909,0.0,1,P01_G016_E52_A000,P01_G016,P01,M019,5189.593339776678,6185.514573210624,995.9212334339463,
E52_be69bdf55826f2eb34075d09,2.1858471240912536,12.029424972929434,2.1858471240912536,457.6877788138426,500.48965717077624,658.5642874860837,0.25604119113741575,0.009166666666666667,0.3043092657714836,0.569517123575566,1.9904828764244344,0.8220258988826357,513.6225402832031,0.0,0.0,513.6225402832031,641.3225402832031,4939.232156145627,341.3225402832031,30.0,667.6877788138427,0.0,1,P01_G016_E52_A000,P01_G016,P01,M019,5189.593339776678,6185.514573210624,995.9212334339463,
E52_c10a50247c57c0340b451298,6.585315506004903,3.1495087650690863,3.1495087650690863,410.4813485396202,450.8988478275434,578.4577013517014,0.22790762835174688,0.009166666666666667,0.3043092657714836,0.5413835607898971,2.0186164392101036,0.8308176372531572,485.00999145507814,0.0,0.0,485.00999145507814,612.7099914550781,4338.432760137761,515.4917602539062,30.0,620.4813485396203,0.0,1,P01_G016_E52_A000,P01_G016,P01,M019,5189.593339776678,6185.514573210624,995.9212334339463,
E52_dd12fb0cc4aee52816704b73,9.266012342456989,0.5498680641518376,0.5498680641518376,547.6210002825783,600.0718247658139,780.5370536657424,0.3052994367315811,0.009166666666666667,0.3043092657714836,0.6187753691697313,1.9412246308302692,0.806632697134459,629.4098937988281,0.0,0.0,629.4098937988281,757.1098937988281,5854.027902493068,543.108642578125,30.0,757.6210002825783,0.0,1,P01_G016_E52_A000,P01_G016,P01,M019,5189.593339776678,6185.514573210624,995.9212334339463,
E52_82c821a5773d0bfbe554f10a,3.9055423871373875,11.397135806608844,3.9055423871373875,512.9354114719376,566.0737563002253,707.0407539741487,0.2825549862639304,0.009166666666666667,0.3043092657714836,0.5960309187020807,1.9639690812979198,0.8137403379055999,637.6601379394531,0.0,0.0,637.6601379394531,765.3601379394531,5302.805654806116,465.3601379394531,30.0,722.9354114719376,0.0,1,P01_G016_E52_A000,P01_G016,P01,M019,5189.593339776678,6185.514573210624,995.9212334339463,
E52_e0cd6bab1a22c4530d9a254c,0.9640367798385512,6.471069764274475,0.9640367798385512,260.0402116809159,280.7669201566646,395.72017250733956,0.14852449968212222,0.009166666666666667,0.12862813980435248,0.2863193061531414,2.2736806938468592,0.9105252168271434,248.7205017089844,0.0,0.0,248.7205017089844,376.4205017089844,2967.901293805047,326.4205017089844,30.0,470.0402116809159,0.0,1,P01_G017_E52_A000,P01_G017,P01,M020,2502.56368944498,2923.5285106228607,420.9648211778808,E5_REVALIDATED
E52_afb1e3673ff3adbe9c45b8fc,0.7145260575741048,6.956106286850726,0.7145260575741048,250.21040235058808,271.27175132926646,374.0527108291059,0.1419599864782851,0.009166666666666667,0.12862813980435248,0.2797547929493042,2.2802452070506964,0.9125766272033424,252.73618774414064,0.0,0.0,252.73618774414064,380.4361877441406,2805.395331218294,291.6474609375,30.0,460.2104023505881,0.0,1,P01_G017_E52_A000,P01_G017,P01,M020,2502.56368944498,2923.5285106228607,420.9648211778808,E5_REVALIDATED
E52_f2fabdd802684ffd17ed2273,0.6936377613534717,16.925225818485302,0.6936377613534717,275.2104023505881,304.60508466259984,374.0527108291059,0.15085104647056902,0.009166666666666667,0.12862813980435248,0.2886458529415882,2.271354147058412,0.9097981709557537,352.73618774414064,0.0,0.0,352.73618774414064,480.4361877441406,2805.395331218294,291.6474609375,30.0,485.2104023505881,0.0,1,P01_G017_E52_A000,P01_G017,P01,M020,2502.56368944498,2923.5285106228607,420.9648211778808,E5_REVALIDATED
E52_01234cac2d25748209cb57e8,0.26213736742329274,5.963634638729843,0.26213736742329274,275.78386787661753,295.55487261701467,419.772700963196,0.15719547582798327,0.009166666666666667,0.12862813980435248,0.29499028229900237,2.2650097177009982,0.9078155367815618,248.53977661132814,11.2877197265625,11.2877197265625,248.53977661132814,376.2397766113281,3148.2952572239697,326.2397766113281,30.0,485.78386787661753,0.0,1,P01_G017_E52_A000,P01_G017,P01,M020,2502.56368944498,2923.5285106228607,420.9648211778808,
E52_06eb0baa948af7ff52881bcf,11.34921240453653,16.258674653736037,11.34921240453653,296.7597053393259,328.36499963050426,403.88764493158146,0.16274021246714285,0.009166666666666667,0.12862813980435248,0.300535018938162,2.2594649810618384,0.9060828065818244,379.26353149414064,0.0,0.0,379.26353149414064,506.9635314941406,3029.157336986861,306.9635314941406,30.0,506.7597053393259,0.0,1,P01_G017_E52_A000,P01_G017,P01,M020,2502.56368944498,2923.5285106228607,420.9648211778808,
E52_0c9d91fc306062a18ada9948,10.190425106668542,15.697900697510477,10.190425106668542,331.42241999480143,370.2725110389095,429.7442937249544,0.1787296459836012,0.009166666666666667,0.12862813980435248,0.31652445245462035,2.2434755475453803,0.9010861086079311,466.2010925292969,0.0,0.0,466.2010925292969,593.9010925292969,3223.082202937158,326.7436828613281,30.0,541.4224199948014,0.0,1,P01_G017_E52_A000,P01_G017,P01,M020,2502.56368944498,2923.5285106228607,420.9648211778808,
E52_189eb019491ad876aa165071,14.62560917721207,3.8094716871601975,3.8094716871601975,403.09916814168594,448.35288467407526,534.676037089036,0.21908171065325852,0.009166666666666667,0.12862813980435248,0.35687651712427765,2.2031234828757227,0.8884760883986632,543.0445983886718,0.0,0.0,543.0445983886718,670.7445983886719,4010.07027816777,391.87322998046875,30.0,613.0991681416859,0.0,1,P01_G017_E52_A000,P01_G017,P01,M020,2502.56368944498,2923.5285106228607,420.9648211778808,
E52_1eac4bbcd37cec5d48241661,0.22059627934990544,6.04580255430777,0.22059627934990544,275.66392246828667,298.30930922772677,415.4555243799327,0.1568759382441215,0.009166666666666667,0.12862813980435248,0.29467074471514065,2.26532925528486,0.9079153922765185,271.74464111328126,0.0,0.0,271.74464111328126,399.44464111328125,3115.9164328494953,326.2397766113281,30.0,485.66392246828667,0.0,1,P01_G017_E52_A000,P01_G017,P01,M020,2502.56368944498,2923.5285106228607,420.9648211778808,
E52_214ce9a3b3bd3fa9c582335a,9.466834534918547,15.138353346483314,9.466834534918547,331.46735474952504,365.31699057309277,459.8368945576438,0.1830074384559416,0.009166666666666667,0.12862813980435248,0.32080224492696074,2.2391977550730395,0.8997492984603248,406.1956298828125,0.0,0.0,406.1956298828125,533.8956298828125,3448.7767091823284,283.8956298828125,30.0,541.467354749525,0.0,1,P01_G017_E52_A000,P01_G017,P01,M020,2502.56368944498,2923.5285106228607,420.9648211778808,
E52_231555d7070bcf1a0911e332,10.270015299215657,5.981962334569488,5.981962334569488,303.4113952968874,335.0249979987103,417.14117438283733,0.1669828432889251,0.009166666666666667,0.12862813980435248,0.30477764975994426,2.2552223502400564,0.9047569844500174,379.363232421875,0.0,0.0,379.363232421875,507.063232421875,3128.55880787128,326.2397766113281,30.0,513.4113952968873,0.0,1,P01_G017_E52_A000,P01_G017,P01,M020,2502.56368944498,2923.5285106228607,420.9648211778808,
E52_246111a1ef063bec9e89ec9e,22.382533686916403,13.03223549741864,13.03223549741864,413.11352328410356,453.07003166626504,586.4879962752384,0.22998101771643822,0.009166666666666667,0.12862813980435248,0.36777582418745736,2.192224175812543,0.8850700549414195,479.4781005859375,0.0,0.0,479.4781005859375,607.1781005859375,4398.659972064288,469.28277587890625,30.0,623.1135232841036,0.0,1,P01_G017_E52_A000,P01_G017,P01,M020,2502.56368944498,2923.5285106228607,420.9648211778808,
E52_27bf01e9e990859ae5993708,10.242823238504869,15.932490639468014,10.242823238504869,318.6138217216496,355.0514931287134,418.60161500091635,0.17259630304263499,0.009166666666666667,0.12862813980435248,0.3103911095136541,2.2496088904863463,0.903002778276983,437.25205688476564,0.0,0.0,437.25205688476564,564.9520568847656,3139.5121125068727,326.2397766113281,30.0,528.6138217216496,0.0,1,P01_G017_E52_A000,P01_G017,P01,M020,2502.56368944498,2923.5285106228607,420.9648211778808,
E52_27fdcb9bc2da20af468e67a1,9.646877129001766,15.630401191469062,9.646877129001766,333.5201066466774,372.5049327982074,433.1312563841751,0.1799553449394086,0.009166666666666667,0.12862813980435248,0.31775015141042773,2.242249848589573,0.9007030776842413,467.8179138183594,0.0,0.0,467.8179138183594,595.5179138183594,3248.4844228813135,322.1230773925781,30.0,543.5201066466774,0.0,1,P01_G017_E52_A000,P01_G017,P01,M020,2502.56368944498,2923.5285106228607,420.9648211778808,
E52_347c51b45a583dd4c5a4aad0,9.603075864140123,10.359339260709504,9.603075864140123,545.8106765870443,594.6474365357748,798.6007934817058,0.3072138543106079,0.009166666666666667,0.12862813980435248,0.44500866078162704,2.1149913392183732,0.8609347935057415,586.0411193847656,0.0,0.0,586.0411193847656,713.7411193847656,5989.505951112793,425.30462646484375,30.0,755.8106765870443,0.0,1,P01_G017_E52_A000,P01_G017,P01,M020,2502.56368944498,2923.5285106228607,420.9648211778808,
E52_437c6a333219b14c3939f26c,0.2912230185958862,6.0194831627628105,0.2912230185958862,277.09771274073506,296.211315442558,417.14117438283733,0.1570562493971614,0.009166666666666667,0.12862813980435248,0.2948510558681805,2.2651489441318198,0.9078590450411936,248.53977661132814,19.176544189453125,19.176544189453125,248.53977661132814,376.2397766113281,3128.55880787128,326.2397766113281,30.0,487.09771274073506,0.0,1,P01_G017_E52_A000,P01_G017,P01,M020,2502.56368944498,2923.5285106228607,420.9648211778808,
E52_47db2d0d55c92154c779a4c9,11.176286595238821,16.45726286038159,11.176286595238821,312.62709924858126,351.3219092257948,393.08533863388124,0.16685347284684848,0.009166666666666667,0.12862813980435248,0.30464827931786764,2.2553517206821327,0.9047974127131664,464.3377197265625,0.0,0.0,464.3377197265625,592.0377197265625,2948.1400397541092,295.61395263671875,30.0,522.6270992485813,0.0,1,P01_G017_E52_A000,P01_G017,P01,M020,2502.56368944498,2923.5285106228607,420.9648211778808,
E52_60b0dc656c777ee2cc2279b1,8.97438073598903,0.21315146591224732,0.21315146591224732,563.4362729251038,615.9641949832094,811.705013501575,0.3153381258454166,0.009166666666666667,0.12862813980435248,0.4531329323164357,2.106867067683565,0.8583959586511138,630.3350646972656,0.0,0.0,630.3350646972656,758.0350646972656,6087.787601261813,495.9024353027344,30.0,773.4362729251038,0.0,1,P01_G017_E52_A000,P01_G017,P01,M020,2502.56368944498,2923.5285106228607,420.9648211778808,
E52_6aa461eda22a4c53e6730e81,0.26027333458110036,6.478254834226846,0.26027333458110036,265.8104536255181,288.3542041341444,395.1560268799425,0.15046620221455187,0.009166666666666667,0.12862813980435248,0.28826100868557103,2.2717389913144297,0.9099184347857591,271.555615234375,1.030609130859375,1.030609130859375,271.555615234375,399.255615234375,2963.670201599569,349.255615234375,30.0,475.8104536255181,0.0,1,P01_G017_E52_A000,P01_G017,P01,M020,2502.56368944498,2923.5285106228607,420.9648211778808,
E52_6dc095df8eb6475486134b5c,21.227726913530475,12.905188948092743,12.905188948092743,424.06014837873875,466.2734748964797,594.8403376510322,0.23505698741925235,0.009166666666666667,0.12862813980435248,0.37285179389027145,2.187148206109729,0.8834838144092901,506.55991821289064,0.0,0.0,506.55991821289064,634.2599182128906,4461.302532382741,440.2059631347656,30.0,634.0601483787387,0.0,1,P01_G017_E52_A000,P01_G017,P01,M020,2502.56368944498,2923.5285106228607,420.9648211778808,
E52_73baea82bbbffa2db9d7426a,10.241631917232525,5.711384152670419,5.711384152670419,297.3854850658978,324.64222792478455,431.2305129784753,0.16683515196021612,0.009166666666666667,0.12862813980435248,0.30462995843123525,2.2553700415687654,0.904803137990239,327.08091430664064,0.0,0.0,327.08091430664064,454.7809143066406,3234.2288473385647,335.390380859375,30.0,507.3854850658978,0.0,1,P01_G017_E52_A000,P01_G017,P01,M020,2502.56368944498,2923.5285106228607,420.9648211778808,
E52_74b3fb0a4920873efc33101b,1.2602427488312316,6.525083879148042,1.2602427488312316,262.62709924858126,284.6552425591281,393.08533863388124,0.14907135286228057,0.009166666666666667,0.12862813980435248,0.28686615933329973,2.2731338406667008,0.9103543252083438,264.3377197265625,0.0,0.0,264.3377197265625,392.0377197265625,2948.1400397541092,295.61395263671875,30.0,472.62709924858126,0.0,1,P01_G017_E52_A000,P01_G017,P01,M020,2502.56368944498,2923.5285106228607,420.9648211778808,
E52_82c821a5773d0bfbe554f10a,7.045339812679956,11.397135806608844,7.045339812679956,512.9354114719376,566.0737563002253,707.0407539741487,0.2825549862639304,0.009166666666666667,0.12862813980435248,0.42034979273494955,2.139650207265051,0.8686406897703283,637.6601379394531,0.0,0.0,637.6601379394531,765.3601379394531,5302.805654806116,465.3601379394531,30.0,722.9354114719376,0.0,1,P01_G017_E52_A000,P01_G017,P01,M020,2502.56368944498,2923.5285106228607,420.9648211778808,
E52_8ca7795ffa642a3b129c0a3d,10.116181077439208,15.730152054416479,10.116181077439208,330.94608252023,369.9122522589995,428.0951466078428,0.17832668261553564,0.009166666666666667,0.12862813980435248,0.3161214890865548,2.243878510913446,0.9012120346604516,467.5940368652344,0.0,0.0,467.5940368652344,595.2940368652344,3210.713599558821,335.390380859375,30.0,540.94608252023,0.0,1,P01_G017_E52_A000,P01_G017,P01,M020,2502.56368944498,2923.5285106228607,420.9648211778808,
E52_9026ce0d2a5dd9a75ef73c8e,0.8353766427972573,6.720084116703532,0.8353766427972573,248.61637070099954,267.37077642202814,384.70630707582717,0.14290187810434732,0.009166666666666667,0.12862813980435248,0.28069668457536645,2.279303315424634,0.912282286070198,225.05286865234376,0.0,0.0,225.05286865234376,352.75286865234375,2885.297303068704,302.75286865234375,30.0,458.61637070099954,0.0,1,P01_G017_E52_A000,P01_G017,P01,M020,2502.56368944498,2923.5285106228607,420.9648211778808,
E52_9b18c2085562c5280ea1e394,8.629705350798275,0.02697066595830222,0.02697066595830222,563.4972144032131,613.0086493397365,829.9258191872856,0.3179402888393461,0.009166666666666667,0.12862813980435248,0.45573509531036527,2.1042649046896353,0.8575827827155109,594.1372192382812,0.0,0.0,594.1372192382812,721.8372192382812,6224.443643904642,487.8569030761719,30.0,773.4972144032131,0.0,1,P01_G017_E52_A000,P01_G017,P01,M020,2502.56368944498,2923.5285106228607,420.9648211778808,
E52_a1af1f4ab7d520e82e20be53,9.000688973798546,0.45430012492889205,0.45430012492889205,547.7224457312177,598.7128286250978,789.5025940991541,0.30660524396013417,0.009166666666666667,0.12862813980435248,0.44440005043115327,2.115599949568847,0.8611249842402646,611.8845947265625,0.0,0.0,611.8845947265625,739.5845947265625,5921.269455743655,492.6366271972656,30.0,757.7224457312177,0.0,1,P01_G017_E52_A000,P01_G017,P01,M020,2502.56368944498,2923.5285106228607,420.9648211778808,
E52_b60e4d2a4cdcd5801a5d757f,9.6910339592972,16.480566458341656,9.6910339592972,308.26023760270465,345.626388522301,392.32356968783114,0.16519254750221457,0.009166666666666667,0.12862813980435248,0.30298735397323373,2.2570126460267668,0.9053164518833645,448.39381103515626,0.0,0.0,448.39381103515626,576.0938110351562,2942.4267726587336,326.2397766113281,30.0,518.2602376027046,0.0,1,P01_G017_E52_A000,P01_G017,P01,M020,2502.56368944498,2923.5285106228607,420.9648211778808,
E52_b8aeee13ee5f313ffdb298e7,9.338309835329824,0.32052137756616617,0.32052137756616617,550.9628084392909,600.9445446860357,802.0351993981131,0.309532562555218,0.009166666666666667,0.12862813980435248,0.44732736902623715,2.1126726309737633,0.8602101971793009,599.7808349609375,0.0,0.0,599.7808349609375,727.4808349609375,6015.263995485849,485.42230224609375,30.0,760.9628084392909,0.0,1,P01_G017_E52_A000,P01_G017,P01,M020,2502.56368944498,2923.5285106228607,420.9648211778808,
E52_c0294c7ff44d44fc4ede8d97,9.63131941890856,16.7256600789149,9.63131941890856,316.70783025924425,358.9570632507807,379.92026256926977,0.16644027302831577,0.009166666666666667,0.12862813980435248,0.3042350794993349,2.2557649205006656,0.9049265376564578,506.9907958984375,0.0,0.0,506.9907958984375,634.6907958984375,2849.4019692695233,334.6907958984375,30.0,526.7078302592442,0.0,1,P01_G017_E52_A000,P01_G017,P01,M020,2502.56368944498,2923.5285106228607,420.9648211778808,
E52_c10a50247c57c0340b451298,23.058866510073486,3.1495087650690863,3.1495087650690863,410.4813485396202,450.8988478275434,578.4577013517014,0.22790762835174688,0.009166666666666667,0.12862813980435248,0.365702434822766,2.1942975651772345,0.8857179891178857,485.00999145507814,0.0,0.0,485.00999145507814,612.7099914550781,4338.432760137761,515.4917602539062,30.0,620.4813485396203,0.0,1,P01_G017_E52_A000,P01_G017,P01,M020,2502.56368944498,2923.5285106228607,420.9648211778808,
E52_c117f06f984d58b2275e6c48,9.621959789289988,0.365836005255062,0.365836005255062,533.3106765870443,577.980769869108,798.6007934817058,0.30276832431446593,0.009166666666666667,0.12862813980435248,0.44056313078548504,2.1194368692145154,0.8623240216295359,536.0411193847656,0.0,0.0,536.0411193847656,663.7411193847656,5989.505951112793,425.30462646484375,30.0,743.3106765870443,0.0,1,P01_G017_E52_A000,P01_G017,P01,M020,2502.56368944498,2923.5285106228607,420.9648211778808,
E52_d22cbe82615c6d2ee0ebf49f,10.18232641347295,15.758568264926964,10.18232641347295,318.17309843891866,352.9726015110215,427.5491784452201,0.1737067461230003,0.009166666666666667,0.12862813980435248,0.31150155259401946,2.2484984474059813,0.9026557648143689,417.5940368652344,0.0,0.0,417.5940368652344,545.2940368652344,3206.618838339151,335.390380859375,30.0,528.1730984389187,0.0,1,P01_G017_E52_A000,P01_G017,P01,M020,2502.56368944498,2923.5285106228607,420.9648211778808,
E52_dbec4f1422e98765afb262aa,10.873853311460351,16.38523852602286,10.873853311460351,322.5402116809159,364.1002534899979,395.72017250733956,0.1707521496628321,0.009166666666666667,0.12862813980435248,0.3085469561338512,2.2514530438661495,0.9035790762081715,498.7205017089844,0.0,0.0,498.7205017089844,626.4205017089844,2967.901293805047,326.4205017089844,30.0,532.540211680916,0.0,1,P01_G017_E52_A000,P01_G017,P01,M020,2502.56368944498,2923.5285106228607,420.9648211778808,
E52_dd12fb0cc4aee52816704b73,9.529275139632546,0.5498680641518376,0.5498680641518376,547.6210002825783,600.0718247658139,780.5370536657424,0.3052994367315811,0.009166666666666667,0.12862813980435248,0.44309424320260027,2.1169057567974003,0.8615330489991875,629.4098937988281,0.0,0.0,629.4098937988281,757.1098937988281,5854.027902493068,543.108642578125,30.0,757.6210002825783,0.0,1,P01_G017_E52_A000,P01_G017,P01,M020,2502.56368944498,2923.5285106228607,420.9648211778808,
E52_de2c36302e014a6d0284c896,10.188846349369086,15.994052628622484,10.188846349369086,325.41177480357015,364.7238282296769,414.95122905049965,0.1744969638873427,0.009166666666666667,0.12862813980435248,0.31229177035836186,2.2477082296416384,0.902408821763012,471.74464111328126,0.0,0.0,471.74464111328126,599.4446411132812,3112.134217878747,325.15069580078125,30.0,535.4117748035701,0.0,1,P01_G017_E52_A000,P01_G017,P01,M020,2502.56368944498,2923.5285106228607,420.9648211778808,
E52_e0325aad0b87e7c07e10fc2c,0.28996876103418856,5.987785159048158,0.28996876103418856,275.1983248954777,294.96932963587483,418.60161500091635,0.15682137892336617,0.009166666666666667,0.12862813980435248,0.2946161853943853,2.2653838146056153,0.9079324420642546,248.53977661132814,11.2877197265625,11.2877197265625,248.53977661132814,376.2397766113281,3139.5121125068727,326.2397766113281,30.0,485.1983248954777,0.0,1,P01_G017_E52_A000,P01_G017,P01,M020,2502.56368944498,2923.5285106228607,420.9648211778808,
E52_ea76d341ab82f2ebc1fa1efe,0.2590687234203841,6.056283714240493,0.2590687234203841,275.41177480357015,298.05716156301025,414.95122905049965,0.15671484390277482,0.009166666666666667,0.12862813980435248,0.29450965037379395,2.2654903496262064,0.9079657342581894,271.74464111328126,0.0,0.0,271.74464111328126,399.44464111328125,3112.134217878747,325.15069580078125,30.0,485.41177480357015,0.0,1,P01_G017_E52_A000,P01_G017,P01,M020,2502.56368944498,2923.5285106228607,420.9648211778808,
E52_b677873645e212a13901ede2,1.2512697614083237,9.230718628911887,1.2512697614083237,575.9444140089429,616.0268887810784,911.3939793850733,0.3339048259552679,0.009166666666666667,0.23453171856418648,0.577603211186121,1.9823967888138796,0.8194989965043372,480.989697265625,0.0,0.0,480.989697265625,608.689697265625,6835.45484538805,390.4056396484375,30.0,785.9444140089429,0.0,1,P01_G018_E52_A000,P01_G018,P01,M021,5315.624044076422,6083.182395741032,767.5583516646102,
E52_b60e4d2a4cdcd5801a5d757f,7.482025772350141,16.480566458341656,7.482025772350141,308.26023760270465,345.626388522301,392.32356968783114,0.16519254750221457,0.009166666666666667,0.006399266762409652,0.18075848093129088,2.3792415190687097,0.9435129747089716,448.39381103515626,0.0,0.0,448.39381103515626,576.0938110351562,2942.4267726587336,326.2397766113281,30.0,518.2602376027046,0.0,1,P01_G019_E52_A000,P01_G019,P01,M022,7355.713579944701,7376.656634803497,20.94305485879522,E5_REVALIDATED
E52_326bd9096774308657b14836,7.2143663517743875,6.820761438549596,6.820761438549596,254.20783025924425,275.6237299174474,379.92026256926977,0.1442126230476059,0.009166666666666667,0.006399266762409652,0.1597785564766822,2.4002214435233182,0.9500692011010368,256.9907958984375,0.0,0.0,256.9907958984375,384.6907958984375,2849.4019692695233,334.6907958984375,30.0,464.20783025924425,0.0,1,P01_G019_E52_A000,P01_G019,P01,M022,7355.713579944701,7376.656634803497,20.94305485879522,E5_REVALIDATED
E52_c0294c7ff44d44fc4ede8d97,7.161390638552078,16.7256600789149,7.161390638552078,316.70783025924425,358.9570632507807,379.92026256926977,0.16644027302831577,0.009166666666666667,0.006399266762409652,0.18200620645739207,2.3779937935426085,0.943123060482065,506.9907958984375,0.0,0.0,506.9907958984375,634.6907958984375,2849.4019692695233,334.6907958984375,30.0,526.7078302592442,0.0,1,P01_G019_E52_A000,P01_G019,P01,M022,7355.713579944701,7376.656634803497,20.94305485879522,E5_REVALIDATED
E52_01234cac2d25748209cb57e8,7.665571921562076,5.963634638729843,5.963634638729843,275.78386787661753,295.55487261701467,419.772700963196,0.15719547582798327,0.009166666666666667,0.006399266762409652,0.17276140925705957,2.3872385907429408,0.9460120596071688,248.53977661132814,11.2877197265625,11.2877197265625,248.53977661132814,376.2397766113281,3148.2952572239697,326.2397766113281,30.0,485.78386787661753,0.0,1,P01_G019_E52_A000,P01_G019,P01,M022,7355.713579944701,7376.656634803497,20.94305485879522,
E52_06eb0baa948af7ff52881bcf,6.231702511254468,16.258674653736037,6.231702511254468,296.7597053393259,328.36499963050426,403.88764493158146,0.16274021246714285,0.009166666666666667,0.006399266762409652,0.17830614589621915,2.3816938541037813,0.9442793294074315,379.26353149414064,0.0,0.0,379.26353149414064,506.9635314941406,3029.157336986861,306.9635314941406,30.0,506.7597053393259,0.0,1,P01_G019_E52_A000,P01_G019,P01,M022,7355.713579944701,7376.656634803497,20.94305485879522,
E52_0c9d91fc306062a18ada9948,7.8260924393969304,15.697900697510477,7.8260924393969304,331.42241999480143,370.2725110389095,429.7442937249544,0.1787296459836012,0.009166666666666667,0.006399266762409652,0.1942955794126775,2.365704420587323,0.9392826314335383,466.2010925292969,0.0,0.0,466.2010925292969,593.9010925292969,3223.082202937158,326.7436828613281,30.0,541.4224199948014,0.0,1,P01_G019_E52_A000,P01_G019,P01,M022,7355.713579944701,7376.656634803497,20.94305485879522,
E52_189eb019491ad876aa165071,6.089678159350484,3.8094716871601975,3.8094716871601975,403.09916814168594,448.35288467407526,534.676037089036,0.21908171065325852,0.009166666666666667,0.006399266762409652,0.23464764408233482,2.3253523559176656,0.9266726112242704,543.0445983886718,0.0,0.0,543.0445983886718,670.7445983886719,4010.07027816777,391.87322998046875,30.0,613.0991681416859,0.0,1,P01_G019_E52_A000,P01_G019,P01,M022,7355.713579944701,7376.656634803497,20.94305485879522,
E52_1eac4bbcd37cec5d48241661,7.6125185015231125,6.04580255430777,6.04580255430777,275.66392246828667,298.30930922772677,415.4555243799327,0.1568759382441215,0.009166666666666667,0.006399266762409652,0.1724418716731978,2.387558128326803,0.9461119151021257,271.74464111328126,0.0,0.0,271.74464111328126,399.44464111328125,3115.9164328494953,326.2397766113281,30.0,485.66392246828667,0.0,1,P01_G019_E52_A000,P01_G019,P01,M022,7355.713579944701,7376.656634803497,20.94305485879522,
E52_1ef47ef68c1879e18ddbb164,7.6614869458552874,9.684707827919368,7.6614869458552874,525.9457118932837,556.9823492630754,865.6715995678175,0.30964781577290457,0.009166666666666667,0.006399266762409652,0.3252137492019809,2.2347862507980194,0.898370703374381,372.4396484375,0.0,0.0,372.4396484375,500.1396484375,6492.536996758631,304.7821350097656,30.0,735.9457118932837,0.0,1,P01_G019_E52_A000,P01_G019,P01,M022,7355.713579944701,7376.656634803497,20.94305485879522,
E52_214ce9a3b3bd3fa9c582335a,9.018683185158821,15.138353346483314,9.018683185158821,331.46735474952504,365.31699057309277,459.8368945576438,0.1830074384559416,0.009166666666666667,0.006399266762409652,0.19857337188501792,2.3614266281149825,0.937945821285932,406.1956298828125,0.0,0.0,406.1956298828125,533.8956298828125,3448.7767091823284,283.8956298828125,30.0,541.467354749525,0.0,1,P01_G019_E52_A000,P01_G019,P01,M022,7355.713579944701,7376.656634803497,20.94305485879522,
E52_231555d7070bcf1a0911e332,7.563203036842538,5.981962334569488,5.981962334569488,303.4113952968874,335.0249979987103,417.14117438283733,0.1669828432889251,0.009166666666666667,0.006399266762409652,0.1825487767180014,2.377451223281999,0.9429535072756245,379.363232421875,0.0,0.0,379.363232421875,507.063232421875,3128.55880787128,326.2397766113281,30.0,513.4113952968873,0.0,1,P01_G019_E52_A000,P01_G019,P01,M022,7355.713579944701,7376.656634803497,20.94305485879522,
E52_246111a1ef063bec9e89ec9e,3.503541586032398,13.03223549741864,3.503541586032398,413.11352328410356,453.07003166626504,586.4879962752384,0.22998101771643822,0.009166666666666667,0.006399266762409652,0.24554695114551453,2.314453048854486,0.9232665777670267,479.4781005859375,0.0,0.0,479.4781005859375,607.1781005859375,4398.659972064288,469.28277587890625,30.0,623.1135232841036,0.0,1,P01_G019_E52_A000,P01_G019,P01,M022,7355.713579944701,7376.656634803497,20.94305485879522,
E52_24db349315b2a6b84dd4215d,8.435444036853283,5.686957833295324,5.686957833295324,283.5201066466774,305.8382661315407,433.1312563841751,0.1621732249548407,0.009166666666666667,0.006399266762409652,0.17773915838391702,2.3822608416160835,0.944456513005026,267.8179138183594,0.0,0.0,267.8179138183594,395.5179138183594,3248.4844228813135,322.1230773925781,30.0,493.5201066466774,0.0,1,P01_G019_E52_A000,P01_G019,P01,M022,7355.713579944701,7376.656634803497,20.94305485879522,
E52_27bf01e9e990859ae5993708,7.580601843966491,15.932490639468014,7.580601843966491,318.6138217216496,355.0514931287134,418.60161500091635,0.17259630304263499,0.009166666666666667,0.006399266762409652,0.1881622364717113,2.3718377635282892,0.9411993011025902,437.25205688476564,0.0,0.0,437.25205688476564,564.9520568847656,3139.5121125068727,326.2397766113281,30.0,528.6138217216496,0.0,1,P01_G019_E52_A000,P01_G019,P01,M022,7355.713579944701,7376.656634803497,20.94305485879522,
E52_27fdcb9bc2da20af468e67a1,8.383638048319895,15.630401191469062,8.383638048319895,333.5201066466774,372.5049327982074,433.1312563841751,0.1799553449394086,0.009166666666666667,0.006399266762409652,0.1955212783684849,2.3644787216315155,0.9388996005098484,467.8179138183594,0.0,0.0,467.8179138183594,595.5179138183594,3248.4844228813135,322.1230773925781,30.0,543.5201066466774,0.0,1,P01_G019_E52_A000,P01_G019,P01,M022,7355.713579944701,7376.656634803497,20.94305485879522,
E52_2cea01313b8862fcfb6b2e63,12.491838280776108,16.460055432828085,12.491838280776108,259.5957489704318,280.08528245838755,396.2542970131293,0.148442074342722,0.009166666666666667,0.006399266762409652,0.1640080077717983,2.3959919922282022,0.948747497571313,245.87440185546876,0.0,0.0,245.87440185546876,373.57440185546875,2971.90722759847,231.8917236328125,30.0,469.5957489704318,0.0,1,P01_G019_E52_A000,P01_G019,P01,M022,7355.713579944701,7376.656634803497,20.94305485879522,
E52_437c6a333219b14c3939f26c,7.583225995568327,6.0194831627628105,6.0194831627628105,277.09771274073506,296.211315442558,417.14117438283733,0.1570562493971614,0.009166666666666667,0.006399266762409652,0.1726221828262377,2.3873778171737627,0.9460555678668007,248.53977661132814,19.176544189453125,19.176544189453125,248.53977661132814,376.2397766113281,3128.55880787128,326.2397766113281,30.0,487.09771274073506,0.0,1,P01_G019_E52_A000,P01_G019,P01,M022,7355.713579944701,7376.656634803497,20.94305485879522,
E52_44ed69e1d99dc074a7941a18,9.394282270258245,8.900383690419545,8.900383690419545,188.27556058823757,199.0276355292369,299.7078152072368,0.1090911242968749,0.009166666666666667,0.006399266762409652,0.12465705772595122,2.4353429422740493,0.9610446694606403,139.59420471191407,10.569305419921875,10.569305419921875,139.59420471191407,267.29420471191406,2247.808614054276,217.29420471191406,30.0,398.27556058823757,0.0,1,P01_G019_E52_A000,P01_G019,P01,M022,7355.713579944701,7376.656634803497,20.94305485879522,
E52_4513f74e4ba51c209cccc792,1.9539009602077755,9.790974506635663,1.9539009602077755,548.6050089915749,589.1156759023821,854.1460165183059,0.3160741321008959,0.009166666666666667,0.006399266762409652,0.3316400655299722,2.2283599344700282,0.8963624795218836,486.1280029296875,0.0,0.0,486.1280029296875,613.8280029296875,6406.095123887295,391.8226318359375,30.0,758.6050089915749,0.0,1,P01_G019_E52_A000,P01_G019,P01,M022,7355.713579944701,7376.656634803497,20.94305485879522,
E52_47db2d0d55c92154c779a4c9,5.962940531927728,16.45726286038159,5.962940531927728,312.62709924858126,351.3219092257948,393.08533863388124,0.16685347284684848,0.009166666666666667,0.006399266762409652,0.1824194062759248,2.3775805937240757,0.9429939355387735,464.3377197265625,0.0,0.0,464.3377197265625,592.0377197265625,2948.1400397541092,295.61395263671875,30.0,522.6270992485813,0.0,1,P01_G019_E52_A000,P01_G019,P01,M022,7355.713579944701,7376.656634803497,20.94305485879522,
E52_4cf0fac9feb721651efb2830,10.474975965566955,17.82597875173802,10.474975965566955,242.69354898018014,267.32891198677197,337.5749199208095,0.13412057160327687,0.009166666666666667,0.006399266762409652,0.14968650503235317,2.4103134949676472,0.9532229671773896,295.6243560791016,0.0,0.0,295.6243560791016,423.32435607910156,2531.8118994060715,217.31182861328125,30.0,452.69354898018014,0.0,1,P01_G019_E52_A000,P01_G019,P01,M022,7355.713579944701,7376.656634803497,20.94305485879522,
E52_4d215302190bc5bfb29bf912,5.5225516339865095,16.37371485667674,5.5225516339865095,307.50969179304633,343.7570581260541,397.53518558804575,0.1656637075427803,0.009166666666666667,0.006399266762409652,0.1812296409718566,2.378770359028144,0.9433657371962948,434.96839599609376,0.0,0.0,434.96839599609376,562.6683959960938,2981.5138919103433,336.56707763671875,30.0,517.5096917930464,0.0,1,P01_G019_E52_A000,P01_G019,P01,M022,7355.713579944701,7376.656634803497,20.94305485879522,
E52_50c718ca7f326f764494c89d,18.086021586551382,13.080943299176411,13.080943299176411,350.85355156655817,370.1881015340061,585.6998033284289,0.20772710552759727,0.009166666666666667,0.006399266762409652,0.22329303895667357,2.336706961043327,0.9302209253260395,232.014599609375,0.0,0.0,232.014599609375,359.714599609375,4392.748524963216,275.29461669921875,30.0,560.8535515665582,0.0,1,P01_G019_E52_A000,P01_G019,P01,M022,7355.713579944701,7376.656634803497,20.94305485879522,
E52_515a3b7c8d98426ee13f2b4e,11.659408258882053,17.07508762021844,11.659408258882053,242.68536134104386,262.0561394884234,369.14605379781034,0.13858886614696947,0.009166666666666667,0.006399266762409652,0.15415479957604578,2.4058452004239546,0.9518266251324857,232.4493377685547,0.0,0.0,232.4493377685547,360.1493377685547,2768.5954034835777,210.1493377685547,30.0,452.68536134104386,0.0,1,P01_G019_E52_A000,P01_G019,P01,M022,7355.713579944701,7376.656634803497,20.94305485879522,
E52_60b0dc656c777ee2cc2279b1,2.4657677917766563,0.21315146591224732,0.21315146591224732,563.4362729251038,615.9641949832094,811.705013501575,0.3153381258454166,0.009166666666666667,0.006399266762409652,0.3309040592744929,2.2290959407255078,0.896592481476721,630.3350646972656,0.0,0.0,630.3350646972656,758.0350646972656,6087.787601261813,495.9024353027344,30.0,773.4362729251038,0.0,1,P01_G019_E52_A000,P01_G019,P01,M022,7355.713579944701,7376.656634803497,20.94305485879522,
E52_60b76d98beea93305f35c25d,11.830850374974176,16.79058398580294,11.830850374974176,271.8613885249859,299.0873836523459,380.3668062858116,0.15055421784231732,0.009166666666666667,0.006399266762409652,0.16612015127139362,2.393879848728607,0.9480874527276895,326.7119415283203,0.0,0.0,326.7119415283203,454.4119415283203,2852.751047143587,241.2421875,30.0,481.8613885249859,0.0,1,P01_G019_E52_A000,P01_G019,P01,M022,7355.713579944701,7376.656634803497,20.94305485879522,
E52_68694062ed2e2e792aeb51a9,8.476534814146575,17.695890544520793,8.476534814146575,262.3147609906027,292.8212075746684,341.5908424768108,0.1416674545099547,0.009166666666666667,0.006399266762409652,0.157233387939031,2.4027666120609696,0.9508645662690528,366.0773590087891,0.0,0.0,366.0773590087891,493.77735900878906,2561.931318576081,213.8477783203125,30.0,472.3147609906027,0.0,1,P01_G019_E52_A000,P01_G019,P01,M022,7355.713579944701,7376.656634803497,20.94305485879522,
E52_6aa461eda22a4c53e6730e81,7.084600655325886,6.478254834226846,6.478254834226846,265.8104536255181,288.3542041341444,395.1560268799425,0.15046620221455187,0.009166666666666667,0.006399266762409652,0.16603213564362818,2.393967864356372,0.9481149576113662,271.555615234375,1.030609130859375,1.030609130859375,271.555615234375,399.255615234375,2963.670201599569,349.255615234375,30.0,475.8104536255181,0.0,1,P01_G019_E52_A000,P01_G019,P01,M022,7355.713579944701,7376.656634803497,20.94305485879522,
E52_6dc095df8eb6475486134b5c,3.6222310117809684,12.905188948092743,3.6222310117809684,424.06014837873875,466.2734748964797,594.8403376510322,0.23505698741925235,0.009166666666666667,0.006399266762409652,0.25062292084832866,2.309377079151672,0.9216803372348973,506.55991821289064,0.0,0.0,506.55991821289064,634.2599182128906,4461.302532382741,440.2059631347656,30.0,634.0601483787387,0.0,1,P01_G019_E52_A000,P01_G019,P01,M022,7355.713579944701,7376.656634803497,20.94305485879522,
E52_73baea82bbbffa2db9d7426a,7.896001037691406,5.711384152670419,5.711384152670419,297.3854850658978,324.64222792478455,431.2305129784753,0.16683515196021612,0.009166666666666667,0.006399266762409652,0.18240108538929242,2.377598914610708,0.9429996608158461,327.08091430664064,0.0,0.0,327.08091430664064,454.7809143066406,3234.2288473385647,335.390380859375,30.0,507.3854850658978,0.0,1,P01_G019_E52_A000,P01_G019,P01,M022,7355.713579944701,7376.656634803497,20.94305485879522,
E52_74b3fb0a4920873efc33101b,5.991923300187651,6.525083879148042,5.991923300187651,262.62709924858126,284.6552425591281,393.08533863388124,0.14907135286228057,0.009166666666666667,0.006399266762409652,0.16463728629135688,2.3953627137086437,0.948550848033951,264.3377197265625,0.0,0.0,264.3377197265625,392.0377197265625,2948.1400397541092,295.61395263671875,30.0,472.62709924858126,0.0,1,P01_G019_E52_A000,P01_G019,P01,M022,7355.713579944701,7376.656634803497,20.94305485879522,
E52_7547086a1218012670f76a62,12.04054529641202,2.277872015791573,2.277872015791573,370.7957901832663,387.27013608984186,642.7455049270795,0.2228984084752749,0.009166666666666667,0.006399266762409652,0.2384643419043512,2.3215356580956494,0.9254798931548902,197.69215087890626,0.0,0.0,197.69215087890626,325.39215087890625,4820.591286953097,275.39215087890625,30.0,580.7957901832663,0.0,1,P01_G019_E52_A000,P01_G019,P01,M022,7355.713579944701,7376.656634803497,20.94305485879522,
E52_76b4f0bdabd1ccab126282dd,11.255980449075125,17.180198899819032,11.255980449075125,244.7670432960008,265.6078646257534,364.489158613486,0.13866967590706417,0.009166666666666667,0.006399266762409652,0.15423560933614047,2.40576439066386,0.9518013720824561,250.08985595703126,0.0,0.0,250.08985595703126,377.78985595703125,2733.6686896011447,241.2421875,30.0,454.7670432960008,0.0,1,P01_G019_E52_A000,P01_G019,P01,M022,7355.713579944701,7376.656634803497,20.94305485879522,
E52_82c821a5773d0bfbe554f10a,8.118001245539844,11.397135806608844,8.118001245539844,512.9354114719376,566.0737563002253,707.0407539741487,0.2825549862639304,0.009166666666666667,0.006399266762409652,0.2981209196930067,2.261879080306994,0.9068372125959354,637.6601379394531,0.0,0.0,637.6601379394531,765.3601379394531,5302.805654806116,465.3601379394531,30.0,722.9354114719376,0.0,1,P01_G019_E52_A000,P01_G019,P01,M022,7355.713579944701,7376.656634803497,20.94305485879522,
E52_8ca7795ffa642a3b129c0a3d,7.859962629989255,15.730152054416479,7.859962629989255,330.94608252023,369.9122522589995,428.0951466078428,0.17832668261553564,0.009166666666666667,0.006399266762409652,0.19389261604461194,2.3661073839553888,0.9394085574860588,467.5940368652344,0.0,0.0,467.5940368652344,595.2940368652344,3210.713599558821,335.390380859375,30.0,540.94608252023,0.0,1,P01_G019_E52_A000,P01_G019,P01,M022,7355.713579944701,7376.656634803497,20.94305485879522,
E52_9026ce0d2a5dd9a75ef73c8e,6.132763908620589,6.720084116703532,6.132763908620589,248.61637070099954,267.37077642202814,384.70630707582717,0.14290187810434732,0.009166666666666667,0.006399266762409652,0.15846781153342362,2.401532188466577,0.9504788088958052,225.05286865234376,0.0,0.0,225.05286865234376,352.75286865234375,2885.297303068704,302.75286865234375,30.0,458.61637070099954,0.0,1,P01_G019_E52_A000,P01_G019,P01,M022,7355.713579944701,7376.656634803497,20.94305485879522,
E52_96da4f081c74d8211b4b244f,12.224058481638508,12.47027426673894,12.224058481638508,406.4445801679392,437.368205859671,627.3474061854878,0.23339590098708082,0.009166666666666667,0.006399266762409652,0.24896183441615713,2.3110381655838435,0.9221994267449509,371.08350830078126,0.0,0.0,371.08350830078126,498.78350830078125,4705.105546391158,251.37640380859375,30.0,616.4445801679392,0.0,1,P01_G019_E52_A000,P01_G019,P01,M022,7355.713579944701,7376.656634803497,20.94305485879522,
E52_a1af1f4ab7d520e82e20be53,3.48132259544451,0.45430012492889205,0.45430012492889205,547.7224457312177,598.7128286250978,789.5025940991541,0.30660524396013417,0.009166666666666667,0.006399266762409652,0.3221711773892105,2.23782882261079,0.8993215070658718,611.8845947265625,0.0,0.0,611.8845947265625,739.5845947265625,5921.269455743655,492.6366271972656,30.0,757.7224457312177,0.0,1,P01_G019_E52_A000,P01_G019,P01,M022,7355.713579944701,7376.656634803497,20.94305485879522,
E52_a3836b1674b2d70f748125c1,9.882038577067178,18.388582284998307,9.882038577067178,238.77143733771516,265.74771093797557,315.68523307386783,0.1296256139323784,0.009166666666666667,0.006399266762409652,0.1451915473614547,2.4148084526385456,0.9546276414495454,323.715283203125,0.0,0.0,323.715283203125,451.415283203125,2367.639248054009,217.29420471191406,30.0,448.77143733771516,0.0,1,P01_G019_E52_A000,P01_G019,P01,M022,7355.713579944701,7376.656634803497,20.94305485879522,
E52_a77602565c04dca5831f9b7a,8.012774217697029,15.758600383852013,8.012774217697029,295.3505394617105,322.31471665694164,428.9160157520343,0.16578365241547813,0.009166666666666667,0.006399266762409652,0.18134958584455443,2.378650414155446,0.9433282544235767,323.57012634277345,0.0,0.0,323.57012634277345,451.27012634277344,3216.870118140257,284.58648681640625,30.0,505.3505394617105,0.0,1,P01_G019_E52_A000,P01_G019,P01,M022,7355.713579944701,7376.656634803497,20.94305485879522,
E52_aaa387ee3ee3170bd804334d,1.3857904372558778,18.409477866986336,1.3857904372558778,263.5215778829557,299.2286101502083,312.8009621623957,0.13801933350380158,0.009166666666666667,0.006399266762409652,0.15358526693287788,2.4064147330671224,0.9520046040834756,428.48438720703126,0.0,0.0,428.48438720703126,556.1843872070312,2346.0072162179677,386.9435729980469,30.0,473.5215778829557,0.0,1,P01_G019_E52_A000,P01_G019,P01,M022,7355.713579944701,7376.656634803497,20.94305485879522,
E52_afb1e3673ff3adbe9c45b8fc,5.87250848960629,6.956106286850726,5.87250848960629,250.21040235058808,271.27175132926646,374.0527108291059,0.1419599864782851,0.009166666666666667,0.006399266762409652,0.1575259199073614,2.402474080092639,0.9507731500289496,252.73618774414064,0.0,0.0,252.73618774414064,380.4361877441406,2805.395331218294,291.6474609375,30.0,460.2104023505881,0.0,1,P01_G019_E52_A000,P01_G019,P01,M022,7355.713579944701,7376.656634803497,20.94305485879522,
E52_b544b4d7beda1d6ed7fbeefb,7.690780607194881,16.252686834440453,7.690780607194881,293.91354735972715,324.49113296153376,404.3615811086144,0.16179511839250177,0.009166666666666667,0.006399266762409652,0.17736105182157808,2.3826389481784225,0.9445746713057569,366.9310272216797,0.0,0.0,366.9310272216797,494.6310272216797,3032.711858314608,277.91845703125,30.0,503.91354735972715,0.0,1,P01_G019_E52_A000,P01_G019,P01,M022,7355.713579944701,7376.656634803497,20.94305485879522,
E52_b677873645e212a13901ede2,1.3495582062256943,9.230718628911887,1.3495582062256943,575.9444140089429,616.0268887810784,911.3939793850733,0.3339048259552679,0.009166666666666667,0.006399266762409652,0.3494707593843442,2.2105292406156565,0.8907903876923925,480.989697265625,0.0,0.0,480.989697265625,608.689697265625,6835.45484538805,390.4056396484375,30.0,785.9444140089429,0.0,1,P01_G019_E52_A000,P01_G019,P01,M022,7355.713579944701,7376.656634803497,20.94305485879522,
E52_b6789310c1ab16898a769b78,16.800623058729613,2.625622464396969,2.625622464396969,372.38145547243056,389.4038741939475,617.4514627840539,0.21924054354678854,0.009166666666666667,0.006399266762409652,0.23480647697586485,2.3251935230241356,0.9266229759450423,225.84925537109376,21.580230712890625,21.580230712890625,225.84925537109376,353.54925537109375,4630.885970880404,303.54925537109375,30.0,582.3814554724306,0.0,1,P01_G019_E52_A000,P01_G019,P01,M022,7355.713579944701,7376.656634803497,20.94305485879522,
E52_b7c433bb400c5a28313b13f0,7.991702996840729,16.00220965111248,7.991702996840729,270.63016208552887,291.2047849391259,417.8125870494757,0.1554195344851095,0.009166666666666667,0.006399266762409652,0.1709854679141858,2.3890145320858145,0.9465670412768169,246.89547424316407,0.0,0.0,246.89547424316407,374.59547424316406,3133.594402871068,284.58648681640625,30.0,480.63016208552887,0.0,1,P01_G019_E52_A000,P01_G019,P01,M022,7355.713579944701,7376.656634803497,20.94305485879522,
E52_b8aeee13ee5f313ffdb298e7,2.4384086766791597,0.32052137756616617,0.32052137756616617,550.9628084392909,600.9445446860357,802.0351993981131,0.309532562555218,0.009166666666666667,0.006399266762409652,0.3250984959842943,2.2349015040157063,0.8984067200049081,599.7808349609375,0.0,0.0,599.7808349609375,727.4808349609375,6015.263995485849,485.42230224609375,30.0,760.9628084392909,0.0,1,P01_G019_E52_A000,P01_G019,P01,M022,7355.713579944701,7376.656634803497,20.94305485879522,
E52_be69bdf55826f2eb34075d09,11.920007592895658,12.029424972929434,11.920007592895658,457.6877788138426,500.48965717077624,658.5642874860837,0.25604119113741575,0.009166666666666667,0.006399266762409652,0.27160712456649205,2.2883928754335083,0.9151227735729712,513.6225402832031,0.0,0.0,513.6225402832031,641.3225402832031,4939.232156145627,341.3225402832031,30.0,667.6877788138427,0.0,1,P01_G019_E52_A000,P01_G019,P01,M022,7355.713579944701,7376.656634803497,20.94305485879522,
E52_bfffb2993ede6e2e2bd9340b,17.722597850254303,13.053008949478723,13.053008949478723,400.85355156655817,436.85476820067277,585.6998033284289,0.22550922551216515,0.009166666666666667,0.006399266762409652,0.24107515894124146,2.318924841058759,0.9246640128308621,432.014599609375,0.0,0.0,432.014599609375,559.714599609375,4392.748524963216,275.29461669921875,30.0,610.8535515665582,0.0,1,P01_G019_E52_A000,P01_G019,P01,M022,7355.713579944701,7376.656634803497,20.94305485879522,
E52_c10a50247c57c0340b451298,3.3764867597619173,3.1495087650690863,3.1495087650690863,410.4813485396202,450.8988478275434,578.4577013517014,0.22790762835174688,0.009166666666666667,0.006399266762409652,0.2434735617808232,2.3165264382191775,0.9239145119434927,485.00999145507814,0.0,0.0,485.00999145507814,612.7099914550781,4338.432760137761,515.4917602539062,30.0,620.4813485396203,0.0,1,P01_G019_E52_A000,P01_G019,P01,M022,7355.713579944701,7376.656634803497,20.94305485879522,
E52_c76d93c5902d0dc017f7065c,7.748159243147754,16.05706218628906,7.748159243147754,260.86241804033426,278.57034040361555,415.47730190098105,0.1516149798935124,0.009166666666666667,0.006399266762409652,0.16718091332258872,2.3928190866774117,0.947755964586691,212.495068359375,0.0,0.0,212.495068359375,340.195068359375,3116.079764257358,277.91845703125,30.0,470.86241804033426,0.0,1,P01_G019_E52_A000,P01_G019,P01,M022,7355.713579944701,7376.656634803497,20.94305485879522,
E52_d22cbe82615c6d2ee0ebf49f,7.8294709435537015,15.758568264926964,7.8294709435537015,318.17309843891866,352.9726015110215,427.5491784452201,0.1737067461230003,0.009166666666666667,0.006399266762409652,0.1892726795520766,2.370727320447924,0.9408522876399761,417.5940368652344,0.0,0.0,417.5940368652344,545.2940368652344,3206.618838339151,335.390380859375,30.0,528.1730984389187,0.0,1,P01_G019_E52_A000,P01_G019,P01,M022,7355.713579944701,7376.656634803497,20.94305485879522,
E52_dbec4f1422e98765afb262aa,6.351848861521901,16.38523852602286,6.351848861521901,322.5402116809159,364.1002534899979,395.72017250733956,0.1707521496628321,0.009166666666666667,0.006399266762409652,0.1863180830919084,2.373681916908092,0.9417755990337786,498.7205017089844,0.0,0.0,498.7205017089844,626.4205017089844,2967.901293805047,326.4205017089844,30.0,532.540211680916,0.0,1,P01_G019_E52_A000,P01_G019,P01,M022,7355.713579944701,7376.656634803497,20.94305485879522,
E52_dc4c132291b7b9525a26c82f,7.7089702855979,16.290878065555617,7.7089702855979,256.41354735972715,274.49113296153376,404.3615811086144,0.14845852840407586,0.009166666666666667,0.006399266762409652,0.16402446183315217,2.3959755381668484,0.9487423556771399,216.9310272216797,0.0,0.0,216.9310272216797,344.6310272216797,3032.711858314608,277.91845703125,30.0,466.41354735972715,0.0,1,P01_G019_E52_A000,P01_G019,P01,M022,7355.713579944701,7376.656634803497,20.94305485879522,
E52_dd12fb0cc4aee52816704b73,3.2542253076256458,0.5498680641518376,0.5498680641518376,547.6210002825783,600.0718247658139,780.5370536657424,0.3052994367315811,0.009166666666666667,0.006399266762409652,0.3208653701606574,2.2391346298393433,0.8997295718247945,629.4098937988281,0.0,0.0,629.4098937988281,757.1098937988281,5854.027902493068,543.108642578125,30.0,757.6210002825783,0.0,1,P01_G019_E52_A000,P01_G019,P01,M022,7355.713579944701,7376.656634803497,20.94305485879522,
E52_de2c36302e014a6d0284c896,7.523137168092717,15.994052628622484,7.523137168092717,325.41177480357015,364.7238282296769,414.95122905049965,0.1744969638873427,0.009166666666666667,0.006399266762409652,0.190062897316419,2.3699371026835814,0.9406053445886191,471.74464111328126,0.0,0.0,471.74464111328126,599.4446411132812,3112.134217878747,325.15069580078125,30.0,535.4117748035701,0.0,1,P01_G019_E52_A000,P01_G019,P01,M022,7355.713579944701,7376.656634803497,20.94305485879522,
E52_e0325aad0b87e7c07e10fc2c,7.6158117708131385,5.987785159048158,5.987785159048158,275.1983248954777,294.96932963587483,418.60161500091635,0.15682137892336617,0.009166666666666667,0.006399266762409652,0.17238731235244248,2.387612687647558,0.9461289648898618,248.53977661132814,11.2877197265625,11.2877197265625,248.53977661132814,376.2397766113281,3139.5121125068727,326.2397766113281,30.0,485.1983248954777,0.0,1,P01_G019_E52_A000,P01_G019,P01,M022,7355.713579944701,7376.656634803497,20.94305485879522,
E52_e0cd6bab1a22c4530d9a254c,6.393778234866744,6.471069764274475,6.393778234866744,260.0402116809159,280.7669201566646,395.72017250733956,0.14852449968212222,0.009166666666666667,0.006399266762409652,0.16409043311119853,2.395909566888802,0.9487217396527504,248.7205017089844,0.0,0.0,248.7205017089844,376.4205017089844,2967.901293805047,326.4205017089844,30.0,470.0402116809159,0.0,1,P01_G019_E52_A000,P01_G019,P01,M022,7355.713579944701,7376.656634803497,20.94305485879522,
E52_ea76d341ab82f2ebc1fa1efe,7.566576333925681,6.056283714240493,6.056283714240493,275.41177480357015,298.05716156301025,414.95122905049965,0.15671484390277482,0.009166666666666667,0.006399266762409652,0.17228077733185113,2.3877192226681494,0.9461622570837965,271.74464111328126,0.0,0.0,271.74464111328126,399.44464111328125,3112.134217878747,325.15069580078125,30.0,485.41177480357015,0.0,1,P01_G019_E52_A000,P01_G019,P01,M022,7355.713579944701,7376.656634803497,20.94305485879522,
E52_eab18c460278cfbad2c20da0,8.497544236326178,7.760329046990023,7.760329046990023,212.31476099060268,226.15454090800176,341.5908424768108,0.12388533452538679,0.009166666666666667,0.006399266762409652,0.1394512679544631,2.420548732045537,0.9564214787642302,166.07735900878907,0.0,0.0,166.07735900878907,293.77735900878906,2561.931318576081,213.8477783203125,30.0,422.3147609906027,0.0,1,P01_G019_E52_A000,P01_G019,P01,M022,7355.713579944701,7376.656634803497,20.94305485879522,
E52_eddf192c3626d88d236d26e4,9.274928805337098,17.034187922993553,9.274928805337098,241.72684180786888,260.473536754158,370.9735139380034,0.13850678679446915,0.009166666666666667,0.006399266762409652,0.15407272022354546,2.405927279776455,0.951852274930142,224.96033935546876,0.0,0.0,224.96033935546876,352.66033935546875,2782.3013545350254,199.07135009765625,30.0,451.7268418078689,0.0,1,P01_G019_E52_A000,P01_G019,P01,M022,7355.713579944701,7376.656634803497,20.94305485879522,
E52_ef8fa59407d07a2296b5f591,5.532797447789321,0.3151276047193221,0.3151276047193221,505.85939793409244,540.3898465933535,804.5361039126185,0.29384606362066074,0.009166666666666667,0.006399266762409652,0.30941199704973704,2.2505880029502636,0.9033087509219572,414.3653839111328,0.0,0.0,414.3653839111328,542.0653839111328,6034.020779344639,284.8677062988281,30.0,715.8593979340924,0.0,1,P01_G019_E52_A000,P01_G019,P01,M022,7355.713579944701,7376.656634803497,20.94305485879522,
E52_f2fabdd802684ffd17ed2273,5.863633195118808,16.925225818485302,5.863633195118808,275.2104023505881,304.60508466259984,374.0527108291059,0.15085104647056902,0.009166666666666667,0.006399266762409652,0.16641697989964532,2.393583020100355,0.9479946937813608,352.73618774414064,0.0,0.0,352.73618774414064,480.4361877441406,2805.395331218294,291.6474609375,30.0,485.2104023505881,0.0,1,P01_G019_E52_A000,P01_G019,P01,M022,7355.713579944701,7376.656634803497,20.94305485879522,
E52_fd527d975e1813662620f82c,12.4786341417295,12.45056667278017,12.45056667278017,418.2192341110554,452.9085204066283,628.3027504486734,0.23771876612520712,0.009166666666666667,0.006399266762409652,0.25328469955428345,2.306715300445717,0.9208485313892865,416.271435546875,0.0,0.0,416.271435546875,543.971435546875,4712.2706283650505,306.8754577636719,30.0,628.2192341110554,0.0,1,P01_G019_E52_A000,P01_G019,P01,M022,7355.713579944701,7376.656634803497,20.94305485879522,
E52_515a3b7c8d98426ee13f2b4e,7.786538932173912,17.07508762021844,7.786538932173912,242.68536134104386,262.0561394884234,369.14605379781034,0.13858886614696947,0.009166666666666667,0.1659154202420695,0.31367095305570564,2.246329046944295,0.901977827170092,232.4493377685547,0.0,0.0,232.4493377685547,360.1493377685547,2768.5954034835777,210.1493377685547,30.0,452.68536134104386,0.0,1,P01_G020_E52_A000,P01_G020,P01,M022,7388.624094722808,7931.620015515035,542.9959207922275,
E52_4cf0fac9feb721651efb2830,6.998212924039663,17.82597875173802,6.998212924039663,242.69354898018014,267.32891198677197,337.5749199208095,0.13412057160327687,0.009166666666666667,0.1659154202420695,0.309202658512013,2.2507973414879876,0.9033741692149959,295.6243560791016,0.0,0.0,295.6243560791016,423.32435607910156,2531.8118994060715,217.31182861328125,30.0,452.69354898018014,0.0,1,P01_G020_E52_A000,P01_G020,P01,M022,7388.624094722808,7931.620015515035,542.9959207922275,
E52_0c9d91fc306062a18ada9948,5.682714654617925,15.697900697510477,5.682714654617925,331.42241999480143,370.2725110389095,429.7442937249544,0.1787296459836012,0.009166666666666667,0.1659154202420695,0.35381173289233736,2.206188267107663,0.8894338334711446,466.2010925292969,0.0,0.0,466.2010925292969,593.9010925292969,3223.082202937158,326.7436828613281,30.0,541.4224199948014,0.0,1,P01_G020_E52_A000,P01_G020,P01,M022,7388.624094722808,7931.620015515035,542.9959207922275,
E52_189eb019491ad876aa165071,4.7107574847429134,3.8094716871601975,3.8094716871601975,403.09916814168594,448.35288467407526,534.676037089036,0.21908171065325852,0.009166666666666667,0.1659154202420695,0.3941637975619947,2.1658362024380056,0.8768238132618766,543.0445983886718,0.0,0.0,543.0445983886718,670.7445983886719,4010.07027816777,391.87322998046875,30.0,613.0991681416859,0.0,1,P01_G020_E52_A000,P01_G020,P01,M022,7388.624094722808,7931.620015515035,542.9959207922275,
E52_1ef47ef68c1879e18ddbb164,9.226704543690047,9.684707827919368,9.226704543690047,525.9457118932837,556.9823492630754,865.6715995678175,0.30964781577290457,0.009166666666666667,0.1659154202420695,0.48472990268164073,2.0752700973183598,0.8485219054119872,372.4396484375,0.0,0.0,372.4396484375,500.1396484375,6492.536996758631,304.7821350097656,30.0,735.9457118932837,0.0,1,P01_G020_E52_A000,P01_G020,P01,M022,7388.624094722808,7931.620015515035,542.9959207922275,
E52_214ce9a3b3bd3fa9c582335a,6.700573680437259,15.138353346483314,6.700573680437259,331.46735474952504,365.31699057309277,459.8368945576438,0.1830074384559416,0.009166666666666667,0.1659154202420695,0.35808952536467775,2.201910474635323,0.8880970233235382,406.1956298828125,0.0,0.0,406.1956298828125,533.8956298828125,3448.7767091823284,283.8956298828125,30.0,541.467354749525,0.0,1,P01_G020_E52_A000,P01_G020,P01,M022,7388.624094722808,7931.620015515035,542.9959207922275,
E52_27bf01e9e990859ae5993708,5.457169743955134,15.932490639468014,5.457169743955134,318.6138217216496,355.0514931287134,418.60161500091635,0.17259630304263499,0.009166666666666667,0.1659154202420695,0.3476783899513711,2.2123216100486296,0.8913505031401965,437.25205688476564,0.0,0.0,437.25205688476564,564.9520568847656,3139.5121125068727,326.2397766113281,30.0,528.6138217216496,0.0,1,P01_G020_E52_A000,P01_G020,P01,M022,7388.624094722808,7931.620015515035,542.9959207922275,
E52_27fdcb9bc2da20af468e67a1,6.104218633281988,15.630401191469062,6.104218633281988,333.5201066466774,372.5049327982074,433.1312563841751,0.1799553449394086,0.009166666666666667,0.1659154202420695,0.35503743184814474,2.204962568151856,0.8890508025474548,467.8179138183594,0.0,0.0,467.8179138183594,595.5179138183594,3248.4844228813135,322.1230773925781,30.0,543.5201066466774,0.0,1,P01_G020_E52_A000,P01_G020,P01,M022,7388.624094722808,7931.620015515035,542.9959207922275,
E52_2cea01313b8862fcfb6b2e63,8.362609841558438,16.460055432828085,8.362609841558438,259.5957489704318,280.08528245838755,396.2542970131293,0.148442074342722,0.009166666666666667,0.1659154202420695,0.32352416125145816,2.236475838748542,0.8988986996089193,245.87440185546876,0.0,0.0,245.87440185546876,373.57440185546875,2971.90722759847,231.8917236328125,30.0,469.5957489704318,0.0,1,P01_G020_E52_A000,P01_G020,P01,M022,7388.624094722808,7931.620015515035,542.9959207922275,
E52_4d215302190bc5bfb29bf912,3.785853652478636,16.37371485667674,3.785853652478636,307.50969179304633,343.7570581260541,397.53518558804575,0.1656637075427803,0.009166666666666667,0.1659154202420695,0.3407457944515164,2.2192542055484843,0.8935169392339011,434.96839599609376,0.0,0.0,434.96839599609376,562.6683959960938,2981.5138919103433,336.56707763671875,30.0,517.5096917930464,0.0,1,P01_G020_E52_A000,P01_G020,P01,M022,7388.624094722808,7931.620015515035,542.9959207922275,
E52_50c718ca7f326f764494c89d,14.334642037780668,13.080943299176411,13.080943299176411,350.85355156655817,370.1881015340061,585.6998033284289,0.20772710552759727,0.009166666666666667,0.1659154202420695,0.38280919243633343,2.177190807563667,0.8803721273636458,232.014599609375,0.0,0.0,232.014599609375,359.714599609375,4392.748524963216,275.29461669921875,30.0,560.8535515665582,0.0,1,P01_G020_E52_A000,P01_G020,P01,M022,7388.624094722808,7931.620015515035,542.9959207922275,
E52_60b76d98beea93305f35c25d,7.924907482409168,16.79058398580294,7.924907482409168,271.8613885249859,299.0873836523459,380.3668062858116,0.15055421784231732,0.009166666666666667,0.1659154202420695,0.3256363047510535,2.234363695248947,0.8982386547652959,326.7119415283203,0.0,0.0,326.7119415283203,454.4119415283203,2852.751047143587,241.2421875,30.0,481.8613885249859,0.0,1,P01_G020_E52_A000,P01_G020,P01,M022,7388.624094722808,7931.620015515035,542.9959207922275,
E52_68694062ed2e2e792aeb51a9,5.8056357366346845,17.695890544520793,5.8056357366346845,262.3147609906027,292.8212075746684,341.5908424768108,0.1416674545099547,0.009166666666666667,0.1659154202420695,0.3167495414186908,2.2432504585813096,0.9010157683066591,366.0773590087891,0.0,0.0,366.0773590087891,493.77735900878906,2561.931318576081,213.8477783203125,30.0,472.3147609906027,0.0,1,P01_G020_E52_A000,P01_G020,P01,M022,7388.624094722808,7931.620015515035,542.9959207922275,
E52_7547086a1218012670f76a62,1.72450856648004,2.277872015791573,1.72450856648004,370.7957901832663,387.27013608984186,642.7455049270795,0.2228984084752749,0.009166666666666667,0.1659154202420695,0.39798049538401103,2.1620195046159894,0.8756310951924966,197.69215087890626,0.0,0.0,197.69215087890626,325.39215087890625,4820.591286953097,275.39215087890625,30.0,580.7957901832663,0.0,1,P01_G020_E52_A000,P01_G020,P01,M022,7388.624094722808,7931.620015515035,542.9959207922275,
E52_76b4f0bdabd1ccab126282dd,7.552690382552015,17.180198899819032,7.552690382552015,244.7670432960008,265.6078646257534,364.489158613486,0.13866967590706417,0.009166666666666667,0.1659154202420695,0.3137517628158003,2.2462482371842003,0.9019525741200625,250.08985595703126,0.0,0.0,250.08985595703126,377.78985595703125,2733.6686896011447,241.2421875,30.0,454.7670432960008,0.0,1,P01_G020_E52_A000,P01_G020,P01,M022,7388.624094722808,7931.620015515035,542.9959207922275,
E52_8ca7795ffa642a3b129c0a3d,5.700721261922126,15.730152054416479,5.700721261922126,330.94608252023,369.9122522589995,428.0951466078428,0.17832668261553564,0.009166666666666667,0.1659154202420695,0.3534087695242718,2.2065912304757287,0.8895597595236651,467.5940368652344,0.0,0.0,467.5940368652344,595.2940368652344,3210.713599558821,335.390380859375,30.0,540.94608252023,0.0,1,P01_G020_E52_A000,P01_G020,P01,M022,7388.624094722808,7931.620015515035,542.9959207922275,
E52_96da4f081c74d8211b4b244f,11.344550318144897,12.47027426673894,11.344550318144897,406.4445801679392,437.368205859671,627.3474061854878,0.23339590098708082,0.009166666666666667,0.1659154202420695,0.408477987895817,2.1515220121041834,0.8723506287825572,371.08350830078126,0.0,0.0,371.08350830078126,498.78350830078125,4705.105546391158,251.37640380859375,30.0,616.4445801679392,0.0,1,P01_G020_E52_A000,P01_G020,P01,M022,7388.624094722808,7931.620015515035,542.9959207922275,
E52_a3836b1674b2d70f748125c1,6.57521379218305,18.388582284998307,6.57521379218305,238.77143733771516,265.74771093797557,315.68523307386783,0.1296256139323784,0.009166666666666667,0.1659154202420695,0.30470770084111454,2.255292299158886,0.9047788434871518,323.715283203125,0.0,0.0,323.715283203125,451.415283203125,2367.639248054009,217.29420471191406,30.0,448.77143733771516,0.0,1,P01_G020_E52_A000,P01_G020,P01,M022,7388.624094722808,7931.620015515035,542.9959207922275,
E52_aaa387ee3ee3170bd804334d,0.0961803787852773,18.409477866986336,0.0961803787852773,263.5215778829557,299.2286101502083,312.8009621623957,0.13801933350380158,0.009166666666666667,0.1659154202420695,0.31310142041253775,2.2468985795874628,0.9021558061210819,428.48438720703126,0.0,0.0,428.48438720703126,556.1843872070312,2346.0072162179677,386.9435729980469,30.0,473.5215778829557,0.0,1,P01_G020_E52_A000,P01_G020,P01,M022,7388.624094722808,7931.620015515035,542.9959207922275,
E52_b544b4d7beda1d6ed7fbeefb,5.48852053666009,16.252686834440453,5.48852053666009,293.91354735972715,324.49113296153376,404.3615811086144,0.16179511839250177,0.009166666666666667,0.1659154202420695,0.33687720530123794,2.2231227946987624,0.8947258733433632,366.9310272216797,0.0,0.0,366.9310272216797,494.6310272216797,3032.711858314608,277.91845703125,30.0,503.91354735972715,0.0,1,P01_G020_E52_A000,P01_G020,P01,M022,7388.624094722808,7931.620015515035,542.9959207922275,
E52_b60e4d2a4cdcd5801a5d757f,5.286593515944801,16.480566458341656,5.286593515944801,308.26023760270465,345.626388522301,392.32356968783114,0.16519254750221457,0.009166666666666667,0.1659154202420695,0.34027463441095074,2.2197253655890496,0.8936641767465779,448.39381103515626,0.0,0.0,448.39381103515626,576.0938110351562,2942.4267726587336,326.2397766113281,30.0,518.2602376027046,0.0,1,P01_G020_E52_A000,P01_G020,P01,M022,7388.624094722808,7931.620015515035,542.9959207922275,
E52_b6789310c1ab16898a769b78,15.706200065217104,2.625622464396969,2.625622464396969,372.38145547243056,389.4038741939475,617.4514627840539,0.21924054354678854,0.009166666666666667,0.1659154202420695,0.39432263045552474,2.1656773695444755,0.8767741779826486,225.84925537109376,21.580230712890625,21.580230712890625,225.84925537109376,353.54925537109375,4630.885970880404,303.54925537109375,30.0,582.3814554724306,0.0,1,P01_G020_E52_A000,P01_G020,P01,M022,7388.624094722808,7931.620015515035,542.9959207922275,
E52_be69bdf55826f2eb34075d09,12.089343064167153,12.029424972929434,12.029424972929434,457.6877788138426,500.48965717077624,658.5642874860837,0.25604119113741575,0.009166666666666667,0.1659154202420695,0.4311232780461519,2.1288767219538487,0.8652739756105775,513.6225402832031,0.0,0.0,513.6225402832031,641.3225402832031,4939.232156145627,341.3225402832031,30.0,667.6877788138427,0.0,1,P01_G020_E52_A000,P01_G020,P01,M022,7388.624094722808,7931.620015515035,542.9959207922275,
E52_bfffb2993ede6e2e2bd9340b,14.028371400881156,13.053008949478723,13.053008949478723,400.85355156655817,436.85476820067277,585.6998033284289,0.22550922551216515,0.009166666666666667,0.1659154202420695,0.4005913124209013,2.1594086875790994,0.8748152148684684,432.014599609375,0.0,0.0,432.014599609375,559.714599609375,4392.748524963216,275.29461669921875,30.0,610.8535515665582,0.0,1,P01_G020_E52_A000,P01_G020,P01,M022,7388.624094722808,7931.620015515035,542.9959207922275,
E52_c0294c7ff44d44fc4ede8d97,5.006362490083006,16.7256600789149,5.006362490083006,316.70783025924425,358.9570632507807,379.92026256926977,0.16644027302831577,0.009166666666666667,0.1659154202420695,0.34152235993705193,2.2184776400629485,0.8932742625196712,506.9907958984375,0.0,0.0,506.9907958984375,634.6907958984375,2849.4019692695233,334.6907958984375,30.0,526.7078302592442,0.0,1,P01_G020_E52_A000,P01_G020,P01,M022,7388.624094722808,7931.620015515035,542.9959207922275,
E52_d22cbe82615c6d2ee0ebf49f,5.6791610470501865,15.758568264926964,5.6791610470501865,318.17309843891866,352.9726015110215,427.5491784452201,0.1737067461230003,0.009166666666666667,0.1659154202420695,0.34878883303173647,2.211211166968264,0.8910034896775824,417.5940368652344,0.0,0.0,417.5940368652344,545.2940368652344,3206.618838339151,335.390380859375,30.0,528.1730984389187,0.0,1,P01_G020_E52_A000,P01_G020,P01,M022,7388.624094722808,7931.620015515035,542.9959207922275,
E52_dbec4f1422e98765afb262aa,4.439539268577306,16.38523852602286,4.439539268577306,322.5402116809159,364.1002534899979,395.72017250733956,0.1707521496628321,0.009166666666666667,0.1659154202420695,0.34583423657156825,2.2141657634284324,0.8919268010713849,498.7205017089844,0.0,0.0,498.7205017089844,626.4205017089844,2967.901293805047,326.4205017089844,30.0,532.540211680916,0.0,1,P01_G020_E52_A000,P01_G020,P01,M022,7388.624094722808,7931.620015515035,542.9959207922275,
E52_de2c36302e014a6d0284c896,5.398324716346508,15.994052628622484,5.398324716346508,325.41177480357015,364.7238282296769,414.95122905049965,0.1744969638873427,0.009166666666666667,0.1659154202420695,0.34957905079607887,2.2104209492039217,0.8907565466262254,471.74464111328126,0.0,0.0,471.74464111328126,599.4446411132812,3112.134217878747,325.15069580078125,30.0,535.4117748035701,0.0,1,P01_G020_E52_A000,P01_G020,P01,M022,7388.624094722808,7931.620015515035,542.9959207922275,
E52_eab18c460278cfbad2c20da0,5.839199789598638,7.760329046990023,5.839199789598638,212.31476099060268,226.15454090800176,341.5908424768108,0.12388533452538679,0.009166666666666667,0.1659154202420695,0.29896742143412297,2.2610325785658776,0.9065726808018366,166.07735900878907,0.0,0.0,166.07735900878907,293.77735900878906,2561.931318576081,213.8477783203125,30.0,422.3147609906027,0.0,1,P01_G020_E52_A000,P01_G020,P01,M022,7388.624094722808,7931.620015515035,542.9959207922275,
E52_eddf192c3626d88d236d26e4,6.44782069450909,17.034187922993553,6.44782069450909,241.72684180786888,260.473536754158,370.9735139380034,0.13850678679446915,0.009166666666666667,0.1659154202420695,0.3135888737032053,2.2464111262967954,0.9020034769677483,224.96033935546876,0.0,0.0,224.96033935546876,352.66033935546875,2782.3013545350254,199.07135009765625,30.0,451.7268418078689,0.0,1,P01_G020_E52_A000,P01_G020,P01,M022,7388.624094722808,7931.620015515035,542.9959207922275,
E52_fd527d975e1813662620f82c,11.639873585239812,12.45056667278017,11.639873585239812,418.2192341110554,452.9085204066283,628.3027504486734,0.23771876612520712,0.009166666666666667,0.1659154202420695,0.4128008530339433,2.147199146966057,0.8709997334268927,416.271435546875,0.0,0.0,416.271435546875,543.971435546875,4712.2706283650505,306.8754577636719,30.0,628.2192341110554,0.0,1,P01_G020_E52_A000,P01_G020,P01,M022,7388.624094722808,7931.620015515035,542.9959207922275,
E52_82c821a5773d0bfbe554f10a,8.226809702901718,11.397135806608844,8.226809702901718,512.9354114719376,566.0737563002253,707.0407539741487,0.2825549862639304,0.009166666666666667,0.1659154202420695,0.45763707317266655,2.102362926827334,0.8569884146335417,637.6601379394531,0.0,0.0,637.6601379394531,765.3601379394531,5302.805654806116,465.3601379394531,30.0,722.9354114719376,0.0,1,P01_G020_E52_A000,P01_G020,P01,M022,7388.624094722808,7931.620015515035,542.9959207922275,
E52_73baea82bbbffa2db9d7426a,7.930725203801643,5.711384152670419,5.711384152670419,297.3854850658978,324.64222792478455,431.2305129784753,0.16683515196021612,0.009166666666666667,0.006399266762409652,0.18240108538929242,2.377598914610708,0.9429996608158461,327.08091430664064,0.0,0.0,327.08091430664064,454.7809143066406,3234.2288473385647,335.390380859375,30.0,507.3854850658978,0.0,1,P01_G021_E52_A000,P01_G021,P01,M022,7943.587475434347,7964.530530293142,20.94305485879522,E5_REVALIDATED
E52_e0325aad0b87e7c07e10fc2c,7.650664883183566,5.987785159048158,5.987785159048158,275.1983248954777,294.96932963587483,418.60161500091635,0.15682137892336617,0.009166666666666667,0.006399266762409652,0.17238731235244248,2.387612687647558,0.9461289648898618,248.53977661132814,11.2877197265625,11.2877197265625,248.53977661132814,376.2397766113281,3139.5121125068727,326.2397766113281,30.0,485.1983248954777,0.0,1,P01_G021_E52_A000,P01_G021,P01,M022,7943.587475434347,7964.530530293142,20.94305485879522,E5_REVALIDATED
E52_27bf01e9e990859ae5993708,7.615172407993995,15.932490639468014,7.615172407993995,318.6138217216496,355.0514931287134,418.60161500091635,0.17259630304263499,0.009166666666666667,0.006399266762409652,0.1881622364717113,2.3718377635282892,0.9411993011025902,437.25205688476564,0.0,0.0,437.25205688476564,564.9520568847656,3139.5121125068727,326.2397766113281,30.0,528.6138217216496,0.0,1,P01_G021_E52_A000,P01_G021,P01,M022,7943.587475434347,7964.530530293142,20.94305485879522,E5_REVALIDATED
E52_01234cac2d25748209cb57e8,7.700531463793453,5.963634638729843,5.963634638729843,275.78386787661753,295.55487261701467,419.772700963196,0.15719547582798327,0.009166666666666667,0.006399266762409652,0.17276140925705957,2.3872385907429408,0.9460120596071688,248.53977661132814,11.2877197265625,11.2877197265625,248.53977661132814,376.2397766113281,3148.2952572239697,326.2397766113281,30.0,485.78386787661753,0.0,1,P01_G021_E52_A000,P01_G021,P01,M022,7943.587475434347,7964.530530293142,20.94305485879522,
E52_06eb0baa948af7ff52881bcf,6.262157474060729,16.258674653736037,6.262157474060729,296.7597053393259,328.36499963050426,403.88764493158146,0.16274021246714285,0.009166666666666667,0.006399266762409652,0.17830614589621915,2.3816938541037813,0.9442793294074315,379.26353149414064,0.0,0.0,379.26353149414064,506.9635314941406,3029.157336986861,306.9635314941406,30.0,506.7597053393259,0.0,1,P01_G021_E52_A000,P01_G021,P01,M022,7943.587475434347,7964.530530293142,20.94305485879522,
E52_0c9d91fc306062a18ada9948,7.860539347173827,15.697900697510477,7.860539347173827,331.42241999480143,370.2725110389095,429.7442937249544,0.1787296459836012,0.009166666666666667,0.006399266762409652,0.1942955794126775,2.365704420587323,0.9392826314335383,466.2010925292969,0.0,0.0,466.2010925292969,593.9010925292969,3223.082202937158,326.7436828613281,30.0,541.4224199948014,0.0,1,P01_G021_E52_A000,P01_G021,P01,M022,7943.587475434347,7964.530530293142,20.94305485879522,
E52_189eb019491ad876aa165071,6.108787553100129,3.8094716871601975,3.8094716871601975,403.09916814168594,448.35288467407526,534.676037089036,0.21908171065325852,0.009166666666666667,0.006399266762409652,0.23464764408233482,2.3253523559176656,0.9266726112242704,543.0445983886718,0.0,0.0,543.0445983886718,670.7445983886719,4010.07027816777,391.87322998046875,30.0,613.0991681416859,0.0,1,P01_G021_E52_A000,P01_G021,P01,M022,7943.587475434347,7964.530530293142,20.94305485879522,
E52_1eac4bbcd37cec5d48241661,7.6476739464814045,6.04580255430777,6.04580255430777,275.66392246828667,298.30930922772677,415.4555243799327,0.1568759382441215,0.009166666666666667,0.006399266762409652,0.1724418716731978,2.387558128326803,0.9461119151021257,271.74464111328126,0.0,0.0,271.74464111328126,399.44464111328125,3115.9164328494953,326.2397766113281,30.0,485.66392246828667,0.0,1,P01_G021_E52_A000,P01_G021,P01,M022,7943.587475434347,7964.530530293142,20.94305485879522,
E52_1ef47ef68c1879e18ddbb164,7.615897344633197,9.684707827919368,7.615897344633197,525.9457118932837,556.9823492630754,865.6715995678175,0.30964781577290457,0.009166666666666667,0.006399266762409652,0.3252137492019809,2.2347862507980194,0.898370703374381,372.4396484375,0.0,0.0,372.4396484375,500.1396484375,6492.536996758631,304.7821350097656,30.0,735.9457118932837,0.0,1,P01_G021_E52_A000,P01_G021,P01,M022,7943.587475434347,7964.530530293142,20.94305485879522,
E52_214ce9a3b3bd3fa9c582335a,9.054796341348165,15.138353346483314,9.054796341348165,331.46735474952504,365.31699057309277,459.8368945576438,0.1830074384559416,0.009166666666666667,0.006399266762409652,0.19857337188501792,2.3614266281149825,0.937945821285932,406.1956298828125,0.0,0.0,406.1956298828125,533.8956298828125,3448.7767091823284,283.8956298828125,30.0,541.467354749525,0.0,1,P01_G021_E52_A000,P01_G021,P01,M022,7943.587475434347,7964.530530293142,20.94305485879522,
E52_231555d7070bcf1a0911e332,7.597897845457851,5.981962334569488,5.981962334569488,303.4113952968874,335.0249979987103,417.14117438283733,0.1669828432889251,0.009166666666666667,0.006399266762409652,0.1825487767180014,2.377451223281999,0.9429535072756245,379.363232421875,0.0,0.0,379.363232421875,507.063232421875,3128.55880787128,326.2397766113281,30.0,513.4113952968873,0.0,1,P01_G021_E52_A000,P01_G021,P01,M022,7943.587475434347,7964.530530293142,20.94305485879522,
E52_246111a1ef063bec9e89ec9e,3.5180288591075453,13.03223549741864,3.5180288591075453,413.11352328410356,453.07003166626504,586.4879962752384,0.22998101771643822,0.009166666666666667,0.006399266762409652,0.24554695114551453,2.314453048854486,0.9232665777670267,479.4781005859375,0.0,0.0,479.4781005859375,607.1781005859375,4398.659972064288,469.28277587890625,30.0,623.1135232841036,0.0,1,P01_G021_E52_A000,P01_G021,P01,M022,7943.587475434347,7964.530530293142,20.94305485879522,
E52_24db349315b2a6b84dd4215d,8.472574668618236,5.686957833295324,5.686957833295324,283.5201066466774,305.8382661315407,433.1312563841751,0.1621732249548407,0.009166666666666667,0.006399266762409652,0.17773915838391702,2.3822608416160835,0.944456513005026,267.8179138183594,0.0,0.0,267.8179138183594,395.5179138183594,3248.4844228813135,322.1230773925781,30.0,493.5201066466774,0.0,1,P01_G021_E52_A000,P01_G021,P01,M022,7943.587475434347,7964.530530293142,20.94305485879522,
E52_27fdcb9bc2da20af468e67a1,8.420326523584407,15.630401191469062,8.420326523584407,333.5201066466774,372.5049327982074,433.1312563841751,0.1799553449394086,0.009166666666666667,0.006399266762409652,0.1955212783684849,2.3644787216315155,0.9388996005098484,467.8179138183594,0.0,0.0,467.8179138183594,595.5179138183594,3248.4844228813135,322.1230773925781,30.0,543.5201066466774,0.0,1,P01_G021_E52_A000,P01_G021,P01,M022,7943.587475434347,7964.530530293142,20.94305485879522,
E52_2cea01313b8862fcfb6b2e63,12.57527361444059,16.460055432828085,12.57527361444059,259.5957489704318,280.08528245838755,396.2542970131293,0.148442074342722,0.009166666666666667,0.006399266762409652,0.1640080077717983,2.3959919922282022,0.948747497571313,245.87440185546876,0.0,0.0,245.87440185546876,373.57440185546875,2971.90722759847,231.8917236328125,30.0,469.5957489704318,0.0,1,P01_G021_E52_A000,P01_G021,P01,M022,7943.587475434347,7964.530530293142,20.94305485879522,
E52_326bd9096774308657b14836,7.250955255507208,6.820761438549596,6.820761438549596,254.20783025924425,275.6237299174474,379.92026256926977,0.1442126230476059,0.009166666666666667,0.006399266762409652,0.1597785564766822,2.4002214435233182,0.9500692011010368,256.9907958984375,0.0,0.0,256.9907958984375,384.6907958984375,2849.4019692695233,334.6907958984375,30.0,464.20783025924425,0.0,1,P01_G021_E52_A000,P01_G021,P01,M022,7943.587475434347,7964.530530293142,20.94305485879522,
E52_437c6a333219b14c3939f26c,7.618081777508166,6.0194831627628105,6.0194831627628105,277.09771274073506,296.211315442558,417.14117438283733,0.1570562493971614,0.009166666666666667,0.006399266762409652,0.1726221828262377,2.3873778171737627,0.9460555678668007,248.53977661132814,19.176544189453125,19.176544189453125,248.53977661132814,376.2397766113281,3128.55880787128,326.2397766113281,30.0,487.09771274073506,0.0,1,P01_G021_E52_A000,P01_G021,P01,M022,7943.587475434347,7964.530530293142,20.94305485879522,
E52_44ed69e1d99dc074a7941a18,9.455287381500824,8.900383690419545,8.900383690419545,188.27556058823757,199.0276355292369,299.7078152072368,0.1090911242968749,0.009166666666666667,0.006399266762409652,0.12465705772595122,2.4353429422740493,0.9610446694606403,139.59420471191407,10.569305419921875,10.569305419921875,139.59420471191407,267.29420471191406,2247.808614054276,217.29420471191406,30.0,398.27556058823757,0.0,1,P01_G021_E52_A000,P01_G021,P01,M022,7943.587475434347,7964.530530293142,20.94305485879522,
E52_4513f74e4ba51c209cccc792,1.955589529651462,9.790974506635663,1.955589529651462,548.6050089915749,589.1156759023821,854.1460165183059,0.3160741321008959,0.009166666666666667,0.006399266762409652,0.3316400655299722,2.2283599344700282,0.8963624795218836,486.1280029296875,0.0,0.0,486.1280029296875,613.8280029296875,6406.095123887295,391.8226318359375,30.0,758.6050089915749,0.0,1,P01_G021_E52_A000,P01_G021,P01,M022,7943.587475434347,7964.530530293142,20.94305485879522,
E52_47db2d0d55c92154c779a4c9,5.993136820755495,16.45726286038159,5.993136820755495,312.62709924858126,351.3219092257948,393.08533863388124,0.16685347284684848,0.009166666666666667,0.006399266762409652,0.1824194062759248,2.3775805937240757,0.9429939355387735,464.3377197265625,0.0,0.0,464.3377197265625,592.0377197265625,2948.1400397541092,295.61395263671875,30.0,522.6270992485813,0.0,1,P01_G021_E52_A000,P01_G021,P01,M022,7943.587475434347,7964.530530293142,20.94305485879522,
E52_4cf0fac9feb721651efb2830,10.543219625601964,17.82597875173802,10.543219625601964,242.69354898018014,267.32891198677197,337.5749199208095,0.13412057160327687,0.009166666666666667,0.006399266762409652,0.14968650503235317,2.4103134949676472,0.9532229671773896,295.6243560791016,0.0,0.0,295.6243560791016,423.32435607910156,2531.8118994060715,217.31182861328125,30.0,452.69354898018014,0.0,1,P01_G021_E52_A000,P01_G021,P01,M022,7943.587475434347,7964.530530293142,20.94305485879522,
E52_4d215302190bc5bfb29bf912,5.551025756271557,16.37371485667674,5.551025756271557,307.50969179304633,343.7570581260541,397.53518558804575,0.1656637075427803,0.009166666666666667,0.006399266762409652,0.1812296409718566,2.378770359028144,0.9433657371962948,434.96839599609376,0.0,0.0,434.96839599609376,562.6683959960938,2981.5138919103433,336.56707763671875,30.0,517.5096917930464,0.0,1,P01_G021_E52_A000,P01_G021,P01,M022,7943.587475434347,7964.530530293142,20.94305485879522,
E52_50c718ca7f326f764494c89d,18.02242425007553,13.080943299176411,13.080943299176411,350.85355156655817,370.1881015340061,585.6998033284289,0.20772710552759727,0.009166666666666667,0.006399266762409652,0.22329303895667357,2.336706961043327,0.9302209253260395,232.014599609375,0.0,0.0,232.014599609375,359.714599609375,4392.748524963216,275.29461669921875,30.0,560.8535515665582,0.0,1,P01_G021_E52_A000,P01_G021,P01,M022,7943.587475434347,7964.530530293142,20.94305485879522,
E52_515a3b7c8d98426ee13f2b4e,11.737430688334314,17.07508762021844,11.737430688334314,242.68536134104386,262.0561394884234,369.14605379781034,0.13858886614696947,0.009166666666666667,0.006399266762409652,0.15415479957604578,2.4058452004239546,0.9518266251324857,232.4493377685547,0.0,0.0,232.4493377685547,360.1493377685547,2768.5954034835777,210.1493377685547,30.0,452.68536134104386,0.0,1,P01_G021_E52_A000,P01_G021,P01,M022,7943.587475434347,7964.530530293142,20.94305485879522,
E52_60b0dc656c777ee2cc2279b1,2.46839510779094,0.21315146591224732,0.21315146591224732,563.4362729251038,615.9641949832094,811.705013501575,0.3153381258454166,0.009166666666666667,0.006399266762409652,0.3309040592744929,2.2290959407255078,0.896592481476721,630.3350646972656,0.0,0.0,630.3350646972656,758.0350646972656,6087.787601261813,495.9024353027344,30.0,773.4362729251038,0.0,1,P01_G021_E52_A000,P01_G021,P01,M022,7943.587475434347,7964.530530293142,20.94305485879522,
E52_60b76d98beea93305f35c25d,11.908554258507479,16.79058398580294,11.908554258507479,271.8613885249859,299.0873836523459,380.3668062858116,0.15055421784231732,0.009166666666666667,0.006399266762409652,0.16612015127139362,2.393879848728607,0.9480874527276895,326.7119415283203,0.0,0.0,326.7119415283203,454.4119415283203,2852.751047143587,241.2421875,30.0,481.8613885249859,0.0,1,P01_G021_E52_A000,P01_G021,P01,M022,7943.587475434347,7964.530530293142,20.94305485879522,
E52_68694062ed2e2e792aeb51a9,8.524581707639314,17.695890544520793,8.524581707639314,262.3147609906027,292.8212075746684,341.5908424768108,0.1416674545099547,0.009166666666666667,0.006399266762409652,0.157233387939031,2.4027666120609696,0.9508645662690528,366.0773590087891,0.0,0.0,366.0773590087891,493.77735900878906,2561.931318576081,213.8477783203125,30.0,472.3147609906027,0.0,1,P01_G021_E52_A000,P01_G021,P01,M022,7943.587475434347,7964.530530293142,20.94305485879522,
E52_6aa461eda22a4c53e6730e81,7.119248494060685,6.478254834226846,6.478254834226846,265.8104536255181,288.3542041341444,395.1560268799425,0.15046620221455187,0.009166666666666667,0.006399266762409652,0.16603213564362818,2.393967864356372,0.9481149576113662,271.555615234375,1.030609130859375,1.030609130859375,271.555615234375,399.255615234375,2963.670201599569,349.255615234375,30.0,475.8104536255181,0.0,1,P01_G021_E52_A000,P01_G021,P01,M022,7943.587475434347,7964.530530293142,20.94305485879522,
E52_6dc095df8eb6475486134b5c,3.636204789598324,12.905188948092743,3.636204789598324,424.06014837873875,466.2734748964797,594.8403376510322,0.23505698741925235,0.009166666666666667,0.006399266762409652,0.25062292084832866,2.309377079151672,0.9216803372348973,506.55991821289064,0.0,0.0,506.55991821289064,634.2599182128906,4461.302532382741,440.2059631347656,30.0,634.0601483787387,0.0,1,P01_G021_E52_A000,P01_G021,P01,M022,7943.587475434347,7964.530530293142,20.94305485879522,
E52_74b3fb0a4920873efc33101b,6.022322488013387,6.525083879148042,6.022322488013387,262.62709924858126,284.6552425591281,393.08533863388124,0.14907135286228057,0.009166666666666667,0.006399266762409652,0.16463728629135688,2.3953627137086437,0.948550848033951,264.3377197265625,0.0,0.0,264.3377197265625,392.0377197265625,2948.1400397541092,295.61395263671875,30.0,472.62709924858126,0.0,1,P01_G021_E52_A000,P01_G021,P01,M022,7943.587475434347,7964.530530293142,20.94305485879522,
E52_7547086a1218012670f76a62,12.011016269373656,2.277872015791573,2.277872015791573,370.7957901832663,387.27013608984186,642.7455049270795,0.2228984084752749,0.009166666666666667,0.006399266762409652,0.2384643419043512,2.3215356580956494,0.9254798931548902,197.69215087890626,0.0,0.0,197.69215087890626,325.39215087890625,4820.591286953097,275.39215087890625,30.0,580.7957901832663,0.0,1,P01_G021_E52_A000,P01_G021,P01,M022,7943.587475434347,7964.530530293142,20.94305485879522,
E52_76b4f0bdabd1ccab126282dd,11.329353486548868,17.180198899819032,11.329353486548868,244.7670432960008,265.6078646257534,364.489158613486,0.13866967590706417,0.009166666666666667,0.006399266762409652,0.15423560933614047,2.40576439066386,0.9518013720824561,250.08985595703126,0.0,0.0,250.08985595703126,377.78985595703125,2733.6686896011447,241.2421875,30.0,454.7670432960008,0.0,1,P01_G021_E52_A000,P01_G021,P01,M022,7943.587475434347,7964.530530293142,20.94305485879522,
E52_82c821a5773d0bfbe554f10a,8.102129188851478,11.397135806608844,8.102129188851478,512.9354114719376,566.0737563002253,707.0407539741487,0.2825549862639304,0.009166666666666667,0.006399266762409652,0.2981209196930067,2.261879080306994,0.9068372125959354,637.6601379394531,0.0,0.0,637.6601379394531,765.3601379394531,5302.805654806116,465.3601379394531,30.0,722.9354114719376,0.0,1,P01_G021_E52_A000,P01_G021,P01,M022,7943.587475434347,7964.530530293142,20.94305485879522,
E52_8ca7795ffa642a3b129c0a3d,7.894746809915375,15.730152054416479,7.894746809915375,330.94608252023,369.9122522589995,428.0951466078428,0.17832668261553564,0.009166666666666667,0.006399266762409652,0.19389261604461194,2.3661073839553888,0.9394085574860588,467.5940368652344,0.0,0.0,467.5940368652344,595.2940368652344,3210.713599558821,335.390380859375,30.0,540.94608252023,0.0,1,P01_G021_E52_A000,P01_G021,P01,M022,7943.587475434347,7964.530530293142,20.94305485879522,
E52_9026ce0d2a5dd9a75ef73c8e,6.164254225703601,6.720084116703532,6.164254225703601,248.61637070099954,267.37077642202814,384.70630707582717,0.14290187810434732,0.009166666666666667,0.006399266762409652,0.15846781153342362,2.401532188466577,0.9504788088958052,225.05286865234376,0.0,0.0,225.05286865234376,352.75286865234375,2885.297303068704,302.75286865234375,30.0,458.61637070099954,0.0,1,P01_G021_E52_A000,P01_G021,P01,M022,7943.587475434347,7964.530530293142,20.94305485879522,
E52_96da4f081c74d8211b4b244f,12.19983119536191,12.47027426673894,12.19983119536191,406.4445801679392,437.368205859671,627.3474061854878,0.23339590098708082,0.009166666666666667,0.006399266762409652,0.24896183441615713,2.3110381655838435,0.9221994267449509,371.08350830078126,0.0,0.0,371.08350830078126,498.78350830078125,4705.105546391158,251.37640380859375,30.0,616.4445801679392,0.0,1,P01_G021_E52_A000,P01_G021,P01,M022,7943.587475434347,7964.530530293142,20.94305485879522,
E52_a1af1f4ab7d520e82e20be53,3.4800997695208196,0.45430012492889205,0.45430012492889205,547.7224457312177,598.7128286250978,789.5025940991541,0.30660524396013417,0.009166666666666667,0.006399266762409652,0.3221711773892105,2.23782882261079,0.8993215070658718,611.8845947265625,0.0,0.0,611.8845947265625,739.5845947265625,5921.269455743655,492.6366271972656,30.0,757.7224457312177,0.0,1,P01_G021_E52_A000,P01_G021,P01,M022,7943.587475434347,7964.530530293142,20.94305485879522,
E52_a3836b1674b2d70f748125c1,9.94643585089841,18.388582284998307,9.94643585089841,238.77143733771516,265.74771093797557,315.68523307386783,0.1296256139323784,0.009166666666666667,0.006399266762409652,0.1451915473614547,2.4148084526385456,0.9546276414495454,323.715283203125,0.0,0.0,323.715283203125,451.415283203125,2367.639248054009,217.29420471191406,30.0,448.77143733771516,0.0,1,P01_G021_E52_A000,P01_G021,P01,M022,7943.587475434347,7964.530530293142,20.94305485879522,
E52_a77602565c04dca5831f9b7a,8.048311898045057,15.758600383852013,8.048311898045057,295.3505394617105,322.31471665694164,428.9160157520343,0.16578365241547813,0.009166666666666667,0.006399266762409652,0.18134958584455443,2.378650414155446,0.9433282544235767,323.57012634277345,0.0,0.0,323.57012634277345,451.27012634277344,3216.870118140257,284.58648681640625,30.0,505.3505394617105,0.0,1,P01_G021_E52_A000,P01_G021,P01,M022,7943.587475434347,7964.530530293142,20.94305485879522,
E52_aaa387ee3ee3170bd804334d,1.4077309449915703,18.409477866986336,1.4077309449915703,263.5215778829557,299.2286101502083,312.8009621623957,0.13801933350380158,0.009166666666666667,0.006399266762409652,0.15358526693287788,2.4064147330671224,0.9520046040834756,428.48438720703126,0.0,0.0,428.48438720703126,556.1843872070312,2346.0072162179677,386.9435729980469,30.0,473.5215778829557,0.0,1,P01_G021_E52_A000,P01_G021,P01,M022,7943.587475434347,7964.530530293142,20.94305485879522,
E52_afb1e3673ff3adbe9c45b8fc,5.903703711537958,6.956106286850726,5.903703711537958,250.21040235058808,271.27175132926646,374.0527108291059,0.1419599864782851,0.009166666666666667,0.006399266762409652,0.1575259199073614,2.402474080092639,0.9507731500289496,252.73618774414064,0.0,0.0,252.73618774414064,380.4361877441406,2805.395331218294,291.6474609375,30.0,460.2104023505881,0.0,1,P01_G021_E52_A000,P01_G021,P01,M022,7943.587475434347,7964.530530293142,20.94305485879522,
E52_b544b4d7beda1d6ed7fbeefb,7.727403291798851,16.252686834440453,7.727403291798851,293.91354735972715,324.49113296153376,404.3615811086144,0.16179511839250177,0.009166666666666667,0.006399266762409652,0.17736105182157808,2.3826389481784225,0.9445746713057569,366.9310272216797,0.0,0.0,366.9310272216797,494.6310272216797,3032.711858314608,277.91845703125,30.0,503.91354735972715,0.0,1,P01_G021_E52_A000,P01_G021,P01,M022,7943.587475434347,7964.530530293142,20.94305485879522,
E52_b60e4d2a4cdcd5801a5d757f,7.518712309030889,16.480566458341656,7.518712309030889,308.26023760270465,345.626388522301,392.32356968783114,0.16519254750221457,0.009166666666666667,0.006399266762409652,0.18075848093129088,2.3792415190687097,0.9435129747089716,448.39381103515626,0.0,0.0,448.39381103515626,576.0938110351562,2942.4267726587336,326.2397766113281,30.0,518.2602376027046,0.0,1,P01_G021_E52_A000,P01_G021,P01,M022,7943.587475434347,7964.530530293142,20.94305485879522,
E52_b677873645e212a13901ede2,1.348589997206318,9.230718628911887,1.348589997206318,575.9444140089429,616.0268887810784,911.3939793850733,0.3339048259552679,0.009166666666666667,0.006399266762409652,0.3494707593843442,2.2105292406156565,0.8907903876923925,480.989697265625,0.0,0.0,480.989697265625,608.689697265625,6835.45484538805,390.4056396484375,30.0,785.9444140089429,0.0,1,P01_G021_E52_A000,P01_G021,P01,M022,7943.587475434347,7964.530530293142,20.94305485879522,
E52_b6789310c1ab16898a769b78,16.715861646995606,2.625622464396969,2.625622464396969,372.38145547243056,389.4038741939475,617.4514627840539,0.21924054354678854,0.009166666666666667,0.006399266762409652,0.23480647697586485,2.3251935230241356,0.9266229759450423,225.84925537109376,21.580230712890625,21.580230712890625,225.84925537109376,353.54925537109375,4630.885970880404,303.54925537109375,30.0,582.3814554724306,0.0,1,P01_G021_E52_A000,P01_G021,P01,M022,7943.587475434347,7964.530530293142,20.94305485879522,
E52_b7c433bb400c5a28313b13f0,8.028447503767296,16.00220965111248,8.028447503767296,270.63016208552887,291.2047849391259,417.8125870494757,0.1554195344851095,0.009166666666666667,0.006399266762409652,0.1709854679141858,2.3890145320858145,0.9465670412768169,246.89547424316407,0.0,0.0,246.89547424316407,374.59547424316406,3133.594402871068,284.58648681640625,30.0,480.63016208552887,0.0,1,P01_G021_E52_A000,P01_G021,P01,M022,7943.587475434347,7964.530530293142,20.94305485879522,
E52_b8aeee13ee5f313ffdb298e7,2.4417147723342225,0.32052137756616617,0.32052137756616617,550.9628084392909,600.9445446860357,802.0351993981131,0.309532562555218,0.009166666666666667,0.006399266762409652,0.3250984959842943,2.2349015040157063,0.8984067200049081,599.7808349609375,0.0,0.0,599.7808349609375,727.4808349609375,6015.263995485849,485.42230224609375,30.0,760.9628084392909,0.0,1,P01_G021_E52_A000,P01_G021,P01,M022,7943.587475434347,7964.530530293142,20.94305485879522,
E52_be69bdf55826f2eb34075d09,11.883778672799323,12.029424972929434,11.883778672799323,457.6877788138426,500.48965717077624,658.5642874860837,0.25604119113741575,0.009166666666666667,0.006399266762409652,0.27160712456649205,2.2883928754335083,0.9151227735729712,513.6225402832031,0.0,0.0,513.6225402832031,641.3225402832031,4939.232156145627,341.3225402832031,30.0,667.6877788138427,0.0,1,P01_G021_E52_A000,P01_G021,P01,M022,7943.587475434347,7964.530530293142,20.94305485879522,
E52_bfffb2993ede6e2e2bd9340b,17.664071599710013,13.053008949478723,13.053008949478723,400.85355156655817,436.85476820067277,585.6998033284289,0.22550922551216515,0.009166666666666667,0.006399266762409652,0.24107515894124146,2.318924841058759,0.9246640128308621,432.014599609375,0.0,0.0,432.014599609375,559.714599609375,4392.748524963216,275.29461669921875,30.0,610.8535515665582,0.0,1,P01_G021_E52_A000,P01_G021,P01,M022,7943.587475434347,7964.530530293142,20.94305485879522,
E52_c0294c7ff44d44fc4ede8d97,7.19753408684997,16.7256600789149,7.19753408684997,316.70783025924425,358.9570632507807,379.92026256926977,0.16644027302831577,0.009166666666666667,0.006399266762409652,0.18200620645739207,2.3779937935426085,0.943123060482065,506.9907958984375,0.0,0.0,506.9907958984375,634.6907958984375,2849.4019692695233,334.6907958984375,30.0,526.7078302592442,0.0,1,P01_G021_E52_A000,P01_G021,P01,M022,7943.587475434347,7964.530530293142,20.94305485879522,
E52_c10a50247c57c0340b451298,3.391420878819133,3.1495087650690863,3.1495087650690863,410.4813485396202,450.8988478275434,578.4577013517014,0.22790762835174688,0.009166666666666667,0.006399266762409652,0.2434735617808232,2.3165264382191775,0.9239145119434927,485.00999145507814,0.0,0.0,485.00999145507814,612.7099914550781,4338.432760137761,515.4917602539062,30.0,620.4813485396203,0.0,1,P01_G021_E52_A000,P01_G021,P01,M022,7943.587475434347,7964.530530293142,20.94305485879522,
E52_c76d93c5902d0dc017f7065c,7.783966657982646,16.05706218628906,7.783966657982646,260.86241804033426,278.57034040361555,415.47730190098105,0.1516149798935124,0.009166666666666667,0.006399266762409652,0.16718091332258872,2.3928190866774117,0.947755964586691,212.495068359375,0.0,0.0,212.495068359375,340.195068359375,3116.079764257358,277.91845703125,30.0,470.86241804033426,0.0,1,P01_G021_E52_A000,P01_G021,P01,M022,7943.587475434347,7964.530530293142,20.94305485879522,
E52_d22cbe82615c6d2ee0ebf49f,7.864233650677548,15.758568264926964,7.864233650677548,318.17309843891866,352.9726015110215,427.5491784452201,0.1737067461230003,0.009166666666666667,0.006399266762409652,0.1892726795520766,2.370727320447924,0.9408522876399761,417.5940368652344,0.0,0.0,417.5940368652344,545.2940368652344,3206.618838339151,335.390380859375,30.0,528.1730984389187,0.0,1,P01_G021_E52_A000,P01_G021,P01,M022,7943.587475434347,7964.530530293142,20.94305485879522,
E52_dbec4f1422e98765afb262aa,6.383251123989211,16.38523852602286,6.383251123989211,322.5402116809159,364.1002534899979,395.72017250733956,0.1707521496628321,0.009166666666666667,0.006399266762409652,0.1863180830919084,2.373681916908092,0.9417755990337786,498.7205017089844,0.0,0.0,498.7205017089844,626.4205017089844,2967.901293805047,326.4205017089844,30.0,532.540211680916,0.0,1,P01_G021_E52_A000,P01_G021,P01,M022,7943.587475434347,7964.530530293142,20.94305485879522,
E52_dc4c132291b7b9525a26c82f,7.745747332354625,16.290878065555617,7.745747332354625,256.41354735972715,274.49113296153376,404.3615811086144,0.14845852840407586,0.009166666666666667,0.006399266762409652,0.16402446183315217,2.3959755381668484,0.9487423556771399,216.9310272216797,0.0,0.0,216.9310272216797,344.6310272216797,3032.711858314608,277.91845703125,30.0,466.41354735972715,0.0,1,P01_G021_E52_A000,P01_G021,P01,M022,7943.587475434347,7964.530530293142,20.94305485879522,
E52_dd12fb0cc4aee52816704b73,3.2566466967705026,0.5498680641518376,0.5498680641518376,547.6210002825783,600.0718247658139,780.5370536657424,0.3052994367315811,0.009166666666666667,0.006399266762409652,0.3208653701606574,2.2391346298393433,0.8997295718247945,629.4098937988281,0.0,0.0,629.4098937988281,757.1098937988281,5854.027902493068,543.108642578125,30.0,757.6210002825783,0.0,1,P01_G021_E52_A000,P01_G021,P01,M022,7943.587475434347,7964.530530293142,20.94305485879522,
E52_de2c36302e014a6d0284c896,7.557781310666783,15.994052628622484,7.557781310666783,325.41177480357015,364.7238282296769,414.95122905049965,0.1744969638873427,0.009166666666666667,0.006399266762409652,0.190062897316419,2.3699371026835814,0.9406053445886191,471.74464111328126,0.0,0.0,471.74464111328126,599.4446411132812,3112.134217878747,325.15069580078125,30.0,535.4117748035701,0.0,1,P01_G021_E52_A000,P01_G021,P01,M022,7943.587475434347,7964.530530293142,20.94305485879522,
E52_e0cd6bab1a22c4530d9a254c,6.425486256512002,6.471069764274475,6.425486256512002,260.0402116809159,280.7669201566646,395.72017250733956,0.14852449968212222,0.009166666666666667,0.006399266762409652,0.16409043311119853,2.395909566888802,0.9487217396527504,248.7205017089844,0.0,0.0,248.7205017089844,376.4205017089844,2967.901293805047,326.4205017089844,30.0,470.0402116809159,0.0,1,P01_G021_E52_A000,P01_G021,P01,M022,7943.587475434347,7964.530530293142,20.94305485879522,
E52_ea76d341ab82f2ebc1fa1efe,7.601570141040625,6.056283714240493,6.056283714240493,275.41177480357015,298.05716156301025,414.95122905049965,0.15671484390277482,0.009166666666666667,0.006399266762409652,0.17228077733185113,2.3877192226681494,0.9461622570837965,271.74464111328126,0.0,0.0,271.74464111328126,399.44464111328125,3112.134217878747,325.15069580078125,30.0,485.41177480357015,0.0,1,P01_G021_E52_A000,P01_G021,P01,M022,7943.587475434347,7964.530530293142,20.94305485879522,
E52_eab18c460278cfbad2c20da0,8.545825424418808,7.760329046990023,7.760329046990023,212.31476099060268,226.15454090800176,341.5908424768108,0.12388533452538679,0.009166666666666667,0.006399266762409652,0.1394512679544631,2.420548732045537,0.9564214787642302,166.07735900878907,0.0,0.0,166.07735900878907,293.77735900878906,2561.931318576081,213.8477783203125,30.0,422.3147609906027,0.0,1,P01_G021_E52_A000,P01_G021,P01,M022,7943.587475434347,7964.530530293142,20.94305485879522,
E52_eddf192c3626d88d236d26e4,9.325945446937823,17.034187922993553,9.325945446937823,241.72684180786888,260.473536754158,370.9735139380034,0.13850678679446915,0.009166666666666667,0.006399266762409652,0.15407272022354546,2.405927279776455,0.951852274930142,224.96033935546876,0.0,0.0,224.96033935546876,352.66033935546875,2782.3013545350254,199.07135009765625,30.0,451.7268418078689,0.0,1,P01_G021_E52_A000,P01_G021,P01,M022,7943.587475434347,7964.530530293142,20.94305485879522,
E52_ef8fa59407d07a2296b5f591,5.519355018106097,0.3151276047193221,0.3151276047193221,505.85939793409244,540.3898465933535,804.5361039126185,0.29384606362066074,0.009166666666666667,0.006399266762409652,0.30941199704973704,2.2505880029502636,0.9033087509219572,414.3653839111328,0.0,0.0,414.3653839111328,542.0653839111328,6034.020779344639,284.8677062988281,30.0,715.8593979340924,0.0,1,P01_G021_E52_A000,P01_G021,P01,M022,7943.587475434347,7964.530530293142,20.94305485879522,
E52_f2fabdd802684ffd17ed2273,5.894764502409998,16.925225818485302,5.894764502409998,275.2104023505881,304.60508466259984,374.0527108291059,0.15085104647056902,0.009166666666666667,0.006399266762409652,0.16641697989964532,2.393583020100355,0.9479946937813608,352.73618774414064,0.0,0.0,352.73618774414064,480.4361877441406,2805.395331218294,291.6474609375,30.0,485.2104023505881,0.0,1,P01_G021_E52_A000,P01_G021,P01,M022,7943.587475434347,7964.530530293142,20.94305485879522,
E52_fd527d975e1813662620f82c,12.451371099696217,12.45056667278017,12.45056667278017,418.2192341110554,452.9085204066283,628.3027504486734,0.23771876612520712,0.009166666666666667,0.006399266762409652,0.25328469955428345,2.306715300445717,0.9208485313892865,416.271435546875,0.0,0.0,416.271435546875,543.971435546875,4712.2706283650505,306.8754577636719,30.0,628.2192341110554,0.0,1,P01_G021_E52_A000,P01_G021,P01,M022,7943.587475434347,7964.530530293142,20.94305485879522,
E52_beb70ec57fd2d66bf65b827f,13.06551082853818,2.43785423226241,2.43785423226241,429.6587378248194,468.09544538504076,628.6972302883107,0.2418430061920666,0.009166666666666667,0.10774335343813948,0.3587530262968728,2.2012469737031277,0.8878896792822273,461.24049072265626,0.0,0.0,461.24049072265626,588.9404907226562,4715.22922716233,538.9404907226562,30.0,639.6587378248194,0.0,1,P01_G022_E52_A000,P01_G022,P01,M023,7356.969893492841,7709.584504744934,352.6146112520928,
E52_4d215302190bc5bfb29bf912,7.6104963551872515,16.37371485667674,7.6104963551872515,307.50969179304633,343.7570581260541,397.53518558804575,0.1656637075427803,0.009166666666666667,0.10774335343813948,0.2825737276475864,2.277426272352414,0.9116957101101293,434.96839599609376,0.0,0.0,434.96839599609376,562.6683959960938,2981.5138919103433,336.56707763671875,30.0,517.5096917930464,0.0,1,P01_G022_E52_A000,P01_G022,P01,M023,7356.969893492841,7709.584504744934,352.6146112520928,
E52_7ccd1e182a1b2540fd645bfb,2.2842575791542856,2.4191590009326376,2.2842575791542856,429.0509151666868,465.88596358791074,630.2977572539465,0.24168092785315382,0.009166666666666667,0.10774335343813948,0.35859094795796,2.2014090520420404,0.8879403287631376,447.8438232421875,5.8232421875,5.8232421875,447.8438232421875,575.5438232421875,4727.2331794045995,525.5438232421875,30.0,639.0509151666868,0.0,1,P01_G022_E52_A000,P01_G022,P01,M023,7356.969893492841,7709.584504744934,352.6146112520928,
E52_928897c58ab324fea0c4e2a6,0.0414178052277947,1.5883194156787255,0.0414178052277947,531.9728362225934,555.928866496031,695.4103981938848,0.2819677951972939,0.009166666666666667,0.10774335343813948,0.3988778153021001,2.1611221846979003,0.8753506827180937,480.1572998046875,192.6849365234375,192.6849365234375,480.1572998046875,607.8572998046875,5215.577986454136,557.8572998046875,30.0,741.9728362225934,0.0,1,P01_G022_E52_A000,P01_G022,P01,M023,7356.969893492841,7709.584504744934,352.6146112520928,
E52_aaa387ee3ee3170bd804334d,7.017439111244244,18.409477866986336,7.017439111244244,263.5215778829557,299.2286101502083,312.8009621623957,0.13801933350380158,0.009166666666666667,0.10774335343813948,0.2549293536086077,2.3050706463913926,0.9203345769973101,428.48438720703126,0.0,0.0,428.48438720703126,556.1843872070312,2346.0072162179677,386.9435729980469,30.0,473.5215778829557,0.0,1,P01_G022_E52_A000,P01_G022,P01,M023,7356.969893492841,7709.584504744934,352.6146112520928,
E52_4513f74e4ba51c209cccc792,8.067504058101264,9.790974506635663,8.067504058101264,548.6050089915749,589.1156759023821,854.1460165183059,0.3160741321008959,0.009166666666666667,0.2248667787915548,0.5501075775591173,2.009892422440883,0.8280913820127759,486.1280029296875,0.0,0.0,486.1280029296875,613.8280029296875,6406.095123887295,391.8226318359375,30.0,758.6050089915749,0.0,1,P01_G023_E52_A000,P01_G023,P01,M024,7641.816884597319,8377.74452427877,735.9276396814521,
E52_b677873645e212a13901ede2,6.67706242435662,9.230718628911887,6.67706242435662,575.9444140089429,616.0268887810784,911.3939793850733,0.3339048259552679,0.009166666666666667,0.2248667787915548,0.5679382714134893,1.9920617285865112,0.8225192901832846,480.989697265625,0.0,0.0,480.989697265625,608.689697265625,6835.45484538805,390.4056396484375,30.0,785.9444140089429,0.0,1,P01_G023_E52_A000,P01_G023,P01,M024,7641.816884597319,8377.74452427877,735.9276396814521,
E52_beb70ec57fd2d66bf65b827f,1.6281698264162543,2.43785423226241,1.6281698264162543,429.6587378248194,468.09544538504076,628.6972302883107,0.2418430061920666,0.009166666666666667,0.2248667787915548,0.4758764516502881,2.0841235483497123,0.851288608859285,461.24049072265626,0.0,0.0,461.24049072265626,588.9404907226562,4715.22922716233,538.9404907226562,30.0,639.6587378248194,0.0,1,P01_G023_E52_A000,P01_G023,P01,M024,7641.816884597319,8377.74452427877,735.9276396814521,
E52_ef8fa59407d07a2296b5f591,7.6246171276790164,0.3151276047193221,0.3151276047193221,505.85939793409244,540.3898465933535,804.5361039126185,0.29384606362066074,0.009166666666666667,0.2248667787915548,0.5278795090788821,2.0321204909211183,0.8350376534128493,414.3653839111328,0.0,0.0,414.3653839111328,542.0653839111328,6034.020779344639,284.8677062988281,30.0,715.8593979340924,0.0,1,P01_G023_E52_A000,P01_G023,P01,M024,7641.816884597319,8377.74452427877,735.9276396814521,
E52_c10a50247c57c0340b451298,23.058866510073486,3.1495087650690863,3.1495087650690863,410.4813485396202,450.8988478275434,578.4577013517014,0.22790762835174688,0.009166666666666667,0.11946147313768568,0.3565357681560992,2.2034642318439013,0.888582572451219,485.00999145507814,0.0,0.0,485.00999145507814,612.7099914550781,4338.432760137761,515.4917602539062,30.0,620.4813485396203,0.0,1,P01_G024_E52_A000,P01_G024,P01,M025,3173.532039958184,3564.4968611360646,390.96482117788037,E52_EXISTING_SITE
E52_01234cac2d25748209cb57e8,0.26215256944807663,5.963634638729843,0.26215256944807663,275.78386787661753,295.55487261701467,419.772700963196,0.15719547582798327,0.009166666666666667,0.11946147313768568,0.2858236156323356,2.274176384367665,0.9106801201148951,248.53977661132814,11.2877197265625,11.2877197265625,248.53977661132814,376.2397766113281,3148.2952572239697,326.2397766113281,30.0,485.78386787661753,0.0,1,P01_G024_E52_A000,P01_G024,P01,M025,3173.532039958184,3564.4968611360646,390.96482117788037,
E52_06eb0baa948af7ff52881bcf,11.34921240453653,16.258674653736037,11.34921240453653,296.7597053393259,328.36499963050426,403.88764493158146,0.16274021246714285,0.009166666666666667,0.11946147313768568,0.29136835227149516,2.2686316477285056,0.9089473899151578,379.26353149414064,0.0,0.0,379.26353149414064,506.9635314941406,3029.157336986861,306.9635314941406,30.0,506.7597053393259,0.0,1,P01_G024_E52_A000,P01_G024,P01,M025,3173.532039958184,3564.4968611360646,390.96482117788037,
E52_0c9d91fc306062a18ada9948,10.190425106668542,15.697900697510477,10.190425106668542,331.42241999480143,370.2725110389095,429.7442937249544,0.1787296459836012,0.009166666666666667,0.11946147313768568,0.30735778578795353,2.252642214212047,0.9039506919412645,466.2010925292969,0.0,0.0,466.2010925292969,593.9010925292969,3223.082202937158,326.7436828613281,30.0,541.4224199948014,0.0,1,P01_G024_E52_A000,P01_G024,P01,M025,3173.532039958184,3564.4968611360646,390.96482117788037,
E52_189eb019491ad876aa165071,14.62560917721207,3.8094716871601975,3.8094716871601975,403.09916814168594,448.35288467407526,534.676037089036,0.21908171065325852,0.009166666666666667,0.11946147313768568,0.3477098504576108,2.2122901495423895,0.8913406717319966,543.0445983886718,0.0,0.0,543.0445983886718,670.7445983886719,4010.07027816777,391.87322998046875,30.0,613.0991681416859,0.0,1,P01_G024_E52_A000,P01_G024,P01,M025,3173.532039958184,3564.4968611360646,390.96482117788037,
E52_1eac4bbcd37cec5d48241661,0.22059627934990544,6.04580255430777,0.22059627934990544,275.66392246828667,298.30930922772677,415.4555243799327,0.1568759382441215,0.009166666666666667,0.11946147313768568,0.28550407804847383,2.2744959219515266,0.9107799756098519,271.74464111328126,0.0,0.0,271.74464111328126,399.44464111328125,3115.9164328494953,326.2397766113281,30.0,485.66392246828667,0.0,1,P01_G024_E52_A000,P01_G024,P01,M025,3173.532039958184,3564.4968611360646,390.96482117788037,
E52_214ce9a3b3bd3fa9c582335a,9.466834534918547,15.138353346483314,9.466834534918547,331.46735474952504,365.31699057309277,459.8368945576438,0.1830074384559416,0.009166666666666667,0.11946147313768568,0.311635578260294,2.2483644217397067,0.9026138817936581,406.1956298828125,0.0,0.0,406.1956298828125,533.8956298828125,3448.7767091823284,283.8956298828125,30.0,541.467354749525,0.0,1,P01_G024_E52_A000,P01_G024,P01,M025,3173.532039958184,3564.4968611360646,390.96482117788037,
E52_231555d7070bcf1a0911e332,10.270015299215657,5.981962334569488,5.981962334569488,303.4113952968874,335.0249979987103,417.14117438283733,0.1669828432889251,0.009166666666666667,0.11946147313768568,0.29561098309327744,2.264389016906723,0.9076215677833508,379.363232421875,0.0,0.0,379.363232421875,507.063232421875,3128.55880787128,326.2397766113281,30.0,513.4113952968873,0.0,1,P01_G024_E52_A000,P01_G024,P01,M025,3173.532039958184,3564.4968611360646,390.96482117788037,
E52_246111a1ef063bec9e89ec9e,22.382533686916403,13.03223549741864,13.03223549741864,413.11352328410356,453.07003166626504,586.4879962752384,0.22998101771643822,0.009166666666666667,0.11946147313768568,0.3586091575207906,2.20139084247921,0.8879346382747529,479.4781005859375,0.0,0.0,479.4781005859375,607.1781005859375,4398.659972064288,469.28277587890625,30.0,623.1135232841036,0.0,1,P01_G024_E52_A000,P01_G024,P01,M025,3173.532039958184,3564.4968611360646,390.96482117788037,
E52_27bf01e9e990859ae5993708,10.242823238504869,15.932490639468014,10.242823238504869,318.6138217216496,355.0514931287134,418.60161500091635,0.17259630304263499,0.009166666666666667,0.11946147313768568,0.30122444284698735,2.258775557153013,0.9058673616103164,437.25205688476564,0.0,0.0,437.25205688476564,564.9520568847656,3139.5121125068727,326.2397766113281,30.0,528.6138217216496,0.0,1,P01_G024_E52_A000,P01_G024,P01,M025,3173.532039958184,3564.4968611360646,390.96482117788037,
E52_27fdcb9bc2da20af468e67a1,9.646877129001766,15.630401191469062,9.646877129001766,333.5201066466774,372.5049327982074,433.1312563841751,0.1799553449394086,0.009166666666666667,0.11946147313768568,0.30858348474376096,2.2514165152562393,0.9035676610175747,467.8179138183594,0.0,0.0,467.8179138183594,595.5179138183594,3248.4844228813135,322.1230773925781,30.0,543.5201066466774,0.0,1,P01_G024_E52_A000,P01_G024,P01,M025,3173.532039958184,3564.4968611360646,390.96482117788037,
E52_347c51b45a583dd4c5a4aad0,9.603075864140123,10.359339260709504,9.603075864140123,545.8106765870443,594.6474365357748,798.6007934817058,0.3072138543106079,0.009166666666666667,0.11946147313768568,0.4358419941149602,2.1241580058850404,0.8637993768390749,586.0411193847656,0.0,0.0,586.0411193847656,713.7411193847656,5989.505951112793,425.30462646484375,30.0,755.8106765870443,0.0,1,P01_G024_E52_A000,P01_G024,P01,M025,3173.532039958184,3564.4968611360646,390.96482117788037,
E52_437c6a333219b14c3939f26c,0.2912144433619943,6.0194831627628105,0.2912144433619943,277.09771274073506,296.211315442558,417.14117438283733,0.1570562493971614,0.009166666666666667,0.11946147313768568,0.28568438920151373,2.274315610798487,0.9107236283745269,248.53977661132814,19.176544189453125,19.176544189453125,248.53977661132814,376.2397766113281,3128.55880787128,326.2397766113281,30.0,487.09771274073506,0.0,1,P01_G024_E52_A000,P01_G024,P01,M025,3173.532039958184,3564.4968611360646,390.96482117788037,
E52_47db2d0d55c92154c779a4c9,11.176286595238821,16.45726286038159,11.176286595238821,312.62709924858126,351.3219092257948,393.08533863388124,0.16685347284684848,0.009166666666666667,0.11946147313768568,0.2954816126512008,2.2645183873487995,0.9076619960464998,464.3377197265625,0.0,0.0,464.3377197265625,592.0377197265625,2948.1400397541092,295.61395263671875,30.0,522.6270992485813,0.0,1,P01_G024_E52_A000,P01_G024,P01,M025,3173.532039958184,3564.4968611360646,390.96482117788037,
E52_60b0dc656c777ee2cc2279b1,8.97438073598903,0.21315146591224732,0.21315146591224732,563.4362729251038,615.9641949832094,811.705013501575,0.3153381258454166,0.009166666666666667,0.11946147313768568,0.44396626564976893,2.1160337343502316,0.8612605419844472,630.3350646972656,0.0,0.0,630.3350646972656,758.0350646972656,6087.787601261813,495.9024353027344,30.0,773.4362729251038,0.0,1,P01_G024_E52_A000,P01_G024,P01,M025,3173.532039958184,3564.4968611360646,390.96482117788037,
E52_6aa461eda22a4c53e6730e81,0.26027333458110036,6.478254834226846,0.26027333458110036,265.8104536255181,288.3542041341444,395.1560268799425,0.15046620221455187,0.009166666666666667,0.11946147313768568,0.2790943420189042,2.2809056579810965,0.9127830181190925,271.555615234375,1.030609130859375,1.030609130859375,271.555615234375,399.255615234375,2963.670201599569,349.255615234375,30.0,475.8104536255181,0.0,1,P01_G024_E52_A000,P01_G024,P01,M025,3173.532039958184,3564.4968611360646,390.96482117788037,
E52_6dc095df8eb6475486134b5c,21.227726913530475,12.905188948092743,12.905188948092743,424.06014837873875,466.2734748964797,594.8403376510322,0.23505698741925235,0.009166666666666667,0.11946147313768568,0.3636851272236047,2.1963148727763957,0.8863483977426235,506.55991821289064,0.0,0.0,506.55991821289064,634.2599182128906,4461.302532382741,440.2059631347656,30.0,634.0601483787387,0.0,1,P01_G024_E52_A000,P01_G024,P01,M025,3173.532039958184,3564.4968611360646,390.96482117788037,
E52_73baea82bbbffa2db9d7426a,10.241631917232525,5.711384152670419,5.711384152670419,297.3854850658978,324.64222792478455,431.2305129784753,0.16683515196021612,0.009166666666666667,0.11946147313768568,0.2954632917645684,2.264536708235432,0.9076677213235724,327.08091430664064,0.0,0.0,327.08091430664064,454.7809143066406,3234.2288473385647,335.390380859375,30.0,507.3854850658978,0.0,1,P01_G024_E52_A000,P01_G024,P01,M025,3173.532039958184,3564.4968611360646,390.96482117788037,
E52_74b3fb0a4920873efc33101b,1.2602427488312316,6.525083879148042,1.2602427488312316,262.62709924858126,284.6552425591281,393.08533863388124,0.14907135286228057,0.009166666666666667,0.11946147313768568,0.2776994926666329,2.2823005073333675,0.9132189085416772,264.3377197265625,0.0,0.0,264.3377197265625,392.0377197265625,2948.1400397541092,295.61395263671875,30.0,472.62709924858126,0.0,1,P01_G024_E52_A000,P01_G024,P01,M025,3173.532039958184,3564.4968611360646,390.96482117788037,
E52_82c821a5773d0bfbe554f10a,7.045339812679956,11.397135806608844,7.045339812679956,512.9354114719376,566.0737563002253,707.0407539741487,0.2825549862639304,0.009166666666666667,0.11946147313768568,0.4111831260682827,2.1488168739317177,0.8715052731036617,637.6601379394531,0.0,0.0,637.6601379394531,765.3601379394531,5302.805654806116,465.3601379394531,30.0,722.9354114719376,0.0,1,P01_G024_E52_A000,P01_G024,P01,M025,3173.532039958184,3564.4968611360646,390.96482117788037,
E52_8ca7795ffa642a3b129c0a3d,10.116181077439208,15.730152054416479,10.116181077439208,330.94608252023,369.9122522589995,428.0951466078428,0.17832668261553564,0.009166666666666667,0.11946147313768568,0.306954822419888,2.2530451775801126,0.904076617993785,467.5940368652344,0.0,0.0,467.5940368652344,595.2940368652344,3210.713599558821,335.390380859375,30.0,540.94608252023,0.0,1,P01_G024_E52_A000,P01_G024,P01,M025,3173.532039958184,3564.4968611360646,390.96482117788037,
E52_9026ce0d2a5dd9a75ef73c8e,0.8353766427972573,6.720084116703532,0.8353766427972573,248.61637070099954,267.37077642202814,384.70630707582717,0.14290187810434732,0.009166666666666667,0.11946147313768568,0.2715300179086997,2.288469982091301,0.9151468694035314,225.05286865234376,0.0,0.0,225.05286865234376,352.75286865234375,2885.297303068704,302.75286865234375,30.0,458.61637070099954,0.0,1,P01_G024_E52_A000,P01_G024,P01,M025,3173.532039958184,3564.4968611360646,390.96482117788037,
E52_9b18c2085562c5280ea1e394,8.629705350798275,0.02697066595830222,0.02697066595830222,563.4972144032131,613.0086493397365,829.9258191872856,0.3179402888393461,0.009166666666666667,0.11946147313768568,0.44656842864369845,2.113431571356302,0.8604473660488443,594.1372192382812,0.0,0.0,594.1372192382812,721.8372192382812,6224.443643904642,487.8569030761719,30.0,773.4972144032131,0.0,1,P01_G024_E52_A000,P01_G024,P01,M025,3173.532039958184,3564.4968611360646,390.96482117788037,
E52_a1af1f4ab7d520e82e20be53,9.000688973798546,0.45430012492889205,0.45430012492889205,547.7224457312177,598.7128286250978,789.5025940991541,0.30660524396013417,0.009166666666666667,0.11946147313768568,0.4352333837644865,2.124766616235514,0.863989567573598,611.8845947265625,0.0,0.0,611.8845947265625,739.5845947265625,5921.269455743655,492.6366271972656,30.0,757.7224457312177,0.0,1,P01_G024_E52_A000,P01_G024,P01,M025,3173.532039958184,3564.4968611360646,390.96482117788037,
E52_afb1e3673ff3adbe9c45b8fc,0.7145335560194326,6.956106286850726,0.7145335560194326,250.21040235058808,271.27175132926646,374.0527108291059,0.1419599864782851,0.009166666666666667,0.11946147313768568,0.2705881262826374,2.289411873717363,0.9154412105366758,252.73618774414064,0.0,0.0,252.73618774414064,380.4361877441406,2805.395331218294,291.6474609375,30.0,460.2104023505881,0.0,1,P01_G024_E52_A000,P01_G024,P01,M025,3173.532039958184,3564.4968611360646,390.96482117788037,
E52_b60e4d2a4cdcd5801a5d757f,9.6910339592972,16.480566458341656,9.6910339592972,308.26023760270465,345.626388522301,392.32356968783114,0.16519254750221457,0.009166666666666667,0.11946147313768568,0.2938206873065669,2.2661793126934335,0.9081810352166979,448.39381103515626,0.0,0.0,448.39381103515626,576.0938110351562,2942.4267726587336,326.2397766113281,30.0,518.2602376027046,0.0,1,P01_G024_E52_A000,P01_G024,P01,M025,3173.532039958184,3564.4968611360646,390.96482117788037,
E52_b8aeee13ee5f313ffdb298e7,9.338309835329824,0.32052137756616617,0.32052137756616617,550.9628084392909,600.9445446860357,802.0351993981131,0.309532562555218,0.009166666666666667,0.11946147313768568,0.43816070235957033,2.12183929764043,0.8630747805126343,599.7808349609375,0.0,0.0,599.7808349609375,727.4808349609375,6015.263995485849,485.42230224609375,30.0,760.9628084392909,0.0,1,P01_G024_E52_A000,P01_G024,P01,M025,3173.532039958184,3564.4968611360646,390.96482117788037,
E52_c0294c7ff44d44fc4ede8d97,9.63131941890856,16.7256600789149,9.63131941890856,316.70783025924425,358.9570632507807,379.92026256926977,0.16644027302831577,0.009166666666666667,0.11946147313768568,0.2950684128326681,2.2649315871673323,0.9077911209897912,506.9907958984375,0.0,0.0,506.9907958984375,634.6907958984375,2849.4019692695233,334.6907958984375,30.0,526.7078302592442,0.0,1,P01_G024_E52_A000,P01_G024,P01,M025,3173.532039958184,3564.4968611360646,390.96482117788037,
E52_c117f06f984d58b2275e6c48,9.621959789289988,0.365836005255062,0.365836005255062,533.3106765870443,577.980769869108,798.6007934817058,0.30276832431446593,0.009166666666666667,0.11946147313768568,0.43139646411881827,2.128603535881182,0.8651886049628693,536.0411193847656,0.0,0.0,536.0411193847656,663.7411193847656,5989.505951112793,425.30462646484375,30.0,743.3106765870443,0.0,1,P01_G024_E52_A000,P01_G024,P01,M025,3173.532039958184,3564.4968611360646,390.96482117788037,
E52_d22cbe82615c6d2ee0ebf49f,10.18232641347295,15.758568264926964,10.18232641347295,318.17309843891866,352.9726015110215,427.5491784452201,0.1737067461230003,0.009166666666666667,0.11946147313768568,0.30233488592735264,2.257665114072648,0.9055203481477023,417.5940368652344,0.0,0.0,417.5940368652344,545.2940368652344,3206.618838339151,335.390380859375,30.0,528.1730984389187,0.0,1,P01_G024_E52_A000,P01_G024,P01,M025,3173.532039958184,3564.4968611360646,390.96482117788037,
E52_dbec4f1422e98765afb262aa,10.873853311460351,16.38523852602286,10.873853311460351,322.5402116809159,364.1002534899979,395.72017250733956,0.1707521496628321,0.009166666666666667,0.11946147313768568,0.2993802894671844,2.260619710532816,0.9064436595415049,498.7205017089844,0.0,0.0,498.7205017089844,626.4205017089844,2967.901293805047,326.4205017089844,30.0,532.540211680916,0.0,1,P01_G024_E52_A000,P01_G024,P01,M025,3173.532039958184,3564.4968611360646,390.96482117788037,
E52_dd12fb0cc4aee52816704b73,9.529275139632546,0.5498680641518376,0.5498680641518376,547.6210002825783,600.0718247658139,780.5370536657424,0.3052994367315811,0.009166666666666667,0.11946147313768568,0.43392757653593345,2.126072423464067,0.8643976323325209,629.4098937988281,0.0,0.0,629.4098937988281,757.1098937988281,5854.027902493068,543.108642578125,30.0,757.6210002825783,0.0,1,P01_G024_E52_A000,P01_G024,P01,M025,3173.532039958184,3564.4968611360646,390.96482117788037,
E52_de2c36302e014a6d0284c896,10.188846349369086,15.994052628622484,10.188846349369086,325.41177480357015,364.7238282296769,414.95122905049965,0.1744969638873427,0.009166666666666667,0.11946147313768568,0.30312510369169504,2.2568748963083056,0.9052734050963454,471.74464111328126,0.0,0.0,471.74464111328126,599.4446411132812,3112.134217878747,325.15069580078125,30.0,535.4117748035701,0.0,1,P01_G024_E52_A000,P01_G024,P01,M025,3173.532039958184,3564.4968611360646,390.96482117788037,
E52_e0325aad0b87e7c07e10fc2c,0.2899840607928468,5.987785159048158,0.2899840607928468,275.1983248954777,294.96932963587483,418.60161500091635,0.15682137892336617,0.009166666666666667,0.11946147313768568,0.2854495187277185,2.274550481272282,0.910797025397588,248.53977661132814,11.2877197265625,11.2877197265625,248.53977661132814,376.2397766113281,3139.5121125068727,326.2397766113281,30.0,485.1983248954777,0.0,1,P01_G024_E52_A000,P01_G024,P01,M025,3173.532039958184,3564.4968611360646,390.96482117788037,
E52_e0cd6bab1a22c4530d9a254c,0.9640333743142406,6.471069764274475,0.9640333743142406,260.0402116809159,280.7669201566646,395.72017250733956,0.14852449968212222,0.009166666666666667,0.11946147313768568,0.27715263948647456,2.282847360513526,0.9133898001604767,248.7205017089844,0.0,0.0,248.7205017089844,376.4205017089844,2967.901293805047,326.4205017089844,30.0,470.0402116809159,0.0,1,P01_G024_E52_A000,P01_G024,P01,M025,3173.532039958184,3564.4968611360646,390.96482117788037,
E52_ea76d341ab82f2ebc1fa1efe,0.2590687234203841,6.056283714240493,0.2590687234203841,275.41177480357015,298.05716156301025,414.95122905049965,0.15671484390277482,0.009166666666666667,0.11946147313768568,0.2853429837071272,2.274657016292873,0.9108303175915228,271.74464111328126,0.0,0.0,271.74464111328126,399.44464111328125,3112.134217878747,325.15069580078125,30.0,485.41177480357015,0.0,1,P01_G024_E52_A000,P01_G024,P01,M025,3173.532039958184,3564.4968611360646,390.96482117788037,
E52_f2fabdd802684ffd17ed2273,0.6936377613534717,16.925225818485302,0.6936377613534717,275.2104023505881,304.60508466259984,374.0527108291059,0.15085104647056902,0.009166666666666667,0.11946147313768568,0.27947918627492135,2.280520813725079,0.912662754289087,352.73618774414064,0.0,0.0,352.73618774414064,480.4361877441406,2805.395331218294,291.6474609375,30.0,485.2104023505881,0.0,1,P01_G024_E52_A000,P01_G024,P01,M025,3173.532039958184,3564.4968611360646,390.96482117788037,
E52_a3836b1674b2d70f748125c1,4.727952780481857,18.388582284998307,4.727952780481857,238.77143733771516,265.74771093797557,315.68523307386783,0.1296256139323784,0.009166666666666667,0.14023968364424022,0.27903196424328525,2.2809680357567155,0.9128025111739734,323.715283203125,0.0,0.0,323.715283203125,451.415283203125,2367.639248054009,217.29420471191406,30.0,448.77143733771516,0.0,1,P01_G025_E52_A000,P01_G025,P01,M027,9404.165880707087,9863.132118088237,458.96623738114977,E52_MERGE_BACK
E52_44ed69e1d99dc074a7941a18,4.524182138291295,8.900383690419545,4.524182138291295,188.27556058823757,199.0276355292369,299.7078152072368,0.1090911242968749,0.009166666666666667,0.14023968364424022,0.2584974746077818,2.301502525392219,0.9192195391850682,139.59420471191407,10.569305419921875,10.569305419921875,139.59420471191407,267.29420471191406,2247.808614054276,217.29420471191406,30.0,398.27556058823757,0.0,1,P01_G025_E52_A000,P01_G025,P01,M027,9404.165880707087,9863.132118088237,458.96623738114977,E52_MERGE_BACK
E52_7547086a1218012670f76a62,13.896729151661106,2.277872015791573,2.277872015791573,370.7957901832663,387.27013608984186,642.7455049270795,0.2228984084752749,0.009166666666666667,0.14023968364424022,0.37230475878618174,2.187695241213819,0.8836547628793182,197.69215087890626,0.0,0.0,197.69215087890626,325.39215087890625,4820.591286953097,275.39215087890625,30.0,580.7957901832663,0.0,1,P01_G025_E52_A000,P01_G025,P01,M027,9404.165880707087,9863.132118088237,458.96623738114977,E52_MERGE_BACK
