[0/2] Re-checking globbed directories...
[1/1968] Building CXX object src/antenna/CMakeFiles/antenna.dir/model/angles.cc.o
[2/1968] Building CXX object src/antenna/CMakeFiles/antenna.dir/model/antenna-model.cc.o
[3/1968] Building CXX object src/antenna/CMakeFiles/antenna.dir/model/isotropic-antenna-model.cc.o
[4/1968] Building CXX object src/antenna/CMakeFiles/antenna.dir/model/parabolic-antenna-model.cc.o
[5/1968] Building CXX object src/antenna/CMakeFiles/antenna.dir/model/cosine-antenna-model.cc.o
[6/1968] Building CXX object src/antenna/CMakeFiles/antenna.dir/model/circular-aperture-antenna-model.cc.o
[7/1968] Building CXX object src/antenna/CMakeFiles/antenna.dir/model/three-gpp-antenna-model.cc.o
[8/1968] Building CXX object src/antenna/CMakeFiles/antenna-test.dir/test/test-circular-aperture-antenna.cc.o
[9/1968] Building CXX object src/antenna/CMakeFiles/antenna-test.dir/test/test-angles.cc.o
[10/1968] Building CXX object src/antenna/CMakeFiles/antenna.dir/model/uniform-planar-array.cc.o
[11/1968] Building CXX object src/antenna/CMakeFiles/antenna.dir/model/phased-array-model.cc.o
[12/1968] Building CXX object src/antenna/CMakeFiles/antenna-test.dir/test/test-degrees-radians.cc.o
[13/1968] Building CXX object src/antenna/CMakeFiles/antenna-test.dir/test/test-isotropic-antenna.cc.o
[14/1968] Building CXX object src/antenna/CMakeFiles/antenna-test.dir/test/test-cosine-antenna.cc.o
[15/1968] Building CXX object src/antenna/CMakeFiles/antenna-test.dir/test/test-adjacency-matrix.cc.o
[16/1968] Building CXX object src/antenna/CMakeFiles/antenna-test.dir/test/test-parabolic-antenna.cc.o
[17/1968] Building CXX object src/aodv/CMakeFiles/aodv.dir/model/aodv-dpd.cc.o
[18/1968] Building CXX object src/aodv/CMakeFiles/aodv.dir/model/aodv-id-cache.cc.o
[19/1968] Building CXX object src/antenna/examples/CMakeFiles/adjacency-matrix-example.dir/adjacency-matrix-example.cc.o
[20/1968] Building CXX object src/antenna/CMakeFiles/antenna-test.dir/test/test-uniform-planar-array.cc.o
[21/1968] Building CXX object src/aodv/CMakeFiles/aodv.dir/helper/aodv-helper.cc.o
[22/1968] Building CXX object src/aodv/CMakeFiles/aodv.dir/model/aodv-packet.cc.o
[23/1968] Building CXX object src/aodv/CMakeFiles/aodv.dir/model/aodv-neighbor.cc.o
[24/1968] Building CXX object src/aodv/CMakeFiles/aodv.dir/model/aodv-rqueue.cc.o
[25/1968] Building CXX object src/aodv/CMakeFiles/aodv-test.dir/test/aodv-id-cache-test-suite.cc.o
[26/1968] Building CXX object src/applications/CMakeFiles/applications.dir/helper/bulk-send-helper.cc.o
[27/1968] Building CXX object src/aodv/CMakeFiles/aodv.dir/model/aodv-rtable.cc.o
[28/1968] Building CXX object src/applications/CMakeFiles/applications.dir/helper/on-off-helper.cc.o
[29/1968] Building CXX object src/applications/CMakeFiles/applications.dir/helper/packet-sink-helper.cc.o
[30/1968] Building CXX object src/applications/CMakeFiles/applications.dir/helper/three-gpp-http-helper.cc.o
[31/1968] Building CXX object src/applications/CMakeFiles/applications.dir/helper/udp-client-server-helper.cc.o
[32/1968] Building CXX object src/aodv/CMakeFiles/aodv-test.dir/test/aodv-regression.cc.o
[33/1968] Building CXX object src/applications/CMakeFiles/applications.dir/helper/udp-echo-helper.cc.o
[34/1968] Building CXX object src/aodv/CMakeFiles/aodv-test.dir/test/loopback.cc.o
[35/1968] Building CXX object src/aodv/CMakeFiles/aodv-test.dir/test/bug-772.cc.o
[36/1968] Building CXX object src/applications/CMakeFiles/applications.dir/model/packet-loss-counter.cc.o
[37/1968] Building CXX object src/applications/CMakeFiles/applications.dir/model/application-packet-probe.cc.o
[38/1968] Building CXX object src/applications/CMakeFiles/applications.dir/model/seq-ts-echo-header.cc.o
[39/1968] Building CXX object src/applications/CMakeFiles/applications.dir/model/seq-ts-header.cc.o
[40/1968] Building CXX object src/applications/CMakeFiles/applications.dir/model/seq-ts-size-header.cc.o
[41/1968] Building CXX object src/applications/CMakeFiles/applications.dir/model/bulk-send-application.cc.o
[42/1968] Building CXX object src/applications/CMakeFiles/applications.dir/model/onoff-application.cc.o
[43/1968] Building CXX object src/aodv/examples/CMakeFiles/aodv-example.dir/aodv-example.cc.o
[44/1968] Building CXX object src/applications/CMakeFiles/applications.dir/model/rta-tig-mobile-gaming.cc.o
[45/1968] Building CXX object src/applications/CMakeFiles/applications.dir/model/packet-sink.cc.o
[46/1968] Building CXX object src/aodv/CMakeFiles/aodv-test.dir/test/aodv-test-suite.cc.o
[47/1968] Building CXX object src/applications/CMakeFiles/applications.dir/model/sink-application.cc.o
[48/1968] Building CXX object src/applications/CMakeFiles/applications.dir/model/three-gpp-http-header.cc.o
[49/1968] Building CXX object src/applications/CMakeFiles/applications.dir/model/source-application.cc.o
[50/1968] Building CXX object src/aodv/CMakeFiles/aodv.dir/model/aodv-routing-protocol.cc.o
[51/1968] Building CXX object src/applications/CMakeFiles/applications.dir/model/three-gpp-http-variables.cc.o
[52/1968] Building CXX object src/applications/CMakeFiles/applications.dir/model/tgax-voip-traffic.cc.o
[53/1968] Building CXX object src/applications/CMakeFiles/applications.dir/model/tgax-virtual-desktop.cc.o
[54/1968] Building CXX object src/applications/CMakeFiles/applications.dir/model/udp-client.cc.o
[55/1968] Building CXX object src/applications/CMakeFiles/applications.dir/model/tgax-video-traffic.cc.o
[56/1968] Building CXX object src/applications/CMakeFiles/applications.dir/model/udp-echo-server.cc.o
[57/1968] Building CXX object src/applications/CMakeFiles/applications.dir/model/udp-trace-client.cc.o
[58/1968] Building CXX object src/applications/CMakeFiles/applications.dir/model/udp-echo-client.cc.o
[59/1968] Building CXX object src/applications/CMakeFiles/applications.dir/model/udp-server.cc.o
[60/1968] Building CXX object src/applications/CMakeFiles/applications.dir/model/three-gpp-http-client.cc.o
[61/1968] Building CXX object src/applications/CMakeFiles/applications-test.dir/test/udp-client-server-test.cc.o
[62/1968] Building CXX object src/applications/CMakeFiles/applications-test.dir/test/bulk-send-application-test-suite.cc.o
[63/1968] Building CXX object src/applications/CMakeFiles/applications.dir/model/three-gpp-http-server.cc.o
[64/1968] Building CXX object src/applications/CMakeFiles/applications-test.dir/test/tgax-virtual-desktop-test-suite.cc.o
[65/1968] Building CXX object src/applications/CMakeFiles/applications-test.dir/test/tgax-video-traffic-test-suite.cc.o
[66/1968] Building CXX object src/applications/CMakeFiles/applications-test.dir/test/tgax-voip-traffic-test-suite.cc.o
[67/1968] Building CXX object src/applications/CMakeFiles/applications-test.dir/test/rta-tig-mobile-gaming-test-suite.cc.o
[68/1968] Building CXX object src/bridge/CMakeFiles/bridge.dir/helper/bridge-helper.cc.o
[69/1968] Building CXX object src/applications/CMakeFiles/applications-test.dir/test/three-gpp-http-client-server-test.cc.o
[70/1968] Building CXX object src/bridge/CMakeFiles/bridge.dir/model/bridge-channel.cc.o
[71/1968] Building CXX object src/buildings/CMakeFiles/buildings.dir/helper/building-container.cc.o
[72/1968] Building CXX object src/applications/examples/CMakeFiles/three-gpp-http-example.dir/three-gpp-http-example.cc.o
[73/1968] Building CXX object src/bridge/CMakeFiles/bridge.dir/model/bridge-net-device.cc.o
[74/1968] Building CXX object src/buildings/CMakeFiles/buildings.dir/helper/building-allocator.cc.o
[75/1968] Building CXX object src/buildings/CMakeFiles/buildings.dir/helper/buildings-helper.cc.o
[76/1968] Building CXX object src/buildings/CMakeFiles/buildings.dir/helper/building-position-allocator.cc.o
[77/1968] Building CXX object src/bridge/examples/CMakeFiles/csma-bridge.dir/csma-bridge.cc.o
[78/1968] Building CXX object src/buildings/CMakeFiles/buildings.dir/model/buildings-channel-condition-model.cc.o
[79/1968] Building CXX object src/buildings/CMakeFiles/buildings.dir/model/building-list.cc.o
[80/1968] Building CXX object src/bridge/examples/CMakeFiles/csma-bridge-one-hop.dir/csma-bridge-one-hop.cc.o
[81/1968] Building CXX object src/buildings/CMakeFiles/buildings.dir/model/building.cc.o
[82/1968] Building CXX object src/buildings/CMakeFiles/buildings.dir/model/buildings-propagation-loss-model.cc.o
[83/1968] Building CXX object src/buildings/CMakeFiles/buildings.dir/model/itu-r-1238-propagation-loss-model.cc.o
[84/1968] Building CXX object src/buildings/CMakeFiles/buildings.dir/model/mobility-building-info.cc.o
[85/1968] Building CXX object src/buildings/CMakeFiles/buildings.dir/model/oh-buildings-propagation-loss-model.cc.o
[86/1968] Building CXX object src/buildings/CMakeFiles/buildings.dir/model/hybrid-buildings-propagation-loss-model.cc.o
[87/1968] Building CXX object src/buildings/CMakeFiles/buildings.dir/model/three-gpp-v2v-channel-condition-model.cc.o
[88/1968] Building CXX object src/applications/examples/CMakeFiles/tgax-video-example.dir/tgax-video-example.cc.o
[89/1968] Building CXX object src/buildings/CMakeFiles/buildings-test.dir/test/buildings-channel-condition-model-test.cc.o
[90/1968] Building CXX object src/applications/examples/CMakeFiles/tgax-voip-example.dir/tgax-voip-example.cc.o
[91/1968] Building CXX object src/applications/examples/CMakeFiles/tgax-virtual-desktop-example.dir/tgax-virtual-desktop-example.cc.o
[92/1968] Building CXX object src/buildings/CMakeFiles/buildings-test.dir/test/buildings-helper-test.cc.o
[93/1968] Building CXX object src/buildings/CMakeFiles/buildings.dir/model/random-walk-2d-outdoor-mobility-model.cc.o
[94/1968] Building CXX object src/buildings/CMakeFiles/buildings-test.dir/test/buildings-pathloss-test.cc.o
[95/1968] Building CXX object src/buildings/CMakeFiles/buildings-test.dir/test/buildings-penetration-loss-pathloss-test.cc.o
[96/1968] Building CXX object src/applications/examples/CMakeFiles/rta-tig-mobile-gaming-example.dir/rta-tig-mobile-gaming-example.cc.o
[97/1968] Building CXX object src/config-store/CMakeFiles/config-store.dir/model/file-config.cc.o
[98/1968] Building CXX object src/buildings/CMakeFiles/buildings-test.dir/test/buildings-shadowing-test.cc.o
[99/1968] Building CXX object src/buildings/CMakeFiles/buildings-test.dir/test/building-position-allocator-test.cc.o
[100/1968] Building CXX object src/config-store/CMakeFiles/config-store.dir/model/attribute-default-iterator.cc.o
[101/1968] Building CXX object src/buildings/CMakeFiles/buildings-test.dir/test/outdoor-random-walk-test.cc.o
[102/1968] Building CXX object src/config-store/CMakeFiles/config-store.dir/model/attribute-iterator.cc.o
[103/1968] Building CXX object src/core/CMakeFiles/core.dir/model/int64x64-128.cc.o
[104/1968] Building CXX object src/config-store/CMakeFiles/config-store.dir/model/config-store.cc.o
[105/1968] Building CXX object src/core/CMakeFiles/core.dir/model/example-as-test.cc.o
[106/1968] Building CXX object src/buildings/CMakeFiles/buildings-test.dir/test/three-gpp-v2v-channel-condition-model-test.cc.o
[107/1968] Building CXX object src/core/CMakeFiles/core.dir/model/unix-fd-reader.cc.o
[108/1968] Building CXX object src/config-store/CMakeFiles/config-store.dir/model/raw-text-config.cc.o
[109/1968] Building CXX object src/buildings/examples/CMakeFiles/buildings-pathloss-profiler.dir/buildings-pathloss-profiler.cc.o
[110/1968] Building CXX object src/buildings/examples/CMakeFiles/outdoor-random-walk-example.dir/outdoor-random-walk-example.cc.o
[111/1968] Building CXX object src/config-store/examples/CMakeFiles/config-store-save.dir/config-store-save.cc.o
[112/1968] Building CXX object src/core/CMakeFiles/core.dir/helper/random-variable-stream-helper.cc.o
[113/1968] Building CXX object src/core/CMakeFiles/core.dir/helper/csv-reader.cc.o
[114/1968] Building CXX object src/buildings/examples/CMakeFiles/outdoor-group-mobility-example.dir/outdoor-group-mobility-example.cc.o
[115/1968] Building CXX object src/core/CMakeFiles/core.dir/helper/event-garbage-collector.cc.o
[116/1968] Building CXX object src/core/CMakeFiles/core.dir/model/scheduler.cc.o
[117/1968] Building CXX object src/core/CMakeFiles/core.dir/model/event-id.cc.o
[118/1968] Building CXX object src/core/CMakeFiles/core.dir/model/event-impl.cc.o
[119/1968] Building CXX object src/core/CMakeFiles/core.dir/model/list-scheduler.cc.o
[120/1968] Building CXX object src/core/CMakeFiles/core.dir/model/map-scheduler.cc.o
[121/1968] Building CXX object src/core/CMakeFiles/core.dir/model/heap-scheduler.cc.o
[122/1968] Building CXX object src/core/CMakeFiles/core.dir/model/time.cc.o
[123/1968] Building CXX object src/core/CMakeFiles/core.dir/model/simulator-impl.cc.o
[124/1968] Building CXX object src/core/CMakeFiles/core.dir/model/priority-queue-scheduler.cc.o
[125/1968] Building CXX object src/core/CMakeFiles/core.dir/model/calendar-scheduler.cc.o
[126/1968] Building CXX object src/core/CMakeFiles/core.dir/model/simulator.cc.o
[127/1968] Building CXX object src/core/CMakeFiles/core.dir/model/breakpoint.cc.o
[128/1968] Building CXX object src/core/CMakeFiles/core.dir/model/watchdog.cc.o
[129/1968] Building CXX object src/core/CMakeFiles/core.dir/model/timer.cc.o
[130/1968] Building CXX object src/core/CMakeFiles/core.dir/model/synchronizer.cc.o
[131/1968] Building CXX object src/core/CMakeFiles/core.dir/model/environment-variable.cc.o
[132/1968] Building CXX object src/core/CMakeFiles/core.dir/model/default-simulator-impl.cc.o
[133/1968] Building CXX object src/core/CMakeFiles/core.dir/model/attribute-construction-list.cc.o
[134/1968] Building CXX object src/core/CMakeFiles/core.dir/model/rng-seed-manager.cc.o
[135/1968] Building CXX object src/core/CMakeFiles/core.dir/model/log.cc.o
[136/1968] Building CXX object src/core/CMakeFiles/core.dir/model/rng-stream.cc.o
[137/1968] Building CXX object src/core/CMakeFiles/core.dir/model/attribute.cc.o
[138/1968] Building CXX object src/core/CMakeFiles/core.dir/model/object.cc.o
[139/1968] Building CXX object src/core/CMakeFiles/core.dir/model/boolean.cc.o
[140/1968] Building CXX object src/core/CMakeFiles/core.dir/model/object-base.cc.o
[141/1968] Building CXX object src/core/CMakeFiles/core.dir/model/integer.cc.o
[142/1968] Building CXX object src/core/CMakeFiles/core.dir/model/uinteger.cc.o
[143/1968] Building CXX object src/core/CMakeFiles/core.dir/model/double.cc.o
[144/1968] Building CXX object src/core/CMakeFiles/core.dir/model/test.cc.o
[145/1968] Building CXX object src/core/CMakeFiles/core.dir/model/string.cc.o
[146/1968] Building CXX object src/core/CMakeFiles/core.dir/model/int64x64.cc.o
[147/1968] Building CXX object src/core/CMakeFiles/core.dir/model/pointer.cc.o
[148/1968] Building CXX object src/core/CMakeFiles/core.dir/model/type-id.cc.o
[149/1968] Building CXX object src/core/CMakeFiles/core.dir/model/trace-source-accessor.cc.o
[150/1968] Building CXX object src/core/CMakeFiles/core.dir/model/global-value.cc.o
[151/1968] Building CXX object src/core/CMakeFiles/core.dir/model/object-ptr-container.cc.o
[152/1968] Building CXX object src/core/CMakeFiles/core.dir/model/fatal-impl.cc.o
[153/1968] Building CXX object src/core/CMakeFiles/core.dir/model/object-factory.cc.o
[154/1968] Building CXX object src/core/CMakeFiles/core.dir/model/callback.cc.o
[155/1968] Building CXX object src/core/CMakeFiles/core.dir/model/command-line.cc.o
[156/1968] Building CXX object src/core/CMakeFiles/core.dir/model/hash-function.cc.o
[157/1968] Building CXX object src/core/CMakeFiles/core.dir/model/hash-murmur3.cc.o
[158/1968] Building CXX object src/core/CMakeFiles/core.dir/model/vector.cc.o
[159/1968] Building CXX object src/core/CMakeFiles/core.dir/model/hash-fnv.cc.o
[160/1968] Building CXX object src/core/CMakeFiles/core.dir/model/random-variable-stream.cc.o
[161/1968] Building CXX object src/core/CMakeFiles/core.dir/model/hash.cc.o
[162/1968] Building CXX object src/core/CMakeFiles/core.dir/model/system-wall-clock-timestamp.cc.o
[163/1968] Building CXX object src/core/CMakeFiles/core.dir/model/ascii-file.cc.o
[164/1968] Building CXX object src/core/CMakeFiles/core.dir/model/names.cc.o
[165/1968] Building CXX object src/core/CMakeFiles/core.dir/model/node-printer.cc.o
[166/1968] Building CXX object src/core/CMakeFiles/core.dir/model/des-metrics.cc.o
[167/1968] Building CXX object src/core/CMakeFiles/core.dir/model/time-printer.cc.o
[168/1968] Building CXX object src/core/CMakeFiles/core.dir/model/show-progress.cc.o
[169/1968] Building CXX object src/core/CMakeFiles/core.dir/model/config.cc.o
[170/1968] Building CXX object src/core/CMakeFiles/core.dir/model/system-wall-clock-ms.cc.o
[171/1968] Building CXX object src/core/CMakeFiles/core.dir/model/demangle.cc.o
[172/1968] Building CXX object src/core/CMakeFiles/core-test.dir/test/examples-as-tests-test-suite.cc.o
[173/1968] Building CXX object src/core/CMakeFiles/core-test.dir/test/build-profile-test-suite.cc.o
[174/1968] Building CXX object src/core/CMakeFiles/core.dir/model/trickle-timer.cc.o
[175/1968] Building CXX object src/core/CMakeFiles/core.dir/model/length.cc.o
[176/1968] Building CXX object src/core/CMakeFiles/core.dir/model/wall-clock-synchronizer.cc.o
[177/1968] Building CXX object src/core/CMakeFiles/core.dir/model/realtime-simulator-impl.cc.o
[178/1968] Building CXX object src/core/CMakeFiles/core.dir/model/matrix-array.cc.o
[179/1968] Building CXX object src/core/CMakeFiles/core-test.dir/test/global-value-test-suite.cc.o
[180/1968] Building CXX object src/core/CMakeFiles/core-test.dir/test/environment-variable-test-suite.cc.o
[181/1968] Building CXX object src/core/CMakeFiles/core-test.dir/test/command-line-test-suite.cc.o
[182/1968] Building CXX object src/core/CMakeFiles/core.dir/model/system-path.cc.o
[183/1968] Building CXX object src/core/CMakeFiles/core-test.dir/test/event-garbage-collector-test-suite.cc.o
[184/1968] Linking CXX shared library /home/ccc/projects/uav-logistics-comms/external/ns-3.47/build/lib/libns3.47-core-default.so
[185/1968] Building CXX object src/core/CMakeFiles/core-test.dir/test/hash-test-suite.cc.o
[186/1968] Linking CXX shared library /home/ccc/projects/uav-logistics-comms/external/ns-3.47/build/lib/libns3.47-antenna-default.so
[187/1968] Linking CXX shared library /home/ccc/projects/uav-logistics-comms/external/ns-3.47/build/lib/libns3.47-config-store-default.so
[188/1968] Linking CXX shared library /home/ccc/projects/uav-logistics-comms/external/ns-3.47/build/lib/libns3.47-antenna-test-default.so
[189/1968] Linking CXX executable /home/ccc/projects/uav-logistics-comms/external/ns-3.47/build/src/antenna/examples/ns3.47-adjacency-matrix-example-default
[190/1968] Linking CXX executable /home/ccc/projects/uav-logistics-comms/external/ns-3.47/build/src/config-store/examples/ns3.47-config-store-save-default
[191/1968] Building CXX object src/core/CMakeFiles/core-test.dir/test/many-uniform-random-variables-one-get-value-call-test-suite.cc.o
[192/1968] Building CXX object src/core/CMakeFiles/core-test.dir/test/int64x64-test-suite.cc.o
[193/1968] Building CXX object src/core/CMakeFiles/core-test.dir/test/one-uniform-random-variable-many-get-value-calls-test-suite.cc.o
[194/1968] Building CXX object src/core/CMakeFiles/core-test.dir/test/sample-test-suite.cc.o
[195/1968] Building CXX object src/core/CMakeFiles/core-test.dir/test/ptr-test-suite.cc.o
[196/1968] Building CXX object src/core/CMakeFiles/core-test.dir/test/config-test-suite.cc.o
[197/1968] Building CXX object src/core/CMakeFiles/core-test.dir/test/object-test-suite.cc.o
[198/1968] Building CXX object src/core/CMakeFiles/core-test.dir/test/pair-value-test-suite.cc.o
[199/1968] Building CXX object src/core/CMakeFiles/core-test.dir/test/names-test-suite.cc.o
[200/1968] Building CXX object src/core/CMakeFiles/core-test.dir/test/splitstring-test-suite.cc.o
[201/1968] Building CXX object src/core/CMakeFiles/core-test.dir/test/length-test-suite.cc.o
[202/1968] Building CXX object src/core/CMakeFiles/core-test.dir/test/attribute-container-test-suite.cc.o
[203/1968] Building CXX object src/core/CMakeFiles/core-test.dir/test/traced-callback-test-suite.cc.o
[204/1968] Building CXX object src/core/CMakeFiles/core-test.dir/test/trickle-timer-test-suite.cc.o
[205/1968] Building CXX object src/core/CMakeFiles/core-test.dir/test/threaded-test-suite.cc.o
[206/1968] Building CXX object src/core/CMakeFiles/core-test.dir/test/type-traits-test-suite.cc.o
[207/1968] Building CXX object src/core/CMakeFiles/core-test.dir/test/timer-test-suite.cc.o
[208/1968] Building CXX object src/core/CMakeFiles/core-test.dir/test/type-id-test-suite.cc.o
[209/1968] Building CXX object src/core/CMakeFiles/core-test.dir/test/time-test-suite.cc.o
[210/1968] Building CXX object src/core/CMakeFiles/core-test.dir/test/watchdog-test-suite.cc.o
[211/1968] Building CXX object src/core/examples/CMakeFiles/fatal-example.dir/fatal-example.cc.o
[212/1968] Linking CXX executable /home/ccc/projects/uav-logistics-comms/external/ns-3.47/build/src/core/examples/ns3.47-fatal-example-default
[213/1968] Building CXX object src/core/examples/CMakeFiles/assert-example.dir/assert-example.cc.o
[214/1968] Linking CXX executable /home/ccc/projects/uav-logistics-comms/external/ns-3.47/build/src/core/examples/ns3.47-assert-example-default
[215/1968] Building CXX object src/core/CMakeFiles/core-test.dir/test/simulator-test-suite.cc.o
[216/1968] Building CXX object src/core/CMakeFiles/core-test.dir/test/tuple-value-test-suite.cc.o
[217/1968] Building CXX object src/core/examples/CMakeFiles/main-ptr.dir/main-ptr.cc.o
[218/1968] Building CXX object src/core/examples/CMakeFiles/length-example.dir/length-example.cc.o
[219/1968] Linking CXX executable /home/ccc/projects/uav-logistics-comms/external/ns-3.47/build/src/core/examples/ns3.47-main-ptr-default
[220/1968] Building CXX object src/core/examples/CMakeFiles/command-line-example.dir/command-line-example.cc.o
[221/1968] Building CXX object src/core/CMakeFiles/core-test.dir/test/attribute-test-suite.cc.o
[222/1968] Linking CXX executable /home/ccc/projects/uav-logistics-comms/external/ns-3.47/build/src/core/examples/ns3.47-length-example-default
[223/1968] Building CXX object src/core/examples/CMakeFiles/sample-random-variable.dir/sample-random-variable.cc.o
[224/1968] Linking CXX executable /home/ccc/projects/uav-logistics-comms/external/ns-3.47/build/src/core/examples/ns3.47-command-line-example-default
[225/1968] Linking CXX executable /home/ccc/projects/uav-logistics-comms/external/ns-3.47/build/src/core/examples/ns3.47-sample-random-variable-default
[226/1968] Building CXX object src/core/examples/CMakeFiles/main-callback.dir/main-callback.cc.o
[227/1968] Linking CXX executable /home/ccc/projects/uav-logistics-comms/external/ns-3.47/build/src/core/examples/ns3.47-main-callback-default
[228/1968] Building CXX object src/core/examples/CMakeFiles/sample-log-time-format.dir/sample-log-time-format.cc.o
[229/1968] Linking CXX executable /home/ccc/projects/uav-logistics-comms/external/ns-3.47/build/src/core/examples/ns3.47-sample-log-time-format-default
[230/1968] Building CXX object src/core/examples/CMakeFiles/hash-example.dir/hash-example.cc.o
[231/1968] Linking CXX executable /home/ccc/projects/uav-logistics-comms/external/ns-3.47/build/src/core/examples/ns3.47-hash-example-default
[232/1968] Building CXX object src/core/examples/CMakeFiles/sample-random-variable-stream.dir/sample-random-variable-stream.cc.o
[233/1968] Linking CXX executable /home/ccc/projects/uav-logistics-comms/external/ns-3.47/build/src/core/examples/ns3.47-sample-random-variable-stream-default
[234/1968] Building CXX object src/core/CMakeFiles/core-test.dir/test/val-array-test-suite.cc.o
[235/1968] Building CXX object src/core/examples/CMakeFiles/system-path-examples.dir/system-path-examples.cc.o
[236/1968] Linking CXX executable /home/ccc/projects/uav-logistics-comms/external/ns-3.47/build/src/core/examples/ns3.47-system-path-examples-default
[237/1968] Building CXX object src/core/examples/CMakeFiles/sample-simulator.dir/sample-simulator.cc.o
[238/1968] Linking CXX executable /home/ccc/projects/uav-logistics-comms/external/ns-3.47/build/src/core/examples/ns3.47-sample-simulator-default
[239/1968] Building CXX object src/core/CMakeFiles/core-test.dir/test/callback-test-suite.cc.o
[240/1968] Building CXX object src/core/examples/CMakeFiles/empirical-random-variable-example.dir/empirical-random-variable-example.cc.o
[241/1968] Building CXX object src/core/examples/CMakeFiles/test-string-value-formatting.dir/test-string-value-formatting.cc.o
[242/1968] Linking CXX executable /home/ccc/projects/uav-logistics-comms/external/ns-3.47/build/src/core/examples/ns3.47-test-string-value-formatting-default
[243/1968] Building CXX object src/core/examples/CMakeFiles/main-test-sync.dir/main-test-sync.cc.o
[244/1968] Building CXX object src/csma/CMakeFiles/csma.dir/model/backoff.cc.o
[245/1968] Building CXX object src/core/examples/CMakeFiles/sample-show-progress.dir/sample-show-progress.cc.o
[246/1968] Building CXX object src/core/examples/CMakeFiles/main-random-variable-stream.dir/main-random-variable-stream.cc.o
[247/1968] Linking CXX executable /home/ccc/projects/uav-logistics-comms/external/ns-3.47/build/src/core/examples/ns3.47-sample-show-progress-default
[248/1968] Building CXX object src/csma/CMakeFiles/csma.dir/model/csma-channel.cc.o
[249/1968] Building CXX object src/core/examples/CMakeFiles/log-example.dir/log-example.cc.o
[250/1968] Building CXX object src/csma/CMakeFiles/csma.dir/helper/csma-helper.cc.o
[251/1968] Building CXX object src/csma-layout/CMakeFiles/csma-layout.dir/model/csma-star-helper.cc.o
[252/1968] Building CXX object src/csma/examples/CMakeFiles/csma-one-subnet.dir/csma-one-subnet.cc.o
[253/1968] Building CXX object src/csma/examples/CMakeFiles/csma-packet-socket.dir/csma-packet-socket.cc.o
[254/1968] Building CXX object src/csma/examples/CMakeFiles/csma-broadcast.dir/csma-broadcast.cc.o
[255/1968] Building CXX object src/csma/CMakeFiles/csma.dir/model/csma-net-device.cc.o
[256/1968] Building CXX object src/dsdv/CMakeFiles/dsdv.dir/helper/dsdv-helper.cc.o
[257/1968] Building CXX object src/csma/examples/CMakeFiles/csma-multicast.dir/csma-multicast.cc.o
[258/1968] Building CXX object src/dsdv/CMakeFiles/dsdv.dir/model/dsdv-packet-queue.cc.o
[259/1968] Building CXX object src/dsdv/CMakeFiles/dsdv.dir/model/dsdv-packet.cc.o
[260/1968] Building CXX object src/core/CMakeFiles/core-test.dir/test/matrix-array-test-suite.cc.o
[261/1968] Building CXX object src/csma/examples/CMakeFiles/csma-raw-ip-socket.dir/csma-raw-ip-socket.cc.o
[262/1968] Linking CXX shared library /home/ccc/projects/uav-logistics-comms/external/ns-3.47/build/lib/libns3.47-core-test-default.so
[263/1968] Building CXX object src/csma/examples/CMakeFiles/csma-ping.dir/csma-ping.cc.o
[264/1968] Building CXX object src/dsdv/CMakeFiles/dsdv.dir/model/dsdv-rtable.cc.o
[265/1968] Building CXX object src/dsdv/CMakeFiles/dsdv-test.dir/test/dsdv-testcase.cc.o
[266/1968] Building CXX object src/csma-layout/examples/CMakeFiles/csma-star.dir/csma-star.cc.o
[267/1968] Building CXX object src/dsr/CMakeFiles/dsr.dir/model/dsr-fs-header.cc.o
[268/1968] Building CXX object src/dsr/CMakeFiles/dsr.dir/model/dsr-errorbuff.cc.o
[269/1968] Building CXX object src/dsr/CMakeFiles/dsr.dir/model/dsr-gratuitous-reply-table.cc.o
[270/1968] Building CXX object src/dsr/CMakeFiles/dsr.dir/helper/dsr-main-helper.cc.o
[271/1968] Building CXX object src/dsr/CMakeFiles/dsr.dir/model/dsr-maintain-buff.cc.o
[272/1968] Building CXX object src/dsr/CMakeFiles/dsr.dir/model/dsr-network-queue.cc.o
[273/1968] Building CXX object src/dsr/CMakeFiles/dsr.dir/helper/dsr-helper.cc.o
[274/1968] Building CXX object src/dsr/CMakeFiles/dsr.dir/model/dsr-passive-buff.cc.o
[275/1968] Building CXX object src/dsr/CMakeFiles/dsr.dir/model/dsr-option-header.cc.o
[276/1968] Building CXX object src/dsr/CMakeFiles/dsr.dir/model/dsr-rsendbuff.cc.o
[277/1968] Building CXX object src/dsr/CMakeFiles/dsr.dir/model/dsr-rreq-table.cc.o
[278/1968] Building CXX object src/dsdv/CMakeFiles/dsdv.dir/model/dsdv-routing-protocol.cc.o
[279/1968] Building CXX object src/energy/CMakeFiles/energy.dir/helper/basic-energy-harvester-helper.cc.o
[280/1968] Building CXX object src/energy/CMakeFiles/energy.dir/helper/basic-energy-source-helper.cc.o
[281/1968] Building CXX object src/dsdv/examples/CMakeFiles/dsdv-manet.dir/dsdv-manet.cc.o
[282/1968] Building CXX object src/energy/CMakeFiles/energy.dir/helper/energy-harvester-container.cc.o
[283/1968] Building CXX object src/energy/CMakeFiles/energy.dir/helper/energy-harvester-helper.cc.o
[284/1968] Building CXX object src/energy/CMakeFiles/energy.dir/helper/energy-model-helper.cc.o
[285/1968] Building CXX object src/energy/CMakeFiles/energy.dir/helper/energy-source-container.cc.o
[286/1968] Building CXX object src/energy/CMakeFiles/energy.dir/helper/generic-battery-model-helper.cc.o
[287/1968] Building CXX object src/dsr/CMakeFiles/dsr.dir/model/dsr-rcache.cc.o
[288/1968] Building CXX object src/energy/CMakeFiles/energy.dir/helper/li-ion-energy-source-helper.cc.o
[289/1968] Building CXX object src/dsr/CMakeFiles/dsr-test.dir/test/dsr-test-suite.cc.o
[290/1968] Building CXX object src/energy/CMakeFiles/energy.dir/helper/rv-battery-model-helper.cc.o
[291/1968] Building CXX object src/energy/CMakeFiles/energy.dir/model/device-energy-model-container.cc.o
[292/1968] Building CXX object src/energy/CMakeFiles/energy.dir/model/device-energy-model.cc.o
[293/1968] Building CXX object src/energy/CMakeFiles/energy.dir/model/energy-harvester.cc.o
[294/1968] Building CXX object src/energy/CMakeFiles/energy.dir/model/basic-energy-harvester.cc.o
[295/1968] Building CXX object src/energy/CMakeFiles/energy.dir/model/energy-source.cc.o
[296/1968] Building CXX object src/energy/CMakeFiles/energy.dir/model/basic-energy-source.cc.o
[297/1968] Building CXX object src/dsr/CMakeFiles/dsr.dir/model/dsr-options.cc.o
[298/1968] Building CXX object src/energy/CMakeFiles/energy-test.dir/test/basic-energy-harvester-test.cc.o
[299/1968] Building CXX object src/dsr/examples/CMakeFiles/dsr-example.dir/dsr-example.cc.o
[300/1968] Building CXX object src/energy/CMakeFiles/energy.dir/model/simple-device-energy-model.cc.o
[301/1968] Building CXX object src/energy/CMakeFiles/energy.dir/model/generic-battery-model.cc.o
[302/1968] Building CXX object src/fd-net-device/CMakeFiles/raw-sock-creator.dir/helper/creator-utils.cc.o
[303/1968] Building CXX object src/energy/CMakeFiles/energy.dir/model/rv-battery-model.cc.o
[304/1968] Building CXX object src/energy/CMakeFiles/energy-test.dir/test/generic-battery-test.cc.o
[305/1968] Building CXX object src/fd-net-device/CMakeFiles/raw-sock-creator.dir/helper/encode-decode.cc.o
[306/1968] Building CXX object src/fd-net-device/CMakeFiles/raw-sock-creator.dir/helper/raw-sock-creator.cc.o
[307/1968] Linking CXX executable /home/ccc/projects/uav-logistics-comms/external/ns-3.47/build/src/fd-net-device/ns3.47-raw-sock-creator-default
[308/1968] Building CXX object src/fd-net-device/CMakeFiles/tap-device-creator.dir/helper/creator-utils.cc.o
[309/1968] Building CXX object src/fd-net-device/CMakeFiles/tap-device-creator.dir/helper/encode-decode.cc.o
[310/1968] Building CXX object src/flow-monitor/CMakeFiles/flow-monitor.dir/model/flow-classifier.cc.o
[311/1968] Building CXX object src/fd-net-device/CMakeFiles/tap-device-creator.dir/helper/tap-device-creator.cc.o
[312/1968] Building CXX object src/energy/examples/CMakeFiles/generic-battery-discharge-example.dir/generic-battery-discharge-example.cc.o
[313/1968] Building CXX object src/flow-monitor/CMakeFiles/flow-monitor.dir/helper/flow-monitor-helper.cc.o
[314/1968] Building CXX object src/flow-monitor/CMakeFiles/flow-monitor.dir/model/flow-probe.cc.o
[315/1968] Building CXX object src/flow-monitor/CMakeFiles/flow-monitor.dir/model/ipv4-flow-classifier.cc.o
[316/1968] Building CXX object src/energy/examples/CMakeFiles/basic-energy-model-test.dir/basic-energy-model-test.cc.o
[317/1968] Building CXX object src/energy/examples/CMakeFiles/rv-battery-model-test.dir/rv-battery-model-test.cc.o
[318/1968] Building CXX object src/flow-monitor/CMakeFiles/flow-monitor.dir/model/ipv6-flow-classifier.cc.o
[319/1968] Building CXX object src/flow-monitor/CMakeFiles/flow-monitor.dir/model/flow-monitor.cc.o
[320/1968] Building CXX object src/flow-monitor/CMakeFiles/flow-monitor.dir/model/ipv4-flow-probe.cc.o
[321/1968] Building CXX object src/internet/CMakeFiles/internet.dir/helper/ipv6-global-routing-helper.cc.o
[322/1968] Building CXX object src/internet/CMakeFiles/internet.dir/helper/internet-trace-helper.cc.o
[323/1968] Building CXX object src/internet/CMakeFiles/internet.dir/helper/ipv4-global-routing-helper.cc.o
[324/1968] Building CXX object src/internet/CMakeFiles/internet.dir/helper/ipv4-interface-container.cc.o
[325/1968] Building CXX object src/internet/CMakeFiles/internet.dir/helper/ipv4-address-helper.cc.o
[326/1968] Building CXX object src/flow-monitor/CMakeFiles/flow-monitor.dir/model/ipv6-flow-probe.cc.o
[327/1968] Building CXX object src/internet/CMakeFiles/internet.dir/helper/ipv4-list-routing-helper.cc.o
[328/1968] Building CXX object src/internet/CMakeFiles/internet.dir/helper/ipv6-list-routing-helper.cc.o
[329/1968] Building CXX object src/internet/CMakeFiles/internet.dir/helper/ipv4-routing-helper.cc.o
[330/1968] Building CXX object src/dsr/CMakeFiles/dsr.dir/model/dsr-routing.cc.o
[331/1968] Building CXX object src/internet/CMakeFiles/internet.dir/helper/ipv4-static-routing-helper.cc.o
[332/1968] Building CXX object src/internet/CMakeFiles/internet.dir/helper/ipv6-interface-container.cc.o
[333/1968] Building CXX object src/internet/CMakeFiles/internet.dir/helper/ipv6-routing-helper.cc.o
[334/1968] Building CXX object src/internet/CMakeFiles/internet.dir/helper/ipv6-static-routing-helper.cc.o
[335/1968] Building CXX object src/internet/CMakeFiles/internet.dir/helper/ipv6-address-helper.cc.o
[336/1968] Building CXX object src/internet/CMakeFiles/internet.dir/model/arp-header.cc.o
[337/1968] Building CXX object src/internet/CMakeFiles/internet.dir/model/arp-queue-disc-item.cc.o
[338/1968] Building CXX object src/internet/CMakeFiles/internet.dir/helper/neighbor-cache-helper.cc.o
[339/1968] Building CXX object src/energy/examples/CMakeFiles/generic-battery-wifiradio-example.dir/generic-battery-wifiradio-example.cc.o
[340/1968] Building CXX object src/internet/CMakeFiles/internet.dir/helper/rip-helper.cc.o
[341/1968] Building CXX object src/internet/CMakeFiles/internet.dir/helper/ripng-helper.cc.o
[342/1968] Building CXX object src/internet/CMakeFiles/internet.dir/model/candidate-queue.cc.o
[343/1968] Building CXX object src/internet/CMakeFiles/internet.dir/model/arp-cache.cc.o
[344/1968] Building CXX object src/internet/CMakeFiles/internet.dir/model/global-route-manager.cc.o
[345/1968] Building CXX object src/internet/CMakeFiles/internet.dir/model/ip-l4-protocol.cc.o
[346/1968] Building CXX object src/internet/CMakeFiles/internet.dir/helper/internet-stack-helper.cc.o
[347/1968] Building CXX object src/internet/CMakeFiles/internet.dir/model/icmpv4.cc.o
[348/1968] Building CXX object src/internet/CMakeFiles/internet.dir/model/arp-l3-protocol.cc.o
[349/1968] Building CXX object src/internet/CMakeFiles/internet.dir/model/icmpv4-l4-protocol.cc.o
[350/1968] Building CXX object src/internet/CMakeFiles/internet.dir/model/ipv4-interface-address.cc.o
[351/1968] Building CXX object src/internet/CMakeFiles/internet.dir/model/ipv4-address-generator.cc.o
[352/1968] Building CXX object src/internet/CMakeFiles/internet.dir/model/ipv4-end-point.cc.o
[353/1968] Building CXX object src/internet/CMakeFiles/internet.dir/model/ipv4-end-point-demux.cc.o
[354/1968] Building CXX object src/internet/CMakeFiles/internet.dir/model/ipv4-header.cc.o
[355/1968] Building CXX object src/internet/CMakeFiles/internet.dir/model/ipv4-packet-filter.cc.o
[356/1968] Building CXX object src/internet/CMakeFiles/internet.dir/model/icmpv6-header.cc.o
[357/1968] Building CXX object src/internet/CMakeFiles/internet.dir/model/ipv4-packet-info-tag.cc.o
[358/1968] Building CXX object src/internet/CMakeFiles/internet.dir/model/ipv4-list-routing.cc.o
[359/1968] Building CXX object src/internet/CMakeFiles/internet.dir/model/ipv4-interface.cc.o
[360/1968] Building CXX object src/internet/CMakeFiles/internet.dir/model/ipv4-raw-socket-factory.cc.o
[361/1968] Building CXX object src/internet/CMakeFiles/internet.dir/model/global-routing.cc.o
[362/1968] Building CXX object src/internet/CMakeFiles/internet.dir/model/icmpv6-l4-protocol.cc.o
[363/1968] Building CXX object src/internet/CMakeFiles/internet.dir/model/ipv4-queue-disc-item.cc.o
[364/1968] Building CXX object src/internet/CMakeFiles/internet.dir/model/ipv4-raw-socket-factory-impl.cc.o
[365/1968] Building CXX object src/internet/CMakeFiles/internet.dir/model/ipv4-packet-probe.cc.o
[366/1968] Building CXX object src/internet/CMakeFiles/internet.dir/model/ipv4-routing-protocol.cc.o
[367/1968] Building CXX object src/internet/CMakeFiles/internet.dir/model/ipv4-routing-table-entry.cc.o
[368/1968] Building CXX object src/internet/CMakeFiles/internet.dir/model/ipv4.cc.o
[369/1968] Building CXX object src/internet/CMakeFiles/internet.dir/model/ipv4-route.cc.o
[370/1968] Building CXX object src/internet/CMakeFiles/internet.dir/model/ipv4-raw-socket-impl.cc.o
[371/1968] Building CXX object src/internet/CMakeFiles/internet.dir/model/global-route-manager-impl.cc.o
[372/1968] Building CXX object src/internet/CMakeFiles/internet.dir/model/ipv6-address-generator.cc.o
[373/1968] Building CXX object src/internet/CMakeFiles/internet.dir/model/global-router-interface.cc.o
[374/1968] Building CXX object src/internet/CMakeFiles/internet.dir/model/ipv6-autoconfigured-prefix.cc.o
[375/1968] Building CXX object src/internet/CMakeFiles/internet.dir/model/ipv6-end-point.cc.o
[376/1968] Building CXX object src/internet/CMakeFiles/internet.dir/model/ipv6-end-point-demux.cc.o
[377/1968] Building CXX object src/internet/CMakeFiles/internet.dir/model/ipv6-interface-address.cc.o
[378/1968] Building CXX object src/internet/CMakeFiles/internet.dir/model/ipv6-extension-demux.cc.o
[379/1968] Building CXX object src/internet/CMakeFiles/internet.dir/model/ipv6-header.cc.o
[380/1968] Building CXX object src/internet/CMakeFiles/internet.dir/model/ipv6-extension-header.cc.o
[381/1968] Building CXX object src/internet/CMakeFiles/internet.dir/model/ipv4-static-routing.cc.o
[382/1968] Building CXX object src/internet/CMakeFiles/internet.dir/model/ipv6-option-demux.cc.o
[383/1968] Building CXX object src/internet/CMakeFiles/internet.dir/model/ipv6-packet-info-tag.cc.o
[384/1968] Building CXX object src/internet/CMakeFiles/internet.dir/model/ipv6-option-header.cc.o
[385/1968] Building CXX object src/internet/CMakeFiles/internet.dir/model/ipv6-packet-filter.cc.o
[386/1968] Building CXX object src/internet/CMakeFiles/internet.dir/model/ipv6-list-routing.cc.o
[387/1968] Building CXX object src/internet/CMakeFiles/internet.dir/model/ipv6-option.cc.o
[388/1968] Building CXX object src/internet/CMakeFiles/internet.dir/model/ipv6-raw-socket-factory.cc.o
[389/1968] Building CXX object src/internet/CMakeFiles/internet.dir/model/ipv6-extension.cc.o
[390/1968] Building CXX object src/internet/CMakeFiles/internet.dir/model/ipv6-interface.cc.o
[391/1968] Building CXX object src/internet/CMakeFiles/internet.dir/model/ipv6-raw-socket-factory-impl.cc.o
[392/1968] Building CXX object src/internet/CMakeFiles/internet.dir/model/ipv6-queue-disc-item.cc.o
[393/1968] Building CXX object src/internet/CMakeFiles/internet.dir/model/ipv4-l3-protocol.cc.o
[394/1968] Building CXX object src/internet/CMakeFiles/internet.dir/model/ipv6-pmtu-cache.cc.o
[395/1968] Building CXX object src/internet/CMakeFiles/internet.dir/model/ipv6-packet-probe.cc.o
[396/1968] Building CXX object src/internet/CMakeFiles/internet.dir/model/ipv6-route.cc.o
[397/1968] Building CXX object src/internet/CMakeFiles/internet.dir/model/ipv6-routing-table-entry.cc.o
[398/1968] Building CXX object src/internet/CMakeFiles/internet.dir/model/ipv6-routing-protocol.cc.o
[399/1968] Building CXX object src/internet/CMakeFiles/internet.dir/model/ipv6-raw-socket-impl.cc.o
[400/1968] Building CXX object src/internet/CMakeFiles/internet.dir/model/ipv6.cc.o
[401/1968] Building CXX object src/internet/CMakeFiles/internet.dir/model/loopback-net-device.cc.o
[402/1968] Building CXX object src/internet/CMakeFiles/internet.dir/model/rip-header.cc.o
[403/1968] Building CXX object src/internet/CMakeFiles/internet.dir/model/ripng-header.cc.o
[404/1968] Building CXX object src/internet/CMakeFiles/internet.dir/model/rtt-estimator.cc.o
[405/1968] Building CXX object src/internet/CMakeFiles/internet.dir/model/ipv6-static-routing.cc.o
[406/1968] Building CXX object src/internet/CMakeFiles/internet.dir/model/ndisc-cache.cc.o
[407/1968] Building CXX object src/internet/CMakeFiles/internet.dir/model/tcp-bic.cc.o
[408/1968] Building CXX object src/internet/CMakeFiles/internet.dir/model/tcp-congestion-ops.cc.o
[409/1968] Building CXX object src/internet/CMakeFiles/internet.dir/model/tcp-header.cc.o
[410/1968] Building CXX object src/internet/CMakeFiles/internet.dir/model/tcp-highspeed.cc.o
[411/1968] Building CXX object src/internet/CMakeFiles/internet.dir/model/tcp-dctcp.cc.o
[412/1968] Building CXX object src/internet/CMakeFiles/internet.dir/model/tcp-cubic.cc.o
[413/1968] Building CXX object src/internet/CMakeFiles/internet.dir/model/ipv6-l3-protocol.cc.o
[414/1968] Building CXX object src/internet/CMakeFiles/internet.dir/model/tcp-htcp.cc.o
[415/1968] Building CXX object src/internet/CMakeFiles/internet.dir/model/tcp-bbr.cc.o
[416/1968] Building CXX object src/internet/CMakeFiles/internet.dir/model/rip.cc.o
[417/1968] Building CXX object src/internet/CMakeFiles/internet.dir/model/tcp-hybla.cc.o
[418/1968] Building CXX object src/internet/CMakeFiles/internet.dir/model/tcp-illinois.cc.o
[419/1968] Building CXX object src/internet/CMakeFiles/internet.dir/model/tcp-option-rfc793.cc.o
[420/1968] Building CXX object src/internet/CMakeFiles/internet.dir/model/ripng.cc.o
[421/1968] Building CXX object src/internet/CMakeFiles/internet.dir/model/tcp-option-sack-permitted.cc.o
[422/1968] Building CXX object src/internet/CMakeFiles/internet.dir/model/tcp-linux-reno.cc.o
[423/1968] Building CXX object src/internet/CMakeFiles/internet.dir/model/tcp-lp.cc.o
[424/1968] Building CXX object src/internet/CMakeFiles/internet.dir/model/tcp-option-sack.cc.o
[425/1968] Building CXX object src/internet/CMakeFiles/internet.dir/model/tcp-ledbat.cc.o
[426/1968] Building CXX object src/internet/CMakeFiles/internet.dir/model/tcp-option-winscale.cc.o
[427/1968] Building CXX object src/internet/CMakeFiles/internet.dir/model/tcp-option-ts.cc.o
[428/1968] Building CXX object src/internet/CMakeFiles/internet.dir/model/tcp-option.cc.o
[429/1968] Building CXX object src/internet/CMakeFiles/internet.dir/model/tcp-prr-recovery.cc.o
[430/1968] Building CXX object src/internet/CMakeFiles/internet.dir/model/tcp-recovery-ops.cc.o
[431/1968] Building CXX object src/internet/CMakeFiles/internet.dir/model/tcp-socket-factory.cc.o
[432/1968] Building CXX object src/internet/CMakeFiles/internet.dir/model/tcp-scalable.cc.o
[433/1968] Building CXX object src/internet/CMakeFiles/internet.dir/model/tcp-socket-factory-impl.cc.o
[434/1968] Building CXX object src/internet/CMakeFiles/internet.dir/model/tcp-socket.cc.o
[435/1968] Building CXX object src/internet/CMakeFiles/internet.dir/model/tcp-l4-protocol.cc.o
[436/1968] Building CXX object src/internet/CMakeFiles/internet.dir/model/tcp-rate-ops.cc.o
[437/1968] Building CXX object src/internet/CMakeFiles/internet.dir/model/tcp-rx-buffer.cc.o
[438/1968] Building CXX object src/internet/CMakeFiles/internet.dir/model/tcp-tx-item.cc.o
[439/1968] Building CXX object src/internet/CMakeFiles/internet.dir/model/udp-header.cc.o
[440/1968] Building CXX object src/internet/CMakeFiles/internet.dir/model/tcp-veno.cc.o
[441/1968] Building CXX object src/internet/CMakeFiles/internet.dir/model/udp-socket-factory.cc.o
[442/1968] Building CXX object src/internet/CMakeFiles/internet.dir/model/tcp-vegas.cc.o
[443/1968] Building CXX object src/internet/CMakeFiles/internet.dir/model/udp-socket-factory-impl.cc.o
[444/1968] Building CXX object src/internet/CMakeFiles/internet.dir/model/tcp-socket-state.cc.o
[445/1968] Building CXX object src/internet/CMakeFiles/internet.dir/model/tcp-yeah.cc.o
[446/1968] Building CXX object src/internet/CMakeFiles/internet.dir/model/tcp-westwood-plus.cc.o
[447/1968] Building CXX object src/internet/CMakeFiles/internet.dir/model/udp-socket.cc.o
[448/1968] Building CXX object src/internet/CMakeFiles/internet.dir/model/tcp-tx-buffer.cc.o
[449/1968] Building CXX object src/internet/CMakeFiles/internet.dir/model/udp-l4-protocol.cc.o
[450/1968] Building CXX object src/internet/CMakeFiles/internet-test.dir/test/internet-stack-helper-test-suite.cc.o
[451/1968] Building CXX object src/internet/CMakeFiles/internet-test.dir/test/ipv4-address-generator-test-suite.cc.o
[452/1968] Building CXX object src/internet/CMakeFiles/internet-test.dir/test/ipv4-address-helper-test-suite.cc.o
[453/1968] Building CXX object src/internet/CMakeFiles/internet-test.dir/test/ipv4-forwarding-test.cc.o
[454/1968] Building CXX object src/internet/CMakeFiles/internet-test.dir/test/ipv4-list-routing-test-suite.cc.o
[455/1968] Building CXX object src/internet/CMakeFiles/internet-test.dir/test/icmp-test.cc.o
[456/1968] Building CXX object src/internet/CMakeFiles/internet.dir/model/udp-socket-impl.cc.o
[457/1968] Building CXX object src/internet/CMakeFiles/internet-test.dir/test/ipv4-fragmentation-test.cc.o
[458/1968] Building CXX object src/internet/CMakeFiles/internet-test.dir/test/ipv4-header-test.cc.o
[459/1968] Building CXX object src/internet/CMakeFiles/internet-test.dir/test/ipv4-packet-info-tag-test-suite.cc.o
[460/1968] Building CXX object src/internet/CMakeFiles/internet-test.dir/test/ipv4-deduplication-test.cc.o
[461/1968] Building CXX object src/internet/CMakeFiles/internet-test.dir/test/global-route-manager-impl-test-suite.cc.o
[462/1968] Building CXX object src/internet/CMakeFiles/internet-test.dir/test/ipv4-test.cc.o
[463/1968] Building CXX object src/internet/CMakeFiles/internet-test.dir/test/ipv6-address-generator-test-suite.cc.o
[464/1968] Building CXX object src/internet/CMakeFiles/internet-test.dir/test/ipv6-extension-header-test-suite.cc.o
[465/1968] Building CXX object src/internet/CMakeFiles/internet-test.dir/test/ipv4-static-routing-test-suite.cc.o
[466/1968] Building CXX object src/internet/CMakeFiles/internet-test.dir/test/ipv6-address-duplication-test.cc.o
[467/1968] Building CXX object src/internet/CMakeFiles/internet-test.dir/test/ipv6-address-helper-test-suite.cc.o
[468/1968] Building CXX object src/internet/CMakeFiles/internet-test.dir/test/ipv6-dual-stack-test-suite.cc.o
[469/1968] Building CXX object src/internet/CMakeFiles/internet-test.dir/test/ipv4-rip-test.cc.o
[470/1968] Building CXX object src/internet/CMakeFiles/internet-test.dir/test/ipv6-list-routing-test-suite.cc.o
[471/1968] Building CXX object src/internet/CMakeFiles/internet-test.dir/test/ipv4-raw-test.cc.o
[472/1968] Building CXX object src/internet/CMakeFiles/internet-test.dir/test/ipv6-test.cc.o
[473/1968] Building CXX object src/internet/CMakeFiles/internet-test.dir/test/ipv6-packet-info-tag-test-suite.cc.o
[474/1968] Building CXX object src/internet/CMakeFiles/internet-test.dir/test/ipv6-forwarding-test.cc.o
[475/1968] Building CXX object src/internet/CMakeFiles/internet-test.dir/test/rtt-test.cc.o
[476/1968] Building CXX object src/internet/CMakeFiles/internet-test.dir/test/ipv6-fragmentation-test.cc.o
[477/1968] Building CXX object src/internet/CMakeFiles/internet-test.dir/test/tcp-abe-test.cc.o
[478/1968] Building CXX object src/internet/CMakeFiles/internet-test.dir/test/ipv6-raw-test.cc.o
[479/1968] Building CXX object src/internet/CMakeFiles/internet-test.dir/test/ipv6-ripng-test.cc.o
[480/1968] Building CXX object src/internet/CMakeFiles/internet-test.dir/test/tcp-bbr-test.cc.o
[481/1968] Building CXX object src/internet/CMakeFiles/internet-test.dir/test/tcp-bic-test.cc.o
[482/1968] Building CXX object src/internet/CMakeFiles/internet-test.dir/test/tcp-advertised-window-test.cc.o
[483/1968] Building CXX object src/internet/CMakeFiles/internet-test.dir/test/tcp-classic-recovery-test.cc.o
[484/1968] Building CXX object src/internet/CMakeFiles/internet-test.dir/test/tcp-bytes-in-flight-test.cc.o
[485/1968] Building CXX object src/internet/CMakeFiles/internet-test.dir/test/neighbor-cache-test.cc.o
[486/1968] Building CXX object src/internet/CMakeFiles/internet-test.dir/test/tcp-cong-avoid-test.cc.o
[487/1968] Building CXX object src/internet/CMakeFiles/internet-test.dir/test/tcp-datasentcb-test.cc.o
[488/1968] Building CXX object src/internet/CMakeFiles/internet-test.dir/test/tcp-close-test.cc.o
[489/1968] Building CXX object src/internet/CMakeFiles/internet-test.dir/test/tcp-error-model.cc.o
[490/1968] Building CXX object src/internet/CMakeFiles/internet.dir/model/tcp-socket-base.cc.o
[491/1968] Building CXX object src/internet/CMakeFiles/internet-test.dir/test/tcp-ecn-test.cc.o
[492/1968] Building CXX object src/internet/CMakeFiles/internet-test.dir/test/tcp-dctcp-test.cc.o
[493/1968] Building CXX object src/internet/CMakeFiles/internet-test.dir/test/tcp-highspeed-test.cc.o
[494/1968] Building CXX object src/internet/CMakeFiles/internet-test.dir/test/tcp-fack-test.cc.o
[495/1968] Building CXX object src/internet/CMakeFiles/internet-test.dir/test/tcp-fast-retr-test.cc.o
[496/1968] Building CXX object src/internet/CMakeFiles/internet-test.dir/test/tcp-htcp-test.cc.o
[497/1968] Building CXX object src/internet/CMakeFiles/internet-test.dir/test/tcp-endpoint-bug2211.cc.o
[498/1968] Building CXX object src/internet/CMakeFiles/internet-test.dir/test/tcp-hybla-test.cc.o
[499/1968] Building CXX object src/internet/CMakeFiles/internet-test.dir/test/tcp-illinois-test.cc.o
[500/1968] Building CXX object src/internet/CMakeFiles/internet-test.dir/test/tcp-header-test.cc.o
[501/1968] Building CXX object src/internet/CMakeFiles/internet-test.dir/test/tcp-ledbat-test.cc.o
[502/1968] Building CXX object src/internet/CMakeFiles/internet-test.dir/test/global-routing-test-suite.cc.o
[503/1968] Building CXX object src/internet/CMakeFiles/internet-test.dir/test/tcp-linux-reno-test.cc.o
[504/1968] Building CXX object src/internet/CMakeFiles/internet-test.dir/test/tcp-loss-test.cc.o
[505/1968] Building CXX object src/internet/CMakeFiles/internet-test.dir/test/tcp-lp-test.cc.o
[506/1968] Building CXX object src/internet/CMakeFiles/internet-test.dir/test/tcp-pacing-test.cc.o
[507/1968] Building CXX object src/internet/CMakeFiles/internet-test.dir/test/tcp-option-test.cc.o
[508/1968] Building CXX object src/internet/CMakeFiles/internet-test.dir/test/tcp-prr-recovery-test.cc.o
[509/1968] Building CXX object src/internet/CMakeFiles/internet-test.dir/test/tcp-pkts-acked-test.cc.o
[510/1968] Building CXX object src/internet/CMakeFiles/internet-test.dir/test/tcp-rtt-estimation.cc.o
[511/1968] Building CXX object src/internet/CMakeFiles/internet-test.dir/test/tcp-sack-permitted-test.cc.o
[512/1968] Building CXX object src/internet/CMakeFiles/internet-test.dir/test/tcp-scalable-test.cc.o
[513/1968] Building CXX object src/internet/CMakeFiles/internet-test.dir/test/tcp-rto-test.cc.o
[514/1968] Building CXX object src/internet/CMakeFiles/internet-test.dir/test/tcp-slow-start-test.cc.o
[515/1968] Building CXX object src/internet/CMakeFiles/internet-test.dir/test/tcp-rate-ops-test.cc.o
[516/1968] Building CXX object src/internet/CMakeFiles/internet-test.dir/test/tcp-general-test.cc.o
[517/1968] Building CXX object src/internet/CMakeFiles/internet-test.dir/test/tcp-timestamp-test.cc.o
[518/1968] Building CXX object src/internet/CMakeFiles/internet-test.dir/test/tcp-rx-buffer-test.cc.o
[519/1968] Building CXX object src/internet/CMakeFiles/internet-test.dir/test/tcp-vegas-test.cc.o
[520/1968] Building CXX object src/internet/CMakeFiles/internet-test.dir/test/tcp-veno-test.cc.o
[521/1968] Building CXX object src/internet/CMakeFiles/internet-test.dir/test/tcp-test.cc.o
[522/1968] Building CXX object src/internet/CMakeFiles/internet-test.dir/test/tcp-wscaling-test.cc.o
[523/1968] Building CXX object src/internet/CMakeFiles/internet-test.dir/test/tcp-tx-buffer-test.cc.o
[524/1968] Building CXX object src/internet/CMakeFiles/internet-test.dir/test/tcp-syn-connection-failed-test.cc.o
[525/1968] Building CXX object src/internet/CMakeFiles/internet-test.dir/test/tcp-yeah-test.cc.o
[526/1968] Building CXX object src/internet/CMakeFiles/internet-test.dir/test/tcp-zero-window-test.cc.o
[527/1968] Building CXX object src/internet-apps/CMakeFiles/internet-apps.dir/helper/ping-helper.cc.o
[528/1968] Building CXX object src/internet-apps/CMakeFiles/internet-apps.dir/helper/v4traceroute-helper.cc.o
[529/1968] Building CXX object src/internet-apps/CMakeFiles/internet-apps.dir/helper/dhcp6-helper.cc.o
[530/1968] Building CXX object src/internet-apps/CMakeFiles/internet-apps.dir/helper/radvd-helper.cc.o
[531/1968] Building CXX object src/internet-apps/CMakeFiles/internet-apps.dir/helper/dhcp-helper.cc.o
[532/1968] Building CXX object src/internet/examples/CMakeFiles/main-simple.dir/main-simple.cc.o
[533/1968] Building CXX object src/internet-apps/CMakeFiles/internet-apps.dir/model/dhcp-header.cc.o
[534/1968] Building CXX object src/internet/examples/CMakeFiles/neighbor-cache-dynamic.dir/neighbor-cache-dynamic.cc.o
[535/1968] Building CXX object src/internet/examples/CMakeFiles/ipv4-global-routing-print-route.dir/ipv4-global-routing-print-route.cc.o
[536/1968] Building CXX object src/internet/examples/CMakeFiles/neighbor-cache-example.dir/neighbor-cache-example.cc.o
[537/1968] Building CXX object src/internet-apps/CMakeFiles/internet-apps.dir/model/dhcp6-duid.cc.o
[538/1968] Building CXX object src/internet-apps/CMakeFiles/internet-apps.dir/model/dhcp6-header.cc.o
[539/1968] Building CXX object src/internet-apps/CMakeFiles/internet-apps.dir/model/dhcp-client.cc.o
[540/1968] Building CXX object src/internet/CMakeFiles/internet-test.dir/test/udp-test.cc.o
[541/1968] Building CXX object src/internet-apps/CMakeFiles/internet-apps.dir/model/radvd-prefix.cc.o
[542/1968] Building CXX object src/internet-apps/CMakeFiles/internet-apps.dir/model/dhcp-server.cc.o
[543/1968] Building CXX object src/internet-apps/CMakeFiles/internet-apps.dir/model/dhcp6-options.cc.o
[544/1968] Building CXX object src/internet-apps/CMakeFiles/internet-apps.dir/model/radvd-interface.cc.o
[545/1968] Building CXX object src/internet-apps/CMakeFiles/internet-apps.dir/model/v4traceroute.cc.o
[546/1968] Building CXX object src/internet-apps/CMakeFiles/internet-apps.dir/model/radvd.cc.o
[547/1968] Building CXX object src/internet-apps/CMakeFiles/internet-apps-test.dir/test/dhcp-test.cc.o
[548/1968] Building CXX object src/internet-apps/CMakeFiles/internet-apps-test.dir/test/ipv6-radvd-test.cc.o
[549/1968] Building CXX object src/internet-apps/CMakeFiles/internet-apps.dir/model/dhcp6-client.cc.o
[550/1968] Building CXX object src/internet-apps/CMakeFiles/internet-apps.dir/model/ping.cc.o
[551/1968] Building CXX object src/internet-apps/CMakeFiles/internet-apps.dir/model/dhcp6-server.cc.o
[552/1968] Building CXX object src/internet-apps/CMakeFiles/internet-apps-test.dir/test/ping-test.cc.o
[553/1968] Building CXX object src/lr-wpan/CMakeFiles/lr-wpan.dir/model/lr-wpan-fields.cc.o
[554/1968] Building CXX object src/lr-wpan/CMakeFiles/lr-wpan.dir/model/lr-wpan-interference-helper.cc.o
[555/1968] Building CXX object src/lr-wpan/CMakeFiles/lr-wpan.dir/model/lr-wpan-error-model.cc.o
[556/1968] Building CXX object src/internet-apps/examples/CMakeFiles/dhcp-example.dir/dhcp-example.cc.o
[557/1968] Building CXX object src/internet-apps/CMakeFiles/internet-apps-test.dir/test/dhcp6-test.cc.o
[558/1968] Building CXX object src/lr-wpan/CMakeFiles/lr-wpan.dir/model/lr-wpan-csmaca.cc.o
[559/1968] Building CXX object src/lr-wpan/CMakeFiles/lr-wpan.dir/model/lr-wpan-lqi-tag.cc.o
[560/1968] Building CXX object src/lr-wpan/CMakeFiles/lr-wpan.dir/model/lr-wpan-mac-header.cc.o
[561/1968] Building CXX object src/lr-wpan/CMakeFiles/lr-wpan.dir/model/lr-wpan-mac-trailer.cc.o
[562/1968] Building CXX object src/lr-wpan/CMakeFiles/lr-wpan.dir/model/lr-wpan-mac-base.cc.o
[563/1968] Building CXX object src/lr-wpan/CMakeFiles/lr-wpan.dir/model/lr-wpan-mac-pl-headers.cc.o
[564/1968] Building CXX object src/lr-wpan/CMakeFiles/lr-wpan.dir/helper/lr-wpan-helper.cc.o
[565/1968] Building CXX object src/internet-apps/examples/CMakeFiles/dhcp6-example.dir/dhcp6-example.cc.o
[566/1968] Building CXX object src/lr-wpan/CMakeFiles/lr-wpan.dir/model/lr-wpan-spectrum-value-helper.cc.o
[567/1968] Building CXX object src/internet-apps/examples/CMakeFiles/ping-example.dir/ping-example.cc.o
[568/1968] Building CXX object src/lr-wpan/CMakeFiles/lr-wpan.dir/model/lr-wpan-spectrum-signal-parameters.cc.o
[569/1968] Building CXX object src/lr-wpan/CMakeFiles/lr-wpan-test.dir/test/lr-wpan-packet-test.cc.o
[570/1968] Building CXX object src/lr-wpan/CMakeFiles/lr-wpan-test.dir/test/lr-wpan-spectrum-value-helper-test.cc.o
[571/1968] Building CXX object src/lr-wpan/CMakeFiles/lr-wpan-test.dir/test/lr-wpan-error-model-test.cc.o
[572/1968] Building CXX object src/lr-wpan/CMakeFiles/lr-wpan-test.dir/test/lr-wpan-collision-test.cc.o
[573/1968] Building CXX object src/lr-wpan/CMakeFiles/lr-wpan-test.dir/test/lr-wpan-ack-test.cc.o
[574/1968] Building CXX object src/lr-wpan/CMakeFiles/lr-wpan-test.dir/test/lr-wpan-phy-test.cc.o
[575/1968] Building CXX object src/lr-wpan/CMakeFiles/lr-wpan-test.dir/test/lr-wpan-ed-test.cc.o
[576/1968] Building CXX object src/lr-wpan/CMakeFiles/lr-wpan.dir/model/lr-wpan-net-device.cc.o
[577/1968] Building CXX object src/internet-apps/examples/CMakeFiles/traceroute-example.dir/traceroute-example.cc.o
[578/1968] Building CXX object src/lr-wpan/CMakeFiles/lr-wpan-test.dir/test/lr-wpan-cca-test.cc.o
[579/1968] Building CXX object src/lr-wpan/CMakeFiles/lr-wpan.dir/model/lr-wpan-phy.cc.o
[580/1968] Building CXX object src/lr-wpan/examples/CMakeFiles/lr-wpan-packet-print.dir/lr-wpan-packet-print.cc.o
[581/1968] Building CXX object src/lr-wpan/examples/CMakeFiles/lr-wpan-phy-test.dir/lr-wpan-phy-test.cc.o
[582/1968] Building CXX object src/lr-wpan/CMakeFiles/lr-wpan.dir/model/lr-wpan-mac.cc.o
[583/1968] Building CXX object src/lr-wpan/examples/CMakeFiles/lr-wpan-data.dir/lr-wpan-data.cc.o
[584/1968] Building CXX object src/lr-wpan/examples/CMakeFiles/lr-wpan-ed-scan.dir/lr-wpan-ed-scan.cc.o
[585/1968] Building CXX object src/lr-wpan/CMakeFiles/lr-wpan-test.dir/test/lr-wpan-ifs-test.cc.o
[586/1968] Building CXX object src/lr-wpan/examples/CMakeFiles/lr-wpan-beacon-mode.dir/lr-wpan-beacon-mode.cc.o
[587/1968] Building CXX object src/lr-wpan/examples/CMakeFiles/lr-wpan-error-model-plot.dir/lr-wpan-error-model-plot.cc.o
[588/1968] Building CXX object src/lr-wpan/examples/CMakeFiles/lr-wpan-active-scan.dir/lr-wpan-active-scan.cc.o
[589/1968] Building CXX object src/lr-wpan/CMakeFiles/lr-wpan-test.dir/test/lr-wpan-slotted-csmaca-test.cc.o
[590/1968] Building CXX object src/mesh/CMakeFiles/mesh.dir/helper/mesh-stack-installer.cc.o
[591/1968] Building CXX object src/lr-wpan/CMakeFiles/lr-wpan-test.dir/test/lr-wpan-mac-test.cc.o
[592/1968] Building CXX object src/lr-wpan/examples/CMakeFiles/lr-wpan-error-distance-plot.dir/lr-wpan-error-distance-plot.cc.o
[593/1968] Building CXX object src/lr-wpan/examples/CMakeFiles/lr-wpan-orphan-scan.dir/lr-wpan-orphan-scan.cc.o
[594/1968] Building CXX object src/mesh/CMakeFiles/mesh.dir/model/dot11s/dot11s-mac-header.cc.o
[595/1968] Building CXX object src/mesh/CMakeFiles/mesh.dir/helper/flame/flame-installer.cc.o
[596/1968] Building CXX object src/mesh/CMakeFiles/mesh.dir/model/dot11s/hwmp-tag.cc.o
[597/1968] Building CXX object src/mesh/CMakeFiles/mesh.dir/model/dot11s/ie-dot11s-configuration.cc.o
[598/1968] Building CXX object src/mesh/CMakeFiles/mesh.dir/model/dot11s/ie-dot11s-beacon-timing.cc.o
[599/1968] Building CXX object src/mesh/CMakeFiles/mesh.dir/model/dot11s/airtime-metric.cc.o
[600/1968] Building CXX object src/lr-wpan/examples/CMakeFiles/lr-wpan-per-plot.dir/lr-wpan-per-plot.cc.o
[601/1968] Building CXX object src/mesh/CMakeFiles/mesh.dir/helper/dot11s/dot11s-installer.cc.o
[602/1968] Building CXX object src/mesh/CMakeFiles/mesh.dir/model/dot11s/hwmp-rtable.cc.o
[603/1968] Building CXX object src/mesh/CMakeFiles/mesh.dir/model/dot11s/ie-dot11s-id.cc.o
[604/1968] Building CXX object src/mesh/CMakeFiles/mesh.dir/model/dot11s/ie-dot11s-metric-report.cc.o
[605/1968] Building CXX object src/mesh/CMakeFiles/mesh.dir/model/dot11s/ie-dot11s-peering-protocol.cc.o
[606/1968] Building CXX object src/mesh/CMakeFiles/mesh.dir/model/dot11s/ie-dot11s-peer-management.cc.o
[607/1968] Building CXX object src/mesh/CMakeFiles/mesh.dir/model/dot11s/ie-dot11s-perr.cc.o
[608/1968] Building CXX object src/mesh/CMakeFiles/mesh.dir/model/dot11s/ie-dot11s-rann.cc.o
[609/1968] Building CXX object src/mesh/CMakeFiles/mesh.dir/model/dot11s/ie-dot11s-prep.cc.o
[610/1968] Building CXX object src/mesh/CMakeFiles/mesh.dir/model/dot11s/hwmp-protocol-mac.cc.o
[611/1968] Building CXX object src/mesh/CMakeFiles/mesh.dir/helper/mesh-helper.cc.o
[612/1968] Building CXX object src/mesh/CMakeFiles/mesh.dir/model/dot11s/ie-dot11s-preq.cc.o
[613/1968] Building CXX object src/mesh/CMakeFiles/mesh.dir/model/flame/flame-header.cc.o
[614/1968] Building CXX object src/mesh/CMakeFiles/mesh.dir/model/mesh-l2-routing-protocol.cc.o
[615/1968] Building CXX object src/mesh/CMakeFiles/mesh.dir/model/flame/flame-rtable.cc.o
[616/1968] Building CXX object src/mesh/CMakeFiles/mesh.dir/model/dot11s/peer-link-frame.cc.o
[617/1968] Building CXX object src/mesh/CMakeFiles/mesh.dir/model/mesh-information-element-vector.cc.o
[618/1968] Building CXX object src/mesh/CMakeFiles/mesh.dir/model/dot11s/peer-link.cc.o
[619/1968] Building CXX object src/mesh/CMakeFiles/mesh.dir/model/flame/flame-protocol-mac.cc.o
[620/1968] Building CXX object src/mesh/CMakeFiles/mesh.dir/model/flame/flame-protocol.cc.o
[621/1968] Building CXX object src/mesh/CMakeFiles/mesh.dir/model/dot11s/hwmp-protocol.cc.o
[622/1968] Building CXX object src/mesh/CMakeFiles/mesh.dir/model/dot11s/peer-management-protocol-mac.cc.o
[623/1968] Building CXX object src/mesh/CMakeFiles/mesh.dir/model/mesh-wifi-beacon.cc.o
[624/1968] Building CXX object src/mesh/CMakeFiles/mesh-test.dir/test/dot11s/dot11s-test-suite.cc.o
[625/1968] Building CXX object src/mesh/CMakeFiles/mesh.dir/model/dot11s/peer-management-protocol.cc.o
[626/1968] Building CXX object src/mesh/CMakeFiles/mesh-test.dir/test/dot11s/regression.cc.o
[627/1968] Building CXX object src/mesh/CMakeFiles/mesh-test.dir/test/dot11s/hwmp-proactive-regression.cc.o
[628/1968] Building CXX object src/mesh/CMakeFiles/mesh-test.dir/test/dot11s/hwmp-reactive-regression.cc.o
[629/1968] Building CXX object src/mesh/CMakeFiles/mesh-test.dir/test/flame/regression.cc.o
[630/1968] Building CXX object src/mesh/CMakeFiles/mesh.dir/model/mesh-point-device.cc.o
[631/1968] Building CXX object src/mesh/CMakeFiles/mesh-test.dir/test/flame/flame-test-suite.cc.o
[632/1968] Building CXX object src/mesh/CMakeFiles/mesh-test.dir/test/dot11s/hwmp-simplest-regression.cc.o
[633/1968] Building CXX object src/mesh/CMakeFiles/mesh.dir/model/mesh-wifi-interface-mac.cc.o
[634/1968] Building CXX object src/mesh/CMakeFiles/mesh-test.dir/test/dot11s/pmp-regression.cc.o
[635/1968] Building CXX object src/mesh/CMakeFiles/mesh-test.dir/test/mesh-information-element-vector-test-suite.cc.o
[636/1968] Building CXX object src/mesh/CMakeFiles/mesh-test.dir/test/dot11s/hwmp-target-flags-regression.cc.o
[637/1968] Building CXX object src/mobility/CMakeFiles/mobility.dir/model/box.cc.o
[638/1968] Building CXX object src/mobility/CMakeFiles/mobility.dir/helper/group-mobility-helper.cc.o
[639/1968] Building CXX object src/mobility/CMakeFiles/mobility.dir/model/constant-acceleration-mobility-model.cc.o
[640/1968] Building CXX object src/mobility/CMakeFiles/mobility.dir/model/constant-position-mobility-model.cc.o
[641/1968] Building CXX object src/mobility/CMakeFiles/mobility.dir/model/constant-velocity-helper.cc.o
[642/1968] Building CXX object src/mesh/CMakeFiles/mesh-test.dir/test/flame/flame-regression.cc.o
[643/1968] Building CXX object src/mobility/CMakeFiles/mobility.dir/model/constant-velocity-mobility-model.cc.o
[644/1968] Building CXX object src/mobility/CMakeFiles/mobility.dir/helper/mobility-helper.cc.o
[645/1968] Building CXX object src/mobility/CMakeFiles/mobility.dir/model/geocentric-constant-position-mobility-model.cc.o
[646/1968] Building CXX object src/mobility/CMakeFiles/mobility.dir/model/geographic-positions.cc.o
[647/1968] Building CXX object src/mobility/CMakeFiles/mobility.dir/helper/ns2-mobility-helper.cc.o
[648/1968] Building CXX object src/mobility/CMakeFiles/mobility.dir/model/gauss-markov-mobility-model.cc.o
[649/1968] Building CXX object src/mobility/CMakeFiles/mobility.dir/model/hierarchical-mobility-model.cc.o
[650/1968] Building CXX object src/mobility/CMakeFiles/mobility.dir/model/mobility-model.cc.o
[651/1968] Building CXX object src/mobility/CMakeFiles/mobility.dir/model/rectangle.cc.o
[652/1968] Building CXX object src/mobility/CMakeFiles/mobility.dir/model/random-direction-2d-mobility-model.cc.o
[653/1968] Building CXX object src/mobility/CMakeFiles/mobility.dir/model/waypoint.cc.o
[654/1968] Building CXX object src/mobility/CMakeFiles/mobility.dir/model/random-waypoint-mobility-model.cc.o
[655/1968] Building CXX object src/mobility/CMakeFiles/mobility.dir/model/waypoint-mobility-model.cc.o
[656/1968] Building CXX object src/mobility/CMakeFiles/mobility.dir/model/steady-state-random-waypoint-mobility-model.cc.o
[657/1968] Building CXX object src/mobility/CMakeFiles/mobility.dir/model/random-walk-2d-mobility-model.cc.o
[658/1968] Building CXX object src/mobility/CMakeFiles/mobility.dir/model/position-allocator.cc.o
[659/1968] Building CXX object src/mobility/CMakeFiles/mobility-test.dir/test/box-line-intersection-test.cc.o
[660/1968] Building CXX object src/mobility/CMakeFiles/mobility-test.dir/test/geo-to-cartesian-test.cc.o
[661/1968] Building CXX object src/mobility/CMakeFiles/mobility-test.dir/test/geocentric-topocentric-conversion-test.cc.o
[662/1968] Building CXX object src/mobility/CMakeFiles/mobility-test.dir/test/rand-cart-around-geo-test.cc.o
[663/1968] Building CXX object src/mobility/CMakeFiles/mobility-test.dir/test/rectangle-closest-border-test.cc.o
[664/1968] Building CXX object src/mobility/CMakeFiles/mobility-test.dir/test/mobility-trace-test-suite.cc.o
[665/1968] Building CXX object src/mobility/CMakeFiles/mobility-test.dir/test/mobility-test-suite.cc.o
[666/1968] Building CXX object src/mobility/CMakeFiles/mobility-test.dir/test/steady-state-random-waypoint-mobility-model-test.cc.o
[667/1968] Building CXX object src/mobility/CMakeFiles/mobility-test.dir/test/ns2-mobility-helper-test-suite.cc.o
[668/1968] Building CXX object src/mobility/examples/CMakeFiles/constant-mobility-example.dir/constant-mobility-example.cc.o
[669/1968] Building CXX object src/mobility/CMakeFiles/mobility-test.dir/test/waypoint-mobility-model-test.cc.o
[670/1968] Building CXX object src/mesh/examples/CMakeFiles/mesh-example.dir/mesh-example.cc.o
[671/1968] Building CXX object src/mobility/examples/CMakeFiles/bonnmotion-ns2-example.dir/bonnmotion-ns2-example.cc.o
[672/1968] Building CXX object src/mobility/examples/CMakeFiles/main-random-topology.dir/main-random-topology.cc.o
[673/1968] Building CXX object src/network/CMakeFiles/network.dir/helper/application-container.cc.o
[674/1968] Building CXX object src/network/CMakeFiles/network.dir/helper/delay-jitter-estimation.cc.o
[675/1968] Building CXX object src/mobility/examples/CMakeFiles/main-random-walk.dir/main-random-walk.cc.o
[676/1968] Building CXX object src/network/CMakeFiles/network.dir/helper/net-device-container.cc.o
[677/1968] Building CXX object src/network/CMakeFiles/network.dir/helper/application-helper.cc.o
[678/1968] Building CXX object src/network/CMakeFiles/network.dir/helper/node-container.cc.o
[679/1968] Building CXX object src/mobility/examples/CMakeFiles/ns2-mobility-trace.dir/ns2-mobility-trace.cc.o
[680/1968] Building CXX object src/mobility/examples/CMakeFiles/main-grid-topology.dir/main-grid-topology.cc.o
[681/1968] Building CXX object src/network/CMakeFiles/network.dir/helper/packet-socket-helper.cc.o
[682/1968] Building CXX object src/mobility/examples/CMakeFiles/mobility-trace-example.dir/mobility-trace-example.cc.o
[683/1968] Building CXX object src/mobility/examples/CMakeFiles/reference-point-group-mobility-example.dir/reference-point-group-mobility-example.cc.o
[684/1968] Building CXX object src/network/CMakeFiles/network.dir/model/address.cc.o
[685/1968] Building CXX object src/network/CMakeFiles/network.dir/model/application.cc.o
[686/1968] Building CXX object src/network/CMakeFiles/network.dir/model/header.cc.o
[687/1968] Building CXX object src/network/CMakeFiles/network.dir/model/byte-tag-list.cc.o
[688/1968] Building CXX object src/network/CMakeFiles/network.dir/model/chunk.cc.o
[689/1968] Building CXX object src/network/CMakeFiles/network.dir/model/channel.cc.o
[690/1968] Building CXX object src/network/CMakeFiles/network.dir/model/buffer.cc.o
[691/1968] Building CXX object src/network/CMakeFiles/network.dir/model/channel-list.cc.o
[692/1968] Building CXX object src/network/CMakeFiles/network.dir/helper/trace-helper.cc.o
[693/1968] Building CXX object src/network/CMakeFiles/network.dir/model/net-device.cc.o
[694/1968] Building CXX object src/network/CMakeFiles/network.dir/model/nix-vector.cc.o
[695/1968] Building CXX object src/network/CMakeFiles/network.dir/helper/simple-net-device-helper.cc.o
[696/1968] Building CXX object src/network/CMakeFiles/network.dir/model/socket-factory.cc.o
[697/1968] Building CXX object src/network/CMakeFiles/network.dir/model/tag-buffer.cc.o
[698/1968] Building CXX object src/network/CMakeFiles/network.dir/model/packet-tag-list.cc.o
[699/1968] Building CXX object src/network/CMakeFiles/network.dir/utils/crc32.cc.o
[700/1968] Building CXX object src/network/CMakeFiles/network.dir/model/node-list.cc.o
[701/1968] Building CXX object src/network/CMakeFiles/network.dir/model/tag.cc.o
[702/1968] Building CXX object src/network/CMakeFiles/network.dir/model/trailer.cc.o
[703/1968] Building CXX object src/network/CMakeFiles/network.dir/utils/address-utils.cc.o
[704/1968] Building CXX object src/network/CMakeFiles/network.dir/model/packet.cc.o
[705/1968] Building CXX object src/network/CMakeFiles/network.dir/utils/bit-deserializer.cc.o
[706/1968] Building CXX object src/network/CMakeFiles/network.dir/utils/bit-serializer.cc.o
[707/1968] Building CXX object src/network/CMakeFiles/network.dir/model/packet-metadata.cc.o
[708/1968] Building CXX object src/network/CMakeFiles/network.dir/model/socket.cc.o
[709/1968] Building CXX object src/network/CMakeFiles/network.dir/utils/data-rate.cc.o
[710/1968] Building CXX object src/network/CMakeFiles/network.dir/model/node.cc.o
[711/1968] Building CXX object src/network/CMakeFiles/network.dir/utils/drop-tail-queue.cc.o
[712/1968] Building CXX object src/network/CMakeFiles/network.dir/utils/error-channel.cc.o
[713/1968] Building CXX object src/network/CMakeFiles/network.dir/utils/inet-socket-address.cc.o
[714/1968] Building CXX object src/network/CMakeFiles/network.dir/utils/inet6-socket-address.cc.o
[715/1968] Building CXX object src/network/CMakeFiles/network.dir/utils/ethernet-header.cc.o
[716/1968] Building CXX object src/network/CMakeFiles/network.dir/utils/ethernet-trailer.cc.o
[717/1968] Building CXX object src/network/CMakeFiles/network.dir/utils/flow-id-tag.cc.o
[718/1968] Building CXX object src/network/CMakeFiles/network.dir/utils/dynamic-queue-limits.cc.o
[719/1968] Building CXX object src/network/CMakeFiles/network.dir/utils/ipv4-address.cc.o
[720/1968] Building CXX object src/network/CMakeFiles/network.dir/utils/llc-snap-header.cc.o
[721/1968] Building CXX object src/network/CMakeFiles/network.dir/utils/mac8-address.cc.o
[722/1968] Building CXX object src/network/CMakeFiles/network.dir/utils/error-model.cc.o
[723/1968] Building CXX object src/network/CMakeFiles/network.dir/utils/mac16-address.cc.o
[724/1968] Building CXX object src/network/CMakeFiles/network.dir/utils/output-stream-wrapper.cc.o
[725/1968] Building CXX object src/network/CMakeFiles/network.dir/utils/mac64-address.cc.o
[726/1968] Building CXX object src/network/CMakeFiles/network.dir/utils/mac48-address.cc.o
[727/1968] Building CXX object src/network/CMakeFiles/network.dir/utils/ipv6-address.cc.o
[728/1968] Building CXX object src/network/CMakeFiles/network.dir/utils/packet-burst.cc.o
[729/1968] Building CXX object src/network/CMakeFiles/network.dir/utils/net-device-queue-interface.cc.o
[730/1968] Building CXX object src/network/CMakeFiles/network.dir/utils/packet-data-calculators.cc.o
[731/1968] Building CXX object src/network/CMakeFiles/network.dir/utils/packet-socket-address.cc.o
[732/1968] Building CXX object src/network/CMakeFiles/network.dir/utils/packet-socket-factory.cc.o
[733/1968] Building CXX object src/network/CMakeFiles/network.dir/utils/queue-limits.cc.o
[734/1968] Building CXX object src/network/CMakeFiles/network.dir/utils/pcap-file-wrapper.cc.o
[735/1968] Building CXX object src/network/CMakeFiles/network.dir/utils/queue-item.cc.o
[736/1968] Building CXX object src/network/CMakeFiles/network.dir/utils/pcap-file.cc.o
[737/1968] Building CXX object src/network/CMakeFiles/network.dir/utils/queue-size.cc.o
[738/1968] Building CXX object src/network/CMakeFiles/network.dir/utils/packet-socket-client.cc.o
[739/1968] Building CXX object src/network/CMakeFiles/network.dir/utils/packet-probe.cc.o
[740/1968] Building CXX object src/network/CMakeFiles/network.dir/utils/packet-socket-server.cc.o
[741/1968] Building CXX object src/network/CMakeFiles/network-test.dir/test/bit-serializer-test.cc.o
[742/1968] Building CXX object src/network/CMakeFiles/network-test.dir/test/address-test.cc.o
[743/1968] Building CXX object src/network/CMakeFiles/network.dir/utils/timestamp-tag.cc.o
[744/1968] Building CXX object src/network/CMakeFiles/network.dir/utils/packet-socket.cc.o
[745/1968] Building CXX object src/network/CMakeFiles/network.dir/utils/sll-header.cc.o
[746/1968] Building CXX object src/network/CMakeFiles/network.dir/utils/simple-channel.cc.o
[747/1968] Building CXX object src/network/CMakeFiles/network.dir/utils/radiotap-header.cc.o
[748/1968] Building CXX object src/network/CMakeFiles/network-test.dir/test/buffer-test.cc.o
[749/1968] Building CXX object src/network/CMakeFiles/network-test.dir/test/ipv6-address-test-suite.cc.o
[750/1968] Building CXX object src/network/CMakeFiles/network-test.dir/test/lollipop-counter-test.cc.o
[751/1968] Building CXX object src/network/CMakeFiles/network-test.dir/test/drop-tail-queue-test-suite.cc.o
[752/1968] Building CXX object src/network/CMakeFiles/network.dir/utils/simple-net-device.cc.o
[753/1968] Building CXX object src/network/CMakeFiles/network.dir/utils/queue.cc.o
[754/1968] Building CXX object src/network/examples/CMakeFiles/bit-serializer.dir/bit-serializer.cc.o
[755/1968] Building CXX object src/network/CMakeFiles/network.dir/utils/packetbb.cc.o
[756/1968] Building CXX object src/network/CMakeFiles/network-test.dir/test/packet-socket-apps-test-suite.cc.o
[757/1968] Building CXX object src/network/CMakeFiles/network-test.dir/test/error-model-test-suite.cc.o
[758/1968] Building CXX object src/network/examples/CMakeFiles/main-packet-header.dir/main-packet-header.cc.o
[759/1968] Building CXX object src/network/examples/CMakeFiles/lollipop-comparisons.dir/lollipop-comparisons.cc.o
[760/1968] Building CXX object src/network/examples/CMakeFiles/main-packet-tag.dir/main-packet-tag.cc.o
[761/1968] Building CXX object src/network/CMakeFiles/network-test.dir/test/test-data-rate.cc.o
[762/1968] Building CXX object src/network/CMakeFiles/network-test.dir/test/packet-metadata-test.cc.o
[763/1968] Building CXX object src/network/CMakeFiles/network-test.dir/test/sequence-number-test-suite.cc.o
[764/1968] Building CXX object src/network/CMakeFiles/network-test.dir/test/packetbb-test-suite.cc.o
[765/1968] Building CXX object src/nix-vector-routing/CMakeFiles/nix-vector-routing.dir/helper/nix-vector-helper.cc.o
[766/1968] Building CXX object src/network/CMakeFiles/network-test.dir/test/packet-test-suite.cc.o
[767/1968] Building CXX object src/network/examples/CMakeFiles/packet-socket-apps.dir/packet-socket-apps.cc.o
[768/1968] Building CXX object src/network/CMakeFiles/network-test.dir/test/pcap-file-test-suite.cc.o
[769/1968] Building CXX object src/olsr/CMakeFiles/olsr.dir/helper/olsr-helper.cc.o
[770/1968] Building CXX object src/olsr/CMakeFiles/olsr.dir/model/olsr-header.cc.o
[771/1968] Building CXX object src/olsr/CMakeFiles/olsr-test.dir/test/regression-test-suite.cc.o
[772/1968] Building CXX object src/olsr/CMakeFiles/olsr.dir/model/olsr-state.cc.o
[773/1968] Building CXX object src/nix-vector-routing/CMakeFiles/nix-vector-routing-test.dir/test/nix-test.cc.o
[774/1968] Building CXX object src/nix-vector-routing/examples/CMakeFiles/nix-simple.dir/nix-simple.cc.o
[775/1968] Building CXX object src/nix-vector-routing/examples/CMakeFiles/nix-simple-multi-address.dir/nix-simple-multi-address.cc.o
[776/1968] Building CXX object src/olsr/CMakeFiles/olsr-test.dir/test/olsr-routing-protocol-test-suite.cc.o
[777/1968] Building CXX object src/nix-vector-routing/CMakeFiles/nix-vector-routing.dir/model/nix-vector-routing.cc.o
[778/1968] Building CXX object src/olsr/CMakeFiles/olsr-test.dir/test/olsr-header-test-suite.cc.o
[779/1968] Building CXX object src/olsr/CMakeFiles/olsr-test.dir/test/bug780-test.cc.o
[780/1968] Building CXX object src/nix-vector-routing/examples/CMakeFiles/nms-p2p-nix.dir/nms-p2p-nix.cc.o
[781/1968] Building CXX object src/olsr/CMakeFiles/olsr-test.dir/test/hello-regression-test.cc.o
[782/1968] Building CXX object src/point-to-point/CMakeFiles/point-to-point.dir/model/ppp-header.cc.o
[783/1968] Building CXX object src/point-to-point/CMakeFiles/point-to-point.dir/model/point-to-point-channel.cc.o
[784/1968] Building CXX object src/point-to-point/examples/CMakeFiles/main-attribute-value.dir/main-attribute-value.cc.o
[785/1968] Building CXX object src/point-to-point/CMakeFiles/point-to-point-test.dir/test/point-to-point-test.cc.o
[786/1968] Building CXX object src/olsr/CMakeFiles/olsr-test.dir/test/tc-regression-test.cc.o
[787/1968] Building CXX object src/olsr/examples/CMakeFiles/simple-point-to-point-olsr.dir/simple-point-to-point-olsr.cc.o
[788/1968] Building CXX object src/point-to-point/CMakeFiles/point-to-point.dir/helper/point-to-point-helper.cc.o
[789/1968] Building CXX object src/nix-vector-routing/examples/CMakeFiles/nix-double-wifi.dir/nix-double-wifi.cc.o
[790/1968] Building CXX object src/point-to-point-layout/CMakeFiles/point-to-point-layout.dir/model/point-to-point-dumbbell.cc.o
[791/1968] Building CXX object src/point-to-point/CMakeFiles/point-to-point.dir/model/point-to-point-net-device.cc.o
[792/1968] Building CXX object src/propagation/CMakeFiles/propagation.dir/model/cost231-propagation-loss-model.cc.o
[793/1968] Building CXX object src/propagation/CMakeFiles/propagation.dir/model/itu-r-1411-los-propagation-loss-model.cc.o
[794/1968] Building CXX object src/point-to-point-layout/CMakeFiles/point-to-point-layout.dir/model/point-to-point-star.cc.o
[795/1968] Building CXX object src/point-to-point-layout/CMakeFiles/point-to-point-layout.dir/model/point-to-point-grid.cc.o
[796/1968] Building CXX object src/propagation/CMakeFiles/propagation.dir/model/jakes-process.cc.o
[797/1968] Building CXX object src/olsr/examples/CMakeFiles/olsr-hna.dir/olsr-hna.cc.o
[798/1968] Building CXX object src/propagation/CMakeFiles/propagation.dir/model/kun-2600-mhz-propagation-loss-model.cc.o
[799/1968] Building CXX object src/propagation/CMakeFiles/propagation.dir/model/jakes-propagation-loss-model.cc.o
[800/1968] Building CXX object src/propagation/CMakeFiles/propagation.dir/model/channel-condition-model.cc.o
[801/1968] Building CXX object src/propagation/CMakeFiles/propagation.dir/model/itu-r-1411-nlos-over-rooftop-propagation-loss-model.cc.o
[802/1968] Building CXX object src/olsr/CMakeFiles/olsr.dir/model/olsr-routing-protocol.cc.o
[803/1968] Building CXX object src/propagation/CMakeFiles/propagation.dir/model/propagation-delay-model.cc.o
[804/1968] Building CXX object src/propagation/CMakeFiles/propagation.dir/model/okumura-hata-propagation-loss-model.cc.o
[805/1968] Building CXX object src/propagation/CMakeFiles/propagation.dir/model/probabilistic-v2v-channel-condition-model.cc.o
[806/1968] Building CXX object src/propagation/CMakeFiles/propagation-test.dir/test/itu-r-1411-los-test-suite.cc.o
[807/1968] Building CXX object src/propagation/CMakeFiles/propagation.dir/model/three-gpp-v2v-propagation-loss-model.cc.o
[808/1968] Building CXX object src/propagation/CMakeFiles/propagation-test.dir/test/channel-condition-model-test-suite.cc.o
[809/1968] Building CXX object src/propagation/CMakeFiles/propagation-test.dir/test/itu-r-1411-nlos-over-rooftop-test-suite.cc.o
[810/1968] Building CXX object src/propagation/CMakeFiles/propagation-test.dir/test/kun-2600-mhz-test-suite.cc.o
[811/1968] Building CXX object src/propagation/CMakeFiles/propagation-test.dir/test/okumura-hata-test-suite.cc.o
[812/1968] Building CXX object src/propagation/CMakeFiles/propagation.dir/model/propagation-loss-model.cc.o
[813/1968] Building CXX object src/sixlowpan/CMakeFiles/sixlowpan-test.dir/test/sixlowpan-examples-test-suite.cc.o
[814/1968] Building CXX object src/propagation/CMakeFiles/propagation-test.dir/test/propagation-loss-model-test-suite.cc.o
[815/1968] Building CXX object src/propagation/CMakeFiles/propagation-test.dir/test/three-gpp-ntn-propagation-loss-model-test-suite.cc.o
[816/1968] Building CXX object src/sixlowpan/CMakeFiles/sixlowpan.dir/helper/sixlowpan-helper.cc.o
[817/1968] Building CXX object src/propagation/examples/CMakeFiles/main-propagation-loss.dir/main-propagation-loss.cc.o
[818/1968] Building CXX object src/sixlowpan/CMakeFiles/sixlowpan.dir/model/sixlowpan-header.cc.o
[819/1968] Building CXX object src/propagation/CMakeFiles/propagation-test.dir/test/probabilistic-v2v-channel-condition-model-test.cc.o
[820/1968] Building CXX object src/propagation/examples/CMakeFiles/jakes-propagation-model-example.dir/jakes-propagation-model-example.cc.o
[821/1968] Building CXX object src/propagation/CMakeFiles/propagation-test.dir/test/three-gpp-propagation-loss-model-test-suite.cc.o
[822/1968] Building CXX object src/sixlowpan/CMakeFiles/sixlowpan-test.dir/test/mock-net-device.cc.o
[823/1968] Building CXX object src/propagation/CMakeFiles/propagation.dir/model/three-gpp-propagation-loss-model.cc.o
[824/1968] Building CXX object src/sixlowpan/CMakeFiles/sixlowpan-test.dir/test/sixlowpan-hc1-test.cc.o
[825/1968] Building CXX object src/sixlowpan/CMakeFiles/sixlowpan-test.dir/test/sixlowpan-fragmentation-test.cc.o
[826/1968] Building CXX object src/sixlowpan/CMakeFiles/sixlowpan-test.dir/test/sixlowpan-iphc-test.cc.o
[827/1968] Building CXX object src/sixlowpan/CMakeFiles/sixlowpan-test.dir/test/sixlowpan-iphc-stateful-test.cc.o
[828/1968] Building CXX object src/spectrum/CMakeFiles/spectrum.dir/helper/spectrum-helper.cc.o
[829/1968] Building CXX object src/sixlowpan/examples/CMakeFiles/example-sixlowpan.dir/example-sixlowpan.cc.o
[830/1968] Building CXX object src/spectrum/CMakeFiles/spectrum.dir/helper/adhoc-aloha-noack-ideal-phy-helper.cc.o
[831/1968] Building CXX object src/spectrum/CMakeFiles/spectrum.dir/helper/spectrum-analyzer-helper.cc.o
[832/1968] Building CXX object src/spectrum/CMakeFiles/spectrum.dir/helper/waveform-generator-helper.cc.o
[833/1968] Building CXX object src/sixlowpan/examples/CMakeFiles/example-ping-lr-wpan.dir/example-ping-lr-wpan.cc.o
[834/1968] Building CXX object src/spectrum/CMakeFiles/spectrum.dir/helper/tv-spectrum-transmitter-helper.cc.o
[835/1968] Building CXX object src/spectrum/CMakeFiles/spectrum.dir/model/aloha-noack-mac-header.cc.o
[836/1968] Building CXX object src/sixlowpan/examples/CMakeFiles/example-ping-lr-wpan-mesh-under.dir/example-ping-lr-wpan-mesh-under.cc.o
[837/1968] Building CXX object src/sixlowpan/examples/CMakeFiles/example-ping-lr-wpan-beacon.dir/example-ping-lr-wpan-beacon.cc.o
[838/1968] Building CXX object src/spectrum/CMakeFiles/spectrum.dir/model/constant-spectrum-propagation-loss.cc.o
[839/1968] Building CXX object src/spectrum/CMakeFiles/spectrum.dir/model/friis-spectrum-propagation-loss.cc.o
[840/1968] Building CXX object src/spectrum/CMakeFiles/spectrum.dir/model/half-duplex-ideal-phy-signal-parameters.cc.o
[841/1968] Building CXX object src/spectrum/CMakeFiles/spectrum.dir/model/ism-spectrum-value-helper.cc.o
[842/1968] Building CXX object src/sixlowpan/CMakeFiles/sixlowpan.dir/model/sixlowpan-net-device.cc.o
[843/1968] Building CXX object src/spectrum/CMakeFiles/spectrum.dir/model/matrix-based-channel-model.cc.o
[844/1968] Building CXX object src/spectrum/CMakeFiles/spectrum.dir/model/microwave-oven-spectrum-value-helper.cc.o
[845/1968] Building CXX object src/spectrum/CMakeFiles/spectrum.dir/model/hexagonal-wraparound-model.cc.o
[846/1968] Building CXX object src/spectrum/CMakeFiles/spectrum.dir/model/phased-array-spectrum-propagation-loss-model.cc.o
[847/1968] Building CXX object src/spectrum/CMakeFiles/spectrum.dir/model/spectrum-converter.cc.o
[848/1968] Building CXX object src/spectrum/CMakeFiles/spectrum.dir/model/aloha-noack-net-device.cc.o
[849/1968] Building CXX object src/spectrum/CMakeFiles/spectrum.dir/model/non-communicating-net-device.cc.o
[850/1968] Building CXX object src/spectrum/CMakeFiles/spectrum.dir/model/half-duplex-ideal-phy.cc.o
[851/1968] Building CXX object src/spectrum/CMakeFiles/spectrum.dir/model/spectrum-error-model.cc.o
[852/1968] Building CXX object src/spectrum/CMakeFiles/spectrum.dir/model/spectrum-model-300kHz-300GHz-log.cc.o
[853/1968] Building CXX object src/spectrum/CMakeFiles/spectrum.dir/model/spectrum-interference.cc.o
[854/1968] Building CXX object src/spectrum/CMakeFiles/spectrum.dir/model/spectrum-model-ism2400MHz-res1MHz.cc.o
[855/1968] Building CXX object src/spectrum/CMakeFiles/spectrum.dir/model/single-model-spectrum-channel.cc.o
[856/1968] Building CXX object src/spectrum/CMakeFiles/spectrum.dir/model/spectrum-model.cc.o
[857/1968] Building CXX object src/spectrum/CMakeFiles/spectrum.dir/model/spectrum-analyzer.cc.o
[858/1968] Building CXX object src/spectrum/CMakeFiles/spectrum.dir/model/spectrum-phy.cc.o
[859/1968] Building CXX object src/spectrum/CMakeFiles/spectrum.dir/model/multi-model-spectrum-channel.cc.o
[860/1968] Building CXX object src/spectrum/CMakeFiles/spectrum.dir/model/spectrum-propagation-loss-model.cc.o
[861/1968] Building CXX object src/spectrum/CMakeFiles/spectrum.dir/model/spectrum-signal-parameters.cc.o
[862/1968] Building CXX object src/spectrum/CMakeFiles/spectrum.dir/model/spectrum-transmit-filter.cc.o
[863/1968] Building CXX object src/spectrum/CMakeFiles/spectrum.dir/model/spectrum-channel.cc.o
[864/1968] Building CXX object src/spectrum/CMakeFiles/spectrum.dir/model/spectrum-value.cc.o
[865/1968] Building CXX object src/spectrum/CMakeFiles/spectrum.dir/model/wraparound-model.cc.o
[866/1968] Building CXX object src/spectrum/CMakeFiles/spectrum.dir/model/trace-fading-loss-model.cc.o
[867/1968] Building CXX object src/spectrum/CMakeFiles/spectrum-test.dir/test/spectrum-value-test.cc.o
[868/1968] Building CXX object src/spectrum/CMakeFiles/spectrum-test.dir/test/spectrum-interference-test.cc.o
[869/1968] Building CXX object src/spectrum/CMakeFiles/spectrum.dir/model/three-gpp-spectrum-propagation-loss-model.cc.o
[870/1968] Building CXX object src/spectrum/CMakeFiles/spectrum.dir/model/tv-spectrum-transmitter.cc.o
[871/1968] Building CXX object src/spectrum/CMakeFiles/spectrum.dir/model/two-ray-spectrum-propagation-loss-model.cc.o
[872/1968] Building CXX object src/spectrum/CMakeFiles/spectrum.dir/model/waveform-generator.cc.o
[873/1968] Building CXX object src/spectrum/CMakeFiles/spectrum-test.dir/test/spectrum-ideal-phy-test.cc.o
[874/1968] Building CXX object src/spectrum/CMakeFiles/spectrum-test.dir/test/tv-helper-distribution-test.cc.o
[875/1968] Building CXX object src/spectrum/CMakeFiles/spectrum-test.dir/test/spectrum-waveform-generator-test.cc.o
[876/1968] Building CXX object src/spectrum/CMakeFiles/spectrum-test.dir/test/tv-spectrum-transmitter-test.cc.o
[877/1968] Building CXX object src/spectrum/CMakeFiles/spectrum-test.dir/test/wraparound-model-test.cc.o
[878/1968] Building CXX object src/spectrum/CMakeFiles/spectrum-test.dir/test/two-ray-splm-test-suite.cc.o
[879/1968] Building CXX object src/spectrum/examples/CMakeFiles/tv-trans-example.dir/tv-trans-example.cc.o
[880/1968] Building CXX object src/spectrum/examples/CMakeFiles/tv-trans-regional-example.dir/tv-trans-regional-example.cc.o
[881/1968] Building CXX object src/spectrum/CMakeFiles/spectrum-test.dir/test/three-gpp-channel-test-suite.cc.o
[882/1968] Building CXX object src/spectrum/examples/CMakeFiles/adhoc-aloha-ideal-phy.dir/adhoc-aloha-ideal-phy.cc.o
[883/1968] Building CXX object src/spectrum/examples/CMakeFiles/three-gpp-ntn-channel-example.dir/three-gpp-ntn-channel-example.cc.o
[884/1968] Building CXX object src/spectrum/examples/CMakeFiles/adhoc-aloha-ideal-phy-with-microwave-oven.dir/adhoc-aloha-ideal-phy-with-microwave-oven.cc.o
[885/1968] Building CXX object src/spectrum/examples/CMakeFiles/adhoc-aloha-ideal-phy-matrix-propagation-loss-model.dir/adhoc-aloha-ideal-phy-matrix-propagation-loss-model.cc.o
[886/1968] Building CXX object src/stats/CMakeFiles/stats.dir/model/basic-data-calculators.cc.o
[887/1968] Building CXX object src/stats/CMakeFiles/stats.dir/helper/file-helper.cc.o
[888/1968] Building CXX object src/stats/CMakeFiles/stats.dir/model/boolean-probe.cc.o
[889/1968] Building CXX object src/stats/CMakeFiles/stats.dir/model/data-calculator.cc.o
[890/1968] Building CXX object src/stats/CMakeFiles/stats.dir/model/data-collection-object.cc.o
[891/1968] Building CXX object src/spectrum/examples/CMakeFiles/three-gpp-channel-consistency-example.dir/three-gpp-channel-consistency-example.cc.o
[892/1968] Building CXX object src/stats/CMakeFiles/stats.dir/model/data-output-interface.cc.o
[893/1968] Building CXX object src/stats/CMakeFiles/stats.dir/helper/gnuplot-helper.cc.o
[894/1968] Building CXX object src/spectrum/CMakeFiles/spectrum.dir/model/three-gpp-channel-model.cc.o
[895/1968] Building CXX object src/stats/CMakeFiles/stats.dir/model/get-wildcard-matches.cc.o
[896/1968] Building CXX object src/stats/CMakeFiles/stats.dir/model/data-collector.cc.o
[897/1968] Building CXX object src/stats/CMakeFiles/stats.dir/model/gnuplot.cc.o
[898/1968] Building CXX object src/stats/CMakeFiles/stats.dir/model/file-aggregator.cc.o
[899/1968] Building CXX object src/stats/CMakeFiles/stats.dir/model/histogram.cc.o
[900/1968] Building CXX object src/stats/CMakeFiles/stats.dir/model/omnet-data-output.cc.o
[901/1968] Building CXX object src/stats/CMakeFiles/stats.dir/model/probe.cc.o
[902/1968] Building CXX object src/stats/CMakeFiles/stats.dir/model/gnuplot-aggregator.cc.o
[903/1968] Building CXX object src/stats/CMakeFiles/stats.dir/model/double-probe.cc.o
[904/1968] Building CXX object src/stats/CMakeFiles/stats.dir/model/time-data-calculators.cc.o
[905/1968] Building CXX object src/stats/examples/CMakeFiles/gnuplot-example.dir/gnuplot-example.cc.o
[906/1968] Building CXX object src/stats/CMakeFiles/stats-test.dir/test/histogram-test-suite.cc.o
[907/1968] Building CXX object src/stats/CMakeFiles/stats.dir/model/time-series-adaptor.cc.o
[908/1968] Building CXX object src/stats/CMakeFiles/stats.dir/model/time-probe.cc.o
[909/1968] Building CXX object src/stats/CMakeFiles/stats.dir/model/uinteger-16-probe.cc.o
[910/1968] Building CXX object src/stats/CMakeFiles/stats-test.dir/test/average-test-suite.cc.o
[911/1968] Building CXX object src/stats/CMakeFiles/stats-test.dir/test/basic-data-calculators-test-suite.cc.o
[912/1968] Building CXX object src/stats/CMakeFiles/stats.dir/model/uinteger-32-probe.cc.o
[913/1968] Building CXX object src/test/CMakeFiles/test.dir/__/__/build-support/empty.cc.o
[914/1968] Building CXX object src/stats/CMakeFiles/stats.dir/model/uinteger-8-probe.cc.o
[915/1968] Linking CXX shared library /home/ccc/projects/uav-logistics-comms/external/ns-3.47/build/lib/libns3.47-stats-default.so
[916/1968] Linking CXX executable /home/ccc/projects/uav-logistics-comms/external/ns-3.47/build/src/core/examples/ns3.47-main-random-variable-stream-default
[917/1968] Building CXX object src/tap-bridge/CMakeFiles/tap-creator.dir/model/tap-encode-decode.cc.o
[918/1968] Linking CXX executable /home/ccc/projects/uav-logistics-comms/external/ns-3.47/build/src/core/examples/ns3.47-empirical-random-variable-example-default
[919/1968] Building CXX object src/tap-bridge/CMakeFiles/tap-creator.dir/model/tap-creator.cc.o
[920/1968] Linking CXX shared library /home/ccc/projects/uav-logistics-comms/external/ns-3.47/build/lib/libns3.47-network-default.so
[921/1968] Building CXX object src/stats/CMakeFiles/stats-test.dir/test/double-probe-test-suite.cc.o
[922/1968] Linking CXX shared library /home/ccc/projects/uav-logistics-comms/external/ns-3.47/build/lib/libns3.47-bridge-default.so
[923/1968] Linking CXX executable /home/ccc/projects/uav-logistics-comms/external/ns-3.47/build/src/core/examples/ns3.47-main-test-sync-default
[924/1968] Linking CXX executable /home/ccc/projects/uav-logistics-comms/external/ns-3.47/build/src/core/examples/ns3.47-log-example-default
[925/1968] Linking CXX shared library /home/ccc/projects/uav-logistics-comms/external/ns-3.47/build/lib/libns3.47-csma-default.so
[926/1968] Building CXX object src/stats/examples/CMakeFiles/gnuplot-aggregator-example.dir/gnuplot-aggregator-example.cc.o
[927/1968] Linking CXX shared library /home/ccc/projects/uav-logistics-comms/external/ns-3.47/build/lib/libns3.47-energy-default.so
[928/1968] Linking CXX executable /home/ccc/projects/uav-logistics-comms/external/ns-3.47/build/src/fd-net-device/ns3.47-tap-device-creator-default
[929/1968] Linking CXX shared library /home/ccc/projects/uav-logistics-comms/external/ns-3.47/build/lib/libns3.47-energy-test-default.so
[930/1968] Linking CXX executable /home/ccc/projects/uav-logistics-comms/external/ns-3.47/build/src/energy/examples/ns3.47-generic-battery-discharge-example-default
[931/1968] Linking CXX shared library /home/ccc/projects/uav-logistics-comms/external/ns-3.47/build/lib/libns3.47-mobility-default.so
[932/1968] Building CXX object src/stats/examples/CMakeFiles/file-aggregator-example.dir/file-aggregator-example.cc.o
[933/1968] Building CXX object src/fd-net-device/CMakeFiles/fd-net-device.dir/helper/creator-utils.cc.o
[934/1968] Building CXX object src/stats/examples/CMakeFiles/time-probe-example.dir/time-probe-example.cc.o
[935/1968] Building CXX object src/fd-net-device/CMakeFiles/fd-net-device.dir/helper/encode-decode.cc.o
[936/1968] Building CXX object src/stats/examples/CMakeFiles/double-probe-example.dir/double-probe-example.cc.o
[937/1968] Building CXX object src/stats/examples/CMakeFiles/gnuplot-helper-example.dir/gnuplot-helper-example.cc.o
[938/1968] Building CXX object src/stats/examples/CMakeFiles/file-helper-example.dir/file-helper-example.cc.o
[939/1968] Building CXX object src/fd-net-device/CMakeFiles/fd-net-device.dir/helper/tap-fd-net-device-helper.cc.o
[940/1968] Building CXX object src/test/CMakeFiles/test.dir/ns3tcp/ns3tcp-no-delay-test-suite.cc.o
[941/1968] Building CXX object src/fd-net-device/CMakeFiles/fd-net-device.dir/helper/emu-fd-net-device-helper.cc.o
[942/1968] Building CXX object src/test/CMakeFiles/test.dir/ns3tcp/ns3tcp-cubic-test-suite.cc.o
[943/1968] Building CXX object src/test/CMakeFiles/test.dir/ns3tcp/ns3tcp-loss-test-suite.cc.o
[944/1968] Building CXX object src/fd-net-device/CMakeFiles/fd-net-device.dir/helper/fd-net-device-helper.cc.o
[945/1968] Building CXX object src/fd-net-device/CMakeFiles/fd-net-device.dir/model/fd-net-device.cc.o
[946/1968] Linking CXX shared library /home/ccc/projects/uav-logistics-comms/external/ns-3.47/build/lib/libns3.47-fd-net-device-default.so
[947/1968] Building CXX object src/fd-net-device/examples/CMakeFiles/dummy-network.dir/dummy-network.cc.o
[948/1968] Building CXX object src/fd-net-device/examples/CMakeFiles/fd2fd-onoff.dir/fd2fd-onoff.cc.o
[949/1968] Building CXX object src/fd-net-device/examples/CMakeFiles/realtime-dummy-network.dir/realtime-dummy-network.cc.o
[950/1968] Building CXX object src/fd-net-device/examples/CMakeFiles/realtime-fd2fd-onoff.dir/realtime-fd2fd-onoff.cc.o
[951/1968] Building CXX object src/fd-net-device/examples/CMakeFiles/fd-emu-udp-echo.dir/fd-emu-udp-echo.cc.o
[952/1968] Building CXX object src/lte/CMakeFiles/lte.dir/helper/epc-helper.cc.o
[953/1968] Building CXX object src/lte/CMakeFiles/lte.dir/helper/cc-helper.cc.o
[954/1968] Building CXX object src/fd-net-device/examples/CMakeFiles/fd-emu-onoff.dir/fd-emu-onoff.cc.o
[955/1968] Building CXX object src/fd-net-device/examples/CMakeFiles/fd-emu-ping.dir/fd-emu-ping.cc.o
[956/1968] Building CXX object src/lte/CMakeFiles/lte.dir/helper/emu-epc-helper.cc.o
[957/1968] Building CXX object src/fd-net-device/examples/CMakeFiles/fd-emu-tc.dir/fd-emu-tc.cc.o
[958/1968] Building CXX object src/lte/CMakeFiles/lte.dir/helper/lte-global-pathloss-database.cc.o
[959/1968] Building CXX object src/fd-net-device/examples/CMakeFiles/fd-tap-ping.dir/fd-tap-ping.cc.o
[960/1968] Building CXX object src/fd-net-device/examples/CMakeFiles/fd-tap-ping6.dir/fd-tap-ping6.cc.o
[961/1968] Building CXX object src/fd-net-device/examples/CMakeFiles/fd-emu-send.dir/fd-emu-send.cc.o
[962/1968] Building CXX object src/lte/CMakeFiles/lte.dir/helper/mac-stats-calculator.cc.o
[963/1968] Building CXX object src/lte/CMakeFiles/lte.dir/helper/lte-hex-grid-enb-topology-helper.cc.o
[964/1968] Building CXX object src/lte/CMakeFiles/lte.dir/helper/lte-stats-calculator.cc.o
[965/1968] Building CXX object src/lte/CMakeFiles/lte.dir/helper/phy-rx-stats-calculator.cc.o
[966/1968] Building CXX object src/lte/CMakeFiles/lte.dir/helper/phy-tx-stats-calculator.cc.o
[967/1968] Building CXX object src/lte/CMakeFiles/lte.dir/helper/phy-stats-calculator.cc.o
[968/1968] Building CXX object src/lte/CMakeFiles/lte.dir/helper/point-to-point-epc-helper.cc.o
[969/1968] Building CXX object src/lte/CMakeFiles/lte.dir/model/a3-rsrp-handover-algorithm.cc.o
[970/1968] Building CXX object src/lte/CMakeFiles/lte.dir/helper/radio-environment-map-helper.cc.o
[971/1968] Building CXX object src/lte/CMakeFiles/lte.dir/model/a2-a4-rsrq-handover-algorithm.cc.o
[972/1968] Building CXX object src/lte/CMakeFiles/lte.dir/helper/radio-bearer-stats-calculator.cc.o
[973/1968] Building CXX object src/lte/CMakeFiles/lte.dir/model/component-carrier-ue.cc.o
[974/1968] Building CXX object src/lte/CMakeFiles/lte.dir/model/component-carrier.cc.o
[975/1968] Building CXX object src/lte/CMakeFiles/lte.dir/model/component-carrier-enb.cc.o
[976/1968] Building CXX object src/lr-wpan/examples/CMakeFiles/lr-wpan-bootstrap.dir/lr-wpan-bootstrap.cc.o
[977/1968] Building CXX object src/lte/CMakeFiles/lte.dir/helper/radio-bearer-stats-connector.cc.o
[978/1968] Building CXX object src/lte/CMakeFiles/lte.dir/model/epc-enb-s1-sap.cc.o
[979/1968] Building CXX object src/lte/CMakeFiles/lte.dir/model/epc-gtpu-header.cc.o
[980/1968] Building CXX object src/lte/CMakeFiles/lte.dir/helper/no-backhaul-epc-helper.cc.o
[981/1968] Building CXX object src/lte/CMakeFiles/lte.dir/model/epc-s1ap-sap.cc.o
[982/1968] Building CXX object src/lte/CMakeFiles/lte.dir/model/epc-s11-sap.cc.o
[983/1968] Building CXX object src/lte/CMakeFiles/lte.dir/model/epc-gtpc-header.cc.o
[984/1968] Building CXX object src/lte/CMakeFiles/lte.dir/model/epc-tft.cc.o
[985/1968] Building CXX object src/lte/CMakeFiles/lte.dir/model/epc-enb-application.cc.o
[986/1968] Building CXX object src/lte/CMakeFiles/lte.dir/model/epc-x2-sap.cc.o
[987/1968] Building CXX object src/lte/CMakeFiles/lte.dir/model/epc-mme-application.cc.o
[988/1968] Building CXX object src/lte/CMakeFiles/lte.dir/model/epc-tft-classifier.cc.o
[989/1968] Building CXX object src/lte/CMakeFiles/lte.dir/model/epc-sgw-application.cc.o
[990/1968] Building CXX object src/lte/CMakeFiles/lte.dir/model/epc-ue-nas.cc.o
[991/1968] Building CXX object src/lte/CMakeFiles/lte.dir/model/eps-bearer-tag.cc.o
[992/1968] Building CXX object src/lte/CMakeFiles/lte.dir/model/epc-x2-header.cc.o
[993/1968] Building CXX object src/lte/CMakeFiles/lte.dir/model/epc-pgw-application.cc.o
[994/1968] Building CXX object src/lte/CMakeFiles/lte.dir/model/ff-mac-common.cc.o
[995/1968] Building CXX object src/lte/CMakeFiles/lte.dir/model/eps-bearer.cc.o
[996/1968] Building CXX object src/lte/CMakeFiles/lte.dir/model/ff-mac-csched-sap.cc.o
[997/1968] Building CXX object src/lte/CMakeFiles/lte.dir/model/ff-mac-sched-sap.cc.o
[998/1968] Building CXX object src/lte/CMakeFiles/lte.dir/model/lte-anr-sap.cc.o
[999/1968] Building CXX object src/lte/CMakeFiles/lte.dir/model/ff-mac-scheduler.cc.o
[1000/1968] Building CXX object src/lte/CMakeFiles/lte.dir/model/lte-as-sap.cc.o
[1001/1968] Building CXX object src/lte/CMakeFiles/lte.dir/model/lte-amc.cc.o
[1002/1968] Building CXX object src/lte/CMakeFiles/lte.dir/model/lte-anr.cc.o
[1003/1968] Building CXX object src/lte/CMakeFiles/lte.dir/model/lte-ccm-mac-sap.cc.o
[1004/1968] Building CXX object src/lte/CMakeFiles/lte.dir/model/lte-ccm-rrc-sap.cc.o
[1005/1968] Building CXX object src/lte/CMakeFiles/lte.dir/helper/lte-helper.cc.o
[1006/1968] Building CXX object src/lte/CMakeFiles/lte.dir/model/lte-common.cc.o
[1007/1968] Building CXX object src/lte/CMakeFiles/lte.dir/model/lte-asn1-header.cc.o
[1008/1968] Building CXX object src/lte/CMakeFiles/lte.dir/model/lte-chunk-processor.cc.o
[1009/1968] Building CXX object src/lte/CMakeFiles/lte.dir/model/epc-x2.cc.o
[1010/1968] Building CXX object src/lte/CMakeFiles/lte.dir/model/lte-enb-cmac-sap.cc.o
[1011/1968] Building CXX object src/lte/CMakeFiles/lte.dir/model/lte-control-messages.cc.o
[1012/1968] Building CXX object src/lte/CMakeFiles/lte.dir/model/lte-enb-cphy-sap.cc.o
[1013/1968] Building CXX object src/lte/CMakeFiles/lte.dir/model/cqa-ff-mac-scheduler.cc.o
[1014/1968] Building CXX object src/lte/CMakeFiles/lte.dir/model/lte-enb-phy-sap.cc.o
[1015/1968] Building CXX object src/lte/CMakeFiles/lte.dir/model/lte-enb-component-carrier-manager.cc.o
[1016/1968] Building CXX object src/lte/CMakeFiles/lte.dir/model/lte-ffr-algorithm.cc.o
[1017/1968] Building CXX object src/lte/CMakeFiles/lte.dir/model/lte-ffr-rrc-sap.cc.o
[1018/1968] Building CXX object src/lte/CMakeFiles/lte.dir/model/lte-ffr-sap.cc.o
[1019/1968] Building CXX object src/lte/CMakeFiles/lte.dir/model/fdmt-ff-mac-scheduler.cc.o
[1020/1968] Building CXX object src/lte/CMakeFiles/lte.dir/model/fdbet-ff-mac-scheduler.cc.o
[1021/1968] Building CXX object src/lte/CMakeFiles/lte.dir/model/lte-enb-net-device.cc.o
[1022/1968] Building CXX object src/lte/CMakeFiles/lte.dir/model/fdtbfq-ff-mac-scheduler.cc.o
[1023/1968] Building CXX object src/lte/CMakeFiles/lte.dir/model/lte-ffr-enhanced-algorithm.cc.o
[1024/1968] Building CXX object src/lte/CMakeFiles/lte.dir/model/lte-ffr-distributed-algorithm.cc.o
[1025/1968] Building CXX object src/lte/CMakeFiles/lte.dir/model/lte-handover-algorithm.cc.o
[1026/1968] Building CXX object src/lte/CMakeFiles/lte.dir/model/lte-ffr-soft-algorithm.cc.o
[1027/1968] Building CXX object src/lte/CMakeFiles/lte.dir/model/lte-fr-no-op-algorithm.cc.o
[1028/1968] Building CXX object src/lte/CMakeFiles/lte.dir/model/lte-handover-management-sap.cc.o
[1029/1968] Building CXX object src/lte/CMakeFiles/lte.dir/model/lte-fr-hard-algorithm.cc.o
[1030/1968] Building CXX object src/lte/CMakeFiles/lte.dir/model/lte-harq-phy.cc.o
[1031/1968] Building CXX object src/lte/CMakeFiles/lte.dir/model/lte-fr-soft-algorithm.cc.o
[1032/1968] Building CXX object src/lte/CMakeFiles/lte.dir/model/lte-enb-mac.cc.o
[1033/1968] Building CXX object src/lte/CMakeFiles/lte.dir/model/lte-mac-sap.cc.o
[1034/1968] Building CXX object src/lte/CMakeFiles/lte.dir/model/lte-enb-phy.cc.o
[1035/1968] Building CXX object src/lte/CMakeFiles/lte.dir/model/lte-fr-strict-algorithm.cc.o
[1036/1968] Building CXX object src/lte/CMakeFiles/lte.dir/model/lte-pdcp-header.cc.o
[1037/1968] Building CXX object src/lte/CMakeFiles/lte.dir/model/lte-interference.cc.o
[1038/1968] Building CXX object src/lte/CMakeFiles/lte.dir/model/lte-pdcp-sap.cc.o
[1039/1968] Building CXX object src/lte/CMakeFiles/lte.dir/model/lte-mi-error-model.cc.o
[1040/1968] Building CXX object src/lte/CMakeFiles/lte.dir/model/lte-pdcp-tag.cc.o
[1041/1968] Building CXX object src/lte/CMakeFiles/lte.dir/model/lte-phy-tag.cc.o
[1042/1968] Building CXX object src/lte/CMakeFiles/lte.dir/model/lte-net-device.cc.o
[1043/1968] Building CXX object src/lte/CMakeFiles/lte.dir/model/lte-radio-bearer-tag.cc.o
[1044/1968] Building CXX object src/lte/CMakeFiles/lte.dir/model/lte-rlc-sequence-number.cc.o
[1045/1968] Building CXX object src/lte/CMakeFiles/lte.dir/model/lte-rlc-am-header.cc.o
[1046/1968] Building CXX object src/lte/CMakeFiles/lte.dir/model/lte-rlc-header.cc.o
[1047/1968] Building CXX object src/lte/CMakeFiles/lte.dir/model/lte-radio-bearer-info.cc.o
[1048/1968] Building CXX object src/lte/CMakeFiles/lte.dir/model/lte-rlc-sap.cc.o
[1049/1968] Building CXX object src/lte/CMakeFiles/lte.dir/model/lte-rlc-sdu-status-tag.cc.o
[1050/1968] Building CXX object src/lte/CMakeFiles/lte.dir/model/lte-phy.cc.o
[1051/1968] Building CXX object src/lte/CMakeFiles/lte.dir/model/lte-pdcp.cc.o
[1052/1968] Building CXX object src/lte/CMakeFiles/lte.dir/model/lte-rlc-tag.cc.o
[1053/1968] Building CXX object src/lte/CMakeFiles/lte.dir/model/lte-rrc-sap.cc.o
[1054/1968] Building CXX object src/lte/CMakeFiles/lte.dir/model/lte-rlc-tm.cc.o
[1055/1968] Building CXX object src/lte/CMakeFiles/lte.dir/model/lte-spectrum-signal-parameters.cc.o
[1056/1968] Building CXX object src/lte/CMakeFiles/lte.dir/model/lte-ue-ccm-rrc-sap.cc.o
[1057/1968] Building CXX object src/lte/CMakeFiles/lte.dir/model/lte-spectrum-value-helper.cc.o
[1058/1968] Building CXX object src/lte/CMakeFiles/lte.dir/model/lte-rlc.cc.o
[1059/1968] Building CXX object src/lte/CMakeFiles/lte.dir/model/lte-ue-cmac-sap.cc.o
[1060/1968] Building CXX object src/lte/CMakeFiles/lte.dir/model/lte-ue-cphy-sap.cc.o
[1061/1968] Building CXX object src/lte/CMakeFiles/lte.dir/model/lte-rlc-um.cc.o
[1062/1968] Building CXX object src/lte/CMakeFiles/lte.dir/model/lte-ue-component-carrier-manager.cc.o
[1063/1968] Building CXX object src/lte/CMakeFiles/lte.dir/model/lte-rrc-header.cc.o
[1064/1968] Building CXX object src/lte/CMakeFiles/lte.dir/model/lte-rlc-am.cc.o
[1065/1968] Building CXX object src/lte/CMakeFiles/lte.dir/model/lte-rrc-protocol-ideal.cc.o
[1066/1968] Building CXX object src/lte/CMakeFiles/lte.dir/model/lte-rrc-protocol-real.cc.o
[1067/1968] Building CXX object src/lte/CMakeFiles/lte.dir/model/lte-ue-phy-sap.cc.o
[1068/1968] Building CXX object src/lte/CMakeFiles/lte.dir/model/lte-vendor-specific-parameters.cc.o
[1069/1968] Building CXX object src/lte/CMakeFiles/lte.dir/model/no-op-handover-algorithm.cc.o
[1070/1968] Building CXX object src/lte/CMakeFiles/lte.dir/model/lte-enb-rrc.cc.o
[1071/1968] Building CXX object src/lte/CMakeFiles/lte.dir/model/lte-spectrum-phy.cc.o
[1072/1968] Building CXX object src/lte/CMakeFiles/lte.dir/model/lte-ue-power-control.cc.o
[1073/1968] Building CXX object src/lte/CMakeFiles/lte.dir/model/lte-ue-mac.cc.o
[1074/1968] Building CXX object src/lte/CMakeFiles/lte.dir/model/lte-ue-net-device.cc.o
[1075/1968] Building CXX object src/lte/CMakeFiles/lte.dir/model/no-op-component-carrier-manager.cc.o
[1076/1968] Building CXX object src/lte/CMakeFiles/lte.dir/model/rem-spectrum-phy.cc.o
[1077/1968] Building CXX object src/lte/CMakeFiles/lte.dir/model/simple-ue-component-carrier-manager.cc.o
[1078/1968] Building CXX object src/lte/CMakeFiles/lte-test.dir/test/epc-test-gtpu.cc.o
[1079/1968] Building CXX object src/lte/CMakeFiles/lte-test.dir/test/epc-test-s1u-downlink.cc.o
[1080/1968] Building CXX object src/lte/CMakeFiles/lte.dir/model/lte-ue-phy.cc.o
[1081/1968] Building CXX object src/lte/CMakeFiles/lte-test.dir/test/epc-test-s1u-uplink.cc.o
[1082/1968] Building CXX object src/lte/CMakeFiles/lte.dir/model/pf-ff-mac-scheduler.cc.o
[1083/1968] Building CXX object src/lte/CMakeFiles/lte.dir/model/rr-ff-mac-scheduler.cc.o
[1084/1968] Building CXX object src/lte/CMakeFiles/lte.dir/model/pss-ff-mac-scheduler.cc.o
[1085/1968] Building CXX object src/lte/CMakeFiles/lte.dir/model/tdmt-ff-mac-scheduler.cc.o
[1086/1968] Building CXX object src/lte/CMakeFiles/lte-test.dir/test/lte-simple-net-device.cc.o
[1087/1968] Building CXX object src/lte/CMakeFiles/lte.dir/model/tdbet-ff-mac-scheduler.cc.o
[1088/1968] Building CXX object src/lte/CMakeFiles/lte.dir/model/tdtbfq-ff-mac-scheduler.cc.o
[1089/1968] Building CXX object src/lte/CMakeFiles/lte-test.dir/test/lte-ffr-simple.cc.o
[1090/1968] Building CXX object src/lte/CMakeFiles/lte.dir/model/tta-ff-mac-scheduler.cc.o
[1091/1968] Building CXX object src/lte/CMakeFiles/lte-test.dir/test/lte-simple-helper.cc.o
[1092/1968] Building CXX object src/lte/CMakeFiles/lte-test.dir/test/lte-simple-spectrum-phy.cc.o
[1093/1968] Building CXX object src/lte/CMakeFiles/lte-test.dir/test/lte-test-earfcn.cc.o
[1094/1968] Building CXX object src/lte/CMakeFiles/lte-test.dir/test/lte-test-aggregation-throughput-scale.cc.o
[1095/1968] Building CXX object src/lte/CMakeFiles/lte.dir/model/lte-ue-rrc.cc.o
[1096/1968] Building CXX object src/lte/CMakeFiles/lte-test.dir/test/lte-test-carrier-aggregation-configuration.cc.o
[1097/1968] Building CXX object src/lte/CMakeFiles/lte-test.dir/test/lte-test-carrier-aggregation.cc.o
[1098/1968] Building CXX object src/lte/CMakeFiles/lte-test.dir/test/lte-test-downlink-sinr.cc.o
[1099/1968] Building CXX object src/lte/CMakeFiles/lte-test.dir/test/lte-test-entities.cc.o
[1100/1968] Building CXX object src/lte/CMakeFiles/lte-test.dir/test/lte-test-cqi-generation.cc.o
[1101/1968] Building CXX object src/lte/CMakeFiles/lte-test.dir/test/lte-test-cell-selection.cc.o
[1102/1968] Building CXX object src/lte/CMakeFiles/lte-test.dir/test/lte-test-downlink-power-control.cc.o
[1103/1968] Building CXX object src/lte/CMakeFiles/lte-test.dir/test/lte-test-deactivate-bearer.cc.o
[1104/1968] Building CXX object src/lte/CMakeFiles/lte-test.dir/test/lte-test-cqa-ff-mac-scheduler.cc.o
[1105/1968] Building CXX object src/lte/CMakeFiles/lte-test.dir/test/lte-test-fdmt-ff-mac-scheduler.cc.o
[1106/1968] Building CXX object src/lte/CMakeFiles/lte-test.dir/test/lte-test-fdbet-ff-mac-scheduler.cc.o
[1107/1968] Building CXX object src/lte/CMakeFiles/lte-test.dir/test/lte-test-harq.cc.o
[1108/1968] Building CXX object src/lte/CMakeFiles/lte-test.dir/test/lte-test-interference-fr.cc.o
[1109/1968] Building CXX object src/lte/CMakeFiles/lte-test.dir/test/lte-test-interference.cc.o
[1110/1968] Building CXX object src/lte/CMakeFiles/lte-test.dir/test/lte-test-pathloss-model.cc.o
[1111/1968] Building CXX object src/lte/CMakeFiles/lte-test.dir/test/lte-test-link-adaptation.cc.o
[1112/1968] Building CXX object src/lte/CMakeFiles/lte-test.dir/test/lte-test-fdtbfq-ff-mac-scheduler.cc.o
[1113/1968] Building CXX object src/lte/CMakeFiles/lte-test.dir/test/lte-test-mimo.cc.o
[1114/1968] Building CXX object src/lte/CMakeFiles/lte-test.dir/test/lte-test-pf-ff-mac-scheduler.cc.o
[1115/1968] Building CXX object src/lte/CMakeFiles/lte-test.dir/test/lte-test-phy-error-model.cc.o
[1116/1968] Building CXX object src/lte/CMakeFiles/lte-test.dir/test/lte-test-rlc-am-transmitter.cc.o
[1117/1968] Building CXX object src/lte/CMakeFiles/lte-test.dir/test/lte-test-rlc-um-transmitter.cc.o
[1118/1968] Building CXX object src/lte/CMakeFiles/lte-test.dir/test/lte-test-rlc-um-e2e.cc.o
[1119/1968] Building CXX object src/lte/CMakeFiles/lte-test.dir/test/lte-test-rlc-am-e2e.cc.o
[1120/1968] Building CXX object src/lte/CMakeFiles/lte-test.dir/test/lte-test-primary-cell-change.cc.o
[1121/1968] Building CXX object src/lte/CMakeFiles/lte-test.dir/test/lte-test-ipv6-routing.cc.o
[1122/1968] Building CXX object src/lte/CMakeFiles/lte-test.dir/test/lte-test-rr-ff-mac-scheduler.cc.o
[1123/1968] Building CXX object src/lte/CMakeFiles/lte-test.dir/test/lte-test-spectrum-value-helper.cc.o
[1124/1968] Building CXX object src/lte/CMakeFiles/lte-test.dir/test/lte-test-secondary-cell-handover.cc.o
[1125/1968] Building CXX object src/lte/CMakeFiles/lte-test.dir/test/lte-test-pss-ff-mac-scheduler.cc.o
[1126/1968] Building CXX object src/lte/CMakeFiles/lte-test.dir/test/lte-test-frequency-reuse.cc.o
[1127/1968] Building CXX object src/lte/CMakeFiles/lte-test.dir/test/lte-test-tdmt-ff-mac-scheduler.cc.o
[1128/1968] Building CXX object src/lte/CMakeFiles/lte-test.dir/test/lte-test-secondary-cell-selection.cc.o
[1129/1968] Building CXX object src/lte/CMakeFiles/lte-test.dir/test/lte-test-ue-phy.cc.o
[1130/1968] Building CXX object src/lte/CMakeFiles/lte-test.dir/test/lte-test-tdbet-ff-mac-scheduler.cc.o
[1131/1968] Building CXX object src/lte/CMakeFiles/lte-test.dir/test/lte-test-tta-ff-mac-scheduler.cc.o
[1132/1968] Building CXX object src/lte/CMakeFiles/lte-test.dir/test/test-epc-tft-classifier.cc.o
[1133/1968] Building CXX object src/lte/CMakeFiles/lte-test.dir/test/lte-test-tdtbfq-ff-mac-scheduler.cc.o
[1134/1968] Building CXX object src/lte/CMakeFiles/lte-test.dir/test/lte-test-radio-link-failure.cc.o
[1135/1968] Building CXX object src/lte/CMakeFiles/lte-test.dir/test/lte-test-uplink-sinr.cc.o
[1136/1968] Building CXX object src/lte/CMakeFiles/lte-test.dir/test/lte-test-uplink-power-control.cc.o
[1137/1968] Building CXX object src/lte/CMakeFiles/lte-test.dir/test/test-lte-handover-delay.cc.o
[1138/1968] Building CXX object src/lte/CMakeFiles/lte-test.dir/test/test-lte-antenna.cc.o
[1139/1968] Building CXX object src/lte/CMakeFiles/lte-test.dir/test/test-lte-rlc-header.cc.o
[1140/1968] Building CXX object src/lte/CMakeFiles/lte-test.dir/test/test-asn1-encoding.cc.o
[1141/1968] Building CXX object src/lte/CMakeFiles/lte-test.dir/test/test-lte-epc-e2e-data.cc.o
[1142/1968] Building CXX object src/lte/CMakeFiles/lte-test.dir/test/test-lte-handover-failure.cc.o
[1143/1968] Building CXX object src/lte/examples/CMakeFiles/lena-cc-helper.dir/lena-cc-helper.cc.o
[1144/1968] Building CXX object src/lte/CMakeFiles/lte-test.dir/test/test-lte-handover-target.cc.o
[1145/1968] Building CXX object src/lte/CMakeFiles/lte-test.dir/test/lte-test-ue-measurements.cc.o
[1146/1968] Building CXX object src/lte/examples/CMakeFiles/lena-cqi-threshold.dir/lena-cqi-threshold.cc.o
[1147/1968] Building CXX object src/lte/examples/CMakeFiles/lena-fading.dir/lena-fading.cc.o
[1148/1968] Building CXX object src/lte/CMakeFiles/lte-test.dir/test/test-lte-rrc.cc.o
[1149/1968] Building CXX object src/lte/examples/CMakeFiles/lena-deactivate-bearer.dir/lena-deactivate-bearer.cc.o
[1150/1968] Building CXX object src/lte/CMakeFiles/lte-test.dir/test/test-lte-x2-handover-measures.cc.o
[1151/1968] Building CXX object src/lte/examples/CMakeFiles/lena-intercell-interference.dir/lena-intercell-interference.cc.o
[1152/1968] Building CXX object src/lte/examples/CMakeFiles/lena-distributed-ffr.dir/lena-distributed-ffr.cc.o
[1153/1968] Building CXX object src/lte/CMakeFiles/lte-test.dir/test/test-lte-x2-handover.cc.o
[1154/1968] Building CXX object src/lte/examples/CMakeFiles/lena-dual-stripe.dir/lena-dual-stripe.cc.o
[1155/1968] Building CXX object src/lte/examples/CMakeFiles/lena-frequency-reuse.dir/lena-frequency-reuse.cc.o
[1156/1968] Building CXX object src/lte/examples/CMakeFiles/lena-ipv6-addr-conf.dir/lena-ipv6-addr-conf.cc.o
[1157/1968] Building CXX object src/lte/examples/CMakeFiles/lena-ipv6-ue-rh.dir/lena-ipv6-ue-rh.cc.o
[1158/1968] Building CXX object src/lte/examples/CMakeFiles/lena-ipv6-ue-ue.dir/lena-ipv6-ue-ue.cc.o
[1159/1968] Building CXX object src/lte/examples/CMakeFiles/lena-pathloss-traces.dir/lena-pathloss-traces.cc.o
[1160/1968] Building CXX object src/lte/examples/CMakeFiles/lena-profiling.dir/lena-profiling.cc.o
[1161/1968] Building CXX object src/lte/examples/CMakeFiles/lena-rem.dir/lena-rem.cc.o
[1162/1968] Linking CXX shared library /home/ccc/projects/uav-logistics-comms/external/ns-3.47/build/lib/libns3.47-mobility-test-default.so
[1163/1968] Linking CXX executable /home/ccc/projects/uav-logistics-comms/external/ns-3.47/build/src/mobility/examples/ns3.47-bonnmotion-ns2-example-default
[1164/1968] Linking CXX executable /home/ccc/projects/uav-logistics-comms/external/ns-3.47/build/src/mobility/examples/ns3.47-constant-mobility-example-default
[1165/1968] Linking CXX executable /home/ccc/projects/uav-logistics-comms/external/ns-3.47/build/src/mobility/examples/ns3.47-main-random-topology-default
[1166/1968] Building CXX object src/lte/examples/CMakeFiles/lena-rlc-traces.dir/lena-rlc-traces.cc.o
[1167/1968] Linking CXX executable /home/ccc/projects/uav-logistics-comms/external/ns-3.47/build/src/mobility/examples/ns3.47-main-random-walk-default
[1168/1968] Linking CXX executable /home/ccc/projects/uav-logistics-comms/external/ns-3.47/build/src/mobility/examples/ns3.47-ns2-mobility-trace-default
[1169/1968] Linking CXX executable /home/ccc/projects/uav-logistics-comms/external/ns-3.47/build/src/mobility/examples/ns3.47-main-grid-topology-default
[1170/1968] Linking CXX executable /home/ccc/projects/uav-logistics-comms/external/ns-3.47/build/src/mobility/examples/ns3.47-mobility-trace-example-default
[1171/1968] Building CXX object src/lte/examples/CMakeFiles/lena-rem-sector-antenna.dir/lena-rem-sector-antenna.cc.o
[1172/1968] Linking CXX executable /home/ccc/projects/uav-logistics-comms/external/ns-3.47/build/src/mobility/examples/ns3.47-reference-point-group-mobility-example-default
[1173/1968] Building CXX object src/lte/examples/CMakeFiles/lena-simple.dir/lena-simple.cc.o
[1174/1968] Building CXX object src/lte/examples/CMakeFiles/lena-simple-epc.dir/lena-simple-epc.cc.o
[1175/1968] Building CXX object src/lte/examples/CMakeFiles/lena-uplink-power-control.dir/lena-uplink-power-control.cc.o
[1176/1968] Building CXX object src/lte/examples/CMakeFiles/lena-simple-epc-backhaul.dir/lena-simple-epc-backhaul.cc.o
[1177/1968] Building CXX object src/lte/examples/CMakeFiles/lena-radio-link-failure.dir/lena-radio-link-failure.cc.o
[1178/1968] Building CXX object src/netanim/CMakeFiles/netanim-test.dir/test/netanim-test.cc.o
[1179/1968] Building CXX object src/lte/examples/CMakeFiles/lena-x2-handover.dir/lena-x2-handover.cc.o
[1180/1968] Building CXX object src/netanim/examples/CMakeFiles/dumbbell-animation.dir/dumbbell-animation.cc.o
[1181/1968] Linking CXX executable /home/ccc/projects/uav-logistics-comms/external/ns-3.47/build/src/network/examples/ns3.47-bit-serializer-default
[1182/1968] Linking CXX shared library /home/ccc/projects/uav-logistics-comms/external/ns-3.47/build/lib/libns3.47-network-test-default.so
[1183/1968] Building CXX object src/lte/examples/CMakeFiles/lena-simple-epc-emu.dir/lena-simple-epc-emu.cc.o
[1184/1968] Linking CXX executable /home/ccc/projects/uav-logistics-comms/external/ns-3.47/build/src/network/examples/ns3.47-main-packet-header-default
[1185/1968] Linking CXX executable /home/ccc/projects/uav-logistics-comms/external/ns-3.47/build/src/network/examples/ns3.47-main-packet-tag-default
[1186/1968] Linking CXX executable /home/ccc/projects/uav-logistics-comms/external/ns-3.47/build/src/network/examples/ns3.47-packet-socket-apps-default
[1187/1968] Linking CXX executable /home/ccc/projects/uav-logistics-comms/external/ns-3.47/build/src/network/examples/ns3.47-lollipop-comparisons-default
[1188/1968] Linking CXX shared library /home/ccc/projects/uav-logistics-comms/external/ns-3.47/build/lib/libns3.47-point-to-point-default.so
[1189/1968] Building CXX object src/netanim/examples/CMakeFiles/grid-animation.dir/grid-animation.cc.o
[1190/1968] Linking CXX shared library /home/ccc/projects/uav-logistics-comms/external/ns-3.47/build/lib/libns3.47-propagation-default.so
[1191/1968] Linking CXX shared library /home/ccc/projects/uav-logistics-comms/external/ns-3.47/build/lib/libns3.47-point-to-point-test-default.so
[1192/1968] Linking CXX executable /home/ccc/projects/uav-logistics-comms/external/ns-3.47/build/src/point-to-point/examples/ns3.47-main-attribute-value-default
[1193/1968] Linking CXX shared library /home/ccc/projects/uav-logistics-comms/external/ns-3.47/build/lib/libns3.47-buildings-default.so
[1194/1968] Linking CXX shared library /home/ccc/projects/uav-logistics-comms/external/ns-3.47/build/lib/libns3.47-propagation-test-default.so
[1195/1968] Linking CXX executable /home/ccc/projects/uav-logistics-comms/external/ns-3.47/build/src/buildings/examples/ns3.47-buildings-pathloss-profiler-default
[1196/1968] Linking CXX shared library /home/ccc/projects/uav-logistics-comms/external/ns-3.47/build/lib/libns3.47-buildings-test-default.so
[1197/1968] Building CXX object src/lte/examples/CMakeFiles/lena-x2-handover-measures.dir/lena-x2-handover-measures.cc.o
[1198/1968] Linking CXX executable /home/ccc/projects/uav-logistics-comms/external/ns-3.47/build/src/buildings/examples/ns3.47-outdoor-group-mobility-example-default
[1199/1968] Linking CXX executable /home/ccc/projects/uav-logistics-comms/external/ns-3.47/build/src/buildings/examples/ns3.47-outdoor-random-walk-example-default
[1200/1968] Linking CXX executable /home/ccc/projects/uav-logistics-comms/external/ns-3.47/build/src/propagation/examples/ns3.47-main-propagation-loss-default
[1201/1968] Linking CXX executable /home/ccc/projects/uav-logistics-comms/external/ns-3.47/build/src/propagation/examples/ns3.47-jakes-propagation-model-example-default
[1202/1968] Linking CXX shared library /home/ccc/projects/uav-logistics-comms/external/ns-3.47/build/lib/libns3.47-stats-test-default.so
[1203/1968] Linking CXX executable /home/ccc/projects/uav-logistics-comms/external/ns-3.47/build/src/stats/examples/ns3.47-time-probe-example-default
[1204/1968] Linking CXX executable /home/ccc/projects/uav-logistics-comms/external/ns-3.47/build/src/stats/examples/ns3.47-gnuplot-example-default
[1205/1968] Linking CXX shared library /home/ccc/projects/uav-logistics-comms/external/ns-3.47/build/lib/libns3.47-spectrum-default.so
[1206/1968] Linking CXX executable /home/ccc/projects/uav-logistics-comms/external/ns-3.47/build/src/stats/examples/ns3.47-gnuplot-aggregator-example-default
[1207/1968] Linking CXX executable /home/ccc/projects/uav-logistics-comms/external/ns-3.47/build/src/stats/examples/ns3.47-double-probe-example-default
[1208/1968] Linking CXX executable /home/ccc/projects/uav-logistics-comms/external/ns-3.47/build/src/spectrum/examples/ns3.47-tv-trans-example-default
[1209/1968] Linking CXX shared library /home/ccc/projects/uav-logistics-comms/external/ns-3.47/build/lib/libns3.47-spectrum-test-default.so
[1210/1968] Linking CXX shared library /home/ccc/projects/uav-logistics-comms/external/ns-3.47/build/lib/libns3.47-lr-wpan-default.so
[1211/1968] Linking CXX executable /home/ccc/projects/uav-logistics-comms/external/ns-3.47/build/src/spectrum/examples/ns3.47-tv-trans-regional-example-default
[1212/1968] Linking CXX executable /home/ccc/projects/uav-logistics-comms/external/ns-3.47/build/src/spectrum/examples/ns3.47-three-gpp-ntn-channel-example-default
[1213/1968] Linking CXX executable /home/ccc/projects/uav-logistics-comms/external/ns-3.47/build/src/lr-wpan/examples/ns3.47-lr-wpan-beacon-mode-default
[1214/1968] Linking CXX executable /home/ccc/projects/uav-logistics-comms/external/ns-3.47/build/src/lr-wpan/examples/ns3.47-lr-wpan-data-default
[1215/1968] Linking CXX shared library /home/ccc/projects/uav-logistics-comms/external/ns-3.47/build/lib/libns3.47-lr-wpan-test-default.so
[1216/1968] Linking CXX executable /home/ccc/projects/uav-logistics-comms/external/ns-3.47/build/src/lr-wpan/examples/ns3.47-lr-wpan-packet-print-default
[1217/1968] Linking CXX executable /home/ccc/projects/uav-logistics-comms/external/ns-3.47/build/src/lr-wpan/examples/ns3.47-lr-wpan-phy-test-default
[1218/1968] Linking CXX executable /home/ccc/projects/uav-logistics-comms/external/ns-3.47/build/src/lr-wpan/examples/ns3.47-lr-wpan-ed-scan-default
[1219/1968] Linking CXX executable /home/ccc/projects/uav-logistics-comms/external/ns-3.47/build/src/lr-wpan/examples/ns3.47-lr-wpan-active-scan-default
[1220/1968] Linking CXX executable /home/ccc/projects/uav-logistics-comms/external/ns-3.47/build/src/lr-wpan/examples/ns3.47-lr-wpan-orphan-scan-default
[1221/1968] Linking CXX executable /home/ccc/projects/uav-logistics-comms/external/ns-3.47/build/src/lr-wpan/examples/ns3.47-lr-wpan-error-distance-plot-default
[1222/1968] Linking CXX executable /home/ccc/projects/uav-logistics-comms/external/ns-3.47/build/src/lr-wpan/examples/ns3.47-lr-wpan-error-model-plot-default
[1223/1968] Linking CXX executable /home/ccc/projects/uav-logistics-comms/external/ns-3.47/build/src/lr-wpan/examples/ns3.47-lr-wpan-per-plot-default
[1224/1968] Linking CXX executable /home/ccc/projects/uav-logistics-comms/external/ns-3.47/build/src/spectrum/examples/ns3.47-three-gpp-channel-consistency-example-default
[1225/1968] Linking CXX executable /home/ccc/projects/uav-logistics-comms/external/ns-3.47/build/src/stats/examples/ns3.47-file-aggregator-example-default
[1226/1968] Linking CXX executable /home/ccc/projects/uav-logistics-comms/external/ns-3.47/build/src/stats/examples/ns3.47-gnuplot-helper-example-default
[1227/1968] Linking CXX executable /home/ccc/projects/uav-logistics-comms/external/ns-3.47/build/src/stats/examples/ns3.47-file-helper-example-default
[1228/1968] Building CXX object src/netanim/examples/CMakeFiles/star-animation.dir/star-animation.cc.o
[1229/1968] Linking CXX executable /home/ccc/projects/uav-logistics-comms/external/ns-3.47/build/src/tap-bridge/ns3.47-tap-creator-default
[1230/1968] Building CXX object src/netanim/examples/CMakeFiles/colors-link-description.dir/colors-link-description.cc.o
[1231/1968] Building CXX object src/spectrum/examples/CMakeFiles/three-gpp-two-ray-channel-calibration.dir/three-gpp-two-ray-channel-calibration.cc.o
[1232/1968] Building CXX object src/spectrum/examples/CMakeFiles/three-gpp-channel-example.dir/three-gpp-channel-example.cc.o
[1233/1968] Building CXX object src/tap-bridge/CMakeFiles/tap-bridge.dir/helper/tap-bridge-helper.cc.o
[1234/1968] Building CXX object src/tap-bridge/CMakeFiles/tap-bridge.dir/model/tap-encode-decode.cc.o
[1235/1968] Building CXX object src/netanim/examples/CMakeFiles/resources-counters.dir/resources-counters.cc.o
[1236/1968] Building CXX object src/netanim/examples/CMakeFiles/wireless-animation.dir/wireless-animation.cc.o
[1237/1968] Building CXX object src/test/CMakeFiles/test.dir/ns3tcp/ns3tcp-socket-test-suite.cc.o
[1238/1968] Building CXX object src/test/CMakeFiles/test.dir/ns3tcp/ns3tcp-state-test-suite.cc.o
[1239/1968] Building CXX object src/netanim/examples/CMakeFiles/uan-animation.dir/uan-animation.cc.o
[1240/1968] Building CXX object src/tap-bridge/examples/CMakeFiles/tap-csma-virtual-machine.dir/tap-csma-virtual-machine.cc.o
[1241/1968] Building CXX object src/test/CMakeFiles/test.dir/ns3tcp/ns3tcp-socket-writer.cc.o
[1242/1968] Building CXX object src/netanim/CMakeFiles/netanim.dir/model/animation-interface.cc.o
[1243/1968] Building CXX object src/test/CMakeFiles/test.dir/csma-system-test-suite.cc.o
[1244/1968] Building CXX object src/tap-bridge/CMakeFiles/tap-bridge.dir/model/tap-bridge.cc.o
[1245/1968] Building CXX object src/test/CMakeFiles/test.dir/ns3tc/pfifo-fast-queue-disc-test-suite.cc.o
[1246/1968] Building CXX object src/tap-bridge/examples/CMakeFiles/tap-wifi-virtual-machine.dir/tap-wifi-virtual-machine.cc.o
[1247/1968] Building CXX object src/tap-bridge/examples/CMakeFiles/tap-csma.dir/tap-csma.cc.o
[1248/1968] Building CXX object src/topology-read/CMakeFiles/topology-read.dir/helper/topology-reader-helper.cc.o
[1249/1968] Building CXX object src/test/CMakeFiles/test.dir/ns3tc/fq-pie-queue-disc-test-suite.cc.o
[1250/1968] Building CXX object src/test/CMakeFiles/test.dir/ns3wifi/wifi-issue-211-test-suite.cc.o
[1251/1968] Building CXX object src/tap-bridge/examples/CMakeFiles/tap-wifi-dumbbell.dir/tap-wifi-dumbbell.cc.o
[1252/1968] Building CXX object src/test/CMakeFiles/test.dir/ns3wifi/wifi-msdu-aggregator-test-suite.cc.o
[1253/1968] Building CXX object src/test/CMakeFiles/test.dir/ns3wifi/wifi-ac-mapping-test-suite.cc.o
[1254/1968] Building CXX object src/topology-read/CMakeFiles/topology-read.dir/model/orbis-topology-reader.cc.o
[1255/1968] Building CXX object src/test/CMakeFiles/test.dir/traced/traced-value-callback-typedef-test-suite.cc.o
[1256/1968] Building CXX object src/topology-read/CMakeFiles/topology-read.dir/model/inet-topology-reader.cc.o
[1257/1968] Building CXX object src/topology-read/CMakeFiles/topology-read.dir/model/topology-reader.cc.o
[1258/1968] Building CXX object src/topology-read/CMakeFiles/topology-read-test.dir/test/rocketfuel-topology-reader-test-suite.cc.o
[1259/1968] Building CXX object src/test/CMakeFiles/test.dir/ns3tc/fq-cobalt-queue-disc-test-suite.cc.o
[1260/1968] Building CXX object src/traffic-control/CMakeFiles/traffic-control.dir/helper/queue-disc-container.cc.o
[1261/1968] Building CXX object src/test/CMakeFiles/test.dir/ns3tc/fq-codel-queue-disc-test-suite.cc.o
[1262/1968] Building CXX object src/traffic-control/CMakeFiles/traffic-control.dir/model/fifo-queue-disc.cc.o
[1263/1968] Building CXX object src/traffic-control/CMakeFiles/traffic-control.dir/helper/traffic-control-helper.cc.o
[1264/1968] Building CXX object src/traffic-control/CMakeFiles/traffic-control.dir/model/mq-queue-disc.cc.o
[1265/1968] Building CXX object src/traffic-control/CMakeFiles/traffic-control.dir/model/packet-filter.cc.o
[1266/1968] Building CXX object src/traffic-control/CMakeFiles/traffic-control.dir/model/fq-cobalt-queue-disc.cc.o
[1267/1968] Building CXX object src/traffic-control/CMakeFiles/traffic-control.dir/model/fq-codel-queue-disc.cc.o
[1268/1968] Building CXX object src/traffic-control/CMakeFiles/traffic-control.dir/model/codel-queue-disc.cc.o
[1269/1968] Building CXX object src/traffic-control/CMakeFiles/traffic-control.dir/model/cobalt-queue-disc.cc.o
[1270/1968] Building CXX object src/topology-read/CMakeFiles/topology-read.dir/model/rocketfuel-topology-reader.cc.o
[1271/1968] Building CXX object src/traffic-control/CMakeFiles/traffic-control.dir/model/fq-pie-queue-disc.cc.o
[1272/1968] Linking CXX shared library /home/ccc/projects/uav-logistics-comms/external/ns-3.47/build/lib/libns3.47-topology-read-default.so
[1273/1968] Building CXX object src/topology-read/examples/CMakeFiles/topology-example-sim.dir/topology-example-sim.cc.o
[1274/1968] Linking CXX shared library /home/ccc/projects/uav-logistics-comms/external/ns-3.47/build/lib/libns3.47-topology-read-test-default.so
[1275/1968] Building CXX object src/traffic-control/CMakeFiles/traffic-control.dir/model/pfifo-fast-queue-disc.cc.o
[1276/1968] Building CXX object src/traffic-control/CMakeFiles/traffic-control.dir/model/prio-queue-disc.cc.o
[1277/1968] Building CXX object src/traffic-control/CMakeFiles/traffic-control.dir/model/pie-queue-disc.cc.o
[1278/1968] Building CXX object src/traffic-control/CMakeFiles/traffic-control.dir/model/red-queue-disc.cc.o
[1279/1968] Building CXX object src/traffic-control/CMakeFiles/traffic-control-test.dir/test/fifo-queue-disc-test-suite.cc.o
[1280/1968] Building CXX object src/traffic-control/CMakeFiles/traffic-control.dir/model/tbf-queue-disc.cc.o
[1281/1968] Building CXX object src/traffic-control/CMakeFiles/traffic-control.dir/model/traffic-control-layer.cc.o
[1282/1968] Building CXX object src/traffic-control/CMakeFiles/traffic-control-test.dir/test/prio-queue-disc-test-suite.cc.o
[1283/1968] Building CXX object src/traffic-control/CMakeFiles/traffic-control-test.dir/test/adaptive-red-queue-disc-test-suite.cc.o
[1284/1968] Building CXX object src/traffic-control/CMakeFiles/traffic-control.dir/model/queue-disc.cc.o
[1285/1968] Linking CXX shared library /home/ccc/projects/uav-logistics-comms/external/ns-3.47/build/lib/libns3.47-traffic-control-default.so
[1286/1968] Building CXX object src/traffic-control/CMakeFiles/traffic-control-test.dir/test/queue-disc-traces-test-suite.cc.o
[1287/1968] Building CXX object src/traffic-control/CMakeFiles/traffic-control-test.dir/test/tc-flow-control-test-suite.cc.o
[1288/1968] Building CXX object src/traffic-control/CMakeFiles/traffic-control-test.dir/test/cobalt-queue-disc-test-suite.cc.o
[1289/1968] Building CXX object src/traffic-control/CMakeFiles/traffic-control-test.dir/test/codel-queue-disc-test-suite.cc.o
[1290/1968] Linking CXX shared library /home/ccc/projects/uav-logistics-comms/external/ns-3.47/build/lib/libns3.47-internet-default.so
[1291/1968] Linking CXX shared library /home/ccc/projects/uav-logistics-comms/external/ns-3.47/build/lib/libns3.47-applications-default.so
[1292/1968] Building CXX object src/traffic-control/CMakeFiles/traffic-control-test.dir/test/tbf-queue-disc-test-suite.cc.o
[1293/1968] Linking CXX shared library /home/ccc/projects/uav-logistics-comms/external/ns-3.47/build/lib/libns3.47-applications-test-default.so
[1294/1968] Linking CXX executable /home/ccc/projects/uav-logistics-comms/external/ns-3.47/build/src/applications/examples/ns3.47-three-gpp-http-example-default
[1295/1968] Linking CXX executable /home/ccc/projects/uav-logistics-comms/external/ns-3.47/build/src/bridge/examples/ns3.47-csma-bridge-default
[1296/1968] Linking CXX executable /home/ccc/projects/uav-logistics-comms/external/ns-3.47/build/src/bridge/examples/ns3.47-csma-bridge-one-hop-default
[1297/1968] Linking CXX executable /home/ccc/projects/uav-logistics-comms/external/ns-3.47/build/src/csma/examples/ns3.47-csma-one-subnet-default
[1298/1968] Linking CXX executable /home/ccc/projects/uav-logistics-comms/external/ns-3.47/build/src/csma/examples/ns3.47-csma-broadcast-default
[1299/1968] Linking CXX executable /home/ccc/projects/uav-logistics-comms/external/ns-3.47/build/src/csma/examples/ns3.47-csma-packet-socket-default
[1300/1968] Linking CXX executable /home/ccc/projects/uav-logistics-comms/external/ns-3.47/build/src/csma/examples/ns3.47-csma-multicast-default
[1301/1968] Linking CXX shared library /home/ccc/projects/uav-logistics-comms/external/ns-3.47/build/lib/libns3.47-csma-layout-default.so
[1302/1968] Linking CXX executable /home/ccc/projects/uav-logistics-comms/external/ns-3.47/build/src/fd-net-device/examples/ns3.47-fd2fd-onoff-default
[1303/1968] Linking CXX executable /home/ccc/projects/uav-logistics-comms/external/ns-3.47/build/src/csma-layout/examples/ns3.47-csma-star-default
[1304/1968] Linking CXX executable /home/ccc/projects/uav-logistics-comms/external/ns-3.47/build/src/fd-net-device/examples/ns3.47-realtime-fd2fd-onoff-default
[1305/1968] Linking CXX executable /home/ccc/projects/uav-logistics-comms/external/ns-3.47/build/src/fd-net-device/examples/ns3.47-fd-emu-udp-echo-default
[1306/1968] Linking CXX executable /home/ccc/projects/uav-logistics-comms/external/ns-3.47/build/src/fd-net-device/examples/ns3.47-fd-emu-onoff-default
[1307/1968] Linking CXX shared library /home/ccc/projects/uav-logistics-comms/external/ns-3.47/build/lib/libns3.47-flow-monitor-default.so
[1308/1968] Linking CXX executable /home/ccc/projects/uav-logistics-comms/external/ns-3.47/build/src/internet/examples/ns3.47-main-simple-default
[1309/1968] Linking CXX executable /home/ccc/projects/uav-logistics-comms/external/ns-3.47/build/src/internet/examples/ns3.47-neighbor-cache-example-default
[1310/1968] Linking CXX executable /home/ccc/projects/uav-logistics-comms/external/ns-3.47/build/src/internet/examples/ns3.47-neighbor-cache-dynamic-default
[1311/1968] Linking CXX shared library /home/ccc/projects/uav-logistics-comms/external/ns-3.47/build/lib/libns3.47-internet-test-default.so
[1312/1968] Building CXX object src/traffic-control/CMakeFiles/traffic-control-test.dir/test/pie-queue-disc-test-suite.cc.o
[1313/1968] Linking CXX executable /home/ccc/projects/uav-logistics-comms/external/ns-3.47/build/src/internet/examples/ns3.47-ipv4-global-routing-print-route-default
[1314/1968] Linking CXX shared library /home/ccc/projects/uav-logistics-comms/external/ns-3.47/build/lib/libns3.47-nix-vector-routing-default.so
[1315/1968] Linking CXX shared library /home/ccc/projects/uav-logistics-comms/external/ns-3.47/build/lib/libns3.47-internet-apps-default.so
[1316/1968] Linking CXX shared library /home/ccc/projects/uav-logistics-comms/external/ns-3.47/build/lib/libns3.47-olsr-default.so
[1317/1968] Linking CXX shared library /home/ccc/projects/uav-logistics-comms/external/ns-3.47/build/lib/libns3.47-nix-vector-routing-test-default.so
[1318/1968] Building CXX object src/traffic-control/examples/CMakeFiles/red-vs-ared.dir/red-vs-ared.cc.o
[1319/1968] Linking CXX executable /home/ccc/projects/uav-logistics-comms/external/ns-3.47/build/src/csma/examples/ns3.47-csma-raw-ip-socket-default
[1320/1968] Linking CXX executable /home/ccc/projects/uav-logistics-comms/external/ns-3.47/build/src/fd-net-device/examples/ns3.47-dummy-network-default
[1321/1968] Linking CXX executable /home/ccc/projects/uav-logistics-comms/external/ns-3.47/build/src/csma/examples/ns3.47-csma-ping-default
[1322/1968] Linking CXX executable /home/ccc/projects/uav-logistics-comms/external/ns-3.47/build/src/fd-net-device/examples/ns3.47-realtime-dummy-network-default
[1323/1968] Linking CXX executable /home/ccc/projects/uav-logistics-comms/external/ns-3.47/build/src/fd-net-device/examples/ns3.47-fd-emu-ping-default
[1324/1968] Building CXX object src/traffic-control/examples/CMakeFiles/red-tests.dir/red-tests.cc.o
[1325/1968] Linking CXX executable /home/ccc/projects/uav-logistics-comms/external/ns-3.47/build/src/fd-net-device/examples/ns3.47-fd-emu-send-default
[1326/1968] Linking CXX executable /home/ccc/projects/uav-logistics-comms/external/ns-3.47/build/src/fd-net-device/examples/ns3.47-fd-emu-tc-default
[1327/1968] Linking CXX executable /home/ccc/projects/uav-logistics-comms/external/ns-3.47/build/src/fd-net-device/examples/ns3.47-fd-tap-ping-default
[1328/1968] Linking CXX executable /home/ccc/projects/uav-logistics-comms/external/ns-3.47/build/src/fd-net-device/examples/ns3.47-fd-tap-ping6-default
[1329/1968] Linking CXX shared library /home/ccc/projects/uav-logistics-comms/external/ns-3.47/build/lib/libns3.47-internet-apps-test-default.so
[1330/1968] Linking CXX executable /home/ccc/projects/uav-logistics-comms/external/ns-3.47/build/src/internet-apps/examples/ns3.47-dhcp-example-default
[1331/1968] Linking CXX executable /home/ccc/projects/uav-logistics-comms/external/ns-3.47/build/src/internet-apps/examples/ns3.47-ping-example-default
[1332/1968] Linking CXX executable /home/ccc/projects/uav-logistics-comms/external/ns-3.47/build/src/nix-vector-routing/examples/ns3.47-nix-simple-default
[1333/1968] Linking CXX executable /home/ccc/projects/uav-logistics-comms/external/ns-3.47/build/src/nix-vector-routing/examples/ns3.47-nix-simple-multi-address-default
[1334/1968] Linking CXX executable /home/ccc/projects/uav-logistics-comms/external/ns-3.47/build/src/nix-vector-routing/examples/ns3.47-nms-p2p-nix-default
[1335/1968] Linking CXX shared library /home/ccc/projects/uav-logistics-comms/external/ns-3.47/build/lib/libns3.47-point-to-point-layout-default.so
[1336/1968] Linking CXX shared library /home/ccc/projects/uav-logistics-comms/external/ns-3.47/build/lib/libns3.47-sixlowpan-default.so
[1337/1968] Linking CXX shared library /home/ccc/projects/uav-logistics-comms/external/ns-3.47/build/lib/libns3.47-olsr-test-default.so
[1338/1968] Linking CXX executable /home/ccc/projects/uav-logistics-comms/external/ns-3.47/build/src/spectrum/examples/ns3.47-adhoc-aloha-ideal-phy-default
[1339/1968] Linking CXX executable /home/ccc/projects/uav-logistics-comms/external/ns-3.47/build/src/sixlowpan/examples/ns3.47-example-sixlowpan-default
[1340/1968] Linking CXX shared library /home/ccc/projects/uav-logistics-comms/external/ns-3.47/build/lib/libns3.47-sixlowpan-test-default.so
[1341/1968] Linking CXX executable /home/ccc/projects/uav-logistics-comms/external/ns-3.47/build/src/spectrum/examples/ns3.47-adhoc-aloha-ideal-phy-matrix-propagation-loss-model-default
[1342/1968] Linking CXX executable /home/ccc/projects/uav-logistics-comms/external/ns-3.47/build/src/spectrum/examples/ns3.47-adhoc-aloha-ideal-phy-with-microwave-oven-default
[1343/1968] Linking CXX shared library /home/ccc/projects/uav-logistics-comms/external/ns-3.47/build/lib/libns3.47-tap-bridge-default.so
[1344/1968] Linking CXX executable /home/ccc/projects/uav-logistics-comms/external/ns-3.47/build/src/topology-read/examples/ns3.47-topology-example-sim-default
[1345/1968] Linking CXX executable /home/ccc/projects/uav-logistics-comms/external/ns-3.47/build/src/sixlowpan/examples/ns3.47-example-ping-lr-wpan-default
[1346/1968] Linking CXX executable /home/ccc/projects/uav-logistics-comms/external/ns-3.47/build/src/sixlowpan/examples/ns3.47-example-ping-lr-wpan-mesh-under-default
[1347/1968] Linking CXX executable /home/ccc/projects/uav-logistics-comms/external/ns-3.47/build/src/sixlowpan/examples/ns3.47-example-ping-lr-wpan-beacon-default
[1348/1968] Linking CXX executable /home/ccc/projects/uav-logistics-comms/external/ns-3.47/build/src/tap-bridge/examples/ns3.47-tap-csma-virtual-machine-default
[1349/1968] Building CXX object src/traffic-control/CMakeFiles/traffic-control-test.dir/test/red-queue-disc-test-suite.cc.o
[1350/1968] Linking CXX executable /home/ccc/projects/uav-logistics-comms/external/ns-3.47/build/src/traffic-control/examples/ns3.47-red-tests-default
[1351/1968] Linking CXX executable /home/ccc/projects/uav-logistics-comms/external/ns-3.47/build/src/traffic-control/examples/ns3.47-red-vs-ared-default
[1352/1968] Building CXX object src/traffic-control/examples/CMakeFiles/pfifo-vs-red.dir/pfifo-vs-red.cc.o
[1353/1968] Linking CXX shared library /home/ccc/projects/uav-logistics-comms/external/ns-3.47/build/lib/libns3.47-traffic-control-test-default.so
[1354/1968] Linking CXX executable /home/ccc/projects/uav-logistics-comms/external/ns-3.47/build/src/traffic-control/examples/ns3.47-pfifo-vs-red-default
[1355/1968] Building CXX object src/traffic-control/examples/CMakeFiles/adaptive-red-tests.dir/adaptive-red-tests.cc.o
[1356/1968] Building CXX object src/traffic-control/examples/CMakeFiles/codel-vs-pfifo-basic-test.dir/codel-vs-pfifo-basic-test.cc.o
[1357/1968] Linking CXX executable /home/ccc/projects/uav-logistics-comms/external/ns-3.47/build/src/traffic-control/examples/ns3.47-adaptive-red-tests-default
[1358/1968] Linking CXX executable /home/ccc/projects/uav-logistics-comms/external/ns-3.47/build/src/traffic-control/examples/ns3.47-codel-vs-pfifo-basic-test-default
[1359/1968] Building CXX object src/uan/CMakeFiles/uan.dir/model/uan-header-common.cc.o
[1360/1968] Building CXX object src/uan/CMakeFiles/uan.dir/helper/acoustic-modem-energy-model-helper.cc.o
[1361/1968] Building CXX object src/uan/CMakeFiles/uan.dir/model/uan-channel.cc.o
[1362/1968] Building CXX object src/uan/CMakeFiles/uan.dir/helper/uan-helper.cc.o
[1363/1968] Building CXX object src/uan/CMakeFiles/uan.dir/model/uan-header-rc.cc.o
[1364/1968] Building CXX object src/uan/CMakeFiles/uan.dir/model/acoustic-modem-energy-model.cc.o
[1365/1968] Building CXX object src/traffic-control/examples/CMakeFiles/codel-vs-pfifo-asymmetric.dir/codel-vs-pfifo-asymmetric.cc.o
[1366/1968] Linking CXX executable /home/ccc/projects/uav-logistics-comms/external/ns-3.47/build/src/traffic-control/examples/ns3.47-codel-vs-pfifo-asymmetric-default
[1367/1968] Building CXX object src/uan/CMakeFiles/uan.dir/model/uan-mac-aloha.cc.o
[1368/1968] Building CXX object src/uan/CMakeFiles/uan.dir/model/uan-mac.cc.o
[1369/1968] Building CXX object src/uan/CMakeFiles/uan.dir/model/uan-noise-model-default.cc.o
[1370/1968] Building CXX object src/uan/CMakeFiles/uan.dir/model/uan-noise-model.cc.o
[1371/1968] Building CXX object src/traffic-control/examples/CMakeFiles/pie-example.dir/pie-example.cc.o
[1372/1968] Building CXX object src/uan/CMakeFiles/uan.dir/model/uan-mac-cw.cc.o
[1373/1968] Linking CXX executable /home/ccc/projects/uav-logistics-comms/external/ns-3.47/build/src/traffic-control/examples/ns3.47-pie-example-default
[1374/1968] Building CXX object src/uan/CMakeFiles/uan.dir/model/uan-prop-model-ideal.cc.o
[1375/1968] Building CXX object src/uan/CMakeFiles/uan.dir/model/uan-net-device.cc.o
[1376/1968] Building CXX object src/uan/CMakeFiles/uan.dir/model/uan-phy.cc.o
[1377/1968] Building CXX object src/uan/CMakeFiles/uan.dir/model/uan-mac-rc.cc.o
[1378/1968] Building CXX object src/uan/CMakeFiles/uan.dir/model/uan-prop-model-thorp.cc.o
[1379/1968] Building CXX object src/uan/CMakeFiles/uan.dir/model/uan-phy-dual.cc.o
[1380/1968] Building CXX object src/uan/CMakeFiles/uan.dir/model/uan-prop-model.cc.o
[1381/1968] Building CXX object src/uan/CMakeFiles/uan.dir/model/uan-transducer.cc.o
[1382/1968] Building CXX object src/uan/CMakeFiles/uan.dir/model/uan-mac-rc-gw.cc.o
[1383/1968] Building CXX object src/uan/CMakeFiles/uan.dir/model/uan-transducer-hd.cc.o
[1384/1968] Building CXX object src/uan/CMakeFiles/uan.dir/model/uan-tx-mode.cc.o
[1385/1968] Building CXX object src/test/CMakeFiles/test.dir/traced/traced-callback-typedef-test-suite.cc.o
[1386/1968] Building CXX object src/uan/CMakeFiles/uan.dir/model/uan-phy-gen.cc.o
[1387/1968] Linking CXX shared library /home/ccc/projects/uav-logistics-comms/external/ns-3.47/build/lib/libns3.47-uan-default.so
[1388/1968] Building CXX object src/traffic-control/examples/CMakeFiles/fqcodel-l4s-example.dir/fqcodel-l4s-example.cc.o
[1389/1968] Linking CXX executable /home/ccc/projects/uav-logistics-comms/external/ns-3.47/build/src/traffic-control/examples/ns3.47-fqcodel-l4s-example-default
[1390/1968] Building CXX object src/uan/CMakeFiles/uan-test.dir/test/uan-energy-model-test.cc.o
[1391/1968] Building CXX object src/uan/CMakeFiles/uan-test.dir/test/uan-test.cc.o
[1392/1968] Linking CXX shared library /home/ccc/projects/uav-logistics-comms/external/ns-3.47/build/lib/libns3.47-uan-test-default.so
[1393/1968] Building CXX object src/virtual-net-device/CMakeFiles/virtual-net-device.dir/model/virtual-net-device.cc.o
[1394/1968] Linking CXX shared library /home/ccc/projects/uav-logistics-comms/external/ns-3.47/build/lib/libns3.47-virtual-net-device-default.so
[1395/1968] Linking CXX shared library /home/ccc/projects/uav-logistics-comms/external/ns-3.47/build/lib/libns3.47-lte-default.so
[1396/1968] Building CXX object src/uan/examples/CMakeFiles/uan-ipv4-example.dir/uan-ipv4-example.cc.o
[1397/1968] Building CXX object src/uan/examples/CMakeFiles/uan-ipv6-example.dir/uan-ipv6-example.cc.o
[1398/1968] Linking CXX executable /home/ccc/projects/uav-logistics-comms/external/ns-3.47/build/src/lte/examples/ns3.47-lena-cc-helper-default
[1399/1968] Building CXX object src/uan/examples/CMakeFiles/uan-rc-example.dir/uan-rc-example.cc.o
[1400/1968] Linking CXX executable /home/ccc/projects/uav-logistics-comms/external/ns-3.47/build/src/lte/examples/ns3.47-lena-cqi-threshold-default
[1401/1968] Linking CXX executable /home/ccc/projects/uav-logistics-comms/external/ns-3.47/build/src/lte/examples/ns3.47-lena-deactivate-bearer-default
[1402/1968] Building CXX object src/uan/examples/CMakeFiles/uan-raw-example.dir/uan-raw-example.cc.o
[1403/1968] Linking CXX executable /home/ccc/projects/uav-logistics-comms/external/ns-3.47/build/src/lte/examples/ns3.47-lena-distributed-ffr-default
[1404/1968] Building CXX object src/uan/examples/CMakeFiles/uan-cw-example.dir/uan-cw-example.cc.o
[1405/1968] Linking CXX executable /home/ccc/projects/uav-logistics-comms/external/ns-3.47/build/src/lte/examples/ns3.47-lena-dual-stripe-default
[1406/1968] Linking CXX executable /home/ccc/projects/uav-logistics-comms/external/ns-3.47/build/src/lte/examples/ns3.47-lena-fading-default
[1407/1968] Linking CXX shared library /home/ccc/projects/uav-logistics-comms/external/ns-3.47/build/lib/libns3.47-lte-test-default.so
[1408/1968] Building CXX object src/uan/examples/CMakeFiles/uan-6lowpan-example.dir/uan-6lowpan-example.cc.o
[1409/1968] Linking CXX executable /home/ccc/projects/uav-logistics-comms/external/ns-3.47/build/src/lte/examples/ns3.47-lena-frequency-reuse-default
[1410/1968] Linking CXX executable /home/ccc/projects/uav-logistics-comms/external/ns-3.47/build/src/lte/examples/ns3.47-lena-intercell-interference-default
[1411/1968] Linking CXX executable /home/ccc/projects/uav-logistics-comms/external/ns-3.47/build/src/lte/examples/ns3.47-lena-ipv6-addr-conf-default
[1412/1968] Linking CXX executable /home/ccc/projects/uav-logistics-comms/external/ns-3.47/build/src/lte/examples/ns3.47-lena-ipv6-ue-rh-default
[1413/1968] Linking CXX executable /home/ccc/projects/uav-logistics-comms/external/ns-3.47/build/src/lte/examples/ns3.47-lena-ipv6-ue-ue-default
[1414/1968] Linking CXX executable /home/ccc/projects/uav-logistics-comms/external/ns-3.47/build/src/lte/examples/ns3.47-lena-pathloss-traces-default
[1415/1968] Linking CXX executable /home/ccc/projects/uav-logistics-comms/external/ns-3.47/build/src/lte/examples/ns3.47-lena-profiling-default
[1416/1968] Linking CXX executable /home/ccc/projects/uav-logistics-comms/external/ns-3.47/build/src/lte/examples/ns3.47-lena-rem-default
[1417/1968] Linking CXX executable /home/ccc/projects/uav-logistics-comms/external/ns-3.47/build/src/lte/examples/ns3.47-lena-rem-sector-antenna-default
[1418/1968] Linking CXX executable /home/ccc/projects/uav-logistics-comms/external/ns-3.47/build/src/lte/examples/ns3.47-lena-radio-link-failure-default
[1419/1968] Linking CXX executable /home/ccc/projects/uav-logistics-comms/external/ns-3.47/build/src/lte/examples/ns3.47-lena-rlc-traces-default
[1420/1968] Linking CXX executable /home/ccc/projects/uav-logistics-comms/external/ns-3.47/build/src/lte/examples/ns3.47-lena-simple-default
[1421/1968] Linking CXX executable /home/ccc/projects/uav-logistics-comms/external/ns-3.47/build/src/lte/examples/ns3.47-lena-simple-epc-default
[1422/1968] Linking CXX executable /home/ccc/projects/uav-logistics-comms/external/ns-3.47/build/src/lte/examples/ns3.47-lena-simple-epc-backhaul-default
[1423/1968] Linking CXX executable /home/ccc/projects/uav-logistics-comms/external/ns-3.47/build/src/lte/examples/ns3.47-lena-uplink-power-control-default
[1424/1968] Building CXX object src/wifi/CMakeFiles/wifi.dir/helper/athstats-helper.cc.o
[1425/1968] Linking CXX executable /home/ccc/projects/uav-logistics-comms/external/ns-3.47/build/src/lte/examples/ns3.47-lena-x2-handover-default
[1426/1968] Linking CXX executable /home/ccc/projects/uav-logistics-comms/external/ns-3.47/build/src/lte/examples/ns3.47-lena-x2-handover-measures-default
[1427/1968] Linking CXX executable /home/ccc/projects/uav-logistics-comms/external/ns-3.47/build/src/spectrum/examples/ns3.47-three-gpp-channel-example-default
[1428/1968] Linking CXX executable /home/ccc/projects/uav-logistics-comms/external/ns-3.47/build/src/lte/examples/ns3.47-lena-simple-epc-emu-default
[1429/1968] Linking CXX executable /home/ccc/projects/uav-logistics-comms/external/ns-3.47/build/src/spectrum/examples/ns3.47-three-gpp-two-ray-channel-calibration-default
[1430/1968] Linking CXX executable /home/ccc/projects/uav-logistics-comms/external/ns-3.47/build/src/uan/examples/ns3.47-uan-cw-example-default
[1431/1968] Linking CXX executable /home/ccc/projects/uav-logistics-comms/external/ns-3.47/build/src/uan/examples/ns3.47-uan-rc-example-default
[1432/1968] Linking CXX executable /home/ccc/projects/uav-logistics-comms/external/ns-3.47/build/src/uan/examples/ns3.47-uan-ipv4-example-default
[1433/1968] Linking CXX executable /home/ccc/projects/uav-logistics-comms/external/ns-3.47/build/src/uan/examples/ns3.47-uan-ipv6-example-default
[1434/1968] Building CXX object src/virtual-net-device/examples/CMakeFiles/virtual-net-device-example.dir/virtual-net-device-example.cc.o
[1435/1968] Linking CXX executable /home/ccc/projects/uav-logistics-comms/external/ns-3.47/build/src/uan/examples/ns3.47-uan-raw-example-default
[1436/1968] Linking CXX executable /home/ccc/projects/uav-logistics-comms/external/ns-3.47/build/src/uan/examples/ns3.47-uan-6lowpan-example-default
[1437/1968] Linking CXX executable /home/ccc/projects/uav-logistics-comms/external/ns-3.47/build/src/virtual-net-device/examples/ns3.47-virtual-net-device-example-default
[1438/1968] Building CXX object src/wifi/CMakeFiles/wifi.dir/helper/spectrum-wifi-helper.cc.o
[1439/1968] Building CXX object src/wifi/CMakeFiles/wifi.dir/model/addba-extension.cc.o
[1440/1968] Building CXX object src/wifi/CMakeFiles/wifi.dir/helper/wifi-co-trace-helper.cc.o
[1441/1968] Building CXX object src/wifi/CMakeFiles/wifi.dir/model/ampdu-subframe-header.cc.o
[1442/1968] Building CXX object src/wifi/CMakeFiles/wifi.dir/model/ampdu-tag.cc.o
[1443/1968] Building CXX object src/wifi/CMakeFiles/wifi.dir/helper/wifi-radio-energy-model-helper.cc.o
[1444/1968] Building CXX object src/wifi/CMakeFiles/wifi.dir/helper/yans-wifi-helper.cc.o
[1445/1968] Building CXX object src/wifi/CMakeFiles/wifi.dir/model/amsdu-subframe-header.cc.o
[1446/1968] Building CXX object src/wifi/CMakeFiles/wifi.dir/model/adhoc-wifi-mac.cc.o
[1447/1968] Building CXX object src/wifi/CMakeFiles/wifi.dir/model/block-ack-type.cc.o
[1448/1968] Building CXX object src/wifi/CMakeFiles/wifi.dir/model/capability-information.cc.o
[1449/1968] Building CXX object src/wifi/CMakeFiles/wifi.dir/model/block-ack-agreement.cc.o
[1450/1968] Building CXX object src/wifi/CMakeFiles/wifi.dir/model/block-ack-window.cc.o
[1451/1968] Building CXX object src/wifi/CMakeFiles/wifi.dir/helper/wifi-mac-helper.cc.o
[1452/1968] Building CXX object src/wifi/CMakeFiles/wifi.dir/model/edca-parameter-set.cc.o
[1453/1968] Building CXX object src/wifi/CMakeFiles/wifi.dir/helper/wifi-static-setup-helper.cc.o
[1454/1968] Building CXX object src/wifi/CMakeFiles/wifi.dir/helper/wifi-tx-stats-helper.cc.o
[1455/1968] Building CXX object src/wifi/CMakeFiles/wifi.dir/model/eht/common-info-basic-mle.cc.o
[1456/1968] Building CXX object src/wifi/CMakeFiles/wifi.dir/model/eht/common-info-probe-req-mle.cc.o
[1457/1968] Building CXX object src/wifi/CMakeFiles/wifi.dir/model/eht/ap-emlsr-manager.cc.o
[1458/1968] Building CXX object src/wifi/CMakeFiles/wifi.dir/model/eht/advanced-ap-emlsr-manager.cc.o
[1459/1968] Building CXX object src/wifi/CMakeFiles/wifi.dir/model/ctrl-headers.cc.o
[1460/1968] Building CXX object src/wifi/CMakeFiles/wifi.dir/model/block-ack-manager.cc.o
[1461/1968] Building CXX object src/wifi/CMakeFiles/wifi.dir/model/eht/default-ap-emlsr-manager.cc.o
[1462/1968] Building CXX object src/wifi/CMakeFiles/wifi.dir/helper/wifi-helper.cc.o
[1463/1968] Building CXX object src/wifi/CMakeFiles/wifi.dir/helper/wifi-phy-rx-trace-helper.cc.o
[1464/1968] Building CXX object src/wifi/CMakeFiles/wifi.dir/model/eht/eht-capabilities.cc.o
[1465/1968] Building CXX object src/wifi/CMakeFiles/wifi.dir/model/eht/eht-operation.cc.o
[1466/1968] Building CXX object src/wifi/CMakeFiles/wifi.dir/model/channel-access-manager.cc.o
[1467/1968] Building CXX object src/wifi/CMakeFiles/wifi.dir/model/eht/tid-to-link-mapping-element.cc.o
[1468/1968] Building CXX object src/wifi/CMakeFiles/wifi.dir/model/eht/eht-configuration.cc.o
[1469/1968] Building CXX object src/wifi/CMakeFiles/wifi.dir/model/eht/default-emlsr-manager.cc.o
[1470/1968] Building CXX object src/wifi/CMakeFiles/wifi.dir/model/eht/advanced-emlsr-manager.cc.o
[1471/1968] Building CXX object src/wifi/CMakeFiles/wifi.dir/model/error-rate-model.cc.o
[1472/1968] Building CXX object src/wifi/CMakeFiles/wifi.dir/model/extended-capabilities.cc.o
[1473/1968] Building CXX object src/wifi/CMakeFiles/wifi.dir/model/eht/eht-ppdu.cc.o
[1474/1968] Building CXX object src/wifi/CMakeFiles/wifi.dir/model/frame-capture-model.cc.o
[1475/1968] Building CXX object src/wifi/CMakeFiles/wifi.dir/model/eht/eht-ru.cc.o
[1476/1968] Building CXX object src/wifi/CMakeFiles/wifi.dir/model/gcr-group-address.cc.o
[1477/1968] Building CXX object src/wifi/CMakeFiles/wifi.dir/model/eht/eht-phy.cc.o
[1478/1968] Building CXX object src/wifi/CMakeFiles/wifi.dir/model/he/he-6ghz-band-capabilities.cc.o
[1479/1968] Building CXX object src/wifi/CMakeFiles/wifi.dir/model/eht/multi-link-element.cc.o
[1480/1968] Building CXX object src/wifi/CMakeFiles/wifi.dir/model/he/he-capabilities.cc.o
[1481/1968] Building CXX object src/wifi/CMakeFiles/wifi.dir/model/he/he-configuration.cc.o
[1482/1968] Building CXX object src/wifi/CMakeFiles/wifi.dir/model/gcr-manager.cc.o
[1483/1968] Building CXX object src/wifi/CMakeFiles/wifi.dir/model/he/he-operation.cc.o
[1484/1968] Building CXX object src/wifi/CMakeFiles/wifi.dir/model/fcfs-wifi-queue-scheduler.cc.o
[1485/1968] Building CXX object src/wifi/CMakeFiles/wifi.dir/model/he/constant-obss-pd-algorithm.cc.o
[1486/1968] Building CXX object src/wifi/CMakeFiles/wifi.dir/model/eht/eht-frame-exchange-manager.cc.o
[1487/1968] Building CXX object src/wifi/CMakeFiles/wifi.dir/model/he/mu-edca-parameter-set.cc.o
[1488/1968] Building CXX object src/wifi/CMakeFiles/wifi.dir/model/he/mu-snr-tag.cc.o
[1489/1968] Building CXX object src/wifi/CMakeFiles/wifi.dir/model/ap-wifi-mac.cc.o
[1490/1968] Building CXX object src/wifi/CMakeFiles/wifi.dir/model/he/he-ru.cc.o
[1491/1968] Building CXX object src/wifi/CMakeFiles/wifi.dir/model/ht/ht-configuration.cc.o
[1492/1968] Building CXX object src/wifi/CMakeFiles/wifi.dir/model/ht/ht-capabilities.cc.o
[1493/1968] Building CXX object src/wifi/CMakeFiles/wifi.dir/model/he/he-ppdu.cc.o
[1494/1968] Building CXX object src/wifi/CMakeFiles/wifi.dir/model/he/obss-pd-algorithm.cc.o
[1495/1968] Building CXX object src/wifi/CMakeFiles/wifi.dir/model/eht/emlsr-manager.cc.o
[1496/1968] Building CXX object src/wifi/CMakeFiles/wifi.dir/model/ht/ht-operation.cc.o
[1497/1968] Building CXX object src/wifi/CMakeFiles/wifi.dir/model/frame-exchange-manager.cc.o
[1498/1968] Building CXX object src/wifi/CMakeFiles/wifi.dir/model/mac-tx-middle.cc.o
[1499/1968] Building CXX object src/wifi/CMakeFiles/wifi.dir/model/ht/ht-ppdu.cc.o
[1500/1968] Building CXX object src/wifi/CMakeFiles/wifi.dir/model/he/multi-user-scheduler.cc.o
[1501/1968] Building CXX object src/wifi/CMakeFiles/wifi.dir/model/mac-rx-middle.cc.o
[1502/1968] Building CXX object src/wifi/CMakeFiles/wifi.dir/model/mgt-action-headers.cc.o
[1503/1968] Building CXX object src/wifi/CMakeFiles/wifi.dir/model/ht/ht-phy.cc.o
[1504/1968] Building CXX object src/wifi/CMakeFiles/wifi.dir/model/nist-error-rate-model.cc.o
[1505/1968] Building CXX object src/wifi/CMakeFiles/wifi.dir/model/interference-helper.cc.o
[1506/1968] Building CXX object src/wifi/CMakeFiles/wifi.dir/model/he/he-phy.cc.o
[1507/1968] Building CXX object src/wifi/CMakeFiles/wifi.dir/model/non-ht/dsss-error-rate-model.cc.o
[1508/1968] Building CXX object src/wifi/CMakeFiles/wifi.dir/model/he/rr-multi-user-scheduler.cc.o
[1509/1968] Building CXX object src/wifi/CMakeFiles/wifi.dir/model/non-ht/dsss-parameter-set.cc.o
[1510/1968] Building CXX object src/wifi/CMakeFiles/wifi.dir/model/non-ht/erp-information.cc.o
[1511/1968] Building CXX object src/wifi/CMakeFiles/wifi.dir/model/mpdu-aggregator.cc.o
[1512/1968] Building CXX object src/wifi/CMakeFiles/wifi.dir/model/non-ht/dsss-ppdu.cc.o
[1513/1968] Building CXX object src/wifi/CMakeFiles/wifi.dir/model/msdu-aggregator.cc.o
[1514/1968] Building CXX object src/wifi/CMakeFiles/wifi.dir/model/non-ht/erp-ofdm-ppdu.cc.o
[1515/1968] Building CXX object src/wifi/CMakeFiles/wifi.dir/model/he/he-frame-exchange-manager.cc.o
[1516/1968] Building CXX object src/wifi/CMakeFiles/wifi.dir/model/non-inheritance.cc.o
[1517/1968] Building CXX object src/wifi/CMakeFiles/wifi.dir/model/non-ht/ofdm-ppdu.cc.o
[1518/1968] Building CXX object src/wifi/CMakeFiles/wifi.dir/model/preamble-detection-model.cc.o
[1519/1968] Building CXX object src/wifi/CMakeFiles/wifi.dir/model/originator-block-ack-agreement.cc.o
[1520/1968] Building CXX object src/wifi/CMakeFiles/wifi.dir/model/non-ht/erp-ofdm-phy.cc.o
[1521/1968] Building CXX object src/wifi/CMakeFiles/wifi.dir/model/non-ht/dsss-phy.cc.o
[1522/1968] Building CXX object src/wifi/CMakeFiles/wifi.dir/model/qos-utils.cc.o
[1523/1968] Building CXX object src/wifi/CMakeFiles/wifi.dir/model/non-ht/ofdm-phy.cc.o
[1524/1968] Building CXX object src/wifi/CMakeFiles/wifi.dir/model/ht/ht-frame-exchange-manager.cc.o
[1525/1968] Building CXX object src/wifi/CMakeFiles/wifi.dir/model/mgt-headers.cc.o
[1526/1968] Building CXX object src/wifi/CMakeFiles/wifi.dir/model/rate-control/aarf-wifi-manager.cc.o
[1527/1968] Building CXX object src/wifi/CMakeFiles/wifi.dir/model/rate-control/aarfcd-wifi-manager.cc.o
[1528/1968] Building CXX object src/wifi/CMakeFiles/wifi.dir/model/rate-control/amrr-wifi-manager.cc.o
[1529/1968] Building CXX object src/wifi/CMakeFiles/wifi.dir/model/rate-control/arf-wifi-manager.cc.o
[1530/1968] Building CXX object src/wifi/CMakeFiles/wifi.dir/model/rate-control/aparf-wifi-manager.cc.o
[1531/1968] Building CXX object src/wifi/CMakeFiles/wifi.dir/model/rate-control/constant-rate-wifi-manager.cc.o
[1532/1968] Building CXX object src/wifi/CMakeFiles/wifi.dir/model/rate-control/cara-wifi-manager.cc.o
[1533/1968] Building CXX object src/wifi/CMakeFiles/wifi.dir/model/qos-frame-exchange-manager.cc.o
[1534/1968] Building CXX object src/wifi/CMakeFiles/wifi.dir/model/rate-control/onoe-wifi-manager.cc.o
[1535/1968] Building CXX object src/wifi/CMakeFiles/wifi.dir/model/qos-txop.cc.o
[1536/1968] Building CXX object src/wifi/CMakeFiles/wifi.dir/model/rate-control/ideal-wifi-manager.cc.o
[1537/1968] Building CXX object src/wifi/CMakeFiles/wifi.dir/model/phy-entity.cc.o
[1538/1968] Building CXX object src/wifi/CMakeFiles/wifi.dir/model/reference/error-rate-tables.cc.o
[1539/1968] Building CXX object src/wifi/CMakeFiles/wifi.dir/model/recipient-block-ack-agreement.cc.o
[1540/1968] Building CXX object src/wifi/CMakeFiles/wifi.dir/model/rate-control/parf-wifi-manager.cc.o
[1541/1968] Building CXX object src/wifi/CMakeFiles/wifi.dir/model/snr-tag.cc.o
[1542/1968] Building CXX object src/wifi/CMakeFiles/wifi.dir/model/reduced-neighbor-report.cc.o
[1543/1968] Building CXX object src/wifi/CMakeFiles/wifi.dir/model/rate-control/rraa-wifi-manager.cc.o
[1544/1968] Building CXX object src/wifi/CMakeFiles/wifi.dir/model/simple-frame-capture-model.cc.o
[1545/1968] Building CXX object src/wifi/CMakeFiles/wifi.dir/model/status-code.cc.o
[1546/1968] Building CXX object src/wifi/CMakeFiles/wifi.dir/model/rate-control/thompson-sampling-wifi-manager.cc.o
[1547/1968] Building CXX object src/wifi/CMakeFiles/wifi.dir/model/ssid.cc.o
[1548/1968] Building CXX object src/wifi/CMakeFiles/wifi.dir/model/rate-control/minstrel-wifi-manager.cc.o
[1549/1968] Building CXX object src/wifi/CMakeFiles/wifi.dir/model/rate-control/rrpaa-wifi-manager.cc.o
[1550/1968] Building CXX object src/wifi/CMakeFiles/wifi.dir/model/supported-rates.cc.o
[1551/1968] Building CXX object src/wifi/CMakeFiles/wifi.dir/model/rate-control/minstrel-ht-wifi-manager.cc.o
[1552/1968] Building CXX object src/wifi/CMakeFiles/wifi.dir/model/vht/vht-capabilities.cc.o
[1553/1968] Building CXX object src/wifi/CMakeFiles/wifi.dir/model/threshold-preamble-detection-model.cc.o
[1554/1968] Building CXX object src/wifi/CMakeFiles/wifi.dir/model/tim.cc.o
[1555/1968] Building CXX object src/wifi/CMakeFiles/wifi.dir/model/table-based-error-rate-model.cc.o
[1556/1968] Building CXX object src/wifi/CMakeFiles/wifi.dir/model/vht/vht-operation.cc.o
[1557/1968] Building CXX object src/wifi/CMakeFiles/wifi.dir/model/vht/vht-configuration.cc.o
[1558/1968] Building CXX object src/wifi/CMakeFiles/wifi.dir/model/vht/vht-ppdu.cc.o
[1559/1968] Building CXX object src/wifi/CMakeFiles/wifi.dir/model/vht/vht-frame-exchange-manager.cc.o
[1560/1968] Building CXX object src/wifi/CMakeFiles/wifi.dir/model/wifi-acknowledgment.cc.o
[1561/1968] Building CXX object src/wifi/CMakeFiles/wifi.dir/model/wifi-ack-manager.cc.o
[1562/1968] Building CXX object src/wifi/CMakeFiles/wifi.dir/model/wifi-bandwidth-filter.cc.o
[1563/1968] Building CXX object src/wifi/CMakeFiles/wifi.dir/model/spectrum-wifi-phy.cc.o
[1564/1968] Building CXX object src/wifi/CMakeFiles/wifi.dir/model/wifi-information-element.cc.o
[1565/1968] Building CXX object src/wifi/CMakeFiles/wifi.dir/model/wifi-default-gcr-manager.cc.o
[1566/1968] Building CXX object src/wifi/CMakeFiles/wifi.dir/model/vht/vht-phy.cc.o
[1567/1968] Building CXX object src/wifi/CMakeFiles/wifi.dir/model/wifi-mac-header.cc.o
[1568/1968] Building CXX object src/wifi/CMakeFiles/wifi.dir/model/wifi-mac-queue-elem.cc.o
[1569/1968] Building CXX object src/wifi/CMakeFiles/wifi.dir/model/txop.cc.o
[1570/1968] Building CXX object src/wifi/CMakeFiles/wifi.dir/model/wifi-mac-queue-container.cc.o
[1571/1968] Building CXX object src/wifi/CMakeFiles/wifi.dir/model/wifi-mac-trailer.cc.o
[1572/1968] Building CXX object src/wifi/CMakeFiles/wifi.dir/model/wifi-mac-queue-scheduler.cc.o
[1573/1968] Building CXX object src/wifi/CMakeFiles/wifi.dir/model/wifi-default-assoc-manager.cc.o
[1574/1968] Building CXX object src/wifi/CMakeFiles/wifi.dir/model/wifi-default-protection-manager.cc.o
[1575/1968] Building CXX object src/wifi/CMakeFiles/wifi.dir/model/wifi-assoc-manager.cc.o
[1576/1968] Building CXX object src/wifi/CMakeFiles/wifi.dir/model/wifi-mode.cc.o
[1577/1968] Building CXX object src/wifi/CMakeFiles/wifi.dir/model/wifi-mpdu.cc.o
[1578/1968] Building CXX object src/wifi/CMakeFiles/wifi.dir/model/wifi-default-ack-manager.cc.o
[1579/1968] Building CXX object src/wifi/CMakeFiles/wifi.dir/model/wifi-phy-common.cc.o
[1580/1968] Building CXX object src/wifi/CMakeFiles/wifi.dir/model/wifi-mac-queue.cc.o
[1581/1968] Building CXX object src/wifi/CMakeFiles/wifi.dir/model/wifi-phy-operating-channel.cc.o
[1582/1968] Building CXX object src/wifi/CMakeFiles/wifi.dir/model/wifi-ppdu.cc.o
[1583/1968] Building CXX object src/wifi/CMakeFiles/wifi.dir/model/wifi-protection.cc.o
[1584/1968] Building CXX object src/wifi/CMakeFiles/wifi.dir/model/wifi-psdu.cc.o
[1585/1968] Building CXX object src/wifi/CMakeFiles/wifi.dir/model/wifi-remote-station-info.cc.o
[1586/1968] Building CXX object src/wifi/CMakeFiles/wifi.dir/model/wifi-protection-manager.cc.o
[1587/1968] Building CXX object src/wifi/CMakeFiles/wifi.dir/model/wifi-ru.cc.o
[1588/1968] Building CXX object src/wifi/CMakeFiles/wifi.dir/model/wifi-standards.cc.o
[1589/1968] Building CXX object src/wifi/CMakeFiles/wifi.dir/model/wifi-net-device.cc.o
[1590/1968] Building CXX object src/wifi/CMakeFiles/wifi.dir/model/wifi-phy-state-helper.cc.o
[1591/1968] Building CXX object src/wifi/CMakeFiles/wifi.dir/model/sta-wifi-mac.cc.o
[1592/1968] Building CXX object src/wifi/CMakeFiles/wifi.dir/model/wifi-spectrum-signal-parameters.cc.o
[1593/1968] Building CXX object src/wifi/CMakeFiles/wifi.dir/model/wifi-tx-current-model.cc.o
[1594/1968] Building CXX object src/wifi/CMakeFiles/wifi.dir/model/wifi-radio-energy-model.cc.o
[1595/1968] Building CXX object src/wifi/CMakeFiles/wifi.dir/model/wifi-spectrum-phy-interface.cc.o
[1596/1968] Building CXX object src/wifi/CMakeFiles/wifi.dir/model/wifi-tx-timer.cc.o
[1597/1968] Building CXX object src/wifi/CMakeFiles/wifi.dir/model/yans-error-rate-model.cc.o
[1598/1968] Building CXX object src/wifi/CMakeFiles/wifi.dir/model/wifi-tx-parameters.cc.o
[1599/1968] Building CXX object src/wifi/CMakeFiles/wifi.dir/model/wifi-types.cc.o
[1600/1968] Building CXX object src/wifi/CMakeFiles/wifi.dir/model/wifi-utils.cc.o
[1601/1968] Building CXX object src/wifi/CMakeFiles/wifi.dir/model/yans-wifi-channel.cc.o
[1602/1968] Building CXX object src/wifi/CMakeFiles/wifi.dir/model/wifi-tx-vector.cc.o
[1603/1968] Building CXX object src/wifi/CMakeFiles/wifi.dir/model/yans-wifi-phy.cc.o
[1604/1968] Building CXX object src/wifi/CMakeFiles/wifi.dir/model/wifi-spectrum-value-helper.cc.o
[1605/1968] Building CXX object src/wifi/CMakeFiles/wifi-test.dir/test/power-save-test.cc.o
[1606/1968] Building CXX object src/wifi/CMakeFiles/wifi.dir/model/wifi-mac.cc.o
[1607/1968] Building CXX object src/wifi/CMakeFiles/wifi.dir/model/wifi-remote-station-manager.cc.o
[1608/1968] Building CXX object src/wifi/CMakeFiles/wifi-test.dir/test/inter-bss-test-suite.cc.o
[1609/1968] Building CXX object src/wifi/CMakeFiles/wifi.dir/model/wifi-phy.cc.o
[1610/1968] Building CXX object src/wifi/CMakeFiles/wifi-test.dir/test/wifi-channel-settings-test.cc.o
[1611/1968] Building CXX object src/wifi/CMakeFiles/wifi-test.dir/test/power-rate-adaptation-test.cc.o
[1612/1968] Building CXX object src/wifi/CMakeFiles/wifi-test.dir/test/wifi-co-trace-helper-test.cc.o
[1613/1968] Linking CXX shared library /home/ccc/projects/uav-logistics-comms/external/ns-3.47/build/lib/libns3.47-wifi-default.so
[1614/1968] Linking CXX shared library /home/ccc/projects/uav-logistics-comms/external/ns-3.47/build/lib/libns3.47-aodv-default.so
[1615/1968] Linking CXX shared library /home/ccc/projects/uav-logistics-comms/external/ns-3.47/build/lib/libns3.47-aodv-test-default.so
[1616/1968] Building CXX object src/wifi/CMakeFiles/wifi-test.dir/test/channel-access-manager-test.cc.o
[1617/1968] Linking CXX executable /home/ccc/projects/uav-logistics-comms/external/ns-3.47/build/src/aodv/examples/ns3.47-aodv-example-default
[1618/1968] Linking CXX executable /home/ccc/projects/uav-logistics-comms/external/ns-3.47/build/src/applications/examples/ns3.47-tgax-video-example-default
[1619/1968] Linking CXX executable /home/ccc/projects/uav-logistics-comms/external/ns-3.47/build/src/applications/examples/ns3.47-tgax-voip-example-default
[1620/1968] Linking CXX executable /home/ccc/projects/uav-logistics-comms/external/ns-3.47/build/src/applications/examples/ns3.47-rta-tig-mobile-gaming-example-default
[1621/1968] Linking CXX executable /home/ccc/projects/uav-logistics-comms/external/ns-3.47/build/src/applications/examples/ns3.47-tgax-virtual-desktop-example-default
[1622/1968] Linking CXX executable /home/ccc/projects/uav-logistics-comms/external/ns-3.47/build/src/energy/examples/ns3.47-rv-battery-model-test-default
[1623/1968] Linking CXX executable /home/ccc/projects/uav-logistics-comms/external/ns-3.47/build/src/energy/examples/ns3.47-generic-battery-wifiradio-example-default
[1624/1968] Linking CXX executable /home/ccc/projects/uav-logistics-comms/external/ns-3.47/build/src/energy/examples/ns3.47-basic-energy-model-test-default
[1625/1968] Linking CXX executable /home/ccc/projects/uav-logistics-comms/external/ns-3.47/build/src/internet-apps/examples/ns3.47-dhcp6-example-default
[1626/1968] Linking CXX executable /home/ccc/projects/uav-logistics-comms/external/ns-3.47/build/src/internet-apps/examples/ns3.47-traceroute-example-default
[1627/1968] Building CXX object src/wifi/CMakeFiles/wifi-test.dir/test/wifi-dynamic-bw-op-test.cc.o
[1628/1968] Linking CXX shared library /home/ccc/projects/uav-logistics-comms/external/ns-3.47/build/lib/libns3.47-mesh-default.so
[1629/1968] Linking CXX shared library /home/ccc/projects/uav-logistics-comms/external/ns-3.47/build/lib/libns3.47-netanim-default.so
[1630/1968] Linking CXX executable /home/ccc/projects/uav-logistics-comms/external/ns-3.47/build/src/nix-vector-routing/examples/ns3.47-nix-double-wifi-default
[1631/1968] Linking CXX shared library /home/ccc/projects/uav-logistics-comms/external/ns-3.47/build/lib/libns3.47-dsdv-default.so
[1632/1968] Linking CXX executable /home/ccc/projects/uav-logistics-comms/external/ns-3.47/build/src/lr-wpan/examples/ns3.47-lr-wpan-bootstrap-default
[1633/1968] Linking CXX shared library /home/ccc/projects/uav-logistics-comms/external/ns-3.47/build/lib/libns3.47-dsdv-test-default.so
[1634/1968] Linking CXX shared library /home/ccc/projects/uav-logistics-comms/external/ns-3.47/build/lib/libns3.47-dsr-default.so
[1635/1968] Linking CXX shared library /home/ccc/projects/uav-logistics-comms/external/ns-3.47/build/lib/libns3.47-dsr-test-default.so
[1636/1968] Linking CXX executable /home/ccc/projects/uav-logistics-comms/external/ns-3.47/build/src/dsdv/examples/ns3.47-dsdv-manet-default
[1637/1968] Linking CXX shared library /home/ccc/projects/uav-logistics-comms/external/ns-3.47/build/lib/libns3.47-mesh-test-default.so
[1638/1968] Linking CXX executable /home/ccc/projects/uav-logistics-comms/external/ns-3.47/build/src/dsr/examples/ns3.47-dsr-example-default
[1639/1968] Building CXX object src/wifi/CMakeFiles/wifi-test.dir/test/wifi-aggregation-test.cc.o
[1640/1968] Linking CXX executable /home/ccc/projects/uav-logistics-comms/external/ns-3.47/build/src/mesh/examples/ns3.47-mesh-example-default
[1641/1968] Linking CXX shared library /home/ccc/projects/uav-logistics-comms/external/ns-3.47/build/lib/libns3.47-netanim-test-default.so
[1642/1968] Linking CXX executable /home/ccc/projects/uav-logistics-comms/external/ns-3.47/build/src/netanim/examples/ns3.47-dumbbell-animation-default
[1643/1968] Linking CXX executable /home/ccc/projects/uav-logistics-comms/external/ns-3.47/build/src/netanim/examples/ns3.47-grid-animation-default
[1644/1968] Building CXX object src/wifi/CMakeFiles/wifi-test.dir/test/spectrum-wifi-phy-test.cc.o
[1645/1968] Linking CXX executable /home/ccc/projects/uav-logistics-comms/external/ns-3.47/build/src/netanim/examples/ns3.47-star-animation-default
[1646/1968] Linking CXX executable /home/ccc/projects/uav-logistics-comms/external/ns-3.47/build/src/netanim/examples/ns3.47-colors-link-description-default
[1647/1968] Linking CXX executable /home/ccc/projects/uav-logistics-comms/external/ns-3.47/build/src/netanim/examples/ns3.47-resources-counters-default
[1648/1968] Linking CXX executable /home/ccc/projects/uav-logistics-comms/external/ns-3.47/build/src/netanim/examples/ns3.47-uan-animation-default
[1649/1968] Linking CXX executable /home/ccc/projects/uav-logistics-comms/external/ns-3.47/build/src/olsr/examples/ns3.47-olsr-hna-default
[1650/1968] Linking CXX executable /home/ccc/projects/uav-logistics-comms/external/ns-3.47/build/src/netanim/examples/ns3.47-wireless-animation-default
[1651/1968] Linking CXX executable /home/ccc/projects/uav-logistics-comms/external/ns-3.47/build/src/olsr/examples/ns3.47-simple-point-to-point-olsr-default
[1652/1968] Linking CXX executable /home/ccc/projects/uav-logistics-comms/external/ns-3.47/build/src/tap-bridge/examples/ns3.47-tap-csma-default
[1653/1968] Building CXX object src/wifi/CMakeFiles/wifi-test.dir/test/wifi-eht-info-elems-test.cc.o
[1654/1968] Linking CXX executable /home/ccc/projects/uav-logistics-comms/external/ns-3.47/build/src/tap-bridge/examples/ns3.47-tap-wifi-virtual-machine-default
[1655/1968] Linking CXX executable /home/ccc/projects/uav-logistics-comms/external/ns-3.47/build/src/tap-bridge/examples/ns3.47-tap-wifi-dumbbell-default
[1656/1968] Building CXX object src/wifi/CMakeFiles/wifi-test.dir/test/wifi-emlsr-enabling-test.cc.o
[1657/1968] Building CXX object src/wifi/CMakeFiles/wifi-test.dir/test/block-ack-test-suite.cc.o
[1658/1968] Building CXX object src/wifi/CMakeFiles/wifi-test.dir/test/wifi-he-info-elems-test.cc.o
[1659/1968] Building CXX object src/wifi/CMakeFiles/wifi-test.dir/test/wifi-ie-fragment-test.cc.o
[1660/1968] Building CXX object src/wifi/CMakeFiles/wifi-test.dir/test/wifi-error-rate-models-test.cc.o
[1661/1968] Building CXX object src/wifi/CMakeFiles/wifi-test.dir/test/wifi-mac-queue-test.cc.o
[1662/1968] Building CXX object src/wifi/CMakeFiles/wifi-test.dir/test/wifi-fils-frame-test.cc.o
[1663/1968] Building CXX object src/wifi/CMakeFiles/wifi-test.dir/test/wifi-emlsr-link-switch-test.cc.o
[1664/1968] Building CXX object src/wifi/CMakeFiles/wifi-test.dir/test/wifi-emlsr-basic-exchanges-test.cc.o
[1665/1968] Building CXX object src/wifi/CMakeFiles/wifi-test.dir/test/wifi-emlsr-test-base.cc.o
[1666/1968] Building CXX object src/wifi/CMakeFiles/wifi-test.dir/test/wifi-phy-thresholds-test.cc.o
[1667/1968] Building CXX object src/wifi/CMakeFiles/wifi-test.dir/test/wifi-phy-rx-trace-helper-test.cc.o
[1668/1968] Building CXX object src/wifi/CMakeFiles/wifi-test.dir/test/tx-duration-test.cc.o
[1669/1968] Building CXX object src/wifi/CMakeFiles/wifi-test.dir/test/wifi-probe-exchange-test.cc.o
[1670/1968] Building CXX object src/wifi/CMakeFiles/wifi-test.dir/test/wifi-retransmit-test.cc.o
[1671/1968] Building CXX object src/wifi/CMakeFiles/wifi-test.dir/test/wifi-ru-allocation-test.cc.o
[1672/1968] Building CXX object src/wifi/CMakeFiles/wifi-test.dir/test/wifi-primary-channels-test.cc.o
[1673/1968] Building CXX object src/wifi/CMakeFiles/wifi-test.dir/test/wifi-phy-reception-test.cc.o
[1674/1968] Building CXX object src/wifi/CMakeFiles/wifi-test.dir/test/wifi-gcr-test.cc.o
[1675/1968] Building CXX object src/wifi/CMakeFiles/wifi-test.dir/test/wifi-static-emlsr-test.cc.o
[1676/1968] Building CXX object src/wifi/CMakeFiles/wifi-test.dir/test/wifi-transmit-mask-test.cc.o
[1677/1968] Building CXX object src/wifi/CMakeFiles/wifi-test.dir/test/wifi-mlo-test.cc.o
[1678/1968] Building CXX object src/wifi/CMakeFiles/wifi-test.dir/test/wifi-static-infra-bss-test.cc.o
[1679/1968] Building CXX object src/wifi/CMakeFiles/wifi-test.dir/test/wifi-phy-ofdma-test.cc.o
[1680/1968] Building CXX object src/wifi/CMakeFiles/wifi-test.dir/test/wifi-channel-switching-test.cc.o
[1681/1968] Building CXX object src/wifi/examples/CMakeFiles/wifi-phy-test.dir/wifi-phy-test.cc.o
[1682/1968] Linking CXX executable /home/ccc/projects/uav-logistics-comms/external/ns-3.47/build/src/wifi/examples/ns3.47-wifi-phy-test-default
[1683/1968] Building CXX object src/wifi/examples/CMakeFiles/wifi-test-interference-helper.dir/wifi-test-interference-helper.cc.o
[1684/1968] Linking CXX executable /home/ccc/projects/uav-logistics-comms/external/ns-3.47/build/src/wifi/examples/ns3.47-wifi-test-interference-helper-default
[1685/1968] Building CXX object src/wifi/CMakeFiles/wifi-test.dir/test/wifi-operating-channel-test.cc.o
[1686/1968] Building CXX object src/wifi/CMakeFiles/wifi-test.dir/test/wifi-phy-mu-mimo-test.cc.o
[1687/1968] Building CXX object src/wifi/CMakeFiles/wifi-test.dir/test/wifi-non-ht-dup-test.cc.o
[1688/1968] Building CXX object src/wifi/examples/CMakeFiles/wifi-trans-example.dir/wifi-trans-example.cc.o
[1689/1968] Linking CXX executable /home/ccc/projects/uav-logistics-comms/external/ns-3.47/build/src/wifi/examples/ns3.47-wifi-trans-example-default
[1690/1968] Building CXX object src/wifi/examples/CMakeFiles/wifi-phy-configuration.dir/wifi-phy-configuration.cc.o
[1691/1968] Linking CXX executable /home/ccc/projects/uav-logistics-comms/external/ns-3.47/build/src/wifi/examples/ns3.47-wifi-phy-configuration-default
[1692/1968] Building CXX object src/wifi/CMakeFiles/wifi-test.dir/test/wifi-phy-cca-test.cc.o
[1693/1968] Building CXX object src/wifi/examples/CMakeFiles/wifi-phy-rx-trace-example.dir/wifi-phy-rx-trace-example.cc.o
[1694/1968] Linking CXX executable /home/ccc/projects/uav-logistics-comms/external/ns-3.47/build/src/wifi/examples/ns3.47-wifi-phy-rx-trace-example-default
[1695/1968] Building CXX object src/zigbee/CMakeFiles/zigbee.dir/helper/zigbee-stack-container.cc.o
[1696/1968] Building CXX object src/zigbee/CMakeFiles/zigbee.dir/model/zigbee-aps-header.cc.o
[1697/1968] Building CXX object src/wifi/examples/CMakeFiles/wifi-manager-example.dir/wifi-manager-example.cc.o
[1698/1968] Building CXX object src/zigbee/CMakeFiles/zigbee.dir/helper/zigbee-helper.cc.o
[1699/1968] Linking CXX executable /home/ccc/projects/uav-logistics-comms/external/ns-3.47/build/src/wifi/examples/ns3.47-wifi-manager-example-default
[1700/1968] Building CXX object src/wifi/examples/CMakeFiles/wifi-co-trace-example.dir/wifi-co-trace-example.cc.o
[1701/1968] Building CXX object src/zigbee/CMakeFiles/zigbee.dir/model/zigbee-group-table.cc.o
[1702/1968] Linking CXX executable /home/ccc/projects/uav-logistics-comms/external/ns-3.47/build/src/wifi/examples/ns3.47-wifi-co-trace-example-default
[1703/1968] Building CXX object src/zigbee/CMakeFiles/zigbee.dir/model/zigbee-nwk-fields.cc.o
[1704/1968] Building CXX object src/zigbee/CMakeFiles/zigbee.dir/model/zigbee-aps-tables.cc.o
[1705/1968] Building CXX object src/zigbee/CMakeFiles/zigbee.dir/model/zigbee-nwk-header.cc.o
[1706/1968] Building CXX object src/zigbee/CMakeFiles/zigbee.dir/model/zigbee-nwk-payload-header.cc.o
[1707/1968] Building CXX object src/zigbee/CMakeFiles/zigbee.dir/model/zigbee-aps.cc.o
[1708/1968] Building CXX object src/wifi/CMakeFiles/wifi-test.dir/test/wifi-txop-test.cc.o
[1709/1968] Building CXX object src/wifi/examples/CMakeFiles/wifi-bianchi.dir/wifi-bianchi.cc.o
[1710/1968] Linking CXX executable /home/ccc/projects/uav-logistics-comms/external/ns-3.47/build/src/wifi/examples/ns3.47-wifi-bianchi-default
[1711/1968] Building CXX object src/zigbee/CMakeFiles/zigbee.dir/model/zigbee-nwk-tables.cc.o
[1712/1968] Building CXX object src/zigbee/CMakeFiles/zigbee.dir/model/zigbee-nwk.cc.o
[1713/1968] Building CXX object src/zigbee/examples/CMakeFiles/zigbee-nwk-direct-join.dir/zigbee-nwk-direct-join.cc.o
[1714/1968] Building CXX object src/zigbee/CMakeFiles/zigbee-test.dir/test/zigbee-rreq-test.cc.o
[1715/1968] Building CXX object src/zigbee/CMakeFiles/zigbee-test.dir/test/zigbee-aps-data-test.cc.o
[1716/1968] Building CXX object src/zigbee/examples/CMakeFiles/zigbee-nwk-association-join.dir/zigbee-nwk-association-join.cc.o
[1717/1968] Building CXX object src/zigbee/CMakeFiles/zigbee.dir/model/zigbee-stack.cc.o
[1718/1968] Linking CXX shared library /home/ccc/projects/uav-logistics-comms/external/ns-3.47/build/lib/libns3.47-zigbee-default.so
[1719/1968] Linking CXX shared library /home/ccc/projects/uav-logistics-comms/external/ns-3.47/build/lib/libns3.47-zigbee-test-default.so
[1720/1968] Linking CXX executable /home/ccc/projects/uav-logistics-comms/external/ns-3.47/build/src/zigbee/examples/ns3.47-zigbee-nwk-direct-join-default
[1721/1968] Linking CXX executable /home/ccc/projects/uav-logistics-comms/external/ns-3.47/build/src/zigbee/examples/ns3.47-zigbee-nwk-association-join-default
[1722/1968] Building CXX object examples/channel-models/CMakeFiles/three-gpp-v2v-channel-example.dir/three-gpp-v2v-channel-example.cc.o
[1723/1968] Linking CXX executable /home/ccc/projects/uav-logistics-comms/external/ns-3.47/build/examples/channel-models/ns3.47-three-gpp-v2v-channel-example-default
[1724/1968] Building CXX object examples/error-model/CMakeFiles/simple-error-model.dir/simple-error-model.cc.o
[1725/1968] Building CXX object src/wifi/CMakeFiles/wifi-test.dir/test/wifi-tx-stats-helper-test.cc.o
[1726/1968] Linking CXX executable /home/ccc/projects/uav-logistics-comms/external/ns-3.47/build/examples/error-model/ns3.47-simple-error-model-default
[1727/1968] Building CXX object src/zigbee/examples/CMakeFiles/zigbee-aps-data.dir/zigbee-aps-data.cc.o
[1728/1968] Building CXX object examples/ipv6/CMakeFiles/fragmentation-ipv6.dir/fragmentation-ipv6.cc.o
[1729/1968] Linking CXX executable /home/ccc/projects/uav-logistics-comms/external/ns-3.47/build/src/zigbee/examples/ns3.47-zigbee-aps-data-default
[1730/1968] Linking CXX executable /home/ccc/projects/uav-logistics-comms/external/ns-3.47/build/examples/ipv6/ns3.47-fragmentation-ipv6-default
[1731/1968] Building CXX object src/wifi/CMakeFiles/wifi-test.dir/test/wifi-test.cc.o
[1732/1968] Building CXX object src/zigbee/examples/CMakeFiles/zigbee-nwk-routing.dir/zigbee-nwk-routing.cc.o
[1733/1968] Linking CXX executable /home/ccc/projects/uav-logistics-comms/external/ns-3.47/build/src/zigbee/examples/ns3.47-zigbee-nwk-routing-default
[1734/1968] Building CXX object examples/ipv6/CMakeFiles/test-ipv6.dir/test-ipv6.cc.o
[1735/1968] Linking CXX executable /home/ccc/projects/uav-logistics-comms/external/ns-3.47/build/examples/ipv6/ns3.47-test-ipv6-default
[1736/1968] Building CXX object src/zigbee/examples/CMakeFiles/zigbee-nwk-routing-grid.dir/zigbee-nwk-routing-grid.cc.o
[1737/1968] Building CXX object examples/energy/CMakeFiles/energy-model-example.dir/energy-model-example.cc.o
[1738/1968] Building CXX object examples/energy/CMakeFiles/energy-model-with-harvesting-example.dir/energy-model-with-harvesting-example.cc.o
[1739/1968] Linking CXX executable /home/ccc/projects/uav-logistics-comms/external/ns-3.47/build/src/zigbee/examples/ns3.47-zigbee-nwk-routing-grid-default
[1740/1968] Linking CXX executable /home/ccc/projects/uav-logistics-comms/external/ns-3.47/build/examples/energy/ns3.47-energy-model-example-default
[1741/1968] Linking CXX executable /home/ccc/projects/uav-logistics-comms/external/ns-3.47/build/examples/energy/ns3.47-energy-model-with-harvesting-example-default
[1742/1968] Building CXX object examples/ipv6/CMakeFiles/icmpv6-redirect.dir/icmpv6-redirect.cc.o
[1743/1968] Building CXX object examples/ipv6/CMakeFiles/loose-routing-ipv6.dir/loose-routing-ipv6.cc.o
[1744/1968] Linking CXX executable /home/ccc/projects/uav-logistics-comms/external/ns-3.47/build/examples/ipv6/ns3.47-icmpv6-redirect-default
[1745/1968] Linking CXX executable /home/ccc/projects/uav-logistics-comms/external/ns-3.47/build/examples/ipv6/ns3.47-loose-routing-ipv6-default
[1746/1968] Building CXX object examples/ipv6/CMakeFiles/ping6-example.dir/ping6-example.cc.o
[1747/1968] Linking CXX executable /home/ccc/projects/uav-logistics-comms/external/ns-3.47/build/examples/ipv6/ns3.47-ping6-example-default
[1748/1968] Building CXX object examples/ipv6/CMakeFiles/fragmentation-ipv6-two-MTU.dir/fragmentation-ipv6-two-MTU.cc.o
[1749/1968] Building CXX object examples/ipv6/CMakeFiles/radvd-two-prefix.dir/radvd-two-prefix.cc.o
[1750/1968] Linking CXX executable /home/ccc/projects/uav-logistics-comms/external/ns-3.47/build/examples/ipv6/ns3.47-fragmentation-ipv6-two-MTU-default
[1751/1968] Linking CXX executable /home/ccc/projects/uav-logistics-comms/external/ns-3.47/build/examples/ipv6/ns3.47-radvd-two-prefix-default
[1752/1968] Building CXX object examples/ipv6/CMakeFiles/radvd-one-prefix.dir/radvd-one-prefix.cc.o
[1753/1968] Linking CXX executable /home/ccc/projects/uav-logistics-comms/external/ns-3.47/build/examples/ipv6/ns3.47-radvd-one-prefix-default
[1754/1968] Building CXX object examples/realtime/CMakeFiles/realtime-udp-echo.dir/realtime-udp-echo.cc.o
[1755/1968] Linking CXX executable /home/ccc/projects/uav-logistics-comms/external/ns-3.47/build/examples/realtime/ns3.47-realtime-udp-echo-default
[1756/1968] Building CXX object examples/routing/CMakeFiles/dynamic-global-routing.dir/dynamic-global-routing.cc.o
[1757/1968] Linking CXX executable /home/ccc/projects/uav-logistics-comms/external/ns-3.47/build/examples/routing/ns3.47-dynamic-global-routing-default
[1758/1968] Building CXX object examples/ipv6/CMakeFiles/fragmentation-ipv6-PMTU.dir/fragmentation-ipv6-PMTU.cc.o
[1759/1968] Building CXX object examples/ipv6/CMakeFiles/wsn-ping6.dir/wsn-ping6.cc.o
[1760/1968] Building CXX object examples/routing/CMakeFiles/static-routing-slash32.dir/static-routing-slash32.cc.o
[1761/1968] Linking CXX executable /home/ccc/projects/uav-logistics-comms/external/ns-3.47/build/examples/ipv6/ns3.47-fragmentation-ipv6-PMTU-default
[1762/1968] Linking CXX executable /home/ccc/projects/uav-logistics-comms/external/ns-3.47/build/examples/ipv6/ns3.47-wsn-ping6-default
[1763/1968] Linking CXX executable /home/ccc/projects/uav-logistics-comms/external/ns-3.47/build/examples/routing/ns3.47-static-routing-slash32-default
[1764/1968] Building CXX object examples/naming/CMakeFiles/object-names.dir/object-names.cc.o
[1765/1968] Linking CXX executable /home/ccc/projects/uav-logistics-comms/external/ns-3.47/build/examples/naming/ns3.47-object-names-default
[1766/1968] Building CXX object examples/routing/CMakeFiles/global-injection-slash32.dir/global-injection-slash32.cc.o
[1767/1968] Linking CXX executable /home/ccc/projects/uav-logistics-comms/external/ns-3.47/build/examples/routing/ns3.47-global-injection-slash32-default
[1768/1968] Building CXX object examples/routing/CMakeFiles/global-routing-slash32.dir/global-routing-slash32.cc.o
[1769/1968] Linking CXX executable /home/ccc/projects/uav-logistics-comms/external/ns-3.47/build/examples/routing/ns3.47-global-routing-slash32-default
[1770/1968] Building CXX object examples/matrix-topology/CMakeFiles/matrix-topology.dir/matrix-topology.cc.o
[1771/1968] Building CXX object examples/routing/CMakeFiles/simple-global-routing.dir/simple-global-routing.cc.o
[1772/1968] Building CXX object examples/routing/CMakeFiles/mixed-global-routing.dir/mixed-global-routing.cc.o
[1773/1968] Linking CXX executable /home/ccc/projects/uav-logistics-comms/external/ns-3.47/build/examples/matrix-topology/ns3.47-matrix-topology-default
[1774/1968] Linking CXX executable /home/ccc/projects/uav-logistics-comms/external/ns-3.47/build/examples/routing/ns3.47-simple-global-routing-default
[1775/1968] Linking CXX executable /home/ccc/projects/uav-logistics-comms/external/ns-3.47/build/examples/routing/ns3.47-mixed-global-routing-default
[1776/1968] Building CXX object examples/routing/CMakeFiles/ripng-simple-network.dir/ripng-simple-network.cc.o
[1777/1968] Building CXX object examples/routing/CMakeFiles/simple-alternate-routing.dir/simple-alternate-routing.cc.o
[1778/1968] Linking CXX executable /home/ccc/projects/uav-logistics-comms/external/ns-3.47/build/examples/routing/ns3.47-ripng-simple-network-default
[1779/1968] Linking CXX executable /home/ccc/projects/uav-logistics-comms/external/ns-3.47/build/examples/routing/ns3.47-simple-alternate-routing-default
[1780/1968] Building CXX object examples/routing/CMakeFiles/rip-simple-network.dir/rip-simple-network.cc.o
[1781/1968] Linking CXX executable /home/ccc/projects/uav-logistics-comms/external/ns-3.47/build/examples/routing/ns3.47-rip-simple-network-default
[1782/1968] Building CXX object examples/routing/CMakeFiles/simple-routing-ping6.dir/simple-routing-ping6.cc.o
[1783/1968] Building CXX object examples/routing/CMakeFiles/simple-multicast-flooding.dir/simple-multicast-flooding.cc.o
[1784/1968] Linking CXX executable /home/ccc/projects/uav-logistics-comms/external/ns-3.47/build/examples/routing/ns3.47-simple-routing-ping6-default
[1785/1968] Linking CXX executable /home/ccc/projects/uav-logistics-comms/external/ns-3.47/build/examples/routing/ns3.47-simple-multicast-flooding-default
[1786/1968] Building CXX object examples/routing/CMakeFiles/manet-routing-compare.dir/manet-routing-compare.cc.o
[1787/1968] Linking CXX executable /home/ccc/projects/uav-logistics-comms/external/ns-3.47/build/examples/routing/ns3.47-manet-routing-compare-default
[1788/1968] Building CXX object examples/socket/CMakeFiles/socket-bound-tcp-static-routing.dir/socket-bound-tcp-static-routing.cc.o
[1789/1968] Linking CXX executable /home/ccc/projects/uav-logistics-comms/external/ns-3.47/build/examples/socket/ns3.47-socket-bound-tcp-static-routing-default
[1790/1968] Building CXX object src/wifi/CMakeFiles/wifi-test.dir/test/wifi-mac-ofdma-test.cc.o
[1791/1968] Building CXX object examples/socket/CMakeFiles/socket-options-ipv6.dir/socket-options-ipv6.cc.o
[1792/1968] Linking CXX executable /home/ccc/projects/uav-logistics-comms/external/ns-3.47/build/examples/socket/ns3.47-socket-options-ipv6-default
[1793/1968] Building CXX object examples/socket/CMakeFiles/socket-bound-static-routing.dir/socket-bound-static-routing.cc.o
[1794/1968] Linking CXX executable /home/ccc/projects/uav-logistics-comms/external/ns-3.47/build/examples/socket/ns3.47-socket-bound-static-routing-default
[1795/1968] Building CXX object examples/stats/CMakeFiles/wifi-example-sim.dir/wifi-example-apps.cc.o
[1796/1968] Linking CXX shared library /home/ccc/projects/uav-logistics-comms/external/ns-3.47/build/lib/libns3.47-wifi-test-default.so
[1797/1968] Building CXX object examples/tcp/CMakeFiles/tcp-star-server.dir/tcp-star-server.cc.o
[1798/1968] Building CXX object examples/routing/CMakeFiles/global-routing-multi-switch-plus-router.dir/global-routing-multi-switch-plus-router.cc.o
[1799/1968] Linking CXX executable /home/ccc/projects/uav-logistics-comms/external/ns-3.47/build/examples/tcp/ns3.47-tcp-star-server-default
[1800/1968] Building CXX object examples/socket/CMakeFiles/socket-options-ipv4.dir/socket-options-ipv4.cc.o
[1801/1968] Linking CXX executable /home/ccc/projects/uav-logistics-comms/external/ns-3.47/build/examples/routing/ns3.47-global-routing-multi-switch-plus-router-default
[1802/1968] Linking CXX executable /home/ccc/projects/uav-logistics-comms/external/ns-3.47/build/examples/socket/ns3.47-socket-options-ipv4-default
[1803/1968] Building CXX object examples/tcp/CMakeFiles/tcp-large-transfer.dir/tcp-large-transfer.cc.o
[1804/1968] Linking CXX executable /home/ccc/projects/uav-logistics-comms/external/ns-3.47/build/examples/tcp/ns3.47-tcp-large-transfer-default
[1805/1968] Building CXX object examples/tcp/CMakeFiles/tcp-pcap-nanosec-example.dir/tcp-pcap-nanosec-example.cc.o
[1806/1968] Linking CXX executable /home/ccc/projects/uav-logistics-comms/external/ns-3.47/build/examples/tcp/ns3.47-tcp-pcap-nanosec-example-default
[1807/1968] Building CXX object examples/stats/CMakeFiles/wifi-example-sim.dir/wifi-example-sim.cc.o
[1808/1968] Building CXX object examples/tcp/CMakeFiles/tcp-bbr-example.dir/tcp-bbr-example.cc.o
[1809/1968] Linking CXX executable /home/ccc/projects/uav-logistics-comms/external/ns-3.47/build/examples/tcp/ns3.47-tcp-bbr-example-default
[1810/1968] Linking CXX executable /home/ccc/projects/uav-logistics-comms/external/ns-3.47/build/examples/stats/ns3.47-wifi-example-sim-default
[1811/1968] Building CXX object examples/tcp/CMakeFiles/star.dir/star.cc.o
[1812/1968] Linking CXX executable /home/ccc/projects/uav-logistics-comms/external/ns-3.47/build/examples/tcp/ns3.47-star-default
[1813/1968] Building CXX object examples/tcp/CMakeFiles/tcp-ecn-example.dir/tcp-ecn-example.cc.o
[1814/1968] Building CXX object examples/tcp/CMakeFiles/tcp-bulk-send.dir/tcp-bulk-send.cc.o
[1815/1968] Linking CXX executable /home/ccc/projects/uav-logistics-comms/external/ns-3.47/build/examples/tcp/ns3.47-tcp-ecn-example-default
[1816/1968] Linking CXX executable /home/ccc/projects/uav-logistics-comms/external/ns-3.47/build/examples/tcp/ns3.47-tcp-bulk-send-default
[1817/1968] Building CXX object examples/tcp/CMakeFiles/tcp-variants-comparison.dir/tcp-variants-comparison.cc.o
[1818/1968] Building CXX object examples/tcp/CMakeFiles/tcp-pacing.dir/tcp-pacing.cc.o
[1819/1968] Linking CXX executable /home/ccc/projects/uav-logistics-comms/external/ns-3.47/build/examples/tcp/ns3.47-tcp-variants-comparison-default
[1820/1968] Linking CXX executable /home/ccc/projects/uav-logistics-comms/external/ns-3.47/build/examples/tcp/ns3.47-tcp-pacing-default
[1821/1968] Building CXX object examples/tutorial/CMakeFiles/hello-simulator.dir/hello-simulator.cc.o
[1822/1968] Linking CXX executable /home/ccc/projects/uav-logistics-comms/external/ns-3.47/build/examples/tutorial/ns3.47-hello-simulator-default
[1823/1968] Building CXX object examples/tcp/CMakeFiles/fack-example.dir/fack-example.cc.o
[1824/1968] Linking CXX executable /home/ccc/projects/uav-logistics-comms/external/ns-3.47/build/examples/tcp/ns3.47-fack-example-default
[1825/1968] Building CXX object examples/traffic-control/CMakeFiles/red-vs-nlred.dir/red-vs-nlred.cc.o
[1826/1968] Linking CXX executable /home/ccc/projects/uav-logistics-comms/external/ns-3.47/build/examples/traffic-control/ns3.47-red-vs-nlred-default
[1827/1968] Building CXX object examples/traffic-control/CMakeFiles/traffic-control-example.dir/traffic-control-example.cc.o
[1828/1968] Linking CXX executable /home/ccc/projects/uav-logistics-comms/external/ns-3.47/build/examples/traffic-control/ns3.47-traffic-control-example-default
[1829/1968] Building CXX object examples/traffic-control/CMakeFiles/cobalt-vs-codel.dir/cobalt-vs-codel.cc.o
[1830/1968] Building CXX object examples/tcp/CMakeFiles/tcp-linux-reno.dir/tcp-linux-reno.cc.o
[1831/1968] Linking CXX executable /home/ccc/projects/uav-logistics-comms/external/ns-3.47/build/examples/traffic-control/ns3.47-cobalt-vs-codel-default
[1832/1968] Linking CXX executable /home/ccc/projects/uav-logistics-comms/external/ns-3.47/build/examples/tcp/ns3.47-tcp-linux-reno-default
[1833/1968] Building CXX object examples/tcp/CMakeFiles/tcp-validation.dir/tcp-validation.cc.o
[1834/1968] Building CXX object examples/traffic-control/CMakeFiles/queue-discs-benchmark.dir/queue-discs-benchmark.cc.o
[1835/1968] Linking CXX executable /home/ccc/projects/uav-logistics-comms/external/ns-3.47/build/examples/tcp/ns3.47-tcp-validation-default
[1836/1968] Linking CXX executable /home/ccc/projects/uav-logistics-comms/external/ns-3.47/build/examples/traffic-control/ns3.47-queue-discs-benchmark-default
[1837/1968] Building CXX object examples/tutorial/CMakeFiles/fourth.dir/fourth.cc.o
[1838/1968] Linking CXX executable /home/ccc/projects/uav-logistics-comms/external/ns-3.47/build/examples/tutorial/ns3.47-fourth-default
[1839/1968] Building CXX object examples/tutorial/CMakeFiles/first.dir/first.cc.o
[1840/1968] Building CXX object examples/traffic-control/CMakeFiles/tbf-example.dir/tbf-example.cc.o
[1841/1968] Linking CXX executable /home/ccc/projects/uav-logistics-comms/external/ns-3.47/build/examples/tutorial/ns3.47-first-default
[1842/1968] Linking CXX executable /home/ccc/projects/uav-logistics-comms/external/ns-3.47/build/examples/traffic-control/ns3.47-tbf-example-default
[1843/1968] Building CXX object examples/traffic-control/CMakeFiles/red-vs-fengadaptive.dir/red-vs-fengadaptive.cc.o
[1844/1968] Linking CXX executable /home/ccc/projects/uav-logistics-comms/external/ns-3.47/build/examples/traffic-control/ns3.47-red-vs-fengadaptive-default
[1845/1968] Building CXX object examples/tcp/CMakeFiles/dctcp-example.dir/dctcp-example.cc.o
[1846/1968] Building CXX object examples/tutorial/CMakeFiles/second.dir/second.cc.o
[1847/1968] Linking CXX executable /home/ccc/projects/uav-logistics-comms/external/ns-3.47/build/examples/tcp/ns3.47-dctcp-example-default
[1848/1968] Linking CXX executable /home/ccc/projects/uav-logistics-comms/external/ns-3.47/build/examples/tutorial/ns3.47-second-default
[1849/1968] Building CXX object examples/tutorial/CMakeFiles/third.dir/third.cc.o
[1850/1968] Building CXX object examples/tutorial/CMakeFiles/fifth.dir/tutorial-app.cc.o
[1851/1968] Linking CXX executable /home/ccc/projects/uav-logistics-comms/external/ns-3.47/build/examples/tutorial/ns3.47-third-default
[1852/1968] Building CXX object examples/tutorial/CMakeFiles/sixth.dir/sixth.cc.o
[1853/1968] Building CXX object examples/tutorial/CMakeFiles/sixth.dir/tutorial-app.cc.o
[1854/1968] Building CXX object examples/udp/CMakeFiles/udp-echo.dir/udp-echo.cc.o
[1855/1968] Linking CXX executable /home/ccc/projects/uav-logistics-comms/external/ns-3.47/build/examples/tutorial/ns3.47-sixth-default
[1856/1968] Building CXX object examples/udp-client-server/CMakeFiles/udp-client-server.dir/udp-client-server.cc.o
[1857/1968] Linking CXX executable /home/ccc/projects/uav-logistics-comms/external/ns-3.47/build/examples/udp/ns3.47-udp-echo-default
[1858/1968] Linking CXX executable /home/ccc/projects/uav-logistics-comms/external/ns-3.47/build/examples/udp-client-server/ns3.47-udp-client-server-default
[1859/1968] Building CXX object examples/tutorial/CMakeFiles/fifth.dir/fifth.cc.o
[1860/1968] Building CXX object examples/udp-client-server/CMakeFiles/udp-trace-client-server.dir/udp-trace-client-server.cc.o
[1861/1968] Linking CXX executable /home/ccc/projects/uav-logistics-comms/external/ns-3.47/build/examples/tutorial/ns3.47-fifth-default
[1862/1968] Building CXX object examples/tutorial/CMakeFiles/seventh.dir/seventh.cc.o
[1863/1968] Linking CXX executable /home/ccc/projects/uav-logistics-comms/external/ns-3.47/build/examples/udp-client-server/ns3.47-udp-trace-client-server-default
[1864/1968] Building CXX object examples/tutorial/CMakeFiles/seventh.dir/tutorial-app.cc.o
[1865/1968] Linking CXX executable /home/ccc/projects/uav-logistics-comms/external/ns-3.47/build/examples/tutorial/ns3.47-seventh-default
[1866/1968] Building CXX object examples/wireless/CMakeFiles/wifi-80211n-mimo.dir/wifi-80211n-mimo.cc.o
[1867/1968] Linking CXX executable /home/ccc/projects/uav-logistics-comms/external/ns-3.47/build/examples/wireless/ns3.47-wifi-80211n-mimo-default
[1868/1968] Building CXX object examples/wireless/CMakeFiles/mixed-wired-wireless.dir/mixed-wired-wireless.cc.o
[1869/1968] Building CXX object examples/wireless/CMakeFiles/wifi-dsss-validation.dir/wifi-dsss-validation.cc.o
[1870/1968] Linking CXX executable /home/ccc/projects/uav-logistics-comms/external/ns-3.47/build/examples/wireless/ns3.47-mixed-wired-wireless-default
[1871/1968] Linking CXX executable /home/ccc/projects/uav-logistics-comms/external/ns-3.47/build/examples/wireless/ns3.47-wifi-dsss-validation-default
[1872/1968] Building CXX object examples/wireless/CMakeFiles/wifi-adhoc.dir/wifi-adhoc.cc.o
[1873/1968] Building CXX object examples/wireless/CMakeFiles/wifi-ap.dir/wifi-ap.cc.o
[1874/1968] Linking CXX executable /home/ccc/projects/uav-logistics-comms/external/ns-3.47/build/examples/wireless/ns3.47-wifi-adhoc-default
[1875/1968] Linking CXX executable /home/ccc/projects/uav-logistics-comms/external/ns-3.47/build/examples/wireless/ns3.47-wifi-ap-default
[1876/1968] Building CXX object examples/wireless/CMakeFiles/wifi-backward-compatibility.dir/wifi-backward-compatibility.cc.o
[1877/1968] Building CXX object examples/wireless/CMakeFiles/wifi-blockack.dir/wifi-blockack.cc.o
[1878/1968] Linking CXX executable /home/ccc/projects/uav-logistics-comms/external/ns-3.47/build/examples/wireless/ns3.47-wifi-backward-compatibility-default
[1879/1968] Linking CXX executable /home/ccc/projects/uav-logistics-comms/external/ns-3.47/build/examples/wireless/ns3.47-wifi-blockack-default
[1880/1968] Building CXX object examples/wireless/CMakeFiles/wifi-clear-channel-cmu.dir/wifi-clear-channel-cmu.cc.o
[1881/1968] Building CXX object examples/wireless/CMakeFiles/wifi-80211e-txop.dir/wifi-80211e-txop.cc.o
[1882/1968] Linking CXX executable /home/ccc/projects/uav-logistics-comms/external/ns-3.47/build/examples/wireless/ns3.47-wifi-clear-channel-cmu-default
[1883/1968] Linking CXX executable /home/ccc/projects/uav-logistics-comms/external/ns-3.47/build/examples/wireless/ns3.47-wifi-80211e-txop-default
[1884/1968] Building CXX object examples/wireless/CMakeFiles/wifi-hidden-terminal.dir/wifi-hidden-terminal.cc.o
[1885/1968] Linking CXX executable /home/ccc/projects/uav-logistics-comms/external/ns-3.47/build/examples/wireless/ns3.47-wifi-hidden-terminal-default
[1886/1968] Building CXX object examples/wireless/CMakeFiles/wifi-aggregation.dir/wifi-aggregation.cc.o
[1887/1968] Building CXX object examples/wireless/CMakeFiles/wifi-ofdm-he-validation.dir/wifi-ofdm-he-validation.cc.o
[1888/1968] Linking CXX executable /home/ccc/projects/uav-logistics-comms/external/ns-3.47/build/examples/wireless/ns3.47-wifi-ofdm-he-validation-default
[1889/1968] Building CXX object examples/wireless/CMakeFiles/wifi-ofdm-ht-validation.dir/wifi-ofdm-ht-validation.cc.o
[1890/1968] Linking CXX executable /home/ccc/projects/uav-logistics-comms/external/ns-3.47/build/examples/wireless/ns3.47-wifi-aggregation-default
[1891/1968] Linking CXX executable /home/ccc/projects/uav-logistics-comms/external/ns-3.47/build/examples/wireless/ns3.47-wifi-ofdm-ht-validation-default
[1892/1968] Building CXX object examples/wireless/CMakeFiles/wifi-ofdm-vht-validation.dir/wifi-ofdm-vht-validation.cc.o
[1893/1968] Building CXX object examples/wireless/CMakeFiles/wifi-ofdm-validation.dir/wifi-ofdm-validation.cc.o
[1894/1968] Linking CXX executable /home/ccc/projects/uav-logistics-comms/external/ns-3.47/build/examples/wireless/ns3.47-wifi-ofdm-vht-validation-default
[1895/1968] Linking CXX executable /home/ccc/projects/uav-logistics-comms/external/ns-3.47/build/examples/wireless/ns3.47-wifi-ofdm-validation-default
[1896/1968] Building CXX object examples/wireless/CMakeFiles/wifi-multi-tos.dir/wifi-multi-tos.cc.o
[1897/1968] Linking CXX executable /home/ccc/projects/uav-logistics-comms/external/ns-3.47/build/examples/wireless/ns3.47-wifi-multi-tos-default
[1898/1968] Building CXX object examples/wireless/CMakeFiles/wifi-ht-network.dir/wifi-ht-network.cc.o
[1899/1968] Linking CXX executable /home/ccc/projects/uav-logistics-comms/external/ns-3.47/build/examples/wireless/ns3.47-wifi-ht-network-default
[1900/1968] Building CXX object examples/wireless/CMakeFiles/wifi-error-models-comparison.dir/wifi-error-models-comparison.cc.o
[1901/1968] Linking CXX executable /home/ccc/projects/uav-logistics-comms/external/ns-3.47/build/examples/wireless/ns3.47-wifi-error-models-comparison-default
[1902/1968] Building CXX object examples/wireless/CMakeFiles/wifi-multirate.dir/wifi-multirate.cc.o
[1903/1968] Building CXX object examples/wireless/CMakeFiles/wifi-he-network.dir/wifi-he-network.cc.o
[1904/1968] Linking CXX executable /home/ccc/projects/uav-logistics-comms/external/ns-3.47/build/examples/wireless/ns3.47-wifi-multirate-default
[1905/1968] Building CXX object examples/wireless/CMakeFiles/wifi-mixed-network.dir/wifi-mixed-network.cc.o
[1906/1968] Linking CXX executable /home/ccc/projects/uav-logistics-comms/external/ns-3.47/build/examples/wireless/ns3.47-wifi-he-network-default
[1907/1968] Linking CXX executable /home/ccc/projects/uav-logistics-comms/external/ns-3.47/build/examples/wireless/ns3.47-wifi-mixed-network-default
[1908/1968] Building CXX object examples/wireless/CMakeFiles/wifi-simple-adhoc.dir/wifi-simple-adhoc.cc.o
[1909/1968] Linking CXX executable /home/ccc/projects/uav-logistics-comms/external/ns-3.47/build/examples/wireless/ns3.47-wifi-simple-adhoc-default
[1910/1968] Building CXX object examples/wireless/CMakeFiles/wifi-simple-adhoc-grid.dir/wifi-simple-adhoc-grid.cc.o
[1911/1968] Building CXX object examples/wireless/CMakeFiles/wifi-rate-adaptation-distance.dir/wifi-rate-adaptation-distance.cc.o
[1912/1968] Linking CXX executable /home/ccc/projects/uav-logistics-comms/external/ns-3.47/build/examples/wireless/ns3.47-wifi-simple-adhoc-grid-default
[1913/1968] Building CXX object examples/wireless/CMakeFiles/wifi-simple-ht-hidden-stations.dir/wifi-simple-ht-hidden-stations.cc.o
[1914/1968] Linking CXX executable /home/ccc/projects/uav-logistics-comms/external/ns-3.47/build/examples/wireless/ns3.47-wifi-rate-adaptation-distance-default
[1915/1968] Linking CXX executable /home/ccc/projects/uav-logistics-comms/external/ns-3.47/build/examples/wireless/ns3.47-wifi-simple-ht-hidden-stations-default
[1916/1968] Building CXX object examples/wireless/CMakeFiles/wifi-simple-infra.dir/wifi-simple-infra.cc.o
[1917/1968] Linking CXX executable /home/ccc/projects/uav-logistics-comms/external/ns-3.47/build/examples/wireless/ns3.47-wifi-simple-infra-default
[1918/1968] Building CXX object examples/wireless/CMakeFiles/wifi-power-adaptation-distance.dir/wifi-power-adaptation-distance.cc.o
[1919/1968] Building CXX object examples/wireless/CMakeFiles/wifi-simple-interference.dir/wifi-simple-interference.cc.o
[1920/1968] Linking CXX executable /home/ccc/projects/uav-logistics-comms/external/ns-3.47/build/examples/wireless/ns3.47-wifi-power-adaptation-distance-default
[1921/1968] Linking CXX executable /home/ccc/projects/uav-logistics-comms/external/ns-3.47/build/examples/wireless/ns3.47-wifi-simple-interference-default
[1922/1968] Building CXX object examples/wireless/CMakeFiles/wifi-timing-attributes.dir/wifi-timing-attributes.cc.o
[1923/1968] Building CXX object examples/wireless/CMakeFiles/wifi-sleep.dir/wifi-sleep.cc.o
[1924/1968] Building CXX object examples/wireless/CMakeFiles/wifi-spatial-reuse.dir/wifi-spatial-reuse.cc.o
[1925/1968] Building CXX object examples/wireless/CMakeFiles/wifi-tcp.dir/wifi-tcp.cc.o
[1926/1968] Linking CXX executable /home/ccc/projects/uav-logistics-comms/external/ns-3.47/build/examples/wireless/ns3.47-wifi-spatial-reuse-default
[1927/1968] Linking CXX executable /home/ccc/projects/uav-logistics-comms/external/ns-3.47/build/examples/wireless/ns3.47-wifi-sleep-default
[1928/1968] Linking CXX executable /home/ccc/projects/uav-logistics-comms/external/ns-3.47/build/examples/wireless/ns3.47-wifi-timing-attributes-default
[1929/1968] Building CXX object examples/wireless/CMakeFiles/wifi-spectrum-saturation-example.dir/wifi-spectrum-saturation-example.cc.o
[1930/1968] Linking CXX executable /home/ccc/projects/uav-logistics-comms/external/ns-3.47/build/examples/wireless/ns3.47-wifi-tcp-default
[1931/1968] Linking CXX executable /home/ccc/projects/uav-logistics-comms/external/ns-3.47/build/examples/wireless/ns3.47-wifi-spectrum-saturation-example-default
[1932/1968] Building CXX object scratch/CMakeFiles/scratch_subdir_scratch-subdir.dir/subdir/scratch-subdir-additional-header.cc.o
[1933/1968] Building CXX object examples/wireless/CMakeFiles/wifi-spectrum-per-interference.dir/wifi-spectrum-per-interference.cc.o
[1934/1968] Building CXX object examples/wireless/CMakeFiles/wifi-spectrum-per-example.dir/wifi-spectrum-per-example.cc.o
[1935/1968] Linking CXX executable /home/ccc/projects/uav-logistics-comms/external/ns-3.47/build/examples/wireless/ns3.47-wifi-spectrum-per-example-default
[1936/1968] Building CXX object examples/wireless/CMakeFiles/wifi-wired-bridging.dir/wifi-wired-bridging.cc.o
[1937/1968] Linking CXX executable /home/ccc/projects/uav-logistics-comms/external/ns-3.47/build/examples/wireless/ns3.47-wifi-spectrum-per-interference-default
[1938/1968] Building CXX object examples/wireless/CMakeFiles/wifi-ofdm-eht-validation.dir/wifi-ofdm-eht-validation.cc.o
[1939/1968] Building CXX object scratch/nested-subdir/CMakeFiles/scratch-nested-subdir-lib.dir/lib/scratch-nested-subdir-library-source.cc.o
[1940/1968] Linking CXX static library /home/ccc/projects/uav-logistics-comms/external/ns-3.47/build/lib/libscratch-nested-subdir-lib.a
[1941/1968] Linking CXX executable /home/ccc/projects/uav-logistics-comms/external/ns-3.47/build/examples/wireless/ns3.47-wifi-ofdm-eht-validation-default
[1942/1968] Building CXX object examples/wireless/CMakeFiles/wifi-power-adaptation-interference.dir/wifi-power-adaptation-interference.cc.o
[1943/1968] Linking CXX executable /home/ccc/projects/uav-logistics-comms/external/ns-3.47/build/examples/wireless/ns3.47-wifi-wired-bridging-default
[1944/1968] Building CXX object utils/CMakeFiles/test-runner.dir/test-runner.cc.o
[1945/1968] Building CXX object examples/wireless/CMakeFiles/wifi-txop-aggregation.dir/wifi-txop-aggregation.cc.o
[1946/1968] Linking CXX executable /home/ccc/projects/uav-logistics-comms/external/ns-3.47/build/examples/wireless/ns3.47-wifi-power-adaptation-interference-default
[1947/1968] Linking CXX executable /home/ccc/projects/uav-logistics-comms/external/ns-3.47/build/examples/wireless/ns3.47-wifi-txop-aggregation-default
[1948/1968] Building CXX object scratch/CMakeFiles/scratch_subdir_scratch-subdir.dir/subdir/scratch-subdir.cc.o
[1949/1968] Building CXX object scratch/CMakeFiles/scratch_scratch-simulator.dir/scratch-simulator.cc.o
[1950/1968] Linking CXX executable /home/ccc/projects/uav-logistics-comms/external/ns-3.47/build/scratch/subdir/ns3.47-scratch-subdir-default
[1951/1968] Linking CXX executable /home/ccc/projects/uav-logistics-comms/external/ns-3.47/build/scratch/ns3.47-scratch-simulator-default
[1952/1968] Linking CXX executable /home/ccc/projects/uav-logistics-comms/external/ns-3.47/build/utils/ns3.47-test-runner-default
[1953/1968] Building CXX object utils/CMakeFiles/bench-packets.dir/bench-packets.cc.o
[1954/1968] Linking CXX executable /home/ccc/projects/uav-logistics-comms/external/ns-3.47/build/utils/ns3.47-bench-packets-default
[1955/1968] Building CXX object utils/CMakeFiles/bench-scheduler.dir/bench-scheduler.cc.o
[1956/1968] Linking CXX executable /home/ccc/projects/uav-logistics-comms/external/ns-3.47/build/utils/ns3.47-bench-scheduler-default
[1957/1968] Building CXX object scratch/nested-subdir/CMakeFiles/scratch_nested-subdir_scratch-nested-subdir-executable.dir/scratch-nested-subdir-executable.cc.o
[1958/1968] Linking CXX executable /home/ccc/projects/uav-logistics-comms/external/ns-3.47/build/scratch/nested-subdir/ns3.47-scratch-nested-subdir-executable-default
[1959/1968] Building CXX object examples/wireless/CMakeFiles/wifi-vht-network.dir/wifi-vht-network.cc.o
[1960/1968] Linking CXX executable /home/ccc/projects/uav-logistics-comms/external/ns-3.47/build/examples/wireless/ns3.47-wifi-vht-network-default
[1961/1968] Building CXX object utils/CMakeFiles/print-introspected-doxygen.dir/print-introspected-doxygen.cc.o
[1962/1968] Building CXX object utils/CMakeFiles/perf-io.dir/perf/perf-io.cc.o
[1963/1968] Linking CXX executable /home/ccc/projects/uav-logistics-comms/external/ns-3.47/build/utils/perf/ns3.47-perf-io-default
[1964/1968] Linking CXX executable /home/ccc/projects/uav-logistics-comms/external/ns-3.47/build/utils/ns3.47-print-introspected-doxygen-default
[1965/1968] Building CXX object examples/wireless/CMakeFiles/wifi-eht-network.dir/wifi-eht-network.cc.o
[1966/1968] Linking CXX executable /home/ccc/projects/uav-logistics-comms/external/ns-3.47/build/examples/wireless/ns3.47-wifi-eht-network-default
[1967/1968] Building CXX object examples/wireless/CMakeFiles/wifi-multicast.dir/wifi-multicast.cc.o
[1968/1968] Linking CXX executable /home/ccc/projects/uav-logistics-comms/external/ns-3.47/build/examples/wireless/ns3.47-wifi-multicast-default
Finished executing the following commands:
/usr/bin/cmake --build /home/ccc/projects/uav-logistics-comms/external/ns-3.47/cmake-cache -j 11
