pareto_id,atomic_task_id,parent_gap_id,transport_sortie_id,site_id,service_start_s,service_end_s,service_duration_s,min_access_margin_db,backhaul_margin_db,min_twohop_margin_db,outbound_time_s,return_time_s,setup_time_s,flight_energy_kwh,setup_energy_kwh,service_energy_kwh,total_energy_kwh,energy_margin_kwh,return_soc,earliest_ready_s,as_is_timing_feasible,required_transport_shift_s
P01,P01_G000_A01,P01_G000,M001,R318547_2547232_246,1095.0394268984758,1380.9174534596882,285.87802656121244,0.5964858069384036,21.41575286175869,0.5964858069384036,141.7684624017637,151.6528831781309,30.0,0.08217511297537762,0.009166666666666667,0.08735161922703713,0.17869339886908142,2.381306601130919,0.944158312853412,351.7684624017637,1,0.0
P01,P01_G000_A01,P01_G000,M001,R318547_2547232_296,1095.0394268984758,1380.9174534596882,285.87802656121244,0.5990218821111881,21.396877196123086,0.5990218821111881,154.2684624017637,168.3195498447976,30.0,0.0866206429715196,0.009166666666666667,0.08735161922703713,0.1831389288652234,2.376861071134777,0.9427690847296177,364.2684624017637,1,0.0
P01,P01_G000_A01,P01_G000,M001,R318547_2547232_346,1095.0394268984758,1380.9174534596882,285.87802656121244,0.6009251298733744,21.370504315554214,0.6009251298733744,166.7684624017637,184.98621651146425,30.0,0.09106617296766156,0.009166666666666667,0.08735161922703713,0.18758445886136538,2.372415541138635,0.9413798566058234,376.7684624017637,1,0.0
P01,P01_G000_A01,P01_G000,M001,R318547_2547232_396,1095.0394268984758,1380.9174534596882,285.87802656121244,0.6021947173838811,21.336770413213586,0.6021947173838811,179.2684624017637,201.65288317813093,30.0,0.09551170296380354,0.009166666666666667,0.08735161922703713,0.19202998885750733,2.3679700111424933,0.939990628482029,389.2684624017637,1,0.0
P01,P01_G000_A01,P01_G000,M001,R318547_2547232_446,1095.0394268984758,1380.9174534596882,285.87802656121244,0.6028300886110003,21.29584690471539,0.6028300886110003,191.7684624017637,218.31954984479756,30.0,0.09995723295994552,0.009166666666666667,0.08735161922703713,0.19647551885364933,2.363524481146351,0.9386014003582346,401.7684624017637,1,0.0
P01,P01_G000_A01,P01_G000,M001,R318667_2547112_237,1095.0394268984758,1380.9174534596882,285.87802656121244,0.6960267597248162,22.09087886459585,0.6960267597248162,132.44178750047982,141.51069085130987,30.0,0.07641001860411677,0.009166666666666667,0.08735161922703713,0.17292830449782057,2.38707169550218,0.945959904844431,342.4417875004798,1,0.0
P01,P01_G000_A01,P01_G000,M001,R318667_2547112_287,1095.0394268984758,1380.9174534596882,285.87802656121244,0.698748617645478,22.070577562173014,0.698748617645478,143.44692462613085,156.6824946436276,30.0,0.08039986006896477,0.009166666666666667,0.08735161922703713,0.17691814596266858,2.3830818540373317,0.944713079386666,353.44692462613085,1,0.0
P01,P01_G000_A01,P01_G000,M001,R318667_2547112_337,1095.0394268984758,1380.9174534596882,285.87802656121244,0.7008231124683988,22.041524218003744,0.7008231124683988,155.94692462613085,173.34916131029428,30.0,0.08484539006510675,0.009166666666666667,0.08735161922703713,0.18136367595881053,2.37863632404119,0.9433238512628717,365.94692462613085,1,0.0
P01,P01_G000_A01,P01_G000,M001,R318667_2547112_387,1095.0394268984758,1380.9174534596882,285.87802656121244,0.7022493154462808,22.003893842032724,0.7022493154462808,168.44692462613085,190.01582797696094,30.0,0.08929092006124871,0.009166666666666667,0.08735161922703713,0.1858092059549525,2.374190794045048,0.9419346231390774,378.44692462613085,1,0.0
P01,P01_G000_A01,P01_G000,M001,R318667_2547112_437,1095.0394268984758,1380.9174534596882,285.87802656121244,0.7030265874701911,21.957909085821782,0.7030265874701911,180.94692462613085,206.6824946436276,30.0,0.09373645005739069,0.009166666666666667,0.08735161922703713,0.1902547359510945,2.369745264048906,0.940545395015283,390.94692462613085,1,0.0
P01,P01_G000_A01,P01_G000,M001,R318667_2547112_487,1095.0394268984758,1380.9174534596882,285.87802656121244,0.7031545800233658,21.90383597853453,0.7031545800233658,193.44692462613085,223.34916131029428,30.0,0.09818198005353265,0.009166666666666667,0.08735161922703713,0.19470026594723644,2.365299734052764,0.9391561668914886,403.44692462613085,1,0.0
P01,P01_G000_A01,P01_G000,M001,R318667_2547232_256,1095.0394268984758,1380.9174534596882,285.87802656121244,0.7645799873035912,21.44177262371356,0.7645799873035912,143.76615280540506,154.44164642723123,30.0,0.08277920935917674,0.009166666666666667,0.08735161922703713,0.17929749525288052,2.38070250474712,0.9439695327334748,353.76615280540506,1,0.0
P01,P01_G000_A02,P01_G000,M001,R318045_2548676_251,1380.9174534596882,1952.6735065821129,571.7560531224246,1.7800921965765326,5.8788190764502986,1.7800921965765326,260.3961118580843,270.68605402727377,30.0,0.15187857947142427,0.009166666666666667,0.1747032384540742,0.3357484845921651,2.2242515154078353,0.8950785985649484,470.3961118580843,1,0.0
P01,P01_G000_A02,P01_G000,M001,R318045_2548676_301,1380.9174534596882,1952.6735065821129,571.7560531224246,1.7850872382570202,5.873328128737427,1.7850872382570202,255.70769887387206,270.1643077097282,30.0,0.15108445651848795,0.009166666666666667,0.1747032384540742,0.3349543616392288,2.2250456383607715,0.895326761987741,465.70769887387206,1,0.0
P01,P01_G000_A02,P01_G000,M001,R318045_2548676_351,1380.9174534596882,1952.6735065821129,571.7560531224246,1.7892540741338223,15.865711783822661,1.7892540741338223,268.20769887387206,286.83097437639486,30.0,0.15552998651462993,0.009166666666666667,0.1747032384540742,0.33939989163537077,2.22060010836463,0.8939375338639466,478.20769887387206,1,0.0
P01,P01_G000_A02,P01_G000,M001,R318045_2548676_401,1380.9174534596882,1952.6735065821129,571.7560531224246,1.7925903132958751,15.85598121508653,1.7925903132958751,280.70769887387206,303.49764104306155,30.0,0.1599755165107719,0.009166666666666667,0.1747032384540742,0.34384542163151277,2.2161545783684877,0.8925483057401522,490.70769887387206,1,0.0
P01,P01_G000_A02,P01_G000,M001,R318045_2548676_451,1380.9174534596882,1952.6735065821129,571.7560531224246,1.795094037561853,15.844150631160545,1.795094037561853,293.20769887387206,320.1643077097282,30.0,0.1644210465069139,0.009166666666666667,0.1747032384540742,0.3482909516276548,2.2117090483723456,0.8911590776163579,503.20769887387206,1,0.0
P01,P01_G000_A02,P01_G000,M001,R318045_2548676_501,1380.9174534596882,1952.6735065821129,571.7560531224246,1.7967638051475774,15.830237207310091,1.7967638051475774,305.70769887387206,336.83097437639486,30.0,0.16886657650305587,0.009166666666666667,0.1747032384540742,0.3527364816237967,2.207263518376204,0.8897698494925635,515.707698873872,1,0.0
P01,P01_G000_A02,P01_G000,M001,R318045_2548796_305,1380.9174534596882,1952.6735065821129,571.7560531224246,1.6513641102479255,5.558604069024625,1.6513641102479255,264.4153452732567,279.1605206984683,30.0,0.1564024686314242,0.009166666666666667,0.1747032384540742,0.34027237375216507,2.2197276262478356,0.8936648832024484,474.4153452732567,1,0.0
P01,P01_G000_A02,P01_G000,M001,R318045_2548796_355,1380.9174534596882,1952.6735065821129,571.7560531224246,1.6553485439827682,15.551382371705884,1.6553485439827682,276.9153452732567,295.82718736513493,30.0,0.16084799862756616,0.009166666666666667,0.1747032384540742,0.344717903748307,2.2152820962516935,0.892275655078654,486.9153452732567,1,0.0
P01,P01_G000_A02,P01_G000,M001,R318045_2548796_405,1380.9174534596882,1952.6735065821129,571.7560531224246,1.658527410270537,15.542193438414287,1.658527410270537,289.4153452732567,312.4938540318016,30.0,0.16529352862370814,0.009166666666666667,0.1747032384540742,0.349163433744449,2.2108365662555514,0.8908864269548596,499.4153452732567,1,0.0
P01,P01_G000_A02,P01_G000,M001,R318045_2548796_455,1380.9174534596882,1952.6735065821129,571.7560531224246,1.660898936695645,15.531049754800833,1.660898936695645,301.9153452732567,329.1605206984683,30.0,0.16973905861985011,0.009166666666666667,0.1747032384540742,0.353608963740591,2.2063910362594097,0.8894971988310654,511.9153452732567,1,0.0
P01,P01_G000_A02,P01_G000,M001,R318045_2548796_505,1380.9174534596882,1952.6735065821129,571.7560531224246,1.6624617990117656,15.51796638005267,1.6624617990117656,314.4153452732567,345.82718736513493,30.0,0.1741845886159921,0.009166666666666667,0.1747032384540742,0.3580544937367329,2.2019455062632676,0.888107970707271,524.4153452732567,1,0.0
P01,P01_G000_A02,P01_G000,M001,R318045_2548796_555,1380.9174534596882,1952.6735065821129,571.7560531224246,1.6632151236031092,15.50296087977884,1.6632151236031092,326.9153452732567,362.4938540318016,30.0,0.17863011861213407,0.009166666666666667,0.1747032384540742,0.36250002373287493,2.1974999762671255,0.8867187425834766,536.9153452732567,1,0.0
P01,P01_G001_A00,P01_G001,M002,R319247_2549913_360,1171.6403334902727,1230.0988487350032,58.458515244730506,1.90348726512498,13.080943299176411,1.90348726512498,350.85355156655817,370.1881015340061,30.0,0.20772710552759727,0.009166666666666667,0.017862324102556545,0.23475609629682048,2.3252439037031802,0.9266387199072436,560.8535515665582,1,0.0
P01,P01_G001_A00,P01_G001,M002,R319247_2549913_410,1171.6403334902727,1230.0988487350032,58.458515244730506,1.9070097849038774,13.075624540840806,1.9070097849038774,363.35355156655817,386.85476820067277,30.0,0.21217263552373922,0.009166666666666667,0.017862324102556545,0.23920162629296243,2.320798373707038,0.9252494917834493,573.3535515665582,1,0.0
P01,P01_G001_A00,P01_G001,M002,R319247_2549913_460,1171.6403334902727,1230.0988487350032,58.458515244730506,1.9096777562550074,13.069192458526956,1.9096777562550074,375.85355156655817,403.52143486733945,30.0,0.2166181655198812,0.009166666666666667,0.017862324102556545,0.24364715628910438,2.316352843710896,0.9238602636596549,585.8535515665582,1,0.0
P01,P01_G001_A00,P01_G001,M002,R319247_2549913_510,1171.6403334902727,1230.0988487350032,58.458515244730506,1.911489601967432,13.061652001343546,1.911489601967432,388.35355156655817,420.1881015340061,30.0,0.22106369551602317,0.009166666666666667,0.017862324102556545,0.2480926862852464,2.3119073137147543,0.9224710355358605,598.3535515665582,1,0.0
P01,P01_G001_A00,P01_G001,M002,R319247_2549913_560,1171.6403334902727,1230.0988487350032,58.458515244730506,1.9124442496520686,13.053008949478723,1.9124442496520686,400.85355156655817,436.85476820067277,30.0,0.22550922551216515,0.009166666666666667,0.017862324102556545,0.25253821628138834,2.307461783718612,0.9210818074120661,610.8535515665582,1,0.0
P01,P01_G001_A00,P01_G001,M002,R319247_2550033_331,1171.6403334902727,1230.0988487350032,58.458515244730506,1.787595309384102,2.851598719443757,1.787595309384102,351.7123526940336,368.68774637079144,30.0,0.21028045223612526,0.009166666666666667,0.017862324102556545,0.23730944300534845,2.322690556994652,0.9258407990608286,561.7123526940336,1,0.0
P01,P01_G001_A00,P01_G001,M002,R319247_2550033_381,1171.6403334902727,1230.0988487350032,58.458515244730506,1.7914973943710208,12.84715571469819,1.7914973943710208,364.2123526940336,385.3544130374581,30.0,0.21472598223226724,0.009166666666666667,0.017862324102556545,0.24175497300149046,2.31824502699851,0.9244515709370342,574.2123526940336,1,0.0
P01,P01_G001_A00,P01_G001,M002,R319247_2550033_431,1171.6403334902727,1230.0988487350032,58.458515244730506,1.7945680098821697,12.841654588092638,1.7945680098821697,376.7123526940336,402.02107970412476,30.0,0.21917151222840922,0.009166666666666667,0.017862324102556545,0.2462005029976324,2.313799497002368,0.9230623428132398,586.7123526940336,1,0.0
P01,P01_G001_A00,P01_G001,M002,R319247_2550033_481,1171.6403334902727,1230.0988487350032,58.458515244730506,1.7968053890438682,12.835099361226739,1.7968053890438682,389.2123526940336,418.68774637079144,30.0,0.2236170422245512,0.009166666666666667,0.017862324102556545,0.2506460329937744,2.309353967006226,0.9216731146894455,599.2123526940336,1,0.0
P01,P01_G001_A00,P01_G001,M002,R319247_2550033_531,1171.6403334902727,1230.0988487350032,58.458515244730506,1.7982082426010493,12.827494810798427,1.7982082426010493,401.7123526940336,435.35441303745813,30.0,0.22806257222069318,0.009166666666666667,0.017862324102556545,0.25509156298991637,2.3049084370100843,0.9202838865656512,611.7123526940336,1,0.0
P01,P01_G001_A00,P01_G001,M002,R319247_2550033_581,1171.6403334902727,1230.0988487350032,58.458515244730506,1.7987757613903312,12.818846457079687,1.7987757613903312,414.2123526940336,452.02107970412476,30.0,0.23250810221683516,0.009166666666666667,0.017862324102556545,0.25953709298605837,2.300462907013942,0.9188946584418568,624.2123526940336,1,0.0
P01,P01_G001_A00,P01_G001,M002,R319247_2550153_332,1171.6403334902727,1230.0988487350032,58.458515244730506,1.6723371312954072,2.625622464396969,1.6723371312954072,372.38145547243056,389.4038741939475,30.0,0.21924054354678854,0.009166666666666667,0.017862324102556545,0.24626953431601173,2.3137304656839888,0.9230407705262463,582.3814554724306,1,0.0
P01,P01_G002_A00,P01_G002,M002,R320836_2548599_362,1248.1641088511385,1644.057325684367,395.8932168332285,0.29440902230354027,14.508155754179953,0.29440902230354027,306.90691478738376,326.42421291360444,30.0,0.17949479926220782,0.009166666666666667,0.12096737181015317,0.30962883773902766,2.250371162260973,0.9032409882065539,516.9069147873838,1,0.0
P01,P01_G002_A00,P01_G002,M002,R320836_2548599_412,1248.1641088511385,1644.057325684367,395.8932168332285,0.29646441767299336,14.500701151182511,0.29646441767299336,319.40691478738376,343.0908795802711,30.0,0.1839403292583498,0.009166666666666667,0.12096737181015317,0.3140743677351696,2.245925632264831,0.9018517600827595,529.4069147873838,1,0.0
P01,P01_G002_A00,P01_G002,M002,R320836_2548599_462,1248.1641088511385,1644.057325684367,395.8932168332285,0.2979292255849373,14.491705414944619,0.2979292255849373,331.90691478738376,359.75754624693775,30.0,0.18838585925449178,0.009166666666666667,0.12096737181015317,0.3185198977313116,2.2414801022686888,0.9004625319589651,541.9069147873838,1,0.0
P01,P01_G002_A00,P01_G002,M002,R320836_2548719_366,1248.1641088511385,1644.057325684367,395.8932168332285,0.27366610249144685,14.28139310888524,0.27366610249144685,314.48658741091083,334.3386150496641,30.0,0.18405293500502762,0.009166666666666667,0.12096737181015317,0.31418697348184743,2.245813026518153,0.9018165707869227,524.4865874109108,1,0.0
P01,P01_G002_A00,P01_G002,M002,R320836_2548719_416,1248.1641088511385,1644.057325684367,395.8932168332285,0.275664424809662,14.274198729173747,0.275664424809662,326.98658741091083,351.0052817163308,30.0,0.1884984650011696,0.009166666666666667,0.12096737181015317,0.31863250347798944,2.241367496522011,0.9004273426631283,536.9865874109108,1,0.0
P01,P01_G002_A00,P01_G002,M002,R320836_2548719_466,1248.1641088511385,1644.057325684367,395.8932168332285,0.2770749403451731,14.265541204766222,0.2770749403451731,339.48658741091083,367.6719483829974,30.0,0.19294399499731157,0.009166666666666667,0.12096737181015317,0.3230780334741314,2.2369219665258693,0.8990381145393339,549.4865874109108,1,0.0
P01,P01_G002_A00,P01_G002,M002,R320836_2548839_417,1248.1641088511385,1644.057325684367,395.8932168332285,0.25149758412246115,14.051235379520861,0.25149758412246115,333.97020407672466,358.0984806473627,30.0,0.19286710371751328,0.009166666666666667,0.12096737181015317,0.3230011421943331,2.236998857805667,0.8990621430642709,543.9702040767247,1,0.0
P01,P01_G002_A00,P01_G002,M002,R320836_2548839_467,1248.1641088511385,1644.057325684367,395.8932168332285,0.2528848748649324,14.042973849813933,0.2528848748649324,346.47020407672466,374.7651473140294,30.0,0.19731263371365526,0.009166666666666667,0.12096737181015317,0.3274466721904751,2.2325533278095255,0.8976729149404765,556.4702040767247,1,0.0
P01,P01_G003_A00,P01_G003,M003,R319460_2547617_263,807.2439655639018,1422.556482434358,615.3125168704562,1.2018892940816102,9.079629827318058,1.2018892940816102,180.65084861778655,191.9465700533334,30.0,0.10581739963153666,0.009166666666666667,0.18801215793263942,0.30299622423084277,2.257003775769158,0.9053136799278616,390.65084861778655,1,0.0
P01,P01_G003_A00,P01_G003,M003,R319460_2547617_313,807.2439655639018,1422.556482434358,615.3125168704562,1.203210902417979,19.06708775721708,1.203210902417979,193.15084861778655,208.6132367200001,30.0,0.11026292962767864,0.009166666666666667,0.18801215793263942,0.3074417542269847,2.2525582457730158,0.9039244518040672,403.15084861778655,1,0.0
P01,P01_G003_A00,P01_G003,M003,R319460_2547617_363,807.2439655639018,1422.556482434358,615.3125168704562,1.2038041377470847,19.05014149685539,1.2038041377470847,205.65084861778655,225.27990338666675,30.0,0.1147084596238206,0.009166666666666667,0.18801215793263942,0.3118872842231267,2.2481127157768737,0.902535223680273,415.65084861778655,1,0.0
P01,P01_G003_A00,P01_G003,M003,R319460_2547617_413,807.2439655639018,1422.556482434358,615.3125168704562,1.2036687015399963,19.028842531953217,1.2036687015399963,218.15084861778655,241.9465700533334,30.0,0.11915398961996258,0.009166666666666667,0.18801215793263942,0.3163328142192687,2.243667185780732,0.9011459955564786,428.15084861778655,1,0.0
P01,P01_G003_A00,P01_G003,M003,R319460_2547617_463,807.2439655639018,1422.556482434358,615.3125168704562,1.2028046619595187,19.003254910834983,1.2028046619595187,230.65084861778655,258.6132367200001,30.0,0.12359951961610456,0.009166666666666667,0.18801215793263942,0.3207783442154106,2.23922165578459,0.8997567674326842,440.65084861778655,1,0.0
P01,P01_G003_A00,P01_G003,M003,R319460_2547737_246,807.2439655639018,1422.556482434358,615.3125168704562,1.3736866527463576,8.64993940150056,1.3736866527463576,186.6028373036076,196.47656039727622,30.0,0.10992564861044911,0.009166666666666667,0.18801215793263942,0.3071044732097552,2.2528955267902453,0.9040298521219515,396.6028373036076,1,0.0
P01,P01_G003_A00,P01_G003,M003,R319460_2547737_296,807.2439655639018,1422.556482434358,615.3125168704562,1.3753203030944405,18.639955173308792,1.3753203030944405,196.40045235487713,210.44084211521243,30.0,0.11354739346254282,0.009166666666666667,0.18801215793263942,0.3107262180618489,2.2492737819381516,0.9028980568556723,406.40045235487713,1,0.0
P01,P01_G003_A00,P01_G003,M003,R319460_2547737_346,807.2439655639018,1422.556482434358,615.3125168704562,1.3761962799155185,18.62596690888614,1.3761962799155185,208.90045235487713,227.10750878187912,30.0,0.1179929234586848,0.009166666666666667,0.18801215793263942,0.31517174805799086,2.2448282519420095,0.9015088287318779,418.90045235487713,1,0.0
P01,P01_G003_A00,P01_G003,M003,R319460_2547737_396,807.2439655639018,1422.556482434358,615.3125168704562,1.3763141246045052,18.60801323862532,1.3763141246045052,221.40045235487713,243.77417544854575,30.0,0.12243845345482678,0.009166666666666667,0.18801215793263942,0.31961727805413287,2.240382721945868,0.9001196006080835,431.40045235487713,1,0.0
P01,P01_G003_A00,P01_G003,M003,R319460_2547737_446,807.2439655639018,1422.556482434358,615.3125168704562,1.3756737754489734,18.586143320238207,1.3756737754489734,233.90045235487713,260.44084211521243,30.0,0.12688398345096874,0.009166666666666667,0.18801215793263942,0.3240628080502748,2.2359371919497257,0.8987303724842891,443.90045235487713,1,0.0
P01,P01_G003_A00,P01_G003,M003,R319460_2547857_245,807.2439655639018,1422.556482434358,615.3125168704562,1.5486516578314138,8.235130137599995,1.5486516578314138,196.61711679445605,206.42703271852832,30.0,0.11549475982148631,0.009166666666666667,0.18801215793263942,0.3126735844207924,2.247326415579208,0.9022895048685023,406.617116794456,1,0.0
P01,P01_G003_A00,P01_G003,M003,R319460_2547857_295,807.2439655639018,1422.556482434358,615.3125168704562,1.5503645665378087,18.226110677668217,1.5503645665378087,203.77107543296518,217.74765802370413,30.0,0.11831062212164267,0.009166666666666667,0.18801215793263942,0.31548944672094875,2.244510553279052,0.9014095478997035,413.7710754329652,1,0.0
P01,P01_G004_A00,P01_G004,M004,R318461_2547640_457,684.9294036153034,1420.6790692836205,735.7496656683171,3.6678301174035255,19.424429339794102,3.6678301174035255,222.07686905640657,249.52517583944694,30.0,0.118558534527232,0.009166666666666667,0.22481239784309692,0.35253759903699555,2.207462400963005,0.8898320003009389,432.07686905640657,1,0.0
P01,P01_G004_A00,P01_G004,M004,R318461_2547760_475,684.9294036153034,1420.6790692836205,735.7496656683171,3.8643448608442696,18.943454994332797,3.8643448608442696,234.42823072241657,263.34161776668736,30.0,0.12520474573713553,0.009166666666666667,0.22481239784309692,0.3591838102468991,2.2008161897531013,0.887755059297844,444.4282307224166,1,0.0
P01,P01_G004_A00,P01_G004,M004,R318461_2547880_487,684.9294036153034,1420.6790692836205,735.7496656683171,4.0623894681536825,18.49001063258821,4.0623894681536825,245.59736886178308,275.58026223336515,30.0,0.1314317822556856,0.009166666666666667,0.22481239784309692,0.3654108467654492,2.1945891532345514,0.8858091103857971,455.5973688617831,1,0.0
P01,P01_G005_A00,P01_G005,M006,R319454_2546358_284,792.6092964510069,997.7900793828162,205.1807829318093,1.1216519937008371,24.973256244577627,1.1216519937008371,113.12809158068252,126.16821431220922,30.0,0.061195573784873156,0.009166666666666667,0.06269412811805285,0.1330563685695927,2.426943631430408,0.9584198848220022,323.1280915806825,1,0.0
P01,P01_G005_A00,P01_G005,M006,R319454_2546358_334,792.6092964510069,997.7900793828162,205.1807829318093,1.1218612709557334,24.91755472181609,1.1218612709557334,125.62809158068252,142.8348809788759,30.0,0.06564110378101513,0.009166666666666667,0.06269412811805285,0.13750189856573464,2.422498101434266,0.957030656698208,335.6280915806825,1,0.0
P01,P01_G005_A00,P01_G005,M006,R319454_2546358_384,792.6092964510069,997.7900793828162,205.1807829318093,1.1213554890483977,24.84567019650531,1.1213554890483977,138.1280915806825,159.50154764554253,30.0,0.07008663377715711,0.009166666666666667,0.06269412811805285,0.14194742856187664,2.418052571438124,0.9556414285744136,348.1280915806825,1,0.0
P01,P01_G005_A00,P01_G005,M006,R319454_2546358_434,792.6092964510069,997.7900793828162,205.1807829318093,1.1201348977501198,24.758404383329975,1.1201348977501198,150.6280915806825,176.16821431220922,30.0,0.07453216377329908,0.009166666666666667,0.06269412811805285,0.1463929585580186,2.413607041441982,0.9542522004506192,360.6280915806825,1,0.0
P01,P01_G005_A00,P01_G005,M006,R319454_2546358_484,792.6092964510069,997.7900793828162,205.1807829318093,1.1182000995485595,24.65668966732376,1.1182000995485595,163.1280915806825,192.8348809788759,30.0,0.07897769376944105,0.009166666666666667,0.06269412811805285,0.15083848855416057,2.40916151144584,0.9528629723268248,373.1280915806825,1,0.0
P01,P01_G005_A00,P01_G005,M006,R319454_2546478_325,792.6092964510069,997.7900793828162,205.1807829318093,1.3089873287142666,24.27081329978661,1.3089873287142666,129.33162053594862,145.78358434210097,30.0,0.06864865237691911,0.009166666666666667,0.06269412811805285,0.14050944716163863,2.419490552838362,0.9560907977619879,339.3316205359486,1,0.0
P01,P01_G005_A00,P01_G005,M006,R319454_2546478_375,792.6092964510069,997.7900793828162,205.1807829318093,1.3085945134885435,24.211441906087174,1.3085945134885435,141.83162053594862,162.45025100876762,30.0,0.07309418237306109,0.009166666666666667,0.06269412811805285,0.1449549771577806,2.41504502284222,0.9547015696381935,351.8316205359486,1,0.0
P01,P01_G005_A00,P01_G005,M006,R319454_2546478_425,792.6092964510069,997.7900793828162,205.1807829318093,1.3074553543747243,24.138524716426133,1.3074553543747243,154.33162053594862,179.1169176754343,30.0,0.07753971236920307,0.009166666666666667,0.06269412811805285,0.14940050715392258,2.410599492846078,0.9533123415143991,364.3316205359486,1,0.0
P01,P01_G005_A00,P01_G005,M006,R319454_2546478_475,792.6092964510069,997.7900793828162,205.1807829318093,1.3055704384701556,24.05274612564945,1.3055704384701556,166.83162053594862,195.78358434210097,30.0,0.08198524236534503,0.009166666666666667,0.06269412811805285,0.15384603715006456,2.406153962849936,0.9519231133906049,376.8316205359486,1,0.0
P01,P01_G005_A00,P01_G005,M006,R319454_2546598_342,792.6092964510069,997.7900793828162,205.1807829318093,1.4999766923196347,23.609587880424314,1.4999766923196347,139.85170956901027,157.71116188020818,30.0,0.07417382183734395,0.009166666666666667,0.06269412811805285,0.14603461662206346,2.413965383377937,0.9543641823056052,349.85170956901027,1,0.0
P01,P01_G005_A00,P01_G005,M006,R319454_2546598_392,792.6092964510069,997.7900793828162,205.1807829318093,1.499302720239882,23.55432105313818,1.499302720239882,152.35170956901027,174.37782854687487,30.0,0.07861935183348592,0.009166666666666667,0.06269412811805285,0.15048014661820544,2.409519853381795,0.9529749541818108,362.35170956901027,1,0.0
P01,P01_G005_A00,P01_G005,M006,R319454_2546598_442,792.6092964510069,997.7900793828162,205.1807829318093,1.4978490213827058,23.487402478417522,1.4978490213827058,164.85170956901027,191.04449521354155,30.0,0.0830648818296279,0.009166666666666667,0.06269412811805285,0.15492567661434742,2.4050743233856533,0.9515857260580164,374.85170956901027,1,0.0
P01,P01_G005_A02,P01_G005,M006,R318603_2547171_263,1100.380470848721,1202.9708623146255,102.59039146590453,2.6518729435040598,21.751052583400963,2.6518729435040598,141.6127409943337,152.88994588935324,30.0,0.08089212066295338,0.009166666666666667,0.03134706405902639,0.12140585138864644,2.438594148611354,0.962060671441048,351.6127409943337,1,0.0
P01,P01_G005_A02,P01_G005,M006,R318603_2547171_313,1100.380470848721,1202.9708623146255,102.59039146590453,2.654818539162619,21.727916263048144,2.654818539162619,154.1127409943337,169.5566125560199,30.0,0.08533765065909536,0.009166666666666667,0.03134706405902639,0.1258513813847884,2.434148618615212,0.9606714433172536,364.1127409943337,1,0.0
P01,P01_G005_A02,P01_G005,M006,R318603_2547171_363,1100.380470848721,1202.9708623146255,102.59039146590453,2.656747771300701,21.69673185999656,2.656747771300701,166.6127409943337,186.22327922268659,30.0,0.08978318065523734,0.009166666666666667,0.03134706405902639,0.1302969113809304,2.4297030886190703,0.9592822151934592,376.6127409943337,1,0.0
P01,P01_G005_A02,P01_G005,M006,R318603_2547171_413,1100.380470848721,1202.9708623146255,102.59039146590453,2.6576592843198625,21.657672319750844,2.6576592843198625,179.1127409943337,202.88994588935324,30.0,0.09422871065137932,0.009166666666666667,0.03134706405902639,0.13474244137707236,2.425257558622928,0.9578929870696649,389.1127409943337,1,0.0
P01,P01_G005_A02,P01_G005,M006,R318603_2547171_463,1100.380470848721,1202.9708623146255,102.59039146590453,2.657552437245542,21.610950210166948,2.657552437245542,191.6127409943337,219.5566125560199,30.0,0.09867424064752128,0.009166666666666667,0.03134706405902639,0.13918797137321434,2.420812028626786,0.9565037589458705,401.6127409943337,1,0.0
P01,P01_G005_A02,P01_G005,M006,R318603_2547291_237,1100.380470848721,1202.9708623146255,102.59039146590453,2.7121813558064787,21.14039797097466,2.7121813558064787,143.1548750380478,152.28271291850027,30.0,0.0837037749512789,0.009166666666666667,0.03134706405902639,0.12421750567697196,2.4357824943230284,0.9611820294759462,353.1548750380478,1,0.0
P01,P01_G005_A02,P01_G005,M006,R318603_2547291_287,1100.380470848721,1202.9708623146255,102.59039146590453,2.715700559961874,21.12397846850739,2.715700559961874,155.6548750380478,168.94937958516695,30.0,0.08814930494742088,0.009166666666666667,0.03134706405902639,0.12866303567311393,2.4313369643268867,0.959792801352152,365.6548750380478,1,0.0
P01,P01_G005_A02,P01_G005,M006,R318603_2547291_337,1100.380470848721,1202.9708623146255,102.59039146590453,2.7181897439666898,21.100499125224076,2.7181897439666898,168.1548750380478,185.6160462518336,30.0,0.09259483494356284,0.009166666666666667,0.03134706405902639,0.13310856566925588,2.4268914343307446,0.9584035732283576,378.1548750380478,1,0.0
P01,P01_G005_A02,P01_G005,M006,R318603_2547291_387,1100.380470848721,1202.9708623146255,102.59039146590453,2.71964713460369,21.07007410965747,2.71964713460369,180.6548750380478,202.2827129185003,30.0,0.09704036493970482,0.009166666666666667,0.03134706405902639,0.1375540956653979,2.4224459043346025,0.9570143451045632,390.6548750380478,1,0.0
P01,P01_G005_A02,P01_G005,M006,R318603_2547291_437,1100.380470848721,1202.9708623146255,102.59039146590453,2.7200716925721196,21.0328492369692,2.7200716925721196,193.1548750380478,218.94937958516695,30.0,0.1014858949358468,0.009166666666666667,0.03134706405902639,0.14199962566153984,2.418000374338461,0.9556251169807688,403.1548750380478,1,0.0
P01,P01_G005_A02,P01_G005,M006,R318603_2547411_249,1100.380470848721,1202.9708623146255,102.59039146590453,2.7702550768584615,20.55911519036924,2.7702550768584615,154.20169631886722,164.34797571746748,30.0,0.08989605637173066,0.009166666666666667,0.03134706405902639,0.13040978709742373,2.4295902129025766,0.959246941532055,364.2016963188672,1,0.0
P01,P01_G005_A02,P01_G005,M006,R318603_2547411_299,1100.380470848721,1202.9708623146255,102.59039146590453,2.773565997105905,20.54321912732601,2.773565997105905,166.70169631886722,181.01464238413416,30.0,0.09434158636787264,0.009166666666666667,0.03134706405902639,0.13485531709356569,2.425144682906435,0.9578577134082608,376.7016963188672,1,0.0
P01,P01_G006_A00,P01_G006,M007,R316550_2547530_334,2470.001633700186,2834.2311259847656,364.22949228457946,0.7889025871097886,6.655278950383902,0.7889025871097886,256.38398424379125,273.593613048316,30.0,0.1455457013847451,0.009166666666666667,0.11129234486473262,0.26600471291614436,2.293995287083856,0.9168735272137049,466.38398424379125,1,0.0
P01,P01_G006_A00,P01_G006,M007,R316550_2547530_384,2470.001633700186,2834.2311259847656,364.22949228457946,1.066561493117021,6.644476140594307,1.066561493117021,258.0130100209722,279.38930549216366,30.0,0.14667736335838458,0.009166666666666667,0.11129234486473262,0.26713637488978387,2.2928636251102166,0.9165198828469425,468.0130100209722,1,0.0
P01,P01_G006_A00,P01_G006,M007,R316550_2547530_434,2470.001633700186,2834.2311259847656,364.22949228457946,1.0663943490974788,6.63115670637788,1.0663943490974788,270.5130100209722,296.0559721588303,30.0,0.15112289335452656,0.009166666666666667,0.11129234486473262,0.2715819048859258,2.288418095114075,0.9151306547231481,480.5130100209722,1,0.0
P01,P01_G006_A00,P01_G006,M007,R316550_2547530_484,2470.001633700186,2834.2311259847656,364.22949228457946,1.065521277309486,16.615343814364863,1.065521277309486,283.0130100209722,312.722638825497,30.0,0.1555684233506685,0.009166666666666667,0.11129234486473262,0.27602743488206777,2.283972565117933,0.9137414265993539,493.0130100209722,1,0.0
P01,P01_G006_A00,P01_G006,M007,R316550_2547530_534,2470.001633700186,2834.2311259847656,364.22949228457946,1.063942703368042,16.597064753462575,1.063942703368042,295.5130100209722,329.38930549216366,30.0,0.16001395334681048,0.009166666666666667,0.11129234486473262,0.2804729648782098,2.2795270351217907,0.9123521984755595,505.5130100209722,1,0.0
P01,P01_G006_A00,P01_G006,M007,R316550_2547530_584,2470.001633700186,2834.2311259847656,364.22949228457946,1.0616593963078174,16.576350780464097,1.0616593963078174,308.0130100209722,346.0559721588303,30.0,0.16445948334295246,0.009166666666666667,0.11129234486473262,0.2849184948743517,2.275081505125649,0.9109629703517651,518.0130100209722,1,0.0
P01,P01_G006_A00,P01_G006,M007,R316550_2547650_375,2470.001633700186,2834.2311259847656,364.22949228457946,1.0652718674137702,6.404497177149409,1.0652718674137702,262.105066212182,282.70039397097105,30.0,0.14964813523855905,0.009166666666666667,0.11129234486473262,0.27010714676995834,2.289892853230042,0.915591516634388,472.105066212182,1,0.0
P01,P01_G006_A00,P01_G006,M007,R316550_2547650_425,2470.001633700186,2834.2311259847656,364.22949228457946,1.0652370664291482,6.392343793028132,1.0652370664291482,273.68540119346454,298.44739561892027,30.0,0.15381331791398484,0.009166666666666667,0.11129234486473262,0.2742723294453841,2.2857276705546163,0.9142898970483175,483.68540119346454,1,0.0
P01,P01_G006_A00,P01_G006,M007,R316550_2547650_475,2470.001633700186,2834.2311259847656,364.22949228457946,1.0644964980914722,6.37782505352763,1.0644964980914722,286.18540119346454,315.11406228558695,30.0,0.15825884791012682,0.009166666666666667,0.11129234486473262,0.2787178594415261,2.2812821405584742,0.9129006689245232,496.18540119346454,1,0.0
P01,P01_G006_A00,P01_G006,M007,R316550_2547650_525,2470.001633700186,2834.2311259847656,364.22949228457946,1.0630505233475276,6.360964717685164,1.0630505233475276,298.68540119346454,331.78072895225364,30.0,0.1627043779062688,0.009166666666666667,0.11129234486473262,0.28316338943766806,2.2768366105623326,0.9115114408007288,508.68540119346454,1,0.0
P01,P01_G006_A00,P01_G006,M007,R316550_2547650_575,2470.001633700186,2834.2311259847656,364.22949228457946,1.0608998465395274,16.34179014447075,1.0608998465395274,311.18540119346454,348.44739561892027,30.0,0.16714990790241077,0.009166666666666667,0.11129234486473262,0.28760891943381006,2.2723910805661904,0.9101222126769344,521.1854011934645,1,0.0
P01,P01_G006_A00,P01_G006,M007,R316550_2547650_625,2470.001633700186,2834.2311259847656,364.22949228457946,1.0580455142623748,16.320332147709593,1.0580455142623748,323.68540119346454,365.11406228558695,30.0,0.17159543789855275,0.009166666666666667,0.11129234486473262,0.292054449429952,2.2679455505700483,0.90873298455314,533.6854011934645,1,0.0
P01,P01_G007_A00,P01_G007,M009,R318467_2547712_301,836.8733598094886,1789.3170636205425,952.4437038110539,0.7428963788750167,19.207828201646976,0.7428963788750167,187.8953732485803,202.37745154651324,30.0,0.10773827273962873,0.009166666666666667,0.2910244650533776,0.40792940445967296,2.1520705955403274,0.8725220611063522,397.8953732485803,1,0.0
P01,P01_G007_A00,P01_G007,M009,R318467_2547712_351,836.8733598094886,1789.3170636205425,952.4437038110539,0.7435048963988322,19.19140344097559,0.7435048963988322,200.3953732485803,219.0441182131799,30.0,0.11218380273577071,0.009166666666666667,0.2910244650533776,0.41237493445581497,2.1476250655441858,0.8711328329825578,410.3953732485803,1,0.0
P01,P01_G007_A00,P01_G007,M009,R318467_2547712_401,836.8733598094886,1789.3170636205425,952.4437038110539,0.7434580253409138,19.17047543980476,0.7434580253409138,212.8953732485803,235.71078487984659,30.0,0.11662933273191269,0.009166666666666667,0.2910244650533776,0.416820464451957,2.1431795355480436,0.8697436048587635,422.8953732485803,1,0.0
P01,P01_G007_A00,P01_G007,M009,R318467_2547712_451,836.8733598094886,1789.3170636205425,952.4437038110539,0.7427557869190764,19.14510928011677,0.7427557869190764,225.3953732485803,252.37745154651324,30.0,0.12107486272805465,0.009166666666666667,0.2910244650533776,0.42126599444809887,2.1387340055519015,0.8683543767349691,435.3953732485803,1,0.0
P01,P01_G007_A00,P01_G007,M009,R318467_2547832_288,836.8733598094886,1789.3170636205425,952.4437038110539,0.9190518005462422,18.747274101072534,0.9190518005462422,192.5642409043311,205.94894523986167,30.0,0.11165364237514236,0.009166666666666667,0.2910244650533776,0.4118447740951866,2.148155225904814,0.8712985080952542,402.5642409043311,1,0.0
P01,P01_G007_A00,P01_G007,M009,R318467_2547832_338,836.8733598094886,1789.3170636205425,952.4437038110539,0.9198652808169072,18.733585688671923,0.9198652808169072,205.0642409043311,222.61561190652833,30.0,0.11609917237128434,0.009166666666666667,0.2910244650533776,0.4162903040913286,2.143709695908672,0.8699092799714598,415.0642409043311,1,0.0
P01,P01_G007_A00,P01_G007,M009,R318467_2547832_388,836.8733598094886,1789.3170636205425,952.4437038110539,0.9199962439010392,18.71582911662138,0.9199962439010392,217.5642409043311,239.28227857319501,30.0,0.1205447023674263,0.009166666666666667,0.2910244650533776,0.42073583408747056,2.1392641659125298,0.8685200518476655,427.5642409043311,1,0.0
P01,P01_G007_A00,P01_G007,M009,R318467_2547832_438,836.8733598094886,1789.3170636205425,952.4437038110539,0.9194446280559276,18.694054251201237,0.9194446280559276,230.0642409043311,255.94894523986167,30.0,0.12499023236356828,0.009166666666666667,0.2910244650533776,0.4251813640836125,2.134818635916388,0.8671308237238711,440.0642409043311,1,0.0
P01,P01_G007_A00,P01_G007,M009,R318467_2547832_488,836.8733598094886,1789.3170636205425,952.4437038110539,0.9182106933122327,18.668321596920464,0.9182106933122327,242.5642409043311,272.61561190652833,30.0,0.12943576235971027,0.009166666666666667,0.2910244650533776,0.4296268940797545,2.130373105920246,0.8657415956000767,452.5642409043311,1,0.0
P01,P01_G007_A00,P01_G007,M009,R318467_2547952_309,836.8733598094886,1789.3170636205425,952.4437038110539,1.0992890104822948,18.30169404007607,1.0992890104822948,205.742552870591,220.8650705199237,30.0,0.11859643090465183,0.009166666666666667,0.2910244650533776,0.4187875626246961,2.1412124373753043,0.8691288866797825,415.742552870591,1,0.0
P01,P01_G007_A00,P01_G007,M009,R318467_2547952_359,836.8733598094886,1789.3170636205425,952.4437038110539,1.0998402153093707,18.287785228087344,1.0998402153093707,218.242552870591,237.53173718659036,30.0,0.12304196090079379,0.009166666666666667,0.2910244650533776,0.4232330926208381,2.1367669073791626,0.8677396585559881,428.242552870591,1,0.0
P01,P01_G007_A00,P01_G007,M009,R318467_2547952_409,836.8733598094886,1789.3170636205425,952.4437038110539,1.0996799811462807,18.270210737840586,1.0996799811462807,230.742552870591,254.19840385325705,30.0,0.12748749089693578,0.009166666666666667,0.2910244650533776,0.42767862261698003,2.1323213773830205,0.8663504304321937,440.742552870591,1,0.0
P01,P01_G008_A00,P01_G008,M010,R314265_2549393_757,3872.674419072423,4713.107651000835,840.4332319284122,0.5529418147368688,0.5498680641518376,0.5498680641518376,547.6210002825783,600.0718247658139,30.0,0.3052994367315811,0.009166666666666667,0.25679904308923707,0.5712651464874848,1.9887348535125158,0.821479641722661,757.6210002825783,1,0.0
P01,P01_G009_A00,P01_G009,M011,R318074_2547391_344,4024.207411890528,4649.44256917851,625.235157287982,3.1871329860513384,20.17090745192263,3.1871329860513384,182.92122394011398,200.91008349821942,30.0,0.10158049357379256,0.009166666666666667,0.19104407583799451,0.30179123607845376,2.2582087639215467,0.9056902387254833,392.921223940114,1,0.0
P01,P01_G009_A00,P01_G009,M011,R318074_2547391_394,4024.207411890528,4649.44256917851,625.235157287982,3.1890803029046424,20.14560507670943,3.1890803029046424,195.42122394011398,217.5767501648861,30.0,0.10602602356993454,0.009166666666666667,0.19104407583799451,0.3062367660745957,2.2537632339254046,0.9043010106016889,405.421223940114,1,0.0
P01,P01_G009_A00,P01_G009,M011,R318074_2547391_444,4024.207411890528,4649.44256917851,625.235157287982,3.189877104295448,20.114774626484362,3.189877104295448,207.92122394011398,234.24341683155276,30.0,0.1104715535660765,0.009166666666666667,0.19104407583799451,0.3106822960707377,2.249317703929263,0.9029117824778945,417.921223940114,1,0.0
P01,P01_G009_A00,P01_G009,M011,R318074_2547391_494,4024.207411890528,4649.44256917851,625.235157287982,3.189522756850323,20.078534050227688,3.189522756850323,220.42122394011398,250.91008349821942,30.0,0.11491708356221848,0.009166666666666667,0.19104407583799451,0.31512782606687967,2.2448721739331208,0.9015225543541001,430.421223940114,1,0.0
P01,P01_G009_A00,P01_G009,M011,R318074_2547511_367,4024.207411890528,4649.44256917851,625.235157287982,3.404502030118138,19.66768495963369,3.404502030118138,196.33669749745548,216.26015025624457,30.0,0.10850759037240364,0.009166666666666667,0.19104407583799451,0.30871833287706485,2.2512816671229356,0.9035255209759172,406.3366974974555,1,0.0
P01,P01_G009_A00,P01_G009,M011,R318074_2547511_417,4024.207411890528,4649.44256917851,625.235157287982,3.4059874866594555,19.6427812379506,3.4059874866594555,208.83669749745548,232.9268169229112,30.0,0.11295312036854561,0.009166666666666667,0.19104407583799451,0.3131638628732068,2.2468361371267935,0.9021362928521228,418.8366974974555,1,0.0
P01,P01_G009_A00,P01_G009,M011,R318074_2547511_467,4024.207411890528,4649.44256917851,625.235157287982,3.406263233392295,19.612964451674728,3.406263233392295,221.33669749745548,249.5934835895779,30.0,0.11739865036468758,0.009166666666666667,0.19104407583799451,0.31760939286934875,2.242390607130652,0.9007470647283286,431.3366974974555,1,0.0
P01,P01_G009_A00,P01_G009,M011,R318074_2547511_517,4024.207411890528,4649.44256917851,625.235157287982,3.4053290399012326,19.578336092786913,3.4053290399012326,233.83669749745548,266.2601502562445,30.0,0.12184418036082956,0.009166666666666667,0.19104407583799451,0.32205492286549076,2.2379450771345097,0.8993578366045342,443.8366974974555,1,0.0
P01,P01_G009_A00,P01_G009,M011,R318074_2547631_339,4024.207411890528,4649.44256917851,625.235157287982,3.6234189012577644,19.20956883958098,3.6234189012577644,197.072050624854,214.68937647120816,30.0,0.11093700636968162,0.009166666666666667,0.19104407583799451,0.3111477488743428,2.2488522511256575,0.9027663284767679,407.072050624854,1,0.0
P01,P01_G009_A00,P01_G009,M011,R318074_2547631_389,4024.207411890528,4649.44256917851,625.235157287982,3.625685545093674,19.189687649797236,3.625685545093674,209.572050624854,231.35604313787485,30.0,0.1153825363658236,0.009166666666666667,0.19104407583799451,0.3155932788704848,2.244406721129516,0.9013771003529735,419.572050624854,1,0.0
P01,P01_G009_A00,P01_G009,M011,R318074_2547631_439,4024.207411890528,4649.44256917851,625.235157287982,3.6266801378203297,19.16533733440015,3.6266801378203297,222.072050624854,248.02270980454153,30.0,0.11982806636196558,0.009166666666666667,0.19104407583799451,0.3200388088666267,2.2399611911333737,0.8999878722291792,432.072050624854,1,0.0
P01,P01_G009_A00,P01_G009,M011,R318074_2547631_489,4024.207411890528,4649.44256917851,625.235157287982,3.626401805263015,19.136593158693174,3.626401805263015,234.572050624854,264.68937647120816,30.0,0.12427359635810756,0.009166666666666667,0.19104407583799451,0.32448433886276873,2.2355156611372315,0.8985986441053848,444.572050624854,1,0.0
P01,P01_G010_A00,P01_G010,M012,R313865_2549153_727,5926.649201997334,6514.065806111112,587.4166041137778,0.7332840390571107,0.32052137756616617,0.32052137756616617,550.9628084392909,600.9445446860357,30.0,0.309532562555218,0.009166666666666667,0.17948840681254322,0.49818763603442784,2.0618123639655725,0.8443163637392413,760.9628084392909,1,0.0
P01,P01_G010_A00,P01_G010,M012,R313865_2549153_777,5926.649201997334,6514.065806111112,587.4166041137778,0.7285264389859663,0.31333520578408525,0.31333520578408525,563.4628084392909,617.6112113527024,30.0,0.31397809255136,0.009166666666666667,0.17948840681254322,0.5026331660305698,2.0573668339694304,0.842927135615447,773.4628084392909,1,0.0
P01,P01_G010_A00,P01_G010,M012,R313865_2549273_708,5926.649201997334,6514.065806111112,587.4166041137778,0.6360886111781241,0.21994766744015237,0.21994766744015237,550.9362729251038,599.2975283165426,30.0,0.31089259584927464,0.009166666666666667,0.17948840681254322,0.4995476693284845,2.060452330671516,0.8438913533348487,760.9362729251038,1,0.0
P01,P01_G010_A00,P01_G010,M012,R313865_2549273_758,5926.649201997334,6514.065806111112,587.4166041137778,0.631684668368024,0.21315146591224732,0.21315146591224732,563.4362729251038,615.9641949832094,30.0,0.3153381258454166,0.009166666666666667,0.17948840681254322,0.5039931993246265,2.056006800675374,0.8425021252110543,773.4362729251038,1,0.0
P01,P01_G011_A00,P01_G011,M013,R320404_2548156_240,745.855314875907,1292.9711443375293,547.1158294616223,1.3368366737471717,6.069779006428774,1.3368366737471717,287.0343947655947,296.4089837955426,30.0,0.15832299812939013,0.009166666666666667,0.1671742812243846,0.33466394602044136,2.225336053979559,0.895417516868612,497.0343947655947,1,0.0
P01,P01_G011_A00,P01_G011,M013,R320404_2548156_290,745.855314875907,1292.9711443375293,547.1158294616223,1.3384556654652613,6.064531633401714,1.3384556654652613,270.367728098928,283.9089837955426,30.0,0.15387746813324815,0.009166666666666667,0.1671742812243846,0.3302184160242994,2.229781583975701,0.8968067449924064,480.367728098928,1,0.0
P01,P01_G011_A00,P01_G011,M013,R320404_2548156_340,745.855314875907,1292.9711443375293,547.1158294616223,1.3393233840665886,16.05706218628906,1.3393233840665886,260.86241804033426,278.57034040361555,30.0,0.1516149798935124,0.009166666666666667,0.1671742812243846,0.32795592778456367,2.232044072215437,0.8975137725673239,470.86241804033426,1,0.0
P01,P01_G011_A00,P01_G011,M013,R320404_2548156_390,745.855314875907,1292.9711443375293,547.1158294616223,1.3394393791083132,16.04738211994062,1.3394393791083132,273.36241804033426,295.2370070702822,30.0,0.1560605098896544,0.009166666666666667,0.1671742812243846,0.3324014577807056,2.2275985422192948,0.8961245444435295,483.36241804033426,1,0.0
P01,P01_G011_A00,P01_G011,M013,R320404_2548156_440,745.855314875907,1292.9711443375293,547.1158294616223,1.3388035903601718,16.03550621109234,1.3388035903601718,285.86241804033426,311.90367373694886,30.0,0.16050603988579637,0.009166666666666667,0.1671742812243846,0.33684698777684763,2.223153012223153,0.8947353163197351,495.86241804033426,1,0.0
P01,P01_G011_A00,P01_G011,M013,R320404_2548156_490,745.855314875907,1292.9711443375293,547.1158294616223,1.337416347908615,16.02145248374103,1.337416347908615,298.36241804033426,328.57034040361555,30.0,0.16495156988193835,0.009166666666666667,0.1671742812243846,0.34129251777298963,2.218707482227011,0.8933460881959407,508.36241804033426,1,0.0
P01,P01_G011_A00,P01_G011,M013,R320404_2548276_251,745.855314875907,1292.9711443375293,547.1158294616223,1.3870871076455984,5.792605166271443,1.3870871076455984,293.95174973799635,304.2492602665608,30.0,0.16281694761710674,0.009166666666666667,0.1671742812243846,0.339157895508158,2.2208421044918425,0.8940131576537006,503.95174973799635,1,0.0
P01,P01_G011_A00,P01_G011,M013,R320404_2548276_301,745.855314875907,1292.9711443375293,547.1158294616223,1.391724253529631,5.78721827748231,1.391724253529631,277.28508307132967,291.7492602665608,30.0,0.15837141762096474,0.009166666666666667,0.1671742812243846,0.334712365512016,2.2252876344879846,0.895402385777495,487.28508307132967,1,0.0
P01,P01_G011_A00,P01_G011,M013,R320404_2548276_351,745.855314875907,1292.9711443375293,547.1158294616223,1.3956046710765548,15.779747533775705,1.3956046710765548,270.3505394617105,288.98138332360827,30.0,0.1568925924231942,0.009166666666666667,0.1671742812243846,0.33323354031424546,2.226766459685755,0.8958645186517983,480.3505394617105,1,0.0
P01,P01_G011_A00,P01_G011,M013,R320404_2548276_401,745.855314875907,1292.9711443375293,547.1158294616223,1.398726326232861,15.770203680886397,1.398726326232861,282.8505394617105,305.64804999027496,30.0,0.16133812241933615,0.009166666666666667,0.1671742812243846,0.3376790703103874,2.222320929689613,0.8944752905280039,492.8505394617105,1,0.0
P01,P01_G011_A00,P01_G011,M013,R320404_2548276_451,745.855314875907,1292.9711443375293,547.1158294616223,1.401087579595199,15.758600383852013,1.401087579595199,295.3505394617105,322.31471665694164,30.0,0.16578365241547813,0.009166666666666667,0.1671742812243846,0.34212460030652936,2.217875399693471,0.8930860624042096,505.3505394617105,1,0.0
P01,P01_G011_A00,P01_G011,M013,R320404_2548396_221,745.855314875907,1292.9711443375293,547.1158294616223,1.317116514377176,5.523679430834562,1.317116514377176,306.07450350727754,313.840099006952,30.0,0.1683995767218077,0.009166666666666667,0.1671742812243846,0.344740524612859,2.2152594753871417,0.8922685860584816,516.0745035072775,1,0.0
P01,P01_G012_A00,P01_G012,M014,R316482_2547514_392,5839.683303059287,5860.626357918082,20.94305485879522,6.63171785886864,6.525083879148042,6.525083879148042,262.62709924858126,284.6552425591281,30.0,0.14907135286228057,0.009166666666666667,0.006399266762409652,0.16463728629135688,2.3953627137086437,0.948550848033951,472.62709924858126,1,0.0
P01,P01_G012_A00,P01_G012,M014,R316482_2547514_442,5839.683303059287,5860.626357918082,20.94305485879522,6.62711099889971,6.5117380702963175,6.5117380702963175,275.12709924858126,301.3219092257948,30.0,0.15351688285842255,0.009166666666666667,0.006399266762409652,0.16908281628749885,2.3909171837125016,0.9471616199101566,485.12709924858126,1,0.0
P01,P01_G012_A00,P01_G012,M014,R316482_2547514_492,5839.683303059287,5860.626357918082,20.94305485879522,6.619972135156445,16.495967693709247,6.619972135156445,287.62709924858126,317.9885758924614,30.0,0.15796241285456453,0.009166666666666667,0.006399266762409652,0.17352834628364083,2.3864716537163595,0.9457723917863623,497.62709924858126,1,0.0
P01,P01_G012_A00,P01_G012,M014,R316482_2547514_542,5839.683303059287,5860.626357918082,20.94305485879522,6.610313738723718,16.477799218226608,6.610313738723718,300.12709924858126,334.6552425591281,30.0,0.1624079428507065,0.009166666666666667,0.006399266762409652,0.1779738762797828,2.382026123720218,0.9443831636625679,510.12709924858126,1,0.0
P01,P01_G012_A00,P01_G012,M014,R316482_2547514_592,5839.683303059287,5860.626357918082,20.94305485879522,6.5981526061840015,16.45726286038159,6.5981526061840015,312.62709924858126,351.3219092257948,30.0,0.16685347284684848,0.009166666666666667,0.006399266762409652,0.1824194062759248,2.3775805937240757,0.9429939355387735,522.6270992485813,1,0.0
P01,P01_G012_A00,P01_G012,M014,R316482_2547634_407,5839.683303059287,5860.626357918082,20.94305485879522,6.88418352916446,6.287640114051285,6.287640114051285,271.7597053393259,295.03166629717094,30.0,0.1538491524748589,0.009166666666666667,0.006399266762409652,0.1694150859039352,2.390584914096065,0.9470577856550203,481.7597053393259,1,0.0
P01,P01_G012_A00,P01_G012,M014,R316482_2547634_457,5839.683303059287,5860.626357918082,20.94305485879522,6.8784974889588,6.274304132576503,6.274304132576503,284.2597053393259,311.69833296383763,30.0,0.15829468247100087,0.009166666666666667,0.006399266762409652,0.17386061590007718,2.3861393840999234,0.9456685575312259,494.2597053393259,1,0.0
P01,P01_G012_A00,P01_G012,M014,R316482_2547634_507,5839.683303059287,5860.626357918082,20.94305485879522,6.8701315330227715,16.258674653736037,6.8701315330227715,296.7597053393259,328.36499963050426,30.0,0.16274021246714285,0.009166666666666667,0.006399266762409652,0.17830614589621915,2.3816938541037813,0.9442793294074315,506.7597053393259,1,0.0
P01,P01_G012_A00,P01_G012,M014,R316482_2547634_557,5839.683303059287,5860.626357918082,20.94305485879522,6.859101130118063,16.240776500795036,6.859101130118063,309.2597053393259,345.03166629717094,30.0,0.16718574246328483,0.009166666666666667,0.006399266762409652,0.18275167589236113,2.377248324107639,0.9428901012836371,519.2597053393258,1,0.0
P01,P01_G012_A00,P01_G012,M014,R316482_2547634_607,5839.683303059287,5860.626357918082,20.94305485879522,6.845426569621111,16.220637844834144,6.845426569621111,321.7597053393259,361.69833296383763,30.0,0.1716312724594268,0.009166666666666667,0.006399266762409652,0.1871972058885031,2.3728027941114975,0.9415008731598428,531.7597053393258,1,0.0
P01,P01_G012_A00,P01_G012,M014,R316482_2547754_425,5839.683303059287,5860.626357918082,20.94305485879522,7.135107864109486,6.048613066552349,6.048613066552349,281.9435438278761,306.7537661992954,30.0,0.15904837229684388,0.009166666666666667,0.006399266762409652,0.17461430572592018,2.3853856942740803,0.9454330294606499,491.9435438278761,1,0.0
P01,P01_G012_A00,P01_G012,M014,R316482_2547754_475,5839.683303059287,5860.626357918082,20.94305485879522,7.128031231621634,6.035171781024047,6.035171781024047,294.4435438278761,323.4204328659621,30.0,0.16349390229298585,0.009166666666666667,0.006399266762409652,0.17905983572206216,2.380940164277938,0.9440438013368556,504.4435438278761,1,0.0
P01,P01_G013_A00,P01_G013,M014,R314908_2547689_613,5872.5938178373935,6279.687923850976,407.09410601358286,2.3691373565886806,3.1495087650690863,2.3691373565886806,410.4813485396202,450.8988478275434,30.0,0.22790762835174688,0.009166666666666667,0.12438986572637256,0.3614641607447861,2.1985358392552143,0.8870424497672543,620.4813485396203,1,0.0
P01,P01_G013_A00,P01_G013,M014,R314908_2547689_663,5872.5938178373935,6279.687923850976,407.09410601358286,2.3647611944051192,13.138345164037673,2.3647611944051192,422.9813485396202,467.5655144942101,30.0,0.23235315834788886,0.009166666666666667,0.12438986572637256,0.36590969074092805,2.1940903092590727,0.8856532216434599,632.9813485396203,1,0.0
P01,P01_G013_A00,P01_G013,M014,R314908_2547809_607,5872.5938178373935,6279.687923850976,407.09410601358286,2.4863612195467937,13.03223549741864,2.4863612195467937,413.11352328410356,453.07003166626504,30.0,0.22998101771643822,0.009166666666666667,0.12438986572637256,0.3635375501094774,2.196462449890523,0.8863945155907883,623.1135232841036,1,0.0
P01,P01_G013_A00,P01_G013,M014,R314908_2547809_657,5872.5938178373935,6279.687923850976,407.09410601358286,2.4819736015069367,13.021491468142202,2.4819736015069367,425.61352328410356,469.7366983329317,30.0,0.2344265477125802,0.009166666666666667,0.12438986572637256,0.3679830801056194,2.192016919894381,0.8850052874669939,635.6135232841036,1,0.0
P01,P01_G013_A00,P01_G013,M014,R314908_2547929_634,5872.5938178373935,6279.687923850976,407.09410601358286,2.5982780796195613,12.905188948092743,2.5982780796195613,424.06014837873875,466.2734748964797,30.0,0.23505698741925235,0.009166666666666667,0.12438986572637256,0.36861351981229157,2.1913864801877088,0.8848082750586589,634.0601483787387,1,0.0
P01,P01_G014_A00,P01_G014,M014,R316739_2547984_349,6291.655383770287,6312.598438629082,20.94305485879522,7.604625505929505,6.066396661611506,6.066396661611506,277.90697337127847,296.3856934640519,30.0,0.15684039539446273,0.009166666666666667,0.006399266762409652,0.17240632882353904,2.3875936711764614,0.946123022242644,487.90697337127847,1,0.0
P01,P01_G014_A00,P01_G014,M014,R316739_2547984_399,6291.655383770287,6312.598438629082,20.94305485879522,7.601570141040625,6.056283714240493,6.056283714240493,275.41177480357015,298.05716156301025,30.0,0.15671484390277482,0.009166666666666667,0.006399266762409652,0.17228077733185113,2.3877192226681494,0.9461622570837965,485.41177480357015,1,0.0
P01,P01_G014_A00,P01_G014,M014,R316739_2547984_449,6291.655383770287,6312.598438629082,20.94305485879522,7.595341003200531,6.043972562531749,6.043972562531749,287.91177480357015,314.7238282296769,30.0,0.1611603738989168,0.009166666666666667,0.006399266762409652,0.1767263073279931,2.3832736926720073,0.9447730289600021,497.91177480357015,1,0.0
P01,P01_G014_A00,P01_G014,M014,R316739_2547984_499,6291.655383770287,6312.598438629082,20.94305485879522,7.585951727432857,6.029481915073518,6.029481915073518,300.41177480357015,331.39049489634357,30.0,0.16560590389505878,0.009166666666666667,0.006399266762409652,0.18117183732413508,2.3788281626758656,0.9433838008362078,510.41177480357015,1,0.0
P01,P01_G014_A00,P01_G014,M014,R316739_2547984_549,6291.655383770287,6312.598438629082,20.94305485879522,7.573422780023705,6.012833634369926,6.012833634369926,312.91177480357015,348.05716156301025,30.0,0.17005143389120075,0.009166666666666667,0.006399266762409652,0.18561736732027706,2.3743826326797235,0.9419945727124134,522.9117748035701,1,0.0
P01,P01_G014_A00,P01_G014,M014,R316739_2547984_599,6291.655383770287,6312.598438629082,20.94305485879522,7.557781310666783,15.994052628622484,7.557781310666783,325.41177480357015,364.7238282296769,30.0,0.1744969638873427,0.009166666666666667,0.006399266762409652,0.190062897316419,2.3699371026835814,0.9406053445886191,535.4117748035701,1,0.0
P01,P01_G014_A00,P01_G014,M014,R316739_2548104_345,6291.655383770287,6312.598438629082,20.94305485879522,7.896475619188848,5.808368970173788,5.808368970173788,291.5626324355007,309.6954688409369,30.0,0.16305460613689557,0.009166666666666667,0.006399266762409652,0.17862053956597188,2.3813794604340286,0.9441810813856338,501.5626324355007,1,0.0
P01,P01_G014_A00,P01_G014,M014,R316739_2548104_395,6291.655383770287,6312.598438629082,20.94305485879522,7.893490216948109,5.7990129891039,5.7990129891039,280.67309843891866,302.9726015110215,30.0,0.1603701561345744,0.009166666666666667,0.006399266762409652,0.1759360895636507,2.3840639104363497,0.9450199720113591,490.67309843891866,1,0.0
P01,P01_G014_A00,P01_G014,M014,R316739_2548104_445,6291.655383770287,6312.598438629082,20.94305485879522,7.88711016200088,5.787582815915471,5.787582815915471,293.17309843891866,319.63926817768817,30.0,0.16481568613071634,0.009166666666666667,0.006399266762409652,0.18038161955979265,2.379618380440208,0.9436307438875648,503.17309843891866,1,0.0
P01,P01_G014_A00,P01_G014,M014,R316739_2548104_495,6291.655383770287,6312.598438629082,20.94305485879522,7.87735039021419,5.774094838251045,5.774094838251045,305.67309843891866,336.30593484435485,30.0,0.16926121612685832,0.009166666666666667,0.006399266762409652,0.18482714955593463,2.375172850444066,0.9422415157637705,515.6730984389187,1,0.0
P01,P01_G014_A00,P01_G014,M014,R316739_2548104_545,6291.655383770287,6312.598438629082,20.94305485879522,7.864233650677548,15.758568264926964,7.864233650677548,318.17309843891866,352.9726015110215,30.0,0.1737067461230003,0.009166666666666667,0.006399266762409652,0.1892726795520766,2.370727320447924,0.9408522876399761,528.1730984389187,1,0.0
P01,P01_G014_A00,P01_G014,M014,R316739_2548104_595,6291.655383770287,6312.598438629082,20.94305485879522,7.847790329985173,15.741025036065935,7.847790329985173,330.67309843891866,369.63926817768817,30.0,0.17815227611914228,0.009166666666666667,0.006399266762409652,0.19371820954821858,2.366281790451782,0.9394630595161817,540.6730984389187,1,0.0
P01,P01_G015_A00,P01_G015,M017,R317324_2547895_300,3016.7251051508374,3953.383813177553,936.6587080267154,2.7959860151446634,7.282976287779647,2.7959860151446634,242.3577919511189,256.7180033870727,30.0,0.13634872680191856,0.009166666666666667,0.28620127189705197,0.4317166653656372,2.1282833346343635,0.8650885420732384,452.3577919511189,1,0.0
P01,P01_G015_A00,P01_G015,M017,R317324_2547895_350,3016.7251051508374,3953.383813177553,936.6587080267154,2.802256210351999,7.2725111488474,2.802256210351999,236.03280390383702,254.55968200645748,30.0,0.13505571629237786,0.009166666666666667,0.28620127189705197,0.43042365485609646,2.129576345143904,0.8654926078574698,446.032803903837,1,0.0
P01,P01_G015_A00,P01_G015,M017,R317324_2547895_400,3016.7251051508374,3953.383813177553,936.6587080267154,2.7980036459943705,7.2591319141900925,2.7980036459943705,248.53280390383702,271.22634867312416,30.0,0.13950124628851984,0.009166666666666667,0.28620127189705197,0.43486918485223847,2.125130815147762,0.8641033797336755,458.532803903837,1,0.0
P01,P01_G015_A00,P01_G015,M017,R317324_2547895_450,3016.7251051508374,3953.383813177553,936.6587080267154,5.820365430729112,17.2428655093465,5.820365430729112,261.032803903837,287.8930153397908,30.0,0.14394677628466182,0.009166666666666667,0.28620127189705197,0.43931471484838047,2.12068528515162,0.8627141516098811,471.032803903837,1,0.0
P01,P01_G015_A00,P01_G015,M017,R317324_2547895_500,3016.7251051508374,3953.383813177553,936.6587080267154,5.813364110847985,17.223744410399178,5.813364110847985,273.532803903837,304.5596820064575,30.0,0.1483923062808038,0.009166666666666667,0.28620127189705197,0.4437602448445224,2.116239755155478,0.8613249234860867,483.532803903837,1,0.0
P01,P01_G015_A00,P01_G015,M017,R317324_2547895_550,3016.7251051508374,3953.383813177553,936.6587080267154,5.804271690056055,17.201806431159483,5.804271690056055,286.032803903837,321.2263486731241,30.0,0.15283783627694575,0.009166666666666667,0.28620127189705197,0.4482057748406644,2.1117942251593362,0.8599356953622924,496.032803903837,1,0.0
P01,P01_G015_A00,P01_G015,M017,R317444_2547775_317,3016.7251051508374,3953.383813177553,936.6587080267154,2.520234200532343,7.819424626965031,2.520234200532343,221.1927816412,236.9752915085503,30.0,0.1264674689521158,0.009166666666666667,0.28620127189705197,0.4218354075158344,2.138164592484166,0.8681764351513017,431.1927816412,1,0.0
P01,P01_G015_A00,P01_G015,M017,R317444_2547775_367,3016.7251051508374,3953.383813177553,936.6587080267154,2.5227468979747556,7.806447623219896,2.5227468979747556,229.38471686255417,249.3338933965711,30.0,0.1295997442374834,0.009166666666666667,0.28620127189705197,0.424967682801202,2.1350323171987986,0.8671975991246244,439.38471686255417,1,0.0
P01,P01_G015_A00,P01_G015,M017,R317444_2547775_417,3016.7251051508374,3953.383813177553,936.6587080267154,2.5153934978183656,17.790187570754796,2.5153934978183656,241.88471686255417,266.0005600632378,30.0,0.1340452742336254,0.009166666666666667,0.28620127189705197,0.429413212797344,2.1305867872026565,0.86580837100083,451.88471686255417,1,0.0
P01,P01_G015_A00,P01_G015,M017,R317444_2547775_467,3016.7251051508374,3953.383813177553,936.6587080267154,5.972602228894743,17.77068135138589,5.972602228894743,254.38471686255417,282.6672267299044,30.0,0.13849080422976737,0.009166666666666667,0.28620127189705197,0.433858742793486,2.1261412572065144,0.8644191428770356,464.38471686255417,1,0.0
P01,P01_G015_A00,P01_G015,M017,R317444_2547775_517,3016.7251051508374,3953.383813177553,936.6587080267154,5.964606821670586,17.747972786518204,5.964606821670586,266.88471686255417,299.3338933965711,30.0,0.14293633422590935,0.009166666666666667,0.28620127189705197,0.43830427278962797,2.1216957272103727,0.8630299147532412,476.88471686255417,1,0.0
P01,P01_G015_A00,P01_G015,M017,R317444_2547775_567,3016.7251051508374,3953.383813177553,936.6587080267154,5.954449747772159,17.722112315356412,5.954449747772159,279.38471686255417,316.0005600632378,30.0,0.1473818642220513,0.009166666666666667,0.28620127189705197,0.4427498027857699,2.1172501972142306,0.8616406866294469,489.38471686255417,1,0.0
P01,P01_G016_A00,P01_G016,M019,R316817_2547754_539,5189.593339776678,6185.514573210624,995.9212334339463,0.12159770507740575,16.664634006490303,0.12159770507740575,295.0867299717832,329.3443196934629,30.0,0.15941760698642257,0.009166666666666667,0.3043092657714836,0.4728935394245728,2.087106460575428,0.852220768929821,505.0867299717832,1,0.0
P01,P01_G016_A00,P01_G016,M019,R316817_2547754_589,5189.593339776678,6185.514573210624,995.9212334339463,0.11339905202127909,16.64336267884933,0.11339905202127909,307.5867299717832,346.01098636012955,30.0,0.16386313698256455,0.009166666666666667,0.3043092657714836,0.4773390694207148,2.082660930579286,0.8508315408060266,517.5867299717831,1,0.0
P01,P01_G016_A00,P01_G016,M019,R316817_2547754_639,5189.593339776678,6185.514573210624,995.9212334339463,0.09956106859311831,16.61965832648339,0.09956106859311831,320.0867299717832,362.67765302679624,30.0,0.16830866697870653,0.009166666666666667,0.3043092657714836,0.4817845994168568,2.0782154005831437,0.8494423126822322,530.0867299717831,1,0.0
P01,P01_G016_A00,P01_G016,M019,R316817_2547874_572,5189.593339776678,6185.514573210624,995.9212334339463,0.5870283357429571,16.382539410795886,0.5870283357429571,309.5093278369978,346.5205211760277,30.0,0.16629219883965252,0.009166666666666667,0.3043092657714836,0.47976813127780277,2.0802318687221977,0.8500724589756866,519.5093278369977,1,0.0
P01,P01_G017_A00,P01_G017,M020,R316564_2547391_380,2502.56368944498,2923.5285106228607,420.9648211778808,6.985431683353724,6.956106286850726,6.956106286850726,250.21040235058808,271.27175132926646,30.0,0.1419599864782851,0.009166666666666667,0.12862813980435248,0.2797547929493042,2.2802452070506964,0.9125766272033424,460.2104023505881,1,0.0
P01,P01_G017_A00,P01_G017,M020,R316564_2547391_430,2502.56368944498,2923.5285106228607,420.9648211778808,6.982456600413997,6.942004065667419,6.942004065667419,262.7104023505881,287.93841799593315,30.0,0.14640551647442707,0.009166666666666667,0.12862813980435248,0.28420032294544617,2.2757996770545543,0.911187399079548,472.7104023505881,1,0.0
P01,P01_G017_A00,P01_G017,M020,R316564_2547391_480,2502.56368944498,2923.5285106228607,420.9648211778808,6.976729405075275,16.925225818485302,6.976729405075275,275.2104023505881,304.60508466259984,30.0,0.15085104647056902,0.009166666666666667,0.12862813980435248,0.2886458529415882,2.271354147058412,0.9097981709557537,485.2104023505881,1,0.0
P01,P01_G017_A00,P01_G017,M020,R316564_2547391_530,2502.56368944498,2923.5285106228607,420.9648211778808,6.968260970258399,16.905802620846302,6.968260970258399,287.7104023505881,321.2717513292665,30.0,0.15529657646671102,0.009166666666666667,0.12862813980435248,0.2930913829377302,2.2669086170622705,0.9084089428319593,497.7104023505881,1,0.0
P01,P01_G017_A00,P01_G017,M020,R316564_2547391_580,2502.56368944498,2923.5285106228607,420.9648211778808,6.957067311889759,16.88377009831177,6.957067311889759,300.2104023505881,337.93841799593315,30.0,0.15974210646285297,0.009166666666666667,0.12862813980435248,0.2975369129338721,2.2624630870661284,0.907019714708165,510.2104023505881,1,0.0
P01,P01_G017_A00,P01_G017,M020,R316564_2547511_353,2502.56368944498,2923.5285106228607,420.9648211778808,3.1055753671551116,6.720084116703532,3.1055753671551116,248.61637070099954,267.37077642202814,30.0,0.14290187810434732,0.009166666666666667,0.12862813980435248,0.28069668457536645,2.279303315424634,0.912282286070198,458.61637070099954,1,0.0
P01,P01_G017_A00,P01_G017,M020,R316564_2547511_403,2502.56368944498,2923.5285106228607,420.9648211778808,6.740593493412675,6.708159443407126,6.708159443407126,261.11637070099954,284.03744308869483,30.0,0.1473474081004893,0.009166666666666667,0.12862813980435248,0.28514221457150846,2.274857785428492,0.9108930579464036,471.11637070099954,1,0.0
P01,P01_G017_A00,P01_G017,M020,R316564_2547511_453,2502.56368944498,2923.5285106228607,420.9648211778808,6.736618503448398,6.693687097091413,6.693687097091413,273.61637070099954,300.7041097553615,30.0,0.15179293809663127,0.009166666666666667,0.12862813980435248,0.2895877445676504,2.2704122554323503,0.9095038298226092,483.61637070099954,1,0.0
P01,P01_G017_A00,P01_G017,M020,R316564_2547511_503,2502.56368944498,2923.5285106228607,420.9648211778808,6.73004512371935,16.676692572779444,6.73004512371935,286.11637070099954,317.37077642202814,30.0,0.15623846809277325,0.009166666666666667,0.12862813980435248,0.29403327456379236,2.265966725436208,0.9081146016988149,496.11637070099954,1,0.0
P01,P01_G017_A00,P01_G017,M020,R316564_2547511_553,2502.56368944498,2923.5285106228607,420.9648211778808,6.720885137575948,16.65720555632791,6.720885137575948,298.61637070099954,334.03744308869483,30.0,0.16068399808891523,0.009166666666666667,0.12862813980435248,0.29847880455993436,2.261521195440066,0.9067253735750205,508.61637070099954,1,0.0
P01,P01_G017_A00,P01_G017,M020,R316564_2547511_603,2502.56368944498,2923.5285106228607,420.9648211778808,6.709154895853516,16.6352597548034,6.709154895853516,311.11637070099954,350.7041097553615,30.0,0.1651295280850572,0.009166666666666667,0.12862813980435248,0.30292433455607637,2.2570756654439244,0.9053361454512261,521.1163707009996,1,0.0
P01,P01_G017_A00,P01_G017,M020,R316564_2547631_376,2502.56368944498,2923.5285106228607,420.9648211778808,6.496479864735505,6.471069764274475,6.471069764274475,260.0402116809159,280.7669201566646,30.0,0.14852449968212222,0.009166666666666667,0.12862813980435248,0.2863193061531414,2.2736806938468592,0.9105252168271434,470.0402116809159,1,0.0
P01,P01_G018_A00,P01_G018,M021,R316794_2547613_388,5315.624044076422,6083.182395741032,767.5583516646102,1.045127531348058,6.986492199534581,1.045127531348058,251.28985122149402,272.94358199541983,30.0,0.14214626417672546,0.009166666666666667,0.23453171856418648,0.38584464940757857,2.174155350592422,0.8794235470601317,461.289851221494,1,0.0
P01,P01_G018_A00,P01_G018,M021,R316794_2547613_438,5315.624044076422,6083.182395741032,767.5583516646102,1.0449265222722488,6.9719001059695245,1.0449265222722488,263.789851221494,289.61024866208646,30.0,0.14659179417286744,0.009166666666666667,0.23453171856418648,0.39029017940372057,2.16970982059628,0.8780343189363373,473.789851221494,1,0.0
P01,P01_G018_A00,P01_G018,M021,R316794_2547613_488,5315.624044076422,6083.182395741032,767.5583516646102,1.0440230744217018,6.954616719869662,1.0440230744217018,276.289851221494,306.27691532875315,30.0,0.15103732416900942,0.009166666666666667,0.23453171856418648,0.3947357093998626,2.165264290600138,0.8766450908125429,486.289851221494,1,0.0
P01,P01_G018_A00,P01_G018,M021,R316794_2547613_538,5315.624044076422,6083.182395741032,767.5583516646102,1.0424176260410718,16.934674243525293,1.0424176260410718,288.789851221494,322.9435819954198,30.0,0.1554828541651514,0.009166666666666667,0.23453171856418648,0.39918123939600453,2.160818760603996,0.8752558626887486,498.789851221494,1,0.0
P01,P01_G018_A00,P01_G018,M021,R316794_2547613_588,5315.624044076422,6083.182395741032,767.5583516646102,1.0401109553769743,16.912109463190944,1.0401109553769743,301.289851221494,339.6102486620865,30.0,0.15992838416129337,0.009166666666666667,0.23453171856418648,0.4036267693921465,2.156373230607854,0.8738666345649542,511.289851221494,1,0.0
P01,P01_G018_A00,P01_G018,M021,R316794_2547613_638,5315.624044076422,6083.182395741032,767.5583516646102,1.0371041794215472,16.886963528340246,1.0371041794215472,313.789851221494,356.27691532875315,30.0,0.16437391415743535,0.009166666666666667,0.23453171856418648,0.4080722993882885,2.151927700611712,0.8724774064411599,523.789851221494,1,0.0
P01,P01_G018_A00,P01_G018,M021,R316794_2547733_382,5315.624044076422,6083.182395741032,767.5583516646102,1.2109201029842325,6.716257345548527,1.2109201029842325,264.3861744535411,285.5523335111583,30.0,0.14805610671822958,0.009166666666666667,0.23453171856418648,0.39175449194908274,2.1682455080509175,0.8775767212659117,474.3861744535411,1,0.0
P01,P01_G018_A00,P01_G018,M021,R316794_2547733_432,5315.624044076422,6083.182395741032,767.5583516646102,1.2107966808603834,6.702846647881188,1.2107966808603834,268.29003645305283,293.6228621773367,30.0,0.1498812214458815,0.009166666666666667,0.23453171856418648,0.39357960667673464,2.166420393323266,0.8770063729135205,478.29003645305283,1,0.0
P01,P01_G018_A00,P01_G018,M021,R316794_2547733_482,5315.624044076422,6083.182395741032,767.5583516646102,1.209943455899591,6.686900938367501,1.209943455899591,280.79003645305283,310.28952884400337,30.0,0.15432675144202349,0.009166666666666667,0.23453171856418648,0.39802513667287664,2.161974863327124,0.8756171447897261,490.79003645305283,1,0.0
P01,P01_G018_A00,P01_G018,M021,R316794_2547733_532,5315.624044076422,6083.182395741032,767.5583516646102,1.2083608581082075,6.668448192347938,1.2083608581082075,293.29003645305283,326.95619551067,30.0,0.15877228143816546,0.009166666666666667,0.23453171856418648,0.4024706666690186,2.1575293333309817,0.8742279166659317,503.29003645305283,1,0.0
P01,P01_G018_A00,P01_G018,M021,R316794_2547733_582,5315.624044076422,6083.182395741032,767.5583516646102,1.2060496845585362,16.6475204852499,1.2060496845585362,305.79003645305283,343.6228621773367,30.0,0.1632178114343074,0.009166666666666667,0.23453171856418648,0.40691619666516055,2.15308380333484,0.8728386885421373,515.7900364530528,1,0.0
P01,P01_G018_A00,P01_G018,M021,R316794_2547733_632,5315.624044076422,6083.182395741032,767.5583516646102,1.2030110980518884,16.624153810808963,1.2030110980518884,318.29003645305283,360.28952884400337,30.0,0.16766334143044942,0.009166666666666667,0.23453171856418648,0.41136172666130255,2.148638273338698,0.8714494604183429,528.2900364530528,1,0.0
P01,P01_G019_A00,P01_G019,M022,R316857_2547741_385,7355.713579944701,7376.656634803497,20.94305485879522,6.74845649645863,6.820761438549596,6.74845649645863,254.20783025924425,275.6237299174474,30.0,0.1442126230476059,0.009166666666666667,0.006399266762409652,0.1597785564766822,2.4002214435233182,0.9500692011010368,464.20783025924425,1,0.0
P01,P01_G019_A00,P01_G019,M022,R316857_2547741_435,7355.713579944701,7376.656634803497,20.94305485879522,6.7451100780727415,6.806865943852657,6.7451100780727415,266.70783025924425,292.29039658411403,30.0,0.14865815304374788,0.009166666666666667,0.006399266762409652,0.1642240864728242,2.395775913527176,0.9486799729772425,476.70783025924425,1,0.0
P01,P01_G019_A00,P01_G019,M022,R316857_2547741_485,7355.713579944701,7376.656634803497,20.94305485879522,6.739158743913663,6.7903763321251915,6.739158743913663,279.20783025924425,308.9570632507807,30.0,0.15310368303988986,0.009166666666666667,0.006399266762409652,0.16866961646896617,2.3913303835310344,0.9472907448534481,489.20783025924425,1,0.0
P01,P01_G019_A00,P01_G019,M022,R316857_2547741_535,7355.713579944701,7376.656634803497,20.94305485879522,6.730613188856481,16.77132221187324,6.730613188856481,291.70783025924425,325.62372991744735,30.0,0.15754921303603184,0.009166666666666667,0.006399266762409652,0.17311514646510814,2.3868848535348923,0.9459015167296537,501.70783025924425,1,0.0
P01,P01_G019_A00,P01_G019,M022,R316857_2547741_585,7355.713579944701,7376.656634803497,20.94305485879522,6.719488710070095,16.74973747068462,6.719488710070095,304.20783025924425,342.2903965841141,30.0,0.16199474303217382,0.009166666666666667,0.006399266762409652,0.17756067646125012,2.38243932353875,0.9445122886058593,514.2078302592442,1,0.0
P01,P01_G019_A00,P01_G019,M022,R316857_2547741_635,7355.713579944701,7376.656634803497,20.94305485879522,6.705805116242146,16.7256600789149,6.705805116242146,316.70783025924425,358.9570632507807,30.0,0.16644027302831577,0.009166666666666667,0.006399266762409652,0.18200620645739207,2.3779937935426085,0.943123060482065,526.7078302592442,1,0.0
P01,P01_G019_A00,P01_G019,M022,R316857_2547861_326,7355.713579944701,7376.656634803497,20.94305485879522,6.942350108114454,6.5557275007085,6.5557275007085,275.01205085547156,291.5448684417346,30.0,0.1518819132876797,0.009166666666666667,0.006399266762409652,0.167447846716756,2.3925521532832446,0.9476725479010137,485.01205085547156,1,0.0
P01,P01_G019_A00,P01_G019,M022,R316857_2547861_376,7355.713579944701,7376.656634803497,20.94305485879522,6.942050794680981,6.545574147087095,6.545574147087095,258.3453841888049,279.0448684417346,30.0,0.14743638329153771,0.009166666666666667,0.006399266762409652,0.16300231672061402,2.3969976832793867,0.9490617760248081,468.3453841888049,1,0.0
P01,P01_G019_A00,P01_G019,M022,R316857_2547861_426,7355.713579944701,7376.656634803497,20.94305485879522,6.939021170085979,6.53295792721741,6.53295792721741,270.76023760270465,295.626388522301,30.0,0.15185595751378864,0.009166666666666667,0.006399266762409652,0.16742189094286494,2.3925781090571356,0.9476806590803547,480.76023760270465,1,0.0
P01,P01_G019_A00,P01_G019,M022,R316857_2547861_476,7355.713579944701,7376.656634803497,20.94305485879522,6.933266942005659,6.517900311602048,6.517900311602048,283.26023760270465,312.2930551889676,30.0,0.15630148750993061,0.009166666666666667,0.006399266762409652,0.17186742093900692,2.3881325790609935,0.9462914309565603,493.26023760270465,1,0.0
P01,P01_G019_A00,P01_G019,M022,R316857_2547861_526,7355.713579944701,7376.656634803497,20.94305485879522,6.924798925615363,6.500426735587652,6.500426735587652,295.76023760270465,328.9597218556343,30.0,0.1607470175060726,0.009166666666666667,0.006399266762409652,0.1763129509351489,2.3836870490648514,0.9449022028327659,505.76023760270465,1,0.0
P01,P01_G019_A00,P01_G019,M022,R316857_2547861_576,7355.713579944701,7376.656634803497,20.94305485879522,6.913632976042564,16.480566458341656,6.913632976042564,308.26023760270465,345.626388522301,30.0,0.16519254750221457,0.009166666666666667,0.006399266762409652,0.18075848093129088,2.3792415190687097,0.9435129747089716,518.2602376027046,1,0.0
P01,P01_G020_A00,P01_G020,M022,R318254_2548051_273,7388.624094722808,7931.620015515035,542.9959207922275,2.149438444762211,7.866467321533619,2.149438444762211,205.19354898018014,217.32891198677194,30.0,0.12078398161485095,0.009166666666666667,0.1659154202420695,0.2958660685235871,2.2641339314764135,0.9075418535863791,415.19354898018014,1,0.0
P01,P01_G020_A00,P01_G020,M022,R318254_2548051_323,7388.624094722808,7931.620015515035,542.9959207922275,2.151860894490042,17.856299211775337,2.151860894490042,217.69354898018014,233.9955786534386,30.0,0.1252295116109929,0.009166666666666667,0.1659154202420695,0.3003115985197291,2.2596884014802714,0.9061526254625847,427.69354898018014,1,0.0
P01,P01_G020_A00,P01_G020,M022,R318254_2548051_373,7388.624094722808,7931.620015515035,542.9959207922275,2.153377795101619,17.842792648156603,2.153377795101619,230.19354898018014,250.66224532010528,30.0,0.1296750416071349,0.009166666666666667,0.1659154202420695,0.30475712851587106,2.2552428714841293,0.9047633973387903,440.19354898018014,1,0.0
P01,P01_G020_A00,P01_G020,M022,R318254_2548051_423,7388.624094722808,7931.620015515035,542.9959207922275,2.153988197144969,17.82597875173802,2.153988197144969,242.69354898018014,267.32891198677197,30.0,0.13412057160327687,0.009166666666666667,0.1659154202420695,0.309202658512013,2.2507973414879876,0.9033741692149959,452.69354898018014,1,0.0
P01,P01_G020_A00,P01_G020,M022,R318254_2548051_473,7388.624094722808,7931.620015515035,542.9959207922275,2.15369171834152,17.805895949745405,2.15369171834152,255.19354898018014,283.9955786534386,30.0,0.13856610159941884,0.009166666666666667,0.1659154202420695,0.313648188508155,2.2463518114918455,0.9019849410912015,465.19354898018014,1,0.0
P01,P01_G020_A00,P01_G020,M022,R318254_2548171_273,7388.624094722808,7931.620015515035,542.9959207922275,2.0997130203015786,7.470707238280738,2.0997130203015786,213.03659595452143,225.15698754591142,30.0,0.1258075389841739,0.009166666666666667,0.1659154202420695,0.3008896258929101,2.2591103741070904,0.9059719919084657,423.03659595452143,1,0.0
P01,P01_G020_A00,P01_G020,M022,R318254_2548171_323,7388.624094722808,7931.620015515035,542.9959207922275,2.1021111043227876,17.461434869252884,2.1021111043227876,225.53659595452143,241.8236542125781,30.0,0.13025306898031588,0.009166666666666667,0.1659154202420695,0.305335155889052,2.2546648441109483,0.9045827637846713,435.53659595452143,1,0.0
P01,P01_G020_A00,P01_G020,M022,R318254_2548171_373,7388.624094722808,7931.620015515035,542.9959207922275,2.1036139456873144,17.449111526032254,2.1036139456873144,238.03659595452143,258.49032087924473,30.0,0.13469859897645786,0.009166666666666667,0.1659154202420695,0.30978068588519403,2.2502193141148066,0.9031935356608769,448.03659595452143,1,0.0
P01,P01_G020_A00,P01_G020,M022,R318254_2548171_423,7388.624094722808,7931.620015515035,542.9959207922275,2.1042206144538085,17.43376316003362,2.1042206144538085,250.53659595452143,275.1569875459114,30.0,0.1391441289725998,0.009166666666666667,0.1659154202420695,0.314226215881336,2.2457737841186645,0.9018043075370825,460.53659595452143,1,0.0
P01,P01_G020_A00,P01_G020,M022,R318254_2548171_473,7388.624094722808,7931.620015515035,542.9959207922275,2.103930735009726,17.41542185352523,2.103930735009726,263.03659595452143,291.8236542125781,30.0,0.1435896589687418,0.009166666666666667,0.1659154202420695,0.31867174587747793,2.2413282541225223,0.9004150794132881,473.03659595452143,1,0.0
P01,P01_G020_A00,P01_G020,M022,R318254_2548291_310,7388.624094722808,7931.620015515035,542.9959207922275,2.047300345342734,17.08565890869744,2.047300345342734,230.18536134104386,245.38947282175673,30.0,0.1341433361508275,0.009166666666666667,0.1659154202420695,0.3092254230595637,2.2507745769404366,0.9033670552938864,440.18536134104386,1,0.0
P01,P01_G020_A00,P01_G020,M022,R318254_2548291_360,7388.624094722808,7931.620015515035,542.9959207922275,2.04901441914312,17.07508762021844,2.04901441914312,242.68536134104386,262.0561394884234,30.0,0.13858886614696947,0.009166666666666667,0.1659154202420695,0.31367095305570564,2.246329046944295,0.901977827170092,452.68536134104386,1,0.0
P01,P01_G021_A00,P01_G021,M022,R316730_2548012_365,7943.587475434347,7964.530530293142,20.94305485879522,6.022266979141023,5.987785159048158,5.987785159048158,275.1983248954777,294.96932963587483,30.0,0.15682137892336617,0.009166666666666667,0.006399266762409652,0.17238731235244248,2.387612687647558,0.9461289648898618,485.1983248954777,1,0.0
P01,P01_G021_A00,P01_G021,M022,R316730_2548012_415,7943.587475434347,7964.530530293142,20.94305485879522,6.024138478164318,5.977174993319906,5.977174993319906,281.1138217216496,305.0514931287134,30.0,0.15925971305420905,0.009166666666666667,0.006399266762409652,0.17482564648328536,2.385174353516715,0.9453669854739734,491.1138217216496,1,0.0
P01,P01_G021_A00,P01_G021,M022,R316730_2548012_465,7943.587475434347,7964.530530293142,20.94305485879522,6.023799384030369,5.9644093286862585,5.9644093286862585,293.6138217216496,321.7181597953801,30.0,0.16370524305035103,0.009166666666666667,0.006399266762409652,0.17927117647942734,2.380728823520573,0.943977757350179,503.6138217216496,1,0.0
P01,P01_G021_A00,P01_G021,M022,R316730_2548012_515,7943.587475434347,7964.530530293142,20.94305485879522,6.021250214353671,5.949507194328731,5.949507194328731,306.1138217216496,338.3848264620467,30.0,0.168150773046493,0.009166666666666667,0.006399266762409652,0.1837167064755693,2.3762832935244314,0.9425885292263846,516.1138217216496,1,0.0
P01,P01_G021_A00,P01_G021,M022,R316730_2548012_565,7943.587475434347,7964.530530293142,20.94305485879522,6.016494857330272,15.932490639468014,6.016494857330272,318.6138217216496,355.0514931287134,30.0,0.17259630304263499,0.009166666666666667,0.006399266762409652,0.1881622364717113,2.3718377635282892,0.9411993011025902,528.6138217216496,1,0.0
P01,P01_G021_A00,P01_G021,M022,R316730_2548012_615,7943.587475434347,7964.530530293142,20.94305485879522,6.009540551998157,15.913384626452697,6.009540551998157,331.1138217216496,371.7181597953801,30.0,0.17704183303877696,0.009166666666666667,0.006399266762409652,0.19260776646785327,2.367392233532147,0.9398100729787958,541.1138217216496,1,0.0
P01,P01_G021_A00,P01_G021,M022,R316730_2548132_355,7943.587475434347,7964.530530293142,20.94305485879522,5.780180563305393,5.732592411886756,5.732592411886756,290.2410072216595,309.1644167472129,30.0,0.16338710403697557,0.009166666666666667,0.006399266762409652,0.17895303746605187,2.3810469625339485,0.9440771757918588,500.2410072216595,1,0.0
P01,P01_G021_A00,P01_G021,M022,R316730_2548132_405,7943.587475434347,7964.530530293142,20.94305485879522,5.782375969467893,5.723006662134509,5.723006662134509,284.8854850658978,307.97556125811786,30.0,0.16238962196407414,0.009166666666666667,0.006399266762409652,0.17795555539315044,2.38204444460685,0.9443888889396405,494.8854850658978,1,0.0
P01,P01_G021_A00,P01_G021,M022,R316730_2548132_455,7943.587475434347,7964.530530293142,20.94305485879522,5.78248064123504,5.711384152670419,5.711384152670419,297.3854850658978,324.64222792478455,30.0,0.16683515196021612,0.009166666666666667,0.006399266762409652,0.18240108538929242,2.377598914610708,0.9429996608158461,507.3854850658978,1,0.0
P01,P01_G021_A00,P01_G021,M022,R316730_2548132_505,7943.587475434347,7964.530530293142,20.94305485879522,5.780494427467758,5.697741249324636,5.697741249324636,309.8854850658978,341.3088945914512,30.0,0.1712806819563581,0.009166666666666667,0.006399266762409652,0.1868466153854344,2.3731533846145663,0.9416104326920518,519.8854850658978,1,0.0
P01,P01_G021_A00,P01_G021,M022,R316730_2548132_555,7943.587475434347,7964.530530293142,20.94305485879522,5.7764201946780815,15.682097032793138,5.7764201946780815,322.3854850658978,357.97556125811786,30.0,0.17572621195250004,0.009166666666666667,0.006399266762409652,0.19129214538157635,2.368707854618424,0.9402212045682574,532.3854850658978,1,0.0
P01,P01_G021_A00,P01_G021,M022,R316730_2548132_605,7943.587475434347,7964.530530293142,20.94305485879522,5.770263813256491,15.664473211021132,5.770263813256491,334.8854850658978,374.6422279247845,30.0,0.18017174194864202,0.009166666666666667,0.006399266762409652,0.19573767537771833,2.364262324622282,0.938831976444463,544.8854850658978,1,0.0
P01,P01_G022_A00,P01_G022,M023,R317476_2548002_283,7356.969893492841,7709.584504744934,352.6146112520928,1.5065628713077928,7.214844899067359,1.5065628713077928,232.2131219577939,245.130605986928,30.0,0.13353285693904113,0.009166666666666667,0.10774335343813948,0.25044287704384727,2.309557122956153,0.9217366009237977,442.2131219577939,1,0.0
P01,P01_G022_A00,P01_G022,M023,R317476_2548002_333,7356.969893492841,7709.584504744934,352.6146112520928,1.508562384819939,7.205547254828119,1.508562384819939,233.1908911736956,250.27504186949636,30.0,0.1344659922444508,0.009166666666666667,0.10774335343813948,0.25137601234925694,2.3086239876507437,0.9214449961408572,443.1908911736956,1,0.0
P01,P01_G022_A00,P01_G022,M023,R317476_2548002_383,7356.969893492841,7709.584504744934,352.6146112520928,1.5097808423384578,7.193374403605176,1.5097808423384578,245.6908911736956,266.94170853616305,30.0,0.13891152224059278,0.009166666666666667,0.10774335343813948,0.2558215423453989,2.3041784576546016,0.9200557680170629,455.6908911736956,1,0.0
P01,P01_G022_A00,P01_G022,M023,R317476_2548002_433,7356.969893492841,7709.584504744934,352.6146112520928,1.510217586150162,17.178350508078807,1.510217586150162,258.1908911736956,283.60837520282973,30.0,0.14335705223673473,0.009166666666666667,0.10774335343813948,0.2602670723415409,2.2997329276584595,0.9186665398932685,468.1908911736956,1,0.0
P01,P01_G022_A00,P01_G022,M023,R317476_2548002_483,7356.969893492841,7709.584504744934,352.6146112520928,1.5098723803995853,17.16050517296597,1.5098723803995853,270.6908911736956,300.27504186949636,30.0,0.1478025822328767,0.009166666666666667,0.10774335343813948,0.26471260233768285,2.295287397662318,0.9172773117694741,480.6908911736956,1,0.0
P01,P01_G022_A00,P01_G022,M023,R317476_2548002_533,7356.969893492841,7709.584504744934,352.6146112520928,1.5087454115133312,17.1398732531745,1.5087454115133312,283.1908911736956,316.94170853616305,30.0,0.15224811222901868,0.009166666666666667,0.10774335343813948,0.2691581323338248,2.2908418676661757,0.9158880836456798,493.1908911736956,1,0.0
P01,P01_G022_A00,P01_G022,M023,R317476_2548122_252,7356.969893492841,7709.584504744934,352.6146112520928,1.4470667499120395,6.882364563075313,1.4470667499120395,248.72938361398823,259.0536517007395,30.0,0.14057877418957773,0.009166666666666667,0.10774335343813948,0.25748879429438387,2.3025112057056165,0.919534751783005,458.72938361398826,1,0.0
P01,P01_G022_A00,P01_G022,M023,R317476_2548122_302,7356.969893492841,7709.584504744934,352.6146112520928,1.449518955990996,6.875425200793472,1.449518955990996,232.61494142445372,247.1058761778717,30.0,0.13630158228333483,0.009166666666666667,0.10774335343813948,0.253211602388141,2.3067883976118595,0.9208713742537059,442.6149414244537,1,0.0
P01,P01_G022_A00,P01_G022,M023,R317476_2548122_352,7356.969893492841,7709.584504744934,352.6146112520928,1.4512010482722957,6.8658122305865845,1.4512010482722957,245.11494142445372,263.77254284453835,30.0,0.1407471122794768,0.009166666666666667,0.10774335343813948,0.25765713238428295,2.3023428676157174,0.9194821461299116,455.1149414244537,1,0.0
P01,P01_G022_A00,P01_G022,M023,R317476_2548122_402,7356.969893492841,7709.584504744934,352.6146112520928,1.4521121312305496,6.853543388980654,1.4521121312305496,257.6149414244537,280.43920951120504,30.0,0.14519264227561876,0.009166666666666667,0.10774335343813948,0.2621026623804249,2.2978973376195757,0.9180929180061173,467.6149414244537,1,0.0
P01,P01_G022_A00,P01_G022,M023,R317476_2548122_452,7356.969893492841,7709.584504744934,352.6146112520928,1.4522517194783973,16.838641180062027,1.4522517194783973,270.1149414244537,297.1058761778717,30.0,0.14963817227176074,0.009166666666666667,0.10774335343813948,0.2665481923765669,2.2934518076234336,0.9167036898823229,480.1149414244537,1,0.0
P01,P01_G022_A00,P01_G022,M023,R317476_2548122_502,7356.969893492841,7709.584504744934,352.6146112520928,1.4516197386279828,16.821132739244533,1.4516197386279828,282.6149414244537,313.77254284453835,30.0,0.15408370226790272,0.009166666666666667,0.10774335343813948,0.27099372237270886,2.2890062776272915,0.9153144617585285,492.6149414244537,1,0.0
P01,P01_G023_A00,P01_G023,M024,R320414_2547152_628,7641.816884597319,8009.780704438044,367.9638198407256,2.015352350483866,18.33909989362364,2.015352350483866,281.98559625443346,323.71296085811184,30.0,0.14470007569129414,0.009166666666666667,0.11243338939577727,0.26630013175373807,2.2936998682462626,0.9167812088269569,491.98559625443346,1,0.0
P01,P01_G023_A01,P01_G023,M024,R317872_2549275_304,8009.780704438044,8377.74452427877,367.9638198407265,0.9484724446851658,4.327513848859795,0.9484724446851658,323.09231482291676,337.8250009292807,30.0,0.18551094766983814,0.009166666666666667,0.11243338939577756,0.30711100373228234,2.252888996267718,0.9040278113336617,533.0923148229167,1,0.0
P01,P01_G023_A01,P01_G023,M024,R317872_2549275_354,8009.780704438044,8377.74452427877,367.9638198407265,0.9494651940892425,14.32207807116454,0.9494651940892425,310.4759144221192,329.37526719514983,30.0,0.18230008602870987,0.009166666666666667,0.11243338939577756,0.30390014209115407,2.2560998579088465,0.9050312055965144,520.4759144221192,1,0.0
P01,P01_G023_A01,P01_G023,M024,R317872_2549275_404,8009.780704438044,8377.74452427877,367.9638198407265,0.9497708041586037,14.315157094468617,0.9497708041586037,322.9759144221192,346.0419338618165,30.0,0.18674561602485185,0.009166666666666667,0.11243338939577756,0.3083456720872961,2.2516543279127044,0.90364197747272,532.9759144221192,1,0.0
P01,P01_G023_A01,P01_G023,M024,R317872_2549275_454,8009.780704438044,8377.74452427877,367.9638198407265,0.9493891298273525,14.306758018649958,0.9493891298273525,335.4759144221192,362.70860052848315,30.0,0.19119114602099382,0.009166666666666667,0.11243338939577756,0.312791202083438,2.2472087979165627,0.9022527493489256,545.4759144221192,1,0.0
P01,P01_G023_A01,P01_G023,M024,R317872_2549395_329,8009.780704438044,8377.74452427877,367.9638198407265,0.9749725839052417,4.062013245091364,0.9749725839052417,319.5108601588923,336.2687855739314,30.0,0.18734029395493978,0.009166666666666667,0.11243338939577756,0.308940350017384,2.2510596499826163,0.9034561406195675,529.5108601588922,1,0.0
P01,P01_G023_A01,P01_G023,M024,R317872_2549395_379,8009.780704438044,8377.74452427877,367.9638198407265,0.9756353285754926,14.05621647700869,0.9756353285754926,324.3720204372126,345.2966125189183,30.0,0.1894572279886739,0.009166666666666667,0.11243338939577756,0.3110572840511181,2.2489427159488824,0.9027945987340256,534.3720204372125,1,0.0
P01,P01_G023_A01,P01_G023,M024,R317872_2549395_429,8009.780704438044,8377.74452427877,367.9638198407265,0.9756067064675165,14.049024139593286,0.9756067064675165,336.8720204372126,361.963279185585,30.0,0.19390275798481588,0.009166666666666667,0.11243338939577756,0.3155028140472601,2.2444971859527403,0.9014053706102312,546.8720204372125,1,0.0
P01,P01_G023_A01,P01_G023,M024,R317872_2549395_479,8009.780704438044,8377.74452427877,367.9638198407265,0.9748867312494269,14.040443167808974,0.9748867312494269,349.3720204372126,378.6299458522517,30.0,0.19834828798095785,0.009166666666666667,0.11243338939577756,0.31994834404340206,2.2400516559565986,0.9000161424864369,559.3720204372125,1,0.0
P01,P01_G023_A01,P01_G023,M024,R317872_2549395_529,8009.780704438044,8377.74452427877,367.9638198407265,0.9734757466666082,14.030481800559798,0.9734757466666082,361.8720204372126,395.2966125189183,30.0,0.20279381797709983,0.009166666666666667,0.11243338939577756,0.32439387403954406,2.2356061259604565,0.8986269143626425,571.8720204372125,1,0.0
P01,P01_G023_A01,P01_G023,M024,R317872_2549515_315,8009.780704438044,8377.74452427877,367.9638198407265,0.9967619420749543,3.80757733122104,0.9967619420749543,334.11908273804687,349.76884114055343,30.0,0.19424045001069382,0.009166666666666667,0.11243338939577756,0.315840506073138,2.2441594939268623,0.9012998418521444,544.1190827380469,1,0.0
P01,P01_G023_A01,P01_G023,M024,R317872_2549515_365,8009.780704438044,8377.74452427877,367.9638198407265,0.9976128389095749,13.80246275949925,0.9976128389095749,328.8784541776628,348.69487924683597,30.0,0.19327799168119458,0.009166666666666667,0.11243338939577756,0.3148780477436388,2.245121952256362,0.9016006100801128,538.8784541776628,1,0.0
P01,P01_G023_A01,P01_G023,M024,R317872_2549515_415,8009.780704438044,8377.74452427877,367.9638198407265,0.9977688966744296,13.79603033190628,0.9977688966744296,341.3784541776628,365.36154591350265,30.0,0.19772352167733656,0.009166666666666667,0.11243338939577756,0.31932357773978076,2.24067642226022,0.9002113819563186,551.3784541776628,1,0.0
P01,P01_G024_A00,P01_G024,M025,R317846_2547356_416,3173.532039958184,3564.4968611360646,390.96482117788037,5.522696316852432,19.90596909247148,5.522696316852432,204.56552986847282,228.6128522053055,30.0,0.11026068520310775,0.009166666666666667,0.11946147313768568,0.23888882500746011,2.3211111749925406,0.9253472421851687,414.5655298684728,1,0.0
P01,P01_G024_A00,P01_G024,M025,R317846_2547356_466,3173.532039958184,3564.4968611360646,390.96482117788037,5.517541380410009,19.874351384900606,5.517541380410009,217.06552986847282,245.2795188719722,30.0,0.11470621519924973,0.009166666666666667,0.11946147313768568,0.24333435500360207,2.3166656449963985,0.9239580140613743,427.0655298684728,1,0.0
P01,P01_G024_A00,P01_G024,M025,R317846_2547356_516,3173.532039958184,3564.4968611360646,390.96482117788037,5.510427757894604,19.837638582236565,5.510427757894604,229.56552986847282,261.9461855386388,30.0,0.11915174519539169,0.009166666666666667,0.11946147313768568,0.24777988499974404,2.3122201150002564,0.92256878593758,439.5655298684728,1,0.0
P01,P01_G024_A00,P01_G024,M025,R317966_2547236_275,3173.532039958184,3564.4968611360646,390.96482117788037,0.6790140679491827,10.68613225216103,0.6790140679491827,158.7703338661858,171.07632192364025,30.0,0.09097971845214325,0.009166666666666667,0.11946147313768568,0.2196078582564956,2.340392141743505,0.9313725442948452,368.7703338661858,1,0.0
P01,P01_G024_A00,P01_G024,M025,R317966_2547236_325,3173.532039958184,3564.4968611360646,390.96482117788037,0.6567698534165913,20.666426485032446,0.6567698534165913,171.2703338661858,187.74298859030694,30.0,0.09542524844828523,0.009166666666666667,0.11946147313768568,0.2240533882526376,2.335946611747363,0.9299833161710508,381.2703338661858,1,0.0
P01,P01_G024_A00,P01_G024,M025,R317966_2547236_375,3173.532039958184,3564.4968611360646,390.96482117788037,5.1642440298625445,20.640404457125626,5.1642440298625445,183.7703338661858,204.40965525697356,30.0,0.0998707784444272,0.009166666666666667,0.11946147313768568,0.22849891824877955,2.331501081751221,0.9285940880472564,393.7703338661858,1,0.0
P01,P01_G024_A00,P01_G024,M025,R317966_2547236_425,3173.532039958184,3564.4968611360646,390.96482117788037,5.104401392207606,20.608179535504362,5.104401392207606,196.2703338661858,221.07632192364025,30.0,0.10431630844056917,0.009166666666666667,0.11946147313768568,0.23294444824492153,2.327055551755079,0.927204859923462,406.2703338661858,1,0.0
P01,P01_G024_A00,P01_G024,M025,R317966_2547236_475,3173.532039958184,3564.4968611360646,390.96482117788037,5.301180274911786,20.56988992908508,5.301180274911786,208.7703338661858,237.74298859030694,30.0,0.10876183843671115,0.009166666666666667,0.11946147313768568,0.2373899782410635,2.322610021758937,0.9258156317996676,418.7703338661858,1,0.0
P01,P01_G024_A00,P01_G024,M025,R317966_2547236_525,3173.532039958184,3564.4968611360646,390.96482117788037,5.294071793056659,20.525696768728977,5.294071793056659,221.2703338661858,254.4096552569736,30.0,0.11320736843285312,0.009166666666666667,0.11946147313768568,0.24183550823720545,2.3181644917627953,0.9244264036758733,431.2703338661858,1,0.0
P01,P01_G024_A00,P01_G024,M025,R317966_2547356_274,3173.532039958184,3564.4968611360646,390.96482117788037,0.17114113496977268,10.177402015838055,0.17114113496977268,166.48252068901778,178.65969913546962,30.0,0.09578021836795628,0.009166666666666667,0.11946147313768568,0.22440835817230864,2.335591641827692,0.9298723880711536,376.48252068901775,1,0.0
P01,P01_G024_A00,P01_G024,M025,R317966_2547356_324,3173.532039958184,3564.4968611360646,390.96482117788037,0.1515230778865373,20.16004725779203,0.1515230778865373,178.27549071058354,194.61933582370204,30.0,0.10001021993136903,0.009166666666666667,0.11946147313768568,0.22863835973572139,2.331361640264279,0.928550512582587,388.27549071058354,1,0.0
P01,P01_G024_A00,P01_G024,M025,R317966_2547356_374,3173.532039958184,3564.4968611360646,390.96482117788037,4.309064085943305,20.13705772958734,4.309064085943305,190.77549071058354,211.28600249036873,30.0,0.10445574992751101,0.009166666666666667,0.11946147313768568,0.23308388973186336,2.326916110268137,0.9271612844587926,400.77549071058354,1,0.0
P01,P01_G025_A00,P01_G025,M027,R318809_2547801_257,9404.165880707087,9633.648999397661,229.48311869057397,1.0699528223087214,8.900383690419545,1.0699528223087214,188.27556058823757,199.0276355292369,30.0,0.1090911242968749,0.009166666666666667,0.07011984182211983,0.1883776327856614,2.3716223672143393,0.9411319897544809,398.27556058823757,1,0.0
P01,P01_G025_A00,P01_G025,M027,R318809_2547801_307,9404.165880707087,9633.648999397661,229.48311869057397,1.051735907866771,18.888905943628743,1.051735907866771,194.61013242661647,209.52887403428247,30.0,0.11165720772171092,0.009166666666666667,0.07011984182211983,0.19094371621049744,2.369056283789503,0.9403300886842195,404.6101324266165,1,0.0
P01,P01_G025_A00,P01_G025,M027,R318809_2547801_357,9404.165880707087,9633.648999397661,229.48311869057397,1.0265936660661623,18.873195508301663,1.0265936660661623,207.11013242661647,226.19554070094915,30.0,0.1161027377178529,0.009166666666666667,0.07011984182211983,0.1953892462066394,2.364610753793361,0.9389408605604253,417.1101324266165,1,0.0
P01,P01_G025_A00,P01_G025,M027,R318809_2547801_407,9404.165880707087,9633.648999397661,229.48311869057397,0.9946460757634696,18.853298253111063,0.9946460757634696,219.61013242661647,242.8622073676158,30.0,0.12054826771399488,0.009166666666666667,0.07011984182211983,0.19983477620278137,2.3601652237972193,0.9375516324366309,429.6101324266165,1,0.0
P01,P01_G025_A00,P01_G025,M027,R318809_2547801_457,9404.165880707087,9633.648999397661,229.48311869057397,0.9560432699481254,18.829271717522758,0.9560432699481254,232.11013242661647,259.52887403428247,30.0,0.12499379771013686,0.009166666666666667,0.07011984182211983,0.20428030619892334,2.355719693801077,0.9361624043128365,442.1101324266165,1,0.0
P01,P01_G025_A00,P01_G025,M027,R318809_2547921_251,9404.165880707087,9633.648999397661,229.48311869057397,0.49821443615725514,8.45113882198008,0.49821443615725514,198.03414155117545,208.3437484847692,30.0,0.11466710282275873,0.009166666666666667,0.07011984182211983,0.19395361131154523,2.366046388688455,0.9393894964651421,408.0341415511755,1,0.0
P01,P01_G025_A00,P01_G025,M027,R318809_2547921_301,9404.165880707087,9633.648999397661,229.48311869057397,0.48289588443725506,18.441197282953468,0.48289588443725506,201.27143733771516,215.7477109379756,30.0,0.11628902394395246,0.009166666666666667,0.07011984182211983,0.19557553243273895,2.3644244675672614,0.9388826461147691,411.27143733771516,1,0.0
P01,P01_G025_A00,P01_G025,M027,R318809_2547921_351,9404.165880707087,9633.648999397661,229.48311869057397,0.46148460882875497,18.42743153708875,0.46148460882875497,213.77143733771516,232.41437760464225,30.0,0.12073455394009444,0.009166666666666667,0.07011984182211983,0.20002106242888093,2.3599789375711198,0.9374934179909747,423.77143733771516,1,0.0
P01,P01_G025_A00,P01_G025,M027,R318809_2547921_401,9404.165880707087,9633.648999397661,229.48311869057397,0.43407051401366914,18.40987789832151,0.43407051401366914,226.27143733771516,249.08104427130894,30.0,0.12518008393623642,0.009166666666666667,0.07011984182211983,0.2044665924250229,2.3555334075749776,0.9361041898671804,436.27143733771516,1,0.0
P01,P01_G025_A00,P01_G025,M027,R318809_2547921_451,9404.165880707087,9633.648999397661,229.48311869057397,0.40076720996752613,18.388582284998307,0.40076720996752613,238.77143733771516,265.74771093797557,30.0,0.1296256139323784,0.009166666666666667,0.07011984182211983,0.2089121224211649,2.3510878775788355,0.934714961743386,448.77143733771516,1,0.0
P01,P01_G025_A01,P01_G025,M027,R316341_2546435_335,9633.648999397661,9863.132118088237,229.4831186905758,0.3627100081703247,7.946426282478882,0.3627100081703247,221.1303616693625,238.3782620599875,30.0,0.125818206854805,0.009166666666666667,0.07011984182212039,0.20510471534359204,2.3548952846564086,0.9359047764551275,431.1303616693625,1,0.0
P01,P01_G025_A01,P01_G025,M027,R316341_2546435_385,9633.648999397661,9863.132118088237,229.4831186905758,0.36191218610761666,7.931858110673318,0.36191218610761666,231.22564263453177,252.64020969182343,30.0,0.12953069109540638,0.009166666666666667,0.07011984182212039,0.20881719958419342,2.351182800415807,0.9347446251299396,441.22564263453177,1,0.0
P01,P01_G025_A01,P01_G025,M027,R316341_2546435_435,9633.648999397661,9863.132118088237,229.4831186905758,0.36051436274902926,17.913920897822038,0.36051436274902926,243.72564263453177,269.30687635849006,30.0,0.13397622109154836,0.009166666666666667,0.07011984182212039,0.2132627295803354,2.346737270419665,0.9333553970061452,453.72564263453177,1,0.0
P01,P01_G025_A01,P01_G025,M027,R316341_2546435_485,9633.648999397661,9863.132118088237,229.4831186905758,0.35851711727025304,17.892656418740174,0.35851711727025304,256.22564263453177,285.97354302515674,30.0,0.1384217510876903,0.009166666666666667,0.07011984182212039,0.21770825957647735,2.3422917404235233,0.9319661688823508,466.22564263453177,1,0.0
P01,P01_G025_A01,P01_G025,M027,R316341_2546555_305,9633.648999397661,9863.132118088237,229.4831186905758,0.47412315104607217,7.800761194527709,0.47412315104607217,223.30287214726036,238.11699441085085,30.0,0.12710207103260865,0.009166666666666667,0.07011984182212039,0.2063885795213957,2.3536114204786047,0.9355035688995639,433.30287214726036,1,0.0
P01,P01_G025_A01,P01_G025,M027,R316341_2546555_355,9633.648999397661,9863.132118088237,229.4831186905758,0.4736643627685879,7.788611120763761,0.4736643627685879,226.89556547611778,245.87635440637493,30.0,0.12883233024076893,0.009166666666666667,0.07011984182212039,0.20811883872955597,2.3518811612704447,0.9349628628970138,436.8955654761178,1,0.0
P01,P01_G025_A01,P01_G025,M027,R316341_2546555_405,9633.648999397661,9863.132118088237,229.4831186905758,0.47258978483075964,17.773186217615617,0.47258978483075964,239.39556547611778,262.5430210730416,30.0,0.1332778602369109,0.009166666666666667,0.07011984182212039,0.21256436872569795,2.3474356312743025,0.9335736347732194,449.3955654761178,1,0.0
P01,P01_G025_A01,P01_G025,M027,R316341_2546555_455,9633.648999397661,9863.132118088237,229.4831186905758,0.4708998741921562,17.754521374084675,0.4708998741921562,251.89556547611778,279.2096877397083,30.0,0.13772339023305286,0.009166666666666667,0.07011984182212039,0.2170098987218399,2.3429901012781604,0.932184406649425,461.8955654761178,1,0.0
P01,P01_G025_A01,P01_G025,M027,R316341_2546555_505,9633.648999397661,9863.132118088237,229.4831186905758,0.4685953489465504,17.732658422287173,0.4685953489465504,264.3955654761178,295.87635440637496,30.0,0.14216892022919483,0.009166666666666667,0.07011984182212039,0.22145542871798188,2.3385445712820188,0.9307951785256307,474.3955654761178,1,0.0
P01,P01_G025_A01,P01_G025,M027,R316341_2546555_555,9633.648999397661,9863.132118088237,229.4831186905758,0.4656771873057295,17.707645830536308,0.4656771873057295,276.8955654761178,312.5430210730416,30.0,0.1466144502253368,0.009166666666666667,0.07011984182212039,0.22590095871412386,2.3340990412858766,0.9294059504018363,486.8955654761178,1,0.0
P01,P01_G025_A01,P01_G025,M027,R316341_2546675_340,9633.648999397661,9863.132118088237,229.4831186905758,0.584368817878584,7.627024485063842,0.584368817878584,234.9050325670805,252.6250729520089,30.0,0.13218078343283968,0.009166666666666667,0.07011984182212039,0.21146729192162672,2.3485327080783738,0.9339164712744916,444.9050325670805,1,0.0
P01,P01_G025_A01,P01_G025,M027,R316341_2546675_390,9633.648999397661,9863.132118088237,229.4831186905758,0.5834576401803417,17.613126436025055,0.5834576401803417,238.90333375523153,260.7900408068266,30.0,0.13403468665735382,0.009166666666666667,0.07011984182212039,0.21332119514614087,2.34667880485386,0.933337126516831,448.90333375523153,1,0.0
P02,P02_G000_A03,P02_G000,M001,R317217_2547861_351,1138.2226147694169,1236.3135481153586,98.09093334594172,0.140491166414634,7.189481093199305,0.140491166414634,237.90408463599505,256.47462449195206,30.0,0.13621415564511108,0.009166666666666667,0.029972229633482193,0.17535305194525994,2.3846469480547405,0.9452021712671063,447.90408463599505,1,0.0
P02,P02_G000_A03,P02_G000,M001,R317217_2547861_401,1138.2226147694169,1236.3135481153586,98.09093334594172,0.141186077717947,7.176324627586155,0.141186077717947,250.40408463599505,273.14129115861874,30.0,0.14065968564125306,0.009166666666666667,0.029972229633482193,0.1797985819414019,2.3802014180585984,0.9438129431433119,460.40408463599505,1,0.0
P02,P02_G000_A03,P02_G000,M001,R317217_2547861_451,1138.2226147694169,1236.3135481153586,98.09093334594172,0.14131049417285624,17.160334776614093,0.14131049417285624,262.90408463599505,289.80795782528537,30.0,0.14510521563739504,0.009166666666666667,0.029972229633482193,0.1842441119375439,2.3757558880624567,0.9424237150195175,472.90408463599505,1,0.0
P02,P02_G000_A03,P02_G000,M001,R317217_2547861_501,1138.2226147694169,1236.3135481153586,98.09093334594172,0.14086436674986658,17.141542869329598,0.14086436674986658,275.40408463599505,306.47462449195206,30.0,0.149550745633537,0.009166666666666667,0.029972229633482193,0.18868964193368587,2.3713103580663146,0.9410344868957232,485.40408463599505,1,0.0
P02,P02_G000_A03,P02_G000,M001,R317217_2547861_551,1138.2226147694169,1236.3135481153586,98.09093334594172,0.13984787124181253,17.119985381968775,0.13984787124181253,287.90408463599505,323.14129115861874,30.0,0.153996275629679,0.009166666666666667,0.029972229633482193,0.19313517192982785,2.3668648280701725,0.9396452587719288,497.90408463599505,1,0.0
P02,P02_G000_A03,P02_G000,M001,R317217_2547981_304,1138.2226147694169,1236.3135481153586,98.09093334594172,0.16513016965205907,6.8821040478029545,0.16513016965205907,256.4472885973122,271.14060575632914,30.0,0.14354572748224553,0.009166666666666667,0.029972229633482193,0.1826846237823944,2.3773153762176062,0.9429110550680018,466.4472885973122,1,0.0
P02,P02_G000_A03,P02_G000,M001,R317217_2547981_354,1138.2226147694169,1236.3135481153586,98.09093334594172,0.16636300682898764,6.8723457416729445,0.16636300682898764,245.56742104360126,264.4274048692848,30.0,0.14086422416301506,0.009166666666666667,0.029972229633482193,0.1800031204631639,2.3799968795368365,0.9437490248552612,455.56742104360126,1,0.0
P02,P02_G000_A03,P02_G000,M001,R317217_2547981_404,1138.2226147694169,1236.3135481153586,98.09093334594172,0.16702219958897047,6.859928270323792,0.16702219958897047,258.06742104360126,281.0940715359515,30.0,0.14530975415915703,0.009166666666666667,0.029972229633482193,0.1844486504593059,2.375551349540695,0.942359796731467,468.06742104360126,1,0.0
P02,P02_G000_A03,P02_G000,M001,R317217_2547981_454,1138.2226147694169,1236.3135481153586,98.09093334594172,0.1671074866631841,16.844874439817843,0.1671074866631841,270.56742104360126,297.7607382026182,30.0,0.14975528415529898,0.009166666666666667,0.029972229633482193,0.18889418045544784,2.3711058195445527,0.9409705686076726,480.56742104360126,1,0.0
P02,P02_G000_A03,P02_G000,M001,R317217_2547981_504,1138.2226147694169,1236.3135481153586,98.09093334594172,0.16661883424163193,16.82721169476028,0.16661883424163193,283.06742104360126,314.4274048692848,30.0,0.15420081415144096,0.009166666666666667,0.029972229633482193,0.19333971045158982,2.3666602895484106,0.9395813404838782,493.06742104360126,1,0.0
P02,P02_G000_A03,P02_G000,M001,R317217_2547981_554,1138.2226147694169,1236.3135481153586,98.09093334594172,0.1655564360177948,16.806971953912935,0.1655564360177948,295.56742104360126,331.0940715359515,30.0,0.15864634414758294,0.009166666666666667,0.029972229633482193,0.1977852404477318,2.362214759552269,0.9381921123600838,505.56742104360126,1,0.0
P02,P02_G000_A03,P02_G000,M001,R317217_2548101_363,1138.2226147694169,1236.3135481153586,98.09093334594172,0.1891598778267536,6.561177383325074,0.1891598778267536,254.69877210273012,274.30719190253484,30.0,0.14606216730905947,0.009166666666666667,0.029972229633482193,0.18520106360920832,2.374798936390792,0.9421246676221224,464.6987721027301,1,0.0
P02,P02_G001_A00,P02_G001,M001,R319252_2546462_297,1252.0029130821017,1310.4614283268318,58.45851524473005,0.891302983985824,25.288029105243083,0.891302983985824,113.64398587706796,127.78695411844166,30.0,0.060588041562300694,0.009166666666666667,0.017862324102556403,0.08761703233152376,2.4723829676684765,0.9726196773963989,323.64398587706796,1,0.0
P02,P02_G001_A00,P02_G001,M001,R319252_2546462_347,1252.0029130821017,1310.4614283268318,58.45851524473005,0.8912208232109435,25.223299799188297,0.8912208232109435,126.14398587706796,144.45362078510834,30.0,0.06503357155844267,0.009166666666666667,0.017862324102556403,0.09206256232766574,2.467937437672335,0.9712304492726045,336.14398587706796,1,0.0
P02,P02_G001_A00,P02_G001,M001,R319252_2546462_397,1252.0029130821017,1310.4614283268318,58.45851524473005,0.8904606217301279,25.14144001122017,0.8904606217301279,138.64398587706796,161.120287451775,30.0,0.06947910155458464,0.009166666666666667,0.017862324102556403,0.09650809232380772,2.4634919076761927,0.9698412211488101,348.64398587706796,1,0.0
P02,P02_G001_A00,P02_G001,M001,R319252_2546462_447,1252.0029130821017,1310.4614283268318,58.45851524473005,0.8890227355039997,25.043417950967253,0.8890227355039997,151.14398587706796,177.78695411844166,30.0,0.07392463155072662,0.009166666666666667,0.017862324102556403,0.1009536223199497,2.4590463776800506,0.9684519930250157,361.14398587706796,1,0.0
P02,P02_G001_A00,P02_G001,M001,R319252_2546582_280,1252.0029130821017,1310.4614283268318,58.45851524473005,1.0616796395296006,24.51398922846782,1.0616796395296006,116.24456089772329,128.95418207285348,30.0,0.06346749162066452,0.009166666666666667,0.017862324102556403,0.0904964823898876,2.469503517610113,0.9717198492531601,326.2445608977233,1,0.0
P02,P02_G001_A00,P02_G001,M001,R319252_2546582_330,1252.0029130821017,1310.4614283268318,58.45851524473005,1.061836802764276,24.465069884537016,1.061836802764276,128.7445608977233,145.62084873952017,30.0,0.0679130216168065,0.009166666666666667,0.017862324102556403,0.09494201238602958,2.465057987613971,0.9703306211293657,338.7445608977233,1,0.0
P02,P02_G001_A00,P02_G001,M001,R319252_2546582_380,1252.0029130821017,1310.4614283268318,58.45851524473005,1.0612887251964764,24.401451966920277,1.0612887251964764,141.2445608977233,162.28751540618683,30.0,0.07235855161294848,0.009166666666666667,0.017862324102556403,0.09938754238217155,2.4606124576178288,0.9689413930055714,351.2445608977233,1,0.0
P02,P02_G001_A00,P02_G001,M001,R319252_2546582_430,1252.0029130821017,1310.4614283268318,58.45851524473005,1.060035673765924,24.323779716550618,1.060035673765924,153.7445608977233,178.95418207285348,30.0,0.07680408160909044,0.009166666666666667,0.017862324102556403,0.10383307237831352,2.456166927621687,0.967552164881777,363.7445608977233,1,0.0
P02,P02_G001_A00,P02_G001,M001,R319252_2546582_480,1252.0029130821017,1310.4614283268318,58.45851524473005,1.0580782584727046,24.23281032223015,1.0580782584727046,166.2445608977233,195.62084873952017,30.0,0.08124961160523242,0.009166666666666667,0.017862324102556403,0.1082786023744555,2.451721397625545,0.9661629367579827,376.2445608977233,1,0.0
P02,P02_G001_A00,P02_G001,M001,R319252_2546702_263,1252.0029130821017,1310.4614283268318,58.45851524473005,1.234700807054466,23.778938355947844,1.234700807054466,119.08530734122168,130.37748237987728,30.0,0.06648687288491538,0.009166666666666667,0.017862324102556403,0.09351586365413846,2.466484136345862,0.9707762926080817,329.08530734122166,1,0.0
P02,P02_G001_A00,P02_G001,M001,R319252_2546702_313,1252.0029130821017,1310.4614283268318,58.45851524473005,1.2351140437431098,23.742044858273246,1.2351140437431098,131.58530734122166,147.04414904654394,30.0,0.07093240288105736,0.009166666666666667,0.017862324102556403,0.09796139365028043,2.46203860634972,0.9693870644842874,341.58530734122166,1,0.0
P02,P02_G001_A00,P02_G001,M001,R319252_2546702_363,1252.0029130821017,1310.4614283268318,58.45851524473005,1.234793325213019,23.692517921508554,1.234793325213019,144.08530734122166,163.7108157132106,30.0,0.07537793287719934,0.009166666666666667,0.017862324102556403,0.10240692364642241,2.4575930763535783,0.967997836360493,354.08530734122166,1,0.0
P02,P02_G002_A00,P02_G002,M002,R319684_2549593_301,809.1614003372633,1380.9174534596882,571.7560531224249,1.4038980244352075,3.561468825010735,1.4038980244352075,320.60347415949593,335.0638417437245,30.0,0.19254245232746242,0.009166666666666667,0.17470323845407426,0.37641235744820334,2.1835876425517973,0.8823711382974364,530.6034741594959,1,0.0
P02,P02_G002_A00,P02_G002,M002,R319684_2549593_351,809.1614003372633,1380.9174534596882,571.7560531224249,1.4074268778911687,13.556993469923356,1.4074268778911687,333.10347415949593,351.7305084103911,30.0,0.1969879823236044,0.009166666666666667,0.17470323845407426,0.38085788744434534,2.179142112555655,0.880981910173642,543.1034741594959,1,0.0
P02,P02_G002_A00,P02_G002,M002,R319684_2549593_401,809.1614003372633,1380.9174534596882,571.7560531224249,1.4101943528056609,13.55127140731372,1.4101943528056609,345.60347415949593,368.3971750770578,30.0,0.20143351231974638,0.009166666666666667,0.17470323845407426,0.3853034174404873,2.174696582559513,0.8795926820498478,555.6034741594959,1,0.0
P02,P02_G002_A00,P02_G002,M002,R319684_2549593_451,809.1614003372633,1380.9174534596882,571.7560531224249,1.412198991259416,13.54430756447536,1.412198991259416,358.10347415949593,385.0638417437245,30.0,0.20587904231588836,0.009166666666666667,0.17470323845407426,0.38974894743662925,2.1702510525633714,0.8782034539260534,568.1034741594959,1,0.0
P02,P02_G002_A00,P02_G002,M002,R319684_2549593_501,809.1614003372633,1380.9174534596882,571.7560531224249,1.4134397358446051,13.536107917597306,1.4134397358446051,370.60347415949593,401.7305084103911,30.0,0.21032457231203033,0.009166666666666667,0.17470323845407426,0.39419447743277125,2.1658055225672292,0.876814225802259,580.6034741594959,1,0.0
P02,P02_G002_A00,P02_G002,M002,R319804_2549593_336,809.1614003372633,1380.9174534596882,571.7560531224249,1.5255492044197752,3.4953237277436244,1.5255492044197752,331.3578840285908,348.7273651789,30.0,0.1969413366865763,0.009166666666666667,0.17470323845407426,0.3808112418073172,2.179188758192683,0.8809964869352134,541.3578840285908,1,0.0
P02,P02_G002_A00,P02_G002,M002,R319804_2549593_386,809.1614003372633,1380.9174534596882,571.7560531224249,1.5286300183243497,13.490054598785008,1.5286300183243497,343.8578840285908,365.3940318455667,30.0,0.20138686668271827,0.009166666666666667,0.17470323845407426,0.3852567718034592,2.174743228196541,0.879607258811419,553.8578840285908,1,0.0
P02,P02_G002_A00,P02_G002,M002,R319804_2549593_436,809.1614003372633,1380.9174534596882,571.7560531224249,1.5309272250742652,13.4835599012155,1.5309272250742652,356.3578840285908,382.0606985122334,30.0,0.20583239667886025,0.009166666666666667,0.17470323845407426,0.3897023017996012,2.1702976982003994,0.8782180306876246,566.3578840285908,1,0.0
P02,P02_G002_A00,P02_G002,M002,R319804_2549593_486,809.1614003372633,1380.9174534596882,571.7560531224249,1.5324395796814514,13.475845134801446,1.5324395796814514,368.8578840285908,398.7273651789,30.0,0.2102779266750022,0.009166666666666667,0.17470323845407426,0.3941478317957431,2.1658521682042573,0.8768288025638303,578.8578840285908,1,0.0
P02,P02_G002_A00,P02_G002,M002,R319804_2549593_536,809.1614003372633,1380.9174534596882,571.7560531224249,1.5331662616750634,13.46691680757202,1.5331662616750634,381.3578840285908,415.3940318455667,30.0,0.21472345667114418,0.009166666666666667,0.17470323845407426,0.3985933617918851,2.161406638208115,0.875439574440036,591.3578840285908,1,0.0
P02,P02_G002_A00,P02_G002,M002,R319804_2549713_339,809.1614003372633,1380.9174534596882,571.7560531224249,1.3677669980305893,3.258768473996028,1.3677669980305893,339.6819952291434,357.25352054856074,30.0,0.20208783393779683,0.009166666666666667,0.17470323845407426,0.38595773905853775,2.1740422609414627,0.8793882065442069,549.6819952291435,1,0.0
P02,P02_G002_A00,P02_G002,M002,R319804_2549713_389,809.1614003372633,1380.9174534596882,571.7560531224249,1.3707011347228928,13.253721860472382,1.3707011347228928,352.1819952291434,373.92018721522743,30.0,0.2065333639339388,0.009166666666666667,0.17470323845407426,0.3904032690546797,2.1695967309453206,0.8779989784204126,562.1819952291435,1,0.0
P02,P02_G002_A01,P02_G002,M002,R318045_2548676_301,1380.9174534596882,1952.6735065821129,571.7560531224246,4.2902449409898225,5.873328128737427,4.2902449409898225,255.70769887387206,270.1643077097282,30.0,0.15108445651848795,0.009166666666666667,0.1747032384540742,0.3349543616392288,2.2250456383607715,0.895326761987741,465.70769887387206,1,0.0
P02,P02_G002_A01,P02_G002,M002,R318045_2548676_351,1380.9174534596882,1952.6735065821129,571.7560531224246,4.298120180965341,15.865711783822661,4.298120180965341,268.20769887387206,286.83097437639486,30.0,0.15552998651462993,0.009166666666666667,0.1747032384540742,0.33939989163537077,2.22060010836463,0.8939375338639466,478.20769887387206,1,0.0
P02,P02_G002_A01,P02_G002,M002,R318045_2548676_401,1380.9174534596882,1952.6735065821129,571.7560531224246,4.304521383275144,15.85598121508653,4.304521383275144,280.70769887387206,303.49764104306155,30.0,0.1599755165107719,0.009166666666666667,0.1747032384540742,0.34384542163151277,2.2161545783684877,0.8925483057401522,490.70769887387206,1,0.0
P02,P02_G002_A01,P02_G002,M002,R318045_2548676_451,1380.9174534596882,1952.6735065821129,571.7560531224246,4.309442002777672,15.844150631160545,4.309442002777672,293.20769887387206,320.1643077097282,30.0,0.1644210465069139,0.009166666666666667,0.1747032384540742,0.3482909516276548,2.2117090483723456,0.8911590776163579,503.20769887387206,1,0.0
P02,P02_G002_A01,P02_G002,M002,R318045_2548676_501,1380.9174534596882,1952.6735065821129,571.7560531224246,4.312876992881726,15.830237207310091,4.312876992881726,305.70769887387206,336.83097437639486,30.0,0.16886657650305587,0.009166666666666667,0.1747032384540742,0.3527364816237967,2.207263518376204,0.8897698494925635,515.707698873872,1,0.0
P02,P02_G002_A01,P02_G002,M002,R318045_2548796_305,1380.9174534596882,1952.6735065821129,571.7560531224246,4.056931505262767,5.558604069024625,4.056931505262767,264.4153452732567,279.1605206984683,30.0,0.1564024686314242,0.009166666666666667,0.1747032384540742,0.34027237375216507,2.2197276262478356,0.8936648832024484,474.4153452732567,1,0.0
P02,P02_G002_A01,P02_G002,M002,R318045_2548796_355,1380.9174534596882,1952.6735065821129,571.7560531224246,4.0642969634588155,15.551382371705884,4.0642969634588155,276.9153452732567,295.82718736513493,30.0,0.16084799862756616,0.009166666666666667,0.1747032384540742,0.344717903748307,2.2152820962516935,0.892275655078654,486.9153452732567,1,0.0
P02,P02_G002_A01,P02_G002,M002,R318045_2548796_405,1380.9174534596882,1952.6735065821129,571.7560531224246,4.070264756895014,15.542193438414287,4.070264756895014,289.4153452732567,312.4938540318016,30.0,0.16529352862370814,0.009166666666666667,0.1747032384540742,0.349163433744449,2.2108365662555514,0.8908864269548596,499.4153452732567,1,0.0
P02,P02_G002_A01,P02_G002,M002,R318045_2548796_455,1380.9174534596882,1952.6735065821129,571.7560531224246,4.074829101582296,15.531049754800833,4.074829101582296,301.9153452732567,329.1605206984683,30.0,0.16973905861985011,0.009166666666666667,0.1747032384540742,0.353608963740591,2.2063910362594097,0.8894971988310654,511.9153452732567,1,0.0
P02,P02_G002_A01,P02_G002,M002,R318045_2548796_505,1380.9174534596882,1952.6735065821129,571.7560531224246,4.07798556122151,15.51796638005267,4.07798556122151,314.4153452732567,345.82718736513493,30.0,0.1741845886159921,0.009166666666666667,0.1747032384540742,0.3580544937367329,2.2019455062632676,0.888107970707271,524.4153452732567,1,0.0
P02,P02_G002_A01,P02_G002,M002,R318045_2548796_555,1380.9174534596882,1952.6735065821129,571.7560531224246,4.079731061534375,15.50296087977884,4.079731061534375,326.9153452732567,362.4938540318016,30.0,0.17863011861213407,0.009166666666666667,0.1747032384540742,0.36250002373287493,2.1974999762671255,0.8867187425834766,536.9153452732567,1,0.0
P02,P02_G002_A01,P02_G002,M002,R318045_2548916_342,1380.9174534596882,1952.6735065821129,571.7560531224246,3.832660937472795,15.249992210718617,3.832660937472795,281.64646920748675,299.5177102048012,30.0,0.16475490096117296,0.009166666666666667,0.1747032384540742,0.3486248060819138,2.211375193918087,0.891054748099402,491.64646920748675,1,0.0
P02,P02_G003_A00,P02_G003,M003,R319860_2550080_338,807.2439655639018,961.072094781516,153.8281292176141,1.029623365522454,2.5456474421671658,1.029623365522454,364.26285502741314,381.82762960423605,30.0,0.217798008514665,0.009166666666666667,0.04700303948315987,0.27396771466449155,2.286032285335509,0.9143850891673464,574.2628550274131,1,0.0
P02,P02_G003_A00,P02_G003,M003,R319860_2550080_388,807.2439655639018,961.072094781516,153.8281292176141,1.0328234281851394,12.541366264938375,1.0328234281851394,376.76285502741314,398.49429627090274,30.0,0.22224353851080697,0.009166666666666667,0.04700303948315987,0.2784132446606335,2.281586755339367,0.912995861043552,586.7628550274131,1,0.0
P02,P02_G003_A00,P02_G003,M003,R319860_2550080_438,807.2439655639018,961.072094781516,153.8281292176141,1.0353248080517972,12.536098845519376,1.0353248080517972,389.26285502741314,415.1609629375694,30.0,0.22668906850694895,0.009166666666666667,0.04700303948315987,0.28285877465677545,2.2771412253432253,0.9116066329197576,599.2628550274131,1,0.0
P02,P02_G003_A00,P02_G003,M003,R319860_2550080_488,807.2439655639018,961.072094781516,153.8281292176141,1.0371262960974263,12.52984877326223,1.0371262960974263,401.76285502741314,431.82762960423605,30.0,0.23113459850309093,0.009166666666666667,0.04700303948315987,0.28730430465291745,2.272695695347083,0.9102174047959632,611.7628550274131,1,0.0
P02,P02_G003_A00,P02_G003,M003,R319860_2550080_538,807.2439655639018,961.072094781516,153.8281292176141,1.0382270205779633,12.522620293961054,1.0382270205779633,414.26285502741314,448.49429627090274,30.0,0.23558012849923288,0.009166666666666667,0.04700303948315987,0.2917498346490594,2.268250165350941,0.908828176672169,624.2628550274131,1,0.0
P02,P02_G003_A00,P02_G003,M003,R319860_2550080_588,807.2439655639018,961.072094781516,153.8281292176141,1.0386264484350534,12.51441830030086,1.0386264484350534,426.76285502741314,465.16096293756937,30.0,0.24002565849537488,0.009166666666666667,0.04700303948315987,0.2961953646452014,2.263804635354799,0.9074389485483746,636.7628550274131,1,0.0
P02,P02_G003_A00,P02_G003,M003,R319980_2550080_349,807.2439655639018,961.072094781516,153.8281292176141,1.1217378437292638,2.4864627109141253,1.1217378437292638,368.9445801679392,387.368205859671,30.0,0.2200593109986549,0.009166666666666667,0.04700303948315987,0.2762290171484814,2.283770982851519,0.9136784321410996,578.9445801679392,1,0.0
P02,P02_G003_A00,P02_G003,M003,R319980_2550080_399,807.2439655639018,961.072094781516,153.8281292176141,1.1248590284815805,12.482037839168328,1.1248590284815805,381.4445801679392,404.03487252633767,30.0,0.22450484099479687,0.009166666666666667,0.04700303948315987,0.28067454714462337,2.2793254528553772,0.9122892040173052,591.4445801679392,1,0.0
P02,P02_G003_A00,P02_G003,M003,R319980_2550080_449,807.2439655639018,961.072094781516,153.8281292176141,1.1272664147495135,12.476640482129284,1.1272664147495135,393.9445801679392,420.7015391930043,30.0,0.22895037099093885,0.009166666666666667,0.04700303948315987,0.28512007714076537,2.274879922859235,0.9108999758935108,603.9445801679392,1,0.0
P02,P02_G003_A00,P02_G003,M003,R319980_2550080_499,807.2439655639018,961.072094781516,153.8281292176141,1.1289588138822495,12.47027426673894,1.1289588138822495,406.4445801679392,437.368205859671,30.0,0.23339590098708082,0.009166666666666667,0.04700303948315987,0.2895656071369074,2.270434392863093,0.9095107477697164,616.4445801679392,1,0.0
P02,P02_G003_A00,P02_G003,M003,R319980_2550080_549,807.2439655639018,961.072094781516,153.8281292176141,1.1299353893343067,12.462943457493566,1.1299353893343067,418.9445801679392,454.0348725263376,30.0,0.2378414309832228,0.009166666666666667,0.04700303948315987,0.2940111371330493,2.2659888628669513,0.9081215196459221,628.9445801679392,1,0.0
P02,P02_G003_A00,P02_G003,M003,R319980_2550200_325,807.2439655639018,961.072094781516,153.8281292176141,0.955222809056977,2.277872015791573,0.955222809056977,370.7957901832663,387.27013608984186,30.0,0.2228984084752749,0.009166666666666667,0.04700303948315987,0.2790681146251014,2.280931885374899,0.9127912141796558,580.7957901832663,1,0.0
P02,P02_G003_A02,P02_G003,M003,R319718_2548322_426,1114.90022399913,1422.556482434358,307.656258435228,4.144458954013345,16.50453342856423,4.144458954013345,271.370494869402,296.22348889812923,30.0,0.15225702403028762,0.009166666666666667,0.09400607896631966,0.2554297696632739,2.3045702303367266,0.920178196980227,481.370494869402,1,0.0
P02,P02_G003_A02,P02_G003,M003,R319718_2548322_476,1114.90022399913,1422.556482434358,307.656258435228,4.142572096733218,16.489581645386608,4.142572096733218,283.870494869402,312.8901555647959,30.0,0.1567025540264296,0.009166666666666667,0.09400607896631966,0.2598752996594159,2.3001247003405845,0.9187889688564326,493.870494869402,1,0.0
P02,P02_G003_A02,P02_G003,M003,R319718_2548442_493,1114.90022399913,1422.556482434358,307.656258435228,4.034253687114543,16.162778016286936,4.034253687114543,295.5870860101286,326.0074323337777,30.0,0.16299793606187563,0.009166666666666667,0.09400607896631966,0.2661706816948619,2.2938293183051384,0.9168216619703556,505.5870860101286,1,0.0
P02,P02_G004_A00,P02_G004,M004,R319278_2547659_275,714.9294036153034,1480.6790692836205,765.7496656683171,1.9889604837150046,19.14517810422879,1.9889604837150046,182.44590325488508,194.7233421180036,30.0,0.10613003604989635,0.009166666666666667,0.23397906450976358,0.3492757672263266,2.210724232773674,0.8908513227417729,392.4459032548851,1,0.0
P02,P02_G004_A00,P02_G004,M004,R319278_2547659_325,714.9294036153034,1480.6790692836205,765.7496656683171,1.9902333278932645,19.131380049277865,1.9902333278932645,194.94590325488508,211.39000878467027,30.0,0.11057556604603833,0.009166666666666667,0.23397906450976358,0.3537212972224686,2.206278702777532,0.8894620946179785,404.9459032548851,1,0.0
P02,P02_G004_A00,P02_G004,M004,R319278_2547659_375,714.9294036153034,1480.6790692836205,765.7496656683171,1.9906330032602852,19.11312049345608,1.9906330032602852,207.44590325488508,228.0566754513369,30.0,0.11502109604218029,0.009166666666666667,0.23397906450976358,0.35816682721861054,2.20183317278139,0.8880728664941842,417.4459032548851,1,0.0
P02,P02_G004_A00,P02_G004,M004,R319278_2547659_425,714.9294036153034,1480.6790692836205,765.7496656683171,1.9901592687340326,19.09045564946534,1.9901592687340326,219.94590325488508,244.7233421180036,30.0,0.11946662603832227,0.009166666666666667,0.23397906450976358,0.3626123572147525,2.197387642785248,0.8866836383703899,429.9459032548851,1,0.0
P02,P02_G004_A00,P02_G004,M004,R319278_2547659_475,714.9294036153034,1480.6790692836205,765.7496656683171,1.988812410062991,19.063454528509155,1.988812410062991,232.44590325488508,261.3900087846703,30.0,0.12391215603446425,0.009166666666666667,0.23397906450976358,0.3670578872108945,2.192942112789106,0.8852944102465955,442.4459032548851,1,0.0
P02,P02_G004_A00,P02_G004,M004,R319278_2547779_245,714.9294036153034,1480.6790692836205,765.7496656683171,2.1794198139673284,8.703670165088283,2.1794198139673284,201.85445624934758,211.63488329199077,30.0,0.11424333516233884,0.009166666666666667,0.23397906450976358,0.3573890663387691,2.2026109336612314,0.8883159167691347,411.85445624934755,1,0.0
P02,P02_G004_A00,P02_G004,M004,R319278_2547779_295,714.9294036153034,1480.6790692836205,765.7496656683171,2.18129663322388,18.69365332986594,2.18129663322388,195.17059038427595,209.11768409358584,30.0,0.11284092565138551,0.009166666666666667,0.23397906450976358,0.3559866568278158,2.2040133431721847,0.8887541697413076,405.17059038427595,1,0.0
P02,P02_G004_A00,P02_G004,M004,R319278_2547779_345,714.9294036153034,1480.6790692836205,765.7496656683171,2.1822613105754556,18.67958256204797,2.1822613105754556,207.67059038427595,225.7843507602525,30.0,0.11728645564752749,0.009166666666666667,0.23397906450976358,0.3604321868239577,2.199567813176043,0.8873649416175132,417.67059038427595,1,0.0
P02,P02_G004_A00,P02_G004,M004,R319278_2547779_395,714.9294036153034,1480.6790692836205,765.7496656683171,2.182313238006742,18.66149720266904,2.182313238006742,220.17059038427595,242.45101742691918,30.0,0.12173198564366947,0.009166666666666667,0.23397906450976358,0.36487771682009973,2.195122283179901,0.8859757134937188,430.17059038427595,1,0.0
P02,P02_G004_A00,P02_G004,M004,R319278_2547779_445,714.9294036153034,1480.6790692836205,765.7496656683171,2.1814523827800656,18.639447382376545,2.1814523827800656,232.67059038427595,259.1176840935858,30.0,0.12617751563981144,0.009166666666666667,0.23397906450976358,0.3693232468162417,2.1906767531837588,0.8845864853699245,442.67059038427595,1,0.0
P02,P02_G004_A00,P02_G004,M004,R319278_2547899_264,714.9294036153034,1480.6790692836205,765.7496656683171,2.3752797506096215,8.273393400254633,2.3752797506096215,207.91133852850172,219.29997073065016,30.0,0.11892153577983501,0.009166666666666667,0.23397906450976358,0.36206726695626523,2.1979327330437353,0.8868539790761671,417.9113385285017,1,0.0
P02,P02_G004_A00,P02_G004,M004,R319278_2547899_314,714.9294036153034,1480.6790692836205,765.7496656683171,2.376874670425252,18.262891227625403,2.376874670425252,207.73866752833896,223.29396639715407,30.0,0.11950397509740815,0.009166666666666667,0.23397906450976358,0.3626497062738384,2.197350293726162,0.8866719667894255,417.73866752833896,1,0.0
P02,P02_G005_A00,P02_G005,M006,R320320_2548281_304,792.6092964510069,1202.9708623146255,410.3615658636186,0.9328003459004321,5.893823253361276,0.9328003459004321,263.0176307575488,277.7409683124804,30.0,0.15318240309893488,0.009166666666666667,0.1253882562361057,0.2877373260017072,2.272262673998293,0.9100820856244665,473.0176307575488,1,0.0
P02,P02_G005_A00,P02_G005,M006,R320320_2548281_354,792.6092964510069,1202.9708623146255,410.3615658636186,0.9333964170916289,15.886033802685589,0.9333964170916289,268.4958679096484,287.3858721312467,30.0,0.15548744458997035,0.009166666666666667,0.1253882562361057,0.2900423674927427,2.269957632507258,0.9093617601585179,478.4958679096484,1,0.0
P02,P02_G005_A00,P02_G005,M006,R320320_2548281_404,792.6092964510069,1202.9708623146255,410.3615658636186,0.9333078046905001,15.876120849104908,0.9333078046905001,280.9958679096484,304.05253879791337,30.0,0.15993297458611233,0.009166666666666667,0.1253882562361057,0.2944878974888847,2.265512102511116,0.9079725320347235,490.9958679096484,1,0.0
P02,P02_G005_A00,P02_G005,M006,R320320_2548281_454,792.6092964510069,1202.9708623146255,410.3615658636186,0.9325345506028242,15.864098931827272,0.9325345506028242,293.4958679096484,320.71920546458,30.0,0.1643785045822543,0.009166666666666667,0.1253882562361057,0.29893342748502666,2.2610665725149737,0.9065833039109292,503.4958679096484,1,0.0
P02,P02_G005_A00,P02_G005,M006,R320320_2548401_306,792.6092964510069,1202.9708623146255,410.3615658636186,1.0842251239392908,5.615879678664754,1.0842251239392908,269.2436014606513,284.0748580727932,30.0,0.1574018065947831,0.009166666666666667,0.1253882562361057,0.29195672949755547,2.268043270502445,0.9087635220320139,479.2436014606513,1,0.0
P02,P02_G005_A00,P02_G005,M006,R320320_2548401_356,792.6092964510069,1202.9708623146255,410.3615658636186,1.0848239822296648,15.608520680326194,1.0848239822296648,275.71989438871117,294.71781766751974,30.0,0.16001109175826572,0.009166666666666667,0.1253882562361057,0.29456601466103804,2.2654339853389622,0.9079481204184257,485.71989438871117,1,0.0
P02,P02_G005_A00,P02_G005,M006,R320320_2548401_406,792.6092964510069,1202.9708623146255,410.3615658636186,1.0847138620456604,15.599168763162993,1.0847138620456604,288.21989438871117,311.3844843341864,30.0,0.16445662175440767,0.009166666666666667,0.1253882562361057,0.29901154465718005,2.2609884553428206,0.9065588922946313,498.21989438871117,1,0.0
P02,P02_G005_A00,P02_G005,M006,R320320_2548401_456,792.6092964510069,1202.9708623146255,410.3615658636186,1.0838948173116734,15.587836800365693,1.0838948173116734,300.71989438871117,328.0511510008531,30.0,0.16890215175054965,0.009166666666666667,0.1253882562361057,0.303457074653322,2.2565429253466784,0.9051696641708369,510.71989438871117,1,0.0
P02,P02_G005_A00,P02_G005,M006,R320320_2548401_506,792.6092964510069,1202.9708623146255,410.3615658636186,1.0823672490032124,15.574540304238369,1.0823672490032124,313.21989438871117,344.71781766751974,30.0,0.17334768174669163,0.009166666666666667,0.1253882562361057,0.30790260464946395,2.2520973953505363,0.9037804360470425,523.2198943887112,1,0.0
P02,P02_G005_A00,P02_G005,M006,R320320_2548521_315,792.6092964510069,1202.9708623146255,410.3615658636186,1.23703186098669,5.342787202788202,1.23703186098669,272.4787770479594,288.0720334261332,30.0,0.16083345774114982,0.009166666666666667,0.1253882562361057,0.29538838064392214,2.2646116193560784,0.9076911310487743,482.4787770479594,1,0.0
P02,P02_G005_A00,P02_G005,M006,R320320_2548521_365,792.6092964510069,1202.9708623146255,410.3615658636186,1.2375178588994658,5.335531271550849,1.2375178588994658,284.9787770479594,304.7387000927999,30.0,0.1652789877372918,0.009166666666666667,0.1253882562361057,0.29983391064006415,2.2601660893599362,0.9063019029249799,494.9787770479594,1,0.0
P02,P02_G005_A00,P02_G005,M006,R320320_2548521_415,792.6092964510069,1202.9708623146255,410.3615658636186,1.23726949801258,15.326404178123767,1.23726949801258,297.4787770479594,321.4053667594666,30.0,0.16972451773343378,0.009166666666666667,0.1253882562361057,0.30427944063620616,2.2557205593637946,0.9049126748011855,507.4787770479594,1,0.0
P02,P02_G006_A00,P02_G006,M007,R316647_2546854_345,2530.001633700186,2894.2311259847656,364.22949228457946,1.1487390911104853,8.251257392741962,1.1487390911104853,220.3464258078568,238.41565086482294,30.0,0.12375241283387954,0.009166666666666667,0.11129234486473262,0.24421142436527882,2.3157885756347216,0.9236839298858504,430.3464258078568,1,0.0
P02,P02_G006_A00,P02_G006,M007,R316647_2546854_395,2530.001633700186,2894.2311259847656,364.22949228457946,1.149139860577307,18.23490669111689,1.149139860577307,227.8462045554154,250.0820962790482,30.0,0.1266736936712735,0.009166666666666667,0.11129234486473262,0.24713270520267278,2.3128672947973277,0.9227710296241648,437.8462045554154,1,0.0
P02,P02_G006_A00,P02_G006,M007,R316647_2546854_445,2530.001633700186,2894.2311259847656,364.22949228457946,1.1488210608498832,18.214954161689747,1.1488210608498832,240.3462045554154,266.7487629457149,30.0,0.13111922366741552,0.009166666666666667,0.11129234486473262,0.2515782351988148,2.3084217648011855,0.9213818015003704,450.3462045554154,1,0.0
P02,P02_G006_A00,P02_G006,M007,R316647_2546854_495,2530.001633700186,2894.2311259847656,364.22949228457946,1.1477828503622334,18.191449504646357,1.1477828503622334,252.8462045554154,283.41542961238156,30.0,0.13556475366355747,0.009166666666666667,0.11129234486473262,0.25602376519495673,2.303976234805044,0.919992573376576,462.8462045554154,1,0.0
P02,P02_G006_A00,P02_G006,M007,R316647_2546854_545,2530.001633700186,2894.2311259847656,364.22949228457946,1.1460257448860887,18.16445058757124,1.1460257448860887,265.3462045554154,300.0820962790482,30.0,0.14001028365969945,0.009166666666666667,0.11129234486473262,0.26046929519109874,2.2995307048089018,0.9186033452527816,475.3462045554154,1,0.0
P02,P02_G006_A00,P02_G006,M007,R316647_2546974_311,2530.001633700186,2894.2311259847656,364.22949228457946,1.1701801577235074,8.025596176639823,1.1701801577235074,231.06662824775012,246.30579806789984,30.0,0.1280698449750067,0.009166666666666667,0.11129234486473262,0.248528856506406,2.3114711434935944,0.9223347323417481,441.06662824775015,1,0.0
P02,P02_G006_A00,P02_G006,M007,R316647_2546974_361,2530.001633700186,2894.2311259847656,364.22949228457946,1.1710741191903224,8.01244495163921,1.1710741191903224,223.78910393541287,243.19494042222925,30.0,0.1264864667942397,0.009166666666666667,0.11129234486473262,0.24694547832563896,2.3130545216743617,0.9228295380232379,433.78910393541287,1,0.0
P02,P02_G006_A00,P02_G006,M007,R316647_2546974_411,2530.001633700186,2894.2311259847656,364.22949228457946,1.1712449330767072,17.99585057097427,1.1712449330767072,236.28910393541287,259.86160708889594,30.0,0.13093199679038167,0.009166666666666667,0.11129234486473262,0.25139100832178096,2.3086089916782195,0.9214403098994435,446.28910393541287,1,0.0
P02,P02_G006_A00,P02_G006,M007,R316647_2546974_461,2530.001633700186,2894.2311259847656,364.22949228457946,1.170692514057336,17.975852503487488,1.170692514057336,248.78910393541287,276.5282737555626,30.0,0.13537752678652365,0.009166666666666667,0.11129234486473262,0.2558365383179229,2.3041634616820774,0.9200510817756491,458.78910393541287,1,0.0
P02,P02_G006_A00,P02_G006,M007,R316647_2546974_511,2530.001633700186,2894.2311259847656,364.22949228457946,1.1694171380494254,17.952497847774637,1.1694171380494254,261.28910393541287,293.19494042222925,30.0,0.13982305678266563,0.009166666666666667,0.11129234486473262,0.2602820683140649,2.2997179316859357,0.9186618536518547,471.28910393541287,1,0.0
P02,P02_G006_A00,P02_G006,M007,R316647_2546974_561,2530.001633700186,2894.2311259847656,364.22949228457946,1.1674194417535375,17.925840969649727,1.1674194417535375,273.78910393541287,309.86160708889594,30.0,0.1442685867788076,0.009166666666666667,0.11129234486473262,0.26472759831020687,2.2952724016897936,0.9172726255280603,483.78910393541287,1,0.0
P02,P02_G006_A00,P02_G006,M007,R316647_2547094_337,2530.001633700186,2894.2311259847656,364.22949228457946,1.1887957956484314,7.7776574000608605,1.1887957956484314,222.56523733190068,239.9985421821611,30.0,0.12738069000243024,0.009166666666666667,0.11129234486473262,0.2478397015338295,2.312160298466171,0.9225500932706783,432.5652373319007,1,0.0
P02,P02_G007_A00,P02_G007,M009,R318467_2547712_451,836.8733598094886,1789.3170636205425,952.4437038110539,0.7427557869190764,19.14510928011677,0.7427557869190764,225.3953732485803,252.37745154651324,30.0,0.12107486272805465,0.009166666666666667,0.2910244650533776,0.42126599444809887,2.1387340055519015,0.8683543767349691,435.3953732485803,1,0.0
P02,P02_G007_A00,P02_G007,M009,R318467_2547832_438,836.8733598094886,1789.3170636205425,952.4437038110539,0.9194446280559276,18.694054251201237,0.9194446280559276,230.0642409043311,255.94894523986167,30.0,0.12499023236356828,0.009166666666666667,0.2910244650533776,0.4251813640836125,2.134818635916388,0.8671308237238711,440.0642409043311,1,0.0
P02,P02_G007_A00,P02_G007,M009,R318467_2547832_488,836.8733598094886,1789.3170636205425,952.4437038110539,0.9182106933122327,18.668321596920464,0.9182106933122327,242.5642409043311,272.61561190652833,30.0,0.12943576235971027,0.009166666666666667,0.2910244650533776,0.4296268940797545,2.130373105920246,0.8657415956000767,452.5642409043311,1,0.0
P02,P02_G007_A00,P02_G007,M009,R318467_2547952_309,836.8733598094886,1789.3170636205425,952.4437038110539,0.8700091158506496,18.30169404007607,0.8700091158506496,205.742552870591,220.8650705199237,30.0,0.11859643090465183,0.009166666666666667,0.2910244650533776,0.4187875626246961,2.1412124373753043,0.8691288866797825,415.742552870591,1,0.0
P02,P02_G007_A00,P02_G007,M009,R318467_2547952_359,836.8733598094886,1789.3170636205425,952.4437038110539,0.8728061833988221,18.287785228087344,0.8728061833988221,218.242552870591,237.53173718659036,30.0,0.12304196090079379,0.009166666666666667,0.2910244650533776,0.4232330926208381,2.1367669073791626,0.8677396585559881,428.242552870591,1,0.0
P02,P02_G007_A00,P02_G007,M009,R318467_2547952_409,836.8733598094886,1789.3170636205425,952.4437038110539,0.874929431959913,18.270210737840586,0.874929431959913,230.742552870591,254.19840385325705,30.0,0.12748749089693578,0.009166666666666667,0.2910244650533776,0.42767862261698003,2.1323213773830205,0.8663504304321937,440.742552870591,1,0.0
P02,P02_G007_A00,P02_G007,M009,R318467_2547952_459,836.8733598094886,1789.3170636205425,952.4437038110539,0.8763778720955457,18.249015069113327,0.8763778720955457,243.242552870591,270.8650705199237,30.0,0.13193302089307773,0.009166666666666667,0.2910244650533776,0.432124152613122,2.1278758473868784,0.8649612023083995,453.242552870591,1,0.0
P02,P02_G007_A00,P02_G007,M009,R318467_2548072_285,836.8733598094886,1789.3170636205425,952.4437038110539,0.7774054158664399,17.887194802355054,0.7774054158664399,207.6987285587037,220.8172369612102,30.0,0.12154909556695027,0.009166666666666667,0.2910244650533776,0.42174022728699456,2.138259772713006,0.8682061789728142,417.6987285587037,1,0.0
P02,P02_G008_A00,P02_G008,M010,R314356_2549594_740,3872.674419072423,4713.107651000835,840.4332319284122,0.33038381808205486,0.45430012492889205,0.33038381808205486,547.7224457312177,598.7128286250978,30.0,0.30660524396013417,0.009166666666666667,0.25679904308923707,0.572570953716038,1.9874290462839626,0.8210715769637381,757.7224457312177,1,0.0
P02,P02_G009_A00,P02_G009,M011,R317418_2546444_506,4118.85190024332,4744.087057531303,625.2351572879825,0.7899415468424849,21.922296538672413,0.7899415468424849,197.8419226389069,229.38442574152737,30.0,0.09959609633745434,0.009166666666666667,0.19104407583799465,0.2998068388421157,2.260193161157885,0.9063103628618389,407.8419226389069,1,0.0
P02,P02_G009_A00,P02_G009,M011,R317418_2546564_497,4118.85190024332,4744.087057531303,625.2351572879825,0.8752582330718042,21.55770726852073,0.8752582330718042,200.3624496682985,231.14879203483494,30.0,0.10184897267197116,0.009166666666666667,0.19104407583799465,0.3020597151766325,2.257940284823368,0.9056063390073024,410.3624496682985,1,0.0
P02,P02_G009_A00,P02_G009,M011,R317418_2546564_547,4118.85190024332,4744.087057531303,625.2351572879825,0.873237940343472,21.49890261517355,0.873237940343472,212.8624496682985,247.8154587015016,30.0,0.10629450266811313,0.009166666666666667,0.19104407583799465,0.30650524517277444,2.253494754827226,0.904217110883508,422.8624496682985,1,0.0
P02,P02_G009_A00,P02_G009,M011,R317418_2546684_432,4118.85190024332,4744.087057531303,625.2351572879825,0.9596410031985556,21.23008588389706,0.9596410031985556,189.27674754664497,214.65035492782988,30.0,0.09936585530558718,0.009166666666666667,0.19104407583799465,0.2995765978102485,2.260423402189752,0.9063823131842974,399.27674754664497,1,0.0
P02,P02_G009_A00,P02_G009,M011,R317418_2546684_482,4118.85190024332,4744.087057531303,625.2351572879825,0.9584756382717359,21.184942567054108,0.9584756382717359,201.77674754664497,231.31702159449654,30.0,0.10381138530172916,0.009166666666666667,0.19104407583799465,0.3040221278063905,2.25597787219361,0.904993085060503,411.77674754664497,1,0.0
P02,P02_G009_A00,P02_G009,M011,R317418_2546684_532,4118.85190024332,4744.087057531303,625.2351572879825,0.956622134336115,21.13308830423307,0.956622134336115,214.27674754664497,247.9836882611632,30.0,0.10825691529787114,0.009166666666666667,0.19104407583799465,0.3084676578025325,2.251532342197468,0.9036038569367086,424.27674754664497,1,0.0
P02,P02_G010_A00,P02_G010,M012,R313597_2549140_722,5944.660060878543,6532.076664992321,587.4166041137778,1.1285931256015118,0.02697066595830222,0.02697066595830222,563.4972144032131,613.0086493397365,30.0,0.3179402888393461,0.009166666666666667,0.17948840681254322,0.506595362318556,2.0534046376814445,0.8416889492754512,773.4972144032131,1,0.0
P02,P02_G010_A00,P02_G010,M012,R313717_2548900_664,5944.660060878543,6532.076664992321,587.4166041137778,1.4604672488157746,0.365836005255062,0.365836005255062,533.3106765870443,577.980769869108,30.0,0.30276832431446593,0.009166666666666667,0.17948840681254322,0.49142339779367583,2.0685766022063246,0.8464301881894764,743.3106765870443,1,0.0
P02,P02_G010_A00,P02_G010,M012,R313717_2548900_714,5944.660060878543,6532.076664992321,587.4166041137778,1.4545753049156929,10.359339260709504,1.4545753049156929,545.8106765870443,594.6474365357748,30.0,0.3072138543106079,0.009166666666666667,0.17948840681254322,0.4958689277898177,2.064131072210183,0.845040960065682,755.8106765870443,1,0.0
P02,P02_G010_A00,P02_G010,M012,R313717_2549020_713,5944.660060878543,6532.076664992321,587.4166041137778,1.3809291894178841,0.26245587642645773,0.26245587642645773,550.2623030601571,599.07618499782,30.0,0.31007738935070767,0.009166666666666667,0.17948840681254322,0.49873246282991757,2.061267537170083,0.8441461053656507,760.2623030601571,1,0.0
P02,P02_G010_A00,P02_G010,M012,R313717_2549020_763,5944.660060878543,6532.076664992321,587.4166041137778,1.3743902883325347,0.2555292474345805,0.2555292474345805,562.7623030601571,615.7428516644866,30.0,0.3145229193468496,0.009166666666666667,0.17948840681254322,0.5031779928260595,2.056822007173941,0.8427568772418564,772.7623030601571,1,0.0
P02,P02_G011_A00,P02_G011,M013,R319744_2547890_294,745.855314875907,1292.9711443375293,547.1158294616223,0.0786088218652452,7.760329046990023,0.0786088218652452,212.31476099060268,226.15454090800176,30.0,0.12388533452538679,0.009166666666666667,0.1671742812243846,0.30022628241643806,2.2597737175835624,0.9061792867448631,422.3147609906027,1,0.0
P02,P02_G011_A00,P02_G011,M013,R319744_2547890_344,745.855314875907,1292.9711443375293,547.1158294616223,0.079217730286814,17.74906048011283,0.079217730286814,224.81476099060268,242.82120757466842,30.0,0.12833086452152875,0.009166666666666667,0.1671742812243846,0.30467181241258,2.2553281875874207,0.9047900586210688,434.8147609906027,1,0.0
P02,P02_G011_A00,P02_G011,M013,R319744_2547890_394,745.855314875907,1292.9711443375293,547.1158294616223,0.07926421267089268,17.734541671916702,0.07926421267089268,237.31476099060268,259.4878742413351,30.0,0.13277639451767073,0.009166666666666667,0.1671742812243846,0.309117342408722,2.2508826575912786,0.9034008304972744,447.3147609906027,1,0.0
P02,P02_G011_A00,P02_G011,M013,R319744_2547890_444,745.855314875907,1292.9711443375293,547.1158294616223,0.07874825095947813,17.716805206245667,0.07874825095947813,249.81476099060268,276.15454090800176,30.0,0.1372219245138127,0.009166666666666667,0.1671742812243846,0.31356287240486397,2.2464371275951365,0.90201160237348,459.8147609906027,1,0.0
P02,P02_G011_A00,P02_G011,M013,R319744_2547890_494,745.855314875907,1292.9711443375293,547.1158294616223,0.07767004557396717,17.695890544520793,0.07767004557396717,262.3147609906027,292.8212075746684,30.0,0.1416674545099547,0.009166666666666667,0.1671742812243846,0.3180084024010059,2.241991597598995,0.9006223742496856,472.3147609906027,1,0.0
P02,P02_G011_A00,P02_G011,M013,R319744_2548010_303,745.855314875907,1292.9711443375293,547.1158294616223,0.2292660986274626,7.395310132130447,0.2292660986274626,222.0475609847777,236.69244674731024,30.0,0.12941938208724366,0.009166666666666667,0.1671742812243846,0.30576032997829494,2.2542396700217058,0.9044498968817828,432.0475609847777,1,0.0
P02,P02_G011_A00,P02_G011,M013,R319744_2548010_353,745.855314875907,1292.9711443375293,547.1158294616223,0.22978398358260677,17.384364486220818,0.22978398358260677,234.5475609847777,253.3591134139769,30.0,0.13386491208338563,0.009166666666666667,0.1671742812243846,0.3102058599744369,2.2497941400255637,0.9030606687579885,444.5475609847777,1,0.0
P02,P02_G011_A00,P02_G011,M013,R319744_2548010_403,745.855314875907,1292.9711443375293,547.1158294616223,0.22971958862203223,17.370430779030556,0.22971958862203223,247.0475609847777,270.0257800806436,30.0,0.13831044207952758,0.009166666666666667,0.1671742812243846,0.31465138997057884,2.2453486100294215,0.9016714406341941,457.0475609847777,1,0.0
P02,P02_G011_A00,P02_G011,M013,R319744_2548010_453,745.855314875907,1292.9711443375293,547.1158294616223,0.22907293964465225,17.353537765765367,0.22907293964465225,259.5475609847777,286.6924467473102,30.0,0.14275597207566956,0.009166666666666667,0.1671742812243846,0.31909691996672085,2.24090308003328,0.9002822125103997,469.5475609847777,1,0.0
P02,P02_G011_A00,P02_G011,M013,R319744_2548130_303,745.855314875907,1292.9711443375293,547.1158294616223,0.3816767836946866,7.044241137615842,0.3816767836946866,229.22684180786888,243.8068700874913,30.0,0.13406125679832717,0.009166666666666667,0.1671742812243846,0.3104022046893784,2.2495977953106223,0.9029993110345692,439.2268418078689,1,0.0
P02,P02_G011_A00,P02_G011,M013,R319744_2548130_353,745.855314875907,1292.9711443375293,547.1158294616223,0.3822225549759821,17.034187922993553,0.3822225549759821,241.72684180786888,260.473536754158,30.0,0.13850678679446915,0.009166666666666667,0.1671742812243846,0.3148477346855204,2.24515226531448,0.9016100829107749,451.7268418078689,1,0.0
P02,P02_G011_A00,P02_G011,M013,R319744_2548130_403,745.855314875907,1292.9711443375293,547.1158294616223,0.3821652474232877,17.021375309077584,0.3821652474232877,254.22684180786888,277.1402034208246,30.0,0.14295231679061113,0.009166666666666667,0.1671742812243846,0.3192932646816624,2.240706735318338,0.9002208547869806,464.2268418078689,1,0.0
P02,P02_G012_A00,P02_G012,M014,R316843_2548231_396,5916.316932530872,5937.259987389667,20.94305485879522,3.877851393515101,5.686957833296347,3.877851393515101,283.52010664665187,305.8382661315151,30.0,0.1621732249548244,0.009166666666666667,0.006399266762409652,0.1777391583839007,2.3822608416161,0.9444565130050311,493.52010664665187,1,0.0
P02,P02_G012_A00,P02_G012,M014,R316843_2548231_446,5916.316932530872,5937.259987389667,20.94305485879522,3.8813990502624165,5.675809295371721,3.8813990502624165,296.02010664665187,322.5049327981818,30.0,0.16661875495096634,0.009166666666666667,0.006399266762409652,0.18218468838004265,2.377815311619958,0.9430672848812367,506.02010664665187,1,0.0
P02,P02_G012_A00,P02_G012,M014,R316843_2548231_496,5916.316932530872,5937.259987389667,20.94305485879522,3.883598766437288,5.662654398735327,3.883598766437288,308.52010664665187,339.17159946484844,30.0,0.17106428494710835,0.009166666666666667,0.006399266762409652,0.18663021837618465,2.3733697816238157,0.9416780567574423,518.5201066466518,1,0.0
P02,P02_G012_A00,P02_G012,M014,R316843_2548231_546,5916.316932530872,5937.259987389667,20.94305485879522,3.8844484920274454,15.647511408683869,3.8844484920274454,321.02010664665187,355.8382661315151,30.0,0.1755098149432503,0.009166666666666667,0.006399266762409652,0.1910757483723266,2.368924251627674,0.9402888286336479,531.0201066466518,1,0.0
P02,P02_G012_A00,P02_G012,M014,R316843_2548231_596,5916.316932530872,5937.259987389667,20.94305485879522,3.8839474344875384,15.630401191470071,3.8839474344875384,333.52010664665187,372.5049327981818,30.0,0.17995534493939228,0.009166666666666667,0.006399266762409652,0.19552127836846858,2.364478721631532,0.9388996005098535,543.5201066466518,1,0.0
P02,P02_G012_A00,P02_G012,M014,R316843_2548351_397,5916.316932530872,5937.259987389667,20.94305485879522,3.917533863307412,5.426166001173911,3.917533863307412,290.4501766606623,312.86739366098783,30.0,0.1665165966055478,0.009166666666666667,0.006399266762409652,0.1820825300346241,2.3779174699653765,0.94309920936418,500.4501766606623,1,0.0
P02,P02_G012_A00,P02_G012,M014,R316843_2548351_447,5916.316932530872,5937.259987389667,20.94305485879522,3.921081709686433,5.41562074691457,3.921081709686433,302.9501766606623,329.5340603276545,30.0,0.17096212660168977,0.009166666666666667,0.006399266762409652,0.18652806003076608,2.3734719399692343,0.9417099812403856,512.9501766606622,1,0.0
P02,P02_G012_A00,P02_G012,M014,R316843_2548351_497,5916.316932530872,5937.259987389667,20.94305485879522,3.9232692181282687,15.40318417302312,3.9232692181282687,315.4501766606623,346.20072699432114,30.0,0.17540765659783175,0.009166666666666667,0.006399266762409652,0.19097359002690806,2.3690264099730927,0.9403207531165912,525.4501766606622,1,0.0
P02,P02_G012_A00,P02_G012,M014,R316843_2548351_547,5916.316932530872,5937.259987389667,20.94305485879522,3.924094331270652,15.388872556019294,3.924094331270652,327.9501766606623,362.86739366098783,30.0,0.17985318659397373,0.009166666666666667,0.006399266762409652,0.19541912002305004,2.3645808799769505,0.9389315249927969,537.9501766606622,1,0.0
P02,P02_G012_A00,P02_G012,M014,R316843_2548471_434,5916.316932530872,5937.259987389667,20.94305485879522,3.952363379461403,5.1626686326972475,3.952363379461403,306.4673547494988,331.9836572397332,30.0,0.1741163784636409,0.009166666666666667,0.006399266762409652,0.1896823118927172,2.370317688107283,0.9407242775335258,516.4673547494988,1,0.0
P02,P02_G012_A00,P02_G012,M014,R316843_2548471_484,5916.316932530872,5937.259987389667,20.94305485879522,3.9549184787086347,5.151398124472266,3.9549184787086347,318.9673547494988,348.6503239063998,30.0,0.17856190845978287,0.009166666666666667,0.006399266762409652,0.19412784188885918,2.3658721581111415,0.9393350494097316,528.9673547494988,1,0.0
P02,P02_G012_A00,P02_G012,M014,R316843_2548471_534,5916.316932530872,5937.259987389667,20.94305485879522,3.9561014968168706,15.138353346484294,3.9561014968168706,331.4673547494988,365.3169905730665,30.0,0.18300743845592485,0.009166666666666667,0.006399266762409652,0.19857337188500115,2.3614266281149994,0.9379458212859372,541.4673547494988,1,0.0
P02,P02_G013_A00,P02_G013,M014,R317118_2550000_544,5949.227447308978,6356.32155332256,407.09410601358195,4.995844779042642,12.45056667278017,4.995844779042642,418.2192341110554,452.9085204066283,30.0,0.23771876612520712,0.009166666666666667,0.12438986572637227,0.37127529851824603,2.1887247014817546,0.8839764692130481,628.2192341110554,1,0.0
P02,P02_G013_A00,P02_G013,M014,R317118_2550000_594,5949.227447308978,6356.32155332256,407.09410601358195,4.995046952406113,12.442393009787608,4.995046952406113,430.7192341110554,469.575187073295,30.0,0.2421642961213491,0.009166666666666667,0.12438986572637227,0.37572082851438804,2.1842791714856125,0.8825872410892537,640.7192341110554,1,0.0
P02,P02_G013_A00,P02_G013,M014,R317118_2550120_565,5949.227447308978,6356.32155332256,407.09410601358195,4.8689260009628725,12.242477427726968,4.8689260009628725,430.9118759589268,467.31375278998155,30.0,0.2443726982026339,0.009166666666666667,0.12438986572637227,0.37792923059567285,2.1820707694043278,0.8818971154388522,640.9118759589269,1,0.0
P02,P02_G013_A00,P02_G013,M014,R317118_2550120_615,5949.227447308978,6356.32155332256,407.09410601358195,4.86745480981034,12.234306078790638,4.86745480981034,443.4118759589268,483.9804194566482,30.0,0.24881822819877586,0.009166666666666667,0.12438986572637227,0.3823747605918148,2.1776252394081856,0.8805078873150579,653.4118759589269,1,0.0
P02,P02_G013_A00,P02_G013,M014,R317118_2550240_591,5949.227447308978,6356.32155332256,407.09410601358195,4.735683338426043,12.037692693429307,4.735683338426043,445.1877788138426,483.82299050410955,30.0,0.2515956611412738,0.009166666666666667,0.12438986572637227,0.38515219353431274,2.1748478064656878,0.8796399395205272,655.1877788138427,1,0.0
P02,P02_G013_A00,P02_G013,M014,R317118_2550240_641,5949.227447308978,6356.32155332256,407.09410601358195,4.73337610296403,12.029424972929434,4.73337610296403,457.6877788138426,500.48965717077624,30.0,0.25604119113741575,0.009166666666666667,0.12438986572637227,0.3895977235304547,2.1704022764695456,0.8782507113967329,667.6877788138427,1,0.0
P02,P02_G014_A00,P02_G014,M014,R316730_2547998_357,6368.289013241872,6389.232068100667,20.943054858794312,7.618081777508166,6.0194831627628105,6.0194831627628105,277.09771274073506,296.211315442558,30.0,0.1570562493971614,0.009166666666666667,0.006399266762409374,0.17262218282623742,2.387377817173763,0.9460555678668008,487.09771274073506,1,0.0
P02,P02_G014_A00,P02_G014,M014,R316730_2547998_407,6368.289013241872,6389.232068100667,20.943054858794312,7.614531021083309,6.009142997511702,6.009142997511702,278.4113952968874,301.691664665377,30.0,0.15809178329664114,0.009166666666666667,0.006399266762409374,0.17365771672571717,2.386342283274283,0.9457319635232134,488.4113952968874,1,0.0
P02,P02_G014_A00,P02_G014,M014,R316730_2547998_457,6368.289013241872,6389.232068100667,20.943054858794312,7.607798118296927,5.9966297877134735,5.9966297877134735,290.9113952968874,318.3583313320437,30.0,0.16253731329278312,0.009166666666666667,0.006399266762409374,0.17810324672185915,2.3818967532781414,0.944342735399419,500.9113952968874,1,0.0
P02,P02_G014_A00,P02_G014,M014,R316730_2547998_507,6368.289013241872,6389.232068100667,20.943054858794312,7.597897845457851,5.981962334569488,5.981962334569488,303.4113952968874,335.0249979987103,30.0,0.1669828432889251,0.009166666666666667,0.006399266762409374,0.18254877671800113,2.3774512232819993,0.9429535072756247,513.4113952968873,1,0.0
P02,P02_G014_A00,P02_G014,M014,R316730_2547998_557,6368.289013241872,6389.232068100667,20.943054858794312,7.5848518333048816,5.96516251553787,5.96516251553787,315.9113952968874,351.691664665377,30.0,0.17142837328506708,0.009166666666666667,0.006399266762409374,0.1869943067141431,2.373005693285857,0.9415642791518303,525.9113952968873,1,0.0
P02,P02_G014_A00,P02_G014,M014,R316730_2547998_607,6368.289013241872,6389.232068100667,20.943054858794312,7.568688410447109,15.946255177330485,7.568688410447109,328.4113952968874,368.3583313320437,30.0,0.17587390328120905,0.009166666666666667,0.006399266762409374,0.19143983671028508,2.3685601632897155,0.9401750510280359,538.4113952968873,1,0.0
P02,P02_G014_A00,P02_G014,M014,R316730_2548118_344,6368.289013241872,6389.232068100667,20.943054858794312,7.594039468220615,5.764283994708023,5.764283994708023,288.0805976884863,306.09735539926106,30.0,0.16234210482177322,0.009166666666666667,0.006399266762409374,0.17790803825084925,2.3820919617491514,0.9444037380466096,498.0805976884863,1,0.0
P02,P02_G014_A00,P02_G014,M014,R316730_2548118_394,6368.289013241872,6389.232068100667,20.943054858794312,7.596189526324352,5.755080300181845,5.755080300181845,281.42241999480143,303.6058443722428,30.0,0.16094752599903328,0.009166666666666667,0.006399266762409374,0.1765134594281093,2.3834865405718912,0.9448395439287158,491.42241999480143,1,0.0
P02,P02_G014_A00,P02_G014,M014,R316730_2548118_444,6368.289013241872,6389.232068100667,20.943054858794312,7.595164857277879,5.743822766339562,5.743822766339562,293.92241999480143,320.2725110389095,30.0,0.1653930559951753,0.009166666666666667,0.006399266762409374,0.18095898942425132,2.379041010575749,0.9434503158049214,503.92241999480143,1,0.0
P02,P02_G014_A00,P02_G014,M014,R316730_2548118_494,6368.289013241872,6389.232068100667,20.943054858794312,7.590967706646438,5.730527374357081,5.730527374357081,306.42241999480143,336.9391777055762,30.0,0.16983858599131724,0.009166666666666667,0.006399266762409374,0.18540451942039327,2.3745954805796075,0.9420610876811271,516.4224199948014,1,0.0
P02,P02_G014_A00,P02_G014,M014,R316730_2548118_544,6368.289013241872,6389.232068100667,20.943054858794312,7.583607259617395,5.715212874155043,5.715212874155043,318.92241999480143,353.6058443722428,30.0,0.17428411598745921,0.009166666666666667,0.006399266762409374,0.18985004941653524,2.3701499505834653,0.9406718595573328,528.9224199948014,1,0.0
P02,P02_G014_A00,P02_G014,M014,R316730_2548118_594,6368.289013241872,6389.232068100667,20.943054858794312,7.573099574150689,15.697900697510477,7.573099574150689,331.42241999480143,370.2725110389095,30.0,0.1787296459836012,0.009166666666666667,0.006399266762409374,0.19429557941267722,2.365704420587323,0.9392826314335384,541.4224199948014,1,0.0
P02,P02_G015_A00,P02_G015,M017,R317583_2547634_446,2986.7251051508374,3887.383813177553,900.6587080267154,6.126505249526673,18.44575435335753,6.126505249526673,236.44457446493232,262.9810948506745,30.0,0.1285126827593662,0.009166666666666667,0.27520127189705196,0.4128806213230848,2.1471193786769156,0.8709748058365361,446.4445744649323,1,0.0
P02,P02_G015_A00,P02_G015,M017,R317583_2547634_496,2986.7251051508374,3887.383813177553,900.6587080267154,6.119168589126517,18.420846996772667,6.119168589126517,248.94457446493232,279.64776151734117,30.0,0.13295821275550818,0.009166666666666667,0.27520127189705196,0.4173261513192268,2.142673848680774,0.8695855777127417,458.9445744649323,1,0.0
P02,P02_G015_A00,P02_G015,M017,R317583_2547634_546,2986.7251051508374,3887.383813177553,900.6587080267154,6.109588772687189,18.392265797779956,6.109588772687189,261.4445744649323,296.31442818400785,30.0,0.13740374275165013,0.009166666666666667,0.27520127189705196,0.42177168131536874,2.138228318684632,0.8681963495889473,471.4445744649323,1,0.0
P02,P02_G015_A00,P02_G015,M017,R317703_2547514_420,2986.7251051508374,3887.383813177553,900.6587080267154,6.237188308831577,19.06727124760397,6.237188308831577,219.006133308168,243.3231051506159,30.0,0.11925749446224154,0.009166666666666667,0.27520127189705196,0.40362543302596016,2.15637456697404,0.8738670521793874,429.006133308168,1,0.0
P02,P02_G015_A00,P02_G015,M017,R317703_2547514_470,2986.7251051508374,3887.383813177553,900.6587080267154,6.230897468381102,19.04090282887431,6.230897468381102,231.506133308168,259.98977181728253,30.0,0.12370302445838352,0.009166666666666667,0.27520127189705196,0.4080709630221021,2.1519290369778985,0.872477824055593,441.506133308168,1,0.0
P02,P02_G015_A00,P02_G015,M017,R317703_2547514_520,2986.7251051508374,3887.383813177553,900.6587080267154,6.222300878384246,19.010293810462016,6.222300878384246,244.006133308168,276.6564384839492,30.0,0.1281485544545255,0.009166666666666667,0.27520127189705196,0.4125164930182441,2.1474835069817564,0.8710885959317987,454.006133308168,1,0.0
P02,P02_G015_A00,P02_G015,M017,R317703_2547634_447,2986.7251051508374,3887.383813177553,900.6587080267154,6.419357386364936,18.643258044432002,6.419357386364936,233.0082008072962,259.595473197026,30.0,0.12627409583058433,0.009166666666666667,0.27520127189705196,0.4106420343943029,2.149357965605698,0.8716743642517804,443.0082008072962,1,0.0
P02,P02_G015_A00,P02_G015,M017,R317703_2547634_497,2986.7251051508374,3887.383813177553,900.6587080267154,6.411479959717951,18.617146369740098,6.411479959717951,245.5082008072962,276.2621398636927,30.0,0.1307196258267263,0.009166666666666667,0.27520127189705196,0.4150875643904449,2.1449124356095557,0.870285136127986,455.5082008072962,1,0.0
P02,P02_G015_A00,P02_G015,M017,R317703_2547634_547,2986.7251051508374,3887.383813177553,900.6587080267154,6.4012045703672555,18.587199618051372,6.4012045703672555,258.0082008072962,292.92880653035934,30.0,0.13516515582286825,0.009166666666666667,0.27520127189705196,0.41953309438658687,2.1404669056134136,0.8688959080041916,468.0082008072962,1,0.0
P02,P02_G016_A00,P02_G016,M019,R315837_2548257_450,5123.593339776678,6119.514573210624,995.9212334339463,0.11115820295812284,4.0398924496574296,0.11115820295812284,342.2763535596829,369.11138417898627,30.0,0.1958737745874085,0.009166666666666667,0.3043092657714836,0.5093497070255588,2.0506502929744417,0.8408282165545129,552.2763535596829,1,0.0
P02,P02_G016_A00,P02_G016,M019,R315837_2548257_500,5123.593339776678,6119.514573210624,995.9212334339463,0.10946087759289469,4.030744718871063,0.10946087759289469,354.7763535596829,385.77805084565296,30.0,0.2003193045835505,0.009166666666666667,0.3043092657714836,0.5137952370217007,2.0462047629782996,0.8394389884307185,564.7763535596829,1,0.0
P02,P02_G016_A00,P02_G016,M019,R315837_2548257_550,5123.593339776678,6119.514573210624,995.9212334339463,0.10719807392507619,4.020222196769495,0.10719807392507619,367.2763535596829,402.4447175123196,30.0,0.20476483457969247,0.009166666666666667,0.3043092657714836,0.5182407670178427,2.041759232982158,0.8380497603069241,577.2763535596829,1,0.0
P02,P02_G016_A00,P02_G016,M019,R315837_2548257_600,5123.593339776678,6119.514573210624,995.9212334339463,0.10437067571365333,4.008334900033518,0.10437067571365333,379.7763535596829,419.1113841789863,30.0,0.20921036457583442,0.009166666666666667,0.3043092657714836,0.5226862970139847,2.0373137029860158,0.8366605321831297,589.7763535596829,1,0.0
P02,P02_G016_A00,P02_G016,M019,R315837_2548257_650,5123.593339776678,6119.514573210624,995.9212334339463,0.10097978571626243,3.995094076488499,0.10097978571626243,392.2763535596829,435.77805084565296,30.0,0.2136558945719764,0.009166666666666667,0.3043092657714836,0.5271318270101266,2.0328681729898737,0.8352713040593355,602.2763535596829,1,0.0
P02,P02_G016_A00,P02_G016,M019,R315837_2548377_471,5123.593339776678,6119.514573210624,995.9212334339463,0.24605254694249368,3.854642373107083,0.24605254694249368,353.09916814168594,381.6862180074086,30.0,0.20129959066869063,0.009166666666666667,0.3043092657714836,0.5147755231068409,2.04522447689316,0.8391326490291122,563.0991681416859,1,0.0
P02,P02_G016_A00,P02_G016,M019,R315837_2548377_521,5123.593339776678,6119.514573210624,995.9212334339463,0.24405601932193122,3.845313280765069,0.24405601932193122,365.59916814168594,398.3528846740753,30.0,0.20574512066483258,0.009166666666666667,0.3043092657714836,0.5192210531029828,2.0407789468970177,0.8377434209053178,575.5991681416859,1,0.0
P02,P02_G016_A00,P02_G016,M019,R315837_2548377_571,5123.593339776678,6119.514573210624,995.9212334339463,0.2414764887243308,3.8346684806978573,0.2414764887243308,378.09916814168594,415.01955134074194,30.0,0.2101906506609746,0.009166666666666667,0.3043092657714836,0.5236665830991248,2.0363334169008755,0.8363541927815235,588.0991681416859,1,0.0
P02,P02_G016_A00,P02_G016,M019,R315837_2548377_621,5123.593339776678,6119.514573210624,995.9212334339463,0.23831499390362865,3.822717674289507,0.23831499390362865,390.59916814168594,431.68621800740857,30.0,0.21463618065711654,0.009166666666666667,0.3043092657714836,0.5281121130952668,2.031887886904734,0.8349649646577291,600.5991681416859,1,0.0
P02,P02_G016_A00,P02_G016,M019,R315837_2548377_671,5123.593339776678,6119.514573210624,995.9212334339463,0.23457280600342756,3.8094716871601975,0.23457280600342756,403.09916814168594,448.35288467407526,30.0,0.21908171065325852,0.009166666666666667,0.3043092657714836,0.5325576430914087,2.0274423569085918,0.8335757365339348,613.0991681416859,1,0.0
P02,P02_G016_A00,P02_G016,M019,R315837_2548497_475,5123.593339776678,6119.514573210624,995.9212334339463,0.382340351358053,3.672272485340443,0.382340351358053,359.78542626847724,388.7053313588093,30.0,0.20528852647279563,0.009166666666666667,0.3043092657714836,0.5187644589109459,2.041235541089055,0.8378861065903294,569.7854262684773,1,0.0
P02,P02_G016_A00,P02_G016,M019,R315837_2548497_525,5123.593339776678,6119.514573210624,995.9212334339463,0.3802320334321223,3.6632240778284313,0.3802320334321223,372.28542626847724,405.37199802547593,30.0,0.2097340564689376,0.009166666666666667,0.3043092657714836,0.5232099889070878,2.0367900110929127,0.8364968784665351,582.2854262684773,1,0.0
P02,P02_G017_A00,P02_G017,M020,R316564_2547511_353,2502.56368944498,2923.5285106228607,420.9648211778808,6.5601697651136845,6.720084116703532,6.5601697651136845,248.61637070099954,267.37077642202814,30.0,0.14290187810434732,0.009166666666666667,0.12862813980435248,0.28069668457536645,2.279303315424634,0.912282286070198,458.61637070099954,1,0.0
P02,P02_G017_A00,P02_G017,M020,R316564_2547511_403,2502.56368944498,2923.5285106228607,420.9648211778808,6.55692451970414,6.708159443407126,6.55692451970414,261.11637070099954,284.03744308869483,30.0,0.1473474081004893,0.009166666666666667,0.12862813980435248,0.28514221457150846,2.274857785428492,0.9108930579464036,471.11637070099954,1,0.0
P02,P02_G017_A00,P02_G017,M020,R316564_2547511_453,2502.56368944498,2923.5285106228607,420.9648211778808,6.551184688451656,6.693687097091413,6.551184688451656,273.61637070099954,300.7041097553615,30.0,0.15179293809663127,0.009166666666666667,0.12862813980435248,0.2895877445676504,2.2704122554323503,0.9095038298226092,483.61637070099954,1,0.0
P02,P02_G017_A00,P02_G017,M020,R316564_2547511_503,2502.56368944498,2923.5285106228607,420.9648211778808,6.542960149821596,16.676692572779444,6.542960149821596,286.11637070099954,317.37077642202814,30.0,0.15623846809277325,0.009166666666666667,0.12862813980435248,0.29403327456379236,2.265966725436208,0.9081146016988149,496.11637070099954,1,0.0
P02,P02_G017_A00,P02_G017,M020,R316564_2547511_553,2502.56368944498,2923.5285106228607,420.9648211778808,6.532265005575539,16.65720555632791,6.532265005575539,298.61637070099954,334.03744308869483,30.0,0.16068399808891523,0.009166666666666667,0.12862813980435248,0.29847880455993436,2.261521195440066,0.9067253735750205,508.61637070099954,1,0.0
P02,P02_G017_A00,P02_G017,M020,R316564_2547631_376,2502.56368944498,2923.5285106228607,420.9648211778808,6.496479864735505,6.471069764274475,6.471069764274475,260.0402116809159,280.7669201566646,30.0,0.14852449968212222,0.009166666666666667,0.12862813980435248,0.2863193061531414,2.2736806938468592,0.9105252168271434,470.0402116809159,1,0.0
P02,P02_G017_A00,P02_G017,M020,R316564_2547631_426,2502.56368944498,2923.5285106228607,420.9648211778808,6.494019328651362,6.458651860519495,6.458651860519495,272.5402116809159,297.4335868233312,30.0,0.1529700296782642,0.009166666666666667,0.12862813980435248,0.29076483614928333,2.269235163850717,0.909135988703349,482.5402116809159,1,0.0
P02,P02_G017_A00,P02_G017,M020,R316564_2547631_476,2502.56368944498,2923.5285106228607,420.9648211778808,6.48909862974017,6.443833336361479,6.443833336361479,285.0402116809159,314.1002534899979,30.0,0.15741555967440618,0.009166666666666667,0.12862813980435248,0.2952103661454253,2.2647896338545754,0.9077467605795546,495.0402116809159,1,0.0
P02,P02_G017_A00,P02_G017,M020,R316564_2547631_526,2502.56368944498,2923.5285106228607,420.9648211778808,6.4817261200880125,6.426638804727617,6.426638804727617,297.5402116809159,330.7669201566646,30.0,0.16186108967054816,0.009166666666666667,0.12862813980435248,0.2996558961415673,2.2603441038584333,0.9063575324557602,507.5402116809159,1,0.0
P02,P02_G017_A00,P02_G017,M020,R316564_2547631_576,2502.56368944498,2923.5285106228607,420.9648211778808,6.471914272093841,16.4070965800601,6.471914272093841,310.0402116809159,347.4335868233312,30.0,0.16630661966669014,0.009166666666666667,0.12862813980435248,0.3041014261377093,2.255898573862291,0.9049683043319658,520.040211680916,1,0.0
P02,P02_G017_A00,P02_G017,M020,R316564_2547631_626,2502.56368944498,2923.5285106228607,420.9648211778808,6.459679608453584,16.38523852602286,6.459679608453584,322.5402116809159,364.1002534899979,30.0,0.1707521496628321,0.009166666666666667,0.12862813980435248,0.3085469561338512,2.2514530438661495,0.9035790762081715,532.540211680916,1,0.0
P02,P02_G017_A00,P02_G017,M020,R316564_2547751_419,2502.56368944498,2923.5285106228607,420.9648211778808,6.249172891838754,6.217201531246673,6.217201531246673,276.2689704950998,300.5144498245269,30.0,0.15590283489717693,0.009166666666666667,0.12862813980435248,0.2936976413681961,2.2663023586318043,0.9082194870724387,486.2689704950998,1,0.0
P02,P02_G018_A00,P02_G018,M021,R317680_2550980_343,5315.624044076422,6083.182395741032,767.5583516646102,1.112149923960061,1.1068677648688094,1.1068677648688094,424.82420600057543,442.7297004362037,30.0,0.25508747573912105,0.009166666666666667,0.23453171856418648,0.4987858609699742,2.0612141390300263,0.844129418446883,634.8242060005755,1,0.0
P02,P02_G018_A00,P02_G018,M021,R317680_2550980_393,5315.624044076422,6083.182395741032,767.5583516646102,1.111357093464889,1.1037352374651022,1.1037352374651022,433.99244305094976,456.0646041532447,30.0,0.25851736330331365,0.009166666666666667,0.23453171856418648,0.5022157485341667,2.0577842514658338,0.843057578583073,643.9924430509498,1,0.0
P02,P02_G018_A00,P02_G018,M021,R317680_2550980_443,5315.624044076422,6083.182395741032,767.5583516646102,1.1098512302658037,1.0998934239670035,1.0998934239670035,446.49244305094976,472.73127081991134,30.0,0.26296289329945566,0.009166666666666667,0.23453171856418648,0.5066612785303088,2.0533387214696917,0.8416683504592785,656.4924430509498,1,0.0
P02,P02_G018_A00,P02_G018,M021,R317680_2550980_493,5315.624044076422,6083.182395741032,767.5583516646102,1.1076330758035198,11.095344207053088,1.1076330758035198,458.99244305094976,489.39793748657803,30.0,0.2674084232955976,0.009166666666666667,0.23453171856418648,0.5111068085264507,2.0488931914735495,0.8402791223354842,668.9924430509498,1,0.0
P02,P02_G018_A00,P02_G018,M021,R317680_2550980_543,5315.624044076422,6083.182395741032,767.5583516646102,1.1047037211371418,11.090089811043441,1.1047037211371418,471.49244305094976,506.06460415324466,30.0,0.27185395329173956,0.009166666666666667,0.23453171856418648,0.5155523385225926,2.044447661477408,0.8388898942116898,681.4924430509498,1,0.0
P02,P02_G018_A00,P02_G018,M021,R317680_2551100_385,5315.624044076422,6083.182395741032,767.5583516646102,0.9276867121372874,0.9207407510092054,0.9207407510092054,439.8522090377792,461.25473436736905,30.0,0.2628301186287674,0.009166666666666667,0.23453171856418648,0.5065285038596206,2.05347149614038,0.8417098425438686,649.8522090377792,1,0.0
P02,P02_G018_A00,P02_G018,M021,R317680_2551100_435,5315.624044076422,6083.182395741032,767.5583516646102,0.9263530604224286,0.9171670181872571,0.9171670181872571,452.3522090377792,477.9214010340357,30.0,0.2672756486249094,0.009166666666666667,0.23453171856418648,0.5109740338557625,2.049025966144238,0.8403206144200742,662.3522090377792,1,0.0
P02,P02_G018_A00,P02_G018,M021,R317680_2551100_485,5315.624044076422,6083.182395741032,767.5583516646102,0.9243364659008506,10.912914666457482,0.9243364659008506,464.8522090377792,494.58806770070237,30.0,0.27172117862105133,0.009166666666666667,0.23453171856418648,0.5154195638519045,2.044580436148096,0.8389313862962798,674.8522090377792,1,0.0
P02,P02_G018_A00,P02_G018,M021,R317680_2551100_535,5315.624044076422,6083.182395741032,767.5583516646102,0.9216378796189986,10.907985690199268,0.9216378796189986,477.3522090377792,511.254734367369,30.0,0.2761667086171933,0.009166666666666667,0.23453171856418648,0.5198650938480465,2.040134906151954,0.8375421581724855,687.3522090377792,1,0.0
P02,P02_G018_A00,P02_G018,M021,R317680_2551220_385,5315.624044076422,6083.182395741032,767.5583516646102,0.7475233605413649,0.7408491512113784,0.7408491512113784,447.78603912408283,469.2084720871362,30.0,0.2678820382153788,0.009166666666666667,0.23453171856418648,0.511580423446232,2.0484195765537683,0.8401311176730525,657.7860391240829,1,0.0
P02,P02_G018_A00,P02_G018,M021,R317680_2551220_435,5315.624044076422,6083.182395741032,767.5583516646102,0.7462407608711317,0.7374172397227312,0.7374172397227312,460.28603912408283,485.8751387538029,30.0,0.27232756821152077,0.009166666666666667,0.23453171856418648,0.5160259534423739,2.0439740465576266,0.8387418895492582,670.2860391240829,1,0.0
P02,P02_G018_A00,P02_G018,M021,R317680_2551220_485,5315.624044076422,6083.182395741032,767.5583516646102,0.744302938478171,10.733334090549363,0.744302938478171,472.78603912408283,502.5418054204696,30.0,0.27677309820766277,0.009166666666666667,0.23453171856418648,0.5204714834385159,2.0395285165614845,0.8373526614254638,682.7860391240829,1,0.0
P02,P02_G019_A00,P02_G019,M022,R316735_2547787_348,7355.713579944701,7376.656634803497,20.94305485879522,3.747672698782452,6.489340994974725,3.747672698782452,282.4771202921848,300.8542041341444,30.0,0.15491173221069385,0.009166666666666667,0.006399266762409652,0.17047766563977015,2.3895223343602305,0.9467257294875718,492.4771202921848,1,0.0
P02,P02_G019_A00,P02_G019,M022,R316735_2547787_398,7355.713579944701,7376.656634803497,20.94305485879522,3.748261133301142,6.478254834226846,3.748261133301142,265.8104536255181,288.3542041341444,30.0,0.15046620221455187,0.009166666666666667,0.006399266762409652,0.16603213564362818,2.393967864356372,0.9481149576113662,475.8104536255181,1,0.0
P02,P02_G019_A00,P02_G019,M022,R316735_2547787_448,7355.713579944701,7376.656634803497,20.94305485879522,3.7475404767785108,6.46474911124217,3.7475404767785108,277.70926496585014,304.41968214114314,30.0,0.1547284680584725,0.009166666666666667,0.006399266762409652,0.17029440148754882,2.389705598512452,0.946782999535141,487.70926496585014,1,0.0
P02,P02_G019_A00,P02_G019,M022,R316735_2547787_498,7355.713579944701,7376.656634803497,20.94305485879522,3.7455113806551594,6.448846417903283,3.7455113806551594,290.20926496585014,321.08634880780977,30.0,0.1591739980546145,0.009166666666666667,0.006399266762409652,0.1747399314836908,2.3852600685163097,0.9453937714113466,500.20926496585014,1,0.0
P02,P02_G019_A00,P02_G019,M022,R316735_2547787_548,7355.713579944701,7376.656634803497,20.94305485879522,3.7421756777875004,16.43057314608778,3.7421756777875004,302.70926496585014,337.75301547447646,30.0,0.16361952805075647,0.009166666666666667,0.006399266762409652,0.17918546147983277,2.3808145385201676,0.9440045432875522,512.7092649658501,1,0.0
P02,P02_G019_A00,P02_G019,M022,R316735_2547787_598,7355.713579944701,7376.656634803497,20.94305485879522,3.7375363769351395,16.40995934418588,3.7375363769351395,315.20926496585014,354.4196821411431,30.0,0.16806505804689845,0.009166666666666667,0.006399266762409652,0.18363099147597475,2.376369008524026,0.9426153151637578,525.2092649658501,1,0.0
P02,P02_G019_A00,P02_G019,M022,R316735_2547907_364,7355.713579944701,7376.656634803497,20.94305485879522,3.632031684169391,6.223848356449025,3.632031684169391,274.9338487606496,294.59522418789567,30.0,0.1548424114567228,0.009166666666666667,0.006399266762409652,0.17040834488579912,2.3895916551142014,0.9467473922231878,484.9338487606496,1,0.0
P02,P02_G019_A00,P02_G019,M022,R316735_2547907_414,7355.713579944701,7376.656634803497,20.94305485879522,3.6322117465231685,6.212707026109655,3.6322117465231685,275.1521791439504,298.98022123786313,30.0,0.15554404220597964,0.009166666666666667,0.006399266762409652,0.17110997563505595,2.3888900243649447,0.946528132614045,485.1521791439504,1,0.0
P02,P02_G019_A00,P02_G019,M022,R316735_2547907_464,7355.713579944701,7376.656634803497,20.94305485879522,3.6311172799159976,6.199291590767146,3.6311172799159976,287.6521791439504,315.64688790452976,30.0,0.15998957220212162,0.009166666666666667,0.006399266762409652,0.17555550563119793,2.3844444943688026,0.9451389044902506,497.6521791439504,1,0.0
P02,P02_G019_A00,P02_G019,M022,R316735_2547907_514,7355.713579944701,7376.656634803497,20.94305485879522,3.6287492474950085,6.1836231492414555,3.6287492474950085,300.1521791439504,332.31355457119645,30.0,0.16443510219826357,0.009166666666666667,0.006399266762409652,0.18000103562733988,2.3799989643726605,0.9437496763664563,510.1521791439504,1,0.0
P02,P02_G019_A00,P02_G019,M022,R316735_2547907_564,7355.713579944701,7376.656634803497,20.94305485879522,3.625109731227866,16.165726151691914,3.625109731227866,312.6521791439504,348.98022123786313,30.0,0.16888063219440558,0.009166666666666667,0.006399266762409652,0.18444656562348188,2.375553434376519,0.942360448242662,522.6521791439504,1,0.0
P02,P02_G019_A00,P02_G019,M022,R316735_2548027_365,7355.713579944701,7376.656634803497,20.94305485879522,3.5119587619788177,5.963634638729843,3.5119587619788177,275.78386787661753,295.55487261701467,30.0,0.15719547582798327,0.009166666666666667,0.006399266762409652,0.17276140925705957,2.3872385907429408,0.9460120596071688,485.78386787661753,1,0.0
P02,P02_G020_A00,P02_G020,M022,R321001_2545175_356,7388.624094722808,7931.620015515035,542.9959207922275,1.133239472293198,8.505024710669602,1.133239472293198,260.6311029277109,279.6714685282969,30.0,0.13459790883514977,0.009166666666666667,0.1659154202420695,0.30967999574388594,2.2503200042561144,0.9032250013300357,470.6311029277109,1,0.0
P02,P02_G020_A00,P02_G020,M022,R321001_2545175_406,7388.624094722808,7931.620015515035,542.9959207922275,1.1324541246308115,8.486783455063645,1.1324541246308115,243.96443626104426,267.1714685282969,30.0,0.13015237883900777,0.009166666666666667,0.1659154202420695,0.30523446574774393,2.2547655342522566,0.90461422945383,453.9644362610443,1,0.0
P02,P02_G020_A00,P02_G020,M022,R321001_2545175_456,7388.624094722808,7931.620015515035,542.9959207922275,1.130952267717447,8.464738380832202,1.130952267717447,238.52157788295182,265.8952768168711,30.0,0.12912827351151518,0.009166666666666667,0.1659154202420695,0.30421036042025135,2.255789639579749,0.9049342623686715,448.5215778829518,1,0.0
P02,P02_G020_A00,P02_G020,M022,R321001_2545175_506,7388.624094722808,7931.620015515035,542.9959207922275,1.128734644625581,18.438947512901777,1.128734644625581,251.02157788295182,282.5619434835378,30.0,0.13357380350765716,0.009166666666666667,0.1659154202420695,0.3086558904163933,2.251344109583607,0.9035450342448771,461.0215778829518,1,0.0
P02,P02_G020_A00,P02_G020,M022,R321001_2545175_556,7388.624094722808,7931.620015515035,542.9959207922275,1.1258023514710658,18.409477866986535,1.1258023514710658,263.5215778829518,299.2286101502044,30.0,0.13801933350379914,0.009166666666666667,0.1659154202420695,0.3131014204125353,2.246898579587465,0.9021558061210827,473.5215778829518,1,0.0
P02,P02_G020_A00,P02_G020,M022,R321001_2545295_364,7388.624094722808,7931.620015515035,542.9959207922275,1.3033809015254008,8.563132407882051,1.3033809015254008,240.56534865825756,260.2549401296117,30.0,0.12821316209876632,0.009166666666666667,0.1659154202420695,0.3032952490075025,2.256704750992498,0.9052202346851554,450.56534865825756,1,0.0
P02,P02_G020_A00,P02_G020,M022,R321001_2545295_414,7388.624094722808,7931.620015515035,542.9959207922275,1.302448024928097,8.544030484913847,1.302448024928097,226.87083724468334,250.72709538270416,30.0,0.12467365303959439,0.009166666666666667,0.1659154202420695,0.2997557399483306,2.26024426005167,0.9063263312661467,436.87083724468334,1,0.0
P02,P02_G020_A00,P02_G020,M022,R321001_2545295_464,7388.624094722808,7931.620015515035,542.9959207922275,1.3007701173984998,8.521081406991868,1.3007701173984998,239.37083724468334,267.3937620493708,30.0,0.12911918303573638,0.009166666666666667,0.1659154202420695,0.30420126994447255,2.255798730055528,0.9049371031423523,449.37083724468334,1,0.0
P02,P02_G020_A00,P02_G020,M022,R321001_2545295_514,7388.624094722808,7931.620015515035,542.9959207922275,1.2983480421463724,18.494346289722287,1.2983480421463724,251.87083724468334,284.0604287160375,30.0,0.13356471303187833,0.009166666666666667,0.1659154202420695,0.3086467999406145,2.251353200059386,0.9035478750185579,461.87083724468334,1,0.0
P02,P02_G020_A00,P02_G020,M022,R321001_2545295_564,7388.624094722808,7931.620015515035,542.9959207922275,1.295183043851594,18.463895385214656,1.295183043851594,264.37083724468334,300.7270953827042,30.0,0.13801024302802034,0.009166666666666667,0.1659154202420695,0.3130923299367565,2.246907670063244,0.9021586468947635,474.37083724468334,1,0.0
P02,P02_G020_A00,P02_G020,M022,R321001_2545415_354,7388.624094722808,7931.620015515035,542.9959207922275,1.4761684013611642,8.604823654557379,1.4761684013611642,234.23439704777147,253.12458564640426,30.0,0.12593033588516384,0.009166666666666667,0.1659154202420695,0.3010124227939,2.2589875772061005,0.9059336178769063,444.2343970477715,1,0.0
P02,P02_G020_A00,P02_G020,M022,R321001_2545415_404,7388.624094722808,7931.620015515035,542.9959207922275,1.4753464922760884,8.58630303175282,1.4753464922760884,223.78088549178187,246.83774075708135,30.0,0.12337880136892113,0.009166666666666667,0.1659154202420695,0.29846088827765727,2.2615391117223433,0.9067309724132321,433.7808854917819,1,0.0
P02,P02_G021_A00,P02_G021,M022,R316747_2547995_349,7943.587475434347,7964.530530293142,20.94305485879522,5.282596627069424,6.055891096423409,5.282596627069424,278.7944181754807,297.2731382682541,30.0,0.15719515139226975,0.009166666666666667,0.006399266762409652,0.17276108482134606,2.3872389151786546,0.9460121609933294,488.7944181754807,1,0.0
P02,P02_G021_A00,P02_G021,M022,R316747_2547995_399,7943.587475434347,7964.530530293142,20.94305485879522,5.284133527960776,6.04580255430777,5.284133527960776,275.66392246828667,298.30930922772677,30.0,0.1568759382441215,0.009166666666666667,0.006399266762409652,0.1724418716731978,2.387558128326803,0.9461119151021257,485.66392246828667,1,0.0
P02,P02_G021_A00,P02_G021,M022,R316747_2547995_449,7943.587475434347,7964.530530293142,20.94305485879522,5.28380609397054,6.033521036296065,5.28380609397054,288.16392246828667,314.9759758943934,30.0,0.16132146824026347,0.009166666666666667,0.006399266762409652,0.17688740166933978,2.3831125983306607,0.9447226869783313,498.16392246828667,1,0.0
P02,P02_G021_A00,P02_G021,M022,R316747_2547995_499,7943.587475434347,7964.530530293142,20.94305485879522,5.281614746643982,6.0190651615151864,5.281614746643982,300.66392246828667,331.6426425610601,30.0,0.16576699823640545,0.009166666666666667,0.006399266762409652,0.18133293166548176,2.3786670683345186,0.943333458854537,510.66392246828667,1,0.0
P02,P02_G021_A00,P02_G021,M022,R316747_2547995_549,7943.587475434347,7964.530530293142,20.94305485879522,5.277562305259835,6.002456688464932,5.277562305259835,313.16392246828667,348.30930922772677,30.0,0.17021252823254743,0.009166666666666667,0.006399266762409652,0.18577846166162373,2.374221538338377,0.9419442307307426,523.1639224682867,1,0.0
P02,P02_G021_A00,P02_G021,M022,R316747_2547995_599,7943.587475434347,7964.530530293142,20.94305485879522,5.2716539747549405,15.983720407564903,5.2716539747549405,325.66392246828667,364.9759758943934,30.0,0.1746580582286894,0.009166666666666667,0.006399266762409652,0.1902239916577657,2.369776008342235,0.9405550026069482,535.6639224682867,1,0.0
P02,P02_G021_A00,P02_G021,M022,R316747_2548115_345,7943.587475434347,7964.530530293142,20.94305485879522,5.158205020079748,5.797326288324257,5.158205020079748,291.835616516812,309.9684529222482,30.0,0.16322901263328893,0.009166666666666667,0.006399266762409652,0.17879494606236523,2.3812050539376353,0.9441265793555109,501.835616516812,1,0.0
P02,P02_G021_A00,P02_G021,M022,R316747_2548115_395,7943.587475434347,7964.530530293142,20.94305485879522,5.159848934194045,5.787994040713315,5.159848934194045,280.94608252023,303.2455855923329,30.0,0.16054456263096772,0.009166666666666667,0.006399266762409652,0.17611049606004403,2.3838895039399564,0.9449654699812362,490.94608252023,1,0.0
P02,P02_G021_A00,P02_G021,M022,R316747_2548115_445,7943.587475434347,7964.530530293142,20.94305485879522,5.1596811481207965,5.7765927934914885,5.1596811481207965,293.44608252023,319.91225225899956,30.0,0.1649900926271097,0.009166666666666667,0.006399266762409652,0.180556026056186,2.3794439739438147,0.9435762418574418,503.44608252023,1,0.0
P02,P02_G021_A00,P02_G021,M022,R316747_2548115_495,7943.587475434347,7964.530530293142,20.94305485879522,5.157701871784923,5.763138851880569,5.157701871784923,305.94608252023,336.5789189256662,30.0,0.16943562262325168,0.009166666666666667,0.006399266762409652,0.185001556052328,2.3749984439476726,0.9421870137336475,515.94608252023,1,0.0
P02,P02_G021_A00,P02_G021,M022,R316747_2548115_545,7943.587475434347,7964.530530293142,20.94305485879522,5.15391358012333,15.74765132854958,5.15391358012333,318.44608252023,353.2455855923329,30.0,0.17388115261939366,0.009166666666666667,0.006399266762409652,0.18944708604846996,2.3705529139515304,0.9407977856098532,528.44608252023,1,0.0
P02,P02_G021_A00,P02_G021,M022,R316747_2548115_595,7943.587475434347,7964.530530293142,20.94305485879522,5.14832100278133,15.730152054416479,5.14832100278133,330.94608252023,369.9122522589995,30.0,0.17832668261553564,0.009166666666666667,0.006399266762409652,0.19389261604461194,2.3661073839553888,0.9394085574860588,540.94608252023,1,0.0
P02,P02_G022_A00,P02_G022,M023,R318798_2544731_329,7433.603522964426,7786.218134216519,352.6146112520928,0.8714429341215322,27.33640602873548,0.8714429341215322,105.74840926711892,122.49525044346983,30.0,0.05333103179338695,0.009166666666666667,0.10774335343813948,0.1702410518981931,2.3897589481018073,0.9467996712818146,315.7484092671189,1,0.0
P02,P02_G022_A00,P02_G022,M023,R318798_2544731_379,7433.603522964426,7786.218134216519,352.6146112520928,0.872322112006529,27.214914510433317,0.872322112006529,118.24840926711892,139.1619171101365,30.0,0.05777656178952892,0.009166666666666667,0.10774335343813948,0.17468658189433506,2.3853134181056657,0.9454104431580203,328.2484092671189,1,0.0
P02,P02_G022_A00,P02_G022,M023,R318798_2544731_429,7433.603522964426,7786.218134216519,352.6146112520928,0.8725262200987913,27.068517075780832,0.8725262200987913,130.74840926711892,155.82858377680316,30.0,0.0622220917856709,0.009166666666666667,0.10774335343813948,0.17913211189047706,2.3808678881095235,0.9440212150342259,340.7484092671189,1,0.0
P02,P02_G022_A00,P02_G022,M023,R318798_2544731_479,7433.603522964426,7786.218134216519,352.6146112520928,0.8720551632185192,26.899760396653292,0.8720551632185192,143.24840926711892,172.49525044346984,30.0,0.06666762178181287,0.009166666666666667,0.10774335343813948,0.18357764188661901,2.3764223581133814,0.9426319869104316,353.2484092671189,1,0.0
P02,P02_G022_A00,P02_G022,M023,R318798_2544851_316,7433.603522964426,7786.218134216519,352.6146112520928,0.9995675415180187,28.63856585737166,0.9995675415180187,94.63872392045249,110.32075720495769,30.0,0.04713798655745542,0.009166666666666667,0.10774335343813948,0.16404800666226158,2.395951993337739,0.9487349979180433,304.6387239204525,1,0.0
P02,P02_G022_A00,P02_G022,M023,R318798_2544851_366,7433.603522964426,7786.218134216519,352.6146112520928,1.000650757333247,28.485333220971313,1.000650757333247,107.13872392045249,126.98742387162437,30.0,0.0515835165535974,0.009166666666666667,0.10774335343813948,0.16849353665840355,2.3915064633415968,0.9473457697942489,317.1387239204525,1,0.0
P02,P02_G022_A00,P02_G022,M023,R318798_2544851_416,7433.603522964426,7786.218134216519,352.6146112520928,1.0010387140646486,28.299823226932645,1.0010387140646486,119.63872392045249,143.65409053829103,30.0,0.05602904654973938,0.009166666666666667,0.10774335343813948,0.17293906665454553,2.387060933345455,0.9459565416704545,329.6387239204525,1,0.0
P02,P02_G022_A00,P02_G022,M023,R318798_2544851_466,7433.603522964426,7786.218134216519,352.6146112520928,1.0007312253758727,28.086220849190894,1.0007312253758727,132.1387239204525,160.3207572049577,30.0,0.06047457654588135,0.009166666666666667,0.10774335343813948,0.1773845966506875,2.382615403349313,0.9445673135466601,342.1387239204525,1,0.0
P02,P02_G022_A00,P02_G022,M023,R318798_2544971_333,7433.603522964426,7786.218134216519,352.6146112520928,1.1282874401283038,30.04269441191751,1.1282874401283038,91.14569375393198,108.29047906276988,30.0,0.043663370269135325,0.009166666666666667,0.10774335343813948,0.16057339037394147,2.399426609626059,0.9498208155081433,301.145693753932,1,0.0
P02,P02_G022_A00,P02_G022,M023,R318798_2544971_383,7433.603522964426,7786.218134216519,352.6146112520928,1.1291517757363891,29.813754956765294,1.1291517757363891,103.64569375393198,124.95714572943653,30.0,0.0481089002652773,0.009166666666666667,0.10774335343813948,0.16501892037008345,2.394981079629917,0.948431587384349,313.645693753932,1,0.0
P02,P02_G022_A00,P02_G022,M023,R318798_2544971_433,7433.603522964426,7786.218134216519,352.6146112520928,1.1292999047926457,29.546244070078103,1.1292999047926457,116.14569375393198,141.6238123961032,30.0,0.052554430261419274,0.009166666666666667,0.10774335343813948,0.16946445036622543,2.3905355496337752,0.9470423592605546,326.145693753932,1,0.0
P02,P02_G022_A00,P02_G022,M023,R318798_2544971_483,7433.603522964426,7786.218134216519,352.6146112520928,1.1287317540141402,29.247564711826627,1.1287317540141402,128.645693753932,158.29047906276986,30.0,0.05699996025756125,0.009166666666666667,0.10774335343813948,0.1739099803623674,2.386090019637633,0.9456531311367602,338.645693753932,1,0.0
P02,P02_G023_A00,P02_G023,M024,R320878_2547577_563,7659.827743478527,8395.75538315998,735.927639681453,3.312756982535433,16.37371485667674,3.312756982535433,307.50969179304633,343.7570581260541,30.0,0.1656637075427803,0.009166666666666667,0.22486677879155512,0.39969715300100206,2.1603028469989987,0.8750946396871868,517.5096917930464,1,0.0
P02,P02_G024_A00,P02_G024,M025,R317846_2547356_416,3173.532039958184,3564.4968611360646,390.96482117788037,7.313485685881261,19.90596909247148,7.313485685881261,204.56552986847282,228.6128522053055,30.0,0.11026068520310775,0.009166666666666667,0.11946147313768568,0.23888882500746011,2.3211111749925406,0.9253472421851687,414.5655298684728,1,0.0
P02,P02_G024_A00,P02_G024,M025,R317846_2547356_466,3173.532039958184,3564.4968611360646,390.96482117788037,7.3155267746017785,19.874351384900606,7.3155267746017785,217.06552986847282,245.2795188719722,30.0,0.11470621519924973,0.009166666666666667,0.11946147313768568,0.24333435500360207,2.3166656449963985,0.9239580140613743,427.0655298684728,1,0.0
P02,P02_G024_A00,P02_G024,M025,R317846_2547356_516,3173.532039958184,3564.4968611360646,390.96482117788037,7.3145917820060475,19.837638582236565,7.3145917820060475,229.56552986847282,261.9461855386388,30.0,0.11915174519539169,0.009166666666666667,0.11946147313768568,0.24777988499974404,2.3122201150002564,0.92256878593758,439.5655298684728,1,0.0
P02,P02_G024_A00,P02_G024,M025,R317966_2547236_275,3173.532039958184,3564.4968611360646,390.96482117788037,0.6790140679491827,10.68613225216103,0.6790140679491827,158.7703338661858,171.07632192364025,30.0,0.09097971845214325,0.009166666666666667,0.11946147313768568,0.2196078582564956,2.340392141743505,0.9313725442948452,368.7703338661858,1,0.0
P02,P02_G024_A00,P02_G024,M025,R317966_2547236_325,3173.532039958184,3564.4968611360646,390.96482117788037,0.6567698534165913,20.666426485032446,0.6567698534165913,171.2703338661858,187.74298859030694,30.0,0.09542524844828523,0.009166666666666667,0.11946147313768568,0.2240533882526376,2.335946611747363,0.9299833161710508,381.2703338661858,1,0.0
P02,P02_G024_A00,P02_G024,M025,R317966_2547236_375,3173.532039958184,3564.4968611360646,390.96482117788037,5.1642440298625445,20.640404457125626,5.1642440298625445,183.7703338661858,204.40965525697356,30.0,0.0998707784444272,0.009166666666666667,0.11946147313768568,0.22849891824877955,2.331501081751221,0.9285940880472564,393.7703338661858,1,0.0
P02,P02_G024_A00,P02_G024,M025,R317966_2547236_425,3173.532039958184,3564.4968611360646,390.96482117788037,5.104401392207606,20.608179535504362,5.104401392207606,196.2703338661858,221.07632192364025,30.0,0.10431630844056917,0.009166666666666667,0.11946147313768568,0.23294444824492153,2.327055551755079,0.927204859923462,406.2703338661858,1,0.0
P02,P02_G024_A00,P02_G024,M025,R317966_2547236_475,3173.532039958184,3564.4968611360646,390.96482117788037,6.887769044310687,20.56988992908508,6.887769044310687,208.7703338661858,237.74298859030694,30.0,0.10876183843671115,0.009166666666666667,0.11946147313768568,0.2373899782410635,2.322610021758937,0.9258156317996676,418.7703338661858,1,0.0
P02,P02_G024_A00,P02_G024,M025,R317966_2547236_525,3173.532039958184,3564.4968611360646,390.96482117788037,6.886430717285748,20.525696768728977,6.886430717285748,221.2703338661858,254.4096552569736,30.0,0.11320736843285312,0.009166666666666667,0.11946147313768568,0.24183550823720545,2.3181644917627953,0.9244264036758733,431.2703338661858,1,0.0
P02,P02_G024_A00,P02_G024,M025,R317966_2547356_274,3173.532039958184,3564.4968611360646,390.96482117788037,0.17114113496977268,10.177402015838055,0.17114113496977268,166.48252068901778,178.65969913546962,30.0,0.09578021836795628,0.009166666666666667,0.11946147313768568,0.22440835817230864,2.335591641827692,0.9298723880711536,376.48252068901775,1,0.0
P02,P02_G024_A00,P02_G024,M025,R317966_2547356_324,3173.532039958184,3564.4968611360646,390.96482117788037,0.1515230778865373,20.16004725779203,0.1515230778865373,178.27549071058354,194.61933582370204,30.0,0.10001021993136903,0.009166666666666667,0.11946147313768568,0.22863835973572139,2.331361640264279,0.928550512582587,388.27549071058354,1,0.0
P02,P02_G024_A00,P02_G024,M025,R317966_2547356_374,3173.532039958184,3564.4968611360646,390.96482117788037,4.309064085943305,20.13705772958734,4.309064085943305,190.77549071058354,211.28600249036873,30.0,0.10445574992751101,0.009166666666666667,0.11946147313768568,0.23308388973186336,2.326916110268137,0.9271612844587926,400.77549071058354,1,0.0
P02,P02_G025_A00,P02_G025,M027,R319031_2548268_378,9422.176739588298,9881.142976969444,458.96623738114613,5.848364095037141,17.180198899819032,5.848364095037141,244.7670432960008,265.6078646257534,30.0,0.13866967590706417,0.009166666666666667,0.1402396836442391,0.2880760262179699,2.2719239737820307,0.9099762418068844,454.7670432960008,1,0.0
P02,P02_G025_A00,P02_G025,M027,R319031_2548268_428,9422.176739588298,9881.142976969444,458.96623738114613,5.843713950625357,17.165503382119084,5.843713950625357,257.2670432960008,282.2745312924201,30.0,0.14311520590320614,0.009166666666666667,0.1402396836442391,0.2925215562141119,2.2674784437858886,0.90858701368309,467.2670432960008,1,0.0
P02,P02_G025_A00,P02_G025,M027,R319031_2548268_478,9422.176739588298,9881.142976969444,458.96623738114613,5.836950527303941,17.147992458228302,5.836950527303941,269.7670432960008,298.94119795908676,30.0,0.14756073589934812,0.009166666666666667,0.1402396836442391,0.2969670862102539,2.2630329137897465,0.9071977855592956,479.7670432960008,1,0.0
P02,P02_G025_A00,P02_G025,M027,R319031_2548388_354,9422.176739588298,9881.142976969444,458.96623738114613,6.096953746029627,16.817754576583297,6.096953746029627,246.8613885249859,265.75405031901255,30.0,0.14166315785003336,0.009166666666666667,0.1402396836442391,0.2910695081609391,2.268930491839061,0.9090407786997066,456.8613885249859,1,0.0
P02,P02_G025_A00,P02_G025,M027,R319031_2548388_404,9422.176739588298,9881.142976969444,458.96623738114613,6.093080008218621,16.805471239869462,6.093080008218621,259.3613885249859,282.42071698567923,30.0,0.14610868784617534,0.009166666666666667,0.1402396836442391,0.29551503815708113,2.2644849618429195,0.9076515505759122,469.3613885249859,1,0.0
P02,P02_G025_A00,P02_G025,M027,R319031_2548388_454,9422.176739588298,9881.142976969444,458.96623738114613,6.086965915151353,16.79058398580294,6.086965915151353,271.8613885249859,299.0873836523459,30.0,0.15055421784231732,0.009166666666666667,0.1402396836442391,0.2999605681532231,2.2600394318467774,0.9062623224521178,481.8613885249859,1,0.0
P02,P02_G025_A00,P02_G025,M027,R319031_2548508_374,9422.176739588298,9881.142976969444,458.96623738114613,6.343987821215421,16.460055432828085,6.343987821215421,259.5957489704318,280.08528245838755,30.0,0.148442074342722,0.009166666666666667,0.1402396836442391,0.29784842465362776,2.2621515753463726,0.9069223672957414,469.5957489704318,1,0.0
P02,P02_G025_A00,P02_G025,M027,R319031_2548508_424,9422.176739588298,9881.142976969444,458.96623738114613,6.338976284442651,16.44780768723193,6.338976284442651,272.0957489704318,296.75194912505424,30.0,0.15288760433886397,0.009166666666666667,0.1402396836442391,0.3022939546497697,2.257706045350231,0.905533139171947,482.0957489704318,1,0.0
P02,P02_G025_A00,P02_G025,M027,R319031_2548508_474,9422.176739588298,9881.142976969444,458.96623738114613,6.331596663786698,16.433164337660358,6.331596663786698,284.5957489704318,313.4186157917209,30.0,0.15733313433500595,0.009166666666666667,0.1402396836442391,0.3067394846459117,2.2532605153540888,0.9041439110481526,494.5957489704318,1,0.0
P03,P03_G000_A00,P03_G000,M001,R318554_2547660_241,809.1614003372633,1952.6735065821129,1143.5121062448495,4.948620117749812,19.459985934300207,4.948620117749812,168.9349490028161,178.40312781547885,30.0,0.09988517663956677,0.009166666666666667,0.34940647690814847,0.45845832021438193,2.1015416797856186,0.8567317749330057,378.9349490028161,1,0.0
P03,P03_G000_A00,P03_G000,M001,R318554_2547660_291,809.1614003372633,1952.6735065821129,1143.5121062448495,4.9531466653327385,19.448430703367535,4.9531466653327385,181.4349490028161,195.06979448214554,30.0,0.10433070663570874,0.009166666666666667,0.34940647690814847,0.4629038502105239,2.0970961497894764,0.8553425468092113,391.4349490028161,1,0.0
P03,P03_G000_A00,P03_G000,M001,R318554_2547660_341,809.1614003372633,1952.6735065821129,1143.5121062448495,4.9559486843858025,19.432057439764407,4.9559486843858025,193.9349490028161,211.73646114881223,30.0,0.10877623663185072,0.009166666666666667,0.34940647690814847,0.46734938020666583,2.0926506197933348,0.8539533186854169,403.9349490028161,1,0.0
P03,P03_G000_A00,P03_G000,M001,R318554_2547660_391,809.1614003372633,1952.6735065821129,1143.5121062448495,4.95702283323493,19.410920531084926,4.95702283323493,206.4349490028161,228.40312781547885,30.0,0.1132217666279927,0.009166666666666667,0.34940647690814847,0.47179491020280784,2.0882050897971927,0.8525640905616225,416.4349490028161,1,0.0
P03,P03_G000_A00,P03_G000,M001,R318554_2547660_441,809.1614003372633,1952.6735065821129,1143.5121062448495,4.956367829521611,19.385089484524983,4.956367829521611,218.9349490028161,245.06979448214554,30.0,0.11766729662413467,0.009166666666666667,0.34940647690814847,0.4762404401989498,2.0837595598010505,0.8511748624378281,428.9349490028161,1,0.0
P03,P03_G000_A00,P03_G000,M001,R318554_2547660_491,809.1614003372633,1952.6735065821129,1143.5121062448495,4.953984455301423,19.354648177549407,4.953984455301423,231.4349490028161,261.7364611488122,30.0,0.12211282662027664,0.009166666666666667,0.34940647690814847,0.48068597019509174,2.079314029804909,0.8497856343140339,441.4349490028161,1,0.0
P03,P03_G000_A00,P03_G000,M001,R318554_2547780_227,809.1614003372633,1952.6735065821129,1143.5121062448495,4.933245000027995,18.982966505521816,4.933245000027995,183.61005294170835,191.91524754213154,30.0,0.10684884864623702,0.009166666666666667,0.34940647690814847,0.4654219922210522,2.0945780077789484,0.8545556274309212,393.6100529417083,1,0.0
P03,P03_G000_A00,P03_G000,M001,R318554_2547780_277,809.1614003372633,1952.6735065821129,1143.5121062448495,4.938236117812934,18.97382880541784,4.938236117812934,185.93104827251892,198.40290953960874,30.0,0.10819144808779035,0.009166666666666667,0.34940647690814847,0.4667645916626055,2.093235408337395,0.8541360651054358,395.9310482725189,1,0.0
P03,P03_G000_A00,P03_G000,M001,R318554_2547780_327,809.1614003372633,1952.6735065821129,1143.5121062448495,4.941509467786815,18.96036088106959,4.941509467786815,198.43104827251892,215.06957620627543,30.0,0.11263697808393233,0.009166666666666667,0.34940647690814847,0.4712101216587475,2.088789878341253,0.8527468369816414,408.4310482725189,1,0.0
P03,P03_G000_A00,P03_G000,M001,R318554_2547780_377,809.1614003372633,1952.6735065821129,1143.5121062448495,4.943061160333954,18.942602940084186,4.943061160333954,210.93104827251892,231.73624287294209,30.0,0.11708250808007431,0.009166666666666667,0.34940647690814847,0.47565565165488943,2.084344348345111,0.8513576088578471,420.9310482725189,1,0.0
P03,P03_G000_A00,P03_G000,M001,R318554_2547780_427,809.1614003372633,1952.6735065821129,1143.5121062448495,4.942889349238143,18.920607554864304,4.942889349238143,223.43104827251892,248.40290953960874,30.0,0.12152803807621629,0.009166666666666667,0.34940647690814847,0.48010118165103144,2.079898818348969,0.8499683807340527,433.4310482725189,1,0.0
P03,P03_G000_A00,P03_G000,M001,R318554_2547780_477,809.1614003372633,1952.6735065821129,1143.5121062448495,4.940994238997348,18.894439150648367,4.940994238997348,235.93104827251892,265.0695762062754,30.0,0.12597356807235827,0.009166666666666667,0.34940647690814847,0.4845467116471734,2.075453288352827,0.8485791526102583,445.9310482725189,1,0.0
P03,P03_G001_A00,P03_G001,M002,R318418_2545654_298,1171.6403334902727,1230.0988487350032,58.458515244730506,0.16080235495346074,35.765927813412134,0.16080235495346074,61.715763976082975,75.94331422836163,30.0,0.02733980489709045,0.009166666666666667,0.017862324102556545,0.05436879566631366,2.505631204333687,0.9830097513542769,271.71576397608294,1,0.0
P03,P03_G001_A00,P03_G001,M002,R318418_2545654_348,1171.6403334902727,1230.0988487350032,58.458515244730506,0.16209193781699582,35.089261644526076,0.16209193781699582,74.21576397608297,92.60998089502829,30.0,0.031785334893232424,0.009166666666666667,0.017862324102556545,0.05881432566245563,2.501185674337545,0.9816205232304827,284.21576397608294,1,0.0
P03,P03_G001_A00,P03_G001,M002,R318418_2545654_398,1171.6403334902727,1230.0988487350032,58.458515244730506,0.16280846592000842,34.3508792574263,0.16280846592000842,86.71576397608297,109.27664756169494,30.0,0.0362308648893744,0.009166666666666667,0.017862324102556545,0.06325985565859761,2.496740144341403,0.9802312951066883,296.71576397608294,1,0.0
P03,P03_G001_A00,P03_G001,M002,R318418_2545654_448,1171.6403334902727,1230.0988487350032,58.458515244730506,0.16295165555229119,33.59182256061867,0.16295165555229119,99.21576397608297,125.94331422836163,30.0,0.04067639488551637,0.009166666666666667,0.017862324102556545,0.06770538565473959,2.492294614345261,0.9788420669828939,309.21576397608294,1,0.0
P03,P03_G001_A00,P03_G001,M002,R318418_2545774_327,1171.6403334902727,1230.0988487350032,58.458515244730506,0.25978933737101784,34.1392912080229,0.25978933737101784,72.95579952034157,89.59947602384092,30.0,0.032467860882684677,0.009166666666666667,0.017862324102556545,0.05949685165190789,2.5005031483480926,0.9814072338587788,282.95579952034154,1,0.0
P03,P03_G001_A00,P03_G001,M002,R318418_2545774_377,1171.6403334902727,1230.0988487350032,58.458515244730506,0.26076855921995445,33.589110312577176,0.26076855921995445,85.45579952034157,106.26614269050759,30.0,0.036913390878826655,0.009166666666666667,0.017862324102556545,0.06394238164804987,2.4960576183519505,0.9800180057349844,295.45579952034154,1,0.0
P03,P03_G001_A00,P03_G001,M002,R318418_2545774_427,1171.6403334902727,1230.0988487350032,58.458515244730506,0.26116142863540404,32.989508511843084,0.26116142863540404,97.95579952034157,122.93280935717425,30.0,0.041358920874968626,0.009166666666666667,0.017862324102556545,0.06838791164419183,2.491612088355809,0.97862877761119,307.95579952034154,1,0.0
P03,P03_G001_A00,P03_G001,M002,R318418_2545774_477,1171.6403334902727,1230.0988487350032,58.458515244730506,0.26096778647630003,32.36643618796607,0.26096778647630003,110.45579952034157,139.5994760238409,30.0,0.0458044508711106,0.009166666666666667,0.017862324102556545,0.07283344164033381,2.4871665583596667,0.9772395494873957,320.45579952034154,1,0.0
P03,P03_G001_A00,P03_G001,M002,R318418_2545894_401,1171.6403334902727,1230.0988487350032,58.458515244730506,0.3580413940300531,31.96432425731919,0.3580413940300531,97.11615819654108,119.90801915845515,30.0,0.04267929060412444,0.009166666666666667,0.017862324102556545,0.06970828137334766,2.490291718626653,0.9782161620708288,307.11615819654105,1,0.0
P03,P03_G001_A00,P03_G001,M002,R318418_2545894_451,1171.6403334902727,1230.0988487350032,58.458515244730506,0.35815791888427384,31.50582220832389,0.35815791888427384,109.61615819654108,136.5746858251218,30.0,0.04712482060026641,0.009166666666666667,0.017862324102556545,0.07415381136948962,2.4858461886305108,0.9768269339470345,319.61615819654105,1,0.0
P03,P03_G001_A00,P03_G001,M002,R318418_2545894_501,1171.6403334902727,1230.0988487350032,58.458515244730506,0.3576746913424955,31.020705879239088,0.3576746913424955,122.11615819654108,153.2413524917885,30.0,0.05157035059640839,0.009166666666666667,0.017862324102556545,0.0785993413656316,2.481400658634369,0.9754377058232401,332.11615819654105,1,0.0
P03,P03_G002_A00,P03_G002,M002,R320650_2549132_301,1248.1641088511385,1644.057325684367,395.8932168332285,0.43459405234683857,3.7265795752044113,0.43459405234683857,322.8026407065914,337.27679206360636,30.0,0.19146865615975425,0.009166666666666667,0.12096737181015317,0.3216026946365741,2.2383973053634265,0.8994991579260706,532.8026407065913,1,0.0
P03,P03_G002_A00,P03_G002,M002,R320650_2549132_351,1248.1641088511385,1644.057325684367,395.8932168332285,0.437456154139511,3.7219265877194516,0.437456154139511,327.9172558290686,346.5580738527503,30.0,0.19366285244119352,0.009166666666666667,0.12096737181015317,0.32379689091801334,2.236203109081987,0.8988134715881209,537.9172558290686,1,0.0
P03,P03_G002_A00,P03_G002,M002,R320650_2549132_401,1248.1641088511385,1644.057325684367,395.8932168332285,0.4397089505342393,3.715978890382331,0.4397089505342393,340.4172558290686,363.2247405194169,30.0,0.1981083824373355,0.009166666666666667,0.12096737181015317,0.32824242091415534,2.231757579085845,0.8974242434643265,550.4172558290686,1,0.0
P03,P03_G002_A00,P03_G002,M002,R320650_2549132_451,1248.1641088511385,1644.057325684367,395.8932168332285,0.4413514920661612,13.708741801967946,0.4413514920661612,352.9172558290686,379.8914071860836,30.0,0.20255391243347748,0.009166666666666667,0.12096737181015317,0.3326879509102973,2.2273120490897034,0.8960350153405321,562.9172558290686,1,0.0
P03,P03_G002_A00,P03_G002,M002,R320650_2549132_501,1248.1641088511385,1644.057325684367,395.8932168332285,0.4423830857440265,13.700221771410227,0.4423830857440265,365.4172558290686,396.5580738527503,30.0,0.20699944242961946,0.009166666666666667,0.12096737181015317,0.3371334809064393,2.2228665190935613,0.8946457872167377,575.4172558290686,1,0.0
P03,P03_G002_A00,P03_G002,M002,R320650_2549252_281,1248.1641088511385,1644.057325684367,395.8932168332285,0.3961176642091857,3.5064086862240345,0.3961176642091857,334.9968533588112,347.77429476506126,30.0,0.1972786844230075,0.009166666666666667,0.12096737181015317,0.3274127228998273,2.232587277100173,0.8976835240938039,544.9968533588112,1,0.0
P03,P03_G002_A00,P03_G002,M002,R320650_2549252_331,1248.1641088511385,1644.057325684367,395.8932168332285,0.3992010620153934,3.5024893459997344,0.3992010620153934,329.8661338560443,346.810241928961,30.0,0.1963497303686501,0.009166666666666667,0.12096737181015317,0.3264837688454699,2.2335162311545305,0.8979738222357907,539.8661338560444,1,0.0
P03,P03_G002_A00,P03_G002,M002,R320650_2549252_381,1248.1641088511385,1644.057325684367,395.8932168332285,0.4016807864916956,3.497337670869271,0.4016807864916956,342.3661338560443,363.47690859562766,30.0,0.20079526036479206,0.009166666666666667,0.12096737181015317,0.3309292988416119,2.229070701158389,0.8965845941119963,552.3661338560444,1,0.0
P03,P03_G002_A00,P03_G002,M002,R320650_2549252_431,1248.1641088511385,1644.057325684367,395.8932168332285,0.4035558019630372,3.4909580451039517,0.4035558019630372,354.8661338560443,380.14357526229435,30.0,0.20524079036093404,0.009166666666666667,0.12096737181015317,0.3353748288377539,2.2246251711622467,0.8951953659882019,564.8661338560444,1,0.0
P03,P03_G002_A00,P03_G002,M002,R320650_2549252_481,1248.1641088511385,1644.057325684367,395.8932168332285,0.4048253243988853,13.483355881212248,0.4048253243988853,367.3661338560443,396.810241928961,30.0,0.20968632035707602,0.009166666666666667,0.12096737181015317,0.33982035883389583,2.2201796411661046,0.8938061378644075,577.3661338560444,1,0.0
P03,P03_G002_A00,P03_G002,M002,R320650_2549372_242,1248.1641088511385,1644.057325684367,395.8932168332285,0.353059569014178,3.290778229439425,0.353059569014178,345.0936334965836,354.63762178800613,30.0,0.20223198625583622,0.009166666666666667,0.12096737181015317,0.33236602473265603,2.2276339752673446,0.896135617271045,555.0936334965836,1,0.0
P03,P03_G002_A00,P03_G002,M002,R320650_2549372_292,1248.1641088511385,1644.057325684367,395.8932168332285,0.3565777897842395,3.2879623571196674,0.3565777897842395,328.4269668299169,342.13762178800613,30.0,0.19778645625969424,0.009166666666666667,0.12096737181015317,0.3279204947365141,2.2320795052634863,0.8975248453948393,538.4269668299169,1,0.0
P03,P03_G003_A00,P03_G003,M003,R319460_2547617_313,807.2439655639018,1422.556482434358,615.3125168704562,1.203210902417979,19.06708775721708,1.203210902417979,193.15084861778655,208.6132367200001,30.0,0.11026292962767864,0.009166666666666667,0.18801215793263942,0.3074417542269847,2.2525582457730158,0.9039244518040672,403.15084861778655,1,0.0
P03,P03_G003_A00,P03_G003,M003,R319460_2547617_363,807.2439655639018,1422.556482434358,615.3125168704562,1.2038041377470847,19.05014149685539,1.2038041377470847,205.65084861778655,225.27990338666675,30.0,0.1147084596238206,0.009166666666666667,0.18801215793263942,0.3118872842231267,2.2481127157768737,0.902535223680273,415.65084861778655,1,0.0
P03,P03_G003_A00,P03_G003,M003,R319460_2547617_413,807.2439655639018,1422.556482434358,615.3125168704562,1.2036687015399963,19.028842531953217,1.2036687015399963,218.15084861778655,241.9465700533334,30.0,0.11915398961996258,0.009166666666666667,0.18801215793263942,0.3163328142192687,2.243667185780732,0.9011459955564786,428.15084861778655,1,0.0
P03,P03_G003_A00,P03_G003,M003,R319460_2547617_463,807.2439655639018,1422.556482434358,615.3125168704562,1.2028046619595187,19.003254910834983,1.2028046619595187,230.65084861778655,258.6132367200001,30.0,0.12359951961610456,0.009166666666666667,0.18801215793263942,0.3207783442154106,2.23922165578459,0.8997567674326842,440.65084861778655,1,0.0
P03,P03_G003_A00,P03_G003,M003,R319460_2547737_296,807.2439655639018,1422.556482434358,615.3125168704562,1.3753203030944405,18.639955173308792,1.3753203030944405,196.40045235487713,210.44084211521243,30.0,0.11354739346254282,0.009166666666666667,0.18801215793263942,0.3107262180618489,2.2492737819381516,0.9028980568556723,406.40045235487713,1,0.0
P03,P03_G003_A00,P03_G003,M003,R319460_2547737_346,807.2439655639018,1422.556482434358,615.3125168704562,1.3761962799155185,18.62596690888614,1.3761962799155185,208.90045235487713,227.10750878187912,30.0,0.1179929234586848,0.009166666666666667,0.18801215793263942,0.31517174805799086,2.2448282519420095,0.9015088287318779,418.90045235487713,1,0.0
P03,P03_G003_A00,P03_G003,M003,R319460_2547737_396,807.2439655639018,1422.556482434358,615.3125168704562,1.3763141246045052,18.60801323862532,1.3763141246045052,221.40045235487713,243.77417544854575,30.0,0.12243845345482678,0.009166666666666667,0.18801215793263942,0.31961727805413287,2.240382721945868,0.9001196006080835,431.40045235487713,1,0.0
P03,P03_G003_A00,P03_G003,M003,R319460_2547737_446,807.2439655639018,1422.556482434358,615.3125168704562,1.3756737754489734,18.586143320238207,1.3756737754489734,233.90045235487713,260.44084211521243,30.0,0.12688398345096874,0.009166666666666667,0.18801215793263942,0.3240628080502748,2.2359371919497257,0.8987303724842891,443.90045235487713,1,0.0
P03,P03_G003_A00,P03_G003,M003,R319460_2547857_245,807.2439655639018,1422.556482434358,615.3125168704562,1.5486516578314138,8.235130137599995,1.5486516578314138,196.61711679445605,206.42703271852832,30.0,0.11549475982148631,0.009166666666666667,0.18801215793263942,0.3126735844207924,2.247326415579208,0.9022895048685023,406.617116794456,1,0.0
P03,P03_G003_A00,P03_G003,M003,R319460_2547857_295,807.2439655639018,1422.556482434358,615.3125168704562,1.5503645665378087,18.226110677668217,1.5503645665378087,203.77107543296518,217.74765802370413,30.0,0.11831062212164267,0.009166666666666667,0.18801215793263942,0.31548944672094875,2.244510553279052,0.9014095478997035,413.7710754329652,1,0.0
P03,P03_G003_A00,P03_G003,M003,R319460_2547857_345,807.2439655639018,1422.556482434358,615.3125168704562,1.5512886638184824,18.2134480257573,1.5512886638184824,216.27107543296518,234.4143246903708,30.0,0.12275615211778465,0.009166666666666667,0.18801215793263942,0.3199349767170907,2.24006502328291,0.9000203197759091,426.2710754329652,1,0.0
P03,P03_G003_A00,P03_G003,M003,R319460_2547857_395,807.2439655639018,1422.556482434358,615.3125168704562,1.551423445983744,18.19717400398403,1.551423445983744,228.77107543296518,251.08099135703748,30.0,0.12720168211392663,0.009166666666666667,0.18801215793263942,0.3243805067132327,2.2356194932867677,0.8986310916521147,438.7710754329652,1,0.0
P03,P03_G004_A00,P03_G004,M004,R319278_2547659_275,714.9294036153034,1480.6790692836205,765.7496656683171,4.331709365588694,19.14517810422879,4.331709365588694,182.44590325488508,194.7233421180036,30.0,0.10613003604989635,0.009166666666666667,0.23397906450976358,0.3492757672263266,2.210724232773674,0.8908513227417729,392.4459032548851,1,0.0
P03,P03_G004_A00,P03_G004,M004,R319278_2547659_325,714.9294036153034,1480.6790692836205,765.7496656683171,4.339439019067143,19.131380049277865,4.339439019067143,194.94590325488508,211.39000878467027,30.0,0.11057556604603833,0.009166666666666667,0.23397906450976358,0.3537212972224686,2.206278702777532,0.8894620946179785,404.9459032548851,1,0.0
P03,P03_G004_A00,P03_G004,M004,R319278_2547659_375,714.9294036153034,1480.6790692836205,765.7496656683171,4.345679935652981,19.11312049345608,4.345679935652981,207.44590325488508,228.0566754513369,30.0,0.11502109604218029,0.009166666666666667,0.23397906450976358,0.35816682721861054,2.20183317278139,0.8880728664941842,417.4459032548851,1,0.0
P03,P03_G004_A00,P03_G004,M004,R319278_2547659_425,714.9294036153034,1480.6790692836205,765.7496656683171,4.3504256716352785,19.09045564946534,4.3504256716352785,219.94590325488508,244.7233421180036,30.0,0.11946662603832227,0.009166666666666667,0.23397906450976358,0.3626123572147525,2.197387642785248,0.8866836383703899,429.9459032548851,1,0.0
P03,P03_G004_A00,P03_G004,M004,R319278_2547659_475,714.9294036153034,1480.6790692836205,765.7496656683171,4.353671312586357,19.063454528509155,4.353671312586357,232.44590325488508,261.3900087846703,30.0,0.12391215603446425,0.009166666666666667,0.23397906450976358,0.3670578872108945,2.192942112789106,0.8852944102465955,442.4459032548851,1,0.0
P03,P03_G004_A00,P03_G004,M004,R319278_2547779_195,714.9294036153034,1480.6790692836205,765.7496656683171,4.285557763126263,8.709604879527774,4.285557763126263,218.52112291601424,224.13488329199077,30.0,0.11868886515848082,0.009166666666666667,0.23397906450976358,0.36183459633491105,2.1981654036650893,0.8869266886453403,428.52112291601424,1,0.0
P03,P03_G004_A00,P03_G004,M004,R319278_2547779_245,714.9294036153034,1480.6790692836205,765.7496656683171,4.295579969533023,8.703670165088283,4.295579969533023,201.85445624934758,211.63488329199077,30.0,0.11424333516233884,0.009166666666666667,0.23397906450976358,0.3573890663387691,2.2026109336612314,0.8883159167691347,411.85445624934755,1,0.0
P03,P03_G004_A00,P03_G004,M004,R319278_2547779_295,714.9294036153034,1480.6790692836205,765.7496656683171,4.304137145264136,18.69365332986594,4.304137145264136,195.17059038427595,209.11768409358584,30.0,0.11284092565138551,0.009166666666666667,0.23397906450976358,0.3559866568278158,2.2040133431721847,0.8887541697413076,405.17059038427595,1,0.0
P03,P03_G004_A00,P03_G004,M004,R319278_2547779_345,714.9294036153034,1480.6790692836205,765.7496656683171,4.311220572914351,18.67958256204797,4.311220572914351,207.67059038427595,225.7843507602525,30.0,0.11728645564752749,0.009166666666666667,0.23397906450976358,0.3604321868239577,2.199567813176043,0.8873649416175132,417.67059038427595,1,0.0
P03,P03_G004_A00,P03_G004,M004,R319278_2547779_395,714.9294036153034,1480.6790692836205,765.7496656683171,4.316823006026226,18.66149720266904,4.316823006026226,220.17059038427595,242.45101742691918,30.0,0.12173198564366947,0.009166666666666667,0.23397906450976358,0.36487771682009973,2.195122283179901,0.8859757134937188,430.17059038427595,1,0.0
P03,P03_G004_A00,P03_G004,M004,R319278_2547779_445,714.9294036153034,1480.6790692836205,765.7496656683171,4.320938693655862,18.639447382376545,4.320938693655862,232.67059038427595,259.1176840935858,30.0,0.12617751563981144,0.009166666666666667,0.23397906450976358,0.3693232468162417,2.1906767531837588,0.8845864853699245,442.67059038427595,1,0.0
P03,P03_G004_A00,P03_G004,M004,R319278_2547899_214,714.9294036153034,1480.6790692836205,765.7496656683171,4.250596797809422,8.280202401063008,4.250596797809422,224.5780051951684,231.79997073065016,30.0,0.12336706577597698,0.009166666666666667,0.23397906450976358,0.36651279695240724,2.193487203047593,0.8854647509523728,434.57800519516843,1,0.0
P03,P03_G005_A00,P03_G005,M006,R319454_2546358_284,792.6092964510069,997.7900793828162,205.1807829318093,1.0967095026109064,24.973256244577627,1.0967095026109064,113.12809158068252,126.16821431220922,30.0,0.061195573784873156,0.009166666666666667,0.06269412811805285,0.1330563685695927,2.426943631430408,0.9584198848220022,323.1280915806825,1,0.0
P03,P03_G005_A00,P03_G005,M006,R319454_2546358_334,792.6092964510069,997.7900793828162,205.1807829318093,1.0967523007743978,24.91755472181609,1.0967523007743978,125.62809158068252,142.8348809788759,30.0,0.06564110378101513,0.009166666666666667,0.06269412811805285,0.13750189856573464,2.422498101434266,0.957030656698208,335.6280915806825,1,0.0
P03,P03_G005_A00,P03_G005,M006,R319454_2546358_384,792.6092964510069,997.7900793828162,205.1807829318093,1.0960841793100542,24.84567019650531,1.0960841793100542,138.1280915806825,159.50154764554253,30.0,0.07008663377715711,0.009166666666666667,0.06269412811805285,0.14194742856187664,2.418052571438124,0.9556414285744136,348.1280915806825,1,0.0
P03,P03_G005_A00,P03_G005,M006,R319454_2546358_434,792.6092964510069,997.7900793828162,205.1807829318093,1.094705466236178,24.758404383329975,1.094705466236178,150.6280915806825,176.16821431220922,30.0,0.07453216377329908,0.009166666666666667,0.06269412811805285,0.1463929585580186,2.413607041441982,0.9542522004506192,360.6280915806825,1,0.0
P03,P03_G005_A00,P03_G005,M006,R319454_2546358_484,792.6092964510069,997.7900793828162,205.1807829318093,1.0926168380683094,24.65668966732376,1.0926168380683094,163.1280915806825,192.8348809788759,30.0,0.07897769376944105,0.009166666666666667,0.06269412811805285,0.15083848855416057,2.40916151144584,0.9528629723268248,373.1280915806825,1,0.0
P03,P03_G005_A00,P03_G005,M006,R319454_2546478_325,792.6092964510069,997.7900793828162,205.1807829318093,1.2783004263806248,24.27081329978661,1.2783004263806248,129.33162053594862,145.78358434210097,30.0,0.06864865237691911,0.009166666666666667,0.06269412811805285,0.14050944716163863,2.419490552838362,0.9560907977619879,339.3316205359486,1,0.0
P03,P03_G005_A00,P03_G005,M006,R319454_2546478_375,792.6092964510069,997.7900793828162,205.1807829318093,1.2777380627704105,24.211441906087174,1.2777380627704105,141.83162053594862,162.45025100876762,30.0,0.07309418237306109,0.009166666666666667,0.06269412811805285,0.1449549771577806,2.41504502284222,0.9547015696381935,351.8316205359486,1,0.0
P03,P03_G005_A00,P03_G005,M006,R319454_2546478_425,792.6092964510069,997.7900793828162,205.1807829318093,1.2764347052300593,24.138524716426133,1.2764347052300593,154.33162053594862,179.1169176754343,30.0,0.07753971236920307,0.009166666666666667,0.06269412811805285,0.14940050715392258,2.410599492846078,0.9533123415143991,364.3316205359486,1,0.0
P03,P03_G005_A00,P03_G005,M006,R319454_2546478_475,792.6092964510069,997.7900793828162,205.1807829318093,1.2743910206569922,24.05274612564945,1.2743910206569922,166.83162053594862,195.78358434210097,30.0,0.08198524236534503,0.009166666666666667,0.06269412811805285,0.15384603715006456,2.406153962849936,0.9519231133906049,376.8316205359486,1,0.0
P03,P03_G005_A00,P03_G005,M006,R319454_2546598_342,792.6092964510069,997.7900793828162,205.1807829318093,1.4631513614319829,23.609587880424314,1.4631513614319829,139.85170956901027,157.71116188020818,30.0,0.07417382183734395,0.009166666666666667,0.06269412811805285,0.14603461662206346,2.413965383377937,0.9543641823056052,349.85170956901027,1,0.0
P03,P03_G005_A00,P03_G005,M006,R319454_2546598_392,792.6092964510069,997.7900793828162,205.1807829318093,1.4623032845762651,23.55432105313818,1.4623032845762651,152.35170956901027,174.37782854687487,30.0,0.07861935183348592,0.009166666666666667,0.06269412811805285,0.15048014661820544,2.409519853381795,0.9529749541818108,362.35170956901027,1,0.0
P03,P03_G005_A00,P03_G005,M006,R319454_2546598_442,792.6092964510069,997.7900793828162,205.1807829318093,1.4606821878413285,23.487402478417522,1.4606821878413285,164.85170956901027,191.04449521354155,30.0,0.0830648818296279,0.009166666666666667,0.06269412811805285,0.15492567661434742,2.4050743233856533,0.9515857260580164,374.85170956901027,1,0.0
P03,P03_G006_A00,P03_G006,M007,R316647_2546854_345,2530.001633700186,2894.2311259847656,364.22949228457946,1.1487390911104853,8.251257392741962,1.1487390911104853,220.3464258078568,238.41565086482294,30.0,0.12375241283387954,0.009166666666666667,0.11129234486473262,0.24421142436527882,2.3157885756347216,0.9236839298858504,430.3464258078568,1,0.0
P03,P03_G006_A00,P03_G006,M007,R316647_2546854_395,2530.001633700186,2894.2311259847656,364.22949228457946,1.149139860577307,18.23490669111689,1.149139860577307,227.8462045554154,250.0820962790482,30.0,0.1266736936712735,0.009166666666666667,0.11129234486473262,0.24713270520267278,2.3128672947973277,0.9227710296241648,437.8462045554154,1,0.0
P03,P03_G006_A00,P03_G006,M007,R316647_2546854_445,2530.001633700186,2894.2311259847656,364.22949228457946,1.1488210608498832,18.214954161689747,1.1488210608498832,240.3462045554154,266.7487629457149,30.0,0.13111922366741552,0.009166666666666667,0.11129234486473262,0.2515782351988148,2.3084217648011855,0.9213818015003704,450.3462045554154,1,0.0
P03,P03_G006_A00,P03_G006,M007,R316647_2546854_495,2530.001633700186,2894.2311259847656,364.22949228457946,1.1477828503622334,18.191449504646357,1.1477828503622334,252.8462045554154,283.41542961238156,30.0,0.13556475366355747,0.009166666666666667,0.11129234486473262,0.25602376519495673,2.303976234805044,0.919992573376576,462.8462045554154,1,0.0
P03,P03_G006_A00,P03_G006,M007,R316647_2546854_545,2530.001633700186,2894.2311259847656,364.22949228457946,1.1460257448860887,18.16445058757124,1.1460257448860887,265.3462045554154,300.0820962790482,30.0,0.14001028365969945,0.009166666666666667,0.11129234486473262,0.26046929519109874,2.2995307048089018,0.9186033452527816,475.3462045554154,1,0.0
P03,P03_G006_A00,P03_G006,M007,R316647_2546974_311,2530.001633700186,2894.2311259847656,364.22949228457946,1.1701801577235074,8.025596176639823,1.1701801577235074,231.06662824775012,246.30579806789984,30.0,0.1280698449750067,0.009166666666666667,0.11129234486473262,0.248528856506406,2.3114711434935944,0.9223347323417481,441.06662824775015,1,0.0
P03,P03_G006_A00,P03_G006,M007,R316647_2546974_361,2530.001633700186,2894.2311259847656,364.22949228457946,1.1710741191903224,8.01244495163921,1.1710741191903224,223.78910393541287,243.19494042222925,30.0,0.1264864667942397,0.009166666666666667,0.11129234486473262,0.24694547832563896,2.3130545216743617,0.9228295380232379,433.78910393541287,1,0.0
P03,P03_G006_A00,P03_G006,M007,R316647_2546974_411,2530.001633700186,2894.2311259847656,364.22949228457946,1.1712449330767072,17.99585057097427,1.1712449330767072,236.28910393541287,259.86160708889594,30.0,0.13093199679038167,0.009166666666666667,0.11129234486473262,0.25139100832178096,2.3086089916782195,0.9214403098994435,446.28910393541287,1,0.0
P03,P03_G006_A00,P03_G006,M007,R316647_2546974_461,2530.001633700186,2894.2311259847656,364.22949228457946,1.170692514057336,17.975852503487488,1.170692514057336,248.78910393541287,276.5282737555626,30.0,0.13537752678652365,0.009166666666666667,0.11129234486473262,0.2558365383179229,2.3041634616820774,0.9200510817756491,458.78910393541287,1,0.0
P03,P03_G006_A00,P03_G006,M007,R316647_2546974_511,2530.001633700186,2894.2311259847656,364.22949228457946,1.1694171380494254,17.952497847774637,1.1694171380494254,261.28910393541287,293.19494042222925,30.0,0.13982305678266563,0.009166666666666667,0.11129234486473262,0.2602820683140649,2.2997179316859357,0.9186618536518547,471.28910393541287,1,0.0
P03,P03_G006_A00,P03_G006,M007,R316647_2546974_561,2530.001633700186,2894.2311259847656,364.22949228457946,1.1674194417535375,17.925840969649727,1.1674194417535375,273.78910393541287,309.86160708889594,30.0,0.1442685867788076,0.009166666666666667,0.11129234486473262,0.26472759831020687,2.2952724016897936,0.9172726255280603,483.78910393541287,1,0.0
P03,P03_G006_A00,P03_G006,M007,R316647_2547094_337,2530.001633700186,2894.2311259847656,364.22949228457946,1.1887957956484314,7.7776574000608605,1.1887957956484314,222.56523733190068,239.9985421821611,30.0,0.12738069000243024,0.009166666666666667,0.11129234486473262,0.2478397015338295,2.312160298466171,0.9225500932706783,432.5652373319007,1,0.0
P03,P03_G007_A00,P03_G007,M009,R318467_2547712_451,836.8733598094886,1789.3170636205425,952.4437038110539,0.7427557869190764,19.14510928011677,0.7427557869190764,225.3953732485803,252.37745154651324,30.0,0.12107486272805465,0.009166666666666667,0.2910244650533776,0.42126599444809887,2.1387340055519015,0.8683543767349691,435.3953732485803,1,0.0
P03,P03_G007_A00,P03_G007,M009,R318467_2547832_438,836.8733598094886,1789.3170636205425,952.4437038110539,0.9194446280559276,18.694054251201237,0.9194446280559276,230.0642409043311,255.94894523986167,30.0,0.12499023236356828,0.009166666666666667,0.2910244650533776,0.4251813640836125,2.134818635916388,0.8671308237238711,440.0642409043311,1,0.0
P03,P03_G007_A00,P03_G007,M009,R318467_2547832_488,836.8733598094886,1789.3170636205425,952.4437038110539,0.9182106933122327,18.668321596920464,0.9182106933122327,242.5642409043311,272.61561190652833,30.0,0.12943576235971027,0.009166666666666667,0.2910244650533776,0.4296268940797545,2.130373105920246,0.8657415956000767,452.5642409043311,1,0.0
P03,P03_G007_A00,P03_G007,M009,R318467_2547952_309,836.8733598094886,1789.3170636205425,952.4437038110539,0.8700091158506496,18.30169404007607,0.8700091158506496,205.742552870591,220.8650705199237,30.0,0.11859643090465183,0.009166666666666667,0.2910244650533776,0.4187875626246961,2.1412124373753043,0.8691288866797825,415.742552870591,1,0.0
P03,P03_G007_A00,P03_G007,M009,R318467_2547952_359,836.8733598094886,1789.3170636205425,952.4437038110539,0.8728061833988221,18.287785228087344,0.8728061833988221,218.242552870591,237.53173718659036,30.0,0.12304196090079379,0.009166666666666667,0.2910244650533776,0.4232330926208381,2.1367669073791626,0.8677396585559881,428.242552870591,1,0.0
P03,P03_G007_A00,P03_G007,M009,R318467_2547952_409,836.8733598094886,1789.3170636205425,952.4437038110539,0.874929431959913,18.270210737840586,0.874929431959913,230.742552870591,254.19840385325705,30.0,0.12748749089693578,0.009166666666666667,0.2910244650533776,0.42767862261698003,2.1323213773830205,0.8663504304321937,440.742552870591,1,0.0
P03,P03_G007_A00,P03_G007,M009,R318467_2547952_459,836.8733598094886,1789.3170636205425,952.4437038110539,0.8763778720955457,18.249015069113327,0.8763778720955457,243.242552870591,270.8650705199237,30.0,0.13193302089307773,0.009166666666666667,0.2910244650533776,0.432124152613122,2.1278758473868784,0.8649612023083995,453.242552870591,1,0.0
P03,P03_G007_A00,P03_G007,M009,R318467_2548072_285,836.8733598094886,1789.3170636205425,952.4437038110539,0.7774054158664399,17.887194802355054,0.7774054158664399,207.6987285587037,220.8172369612102,30.0,0.12154909556695027,0.009166666666666667,0.2910244650533776,0.42174022728699456,2.138259772713006,0.8682061789728142,417.6987285587037,1,0.0
P03,P03_G008_A00,P03_G008,M010,R314356_2549594_740,3872.674419072423,4713.107651000835,840.4332319284122,0.33038381808205486,0.45430012492889205,0.33038381808205486,547.7224457312177,598.7128286250978,30.0,0.30660524396013417,0.009166666666666667,0.25679904308923707,0.572570953716038,1.9874290462839626,0.8210715769637381,757.7224457312177,1,0.0
P03,P03_G009_A00,P03_G009,M011,R317418_2546444_506,4118.85190024332,4744.087057531303,625.2351572879825,0.7899415468424849,21.922296538672413,0.7899415468424849,197.8419226389069,229.38442574152737,30.0,0.09959609633745434,0.009166666666666667,0.19104407583799465,0.2998068388421157,2.260193161157885,0.9063103628618389,407.8419226389069,1,0.0
P03,P03_G009_A00,P03_G009,M011,R317418_2546564_497,4118.85190024332,4744.087057531303,625.2351572879825,0.8752582330718042,21.55770726852073,0.8752582330718042,200.3624496682985,231.14879203483494,30.0,0.10184897267197116,0.009166666666666667,0.19104407583799465,0.3020597151766325,2.257940284823368,0.9056063390073024,410.3624496682985,1,0.0
P03,P03_G009_A00,P03_G009,M011,R317418_2546564_547,4118.85190024332,4744.087057531303,625.2351572879825,0.873237940343472,21.49890261517355,0.873237940343472,212.8624496682985,247.8154587015016,30.0,0.10629450266811313,0.009166666666666667,0.19104407583799465,0.30650524517277444,2.253494754827226,0.904217110883508,422.8624496682985,1,0.0
P03,P03_G009_A00,P03_G009,M011,R317418_2546684_432,4118.85190024332,4744.087057531303,625.2351572879825,0.9596410031985556,21.23008588389706,0.9596410031985556,189.27674754664497,214.65035492782988,30.0,0.09936585530558718,0.009166666666666667,0.19104407583799465,0.2995765978102485,2.260423402189752,0.9063823131842974,399.27674754664497,1,0.0
P03,P03_G009_A00,P03_G009,M011,R317418_2546684_482,4118.85190024332,4744.087057531303,625.2351572879825,0.9584756382717359,21.184942567054108,0.9584756382717359,201.77674754664497,231.31702159449654,30.0,0.10381138530172916,0.009166666666666667,0.19104407583799465,0.3040221278063905,2.25597787219361,0.904993085060503,411.77674754664497,1,0.0
P03,P03_G009_A00,P03_G009,M011,R317418_2546684_532,4118.85190024332,4744.087057531303,625.2351572879825,0.956622134336115,21.13308830423307,0.956622134336115,214.27674754664497,247.9836882611632,30.0,0.10825691529787114,0.009166666666666667,0.19104407583799465,0.3084676578025325,2.251532342197468,0.9036038569367086,424.27674754664497,1,0.0
P03,P03_G010_A00,P03_G010,M012,R313597_2549140_722,5944.660060878543,6532.076664992321,587.4166041137778,1.1285931256015118,0.02697066595830222,0.02697066595830222,563.4972144032131,613.0086493397365,30.0,0.3179402888393461,0.009166666666666667,0.17948840681254322,0.506595362318556,2.0534046376814445,0.8416889492754512,773.4972144032131,1,0.0
P03,P03_G010_A00,P03_G010,M012,R313717_2548900_664,5944.660060878543,6532.076664992321,587.4166041137778,1.4604672488157746,0.365836005255062,0.365836005255062,533.3106765870443,577.980769869108,30.0,0.30276832431446593,0.009166666666666667,0.17948840681254322,0.49142339779367583,2.0685766022063246,0.8464301881894764,743.3106765870443,1,0.0
P03,P03_G010_A00,P03_G010,M012,R313717_2548900_714,5944.660060878543,6532.076664992321,587.4166041137778,1.4545753049156929,10.359339260709504,1.4545753049156929,545.8106765870443,594.6474365357748,30.0,0.3072138543106079,0.009166666666666667,0.17948840681254322,0.4958689277898177,2.064131072210183,0.845040960065682,755.8106765870443,1,0.0
P03,P03_G010_A00,P03_G010,M012,R313717_2549020_713,5944.660060878543,6532.076664992321,587.4166041137778,1.3809291894178841,0.26245587642645773,0.26245587642645773,550.2623030601571,599.07618499782,30.0,0.31007738935070767,0.009166666666666667,0.17948840681254322,0.49873246282991757,2.061267537170083,0.8441461053656507,760.2623030601571,1,0.0
P03,P03_G010_A00,P03_G010,M012,R313717_2549020_763,5944.660060878543,6532.076664992321,587.4166041137778,1.3743902883325347,0.2555292474345805,0.2555292474345805,562.7623030601571,615.7428516644866,30.0,0.3145229193468496,0.009166666666666667,0.17948840681254322,0.5031779928260595,2.056822007173941,0.8427568772418564,772.7623030601571,1,0.0
P03,P03_G011_A00,P03_G011,M013,R320355_2548088_295,745.855314875907,1292.9711443375293,547.1158294616223,1.2985627939715414,6.2989700193466405,1.2985627939715414,263.33121474864316,277.2421336837831,30.0,0.1499322091164505,0.009166666666666667,0.1671742812243846,0.32627315700750176,2.233726842992499,0.8980396384351557,473.33121474864316,1,0.0
P03,P03_G011_A00,P03_G011,M013,R320355_2548088_345,745.855314875907,1292.9711443375293,547.1158294616223,1.2993564880832764,16.290878065555617,1.2993564880832764,256.41354735972715,274.49113296153376,30.0,0.14845852840407586,0.009166666666666667,0.1671742812243846,0.3247994762951271,2.2352005237048735,0.8985001636577727,466.41354735972715,1,0.0
P03,P03_G011_A00,P03_G011,M013,R320355_2548088_395,745.855314875907,1292.9711443375293,547.1158294616223,1.2994053301743094,16.280455098333533,1.2994053301743094,268.91354735972715,291.15779962820045,30.0,0.15290405840021784,0.009166666666666667,0.1671742812243846,0.32924500629126907,2.2307549937087314,0.8971109355339784,478.91354735972715,1,0.0
P03,P03_G011_A00,P03_G011,M013,R320355_2548088_445,745.855314875907,1292.9711443375293,547.1158294616223,1.2987092951158985,16.26771789587427,1.2987092951158985,281.41354735972715,307.8244662948671,30.0,0.15734958839635982,0.009166666666666667,0.1671742812243846,0.3336905362874111,2.2263094637125893,0.8957217074101841,491.41354735972715,1,0.0
P03,P03_G011_A00,P03_G011,M013,R320355_2548088_495,745.855314875907,1292.9711443375293,547.1158294616223,1.297268740949022,16.252686834440453,1.297268740949022,293.91354735972715,324.49113296153376,30.0,0.16179511839250177,0.009166666666666667,0.1671742812243846,0.338136066283553,2.2218639337164476,0.8943324792863897,503.91354735972715,1,0.0
P03,P03_G011_A00,P03_G011,M013,R320355_2548208_325,745.855314875907,1292.9711443375293,547.1158294616223,1.455118362763713,6.011101639096182,1.455118362763713,263.9582527532535,280.3662089401838,30.0,0.15275061833241474,0.009166666666666667,0.1671742812243846,0.329091566223466,2.2309084337765346,0.8971588855551669,473.9582527532535,1,0.0
P03,P03_G011_A00,P03_G011,M013,R320355_2548208_375,745.855314875907,1292.9711443375293,547.1158294616223,1.4554784027864116,16.00220965111248,1.4554784027864116,270.63016208552887,291.2047849391259,30.0,0.1554195344851095,0.009166666666666667,0.1671742812243846,0.33176048237616074,2.2282395176238396,0.8963248492574498,480.63016208552887,1,0.0
P03,P03_G011_A00,P03_G011,M013,R320355_2548208_425,745.855314875907,1292.9711443375293,547.1158294616223,1.4550662864588304,15.991141003159768,1.4550662864588304,283.13016208552887,307.8714516057926,30.0,0.15986506448125148,0.009166666666666667,0.1671742812243846,0.33620601237230274,2.2237939876276975,0.8949356211336554,493.13016208552887,1,0.0
P03,P03_G011_A00,P03_G011,M013,R320355_2548208_475,745.855314875907,1292.9711443375293,547.1158294616223,1.4538822335512123,15.977912341876689,1.4538822335512123,295.63016208552887,324.5381182724592,30.0,0.16431059447739346,0.009166666666666667,0.1671742812243846,0.34065154236844475,2.219348457631556,0.893546393009861,505.63016208552887,1,0.0
P03,P03_G011_A00,P03_G011,M013,R320355_2548328_322,745.855314875907,1292.9711443375293,547.1158294616223,1.4392812443471854,5.733538308029566,1.4392812443471854,264.411532127116,280.6424380414226,30.0,0.15513754861993348,0.009166666666666667,0.1671742812243846,0.3314784965109847,2.2285215034890156,0.8964129698403173,474.411532127116,1,0.0
P03,P03_G011_A00,P03_G011,M013,R320355_2548328_372,745.855314875907,1292.9711443375293,547.1158294616223,1.4428779227409905,15.725284012603666,1.4428779227409905,276.911532127116,297.3091047080893,30.0,0.15958307861607546,0.009166666666666667,0.1671742812243846,0.3359240265071267,2.224075973492874,0.8950237417165229,486.911532127116,1,0.0
P03,P03_G011_A00,P03_G011,M013,R320355_2548328_422,745.855314875907,1292.9711443375293,547.1158294616223,1.4457070584982432,15.714985797195737,1.4457070584982432,289.411532127116,313.97577137475594,30.0,0.16402860861221744,0.009166666666666667,0.1671742812243846,0.3403695565032687,2.2196304434967318,0.8936345135927285,499.411532127116,1,0.0
P03,P03_G012_A00,P03_G012,M014,R316843_2548231_396,5916.316932530872,5937.259987389667,20.94305485879522,3.877851393515101,5.686957833296347,3.877851393515101,283.52010664665187,305.8382661315151,30.0,0.1621732249548244,0.009166666666666667,0.006399266762409652,0.1777391583839007,2.3822608416161,0.9444565130050311,493.52010664665187,1,0.0
P03,P03_G012_A00,P03_G012,M014,R316843_2548231_446,5916.316932530872,5937.259987389667,20.94305485879522,3.8813990502624165,5.675809295371721,3.8813990502624165,296.02010664665187,322.5049327981818,30.0,0.16661875495096634,0.009166666666666667,0.006399266762409652,0.18218468838004265,2.377815311619958,0.9430672848812367,506.02010664665187,1,0.0
P03,P03_G012_A00,P03_G012,M014,R316843_2548231_496,5916.316932530872,5937.259987389667,20.94305485879522,3.883598766437288,5.662654398735327,3.883598766437288,308.52010664665187,339.17159946484844,30.0,0.17106428494710835,0.009166666666666667,0.006399266762409652,0.18663021837618465,2.3733697816238157,0.9416780567574423,518.5201066466518,1,0.0
P03,P03_G012_A00,P03_G012,M014,R316843_2548231_546,5916.316932530872,5937.259987389667,20.94305485879522,3.8844484920274454,15.647511408683869,3.8844484920274454,321.02010664665187,355.8382661315151,30.0,0.1755098149432503,0.009166666666666667,0.006399266762409652,0.1910757483723266,2.368924251627674,0.9402888286336479,531.0201066466518,1,0.0
P03,P03_G012_A00,P03_G012,M014,R316843_2548231_596,5916.316932530872,5937.259987389667,20.94305485879522,3.8839474344875384,15.630401191470071,3.8839474344875384,333.52010664665187,372.5049327981818,30.0,0.17995534493939228,0.009166666666666667,0.006399266762409652,0.19552127836846858,2.364478721631532,0.9388996005098535,543.5201066466518,1,0.0
P03,P03_G012_A00,P03_G012,M014,R316843_2548351_397,5916.316932530872,5937.259987389667,20.94305485879522,3.917533863307412,5.426166001173911,3.917533863307412,290.4501766606623,312.86739366098783,30.0,0.1665165966055478,0.009166666666666667,0.006399266762409652,0.1820825300346241,2.3779174699653765,0.94309920936418,500.4501766606623,1,0.0
P03,P03_G012_A00,P03_G012,M014,R316843_2548351_447,5916.316932530872,5937.259987389667,20.94305485879522,3.921081709686433,5.41562074691457,3.921081709686433,302.9501766606623,329.5340603276545,30.0,0.17096212660168977,0.009166666666666667,0.006399266762409652,0.18652806003076608,2.3734719399692343,0.9417099812403856,512.9501766606622,1,0.0
P03,P03_G012_A00,P03_G012,M014,R316843_2548351_497,5916.316932530872,5937.259987389667,20.94305485879522,3.9232692181282687,15.40318417302312,3.9232692181282687,315.4501766606623,346.20072699432114,30.0,0.17540765659783175,0.009166666666666667,0.006399266762409652,0.19097359002690806,2.3690264099730927,0.9403207531165912,525.4501766606622,1,0.0
P03,P03_G012_A00,P03_G012,M014,R316843_2548351_547,5916.316932530872,5937.259987389667,20.94305485879522,3.924094331270652,15.388872556019294,3.924094331270652,327.9501766606623,362.86739366098783,30.0,0.17985318659397373,0.009166666666666667,0.006399266762409652,0.19541912002305004,2.3645808799769505,0.9389315249927969,537.9501766606622,1,0.0
P03,P03_G012_A00,P03_G012,M014,R316843_2548471_434,5916.316932530872,5937.259987389667,20.94305485879522,3.952363379461403,5.1626686326972475,3.952363379461403,306.4673547494988,331.9836572397332,30.0,0.1741163784636409,0.009166666666666667,0.006399266762409652,0.1896823118927172,2.370317688107283,0.9407242775335258,516.4673547494988,1,0.0
P03,P03_G012_A00,P03_G012,M014,R316843_2548471_484,5916.316932530872,5937.259987389667,20.94305485879522,3.9549184787086347,5.151398124472266,3.9549184787086347,318.9673547494988,348.6503239063998,30.0,0.17856190845978287,0.009166666666666667,0.006399266762409652,0.19412784188885918,2.3658721581111415,0.9393350494097316,528.9673547494988,1,0.0
P03,P03_G012_A00,P03_G012,M014,R316843_2548471_534,5916.316932530872,5937.259987389667,20.94305485879522,3.9561014968168706,15.138353346484294,3.9561014968168706,331.4673547494988,365.3169905730665,30.0,0.18300743845592485,0.009166666666666667,0.006399266762409652,0.19857337188500115,2.3614266281149994,0.9379458212859372,541.4673547494988,1,0.0
P03,P03_G013_A00,P03_G013,M014,R317118_2550000_544,5949.227447308978,6356.32155332256,407.09410601358195,4.995844779042642,12.45056667278017,4.995844779042642,418.2192341110554,452.9085204066283,30.0,0.23771876612520712,0.009166666666666667,0.12438986572637227,0.37127529851824603,2.1887247014817546,0.8839764692130481,628.2192341110554,1,0.0
P03,P03_G013_A00,P03_G013,M014,R317118_2550000_594,5949.227447308978,6356.32155332256,407.09410601358195,4.995046952406113,12.442393009787608,4.995046952406113,430.7192341110554,469.575187073295,30.0,0.2421642961213491,0.009166666666666667,0.12438986572637227,0.37572082851438804,2.1842791714856125,0.8825872410892537,640.7192341110554,1,0.0
P03,P03_G013_A00,P03_G013,M014,R317118_2550120_565,5949.227447308978,6356.32155332256,407.09410601358195,4.8689260009628725,12.242477427726968,4.8689260009628725,430.9118759589268,467.31375278998155,30.0,0.2443726982026339,0.009166666666666667,0.12438986572637227,0.37792923059567285,2.1820707694043278,0.8818971154388522,640.9118759589269,1,0.0
P03,P03_G013_A00,P03_G013,M014,R317118_2550120_615,5949.227447308978,6356.32155332256,407.09410601358195,4.86745480981034,12.234306078790638,4.86745480981034,443.4118759589268,483.9804194566482,30.0,0.24881822819877586,0.009166666666666667,0.12438986572637227,0.3823747605918148,2.1776252394081856,0.8805078873150579,653.4118759589269,1,0.0
P03,P03_G013_A00,P03_G013,M014,R317118_2550240_591,5949.227447308978,6356.32155332256,407.09410601358195,4.735683338426043,12.037692693429307,4.735683338426043,445.1877788138426,483.82299050410955,30.0,0.2515956611412738,0.009166666666666667,0.12438986572637227,0.38515219353431274,2.1748478064656878,0.8796399395205272,655.1877788138427,1,0.0
P03,P03_G013_A00,P03_G013,M014,R317118_2550240_641,5949.227447308978,6356.32155332256,407.09410601358195,4.73337610296403,12.029424972929434,4.73337610296403,457.6877788138426,500.48965717077624,30.0,0.25604119113741575,0.009166666666666667,0.12438986572637227,0.3895977235304547,2.1704022764695456,0.8782507113967329,667.6877788138427,1,0.0
P03,P03_G014_A00,P03_G014,M014,R316730_2547998_357,6368.289013241872,6389.232068100667,20.943054858794312,7.618081777508166,6.0194831627628105,6.0194831627628105,277.09771274073506,296.211315442558,30.0,0.1570562493971614,0.009166666666666667,0.006399266762409374,0.17262218282623742,2.387377817173763,0.9460555678668008,487.09771274073506,1,0.0
P03,P03_G014_A00,P03_G014,M014,R316730_2547998_407,6368.289013241872,6389.232068100667,20.943054858794312,7.614531021083309,6.009142997511702,6.009142997511702,278.4113952968874,301.691664665377,30.0,0.15809178329664114,0.009166666666666667,0.006399266762409374,0.17365771672571717,2.386342283274283,0.9457319635232134,488.4113952968874,1,0.0
P03,P03_G014_A00,P03_G014,M014,R316730_2547998_457,6368.289013241872,6389.232068100667,20.943054858794312,7.607798118296927,5.9966297877134735,5.9966297877134735,290.9113952968874,318.3583313320437,30.0,0.16253731329278312,0.009166666666666667,0.006399266762409374,0.17810324672185915,2.3818967532781414,0.944342735399419,500.9113952968874,1,0.0
P03,P03_G014_A00,P03_G014,M014,R316730_2547998_507,6368.289013241872,6389.232068100667,20.943054858794312,7.597897845457851,5.981962334569488,5.981962334569488,303.4113952968874,335.0249979987103,30.0,0.1669828432889251,0.009166666666666667,0.006399266762409374,0.18254877671800113,2.3774512232819993,0.9429535072756247,513.4113952968873,1,0.0
P03,P03_G014_A00,P03_G014,M014,R316730_2547998_557,6368.289013241872,6389.232068100667,20.943054858794312,7.5848518333048816,5.96516251553787,5.96516251553787,315.9113952968874,351.691664665377,30.0,0.17142837328506708,0.009166666666666667,0.006399266762409374,0.1869943067141431,2.373005693285857,0.9415642791518303,525.9113952968873,1,0.0
P03,P03_G014_A00,P03_G014,M014,R316730_2547998_607,6368.289013241872,6389.232068100667,20.943054858794312,7.568688410447109,15.946255177330485,7.568688410447109,328.4113952968874,368.3583313320437,30.0,0.17587390328120905,0.009166666666666667,0.006399266762409374,0.19143983671028508,2.3685601632897155,0.9401750510280359,538.4113952968873,1,0.0
P03,P03_G014_A00,P03_G014,M014,R316730_2548118_344,6368.289013241872,6389.232068100667,20.943054858794312,7.594039468220615,5.764283994708023,5.764283994708023,288.0805976884863,306.09735539926106,30.0,0.16234210482177322,0.009166666666666667,0.006399266762409374,0.17790803825084925,2.3820919617491514,0.9444037380466096,498.0805976884863,1,0.0
P03,P03_G014_A00,P03_G014,M014,R316730_2548118_394,6368.289013241872,6389.232068100667,20.943054858794312,7.596189526324352,5.755080300181845,5.755080300181845,281.42241999480143,303.6058443722428,30.0,0.16094752599903328,0.009166666666666667,0.006399266762409374,0.1765134594281093,2.3834865405718912,0.9448395439287158,491.42241999480143,1,0.0
P03,P03_G014_A00,P03_G014,M014,R316730_2548118_444,6368.289013241872,6389.232068100667,20.943054858794312,7.595164857277879,5.743822766339562,5.743822766339562,293.92241999480143,320.2725110389095,30.0,0.1653930559951753,0.009166666666666667,0.006399266762409374,0.18095898942425132,2.379041010575749,0.9434503158049214,503.92241999480143,1,0.0
P03,P03_G014_A00,P03_G014,M014,R316730_2548118_494,6368.289013241872,6389.232068100667,20.943054858794312,7.590967706646438,5.730527374357081,5.730527374357081,306.42241999480143,336.9391777055762,30.0,0.16983858599131724,0.009166666666666667,0.006399266762409374,0.18540451942039327,2.3745954805796075,0.9420610876811271,516.4224199948014,1,0.0
P03,P03_G014_A00,P03_G014,M014,R316730_2548118_544,6368.289013241872,6389.232068100667,20.943054858794312,7.583607259617395,5.715212874155043,5.715212874155043,318.92241999480143,353.6058443722428,30.0,0.17428411598745921,0.009166666666666667,0.006399266762409374,0.18985004941653524,2.3701499505834653,0.9406718595573328,528.9224199948014,1,0.0
P03,P03_G014_A00,P03_G014,M014,R316730_2548118_594,6368.289013241872,6389.232068100667,20.943054858794312,7.573099574150689,15.697900697510477,7.573099574150689,331.42241999480143,370.2725110389095,30.0,0.1787296459836012,0.009166666666666667,0.006399266762409374,0.19429557941267722,2.365704420587323,0.9392826314335384,541.4224199948014,1,0.0
P03,P03_G015_A00,P03_G015,M017,R317583_2547634_446,2986.7251051508374,3887.383813177553,900.6587080267154,6.126505249526673,18.44575435335753,6.126505249526673,236.44457446493232,262.9810948506745,30.0,0.1285126827593662,0.009166666666666667,0.27520127189705196,0.4128806213230848,2.1471193786769156,0.8709748058365361,446.4445744649323,1,0.0
P03,P03_G015_A00,P03_G015,M017,R317583_2547634_496,2986.7251051508374,3887.383813177553,900.6587080267154,6.119168589126517,18.420846996772667,6.119168589126517,248.94457446493232,279.64776151734117,30.0,0.13295821275550818,0.009166666666666667,0.27520127189705196,0.4173261513192268,2.142673848680774,0.8695855777127417,458.9445744649323,1,0.0
P03,P03_G015_A00,P03_G015,M017,R317583_2547634_546,2986.7251051508374,3887.383813177553,900.6587080267154,6.109588772687189,18.392265797779956,6.109588772687189,261.4445744649323,296.31442818400785,30.0,0.13740374275165013,0.009166666666666667,0.27520127189705196,0.42177168131536874,2.138228318684632,0.8681963495889473,471.4445744649323,1,0.0
P03,P03_G015_A00,P03_G015,M017,R317703_2547514_420,2986.7251051508374,3887.383813177553,900.6587080267154,6.237188308831577,19.06727124760397,6.237188308831577,219.006133308168,243.3231051506159,30.0,0.11925749446224154,0.009166666666666667,0.27520127189705196,0.40362543302596016,2.15637456697404,0.8738670521793874,429.006133308168,1,0.0
P03,P03_G015_A00,P03_G015,M017,R317703_2547514_470,2986.7251051508374,3887.383813177553,900.6587080267154,6.230897468381102,19.04090282887431,6.230897468381102,231.506133308168,259.98977181728253,30.0,0.12370302445838352,0.009166666666666667,0.27520127189705196,0.4080709630221021,2.1519290369778985,0.872477824055593,441.506133308168,1,0.0
P03,P03_G015_A00,P03_G015,M017,R317703_2547514_520,2986.7251051508374,3887.383813177553,900.6587080267154,6.222300878384246,19.010293810462016,6.222300878384246,244.006133308168,276.6564384839492,30.0,0.1281485544545255,0.009166666666666667,0.27520127189705196,0.4125164930182441,2.1474835069817564,0.8710885959317987,454.006133308168,1,0.0
P03,P03_G015_A00,P03_G015,M017,R317703_2547634_447,2986.7251051508374,3887.383813177553,900.6587080267154,6.419357386364936,18.643258044432002,6.419357386364936,233.0082008072962,259.595473197026,30.0,0.12627409583058433,0.009166666666666667,0.27520127189705196,0.4106420343943029,2.149357965605698,0.8716743642517804,443.0082008072962,1,0.0
P03,P03_G015_A00,P03_G015,M017,R317703_2547634_497,2986.7251051508374,3887.383813177553,900.6587080267154,6.411479959717951,18.617146369740098,6.411479959717951,245.5082008072962,276.2621398636927,30.0,0.1307196258267263,0.009166666666666667,0.27520127189705196,0.4150875643904449,2.1449124356095557,0.870285136127986,455.5082008072962,1,0.0
P03,P03_G015_A00,P03_G015,M017,R317703_2547634_547,2986.7251051508374,3887.383813177553,900.6587080267154,6.4012045703672555,18.587199618051372,6.4012045703672555,258.0082008072962,292.92880653035934,30.0,0.13516515582286825,0.009166666666666667,0.27520127189705196,0.41953309438658687,2.1404669056134136,0.8688959080041916,468.0082008072962,1,0.0
P03,P03_G016_A00,P03_G016,M019,R315837_2548257_450,5123.593339776678,6119.514573210624,995.9212334339463,0.11115820295812284,4.0398924496574296,0.11115820295812284,342.2763535596829,369.11138417898627,30.0,0.1958737745874085,0.009166666666666667,0.3043092657714836,0.5093497070255588,2.0506502929744417,0.8408282165545129,552.2763535596829,1,0.0
P03,P03_G016_A00,P03_G016,M019,R315837_2548257_500,5123.593339776678,6119.514573210624,995.9212334339463,0.10946087759289469,4.030744718871063,0.10946087759289469,354.7763535596829,385.77805084565296,30.0,0.2003193045835505,0.009166666666666667,0.3043092657714836,0.5137952370217007,2.0462047629782996,0.8394389884307185,564.7763535596829,1,0.0
P03,P03_G016_A00,P03_G016,M019,R315837_2548257_550,5123.593339776678,6119.514573210624,995.9212334339463,0.10719807392507619,4.020222196769495,0.10719807392507619,367.2763535596829,402.4447175123196,30.0,0.20476483457969247,0.009166666666666667,0.3043092657714836,0.5182407670178427,2.041759232982158,0.8380497603069241,577.2763535596829,1,0.0
P03,P03_G016_A00,P03_G016,M019,R315837_2548257_600,5123.593339776678,6119.514573210624,995.9212334339463,0.10437067571365333,4.008334900033518,0.10437067571365333,379.7763535596829,419.1113841789863,30.0,0.20921036457583442,0.009166666666666667,0.3043092657714836,0.5226862970139847,2.0373137029860158,0.8366605321831297,589.7763535596829,1,0.0
P03,P03_G016_A00,P03_G016,M019,R315837_2548257_650,5123.593339776678,6119.514573210624,995.9212334339463,0.10097978571626243,3.995094076488499,0.10097978571626243,392.2763535596829,435.77805084565296,30.0,0.2136558945719764,0.009166666666666667,0.3043092657714836,0.5271318270101266,2.0328681729898737,0.8352713040593355,602.2763535596829,1,0.0
P03,P03_G016_A00,P03_G016,M019,R315837_2548377_471,5123.593339776678,6119.514573210624,995.9212334339463,0.24605254694249368,3.854642373107083,0.24605254694249368,353.09916814168594,381.6862180074086,30.0,0.20129959066869063,0.009166666666666667,0.3043092657714836,0.5147755231068409,2.04522447689316,0.8391326490291122,563.0991681416859,1,0.0
P03,P03_G016_A00,P03_G016,M019,R315837_2548377_521,5123.593339776678,6119.514573210624,995.9212334339463,0.24405601932193122,3.845313280765069,0.24405601932193122,365.59916814168594,398.3528846740753,30.0,0.20574512066483258,0.009166666666666667,0.3043092657714836,0.5192210531029828,2.0407789468970177,0.8377434209053178,575.5991681416859,1,0.0
P03,P03_G016_A00,P03_G016,M019,R315837_2548377_571,5123.593339776678,6119.514573210624,995.9212334339463,0.2414764887243308,3.8346684806978573,0.2414764887243308,378.09916814168594,415.01955134074194,30.0,0.2101906506609746,0.009166666666666667,0.3043092657714836,0.5236665830991248,2.0363334169008755,0.8363541927815235,588.0991681416859,1,0.0
P03,P03_G016_A00,P03_G016,M019,R315837_2548377_621,5123.593339776678,6119.514573210624,995.9212334339463,0.23831499390362865,3.822717674289507,0.23831499390362865,390.59916814168594,431.68621800740857,30.0,0.21463618065711654,0.009166666666666667,0.3043092657714836,0.5281121130952668,2.031887886904734,0.8349649646577291,600.5991681416859,1,0.0
P03,P03_G016_A00,P03_G016,M019,R315837_2548377_671,5123.593339776678,6119.514573210624,995.9212334339463,0.23457280600342756,3.8094716871601975,0.23457280600342756,403.09916814168594,448.35288467407526,30.0,0.21908171065325852,0.009166666666666667,0.3043092657714836,0.5325576430914087,2.0274423569085918,0.8335757365339348,613.0991681416859,1,0.0
P03,P03_G016_A00,P03_G016,M019,R315837_2548497_475,5123.593339776678,6119.514573210624,995.9212334339463,0.382340351358053,3.672272485340443,0.382340351358053,359.78542626847724,388.7053313588093,30.0,0.20528852647279563,0.009166666666666667,0.3043092657714836,0.5187644589109459,2.041235541089055,0.8378861065903294,569.7854262684773,1,0.0
P03,P03_G016_A00,P03_G016,M019,R315837_2548497_525,5123.593339776678,6119.514573210624,995.9212334339463,0.3802320334321223,3.6632240778284313,0.3802320334321223,372.28542626847724,405.37199802547593,30.0,0.2097340564689376,0.009166666666666667,0.3043092657714836,0.5232099889070878,2.0367900110929127,0.8364968784665351,582.2854262684773,1,0.0
P03,P03_G017_A00,P03_G017,M020,R316564_2547511_353,2502.56368944498,2923.5285106228607,420.9648211778808,6.5601697651136845,6.720084116703532,6.5601697651136845,248.61637070099954,267.37077642202814,30.0,0.14290187810434732,0.009166666666666667,0.12862813980435248,0.28069668457536645,2.279303315424634,0.912282286070198,458.61637070099954,1,0.0
P03,P03_G017_A00,P03_G017,M020,R316564_2547511_403,2502.56368944498,2923.5285106228607,420.9648211778808,6.55692451970414,6.708159443407126,6.55692451970414,261.11637070099954,284.03744308869483,30.0,0.1473474081004893,0.009166666666666667,0.12862813980435248,0.28514221457150846,2.274857785428492,0.9108930579464036,471.11637070099954,1,0.0
P03,P03_G017_A00,P03_G017,M020,R316564_2547511_453,2502.56368944498,2923.5285106228607,420.9648211778808,6.551184688451656,6.693687097091413,6.551184688451656,273.61637070099954,300.7041097553615,30.0,0.15179293809663127,0.009166666666666667,0.12862813980435248,0.2895877445676504,2.2704122554323503,0.9095038298226092,483.61637070099954,1,0.0
P03,P03_G017_A00,P03_G017,M020,R316564_2547511_503,2502.56368944498,2923.5285106228607,420.9648211778808,6.542960149821596,16.676692572779444,6.542960149821596,286.11637070099954,317.37077642202814,30.0,0.15623846809277325,0.009166666666666667,0.12862813980435248,0.29403327456379236,2.265966725436208,0.9081146016988149,496.11637070099954,1,0.0
P03,P03_G017_A00,P03_G017,M020,R316564_2547511_553,2502.56368944498,2923.5285106228607,420.9648211778808,6.532265005575539,16.65720555632791,6.532265005575539,298.61637070099954,334.03744308869483,30.0,0.16068399808891523,0.009166666666666667,0.12862813980435248,0.29847880455993436,2.261521195440066,0.9067253735750205,508.61637070099954,1,0.0
P03,P03_G017_A00,P03_G017,M020,R316564_2547631_376,2502.56368944498,2923.5285106228607,420.9648211778808,6.496479864735505,6.471069764274475,6.471069764274475,260.0402116809159,280.7669201566646,30.0,0.14852449968212222,0.009166666666666667,0.12862813980435248,0.2863193061531414,2.2736806938468592,0.9105252168271434,470.0402116809159,1,0.0
P03,P03_G017_A00,P03_G017,M020,R316564_2547631_426,2502.56368944498,2923.5285106228607,420.9648211778808,6.494019328651362,6.458651860519495,6.458651860519495,272.5402116809159,297.4335868233312,30.0,0.1529700296782642,0.009166666666666667,0.12862813980435248,0.29076483614928333,2.269235163850717,0.909135988703349,482.5402116809159,1,0.0
P03,P03_G017_A00,P03_G017,M020,R316564_2547631_476,2502.56368944498,2923.5285106228607,420.9648211778808,6.48909862974017,6.443833336361479,6.443833336361479,285.0402116809159,314.1002534899979,30.0,0.15741555967440618,0.009166666666666667,0.12862813980435248,0.2952103661454253,2.2647896338545754,0.9077467605795546,495.0402116809159,1,0.0
P03,P03_G017_A00,P03_G017,M020,R316564_2547631_526,2502.56368944498,2923.5285106228607,420.9648211778808,6.4817261200880125,6.426638804727617,6.426638804727617,297.5402116809159,330.7669201566646,30.0,0.16186108967054816,0.009166666666666667,0.12862813980435248,0.2996558961415673,2.2603441038584333,0.9063575324557602,507.5402116809159,1,0.0
P03,P03_G017_A00,P03_G017,M020,R316564_2547631_576,2502.56368944498,2923.5285106228607,420.9648211778808,6.471914272093841,16.4070965800601,6.471914272093841,310.0402116809159,347.4335868233312,30.0,0.16630661966669014,0.009166666666666667,0.12862813980435248,0.3041014261377093,2.255898573862291,0.9049683043319658,520.040211680916,1,0.0
P03,P03_G017_A00,P03_G017,M020,R316564_2547631_626,2502.56368944498,2923.5285106228607,420.9648211778808,6.459679608453584,16.38523852602286,6.459679608453584,322.5402116809159,364.1002534899979,30.0,0.1707521496628321,0.009166666666666667,0.12862813980435248,0.3085469561338512,2.2514530438661495,0.9035790762081715,532.540211680916,1,0.0
P03,P03_G017_A00,P03_G017,M020,R316564_2547751_419,2502.56368944498,2923.5285106228607,420.9648211778808,6.249172891838754,6.217201531246673,6.217201531246673,276.2689704950998,300.5144498245269,30.0,0.15590283489717693,0.009166666666666667,0.12862813980435248,0.2936976413681961,2.2663023586318043,0.9082194870724387,486.2689704950998,1,0.0
P03,P03_G018_A00,P03_G018,M021,R317680_2550980_343,5315.624044076422,6083.182395741032,767.5583516646102,1.112149923960061,1.1068677648688094,1.1068677648688094,424.82420600057543,442.7297004362037,30.0,0.25508747573912105,0.009166666666666667,0.23453171856418648,0.4987858609699742,2.0612141390300263,0.844129418446883,634.8242060005755,1,0.0
P03,P03_G018_A00,P03_G018,M021,R317680_2550980_393,5315.624044076422,6083.182395741032,767.5583516646102,1.111357093464889,1.1037352374651022,1.1037352374651022,433.99244305094976,456.0646041532447,30.0,0.25851736330331365,0.009166666666666667,0.23453171856418648,0.5022157485341667,2.0577842514658338,0.843057578583073,643.9924430509498,1,0.0
P03,P03_G018_A00,P03_G018,M021,R317680_2550980_443,5315.624044076422,6083.182395741032,767.5583516646102,1.1098512302658037,1.0998934239670035,1.0998934239670035,446.49244305094976,472.73127081991134,30.0,0.26296289329945566,0.009166666666666667,0.23453171856418648,0.5066612785303088,2.0533387214696917,0.8416683504592785,656.4924430509498,1,0.0
P03,P03_G018_A00,P03_G018,M021,R317680_2550980_493,5315.624044076422,6083.182395741032,767.5583516646102,1.1076330758035198,11.095344207053088,1.1076330758035198,458.99244305094976,489.39793748657803,30.0,0.2674084232955976,0.009166666666666667,0.23453171856418648,0.5111068085264507,2.0488931914735495,0.8402791223354842,668.9924430509498,1,0.0
P03,P03_G018_A00,P03_G018,M021,R317680_2550980_543,5315.624044076422,6083.182395741032,767.5583516646102,1.1047037211371418,11.090089811043441,1.1047037211371418,471.49244305094976,506.06460415324466,30.0,0.27185395329173956,0.009166666666666667,0.23453171856418648,0.5155523385225926,2.044447661477408,0.8388898942116898,681.4924430509498,1,0.0
P03,P03_G018_A00,P03_G018,M021,R317680_2551100_385,5315.624044076422,6083.182395741032,767.5583516646102,0.9276867121372874,0.9207407510092054,0.9207407510092054,439.8522090377792,461.25473436736905,30.0,0.2628301186287674,0.009166666666666667,0.23453171856418648,0.5065285038596206,2.05347149614038,0.8417098425438686,649.8522090377792,1,0.0
P03,P03_G018_A00,P03_G018,M021,R317680_2551100_435,5315.624044076422,6083.182395741032,767.5583516646102,0.9263530604224286,0.9171670181872571,0.9171670181872571,452.3522090377792,477.9214010340357,30.0,0.2672756486249094,0.009166666666666667,0.23453171856418648,0.5109740338557625,2.049025966144238,0.8403206144200742,662.3522090377792,1,0.0
P03,P03_G018_A00,P03_G018,M021,R317680_2551100_485,5315.624044076422,6083.182395741032,767.5583516646102,0.9243364659008506,10.912914666457482,0.9243364659008506,464.8522090377792,494.58806770070237,30.0,0.27172117862105133,0.009166666666666667,0.23453171856418648,0.5154195638519045,2.044580436148096,0.8389313862962798,674.8522090377792,1,0.0
P03,P03_G018_A00,P03_G018,M021,R317680_2551100_535,5315.624044076422,6083.182395741032,767.5583516646102,0.9216378796189986,10.907985690199268,0.9216378796189986,477.3522090377792,511.254734367369,30.0,0.2761667086171933,0.009166666666666667,0.23453171856418648,0.5198650938480465,2.040134906151954,0.8375421581724855,687.3522090377792,1,0.0
P03,P03_G018_A00,P03_G018,M021,R317680_2551220_385,5315.624044076422,6083.182395741032,767.5583516646102,0.7475233605413649,0.7408491512113784,0.7408491512113784,447.78603912408283,469.2084720871362,30.0,0.2678820382153788,0.009166666666666667,0.23453171856418648,0.511580423446232,2.0484195765537683,0.8401311176730525,657.7860391240829,1,0.0
P03,P03_G018_A00,P03_G018,M021,R317680_2551220_435,5315.624044076422,6083.182395741032,767.5583516646102,0.7462407608711317,0.7374172397227312,0.7374172397227312,460.28603912408283,485.8751387538029,30.0,0.27232756821152077,0.009166666666666667,0.23453171856418648,0.5160259534423739,2.0439740465576266,0.8387418895492582,670.2860391240829,1,0.0
P03,P03_G018_A00,P03_G018,M021,R317680_2551220_485,5315.624044076422,6083.182395741032,767.5583516646102,0.744302938478171,10.733334090549363,0.744302938478171,472.78603912408283,502.5418054204696,30.0,0.27677309820766277,0.009166666666666667,0.23453171856418648,0.5204714834385159,2.0395285165614845,0.8373526614254638,682.7860391240829,1,0.0
P03,P03_G019_A00,P03_G019,M022,R316735_2547787_348,7355.713579944701,7376.656634803497,20.94305485879522,3.747672698782452,6.489340994974725,3.747672698782452,282.4771202921848,300.8542041341444,30.0,0.15491173221069385,0.009166666666666667,0.006399266762409652,0.17047766563977015,2.3895223343602305,0.9467257294875718,492.4771202921848,1,0.0
P03,P03_G019_A00,P03_G019,M022,R316735_2547787_398,7355.713579944701,7376.656634803497,20.94305485879522,3.748261133301142,6.478254834226846,3.748261133301142,265.8104536255181,288.3542041341444,30.0,0.15046620221455187,0.009166666666666667,0.006399266762409652,0.16603213564362818,2.393967864356372,0.9481149576113662,475.8104536255181,1,0.0
P03,P03_G019_A00,P03_G019,M022,R316735_2547787_448,7355.713579944701,7376.656634803497,20.94305485879522,3.7475404767785108,6.46474911124217,3.7475404767785108,277.70926496585014,304.41968214114314,30.0,0.1547284680584725,0.009166666666666667,0.006399266762409652,0.17029440148754882,2.389705598512452,0.946782999535141,487.70926496585014,1,0.0
P03,P03_G019_A00,P03_G019,M022,R316735_2547787_498,7355.713579944701,7376.656634803497,20.94305485879522,3.7455113806551594,6.448846417903283,3.7455113806551594,290.20926496585014,321.08634880780977,30.0,0.1591739980546145,0.009166666666666667,0.006399266762409652,0.1747399314836908,2.3852600685163097,0.9453937714113466,500.20926496585014,1,0.0
P03,P03_G019_A00,P03_G019,M022,R316735_2547787_548,7355.713579944701,7376.656634803497,20.94305485879522,3.7421756777875004,16.43057314608778,3.7421756777875004,302.70926496585014,337.75301547447646,30.0,0.16361952805075647,0.009166666666666667,0.006399266762409652,0.17918546147983277,2.3808145385201676,0.9440045432875522,512.7092649658501,1,0.0
P03,P03_G019_A00,P03_G019,M022,R316735_2547787_598,7355.713579944701,7376.656634803497,20.94305485879522,3.7375363769351395,16.40995934418588,3.7375363769351395,315.20926496585014,354.4196821411431,30.0,0.16806505804689845,0.009166666666666667,0.006399266762409652,0.18363099147597475,2.376369008524026,0.9426153151637578,525.2092649658501,1,0.0
P03,P03_G019_A00,P03_G019,M022,R316735_2547907_364,7355.713579944701,7376.656634803497,20.94305485879522,3.632031684169391,6.223848356449025,3.632031684169391,274.9338487606496,294.59522418789567,30.0,0.1548424114567228,0.009166666666666667,0.006399266762409652,0.17040834488579912,2.3895916551142014,0.9467473922231878,484.9338487606496,1,0.0
P03,P03_G019_A00,P03_G019,M022,R316735_2547907_414,7355.713579944701,7376.656634803497,20.94305485879522,3.6322117465231685,6.212707026109655,3.6322117465231685,275.1521791439504,298.98022123786313,30.0,0.15554404220597964,0.009166666666666667,0.006399266762409652,0.17110997563505595,2.3888900243649447,0.946528132614045,485.1521791439504,1,0.0
P03,P03_G019_A00,P03_G019,M022,R316735_2547907_464,7355.713579944701,7376.656634803497,20.94305485879522,3.6311172799159976,6.199291590767146,3.6311172799159976,287.6521791439504,315.64688790452976,30.0,0.15998957220212162,0.009166666666666667,0.006399266762409652,0.17555550563119793,2.3844444943688026,0.9451389044902506,497.6521791439504,1,0.0
P03,P03_G019_A00,P03_G019,M022,R316735_2547907_514,7355.713579944701,7376.656634803497,20.94305485879522,3.6287492474950085,6.1836231492414555,3.6287492474950085,300.1521791439504,332.31355457119645,30.0,0.16443510219826357,0.009166666666666667,0.006399266762409652,0.18000103562733988,2.3799989643726605,0.9437496763664563,510.1521791439504,1,0.0
P03,P03_G019_A00,P03_G019,M022,R316735_2547907_564,7355.713579944701,7376.656634803497,20.94305485879522,3.625109731227866,16.165726151691914,3.625109731227866,312.6521791439504,348.98022123786313,30.0,0.16888063219440558,0.009166666666666667,0.006399266762409652,0.18444656562348188,2.375553434376519,0.942360448242662,522.6521791439504,1,0.0
P03,P03_G019_A00,P03_G019,M022,R316735_2548027_365,7355.713579944701,7376.656634803497,20.94305485879522,3.5119587619788177,5.963634638729843,3.5119587619788177,275.78386787661753,295.55487261701467,30.0,0.15719547582798327,0.009166666666666667,0.006399266762409652,0.17276140925705957,2.3872385907429408,0.9460120596071688,485.78386787661753,1,0.0
P03,P03_G020_A00,P03_G020,M022,R321001_2545175_356,7388.624094722808,7931.620015515035,542.9959207922275,1.133239472293198,8.505024710669602,1.133239472293198,260.6311029277109,279.6714685282969,30.0,0.13459790883514977,0.009166666666666667,0.1659154202420695,0.30967999574388594,2.2503200042561144,0.9032250013300357,470.6311029277109,1,0.0
P03,P03_G020_A00,P03_G020,M022,R321001_2545175_406,7388.624094722808,7931.620015515035,542.9959207922275,1.1324541246308115,8.486783455063645,1.1324541246308115,243.96443626104426,267.1714685282969,30.0,0.13015237883900777,0.009166666666666667,0.1659154202420695,0.30523446574774393,2.2547655342522566,0.90461422945383,453.9644362610443,1,0.0
P03,P03_G020_A00,P03_G020,M022,R321001_2545175_456,7388.624094722808,7931.620015515035,542.9959207922275,1.130952267717447,8.464738380832202,1.130952267717447,238.52157788295182,265.8952768168711,30.0,0.12912827351151518,0.009166666666666667,0.1659154202420695,0.30421036042025135,2.255789639579749,0.9049342623686715,448.5215778829518,1,0.0
P03,P03_G020_A00,P03_G020,M022,R321001_2545175_506,7388.624094722808,7931.620015515035,542.9959207922275,1.128734644625581,18.438947512901777,1.128734644625581,251.02157788295182,282.5619434835378,30.0,0.13357380350765716,0.009166666666666667,0.1659154202420695,0.3086558904163933,2.251344109583607,0.9035450342448771,461.0215778829518,1,0.0
P03,P03_G020_A00,P03_G020,M022,R321001_2545175_556,7388.624094722808,7931.620015515035,542.9959207922275,1.1258023514710658,18.409477866986535,1.1258023514710658,263.5215778829518,299.2286101502044,30.0,0.13801933350379914,0.009166666666666667,0.1659154202420695,0.3131014204125353,2.246898579587465,0.9021558061210827,473.5215778829518,1,0.0
P03,P03_G020_A00,P03_G020,M022,R321001_2545295_364,7388.624094722808,7931.620015515035,542.9959207922275,1.3033809015254008,8.563132407882051,1.3033809015254008,240.56534865825756,260.2549401296117,30.0,0.12821316209876632,0.009166666666666667,0.1659154202420695,0.3032952490075025,2.256704750992498,0.9052202346851554,450.56534865825756,1,0.0
P03,P03_G020_A00,P03_G020,M022,R321001_2545295_414,7388.624094722808,7931.620015515035,542.9959207922275,1.302448024928097,8.544030484913847,1.302448024928097,226.87083724468334,250.72709538270416,30.0,0.12467365303959439,0.009166666666666667,0.1659154202420695,0.2997557399483306,2.26024426005167,0.9063263312661467,436.87083724468334,1,0.0
P03,P03_G020_A00,P03_G020,M022,R321001_2545295_464,7388.624094722808,7931.620015515035,542.9959207922275,1.3007701173984998,8.521081406991868,1.3007701173984998,239.37083724468334,267.3937620493708,30.0,0.12911918303573638,0.009166666666666667,0.1659154202420695,0.30420126994447255,2.255798730055528,0.9049371031423523,449.37083724468334,1,0.0
P03,P03_G020_A00,P03_G020,M022,R321001_2545295_514,7388.624094722808,7931.620015515035,542.9959207922275,1.2983480421463724,18.494346289722287,1.2983480421463724,251.87083724468334,284.0604287160375,30.0,0.13356471303187833,0.009166666666666667,0.1659154202420695,0.3086467999406145,2.251353200059386,0.9035478750185579,461.87083724468334,1,0.0
P03,P03_G020_A00,P03_G020,M022,R321001_2545295_564,7388.624094722808,7931.620015515035,542.9959207922275,1.295183043851594,18.463895385214656,1.295183043851594,264.37083724468334,300.7270953827042,30.0,0.13801024302802034,0.009166666666666667,0.1659154202420695,0.3130923299367565,2.246907670063244,0.9021586468947635,474.37083724468334,1,0.0
P03,P03_G020_A00,P03_G020,M022,R321001_2545415_354,7388.624094722808,7931.620015515035,542.9959207922275,1.4761684013611642,8.604823654557379,1.4761684013611642,234.23439704777147,253.12458564640426,30.0,0.12593033588516384,0.009166666666666667,0.1659154202420695,0.3010124227939,2.2589875772061005,0.9059336178769063,444.2343970477715,1,0.0
P03,P03_G020_A00,P03_G020,M022,R321001_2545415_404,7388.624094722808,7931.620015515035,542.9959207922275,1.4753464922760884,8.58630303175282,1.4753464922760884,223.78088549178187,246.83774075708135,30.0,0.12337880136892113,0.009166666666666667,0.1659154202420695,0.29846088827765727,2.2615391117223433,0.9067309724132321,433.7808854917819,1,0.0
P03,P03_G021_A00,P03_G021,M022,R316747_2547995_349,7943.587475434347,7964.530530293142,20.94305485879522,5.282596627069424,6.055891096423409,5.282596627069424,278.7944181754807,297.2731382682541,30.0,0.15719515139226975,0.009166666666666667,0.006399266762409652,0.17276108482134606,2.3872389151786546,0.9460121609933294,488.7944181754807,1,0.0
P03,P03_G021_A00,P03_G021,M022,R316747_2547995_399,7943.587475434347,7964.530530293142,20.94305485879522,5.284133527960776,6.04580255430777,5.284133527960776,275.66392246828667,298.30930922772677,30.0,0.1568759382441215,0.009166666666666667,0.006399266762409652,0.1724418716731978,2.387558128326803,0.9461119151021257,485.66392246828667,1,0.0
P03,P03_G021_A00,P03_G021,M022,R316747_2547995_449,7943.587475434347,7964.530530293142,20.94305485879522,5.28380609397054,6.033521036296065,5.28380609397054,288.16392246828667,314.9759758943934,30.0,0.16132146824026347,0.009166666666666667,0.006399266762409652,0.17688740166933978,2.3831125983306607,0.9447226869783313,498.16392246828667,1,0.0
P03,P03_G021_A00,P03_G021,M022,R316747_2547995_499,7943.587475434347,7964.530530293142,20.94305485879522,5.281614746643982,6.0190651615151864,5.281614746643982,300.66392246828667,331.6426425610601,30.0,0.16576699823640545,0.009166666666666667,0.006399266762409652,0.18133293166548176,2.3786670683345186,0.943333458854537,510.66392246828667,1,0.0
P03,P03_G021_A00,P03_G021,M022,R316747_2547995_549,7943.587475434347,7964.530530293142,20.94305485879522,5.277562305259835,6.002456688464932,5.277562305259835,313.16392246828667,348.30930922772677,30.0,0.17021252823254743,0.009166666666666667,0.006399266762409652,0.18577846166162373,2.374221538338377,0.9419442307307426,523.1639224682867,1,0.0
P03,P03_G021_A00,P03_G021,M022,R316747_2547995_599,7943.587475434347,7964.530530293142,20.94305485879522,5.2716539747549405,15.983720407564903,5.2716539747549405,325.66392246828667,364.9759758943934,30.0,0.1746580582286894,0.009166666666666667,0.006399266762409652,0.1902239916577657,2.369776008342235,0.9405550026069482,535.6639224682867,1,0.0
P03,P03_G021_A00,P03_G021,M022,R316747_2548115_345,7943.587475434347,7964.530530293142,20.94305485879522,5.158205020079748,5.797326288324257,5.158205020079748,291.835616516812,309.9684529222482,30.0,0.16322901263328893,0.009166666666666667,0.006399266762409652,0.17879494606236523,2.3812050539376353,0.9441265793555109,501.835616516812,1,0.0
P03,P03_G021_A00,P03_G021,M022,R316747_2548115_395,7943.587475434347,7964.530530293142,20.94305485879522,5.159848934194045,5.787994040713315,5.159848934194045,280.94608252023,303.2455855923329,30.0,0.16054456263096772,0.009166666666666667,0.006399266762409652,0.17611049606004403,2.3838895039399564,0.9449654699812362,490.94608252023,1,0.0
P03,P03_G021_A00,P03_G021,M022,R316747_2548115_445,7943.587475434347,7964.530530293142,20.94305485879522,5.1596811481207965,5.7765927934914885,5.1596811481207965,293.44608252023,319.91225225899956,30.0,0.1649900926271097,0.009166666666666667,0.006399266762409652,0.180556026056186,2.3794439739438147,0.9435762418574418,503.44608252023,1,0.0
P03,P03_G021_A00,P03_G021,M022,R316747_2548115_495,7943.587475434347,7964.530530293142,20.94305485879522,5.157701871784923,5.763138851880569,5.157701871784923,305.94608252023,336.5789189256662,30.0,0.16943562262325168,0.009166666666666667,0.006399266762409652,0.185001556052328,2.3749984439476726,0.9421870137336475,515.94608252023,1,0.0
P03,P03_G021_A00,P03_G021,M022,R316747_2548115_545,7943.587475434347,7964.530530293142,20.94305485879522,5.15391358012333,15.74765132854958,5.15391358012333,318.44608252023,353.2455855923329,30.0,0.17388115261939366,0.009166666666666667,0.006399266762409652,0.18944708604846996,2.3705529139515304,0.9407977856098532,528.44608252023,1,0.0
P03,P03_G021_A00,P03_G021,M022,R316747_2548115_595,7943.587475434347,7964.530530293142,20.94305485879522,5.14832100278133,15.730152054416479,5.14832100278133,330.94608252023,369.9122522589995,30.0,0.17832668261553564,0.009166666666666667,0.006399266762409652,0.19389261604461194,2.3661073839553888,0.9394085574860588,540.94608252023,1,0.0
P03,P03_G022_A00,P03_G022,M023,R318798_2544731_329,7433.603522964426,7786.218134216519,352.6146112520928,0.8714429341215322,27.33640602873548,0.8714429341215322,105.74840926711892,122.49525044346983,30.0,0.05333103179338695,0.009166666666666667,0.10774335343813948,0.1702410518981931,2.3897589481018073,0.9467996712818146,315.7484092671189,1,0.0
P03,P03_G022_A00,P03_G022,M023,R318798_2544731_379,7433.603522964426,7786.218134216519,352.6146112520928,0.872322112006529,27.214914510433317,0.872322112006529,118.24840926711892,139.1619171101365,30.0,0.05777656178952892,0.009166666666666667,0.10774335343813948,0.17468658189433506,2.3853134181056657,0.9454104431580203,328.2484092671189,1,0.0
P03,P03_G022_A00,P03_G022,M023,R318798_2544731_429,7433.603522964426,7786.218134216519,352.6146112520928,0.8725262200987913,27.068517075780832,0.8725262200987913,130.74840926711892,155.82858377680316,30.0,0.0622220917856709,0.009166666666666667,0.10774335343813948,0.17913211189047706,2.3808678881095235,0.9440212150342259,340.7484092671189,1,0.0
P03,P03_G022_A00,P03_G022,M023,R318798_2544731_479,7433.603522964426,7786.218134216519,352.6146112520928,0.8720551632185192,26.899760396653292,0.8720551632185192,143.24840926711892,172.49525044346984,30.0,0.06666762178181287,0.009166666666666667,0.10774335343813948,0.18357764188661901,2.3764223581133814,0.9426319869104316,353.2484092671189,1,0.0
P03,P03_G022_A00,P03_G022,M023,R318798_2544851_316,7433.603522964426,7786.218134216519,352.6146112520928,0.9995675415180187,28.63856585737166,0.9995675415180187,94.63872392045249,110.32075720495769,30.0,0.04713798655745542,0.009166666666666667,0.10774335343813948,0.16404800666226158,2.395951993337739,0.9487349979180433,304.6387239204525,1,0.0
P03,P03_G022_A00,P03_G022,M023,R318798_2544851_366,7433.603522964426,7786.218134216519,352.6146112520928,1.000650757333247,28.485333220971313,1.000650757333247,107.13872392045249,126.98742387162437,30.0,0.0515835165535974,0.009166666666666667,0.10774335343813948,0.16849353665840355,2.3915064633415968,0.9473457697942489,317.1387239204525,1,0.0
P03,P03_G022_A00,P03_G022,M023,R318798_2544851_416,7433.603522964426,7786.218134216519,352.6146112520928,1.0010387140646486,28.299823226932645,1.0010387140646486,119.63872392045249,143.65409053829103,30.0,0.05602904654973938,0.009166666666666667,0.10774335343813948,0.17293906665454553,2.387060933345455,0.9459565416704545,329.6387239204525,1,0.0
P03,P03_G022_A00,P03_G022,M023,R318798_2544851_466,7433.603522964426,7786.218134216519,352.6146112520928,1.0007312253758727,28.086220849190894,1.0007312253758727,132.1387239204525,160.3207572049577,30.0,0.06047457654588135,0.009166666666666667,0.10774335343813948,0.1773845966506875,2.382615403349313,0.9445673135466601,342.1387239204525,1,0.0
P03,P03_G022_A00,P03_G022,M023,R318798_2544971_333,7433.603522964426,7786.218134216519,352.6146112520928,1.1282874401283038,30.04269441191751,1.1282874401283038,91.14569375393198,108.29047906276988,30.0,0.043663370269135325,0.009166666666666667,0.10774335343813948,0.16057339037394147,2.399426609626059,0.9498208155081433,301.145693753932,1,0.0
P03,P03_G022_A00,P03_G022,M023,R318798_2544971_383,7433.603522964426,7786.218134216519,352.6146112520928,1.1291517757363891,29.813754956765294,1.1291517757363891,103.64569375393198,124.95714572943653,30.0,0.0481089002652773,0.009166666666666667,0.10774335343813948,0.16501892037008345,2.394981079629917,0.948431587384349,313.645693753932,1,0.0
P03,P03_G022_A00,P03_G022,M023,R318798_2544971_433,7433.603522964426,7786.218134216519,352.6146112520928,1.1292999047926457,29.546244070078103,1.1292999047926457,116.14569375393198,141.6238123961032,30.0,0.052554430261419274,0.009166666666666667,0.10774335343813948,0.16946445036622543,2.3905355496337752,0.9470423592605546,326.145693753932,1,0.0
P03,P03_G022_A00,P03_G022,M023,R318798_2544971_483,7433.603522964426,7786.218134216519,352.6146112520928,1.1287317540141402,29.247564711826627,1.1287317540141402,128.645693753932,158.29047906276986,30.0,0.05699996025756125,0.009166666666666667,0.10774335343813948,0.1739099803623674,2.386090019637633,0.9456531311367602,338.645693753932,1,0.0
P03,P03_G023_A00,P03_G023,M024,R320878_2547577_563,7659.827743478527,8395.75538315998,735.927639681453,3.312756982535433,16.37371485667674,3.312756982535433,307.50969179304633,343.7570581260541,30.0,0.1656637075427803,0.009166666666666667,0.22486677879155512,0.39969715300100206,2.1603028469989987,0.8750946396871868,517.5096917930464,1,0.0
P03,P03_G024_A00,P03_G024,M025,R317846_2547356_416,3173.532039958184,3564.4968611360646,390.96482117788037,7.313485685881261,19.90596909247148,7.313485685881261,204.56552986847282,228.6128522053055,30.0,0.11026068520310775,0.009166666666666667,0.11946147313768568,0.23888882500746011,2.3211111749925406,0.9253472421851687,414.5655298684728,1,0.0
P03,P03_G024_A00,P03_G024,M025,R317846_2547356_466,3173.532039958184,3564.4968611360646,390.96482117788037,7.3155267746017785,19.874351384900606,7.3155267746017785,217.06552986847282,245.2795188719722,30.0,0.11470621519924973,0.009166666666666667,0.11946147313768568,0.24333435500360207,2.3166656449963985,0.9239580140613743,427.0655298684728,1,0.0
P03,P03_G024_A00,P03_G024,M025,R317846_2547356_516,3173.532039958184,3564.4968611360646,390.96482117788037,7.3145917820060475,19.837638582236565,7.3145917820060475,229.56552986847282,261.9461855386388,30.0,0.11915174519539169,0.009166666666666667,0.11946147313768568,0.24777988499974404,2.3122201150002564,0.92256878593758,439.5655298684728,1,0.0
P03,P03_G024_A00,P03_G024,M025,R317966_2547236_275,3173.532039958184,3564.4968611360646,390.96482117788037,0.6790140679491827,10.68613225216103,0.6790140679491827,158.7703338661858,171.07632192364025,30.0,0.09097971845214325,0.009166666666666667,0.11946147313768568,0.2196078582564956,2.340392141743505,0.9313725442948452,368.7703338661858,1,0.0
P03,P03_G024_A00,P03_G024,M025,R317966_2547236_325,3173.532039958184,3564.4968611360646,390.96482117788037,0.6567698534165913,20.666426485032446,0.6567698534165913,171.2703338661858,187.74298859030694,30.0,0.09542524844828523,0.009166666666666667,0.11946147313768568,0.2240533882526376,2.335946611747363,0.9299833161710508,381.2703338661858,1,0.0
P03,P03_G024_A00,P03_G024,M025,R317966_2547236_375,3173.532039958184,3564.4968611360646,390.96482117788037,5.1642440298625445,20.640404457125626,5.1642440298625445,183.7703338661858,204.40965525697356,30.0,0.0998707784444272,0.009166666666666667,0.11946147313768568,0.22849891824877955,2.331501081751221,0.9285940880472564,393.7703338661858,1,0.0
P03,P03_G024_A00,P03_G024,M025,R317966_2547236_425,3173.532039958184,3564.4968611360646,390.96482117788037,5.104401392207606,20.608179535504362,5.104401392207606,196.2703338661858,221.07632192364025,30.0,0.10431630844056917,0.009166666666666667,0.11946147313768568,0.23294444824492153,2.327055551755079,0.927204859923462,406.2703338661858,1,0.0
P03,P03_G024_A00,P03_G024,M025,R317966_2547236_475,3173.532039958184,3564.4968611360646,390.96482117788037,6.887769044310687,20.56988992908508,6.887769044310687,208.7703338661858,237.74298859030694,30.0,0.10876183843671115,0.009166666666666667,0.11946147313768568,0.2373899782410635,2.322610021758937,0.9258156317996676,418.7703338661858,1,0.0
P03,P03_G024_A00,P03_G024,M025,R317966_2547236_525,3173.532039958184,3564.4968611360646,390.96482117788037,6.886430717285748,20.525696768728977,6.886430717285748,221.2703338661858,254.4096552569736,30.0,0.11320736843285312,0.009166666666666667,0.11946147313768568,0.24183550823720545,2.3181644917627953,0.9244264036758733,431.2703338661858,1,0.0
P03,P03_G024_A00,P03_G024,M025,R317966_2547356_274,3173.532039958184,3564.4968611360646,390.96482117788037,0.17114113496977268,10.177402015838055,0.17114113496977268,166.48252068901778,178.65969913546962,30.0,0.09578021836795628,0.009166666666666667,0.11946147313768568,0.22440835817230864,2.335591641827692,0.9298723880711536,376.48252068901775,1,0.0
P03,P03_G024_A00,P03_G024,M025,R317966_2547356_324,3173.532039958184,3564.4968611360646,390.96482117788037,0.1515230778865373,20.16004725779203,0.1515230778865373,178.27549071058354,194.61933582370204,30.0,0.10001021993136903,0.009166666666666667,0.11946147313768568,0.22863835973572139,2.331361640264279,0.928550512582587,388.27549071058354,1,0.0
P03,P03_G024_A00,P03_G024,M025,R317966_2547356_374,3173.532039958184,3564.4968611360646,390.96482117788037,4.309064085943305,20.13705772958734,4.309064085943305,190.77549071058354,211.28600249036873,30.0,0.10445574992751101,0.009166666666666667,0.11946147313768568,0.23308388973186336,2.326916110268137,0.9271612844587926,400.77549071058354,1,0.0
P03,P03_G025_A00,P03_G025,M027,R319031_2548268_378,9422.176739588298,9881.142976969444,458.96623738114613,5.848364095037141,17.180198899819032,5.848364095037141,244.7670432960008,265.6078646257534,30.0,0.13866967590706417,0.009166666666666667,0.1402396836442391,0.2880760262179699,2.2719239737820307,0.9099762418068844,454.7670432960008,1,0.0
P03,P03_G025_A00,P03_G025,M027,R319031_2548268_428,9422.176739588298,9881.142976969444,458.96623738114613,5.843713950625357,17.165503382119084,5.843713950625357,257.2670432960008,282.2745312924201,30.0,0.14311520590320614,0.009166666666666667,0.1402396836442391,0.2925215562141119,2.2674784437858886,0.90858701368309,467.2670432960008,1,0.0
P03,P03_G025_A00,P03_G025,M027,R319031_2548268_478,9422.176739588298,9881.142976969444,458.96623738114613,5.836950527303941,17.147992458228302,5.836950527303941,269.7670432960008,298.94119795908676,30.0,0.14756073589934812,0.009166666666666667,0.1402396836442391,0.2969670862102539,2.2630329137897465,0.9071977855592956,479.7670432960008,1,0.0
P03,P03_G025_A00,P03_G025,M027,R319031_2548388_354,9422.176739588298,9881.142976969444,458.96623738114613,6.096953746029627,16.817754576583297,6.096953746029627,246.8613885249859,265.75405031901255,30.0,0.14166315785003336,0.009166666666666667,0.1402396836442391,0.2910695081609391,2.268930491839061,0.9090407786997066,456.8613885249859,1,0.0
P03,P03_G025_A00,P03_G025,M027,R319031_2548388_404,9422.176739588298,9881.142976969444,458.96623738114613,6.093080008218621,16.805471239869462,6.093080008218621,259.3613885249859,282.42071698567923,30.0,0.14610868784617534,0.009166666666666667,0.1402396836442391,0.29551503815708113,2.2644849618429195,0.9076515505759122,469.3613885249859,1,0.0
P03,P03_G025_A00,P03_G025,M027,R319031_2548388_454,9422.176739588298,9881.142976969444,458.96623738114613,6.086965915151353,16.79058398580294,6.086965915151353,271.8613885249859,299.0873836523459,30.0,0.15055421784231732,0.009166666666666667,0.1402396836442391,0.2999605681532231,2.2600394318467774,0.9062623224521178,481.8613885249859,1,0.0
P03,P03_G025_A00,P03_G025,M027,R319031_2548508_374,9422.176739588298,9881.142976969444,458.96623738114613,6.343987821215421,16.460055432828085,6.343987821215421,259.5957489704318,280.08528245838755,30.0,0.148442074342722,0.009166666666666667,0.1402396836442391,0.29784842465362776,2.2621515753463726,0.9069223672957414,469.5957489704318,1,0.0
P03,P03_G025_A00,P03_G025,M027,R319031_2548508_424,9422.176739588298,9881.142976969444,458.96623738114613,6.338976284442651,16.44780768723193,6.338976284442651,272.0957489704318,296.75194912505424,30.0,0.15288760433886397,0.009166666666666667,0.1402396836442391,0.3022939546497697,2.257706045350231,0.905533139171947,482.0957489704318,1,0.0
P03,P03_G025_A00,P03_G025,M027,R319031_2548508_474,9422.176739588298,9881.142976969444,458.96623738114613,6.331596663786698,16.433164337660358,6.331596663786698,284.5957489704318,313.4186157917209,30.0,0.15733313433500595,0.009166666666666667,0.1402396836442391,0.3067394846459117,2.2532605153540888,0.9041439110481526,494.5957489704318,1,0.0
