site_id,min_access_margin_db,backhaul_margin_db,min_twohop_margin_db,outbound_time_s,return_time_s,horizontal_time_s,flight_energy_kwh,setup_energy_kwh,service_energy_kwh,total_energy_kwh,energy_margin_kwh,return_soc,climb_out_m,climb_back_m,desc_out_m,desc_back_m,cruise_alt_m,horizontal_distance_m,max_dem_on_route_m,setup_time_s,earliest_ready_s,required_transport_shift_s,as_is_timing_feasible,atomic_task_id,parent_gap_id,pareto_id,transport_sortie_id,service_start_s,service_end_s,service_duration_s,robust_slack_db,Gamma_C_db
E52_2e64690809088e2a96fb2160,14.850295160210834,9.500767968691491,9.500767968691491,523.7789293194231,550.945126524013,884.5606754113072,0.31155234822715455,0.009166666666666667,0.21481510416666666,0.5355341190604879,2.0244658809395126,0.8326455877935975,325.99436645507814,0.0,0.0,325.99436645507814,453.6943664550781,6634.205065584804,329.6845703125,30.0,733.7789293194231,0.0,1,P0002_M001_G00,P0002_M001_G00,P0002,M001,2670.2254865325067,3373.2567365325067,703.03125,9.500767968691491,0.0
E52_30110e5b3ae38ecfab28ace2,5.268987734543231,10.05954008012911,5.268987734543231,514.4106891471403,547.7506496268766,828.7816154158626,0.30032099335417484,0.009166666666666667,0.21481510416666666,0.5243027641875082,2.035697235812492,0.8361553861914037,400.07952575683595,0.0,0.0,400.07952575683595,527.7795257568359,6215.862115618969,313.0162353515625,30.0,724.4106891471403,0.0,1,P0002_M001_G00,P0002_M001_G00,P0002,M001,2670.2254865325067,3373.2567365325067,703.03125,5.268987734543231,0.0
E52_413d3eff5d481ef66f8d3068,14.779695994858471,9.493762996477216,9.493762996477216,548.7789293194231,584.2784598573463,884.5606754113072,0.3204434082194385,0.009166666666666667,0.21481510416666666,0.5444251790527719,2.0155748209472284,0.8298671315460088,425.99436645507814,0.0,0.0,425.99436645507814,553.6943664550781,6634.205065584804,329.6845703125,30.0,758.7789293194231,0.0,1,P0002_M001_G00,P0002_M001_G00,P0002,M001,2670.2254865325067,3373.2567365325067,703.03125,9.493762996477216,0.0
E52_88c1c7aba1fcf94c58dad20e,14.823228392903843,9.497510042154289,9.497510042154289,536.2789293194231,567.6117931906797,884.5606754113072,0.3159978782232965,0.009166666666666667,0.21481510416666666,0.5399796490566298,2.020020350943371,0.8312563596698033,375.99436645507814,0.0,0.0,375.99436645507814,503.6943664550781,6634.205065584804,329.6845703125,30.0,746.2789293194231,0.0,1,P0002_M001_G00,P0002_M001_G00,P0002,M001,2670.2254865325067,3373.2567365325067,703.03125,9.497510042154289,0.0
E52_b677873645e212a13901ede2,1.2512697614083237,9.230718628911887,1.2512697614083237,575.9444140089429,616.0268887810784,911.3939793850733,0.3339048259552679,0.009166666666666667,0.21481510416666666,0.5578865967886012,2.0021134032113994,0.8256604385035622,480.989697265625,0.0,0.0,480.989697265625,608.689697265625,6835.45484538805,390.98822021484375,30.0,785.9444140089429,0.0,1,P0002_M001_G00,P0002_M001_G00,P0002,M001,2670.2254865325067,3373.2567365325067,703.03125,1.2512697614083237,0.0
E52_cdef0b479e00ae29ebd83132,4.640389078516122,10.01648148125875,4.640389078516122,520.0071121141804,554.5433095222207,832.7970397801186,0.3028799960747676,0.009166666666666667,0.21481510416666666,0.5268617669081009,2.0331382330918997,0.8353556978412184,414.4343688964844,0.0,0.0,414.4343688964844,542.1343688964844,6245.977798350889,297.6476745605469,30.0,730.0071121141804,0.0,1,P0002_M001_G00,P0002_M001_G00,P0002,M001,2670.2254865325067,3373.2567365325067,703.03125,4.640389078516122,0.0
E52_2e64690809088e2a96fb2160,14.850295160210834,9.500767968691491,9.500767968691491,523.7789293194231,550.945126524013,884.5606754113072,0.31155234822715455,0.009166666666666667,0.21481510416666666,0.5355341190604879,2.0244658809395126,0.8326455877935975,325.99436645507814,0.0,0.0,325.99436645507814,453.6943664550781,6634.205065584804,329.6845703125,30.0,733.7789293194231,0.0,1,P0002_M002_G00,P0002_M002_G00,P0002,M002,3947.211487938197,4650.242737938197,703.03125,9.500767968691491,0.0
E52_30110e5b3ae38ecfab28ace2,5.268987734543231,10.05954008012911,5.268987734543231,514.4106891471403,547.7506496268766,828.7816154158626,0.30032099335417484,0.009166666666666667,0.21481510416666666,0.5243027641875082,2.035697235812492,0.8361553861914037,400.07952575683595,0.0,0.0,400.07952575683595,527.7795257568359,6215.862115618969,313.0162353515625,30.0,724.4106891471403,0.0,1,P0002_M002_G00,P0002_M002_G00,P0002,M002,3947.211487938197,4650.242737938197,703.03125,5.268987734543231,0.0
E52_413d3eff5d481ef66f8d3068,14.779695994858471,9.493762996477216,9.493762996477216,548.7789293194231,584.2784598573463,884.5606754113072,0.3204434082194385,0.009166666666666667,0.21481510416666666,0.5444251790527719,2.0155748209472284,0.8298671315460088,425.99436645507814,0.0,0.0,425.99436645507814,553.6943664550781,6634.205065584804,329.6845703125,30.0,758.7789293194231,0.0,1,P0002_M002_G00,P0002_M002_G00,P0002,M002,3947.211487938197,4650.242737938197,703.03125,9.493762996477216,0.0
E52_88c1c7aba1fcf94c58dad20e,14.823228392903843,9.497510042154289,9.497510042154289,536.2789293194231,567.6117931906797,884.5606754113072,0.3159978782232965,0.009166666666666667,0.21481510416666666,0.5399796490566298,2.020020350943371,0.8312563596698033,375.99436645507814,0.0,0.0,375.99436645507814,503.6943664550781,6634.205065584804,329.6845703125,30.0,746.2789293194231,0.0,1,P0002_M002_G00,P0002_M002_G00,P0002,M002,3947.211487938197,4650.242737938197,703.03125,9.497510042154289,0.0
E52_b677873645e212a13901ede2,1.2512697614083237,9.230718628911887,1.2512697614083237,575.9444140089429,616.0268887810784,911.3939793850733,0.3339048259552679,0.009166666666666667,0.21481510416666666,0.5578865967886012,2.0021134032113994,0.8256604385035622,480.989697265625,0.0,0.0,480.989697265625,608.689697265625,6835.45484538805,390.98822021484375,30.0,785.9444140089429,0.0,1,P0002_M002_G00,P0002_M002_G00,P0002,M002,3947.211487938197,4650.242737938197,703.03125,1.2512697614083237,0.0
E52_cdef0b479e00ae29ebd83132,4.640389078516122,10.01648148125875,4.640389078516122,520.0071121141804,554.5433095222207,832.7970397801186,0.3028799960747676,0.009166666666666667,0.21481510416666666,0.5268617669081009,2.0331382330918997,0.8353556978412184,414.4343688964844,0.0,0.0,414.4343688964844,542.1343688964844,6245.977798350889,297.6476745605469,30.0,730.0071121141804,0.0,1,P0002_M002_G00,P0002_M002_G00,P0002,M002,3947.211487938197,4650.242737938197,703.03125,4.640389078516122,0.0
E52_189eb019491ad876aa165071,4.910998135102375,3.8094716871601975,3.8094716871601975,403.09916814168594,448.35288467407526,534.676037089036,0.21908171065325852,0.009166666666666667,0.3302578125,0.5585061898199252,2.0014938101800754,0.8254668156812734,543.0445983886718,0.0,0.0,543.0445983886718,670.7445983886719,4010.07027816777,391.87322998046875,30.0,613.0991681416859,0.0,1,P0002_M005_G00,P0002_M005_G00,P0002,M005,2505.497035940347,3586.340785940347,1080.84375,3.8094716871601975,0.0
E52_231de36c6439da832299e30f,3.094118306520926,16.451156269229884,3.094118306520926,336.2639482811268,383.1573412254627,391.1675388962379,0.1749881335365896,0.009166666666666667,0.3302578125,0.5144126127032562,2.0455873872967443,0.8392460585302324,562.7207153320312,0.0,0.0,562.7207153320312,690.4207153320312,2933.7565417217843,390.42071533203125,30.0,546.2639482811268,0.0,1,P0002_M005_G00,P0002_M005_G00,P0002,M005,2505.497035940347,3586.340785940347,1080.84375,3.094118306520926,0.0
E52_246111a1ef063bec9e89ec9e,6.759696504692187,13.03223549741864,6.759696504692187,413.11352328410356,453.07003166626504,586.4879962752384,0.22998101771643822,0.009166666666666667,0.3302578125,0.5694054968831049,1.9905945031168955,0.8220607822240298,479.4781005859375,0.0,0.0,479.4781005859375,607.1781005859375,4398.659972064288,469.28277587890625,30.0,623.1135232841036,0.0,1,P0002_M005_G00,P0002_M005_G00,P0002,M005,2505.497035940347,3586.340785940347,1080.84375,6.759696504692187,0.0
E52_347c51b45a583dd4c5a4aad0,9.41261211732487,10.359339260709504,9.41261211732487,545.8106765870443,594.6474365357748,798.6007934817058,0.3072138543106079,0.009166666666666667,0.3302578125,0.6466383334772745,1.913361666522726,0.7979255207883518,586.0411193847656,0.0,0.0,586.0411193847656,713.7411193847656,5989.505951112793,425.30462646484375,30.0,755.8106765870443,0.0,1,P0002_M005_G00,P0002_M005_G00,P0002,M005,2505.497035940347,3586.340785940347,1080.84375,9.41261211732487,0.0
E52_47db2d0d55c92154c779a4c9,3.0205906267075733,16.45726286038159,3.0205906267075733,312.62709924858126,351.3219092257948,393.08533863388124,0.16685347284684848,0.009166666666666667,0.3302578125,0.5062779520135152,2.0537220479864855,0.8417881399957765,464.3377197265625,0.0,0.0,464.3377197265625,592.0377197265625,2948.1400397541092,295.61395263671875,30.0,522.6270992485813,0.0,1,P0002_M005_G00,P0002_M005_G00,P0002,M005,2505.497035940347,3586.340785940347,1080.84375,3.0205906267075733,0.0
E52_60b0dc656c777ee2cc2279b1,8.731618521876342,0.21315146591224732,0.21315146591224732,563.4362729251038,615.9641949832094,811.705013501575,0.3153381258454166,0.009166666666666667,0.3302578125,0.6547626050120833,1.905237394987917,0.795386685933724,630.3350646972656,0.0,0.0,630.3350646972656,758.0350646972656,6087.787601261813,495.9024353027344,30.0,773.4362729251038,0.0,1,P0002_M005_G00,P0002_M005_G00,P0002,M005,2505.497035940347,3586.340785940347,1080.84375,0.21315146591224732,0.0
E52_6dc095df8eb6475486134b5c,6.915729524772303,12.905188948092743,6.915729524772303,424.06014837873875,466.2734748964797,594.8403376510322,0.23505698741925235,0.009166666666666667,0.3302578125,0.574481466585919,1.9855185334140815,0.8204745416919004,506.55991821289064,0.0,0.0,506.55991821289064,634.2599182128906,4461.302532382741,440.2059631347656,30.0,634.0601483787387,0.0,1,P0002_M005_G00,P0002_M005_G00,P0002,M005,2505.497035940347,3586.340785940347,1080.84375,6.915729524772303,0.0
E52_82c821a5773d0bfbe554f10a,3.9055423871373875,11.397135806608844,3.9055423871373875,512.9354114719376,566.0737563002253,707.0407539741487,0.2825549862639304,0.009166666666666667,0.3302578125,0.621979465430597,1.9380205345694035,0.8056314170529384,637.6601379394531,0.0,0.0,637.6601379394531,765.3601379394531,5302.805654806116,465.3601379394531,30.0,722.9354114719376,0.0,1,P0002_M005_G00,P0002_M005_G00,P0002,M005,2505.497035940347,3586.340785940347,1080.84375,3.9055423871373875,0.0
E52_8d375985c45fff9288668cb3,3.1370206879068405,16.222123863058812,3.1370206879068405,353.99602207193686,405.21742048909175,400.663653640944,0.182639281392285,0.009166666666666667,0.3302578125,0.5220637605589517,2.037936239441049,0.8368550748253276,614.6567810058593,0.0,0.0,614.6567810058593,742.3567810058594,3004.97740230708,442.3567810058594,30.0,563.9960220719369,0.0,1,P0002_M005_G00,P0002_M005_G00,P0002,M005,2505.497035940347,3586.340785940347,1080.84375,3.1370206879068405,0.0
E52_9b18c2085562c5280ea1e394,8.439664146591724,0.02697066595830222,0.02697066595830222,563.4972144032131,613.0086493397365,829.9258191872856,0.3179402888393461,0.009166666666666667,0.3302578125,0.6573647680060128,1.9026352319939877,0.794573509998121,594.1372192382812,0.0,0.0,594.1372192382812,721.8372192382812,6224.443643904642,493.42156982421875,30.0,773.4972144032131,0.0,1,P0002_M005_G00,P0002_M005_G00,P0002,M005,2505.497035940347,3586.340785940347,1080.84375,0.02697066595830222,0.0
E52_a1af1f4ab7d520e82e20be53,8.665623568049583,0.45430012492889205,0.45430012492889205,547.7224457312177,598.7128286250978,789.5025940991541,0.30660524396013417,0.009166666666666667,0.3302578125,0.6460297231268008,1.9139702768731996,0.7981157115228747,611.8845947265625,0.0,0.0,611.8845947265625,739.5845947265625,5921.269455743655,499.0620422363281,30.0,757.7224457312177,0.0,1,P0002_M005_G00,P0002_M005_G00,P0002,M005,2505.497035940347,3586.340785940347,1080.84375,0.45430012492889205,0.0
E52_b8aeee13ee5f313ffdb298e7,9.097130789426728,0.32052137756616617,0.32052137756616617,550.9628084392909,600.9445446860357,802.0351993981131,0.309532562555218,0.009166666666666667,0.3302578125,0.6489570417218846,1.9110429582781159,0.797200924461911,599.7808349609375,0.0,0.0,599.7808349609375,727.4808349609375,6015.263995485849,488.552978515625,30.0,760.9628084392909,0.0,1,P0002_M005_G00,P0002_M005_G00,P0002,M005,2505.497035940347,3586.340785940347,1080.84375,0.32052137756616617,0.0
E52_be69bdf55826f2eb34075d09,2.1858471240912536,12.029424972929434,2.1858471240912536,457.6877788138426,500.48965717077624,658.5642874860837,0.25604119113741575,0.009166666666666667,0.3302578125,0.5954656703040824,1.9645343296959181,0.8139169780299742,513.6225402832031,0.0,0.0,513.6225402832031,641.3225402832031,4939.232156145627,341.3225402832031,30.0,667.6877788138427,0.0,1,P0002_M005_G00,P0002_M005_G00,P0002,M005,2505.497035940347,3586.340785940347,1080.84375,2.1858471240912536,0.0
E52_c10a50247c57c0340b451298,6.585315506004903,3.1495087650690863,3.1495087650690863,410.4813485396202,450.8988478275434,578.4577013517014,0.22790762835174688,0.009166666666666667,0.3302578125,0.5673321075184136,1.9926678924815868,0.8227087164004958,485.00999145507814,0.0,0.0,485.00999145507814,612.7099914550781,4338.432760137761,515.4917602539062,30.0,620.4813485396203,0.0,1,P0002_M005_G00,P0002_M005_G00,P0002,M005,2505.497035940347,3586.340785940347,1080.84375,3.1495087650690863,0.0
E52_c117f06f984d58b2275e6c48,9.424877166119956,0.365836005255062,0.365836005255062,533.3106765870443,577.980769869108,798.6007934817058,0.30276832431446593,0.009166666666666667,0.3302578125,0.6421928034811326,1.9178071965188679,0.799314748912146,536.0411193847656,0.0,0.0,536.0411193847656,663.7411193847656,5989.505951112793,425.30462646484375,30.0,743.3106765870443,0.0,1,P0002_M005_G00,P0002_M005_G00,P0002,M005,2505.497035940347,3586.340785940347,1080.84375,0.365836005255062,0.0
E52_d6d1511afdebb88632549a71,3.3606450562612338,16.177909036830457,3.3606450562612338,342.76879390848103,389.67749650450963,404.08537224079015,0.1791309979165653,0.009166666666666667,0.3302578125,0.518555477083232,2.0414445229167684,0.83795141341149,562.9044311523437,0.0,0.0,562.9044311523437,690.6044311523438,3030.640291805926,390.60443115234375,30.0,552.768793908481,0.0,1,P0002_M005_G00,P0002_M005_G00,P0002,M005,2505.497035940347,3586.340785940347,1080.84375,3.3606450562612338,0.0
E52_dd12fb0cc4aee52816704b73,9.203779349482204,0.5498680641518376,0.5498680641518376,547.6210002825783,600.0718247658139,780.5370536657424,0.3052994367315811,0.009166666666666667,0.3302578125,0.6447239158982478,1.9152760841017527,0.7985237762817976,629.4098937988281,0.0,0.0,629.4098937988281,757.1098937988281,5854.027902493068,543.108642578125,30.0,757.6210002825783,0.0,1,P0002_M005_G00,P0002_M005_G00,P0002,M005,2505.497035940347,3586.340785940347,1080.84375,0.5498680641518376,0.0
E52_060143e4033ea7dfc142ce26,0.46341723162035464,13.051384290227645,0.46341723162035464,390.52156568077555,422.97629514244545,586.3147545915316,0.2219218246513189,0.009166666666666667,0.12755989583333335,0.3586483871513189,2.2013516128486814,0.8879223790152129,389.4567535400391,0.0,0.0,389.4567535400391,517.1567535400391,4397.360659436487,298.2110595703125,30.0,600.5215656807756,0.0,1,P0002_M006_G00,P0002_M006_G00,P0002,M006,753.6875,1171.15625,417.46875,0.46341723162035464,0.0
E52_0c56c0f390b777971f9a7e58,15.631277195261305,2.1743859331465814,2.1743859331465814,461.3120930283848,507.24512830670517,647.0259743868478,0.2556960576036008,0.009166666666666667,0.12755989583333335,0.39242262010360085,2.1675773798963998,0.8773679312176248,551.1964233398437,0.0,0.0,551.1964233398437,678.8964233398438,4852.694807901358,439.2268981933594,30.0,671.3120930283849,0.0,1,P0002_M006_G00,P0002_M006_G00,P0002,M006,753.6875,1171.15625,417.46875,2.1743859331465814,0.0
E52_0f45fcab7c66cb90fa618929,12.448871869132986,12.721246579688795,12.448871869132986,427.8988653120833,469.21977900837237,607.8722484464322,0.23826781941132907,0.009166666666666667,0.12755989583333335,0.37499438191132906,2.185005618088671,0.8828142556527097,495.85096435546876,0.0,0.0,495.85096435546876,623.5509643554688,4559.041863348241,326.6978454589844,30.0,637.8988653120832,0.0,1,P0002_M006_G00,P0002_M006_G00,P0002,M006,753.6875,1171.15625,417.46875,12.448871869132986,0.0
E52_12b142f00e8cb4e3948f96c2,1.250076748455598,12.991659521749298,1.250076748455598,402.5936730780369,438.4739485500421,589.9056933240425,0.22672373828986628,0.009166666666666667,0.12755989583333335,0.3634503007898663,2.1965496992101343,0.8864217810031668,430.5633056640625,0.0,0.0,430.5633056640625,558.2633056640625,4424.292699930319,284.7546081542969,30.0,612.5936730780369,0.0,1,P0002_M006_G00,P0002_M006_G00,P0002,M006,753.6875,1171.15625,417.46875,1.250076748455598,0.0
E52_132fcaf6d631eae41e83e018,13.25248572685625,12.621037374336296,12.621037374336296,466.52713400648173,519.919143487276,612.7022111281979,0.2526897045720101,0.009166666666666667,0.12755989583333335,0.38941626707201016,2.1705837329279905,0.8783074165399969,640.7041137695312,0.0,0.0,640.7041137695312,768.4041137695312,4595.266583461484,468.40411376953125,30.0,676.5271340064817,0.0,1,P0002_M006_G00,P0002_M006_G00,P0002,M006,753.6875,1171.15625,417.46875,12.621037374336296,0.0
E52_154bbd26b7808edf72eaa410,10.639890586326203,13.235683344326844,10.639890586326203,444.90797820490957,498.19814035497467,570.0749835094285,0.23896400983981742,0.009166666666666667,0.12755989583333335,0.3756905723398174,2.184309427660183,0.8825966961438071,639.4819458007812,0.0,0.0,639.4819458007812,767.1819458007812,4275.562376320714,467.18194580078125,30.0,654.9079782049096,0.0,1,P0002_M006_G00,P0002_M006_G00,P0002,M006,753.6875,1171.15625,417.46875,10.639890586326203,0.0
E52_2d291a2169e36d61d7bf7582,11.343100122152421,12.790365797832976,11.343100122152421,470.3839036593983,527.1993216484933,599.8752993842263,0.25224474652706685,0.009166666666666667,0.12755989583333335,0.3889713090270669,2.1710286909729337,0.8784464659290416,681.7850158691406,0.0,0.0,681.7850158691406,809.4850158691406,4499.064745381697,509.4850158691406,30.0,680.3839036593984,0.0,1,P0002_M006_G00,P0002_M006_G00,P0002,M006,753.6875,1171.15625,417.46875,11.343100122152421,0.0
E52_32cd7932ac3bc8f6e82bd016,12.505900182944202,12.531399030736651,12.505900182944202,433.33722088021847,474.19552115284216,621.5246401246948,0.24213542524196421,0.009166666666666667,0.12755989583333335,0.3788619877419642,2.181138012258036,0.8816056288306362,490.2996032714844,0.0,0.0,490.2996032714844,617.9996032714844,4661.434800935211,324.9372863769531,30.0,643.3372208802184,0.0,1,P0002_M006_G00,P0002_M006_G00,P0002,M006,753.6875,1171.15625,417.46875,12.505900182944202,0.0
E52_3322673a66874be8fb5ff9e0,2.167407480562815,12.93559360833251,2.167407480562815,392.2739001975914,423.9757012433271,594.3369941207687,0.2236811646950203,0.009166666666666667,0.12755989583333335,0.36040772719502034,2.1995922728049804,0.8873725852515562,380.42161254882814,0.0,0.0,380.42161254882814,508.1216125488281,4457.527455905765,308.1216125488281,30.0,602.2739001975914,0.0,1,P0002_M006_G00,P0002_M006_G00,P0002,M006,753.6875,1171.15625,417.46875,2.167407480562815,0.0
E52_4d215302190bc5bfb29bf912,7.6104963551872515,16.37371485667674,7.6104963551872515,307.50969179304633,343.7570581260541,397.53518558804575,0.1656637075427803,0.009166666666666667,0.12755989583333335,0.3023902700427803,2.2576097299572204,0.9055030406116311,434.96839599609376,0.0,0.0,434.96839599609376,562.6683959960938,2981.5138919103433,336.56707763671875,30.0,517.5096917930464,0.0,1,P0002_M006_G00,P0002_M006_G00,P0002,M006,753.6875,1171.15625,417.46875,7.6104963551872515,0.0
E52_575c4f100493de938643a13d,14.97253526452974,2.099203328999508,2.099203328999508,470.05405043895155,518.0123847895375,652.3580947743875,0.259560220504969,0.009166666666666667,0.12755989583333335,0.396286783004969,2.1637132169950313,0.8761603803109472,575.5000122070312,0.0,0.0,575.5000122070312,703.2000122070312,4892.685710807907,437.3766174316406,30.0,680.0540504389515,0.0,1,P0002_M006_G00,P0002_M006_G00,P0002,M006,753.6875,1171.15625,417.46875,2.099203328999508,0.0
E52_67646c2afbeb5602853e5a9c,2.134504918499786,12.927232110573698,2.134504918499786,404.7739001975914,440.6423679099937,594.3369941207687,0.22812669469116229,0.009166666666666667,0.12755989583333335,0.3648532571911623,2.1951467428088383,0.8859833571277618,430.42161254882814,0.0,0.0,430.42161254882814,558.1216125488281,4457.527455905765,308.1216125488281,30.0,614.7739001975914,0.0,1,P0002_M006_G00,P0002_M006_G00,P0002,M006,753.6875,1171.15625,417.46875,2.134504918499786,0.0
E52_7ccd1e182a1b2540fd645bfb,2.2842575791542856,2.4191590009326376,2.2842575791542856,429.0509151666868,465.88596358791074,630.2977572539465,0.24168092785315382,0.009166666666666667,0.12755989583333335,0.3784074903531538,2.1815925096468467,0.8817476592646394,447.8438232421875,5.8232421875,5.8232421875,447.8438232421875,575.5438232421875,4727.2331794045995,525.5438232421875,30.0,639.0509151666868,0.0,1,P0002_M006_G00,P0002_M006_G00,P0002,M006,753.6875,1171.15625,417.46875,2.2842575791542856,0.0
E52_7e4744117cf2a1b6b8665ab3,12.013229015233236,12.590569849682154,12.013229015233236,474.82609328547096,530.7107225986219,614.3444106920357,0.25587373999544005,0.009166666666666667,0.12755989583333335,0.3926003024954401,2.1673996975045604,0.877312405470175,670.6155517578125,0.0,0.0,670.6155517578125,798.3155517578125,4607.5830801902675,498.3155517578125,30.0,684.826093285471,0.0,1,P0002_M006_G00,P0002_M006_G00,P0002,M006,753.6875,1171.15625,417.46875,12.013229015233236,0.0
E52_a0032802edd73d232f2c84c2,13.281235066380034,12.395809404549922,12.395809404549922,482.4923087567502,538.5719606529091,628.5067061365473,0.26060588149401487,0.009166666666666667,0.12755989583333335,0.3973324439940149,2.1626675560059856,0.8758336112518703,672.9558227539062,0.0,0.0,672.9558227539062,800.6558227539062,4713.800296024105,500.65582275390625,30.0,692.4923087567502,0.0,1,P0002_M006_G00,P0002_M006_G00,P0002,M006,753.6875,1171.15625,417.46875,12.395809404549922,0.0
E52_aaa387ee3ee3170bd804334d,7.017439111244244,18.409477866986336,7.017439111244244,263.5215778829557,299.2286101502083,312.8009621623957,0.13801933350380158,0.009166666666666667,0.12755989583333335,0.2747458960038016,2.285254103996199,0.914141907498812,428.48438720703126,0.0,0.0,428.48438720703126,556.1843872070312,2346.0072162179677,386.9435729980469,30.0,473.5215778829557,0.0,1,P0002_M006_G00,P0002_M006_G00,P0002,M006,753.6875,1171.15625,417.46875,7.017439111244244,0.0
E52_b4122a9095172602242b40e3,12.09289787926771,12.917805218005896,12.09289787926771,417.2739001975914,457.30903457666045,594.3369941207687,0.23257222468730426,0.009166666666666667,0.12755989583333335,0.36929878718730424,2.190701212812696,0.8845941290039674,480.42161254882814,0.0,0.0,480.42161254882814,608.1216125488281,4457.527455905765,308.1216125488281,30.0,627.2739001975914,0.0,1,P0002_M006_G00,P0002_M006_G00,P0002,M006,753.6875,1171.15625,417.46875,12.09289787926771,0.0
E52_b45db00398315637fb020e5f,8.818856551847475,10.742298629097064,8.818856551847475,520.0993036420956,566.0861185224667,764.2777180019647,0.2932088546230577,0.009166666666666667,0.12755989583333335,0.4299354171230577,2.1300645828769427,0.8656451821490445,551.8417785644531,0.0,0.0,551.8417785644531,679.5417785644531,5732.082885014735,386.71868896484375,30.0,730.0993036420956,0.0,1,P0002_M006_G00,P0002_M006_G00,P0002,M006,753.6875,1171.15625,417.46875,8.818856551847475,0.0
E52_be79b94db4a0a5b6faaed631,9.987469372231445,13.435452033242427,9.987469372231445,439.28613208838135,492.92224150407145,556.7556076826221,0.23507830977561708,0.009166666666666667,0.12755989583333335,0.3718048722756171,2.1881951277243834,0.8838109774138696,643.6333129882812,0.0,0.0,643.6333129882812,771.3333129882812,4175.667057619666,471.33331298828125,30.0,649.2861320883814,0.0,1,P0002_M006_G00,P0002_M006_G00,P0002,M006,753.6875,1171.15625,417.46875,9.987469372231445,0.0
E52_beb70ec57fd2d66bf65b827f,12.986294405095663,2.43785423226241,2.43785423226241,429.6587378248194,468.09544538504076,628.6972302883107,0.2418430061920666,0.009166666666666667,0.12755989583333335,0.3785695686920666,2.181430431307934,0.8816970097837292,461.24049072265626,0.0,0.0,461.24049072265626,588.9404907226562,4715.22922716233,538.9404907226562,30.0,639.6587378248194,0.0,1,P0002_M006_G00,P0002_M006_G00,P0002,M006,753.6875,1171.15625,417.46875,2.43785423226241,0.0
E52_c515ea57360fd29f9add62f7,8.430087632149124,10.649906727109496,8.430087632149124,525.5980011021792,572.0554631586571,772.4512298654912,0.29632198385281766,0.009166666666666667,0.12755989583333335,0.43304854635281764,2.126951453647183,0.8646723292647445,557.4895446777343,0.0,0.0,557.4895446777343,685.1895446777344,5793.384223991184,393.3172912597656,30.0,735.5980011021792,0.0,1,P0002_M006_G00,P0002_M006_G00,P0002,M006,753.6875,1171.15625,417.46875,8.430087632149124,0.0
E52_f4836ff0bfcbe7f74f580128,10.114867033149864,13.198394987858308,10.114867033149864,446.8309536018799,500.3537512499919,572.525121315088,0.23999489789029496,0.009166666666666667,0.12755989583333335,0.37672146039029497,2.1832785396097054,0.8822745436280328,642.2735717773437,0.0,0.0,642.2735717773437,769.9735717773438,4293.93840986316,483.0478820800781,30.0,656.8309536018799,0.0,1,P0002_M006_G00,P0002_M006_G00,P0002,M006,753.6875,1171.15625,417.46875,10.114867033149864,0.0
E52_fb97bb829fc82a7376005525,11.350987848164124,12.561592200960149,11.350987848164124,483.9909817485873,542.6900133241081,615.7877740440496,0.2593375767224136,0.009166666666666667,0.12755989583333335,0.39606413922241357,2.163935860777587,0.8762299564929957,704.38837890625,0.0,0.0,704.38837890625,832.08837890625,4618.408305330372,532.08837890625,30.0,693.9909817485873,0.0,1,P0002_M006_G00,P0002_M006_G00,P0002,M006,753.6875,1171.15625,417.46875,11.350987848164124,0.0
E52_060143e4033ea7dfc142ce26,6.23446973686174,13.051384290227645,6.23446973686174,390.52156568077555,422.97629514244545,586.3147545915316,0.2219218246513189,0.009166666666666667,0.24475,0.47583849131798556,2.084161508682015,0.8513004714631295,389.4567535400391,0.0,0.0,389.4567535400391,517.1567535400391,4397.360659436487,298.2110595703125,30.0,600.5215656807756,0.0,1,P0002_M007_G00,P0002_M007_G00,P0002,M007,2301.720662446339,3102.720662446339,801.0,6.23446973686174,0.0
E52_0c56c0f390b777971f9a7e58,4.866826508382303,2.1743859331465814,2.1743859331465814,461.3120930283848,507.24512830670517,647.0259743868478,0.2556960576036008,0.009166666666666667,0.24475,0.5096127242702675,2.050387275729733,0.8407460236655414,551.1964233398437,0.0,0.0,551.1964233398437,678.8964233398438,4852.694807901358,439.2268981933594,30.0,671.3120930283849,0.0,1,P0002_M007_G00,P0002_M007_G00,P0002,M007,2301.720662446339,3102.720662446339,801.0,2.1743859331465814,0.0
E52_0f45fcab7c66cb90fa618929,6.225159710310805,12.721246579688795,6.225159710310805,427.8988653120833,469.21977900837237,607.8722484464322,0.23826781941132907,0.009166666666666667,0.24475,0.4921844860779957,2.067815513922005,0.8461923481006264,495.85096435546876,0.0,0.0,495.85096435546876,623.5509643554688,4559.041863348241,326.6978454589844,30.0,637.8988653120832,0.0,1,P0002_M007_G00,P0002_M007_G00,P0002,M007,2301.720662446339,3102.720662446339,801.0,6.225159710310805,0.0
E52_0fa03b8d9ed736d48919c1b7,9.041566526676078,11.555158541579928,9.041566526676078,469.53189880990186,510.00510285042924,696.2245733766397,0.2655870342753843,0.009166666666666667,0.24475,0.519503700942051,2.0404962990579496,0.8376550934556091,485.67844848632814,0.0,0.0,485.67844848632814,613.3784484863281,5221.684300324798,325.1297912597656,30.0,679.5318988099018,0.0,1,P0002_M007_G00,P0002_M007_G00,P0002,M007,2301.720662446339,3102.720662446339,801.0,9.041566526676078,0.0
E52_12b142f00e8cb4e3948f96c2,6.158926941785182,12.991659521749298,6.158926941785182,402.5936730780369,438.4739485500421,589.9056933240425,0.22672373828986628,0.009166666666666667,0.24475,0.48064040495653293,2.0793595950434676,0.8497998734510834,430.5633056640625,0.0,0.0,430.5633056640625,558.2633056640625,4424.292699930319,284.7546081542969,30.0,612.5936730780369,0.0,1,P0002_M007_G00,P0002_M007_G00,P0002,M007,2301.720662446339,3102.720662446339,801.0,6.158926941785182,0.0
E52_132fcaf6d631eae41e83e018,1.5759565138826304,12.621037374336296,1.5759565138826304,466.52713400648173,519.919143487276,612.7022111281979,0.2526897045720101,0.009166666666666667,0.24475,0.5066063712386768,2.0533936287613237,0.8416855089879135,640.7041137695312,0.0,0.0,640.7041137695312,768.4041137695312,4595.266583461484,468.40411376953125,30.0,676.5271340064817,0.0,1,P0002_M007_G00,P0002_M007_G00,P0002,M007,2301.720662446339,3102.720662446339,801.0,1.5759565138826304,0.0
E52_154bbd26b7808edf72eaa410,0.7291434862026591,13.235683344326844,0.7291434862026591,444.90797820490957,498.19814035497467,570.0749835094285,0.23896400983981742,0.009166666666666667,0.24475,0.49288067650648404,2.0671193234935163,0.8459747885917237,639.4819458007812,0.0,0.0,639.4819458007812,767.1819458007812,4275.562376320714,467.18194580078125,30.0,654.9079782049096,0.0,1,P0002_M007_G00,P0002_M007_G00,P0002,M007,2301.720662446339,3102.720662446339,801.0,0.7291434862026591,0.0
E52_29c9aa5399273a7ee24bceb6,9.102344682225166,11.583777919859742,9.102344682225166,451.9321692173844,486.7995103225277,694.6602918039094,0.2591062855773863,0.009166666666666667,0.24475,0.5130229522440529,2.0469770477559477,0.8396803274237334,418.40809326171876,0.0,0.0,418.40809326171876,546.1080932617188,5209.952188529321,322.9142761230469,30.0,661.9321692173844,0.0,1,P0002_M007_G00,P0002_M007_G00,P0002,M007,2301.720662446339,3102.720662446339,801.0,9.102344682225166,0.0
E52_2d291a2169e36d61d7bf7582,0.9713488889093327,12.790365797832976,0.9713488889093327,470.3839036593983,527.1993216484933,599.8752993842263,0.25224474652706685,0.009166666666666667,0.24475,0.5061614131937335,2.053838586806267,0.8418245583769582,681.7850158691406,0.0,0.0,681.7850158691406,809.4850158691406,4499.064745381697,509.4850158691406,30.0,680.3839036593984,0.0,1,P0002_M007_G00,P0002_M007_G00,P0002,M007,2301.720662446339,3102.720662446339,801.0,0.9713488889093327,0.0
E52_32cd7932ac3bc8f6e82bd016,6.395317050697628,12.531399030736651,6.395317050697628,433.33722088021847,474.19552115284216,621.5246401246948,0.24213542524196421,0.009166666666666667,0.24475,0.49605209190863087,2.06394790809137,0.8449837212785529,490.2996032714844,0.0,0.0,490.2996032714844,617.9996032714844,4661.434800935211,324.9372863769531,30.0,643.3372208802184,0.0,1,P0002_M007_G00,P0002_M007_G00,P0002,M007,2301.720662446339,3102.720662446339,801.0,6.395317050697628,0.0
E52_3322673a66874be8fb5ff9e0,6.079752587594399,12.93559360833251,6.079752587594399,392.2739001975914,423.9757012433271,594.3369941207687,0.2236811646950203,0.009166666666666667,0.24475,0.477597831361687,2.0824021686383136,0.8507506776994729,380.42161254882814,0.0,0.0,380.42161254882814,508.1216125488281,4457.527455905765,308.1216125488281,30.0,602.2739001975914,0.0,1,P0002_M007_G00,P0002_M007_G00,P0002,M007,2301.720662446339,3102.720662446339,801.0,6.079752587594399,0.0
E52_4513f74e4ba51c209cccc792,7.979665889701451,9.790974506635663,7.979665889701451,548.6050089915749,589.1156759023821,854.1460165183059,0.3160741321008959,0.009166666666666667,0.24475,0.5699907987675625,1.990009201232438,0.8218778753851367,486.1280029296875,0.0,0.0,486.1280029296875,613.8280029296875,6406.095123887295,391.8226318359375,30.0,758.6050089915749,0.0,1,P0002_M007_G00,P0002_M007_G00,P0002,M007,2301.720662446339,3102.720662446339,801.0,7.979665889701451,0.0
E52_575c4f100493de938643a13d,5.145316592407042,2.099203328999508,2.099203328999508,470.05405043895155,518.0123847895375,652.3580947743875,0.259560220504969,0.009166666666666667,0.24475,0.5134768871716356,2.046523112828365,0.8395384727588638,575.5000122070312,0.0,0.0,575.5000122070312,703.2000122070312,4892.685710807907,437.3766174316406,30.0,680.0540504389515,0.0,1,P0002_M007_G00,P0002_M007_G00,P0002,M007,2301.720662446339,3102.720662446339,801.0,2.099203328999508,0.0
E52_67646c2afbeb5602853e5a9c,6.068421082484775,12.927232110573698,6.068421082484775,404.7739001975914,440.6423679099937,594.3369941207687,0.22812669469116229,0.009166666666666667,0.24475,0.48204336135782894,2.0779566386421715,0.8493614495756785,430.42161254882814,0.0,0.0,430.42161254882814,558.1216125488281,4457.527455905765,308.1216125488281,30.0,614.7739001975914,0.0,1,P0002_M007_G00,P0002_M007_G00,P0002,M007,2301.720662446339,3102.720662446339,801.0,6.068421082484775,0.0
E52_7e4744117cf2a1b6b8665ab3,1.1880430529864014,12.590569849682154,1.1880430529864014,474.82609328547096,530.7107225986219,614.3444106920357,0.25587373999544005,0.009166666666666667,0.24475,0.5097904066621067,2.0502095933378937,0.8406904979180917,670.6155517578125,0.0,0.0,670.6155517578125,798.3155517578125,4607.5830801902675,498.3155517578125,30.0,684.826093285471,0.0,1,P0002_M007_G00,P0002_M007_G00,P0002,M007,2301.720662446339,3102.720662446339,801.0,1.1880430529864014,0.0
E52_a0032802edd73d232f2c84c2,1.7992292978925093,12.395809404549922,1.7992292978925093,482.4923087567502,538.5719606529091,628.5067061365473,0.26060588149401487,0.009166666666666667,0.24475,0.5145225481606815,2.045477451839319,0.839211703699787,672.9558227539062,0.0,0.0,672.9558227539062,800.6558227539062,4713.800296024105,500.65582275390625,30.0,692.4923087567502,0.0,1,P0002_M007_G00,P0002_M007_G00,P0002,M007,2301.720662446339,3102.720662446339,801.0,1.7992292978925093,0.0
E52_b4122a9095172602242b40e3,6.054891773416557,12.917805218005896,6.054891773416557,417.2739001975914,457.30903457666045,594.3369941207687,0.23257222468730426,0.009166666666666667,0.24475,0.4864888913539709,2.07351110864603,0.8479722214518841,480.42161254882814,0.0,0.0,480.42161254882814,608.1216125488281,4457.527455905765,308.1216125488281,30.0,627.2739001975914,0.0,1,P0002_M007_G00,P0002_M007_G00,P0002,M007,2301.720662446339,3102.720662446339,801.0,6.054891773416557,0.0
E52_b45db00398315637fb020e5f,8.990116679844363,10.742298629097064,8.990116679844363,520.0993036420956,566.0861185224667,764.2777180019647,0.2932088546230577,0.009166666666666667,0.24475,0.5471255212897244,2.012874478710276,0.8290232745969611,551.8417785644531,0.0,0.0,551.8417785644531,679.5417785644531,5732.082885014735,386.71868896484375,30.0,730.0993036420956,0.0,1,P0002_M007_G00,P0002_M007_G00,P0002,M007,2301.720662446339,3102.720662446339,801.0,8.990116679844363,0.0
E52_b677873645e212a13901ede2,6.602123665466749,9.230718628911887,6.602123665466749,575.9444140089429,616.0268887810784,911.3939793850733,0.3339048259552679,0.009166666666666667,0.24475,0.5878214926219345,1.972178507378066,0.8163057835556455,480.989697265625,0.0,0.0,480.989697265625,608.689697265625,6835.45484538805,390.98822021484375,30.0,785.9444140089429,0.0,1,P0002_M007_G00,P0002_M007_G00,P0002,M007,2301.720662446339,3102.720662446339,801.0,6.602123665466749,0.0
E52_be79b94db4a0a5b6faaed631,0.5166988155209538,13.435452033242427,0.5166988155209538,439.28613208838135,492.92224150407145,556.7556076826221,0.23507830977561708,0.009166666666666667,0.24475,0.48899497644228374,2.0710050235577167,0.8471890698617863,643.6333129882812,0.0,0.0,643.6333129882812,771.3333129882812,4175.667057619666,471.33331298828125,30.0,649.2861320883814,0.0,1,P0002_M007_G00,P0002_M007_G00,P0002,M007,2301.720662446339,3102.720662446339,801.0,0.5166988155209538,0.0
E52_beb70ec57fd2d66bf65b827f,1.6281698264162543,2.43785423226241,1.6281698264162543,429.6587378248194,468.09544538504076,628.6972302883107,0.2418430061920666,0.009166666666666667,0.24475,0.49575967285873324,2.0642403271412673,0.8450751022316458,461.24049072265626,0.0,0.0,461.24049072265626,588.9404907226562,4715.22922716233,538.9404907226562,30.0,639.6587378248194,0.0,1,P0002_M007_G00,P0002_M007_G00,P0002,M007,2301.720662446339,3102.720662446339,801.0,1.6281698264162543,0.0
E52_c515ea57360fd29f9add62f7,9.39218644815945,10.649906727109496,9.39218644815945,525.5980011021792,572.0554631586571,772.4512298654912,0.29632198385281766,0.009166666666666667,0.24475,0.5502386505194843,2.009761349480516,0.8280504217126612,557.4895446777343,0.0,0.0,557.4895446777343,685.1895446777344,5793.384223991184,393.3172912597656,30.0,735.5980011021792,0.0,1,P0002_M007_G00,P0002_M007_G00,P0002,M007,2301.720662446339,3102.720662446339,801.0,9.39218644815945,0.0
E52_cdef0b479e00ae29ebd83132,7.697786272509717,10.01648148125875,7.697786272509717,520.0071121141804,554.5433095222207,832.7970397801186,0.3028799960747676,0.009166666666666667,0.24475,0.5567966627414342,2.003203337258566,0.8260010428933018,414.4343688964844,0.0,0.0,414.4343688964844,542.1343688964844,6245.977798350889,297.6476745605469,30.0,730.0071121141804,0.0,1,P0002_M007_G00,P0002_M007_G00,P0002,M007,2301.720662446339,3102.720662446339,801.0,7.697786272509717,0.0
E52_d1d4424e0dfaa7a0ce62d445,6.1120469020989106,12.872868339328704,6.1120469020989106,402.0751033963921,436.37951216917855,598.3237541560654,0.22773150601213982,0.009166666666666667,0.24475,0.48164817267880644,2.0783518273211943,0.8494849460378731,411.6529052734375,0.0,0.0,411.6529052734375,539.3529052734375,4487.428156170491,269.83203125,30.0,612.075103396392,0.0,1,P0002_M007_G00,P0002_M007_G00,P0002,M007,2301.720662446339,3102.720662446339,801.0,6.1120469020989106,0.0
E52_da1eeef61bb4fffd90feecd9,9.076253808869353,11.577048041656667,9.076253808869353,464.4321692173844,503.4661769891943,694.6602918039094,0.2635518155735283,0.009166666666666667,0.24475,0.5174684822401949,2.0425315177598056,0.8382910992999391,468.40809326171876,0.0,0.0,468.40809326171876,596.1080932617188,5209.952188529321,322.9142761230469,30.0,674.4321692173844,0.0,1,P0002_M007_G00,P0002_M007_G00,P0002,M007,2301.720662446339,3102.720662446339,801.0,9.076253808869353,0.0
E52_ef8fa59407d07a2296b5f591,7.566679668253741,0.3151276047193221,0.3151276047193221,505.85939793409244,540.3898465933535,804.5361039126185,0.29384606362066074,0.009166666666666667,0.24475,0.5477627302873274,2.0122372697126734,0.8288241467852102,414.3653839111328,0.0,0.0,414.3653839111328,542.0653839111328,6034.020779344639,284.8677062988281,30.0,715.8593979340924,0.0,1,P0002_M007_G00,P0002_M007_G00,P0002,M007,2301.720662446339,3102.720662446339,801.0,0.3151276047193221,0.0
E52_f4836ff0bfcbe7f74f580128,0.5542145221587873,13.198394987858308,0.5542145221587873,446.8309536018799,500.3537512499919,572.525121315088,0.23999489789029496,0.009166666666666667,0.24475,0.4939115645569616,2.0660884354430387,0.8456526360759495,642.2735717773437,0.0,0.0,642.2735717773437,769.9735717773438,4293.93840986316,483.0478820800781,30.0,656.8309536018799,0.0,1,P0002_M007_G00,P0002_M007_G00,P0002,M007,2301.720662446339,3102.720662446339,801.0,0.5542145221587873,0.0
E52_fb97bb829fc82a7376005525,0.997404674963903,12.561592200960149,0.997404674963903,483.9909817485873,542.6900133241081,615.7877740440496,0.2593375767224136,0.009166666666666667,0.24475,0.5132542433890802,2.04674575661092,0.8396080489409125,704.38837890625,0.0,0.0,704.38837890625,832.08837890625,4618.408305330372,532.08837890625,30.0,693.9909817485873,0.0,1,P0002_M007_G00,P0002_M007_G00,P0002,M007,2301.720662446339,3102.720662446339,801.0,0.997404674963903,0.0
E52_01234cac2d25748209cb57e8,0.18868985374216152,5.963634638729843,0.18868985374216152,279.2236617812399,298.99466652163704,419.772700963196,0.15824405002114064,0.009166666666666667,0.12191666666666667,0.28932738335447394,2.2706726166455264,0.9095851927017269,254.4365661621094,17.18450927734375,17.18450927734375,254.4365661621094,382.1365661621094,3148.2952572239697,332.1365661621094,30.0,489.2236617812399,0.0,1,P0002_M008_G00,P0002_M008_G00,P0002,M008,741.6875,1140.6875,399.0,0.18868985374216152,0.0
E52_060143e4033ea7dfc142ce26,18.832708606146767,13.051384290227645,13.051384290227645,390.52156568077555,422.97629514244545,586.3147545915316,0.2219218246513189,0.009166666666666667,0.12191666666666667,0.35300515798465226,2.206994842015348,0.8896858881297962,389.4567535400391,0.0,0.0,389.4567535400391,517.1567535400391,4397.360659436487,298.2110595703125,30.0,600.5215656807756,0.0,1,P0002_M008_G00,P0002_M008_G00,P0002,M008,741.6875,1140.6875,399.0,13.051384290227645,0.0
E52_0c56c0f390b777971f9a7e58,13.583017416375768,2.1743859331465814,2.1743859331465814,461.3120930283848,507.24512830670517,647.0259743868478,0.2556960576036008,0.009166666666666667,0.12191666666666667,0.38677939093693414,2.1732206090630664,0.8791314403322081,551.1964233398437,0.0,0.0,551.1964233398437,678.8964233398438,4852.694807901358,439.2268981933594,30.0,671.3120930283849,0.0,1,P0002_M008_G00,P0002_M008_G00,P0002,M008,741.6875,1140.6875,399.0,2.1743859331465814,0.0
E52_0c9d91fc306062a18ada9948,0.17344186842686327,15.697900697510477,0.17344186842686327,331.42241999480143,370.2725110389095,429.7442937249544,0.1787296459836012,0.009166666666666667,0.12191666666666667,0.3098129793169345,2.250187020683066,0.903183443963458,466.2010925292969,0.0,0.0,466.2010925292969,593.9010925292969,3223.082202937158,335.390380859375,30.0,541.4224199948014,0.0,1,P0002_M008_G00,P0002_M008_G00,P0002,M008,741.6875,1140.6875,399.0,0.17344186842686327,0.0
E52_0f45fcab7c66cb90fa618929,19.195799897482146,12.721246579688795,12.721246579688795,427.8988653120833,469.21977900837237,607.8722484464322,0.23826781941132907,0.009166666666666667,0.12191666666666667,0.3693511527446624,2.1906488472553383,0.884577764767293,495.85096435546876,0.0,0.0,495.85096435546876,623.5509643554688,4559.041863348241,326.6978454589844,30.0,637.8988653120832,0.0,1,P0002_M008_G00,P0002_M008_G00,P0002,M008,741.6875,1140.6875,399.0,12.721246579688795,0.0
E52_0fa03b8d9ed736d48919c1b7,12.259406367936435,11.555158541579928,11.555158541579928,469.53189880990186,510.00510285042924,696.2245733766397,0.2655870342753843,0.009166666666666667,0.12191666666666667,0.39667036760871766,2.163329632391283,0.8760405101222757,485.67844848632814,0.0,0.0,485.67844848632814,613.3784484863281,5221.684300324798,325.1297912597656,30.0,679.5318988099018,0.0,1,P0002_M008_G00,P0002_M008_G00,P0002,M008,741.6875,1140.6875,399.0,11.555158541579928,0.0
E52_12b142f00e8cb4e3948f96c2,20.089291342324714,12.991659521749298,12.991659521749298,402.5936730780369,438.4739485500421,589.9056933240425,0.22672373828986628,0.009166666666666667,0.12191666666666667,0.3578070716231996,2.202192928376801,0.8881852901177502,430.5633056640625,0.0,0.0,430.5633056640625,558.2633056640625,4424.292699930319,284.7546081542969,30.0,612.5936730780369,0.0,1,P0002_M008_G00,P0002_M008_G00,P0002,M008,741.6875,1140.6875,399.0,12.991659521749298,0.0
E52_132fcaf6d631eae41e83e018,7.538592945304558,12.621037374336296,7.538592945304558,466.52713400648173,519.919143487276,612.7022111281979,0.2526897045720101,0.009166666666666667,0.12191666666666667,0.38377303790534345,2.176226962094657,0.8800709256545802,640.7041137695312,0.0,0.0,640.7041137695312,768.4041137695312,4595.266583461484,468.40411376953125,30.0,676.5271340064817,0.0,1,P0002_M008_G00,P0002_M008_G00,P0002,M008,741.6875,1140.6875,399.0,7.538592945304558,0.0
E52_154bbd26b7808edf72eaa410,6.187729331610996,13.235683344326844,6.187729331610996,444.90797820490957,498.19814035497467,570.0749835094285,0.23896400983981742,0.009166666666666667,0.12191666666666667,0.37004734317315074,2.1899526568268497,0.8843602052583904,639.4819458007812,0.0,0.0,639.4819458007812,767.1819458007812,4275.562376320714,467.18194580078125,30.0,654.9079782049096,0.0,1,P0002_M008_G00,P0002_M008_G00,P0002,M008,741.6875,1140.6875,399.0,6.187729331610996,0.0
E52_1eac4bbcd37cec5d48241661,0.2053602742329872,6.04580255430777,0.2053602742329872,275.66392246828667,298.30930922772677,415.4555243799327,0.1568759382441215,0.009166666666666667,0.12191666666666667,0.2879592715774548,2.272040728422546,0.9100127276320453,271.74464111328126,0.0,0.0,271.74464111328126,399.44464111328125,3115.9164328494953,326.2397766113281,30.0,485.66392246828667,0.0,1,P0002_M008_G00,P0002_M008_G00,P0002,M008,741.6875,1140.6875,399.0,0.2053602742329872,0.0
E52_215ef380a7eb56a6f7d09ab1,0.7387297242813418,12.440860913671315,0.7387297242813418,437.2780853288336,478.35957590907447,628.0672271762219,0.2444635461376352,0.009166666666666667,0.12191666666666667,0.37554687947096854,2.184453120529032,0.8826416001653223,492.97788696289064,0.0,0.0,492.97788696289064,620.6778869628906,4710.504203821664,324.9881591796875,30.0,647.2780853288336,0.0,1,P0002_M008_G00,P0002_M008_G00,P0002,M008,741.6875,1140.6875,399.0,0.7387297242813418,0.0
E52_231555d7070bcf1a0911e332,0.1788186397614595,5.981962334569488,0.1788186397614595,303.4113952968874,335.0249979987103,417.14117438283733,0.1669828432889251,0.009166666666666667,0.12191666666666667,0.2980661766222584,2.261933823377742,0.9068543198055442,379.363232421875,0.0,0.0,379.363232421875,507.063232421875,3128.55880787128,326.2397766113281,30.0,513.4113952968873,0.0,1,P0002_M008_G00,P0002_M008_G00,P0002,M008,741.6875,1140.6875,399.0,0.1788186397614595,0.0
E52_24cc4f01335372459fb4c2ba,4.810120311728326,12.909161020133865,4.810120311728326,410.2633482290822,447.7953418407359,595.3347347882426,0.23022027843265847,0.009166666666666667,0.12191666666666667,0.3613036117659918,2.1986963882340085,0.8870926213231276,450.38392333984376,0.0,0.0,450.38392333984376,578.0839233398438,4465.010510911819,278.08392333984375,30.0,620.2633482290822,0.0,1,P0002_M008_G00,P0002_M008_G00,P0002,M008,741.6875,1140.6875,399.0,4.810120311728326,0.0
E52_27bf01e9e990859ae5993708,0.17604921844527155,15.932490639468014,0.17604921844527155,318.6138217216496,355.0514931287134,418.60161500091635,0.17259630304263499,0.009166666666666667,0.12191666666666667,0.3036796363759683,2.2563203636240323,0.9051001136325099,437.25205688476564,0.0,0.0,437.25205688476564,564.9520568847656,3139.5121125068727,326.2397766113281,30.0,528.6138217216496,0.0,1,P0002_M008_G00,P0002_M008_G00,P0002,M008,741.6875,1140.6875,399.0,0.17604921844527155,0.0
E52_29c9aa5399273a7ee24bceb6,11.92078527095947,11.583777919859742,11.583777919859742,451.9321692173844,486.7995103225277,694.6602918039094,0.2591062855773863,0.009166666666666667,0.12191666666666667,0.3901896189107196,2.169810381089281,0.8780657440904002,418.40809326171876,0.0,0.0,418.40809326171876,546.1080932617188,5209.952188529321,322.9142761230469,30.0,661.9321692173844,0.0,1,P0002_M008_G00,P0002_M008_G00,P0002,M008,741.6875,1140.6875,399.0,11.583777919859742,0.0
E52_2cea01313b8862fcfb6b2e63,4.186252941052814,16.460055432828085,4.186252941052814,259.5957489704318,280.08528245838755,396.2542970131293,0.148442074342722,0.009166666666666667,0.12191666666666667,0.2795254076760553,2.2804745923239453,0.9126483101012327,245.87440185546876,0.0,0.0,245.87440185546876,373.57440185546875,2971.90722759847,231.8917236328125,30.0,469.5957489704318,0.0,1,P0002_M008_G00,P0002_M008_G00,P0002,M008,741.6875,1140.6875,399.0,4.186252941052814,0.0
E52_2d291a2169e36d61d7bf7582,6.4716668796534975,12.790365797832976,6.4716668796534975,470.3839036593983,527.1993216484933,599.8752993842263,0.25224474652706685,0.009166666666666667,0.12191666666666667,0.3833280798604002,2.1766719201396003,0.880209975043625,681.7850158691406,0.0,0.0,681.7850158691406,809.4850158691406,4499.064745381697,509.4850158691406,30.0,680.3839036593984,0.0,1,P0002_M008_G00,P0002_M008_G00,P0002,M008,741.6875,1140.6875,399.0,6.4716668796534975,0.0
E52_2d7a36258a59c18fc6a856bf,0.2618877857591997,16.662039037059316,0.2618877857591997,318.72117968179435,361.17160743651436,382.73979283526836,0.16755561647288383,0.009166666666666667,0.12191666666666667,0.2986389498062172,2.2613610501937833,0.9066753281855571,509.40513305664064,0.0,0.0,509.40513305664064,637.1051330566406,2870.5484462645127,346.4301452636719,30.0,528.7211796817944,0.0,1,P0002_M008_G00,P0002_M008_G00,P0002,M008,741.6875,1140.6875,399.0,0.2618877857591997,0.0
E52_2dadfb43d7dd9558e21effa9,5.067641440210238,12.85982438864363,5.067641440210238,396.07517918576866,428.1792069974549,599.5261915014202,0.22576797164618329,0.009166666666666667,0.12191666666666667,0.3568513049795166,2.203148695020484,0.8884839671939011,385.2483337402344,0.0,0.0,385.2483337402344,512.9483337402344,4496.446436260651,251.37640380859375,30.0,606.0751791857687,0.0,1,P0002_M008_G00,P0002_M008_G00,P0002,M008,741.6875,1140.6875,399.0,5.067641440210238,0.0
E52_2e64690809088e2a96fb2160,1.1939793087223904,9.500767968691491,1.1939793087223904,523.7789293194231,550.945126524013,884.5606754113072,0.31155234822715455,0.009166666666666667,0.12191666666666667,0.4426356815604879,2.117364318439513,0.8616763495123475,325.99436645507814,0.0,0.0,325.99436645507814,453.6943664550781,6634.205065584804,329.6845703125,30.0,733.7789293194231,0.0,1,P0002_M008_G00,P0002_M008_G00,P0002,M008,741.6875,1140.6875,399.0,1.1939793087223904,0.0
E52_30110e5b3ae38ecfab28ace2,5.554168235305468,10.05954008012911,5.554168235305468,514.4106891471403,547.7506496268766,828.7816154158626,0.30032099335417484,0.009166666666666667,0.12191666666666667,0.43140432668750817,2.128595673312492,0.8651861479101537,400.07952575683595,0.0,0.0,400.07952575683595,527.7795257568359,6215.862115618969,313.0162353515625,30.0,724.4106891471403,0.0,1,P0002_M008_G00,P0002_M008_G00,P0002,M008,741.6875,1140.6875,399.0,5.554168235305468,0.0
E52_326bd9096774308657b14836,0.3547984048494044,6.820761438549596,0.3547984048494044,254.20783025924425,275.6237299174474,379.92026256926977,0.1442126230476059,0.009166666666666667,0.12191666666666667,0.27529595638093923,2.2847040436190613,0.9139700136309565,256.9907958984375,0.0,0.0,256.9907958984375,384.6907958984375,2849.4019692695233,334.6907958984375,30.0,464.20783025924425,0.0,1,P0002_M008_G00,P0002_M008_G00,P0002,M008,741.6875,1140.6875,399.0,0.3547984048494044,0.0
E52_32cd7932ac3bc8f6e82bd016,18.13952033672203,12.531399030736651,12.531399030736651,433.33722088021847,474.19552115284216,621.5246401246948,0.24213542524196421,0.009166666666666667,0.12191666666666667,0.37321875857529757,2.1867812414247028,0.8833691379452195,490.2996032714844,0.0,0.0,490.2996032714844,617.9996032714844,4661.434800935211,324.9372863769531,30.0,643.3372208802184,0.0,1,P0002_M008_G00,P0002_M008_G00,P0002,M008,741.6875,1140.6875,399.0,12.531399030736651,0.0
E52_3322673a66874be8fb5ff9e0,20.750971361943627,12.93559360833251,12.93559360833251,392.2739001975914,423.9757012433271,594.3369941207687,0.2236811646950203,0.009166666666666667,0.12191666666666667,0.35476449802835364,2.205235501971647,0.8891360943661395,380.42161254882814,0.0,0.0,380.42161254882814,508.1216125488281,4457.527455905765,308.1216125488281,30.0,602.2739001975914,0.0,1,P0002_M008_G00,P0002_M008_G00,P0002,M008,741.6875,1140.6875,399.0,12.93559360833251,0.0
E52_357bbbd4dc4420221c875ea3,5.458019246096001,12.241245229232817,5.458019246096001,405.4327582223269,433.1514265878055,644.5535062517828,0.23547283792056264,0.009166666666666667,0.12191666666666667,0.36655617125389595,2.1934438287461044,0.8854511964831575,332.6240203857422,0.0,0.0,332.6240203857422,460.3240203857422,4834.151296888371,255.67149353027344,30.0,615.4327582223269,0.0,1,P0002_M008_G00,P0002_M008_G00,P0002,M008,741.6875,1140.6875,399.0,5.458019246096001,0.0
E52_3875f0f2b8e39572338b498b,0.8034758095627552,12.654831201135607,0.8034758095627552,430.443023323014,471.8276755243487,612.5781334380202,0.23983909257274777,0.009166666666666667,0.12191666666666667,0.3709224259060811,2.1890775740939192,0.8840867419043497,496.61582641601564,0.0,0.0,496.61582641601564,624.3158264160156,4594.336000785152,324.3158264160156,30.0,640.443023323014,0.0,1,P0002_M008_G00,P0002_M008_G00,P0002,M008,741.6875,1140.6875,399.0,0.8034758095627552,0.0
E52_3a94b6482baa2cfaba8a857d,0.09209556162311117,16.425448776817632,0.09209556162311117,326.01303055755295,369.111023518165,393.4381033514341,0.17166403726355467,0.009166666666666667,0.12191666666666667,0.302747370596888,2.2572526294031126,0.9053914466884725,517.1759155273437,0.0,0.0,517.1759155273437,644.8759155273438,2950.785775135756,352.4370422363281,30.0,536.013030557553,0.0,1,P0002_M008_G00,P0002_M008_G00,P0002,M008,741.6875,1140.6875,399.0,0.09209556162311117,0.0
E52_413d3eff5d481ef66f8d3068,1.189561150282401,9.493762996477216,1.189561150282401,548.7789293194231,584.2784598573463,884.5606754113072,0.3204434082194385,0.009166666666666667,0.12191666666666667,0.45152674155277184,2.1084732584472285,0.8588978932647588,425.99436645507814,0.0,0.0,425.99436645507814,553.6943664550781,6634.205065584804,329.6845703125,30.0,758.7789293194231,17.091429319423128,0,P0002_M008_G00,P0002_M008_G00,P0002,M008,741.6875,1140.6875,399.0,1.189561150282401,0.0
E52_437c6a333219b14c3939f26c,0.18139355055009787,6.0194831627628105,0.18139355055009787,277.09771274073506,296.211315442558,417.14117438283733,0.1570562493971614,0.009166666666666667,0.12191666666666667,0.2881395827304947,2.271860417269506,0.9099563803967204,248.53977661132814,19.176544189453125,19.176544189453125,248.53977661132814,376.2397766113281,3128.55880787128,326.2397766113281,30.0,487.09771274073506,0.0,1,P0002_M008_G00,P0002_M008_G00,P0002,M008,741.6875,1140.6875,399.0,0.18139355055009787,0.0
E52_44ed69e1d99dc074a7941a18,3.754735464242316,8.900383690419545,3.754735464242316,188.27556058823757,199.0276355292369,299.7078152072368,0.1090911242968749,0.009166666666666667,0.12191666666666667,0.24017445763020823,2.3198255423697924,0.9249454819905599,139.59420471191407,10.569305419921875,10.569305419921875,139.59420471191407,267.29420471191406,2247.808614054276,217.29420471191406,30.0,398.27556058823757,0.0,1,P0002_M008_G00,P0002_M008_G00,P0002,M008,741.6875,1140.6875,399.0,3.754735464242316,0.0
E52_4513f74e4ba51c209cccc792,7.431248675226058,9.790974506635663,7.431248675226058,548.6050089915749,589.1156759023821,854.1460165183059,0.3160741321008959,0.009166666666666667,0.12191666666666667,0.44715746543422924,2.1128425345657713,0.8602632920518034,486.1280029296875,0.0,0.0,486.1280029296875,613.8280029296875,6406.095123887295,391.8226318359375,30.0,758.6050089915749,16.91750899157489,0,P0002_M008_G00,P0002_M008_G00,P0002,M008,741.6875,1140.6875,399.0,7.431248675226058,0.0
E52_4cf0fac9feb721651efb2830,2.658280742848845,17.82597875173802,2.658280742848845,242.69354898018014,267.32891198677197,337.5749199208095,0.13412057160327687,0.009166666666666667,0.12191666666666667,0.26520390493661017,2.2947960950633903,0.9171237797073093,295.6243560791016,0.0,0.0,295.6243560791016,423.32435607910156,2531.8118994060715,217.31182861328125,30.0,452.69354898018014,0.0,1,P0002_M008_G00,P0002_M008_G00,P0002,M008,741.6875,1140.6875,399.0,2.658280742848845,0.0
E52_4d215302190bc5bfb29bf912,9.713639065507849,16.37371485667674,9.713639065507849,307.50969179304633,343.7570581260541,397.53518558804575,0.1656637075427803,0.009166666666666667,0.12191666666666667,0.2967470408761136,2.263252959123887,0.9072665497262145,434.96839599609376,0.0,0.0,434.96839599609376,562.6683959960938,2981.5138919103433,336.56707763671875,30.0,517.5096917930464,0.0,1,P0002_M008_G00,P0002_M008_G00,P0002,M008,741.6875,1140.6875,399.0,9.713639065507849,0.0
E52_50c718ca7f326f764494c89d,3.7016622096596734,13.080943299176411,3.7016622096596734,350.85355156655817,370.1881015340061,585.6998033284289,0.20772710552759727,0.009166666666666667,0.12191666666666667,0.3388104388609306,2.2211895611390697,0.8941217378559592,232.014599609375,0.0,0.0,232.014599609375,359.714599609375,4392.748524963216,275.29461669921875,30.0,560.8535515665582,0.0,1,P0002_M008_G00,P0002_M008_G00,P0002,M008,741.6875,1140.6875,399.0,3.7016622096596734,0.0
E52_515a3b7c8d98426ee13f2b4e,2.6430040121940834,17.07508762021844,2.6430040121940834,242.68536134104386,262.0561394884234,369.14605379781034,0.13858886614696947,0.009166666666666667,0.12191666666666667,0.2696721994803028,2.2903278005196976,0.9157274376624054,232.4493377685547,0.0,0.0,232.4493377685547,360.1493377685547,2768.5954034835777,210.1493377685547,30.0,452.68536134104386,0.0,1,P0002_M008_G00,P0002_M008_G00,P0002,M008,741.6875,1140.6875,399.0,2.6430040121940834,0.0
E52_575c4f100493de938643a13d,13.766513328191621,2.099203328999508,2.099203328999508,470.05405043895155,518.0123847895375,652.3580947743875,0.259560220504969,0.009166666666666667,0.12191666666666667,0.39064355383830235,2.1693564461616983,0.8779238894255306,575.5000122070312,0.0,0.0,575.5000122070312,703.2000122070312,4892.685710807907,437.3766174316406,30.0,680.0540504389515,0.0,1,P0002_M008_G00,P0002_M008_G00,P0002,M008,741.6875,1140.6875,399.0,2.099203328999508,0.0
E52_60b76d98beea93305f35c25d,4.21414290078512,16.79058398580294,4.21414290078512,271.8613885249859,299.0873836523459,380.3668062858116,0.15055421784231732,0.009166666666666667,0.12191666666666667,0.28163755117565065,2.2783624488243497,0.9119882652576092,326.7119415283203,0.0,0.0,326.7119415283203,454.4119415283203,2852.751047143587,241.2421875,30.0,481.8613885249859,0.0,1,P0002_M008_G00,P0002_M008_G00,P0002,M008,741.6875,1140.6875,399.0,4.21414290078512,0.0
E52_67646c2afbeb5602853e5a9c,20.57856055603314,12.927232110573698,12.927232110573698,404.7739001975914,440.6423679099937,594.3369941207687,0.22812669469116229,0.009166666666666667,0.12191666666666667,0.35921002802449564,2.200789971975505,0.8877468662423451,430.42161254882814,0.0,0.0,430.42161254882814,558.1216125488281,4457.527455905765,308.1216125488281,30.0,614.7739001975914,0.0,1,P0002_M008_G00,P0002_M008_G00,P0002,M008,741.6875,1140.6875,399.0,12.927232110573698,0.0
E52_68694062ed2e2e792aeb51a9,6.028045227530427,17.695890544520793,6.028045227530427,262.3147609906027,292.8212075746684,341.5908424768108,0.1416674545099547,0.009166666666666667,0.12191666666666667,0.272750787843288,2.2872492121567127,0.9147653787989725,366.0773590087891,0.0,0.0,366.0773590087891,493.77735900878906,2561.931318576081,213.8477783203125,30.0,472.3147609906027,0.0,1,P0002_M008_G00,P0002_M008_G00,P0002,M008,741.6875,1140.6875,399.0,6.028045227530427,0.0
E52_6aa461eda22a4c53e6730e81,0.1830529803829961,6.478254834226846,0.1830529803829961,265.89885796308323,288.44260847170955,395.1560268799425,0.15049315106948455,0.009166666666666667,0.12191666666666667,0.2815764844028179,2.278423515597183,0.9120073486241194,271.70716552734376,1.182159423828125,1.182159423828125,271.70716552734376,399.40716552734375,2963.670201599569,349.40716552734375,30.0,475.89885796308323,0.0,1,P0002_M008_G00,P0002_M008_G00,P0002,M008,741.6875,1140.6875,399.0,0.1830529803829961,0.0
E52_73baea82bbbffa2db9d7426a,0.17827121859157558,5.711384152670419,0.17827121859157558,297.3854850658978,324.64222792478455,431.2305129784753,0.16683515196021612,0.009166666666666667,0.12191666666666667,0.2979184852935495,2.262081514706451,0.9069004733457657,327.08091430664064,0.0,0.0,327.08091430664064,454.7809143066406,3234.2288473385647,335.390380859375,30.0,507.3854850658978,0.0,1,P0002_M008_G00,P0002_M008_G00,P0002,M008,741.6875,1140.6875,399.0,0.17827121859157558,0.0
E52_7547086a1218012670f76a62,4.750157952867184,2.277872015791573,2.277872015791573,375.1797445493145,391.65409045589,642.7455049270795,0.22423479709031385,0.009166666666666667,0.12191666666666667,0.3553181304236472,2.2046818695763535,0.8889630842426103,205.20750122070314,7.515350341796875,7.515350341796875,205.20750122070314,332.9075012207031,4820.591286953097,282.9075012207031,30.0,585.1797445493145,0.0,1,P0002_M008_G00,P0002_M008_G00,P0002,M008,741.6875,1140.6875,399.0,2.277872015791573,0.0
E52_76b4f0bdabd1ccab126282dd,4.239562692964,17.180198899819032,4.239562692964,244.7670432960008,265.6078646257534,364.489158613486,0.13866967590706417,0.009166666666666667,0.12191666666666667,0.26975300924039747,2.290246990759603,0.9157021846123758,250.08985595703126,0.0,0.0,250.08985595703126,377.78985595703125,2733.6686896011447,241.2421875,30.0,454.7670432960008,0.0,1,P0002_M008_G00,P0002_M008_G00,P0002,M008,741.6875,1140.6875,399.0,4.239562692964,0.0
E52_7dc5542bb1ad046741692f59,0.32911786947521193,15.630401191468053,0.32911786947521193,333.52010664670297,372.50493279823297,433.1312563842263,0.17995534493942492,0.009166666666666667,0.12191666666666667,0.3110386782727582,2.248961321727242,0.9028004130397631,467.8179138183594,0.0,0.0,467.8179138183594,595.5179138183594,3248.484422881697,322.1230773925781,30.0,543.520106646703,0.0,1,P0002_M008_G00,P0002_M008_G00,P0002,M008,741.6875,1140.6875,399.0,0.32911786947521193,0.0
E52_7e4744117cf2a1b6b8665ab3,6.783735696851437,12.590569849682154,6.783735696851437,474.82609328547096,530.7107225986219,614.3444106920357,0.25587373999544005,0.009166666666666667,0.12191666666666667,0.3869570733287734,2.173042926671227,0.8790759145847583,670.6155517578125,0.0,0.0,670.6155517578125,798.3155517578125,4607.5830801902675,498.3155517578125,30.0,684.826093285471,0.0,1,P0002_M008_G00,P0002_M008_G00,P0002,M008,741.6875,1140.6875,399.0,6.783735696851437,0.0
E52_7e5f4a4eaf9aa5b10576997a,5.226764664584721,13.086620585622072,5.226764664584721,384.11958913832314,414.7999833745699,584.1568128591658,0.21933939564120059,0.009166666666666667,0.12191666666666667,0.3504227289745339,2.2095772710254664,0.8904928971954582,368.16473083496095,0.0,0.0,368.16473083496095,495.86473083496094,4381.1760964437435,251.37640380859375,30.0,594.1195891383231,0.0,1,P0002_M008_G00,P0002_M008_G00,P0002,M008,741.6875,1140.6875,399.0,5.226764664584721,0.0
E52_88c1c7aba1fcf94c58dad20e,1.1921330317019851,9.497510042154289,1.1921330317019851,536.2789293194231,567.6117931906797,884.5606754113072,0.3159978782232965,0.009166666666666667,0.12191666666666667,0.44708121155662983,2.1129187884433707,0.8602871213885532,375.99436645507814,0.0,0.0,375.99436645507814,503.6943664550781,6634.205065584804,329.6845703125,30.0,746.2789293194231,4.591429319423128,0,P0002_M008_G00,P0002_M008_G00,P0002,M008,741.6875,1140.6875,399.0,1.1921330317019851,0.0
E52_8ca7795ffa642a3b129c0a3d,0.1974179151247455,15.730152054416479,0.1974179151247455,330.94608252023,369.9122522589995,428.0951466078428,0.17832668261553564,0.009166666666666667,0.12191666666666667,0.30941001594886897,2.2505899840511314,0.9033093700159784,467.5940368652344,0.0,0.0,467.5940368652344,595.2940368652344,3210.713599558821,335.390380859375,30.0,540.94608252023,0.0,1,P0002_M008_G00,P0002_M008_G00,P0002,M008,741.6875,1140.6875,399.0,0.1974179151247455,0.0
E52_924cec2d58c933358893a332,5.212345615614524,12.302862284422105,5.212345615614524,416.670444788364,448.9844576972996,639.4568121231148,0.23874762537865796,0.009166666666666667,0.12191666666666667,0.3698309587119913,2.190169041288009,0.8844278254025028,387.7681549072266,0.0,0.0,387.7681549072266,515.4681549072266,4795.926090923361,252.644287109375,30.0,626.670444788364,0.0,1,P0002_M008_G00,P0002_M008_G00,P0002,M008,741.6875,1140.6875,399.0,5.212345615614524,0.0
E52_96da4f081c74d8211b4b244f,4.916796458313556,12.47027426673894,4.916796458313556,406.4445801679392,437.368205859671,627.3474061854878,0.23339590098708082,0.009166666666666667,0.12191666666666667,0.3644792343204142,2.1955207656795865,0.8861002392748706,371.08350830078126,0.0,0.0,371.08350830078126,498.78350830078125,4705.105546391158,251.37640380859375,30.0,616.4445801679392,0.0,1,P0002_M008_G00,P0002_M008_G00,P0002,M008,741.6875,1140.6875,399.0,4.916796458313556,0.0
E52_a0032802edd73d232f2c84c2,7.837604783519836,12.395809404549922,7.837604783519836,482.4923087567502,538.5719606529091,628.5067061365473,0.26060588149401487,0.009166666666666667,0.12191666666666667,0.3916892148273482,2.168310785172652,0.8775971203664537,672.9558227539062,0.0,0.0,672.9558227539062,800.6558227539062,4713.800296024105,500.65582275390625,30.0,692.4923087567502,0.0,1,P0002_M008_G00,P0002_M008_G00,P0002,M008,741.6875,1140.6875,399.0,7.837604783519836,0.0
E52_a3836b1674b2d70f748125c1,3.7666674360043686,18.388582284998307,3.7666674360043686,238.77143733771516,265.74771093797557,315.68523307386783,0.1296256139323784,0.009166666666666667,0.12191666666666667,0.2607089472657117,2.2992910527342887,0.9185284539794651,323.715283203125,0.0,0.0,323.715283203125,451.415283203125,2367.639248054009,217.29420471191406,30.0,448.77143733771516,0.0,1,P0002_M008_G00,P0002_M008_G00,P0002,M008,741.6875,1140.6875,399.0,3.7666674360043686,0.0
E52_a77602565c04dca5831f9b7a,8.04678301857929,15.758600383852013,8.04678301857929,295.3505394617105,322.31471665694164,428.9160157520343,0.16578365241547813,0.009166666666666667,0.12191666666666667,0.29686698574881143,2.263133014251189,0.9072290669534965,323.57012634277345,0.0,0.0,323.57012634277345,451.27012634277344,3216.870118140257,284.58648681640625,30.0,505.3505394617105,0.0,1,P0002_M008_G00,P0002_M008_G00,P0002,M008,741.6875,1140.6875,399.0,8.04678301857929,0.0
E52_aaa387ee3ee3170bd804334d,5.317989794894615,18.409477866986336,5.317989794894615,263.5215778829557,299.2286101502083,312.8009621623957,0.13801933350380158,0.009166666666666667,0.12191666666666667,0.2691026668371349,2.2908973331628655,0.9159054166133953,428.48438720703126,0.0,0.0,428.48438720703126,556.1843872070312,2346.0072162179677,386.9435729980469,30.0,473.5215778829557,0.0,1,P0002_M008_G00,P0002_M008_G00,P0002,M008,741.6875,1140.6875,399.0,5.317989794894615,0.0
E52_b4122a9095172602242b40e3,20.352417976712303,12.917805218005896,12.917805218005896,417.2739001975914,457.30903457666045,594.3369941207687,0.23257222468730426,0.009166666666666667,0.12191666666666667,0.3636555580206376,2.1963444419793627,0.8863576381185507,480.42161254882814,0.0,0.0,480.42161254882814,608.1216125488281,4457.527455905765,308.1216125488281,30.0,627.2739001975914,0.0,1,P0002_M008_G00,P0002_M008_G00,P0002,M008,741.6875,1140.6875,399.0,12.917805218005896,0.0
E52_b45db00398315637fb020e5f,10.669225695904828,10.742298629097064,10.669225695904828,520.0993036420956,566.0861185224667,764.2777180019647,0.2932088546230577,0.009166666666666667,0.12191666666666667,0.424292187956391,2.1357078120436093,0.8674086912636279,551.8417785644531,0.0,0.0,551.8417785644531,679.5417785644531,5732.082885014735,386.71868896484375,30.0,730.0993036420956,0.0,1,P0002_M008_G00,P0002_M008_G00,P0002,M008,741.6875,1140.6875,399.0,10.669225695904828,0.0
E52_b544b4d7beda1d6ed7fbeefb,7.916047012305,16.252686834440453,7.916047012305,293.91354735972715,324.49113296153376,404.3615811086144,0.16179511839250177,0.009166666666666667,0.12191666666666667,0.2928784517258351,2.2671215482741656,0.9084754838356766,366.9310272216797,0.0,0.0,366.9310272216797,494.6310272216797,3032.711858314608,277.91845703125,30.0,503.91354735972715,0.0,1,P0002_M008_G00,P0002_M008_G00,P0002,M008,741.6875,1140.6875,399.0,7.916047012305,0.0
E52_b60e4d2a4cdcd5801a5d757f,0.3548119472465885,16.480566458341656,0.3548119472465885,308.26023760270465,345.626388522301,392.32356968783114,0.16519254750221457,0.009166666666666667,0.12191666666666667,0.2962758808355479,2.2637241191644524,0.9074137872388913,448.39381103515626,0.0,0.0,448.39381103515626,576.0938110351562,2942.4267726587336,326.2397766113281,30.0,518.2602376027046,0.0,1,P0002_M008_G00,P0002_M008_G00,P0002,M008,741.6875,1140.6875,399.0,0.3548119472465885,0.0
E52_b677873645e212a13901ede2,6.213627699447727,9.230718628911887,6.213627699447727,575.9444140089429,616.0268887810784,911.3939793850733,0.3339048259552679,0.009166666666666667,0.12191666666666667,0.4649881592886012,2.095011840711399,0.8546912002223122,480.989697265625,0.0,0.0,480.989697265625,608.689697265625,6835.45484538805,390.98822021484375,30.0,785.9444140089429,44.256914008942886,0,P0002_M008_G00,P0002_M008_G00,P0002,M008,741.6875,1140.6875,399.0,6.213627699447727,0.0
E52_b6789310c1ab16898a769b78,3.456042659127604,2.625622464396969,2.625622464396969,372.38145547243056,389.4038741939475,617.4514627840539,0.21924054354678854,0.009166666666666667,0.12191666666666667,0.3503238768801219,2.2096761231198787,0.8905237884749619,225.84925537109376,21.580230712890625,21.580230712890625,225.84925537109376,353.54925537109375,4630.885970880404,303.54925537109375,30.0,582.3814554724306,0.0,1,P0002_M008_G00,P0002_M008_G00,P0002,M008,741.6875,1140.6875,399.0,2.625622464396969,0.0
E52_b7c433bb400c5a28313b13f0,7.9064276081898015,16.00220965111248,7.9064276081898015,270.63016208552887,291.2047849391259,417.8125870494757,0.1554195344851095,0.009166666666666667,0.12191666666666667,0.2865028678184428,2.2734971321815576,0.9104678538067367,246.89547424316407,0.0,0.0,246.89547424316407,374.59547424316406,3133.594402871068,284.58648681640625,30.0,480.63016208552887,0.0,1,P0002_M008_G00,P0002_M008_G00,P0002,M008,741.6875,1140.6875,399.0,7.9064276081898015,0.0
E52_be69bdf55826f2eb34075d09,0.129100810593485,12.029424972929434,0.129100810593485,457.6877788138426,500.48965717077624,658.5642874860837,0.25604119113741575,0.009166666666666667,0.12191666666666667,0.3871245244707491,2.1728754755292514,0.8790235861028909,513.6225402832031,0.0,0.0,513.6225402832031,641.3225402832031,4939.232156145627,341.3225402832031,30.0,667.6877788138427,0.0,1,P0002_M008_G00,P0002_M008_G00,P0002,M008,741.6875,1140.6875,399.0,0.129100810593485,0.0
E52_be79b94db4a0a5b6faaed631,5.8556195066339995,13.435452033242427,5.8556195066339995,439.28613208838135,492.92224150407145,556.7556076826221,0.23507830977561708,0.009166666666666667,0.12191666666666667,0.3661616431089504,2.19383835689105,0.885574486528453,643.6333129882812,0.0,0.0,643.6333129882812,771.3333129882812,4175.667057619666,471.33331298828125,30.0,649.2861320883814,0.0,1,P0002_M008_G00,P0002_M008_G00,P0002,M008,741.6875,1140.6875,399.0,5.8556195066339995,0.0
E52_beb70ec57fd2d66bf65b827f,7.541541972929281,2.43785423226241,2.43785423226241,429.6587378248194,468.09544538504076,628.6972302883107,0.2418430061920666,0.009166666666666667,0.12191666666666667,0.37292633952539994,2.1870736604746006,0.8834605188983126,461.24049072265626,0.0,0.0,461.24049072265626,588.9404907226562,4715.22922716233,538.9404907226562,30.0,639.6587378248194,0.0,1,P0002_M008_G00,P0002_M008_G00,P0002,M008,741.6875,1140.6875,399.0,2.43785423226241,0.0
E52_bfffb2993ede6e2e2bd9340b,3.690870292320824,13.053008949478723,3.690870292320824,400.85355156655817,436.85476820067277,585.6998033284289,0.22550922551216515,0.009166666666666667,0.12191666666666667,0.35659255884549845,2.203407441154502,0.8885648253607817,432.014599609375,0.0,0.0,432.014599609375,559.714599609375,4392.748524963216,275.29461669921875,30.0,610.8535515665582,0.0,1,P0002_M008_G00,P0002_M008_G00,P0002,M008,741.6875,1140.6875,399.0,3.690870292320824,0.0
E52_c0294c7ff44d44fc4ede8d97,0.3453400539276714,16.7256600789149,0.3453400539276714,316.70783025924425,358.9570632507807,379.92026256926977,0.16644027302831577,0.009166666666666667,0.12191666666666667,0.2975236063616491,2.2624763936383516,0.9070238730119846,506.9907958984375,0.0,0.0,506.9907958984375,634.6907958984375,2849.4019692695233,334.6907958984375,30.0,526.7078302592442,0.0,1,P0002_M008_G00,P0002_M008_G00,P0002,M008,741.6875,1140.6875,399.0,0.3453400539276714,0.0
E52_c515ea57360fd29f9add62f7,10.377053771692204,10.649906727109496,10.377053771692204,525.5980011021792,572.0554631586571,772.4512298654912,0.29632198385281766,0.009166666666666667,0.12191666666666667,0.427405317186151,2.1325946828138496,0.8664358383793278,557.4895446777343,0.0,0.0,557.4895446777343,685.1895446777344,5793.384223991184,393.3172912597656,30.0,735.5980011021792,0.0,1,P0002_M008_G00,P0002_M008_G00,P0002,M008,741.6875,1140.6875,399.0,10.377053771692204,0.0
E52_c76d93c5902d0dc017f7065c,8.086823887502206,16.05706218628906,8.086823887502206,260.86241804033426,278.57034040361555,415.47730190098105,0.1516149798935124,0.009166666666666667,0.12191666666666667,0.28269831322684574,2.277301686773155,0.9116567771166108,212.495068359375,0.0,0.0,212.495068359375,340.195068359375,3116.079764257358,277.91845703125,30.0,470.86241804033426,0.0,1,P0002_M008_G00,P0002_M008_G00,P0002,M008,741.6875,1140.6875,399.0,8.086823887502206,0.0
E52_cdef0b479e00ae29ebd83132,5.870320954293348,10.01648148125875,5.870320954293348,520.0071121141804,554.5433095222207,832.7970397801186,0.3028799960747676,0.009166666666666667,0.12191666666666667,0.43396332940810095,2.1260366705918994,0.8643864595599684,414.4343688964844,0.0,0.0,414.4343688964844,542.1343688964844,6245.977798350889,297.6476745605469,30.0,730.0071121141804,0.0,1,P0002_M008_G00,P0002_M008_G00,P0002,M008,741.6875,1140.6875,399.0,5.870320954293348,0.0
E52_d1d4424e0dfaa7a0ce62d445,10.326438120911263,12.872868339328704,10.326438120911263,402.0751033963921,436.37951216917855,598.3237541560654,0.22773150601213982,0.009166666666666667,0.12191666666666667,0.35881483934547315,2.201185160654527,0.8878703627045397,411.6529052734375,0.0,0.0,411.6529052734375,539.3529052734375,4487.428156170491,269.83203125,30.0,612.075103396392,0.0,1,P0002_M008_G00,P0002_M008_G00,P0002,M008,741.6875,1140.6875,399.0,10.326438120911263,0.0
E52_d22cbe82615c6d2ee0ebf49f,0.18869264552814968,15.758568264926964,0.18869264552814968,318.17309843891866,352.9726015110215,427.5491784452201,0.1737067461230003,0.009166666666666667,0.12191666666666667,0.30479007945633363,2.255209920543667,0.9047531001698957,417.5940368652344,0.0,0.0,417.5940368652344,545.2940368652344,3206.618838339151,335.390380859375,30.0,528.1730984389187,0.0,1,P0002_M008_G00,P0002_M008_G00,P0002,M008,741.6875,1140.6875,399.0,0.18869264552814968,0.0
E52_d3460088443e86b69235cf2f,0.09751656362870165,10.110906533633653,0.09751656362870165,520.9986937965015,557.4049117530444,823.5600798537452,0.3019244763287566,0.009166666666666667,0.12191666666666667,0.4330078096620899,2.1269921903379108,0.8646850594805969,436.87461547851564,0.0,0.0,436.87461547851564,564.5746154785156,6176.700598903089,281.75616455078125,30.0,730.9986937965015,0.0,1,P0002_M008_G00,P0002_M008_G00,P0002,M008,741.6875,1140.6875,399.0,0.09751656362870165,0.0
E52_d7f1f5d49edaa9f52000c452,4.816859079935227,12.917919470378578,4.816859079935227,397.7633482290822,431.12867517406926,595.3347347882426,0.22577474843651651,0.009166666666666667,0.12191666666666667,0.35685808176984984,2.2031419182301506,0.888481849446922,400.38392333984376,0.0,0.0,400.38392333984376,528.0839233398438,4465.010510911819,278.08392333984375,30.0,607.7633482290822,0.0,1,P0002_M008_G00,P0002_M008_G00,P0002,M008,741.6875,1140.6875,399.0,4.816859079935227,0.0
E52_da1eeef61bb4fffd90feecd9,11.891330612148039,11.577048041656667,11.577048041656667,464.4321692173844,503.4661769891943,694.6602918039094,0.2635518155735283,0.009166666666666667,0.12191666666666667,0.39463514890686163,2.165364851093139,0.8766765159666058,468.40809326171876,0.0,0.0,468.40809326171876,596.1080932617188,5209.952188529321,322.9142761230469,30.0,674.4321692173844,0.0,1,P0002_M008_G00,P0002_M008_G00,P0002,M008,741.6875,1140.6875,399.0,11.577048041656667,0.0
E52_da487d3b8a0906fb4529d12f,0.31260605257193674,15.138353346482333,0.31260605257193674,331.4673547495513,365.316990573119,459.8368945576963,0.18300743845595838,0.009166666666666667,0.12191666666666667,0.3140907717892917,2.2459092282107087,0.9018466338158464,406.1956298828125,0.0,0.0,406.1956298828125,533.8956298828125,3448.7767091827222,283.8956298828125,30.0,541.4673547495513,0.0,1,P0002_M008_G00,P0002_M008_G00,P0002,M008,741.6875,1140.6875,399.0,0.31260605257193674,0.0
E52_dbe1bedc9b83d29f34556dbd,5.48925853779113,13.016499113861627,5.48925853779113,387.86022911882606,419.0031732004504,588.862793747906,0.22133620210273125,0.009166666666666667,0.12191666666666667,0.3524195354360646,2.207580464563936,0.8898688951762298,373.7153289794922,0.0,0.0,373.7153289794922,501.4153289794922,4416.470953109295,233.02317810058594,30.0,597.860229118826,0.0,1,P0002_M008_G00,P0002_M008_G00,P0002,M008,741.6875,1140.6875,399.0,5.48925853779113,0.0
E52_dc4c132291b7b9525a26c82f,7.927994896743471,16.290878065555617,7.927994896743471,256.41354735972715,274.49113296153376,404.3615811086144,0.14845852840407586,0.009166666666666667,0.12191666666666667,0.2795418617374092,2.2804581382625915,0.9126431682070596,216.9310272216797,0.0,0.0,216.9310272216797,344.6310272216797,3032.711858314608,277.91845703125,30.0,466.41354735972715,0.0,1,P0002_M008_G00,P0002_M008_G00,P0002,M008,741.6875,1140.6875,399.0,7.927994896743471,0.0
E52_de2c36302e014a6d0284c896,0.18695850876338227,15.994052628622484,0.18695850876338227,325.41177480357015,364.7238282296769,414.95122905049965,0.1744969638873427,0.009166666666666667,0.12191666666666667,0.30558029722067603,2.2544197027793245,0.9045061571185388,471.74464111328126,0.0,0.0,471.74464111328126,599.4446411132812,3112.134217878747,326.2397766113281,30.0,535.4117748035701,0.0,1,P0002_M008_G00,P0002_M008_G00,P0002,M008,741.6875,1140.6875,399.0,0.18695850876338227,0.0
E52_e0325aad0b87e7c07e10fc2c,0.18114859492473556,5.987785159048158,0.18114859492473556,275.1983248954777,294.96932963587483,418.60161500091635,0.15682137892336617,0.009166666666666667,0.12191666666666667,0.2879047122566995,2.272095287743301,0.9100297774197814,248.53977661132814,11.2877197265625,11.2877197265625,248.53977661132814,376.2397766113281,3139.5121125068727,326.2397766113281,30.0,485.1983248954777,0.0,1,P0002_M008_G00,P0002_M008_G00,P0002,M008,741.6875,1140.6875,399.0,0.18114859492473556,0.0
E52_ea76d341ab82f2ebc1fa1efe,0.19377899526962494,6.056283714240493,0.19377899526962494,275.41177480357015,298.05716156301025,414.95122905049965,0.15671484390277482,0.009166666666666667,0.12191666666666667,0.2877981772361081,2.2722018227638925,0.9100630696137162,271.74464111328126,0.0,0.0,271.74464111328126,399.44464111328125,3112.134217878747,326.2397766113281,30.0,485.41177480357015,0.0,1,P0002_M008_G00,P0002_M008_G00,P0002,M008,741.6875,1140.6875,399.0,0.19377899526962494,0.0
E52_eab18c460278cfbad2c20da0,6.032064067735021,7.760329046990023,6.032064067735021,212.31476099060268,226.15454090800176,341.5908424768108,0.12388533452538679,0.009166666666666667,0.12191666666666667,0.25496866785872013,2.3050313321412803,0.92032229129415,166.07735900878907,0.0,0.0,166.07735900878907,293.77735900878906,2561.931318576081,213.8477783203125,30.0,422.3147609906027,0.0,1,P0002_M008_G00,P0002_M008_G00,P0002,M008,741.6875,1140.6875,399.0,6.032064067735021,0.0
E52_eb490529b308e18523949520,5.452835615478591,12.235001379754962,5.452835615478591,417.9327582223269,449.8180932544721,644.5535062517828,0.23991836791670462,0.009166666666666667,0.12191666666666667,0.37100170125003795,2.1889982987499623,0.8840619683593631,382.6240203857422,0.0,0.0,382.6240203857422,510.3240203857422,4834.151296888371,255.67149353027344,30.0,627.9327582223269,0.0,1,P0002_M008_G00,P0002_M008_G00,P0002,M008,741.6875,1140.6875,399.0,5.452835615478591,0.0
E52_eddf192c3626d88d236d26e4,6.035414029331747,17.034187922993553,6.035414029331747,241.72684180786888,260.473536754158,370.9735139380034,0.13850678679446915,0.009166666666666667,0.12191666666666667,0.2695901201278025,2.290409879872198,0.9157530874600617,224.96033935546876,0.0,0.0,224.96033935546876,352.66033935546875,2782.3013545350254,199.07135009765625,30.0,451.7268418078689,0.0,1,P0002_M008_G00,P0002_M008_G00,P0002,M008,741.6875,1140.6875,399.0,6.035414029331747,0.0
E52_ede4029bd5e695a7a0c85289,4.8219316267261405,12.925612211179384,4.8219316267261405,385.2633482290822,414.4620085074026,595.3347347882426,0.22132921844037454,0.009166666666666667,0.12191666666666667,0.3524125517737079,2.2075874482262927,0.8898710775707163,350.38392333984376,0.0,0.0,350.38392333984376,478.08392333984375,4465.010510911819,278.08392333984375,30.0,595.2633482290822,0.0,1,P0002_M008_G00,P0002_M008_G00,P0002,M008,741.6875,1140.6875,399.0,4.8219316267261405,0.0
E52_ef8fa59407d07a2296b5f591,5.471441035912903,0.3151276047193221,0.3151276047193221,505.85939793409244,540.3898465933535,804.5361039126185,0.29384606362066074,0.009166666666666667,0.12191666666666667,0.42492939695399407,2.1350706030460063,0.8672095634518768,414.3653839111328,0.0,0.0,414.3653839111328,542.0653839111328,6034.020779344639,284.8677062988281,30.0,715.8593979340924,0.0,1,P0002_M008_G00,P0002_M008_G00,P0002,M008,741.6875,1140.6875,399.0,0.3151276047193221,0.0
E52_f4836ff0bfcbe7f74f580128,5.857186879240203,13.198394987858308,5.857186879240203,446.8309536018799,500.3537512499919,572.525121315088,0.23999489789029496,0.009166666666666667,0.12191666666666667,0.37107823122362826,2.188921768776372,0.8840380527426162,642.2735717773437,0.0,0.0,642.2735717773437,769.9735717773438,4293.93840986316,483.0478820800781,30.0,656.8309536018799,0.0,1,P0002_M008_G00,P0002_M008_G00,P0002,M008,741.6875,1140.6875,399.0,5.857186879240203,0.0
E52_fb97bb829fc82a7376005525,6.420468847062537,12.561592200960149,6.420468847062537,483.9909817485873,542.6900133241081,615.7877740440496,0.2593375767224136,0.009166666666666667,0.12191666666666667,0.3904209100557469,2.1695790899442535,0.8779934656075791,704.38837890625,0.0,0.0,704.38837890625,832.08837890625,4618.408305330372,532.08837890625,30.0,693.9909817485873,0.0,1,P0002_M008_G00,P0002_M008_G00,P0002,M008,741.6875,1140.6875,399.0,6.420468847062537,0.0
E52_fd527d975e1813662620f82c,0.2515585281702357,12.45056667278017,0.2515585281702357,418.2192341110554,452.9085204066283,628.3027504486734,0.23771876612520712,0.009166666666666667,0.12191666666666667,0.3688020994585405,2.19119790054146,0.8847493439192061,416.271435546875,0.0,0.0,416.271435546875,543.971435546875,4712.2706283650505,307.606201171875,30.0,628.2192341110554,0.0,1,P0002_M008_G00,P0002_M008_G00,P0002,M008,741.6875,1140.6875,399.0,0.2515585281702357,0.0
E52_fe6c7b852578a086d3069b9b,0.3359780338328875,5.686957833294301,0.3359780338328875,283.52010664670297,305.8382661315663,433.1312563842263,0.16217322495485703,0.009166666666666667,0.12191666666666667,0.29325655828819036,2.26674344171181,0.9083573255349405,267.8179138183594,0.0,0.0,267.8179138183594,395.5179138183594,3248.484422881697,322.1230773925781,30.0,493.52010664670297,0.0,1,P0002_M008_G00,P0002_M008_G00,P0002,M008,741.6875,1140.6875,399.0,0.3359780338328875,0.0
E52_0c9d91fc306062a18ada9948,7.0084862389900024,15.697900697510477,7.0084862389900024,331.42241999480143,370.2725110389095,429.7442937249544,0.1787296459836012,0.009166666666666667,0.16261284722222222,0.3505091598724901,2.2094908401275104,0.8904658875398468,466.2010925292969,0.0,0.0,466.2010925292969,593.9010925292969,3223.082202937158,335.390380859375,30.0,541.4224199948014,0.0,1,P0002_M009_G00,P0002_M009_G00,P0002,M009,5774.80373581083,6306.99123581083,532.1875,7.0084862389900024,0.0
E52_189eb019491ad876aa165071,9.695128280784644,3.8094716871601975,3.8094716871601975,403.09916814168594,448.35288467407526,534.676037089036,0.21908171065325852,0.009166666666666667,0.16261284722222222,0.3908612245421474,2.1691387754578533,0.877855867330579,543.0445983886718,0.0,0.0,543.0445983886718,670.7445983886719,4010.07027816777,391.87322998046875,30.0,613.0991681416859,0.0,1,P0002_M009_G00,P0002_M009_G00,P0002,M009,5774.80373581083,6306.99123581083,532.1875,3.8094716871601975,0.0
E52_215ef380a7eb56a6f7d09ab1,7.236269287947721,12.440860913671315,7.236269287947721,437.2780853288336,478.35957590907447,628.0672271762219,0.2444635461376352,0.009166666666666667,0.16261284722222222,0.4162430600265241,2.1437569399734766,0.8699240437417113,492.97788696289064,0.0,0.0,492.97788696289064,620.6778869628906,4710.504203821664,324.9881591796875,30.0,647.2780853288336,0.0,1,P0002_M009_G00,P0002_M009_G00,P0002,M009,5774.80373581083,6306.99123581083,532.1875,7.236269287947721,0.0
E52_231de36c6439da832299e30f,4.599017917286076,16.451156269229884,4.599017917286076,336.2639482811268,383.1573412254627,391.1675388962379,0.1749881335365896,0.009166666666666667,0.16261284722222222,0.3467676474254785,2.213232352574522,0.891635110179538,562.7207153320312,0.0,0.0,562.7207153320312,690.4207153320312,2933.7565417217843,390.42071533203125,30.0,546.2639482811268,0.0,1,P0002_M009_G00,P0002_M009_G00,P0002,M009,5774.80373581083,6306.99123581083,532.1875,4.599017917286076,0.0
E52_246111a1ef063bec9e89ec9e,8.575691888014816,13.03223549741864,8.575691888014816,413.11352328410356,453.07003166626504,586.4879962752384,0.22998101771643822,0.009166666666666667,0.16261284722222222,0.4017605316053271,2.1582394683946733,0.8744498338733353,479.4781005859375,0.0,0.0,479.4781005859375,607.1781005859375,4398.659972064288,469.28277587890625,30.0,623.1135232841036,0.0,1,P0002_M009_G00,P0002_M009_G00,P0002,M009,5774.80373581083,6306.99123581083,532.1875,8.575691888014816,0.0
E52_27bf1882d0e1a812c8450c72,6.4104812089145184,16.18675851321828,6.4104812089145184,334.03154784809436,377.9609795090644,404.48650573036844,0.17608047258726683,0.009166666666666667,0.16261284722222222,0.3478599864761557,2.212140013523845,0.8912937542262014,527.1531799316406,0.0,0.0,527.1531799316406,654.8531799316406,3033.648792977763,364.9013671875,30.0,544.0315478480943,0.0,1,P0002_M009_G00,P0002_M009_G00,P0002,M009,5774.80373581083,6306.99123581083,532.1875,6.4104812089145184,0.0
E52_2d7a36258a59c18fc6a856bf,5.997167616304111,16.662039037059316,5.997167616304111,318.72117968179435,361.17160743651436,382.73979283526836,0.16755561647288383,0.009166666666666667,0.16261284722222222,0.3393351303617727,2.220664869638228,0.893957771761946,509.40513305664064,0.0,0.0,509.40513305664064,637.1051330566406,2870.5484462645127,346.4301452636719,30.0,528.7211796817944,0.0,1,P0002_M009_G00,P0002_M009_G00,P0002,M009,5774.80373581083,6306.99123581083,532.1875,5.997167616304111,0.0
E52_347c51b45a583dd4c5a4aad0,8.071563748446437,10.359339260709504,8.071563748446437,545.8106765870443,594.6474365357748,798.6007934817058,0.3072138543106079,0.009166666666666667,0.16261284722222222,0.4789933681994968,2.081006631800504,0.8503145724376573,586.0411193847656,0.0,0.0,586.0411193847656,713.7411193847656,5989.505951112793,425.30462646484375,30.0,755.8106765870443,0.0,1,P0002_M009_G00,P0002_M009_G00,P0002,M009,5774.80373581083,6306.99123581083,532.1875,8.071563748446437,0.0
E52_3875f0f2b8e39572338b498b,7.224642538904277,12.654831201135607,7.224642538904277,430.443023323014,471.8276755243487,612.5781334380202,0.23983909257274777,0.009166666666666667,0.16261284722222222,0.4116186064616366,2.1483813935383638,0.8713691854807386,496.61582641601564,0.0,0.0,496.61582641601564,624.3158264160156,4594.336000785152,324.3158264160156,30.0,640.443023323014,0.0,1,P0002_M009_G00,P0002_M009_G00,P0002,M009,5774.80373581083,6306.99123581083,532.1875,7.224642538904277,0.0
E52_3a94b6482baa2cfaba8a857d,6.205753892012169,16.425448776817632,6.205753892012169,326.01303055755295,369.111023518165,393.4381033514341,0.17166403726355467,0.009166666666666667,0.16261284722222222,0.3434435511524435,2.216556448847557,0.8926738902648614,517.1759155273437,0.0,0.0,517.1759155273437,644.8759155273438,2950.785775135756,352.4370422363281,30.0,536.013030557553,0.0,1,P0002_M009_G00,P0002_M009_G00,P0002,M009,5774.80373581083,6306.99123581083,532.1875,6.205753892012169,0.0
E52_47db2d0d55c92154c779a4c9,6.061526749283374,16.45726286038159,6.061526749283374,312.62709924858126,351.3219092257948,393.08533863388124,0.16685347284684848,0.009166666666666667,0.16261284722222222,0.3386329867357374,2.2213670132642633,0.894177191645082,464.3377197265625,0.0,0.0,464.3377197265625,592.0377197265625,2948.1400397541092,295.61395263671875,30.0,522.6270992485813,0.0,1,P0002_M009_G00,P0002_M009_G00,P0002,M009,5774.80373581083,6306.99123581083,532.1875,6.061526749283374,0.0
E52_60b0dc656c777ee2cc2279b1,8.270612326516968,0.21315146591224732,0.21315146591224732,563.4362729251038,615.9641949832094,811.705013501575,0.3153381258454166,0.009166666666666667,0.16261284722222222,0.48711763973430544,2.072882360265695,0.8477757375830296,630.3350646972656,0.0,0.0,630.3350646972656,758.0350646972656,6087.787601261813,495.9024353027344,30.0,773.4362729251038,0.0,1,P0002_M009_G00,P0002_M009_G00,P0002,M009,5774.80373581083,6306.99123581083,532.1875,0.21315146591224732,0.0
E52_6dc095df8eb6475486134b5c,9.025375827509535,12.905188948092743,9.025375827509535,424.06014837873875,466.2734748964797,594.8403376510322,0.23505698741925235,0.009166666666666667,0.16261284722222222,0.4068365013081412,2.1531634986918595,0.8728635933412059,506.55991821289064,0.0,0.0,506.55991821289064,634.2599182128906,4461.302532382741,440.2059631347656,30.0,634.0601483787387,0.0,1,P0002_M009_G00,P0002_M009_G00,P0002,M009,5774.80373581083,6306.99123581083,532.1875,9.025375827509535,0.0
E52_7dc5542bb1ad046741692f59,7.00648707818759,15.630401191468053,7.00648707818759,333.52010664670297,372.50493279823297,433.1312563842263,0.17995534493942492,0.009166666666666667,0.16261284722222222,0.3517348588283138,2.2082651411716867,0.8900828566161519,467.8179138183594,0.0,0.0,467.8179138183594,595.5179138183594,3248.484422881697,322.1230773925781,30.0,543.520106646703,0.0,1,P0002_M009_G00,P0002_M009_G00,P0002,M009,5774.80373581083,6306.99123581083,532.1875,7.00648707818759,0.0
E52_82c821a5773d0bfbe554f10a,11.240343925362424,11.397135806608844,11.240343925362424,512.9354114719376,566.0737563002253,707.0407539741487,0.2825549862639304,0.009166666666666667,0.16261284722222222,0.4543345001528193,2.105665499847181,0.858020468702244,637.6601379394531,0.0,0.0,637.6601379394531,765.3601379394531,5302.805654806116,465.3601379394531,30.0,722.9354114719376,0.0,1,P0002_M009_G00,P0002_M009_G00,P0002,M009,5774.80373581083,6306.99123581083,532.1875,11.240343925362424,0.0
E52_8ca7795ffa642a3b129c0a3d,6.966080081699303,15.730152054416479,6.966080081699303,330.94608252023,369.9122522589995,428.0951466078428,0.17832668261553564,0.009166666666666667,0.16261284722222222,0.35010619650442454,2.209893803495576,0.8905918135923674,467.5940368652344,0.0,0.0,467.5940368652344,595.2940368652344,3210.713599558821,335.390380859375,30.0,540.94608252023,0.0,1,P0002_M009_G00,P0002_M009_G00,P0002,M009,5774.80373581083,6306.99123581083,532.1875,6.966080081699303,0.0
E52_8d375985c45fff9288668cb3,4.407503473049033,16.222123863058812,4.407503473049033,353.99602207193686,405.21742048909175,400.663653640944,0.182639281392285,0.009166666666666667,0.16261284722222222,0.35441879528117387,2.205581204718827,0.8892441264746331,614.6567810058593,0.0,0.0,614.6567810058593,742.3567810058594,3004.97740230708,442.3567810058594,30.0,563.9960220719369,0.0,1,P0002_M009_G00,P0002_M009_G00,P0002,M009,5774.80373581083,6306.99123581083,532.1875,4.407503473049033,0.0
E52_9b18c2085562c5280ea1e394,7.5155198001554595,0.02697066595830222,0.02697066595830222,563.4972144032131,613.0086493397365,829.9258191872856,0.3179402888393461,0.009166666666666667,0.16261284722222222,0.489719802728235,2.0702801972717655,0.8469625616474266,594.1372192382812,0.0,0.0,594.1372192382812,721.8372192382812,6224.443643904642,493.42156982421875,30.0,773.4972144032131,0.0,1,P0002_M009_G00,P0002_M009_G00,P0002,M009,5774.80373581083,6306.99123581083,532.1875,0.02697066595830222,0.0
E52_a1af1f4ab7d520e82e20be53,9.496065550682573,0.45430012492889205,0.45430012492889205,547.7224457312177,598.7128286250978,789.5025940991541,0.30660524396013417,0.009166666666666667,0.16261284722222222,0.478384757849023,2.0816152421509777,0.8505047631721803,611.8845947265625,0.0,0.0,611.8845947265625,739.5845947265625,5921.269455743655,499.0620422363281,30.0,757.7224457312177,0.0,1,P0002_M009_G00,P0002_M009_G00,P0002,M009,5774.80373581083,6306.99123581083,532.1875,0.45430012492889205,0.0
E52_b8aeee13ee5f313ffdb298e7,8.401562249413445,0.32052137756616617,0.32052137756616617,550.9628084392909,600.9445446860357,802.0351993981131,0.309532562555218,0.009166666666666667,0.16261284722222222,0.4813120764441069,2.0786879235558935,0.8495899761112167,599.7808349609375,0.0,0.0,599.7808349609375,727.4808349609375,6015.263995485849,488.552978515625,30.0,760.9628084392909,0.0,1,P0002_M009_G00,P0002_M009_G00,P0002,M009,5774.80373581083,6306.99123581083,532.1875,0.32052137756616617,0.0
E52_be69bdf55826f2eb34075d09,8.607486198729944,12.029424972929434,8.607486198729944,457.6877788138426,500.48965717077624,658.5642874860837,0.25604119113741575,0.009166666666666667,0.16261284722222222,0.42782070502630465,2.132179294973696,0.8663060296792798,513.6225402832031,0.0,0.0,513.6225402832031,641.3225402832031,4939.232156145627,341.3225402832031,30.0,667.6877788138427,0.0,1,P0002_M009_G00,P0002_M009_G00,P0002,M009,5774.80373581083,6306.99123581083,532.1875,8.607486198729944,0.0
E52_c0294c7ff44d44fc4ede8d97,5.940365891923506,16.7256600789149,5.940365891923506,316.70783025924425,358.9570632507807,379.92026256926977,0.16644027302831577,0.009166666666666667,0.16261284722222222,0.33821978691720467,2.2217802130827957,0.8943063165883736,506.9907958984375,0.0,0.0,506.9907958984375,634.6907958984375,2849.4019692695233,334.6907958984375,30.0,526.7078302592442,0.0,1,P0002_M009_G00,P0002_M009_G00,P0002,M009,5774.80373581083,6306.99123581083,532.1875,5.940365891923506,0.0
E52_c10a50247c57c0340b451298,8.14063124848731,3.1495087650690863,3.1495087650690863,410.4813485396202,450.8988478275434,578.4577013517014,0.22790762835174688,0.009166666666666667,0.16261284722222222,0.39968714224063573,2.1603128577593647,0.8750977680498013,485.00999145507814,0.0,0.0,485.00999145507814,612.7099914550781,4338.432760137761,515.4917602539062,30.0,620.4813485396203,0.0,1,P0002_M009_G00,P0002_M009_G00,P0002,M009,5774.80373581083,6306.99123581083,532.1875,3.1495087650690863,0.0
E52_c117f06f984d58b2275e6c48,8.079857438480559,0.365836005255062,0.365836005255062,533.3106765870443,577.980769869108,798.6007934817058,0.30276832431446593,0.009166666666666667,0.16261284722222222,0.4745478382033548,2.0854521617966455,0.8517038005614517,536.0411193847656,0.0,0.0,536.0411193847656,663.7411193847656,5989.505951112793,425.30462646484375,30.0,743.3106765870443,0.0,1,P0002_M009_G00,P0002_M009_G00,P0002,M009,5774.80373581083,6306.99123581083,532.1875,0.365836005255062,0.0
E52_d6d1511afdebb88632549a71,5.148881955737139,16.177909036830457,5.148881955737139,342.76879390848103,389.67749650450963,404.08537224079015,0.1791309979165653,0.009166666666666667,0.16261284722222222,0.3509105118054542,2.209089488194546,0.8903404650607956,562.9044311523437,0.0,0.0,562.9044311523437,690.6044311523438,3030.640291805926,390.60443115234375,30.0,552.768793908481,0.0,1,P0002_M009_G00,P0002_M009_G00,P0002,M009,5774.80373581083,6306.99123581083,532.1875,5.148881955737139,0.0
E52_dbec4f1422e98765afb262aa,6.201096709067627,16.38523852602286,6.201096709067627,322.5402116809159,364.1002534899979,395.72017250733956,0.1707521496628321,0.009166666666666667,0.16261284722222222,0.34253166355172093,2.2174683364482797,0.8929588551400872,498.7205017089844,0.0,0.0,498.7205017089844,626.4205017089844,2967.901293805047,326.4205017089844,30.0,532.540211680916,0.0,1,P0002_M009_G00,P0002_M009_G00,P0002,M009,5774.80373581083,6306.99123581083,532.1875,6.201096709067627,0.0
E52_dd12fb0cc4aee52816704b73,9.540257155358589,0.5498680641518376,0.5498680641518376,547.6210002825783,600.0718247658139,780.5370536657424,0.3052994367315811,0.009166666666666667,0.16261284722222222,0.47707895062047,2.0829210493795305,0.8509128279311031,629.4098937988281,0.0,0.0,629.4098937988281,757.1098937988281,5854.027902493068,543.108642578125,30.0,757.6210002825783,0.0,1,P0002_M009_G00,P0002_M009_G00,P0002,M009,5774.80373581083,6306.99123581083,532.1875,0.5498680641518376,0.0
E52_de2c36302e014a6d0284c896,6.690406713655818,15.994052628622484,6.690406713655818,325.41177480357015,364.7238282296769,414.95122905049965,0.1744969638873427,0.009166666666666667,0.16261284722222222,0.3462764777762316,2.213723522223769,0.8917886006949276,471.74464111328126,0.0,0.0,471.74464111328126,599.4446411132812,3112.134217878747,326.2397766113281,30.0,535.4117748035701,0.0,1,P0002_M009_G00,P0002_M009_G00,P0002,M009,5774.80373581083,6306.99123581083,532.1875,6.690406713655818,0.0
E52_060143e4033ea7dfc142ce26,7.189601053278707,13.051384290227645,7.189601053278707,390.52156568077555,422.97629514244545,586.3147545915316,0.2219218246513189,0.009166666666666667,0.16008246527777778,0.39117095659576334,2.168829043404237,0.877759076063824,389.4567535400391,0.0,0.0,389.4567535400391,517.1567535400391,4397.360659436487,298.2110595703125,30.0,600.5215656807756,0.0,1,P0002_M010_G00,P0002_M010_G00,P0002,M010,4184.861478416422,4708.767728416422,523.90625,7.189601053278707,0.0
E52_06eb0baa948af7ff52881bcf,1.0060553752836086,16.258674653736037,1.0060553752836086,296.7597053393259,328.36499963050426,403.88764493158146,0.16274021246714285,0.009166666666666667,0.16008246527777778,0.3319893444115873,2.228010655588413,0.896253329871379,379.26353149414064,0.0,0.0,379.26353149414064,506.9635314941406,3029.157336986861,310.16876220703125,30.0,506.7597053393259,0.0,1,P0002_M010_G00,P0002_M010_G00,P0002,M010,4184.861478416422,4708.767728416422,523.90625,1.0060553752836086,0.0
E52_0c56c0f390b777971f9a7e58,3.471011364506708,2.1743859331465814,2.1743859331465814,461.3120930283848,507.24512830670517,647.0259743868478,0.2556960576036008,0.009166666666666667,0.16008246527777778,0.4249451895480453,2.135054810451955,0.8672046282662359,551.1964233398437,0.0,0.0,551.1964233398437,678.8964233398438,4852.694807901358,439.2268981933594,30.0,671.3120930283849,0.0,1,P0002_M010_G00,P0002_M010_G00,P0002,M010,4184.861478416422,4708.767728416422,523.90625,2.1743859331465814,0.0
E52_0c9d91fc306062a18ada9948,1.7538108177590743,15.697900697510477,1.7538108177590743,331.42241999480143,370.2725110389095,429.7442937249544,0.1787296459836012,0.009166666666666667,0.16008246527777778,0.34797877792804566,2.2120212220719546,0.8912566318974857,466.2010925292969,0.0,0.0,466.2010925292969,593.9010925292969,3223.082202937158,335.390380859375,30.0,541.4224199948014,0.0,1,P0002_M010_G00,P0002_M010_G00,P0002,M010,4184.861478416422,4708.767728416422,523.90625,1.7538108177590743,0.0
E52_0f45fcab7c66cb90fa618929,6.060232928981648,12.721246579688795,6.060232928981648,427.8988653120833,469.21977900837237,607.8722484464322,0.23826781941132907,0.009166666666666667,0.16008246527777778,0.4075169513557735,2.152483048644227,0.8726509527013208,495.85096435546876,0.0,0.0,495.85096435546876,623.5509643554688,4559.041863348241,326.6978454589844,30.0,637.8988653120832,0.0,1,P0002_M010_G00,P0002_M010_G00,P0002,M010,4184.861478416422,4708.767728416422,523.90625,6.060232928981648,0.0
E52_0fa03b8d9ed736d48919c1b7,8.362549553232114,11.555158541579928,8.362549553232114,469.53189880990186,510.00510285042924,696.2245733766397,0.2655870342753843,0.009166666666666667,0.16008246527777778,0.4348361662198288,2.1251638337801717,0.8641136980563036,485.67844848632814,0.0,0.0,485.67844848632814,613.3784484863281,5221.684300324798,325.1297912597656,30.0,679.5318988099018,0.0,1,P0002_M010_G00,P0002_M010_G00,P0002,M010,4184.861478416422,4708.767728416422,523.90625,8.362549553232114,0.0
E52_12b142f00e8cb4e3948f96c2,6.691985171180306,12.991659521749298,6.691985171180306,402.5936730780369,438.4739485500421,589.9056933240425,0.22672373828986628,0.009166666666666667,0.16008246527777778,0.3959728702343107,2.1640271297656897,0.8762584780517779,430.5633056640625,0.0,0.0,430.5633056640625,558.2633056640625,4424.292699930319,284.7546081542969,30.0,612.5936730780369,0.0,1,P0002_M010_G00,P0002_M010_G00,P0002,M010,4184.861478416422,4708.767728416422,523.90625,6.691985171180306,0.0
E52_132fcaf6d631eae41e83e018,0.8070989219459364,12.621037374336296,0.8070989219459364,466.52713400648173,519.919143487276,612.7022111281979,0.2526897045720101,0.009166666666666667,0.16008246527777778,0.4219388365164546,2.138061163483546,0.868144113588608,640.7041137695312,0.0,0.0,640.7041137695312,768.4041137695312,4595.266583461484,468.40411376953125,30.0,676.5271340064817,0.0,1,P0002_M010_G00,P0002_M010_G00,P0002,M010,4184.861478416422,4708.767728416422,523.90625,0.8070989219459364,0.0
E52_154bbd26b7808edf72eaa410,0.32028936068445546,13.235683344326844,0.32028936068445546,444.90797820490957,498.19814035497467,570.0749835094285,0.23896400983981742,0.009166666666666667,0.16008246527777778,0.4082131417842618,2.151786858215739,0.8724333931924182,639.4819458007812,0.0,0.0,639.4819458007812,767.1819458007812,4275.562376320714,467.18194580078125,30.0,654.9079782049096,0.0,1,P0002_M010_G00,P0002_M010_G00,P0002,M010,4184.861478416422,4708.767728416422,523.90625,0.32028936068445546,0.0
E52_189eb019491ad876aa165071,0.6683873012807737,3.8094716871601975,0.6683873012807737,403.09916814168594,448.35288467407526,534.676037089036,0.21908171065325852,0.009166666666666667,0.16008246527777778,0.38833084259770295,2.1716691574022975,0.8786466116882179,543.0445983886718,0.0,0.0,543.0445983886718,670.7445983886719,4010.07027816777,391.87322998046875,30.0,613.0991681416859,0.0,1,P0002_M010_G00,P0002_M010_G00,P0002,M010,4184.861478416422,4708.767728416422,523.90625,0.6683873012807737,0.0
E52_1eac4bbcd37cec5d48241661,1.6885288587671141,6.04580255430777,1.6885288587671141,275.66392246828667,298.30930922772677,415.4555243799327,0.1568759382441215,0.009166666666666667,0.16008246527777778,0.32612507018856596,2.2338749298114347,0.8980859155660732,271.74464111328126,0.0,0.0,271.74464111328126,399.44464111328125,3115.9164328494953,326.2397766113281,30.0,485.66392246828667,0.0,1,P0002_M010_G00,P0002_M010_G00,P0002,M010,4184.861478416422,4708.767728416422,523.90625,1.6885288587671141,0.0
E52_215ef380a7eb56a6f7d09ab1,4.619633923612724,12.440860913671315,4.619633923612724,437.2780853288336,478.35957590907447,628.0672271762219,0.2444635461376352,0.009166666666666667,0.16008246527777778,0.4137126780820797,2.146287321917921,0.8707147880993501,492.97788696289064,0.0,0.0,492.97788696289064,620.6778869628906,4710.504203821664,324.9881591796875,30.0,647.2780853288336,0.0,1,P0002_M010_G00,P0002_M010_G00,P0002,M010,4184.861478416422,4708.767728416422,523.90625,4.619633923612724,0.0
E52_231555d7070bcf1a0911e332,1.6588153883970875,5.981962334569488,1.6588153883970875,303.4113952968874,335.0249979987103,417.14117438283733,0.1669828432889251,0.009166666666666667,0.16008246527777778,0.33623197523336956,2.223768024766631,0.894927507739572,379.363232421875,0.0,0.0,379.363232421875,507.063232421875,3128.55880787128,326.2397766113281,30.0,513.4113952968873,0.0,1,P0002_M010_G00,P0002_M010_G00,P0002,M010,4184.861478416422,4708.767728416422,523.90625,1.6588153883970875,0.0
E52_24cc4f01335372459fb4c2ba,11.810135906013329,12.909161020133865,11.810135906013329,410.2633482290822,447.7953418407359,595.3347347882426,0.23022027843265847,0.009166666666666667,0.16008246527777778,0.39946941037710293,2.1605305896228977,0.8751658092571554,450.38392333984376,0.0,0.0,450.38392333984376,578.0839233398438,4465.010510911819,278.08392333984375,30.0,620.2633482290822,0.0,1,P0002_M010_G00,P0002_M010_G00,P0002,M010,4184.861478416422,4708.767728416422,523.90625,11.810135906013329,0.0
E52_27bf01e9e990859ae5993708,1.6648745594862788,15.932490639468014,1.6648745594862788,318.6138217216496,355.0514931287134,418.60161500091635,0.17259630304263499,0.009166666666666667,0.16008246527777778,0.3418454349870794,2.218154565012921,0.8931733015665377,437.25205688476564,0.0,0.0,437.25205688476564,564.9520568847656,3139.5121125068727,326.2397766113281,30.0,528.6138217216496,0.0,1,P0002_M010_G00,P0002_M010_G00,P0002,M010,4184.861478416422,4708.767728416422,523.90625,1.6648745594862788,0.0
E52_27bf1882d0e1a812c8450c72,1.1675577395526062,16.18675851321828,1.1675577395526062,334.03154784809436,377.9609795090644,404.48650573036844,0.17608047258726683,0.009166666666666667,0.16008246527777778,0.34532960453171124,2.214670395468289,0.8920844985838402,527.1531799316406,0.0,0.0,527.1531799316406,654.8531799316406,3033.648792977763,364.9013671875,30.0,544.0315478480943,0.0,1,P0002_M010_G00,P0002_M010_G00,P0002,M010,4184.861478416422,4708.767728416422,523.90625,1.1675577395526062,0.0
E52_29c9aa5399273a7ee24bceb6,9.031447978553189,11.583777919859742,9.031447978553189,451.9321692173844,486.7995103225277,694.6602918039094,0.2591062855773863,0.009166666666666667,0.16008246527777778,0.4283554175218307,2.13164458247817,0.8661389320244279,418.40809326171876,0.0,0.0,418.40809326171876,546.1080932617188,5209.952188529321,322.9142761230469,30.0,661.9321692173844,0.0,1,P0002_M010_G00,P0002_M010_G00,P0002,M010,4184.861478416422,4708.767728416422,523.90625,9.031447978553189,0.0
E52_2cea01313b8862fcfb6b2e63,6.264019617413027,16.460055432828085,6.264019617413027,259.5957489704318,280.08528245838755,396.2542970131293,0.148442074342722,0.009166666666666667,0.16008246527777778,0.3176912062871664,2.242308793712834,0.9007214980352605,245.87440185546876,0.0,0.0,245.87440185546876,373.57440185546875,2971.90722759847,231.8917236328125,30.0,469.5957489704318,0.0,1,P0002_M010_G00,P0002_M010_G00,P0002,M010,4184.861478416422,4708.767728416422,523.90625,6.264019617413027,0.0
E52_2d291a2169e36d61d7bf7582,0.3685871477805449,12.790365797832976,0.3685871477805449,470.3839036593983,527.1993216484933,599.8752993842263,0.25224474652706685,0.009166666666666667,0.16008246527777778,0.4214938784715113,2.138506121528489,0.8682831629776527,681.7850158691406,0.0,0.0,681.7850158691406,809.4850158691406,4499.064745381697,509.4850158691406,30.0,680.3839036593984,0.0,1,P0002_M010_G00,P0002_M010_G00,P0002,M010,4184.861478416422,4708.767728416422,523.90625,0.3685871477805449,0.0
E52_2d7a36258a59c18fc6a856bf,1.4905075616942156,16.662039037059316,1.4905075616942156,318.72117968179435,361.17160743651436,382.73979283526836,0.16755561647288383,0.009166666666666667,0.16008246527777778,0.33680474841732827,2.223195251582672,0.894748516119585,509.40513305664064,0.0,0.0,509.40513305664064,637.1051330566406,2870.5484462645127,346.4301452636719,30.0,528.7211796817944,0.0,1,P0002_M010_G00,P0002_M010_G00,P0002,M010,4184.861478416422,4708.767728416422,523.90625,1.4905075616942156,0.0
E52_2dadfb43d7dd9558e21effa9,12.43485929896633,12.85982438864363,12.43485929896633,396.07517918576866,428.1792069974549,599.5261915014202,0.22576797164618329,0.009166666666666667,0.16008246527777778,0.3950171035906277,2.1649828964093727,0.8765571551279289,385.2483337402344,0.0,0.0,385.2483337402344,512.9483337402344,4496.446436260651,251.37640380859375,30.0,606.0751791857687,0.0,1,P0002_M010_G00,P0002_M010_G00,P0002,M010,4184.861478416422,4708.767728416422,523.90625,12.43485929896633,0.0
E52_2e64690809088e2a96fb2160,5.736097944254823,9.500767968691491,5.736097944254823,523.7789293194231,550.945126524013,884.5606754113072,0.31155234822715455,0.009166666666666667,0.16008246527777778,0.48080148017159896,2.0791985198284015,0.8497495374463753,325.99436645507814,0.0,0.0,325.99436645507814,453.6943664550781,6634.205065584804,329.6845703125,30.0,733.7789293194231,0.0,1,P0002_M010_G00,P0002_M010_G00,P0002,M010,4184.861478416422,4708.767728416422,523.90625,5.736097944254823,0.0
E52_30110e5b3ae38ecfab28ace2,8.456575505620492,10.05954008012911,8.456575505620492,514.4106891471403,547.7506496268766,828.7816154158626,0.30032099335417484,0.009166666666666667,0.16008246527777778,0.4695701252986193,2.090429874701381,0.8532593358441815,400.07952575683595,0.0,0.0,400.07952575683595,527.7795257568359,6215.862115618969,313.0162353515625,30.0,724.4106891471403,0.0,1,P0002_M010_G00,P0002_M010_G00,P0002,M010,4184.861478416422,4708.767728416422,523.90625,8.456575505620492,0.0
E52_326bd9096774308657b14836,1.6105080335571103,6.820761438549596,1.6105080335571103,254.20783025924425,275.6237299174474,379.92026256926977,0.1442126230476059,0.009166666666666667,0.16008246527777778,0.3134617549920503,2.24653824500795,0.9020432015649843,256.9907958984375,0.0,0.0,256.9907958984375,384.6907958984375,2849.4019692695233,334.6907958984375,30.0,464.20783025924425,0.0,1,P0002_M010_G00,P0002_M010_G00,P0002,M010,4184.861478416422,4708.767728416422,523.90625,1.6105080335571103,0.0
E52_32cd7932ac3bc8f6e82bd016,5.9060728263056035,12.531399030736651,5.9060728263056035,433.33722088021847,474.19552115284216,621.5246401246948,0.24213542524196421,0.009166666666666667,0.16008246527777778,0.41138455718640865,2.148615442813592,0.8714423258792473,490.2996032714844,0.0,0.0,490.2996032714844,617.9996032714844,4661.434800935211,324.9372863769531,30.0,643.3372208802184,0.0,1,P0002_M010_G00,P0002_M010_G00,P0002,M010,4184.861478416422,4708.767728416422,523.90625,5.9060728263056035,0.0
E52_3322673a66874be8fb5ff9e0,6.24468723940268,12.93559360833251,6.24468723940268,392.2739001975914,423.9757012433271,594.3369941207687,0.2236811646950203,0.009166666666666667,0.16008246527777778,0.39293029663946477,2.1670697033605357,0.8772092823001673,380.42161254882814,0.0,0.0,380.42161254882814,508.1216125488281,4457.527455905765,308.1216125488281,30.0,602.2739001975914,0.0,1,P0002_M010_G00,P0002_M010_G00,P0002,M010,4184.861478416422,4708.767728416422,523.90625,6.24468723940268,0.0
E52_357bbbd4dc4420221c875ea3,15.408936275555874,12.241245229232817,12.241245229232817,405.4327582223269,433.1514265878055,644.5535062517828,0.23547283792056264,0.009166666666666667,0.16008246527777778,0.4047219698650071,2.155278030134993,0.8735243844171853,332.6240203857422,0.0,0.0,332.6240203857422,460.3240203857422,4834.151296888371,255.67149353027344,30.0,615.4327582223269,0.0,1,P0002_M010_G00,P0002_M010_G00,P0002,M010,4184.861478416422,4708.767728416422,523.90625,12.241245229232817,0.0
E52_3875f0f2b8e39572338b498b,4.569185612572468,12.654831201135607,4.569185612572468,430.443023323014,471.8276755243487,612.5781334380202,0.23983909257274777,0.009166666666666667,0.16008246527777778,0.4090882245171922,2.1509117754828084,0.8721599298383774,496.61582641601564,0.0,0.0,496.61582641601564,624.3158264160156,4594.336000785152,324.3158264160156,30.0,640.443023323014,0.0,1,P0002_M010_G00,P0002_M010_G00,P0002,M010,4184.861478416422,4708.767728416422,523.90625,4.569185612572468,0.0
E52_3a94b6482baa2cfaba8a857d,1.328339870161983,16.425448776817632,1.328339870161983,326.01303055755295,369.111023518165,393.4381033514341,0.17166403726355467,0.009166666666666667,0.16008246527777778,0.3409131692079991,2.2190868307920013,0.8934646346225003,517.1759155273437,0.0,0.0,517.1759155273437,644.8759155273438,2950.785775135756,352.4370422363281,30.0,536.013030557553,0.0,1,P0002_M010_G00,P0002_M010_G00,P0002,M010,4184.861478416422,4708.767728416422,523.90625,1.328339870161983,0.0
E52_413d3eff5d481ef66f8d3068,5.7187136165857595,9.493762996477216,5.7187136165857595,548.7789293194231,584.2784598573463,884.5606754113072,0.3204434082194385,0.009166666666666667,0.16008246527777778,0.48969254016388297,2.0703074598361173,0.8469710811987866,425.99436645507814,0.0,0.0,425.99436645507814,553.6943664550781,6634.205065584804,329.6845703125,30.0,758.7789293194231,0.0,1,P0002_M010_G00,P0002_M010_G00,P0002,M010,4184.861478416422,4708.767728416422,523.90625,5.7187136165857595,0.0
E52_44ed69e1d99dc074a7941a18,4.524182138291295,8.900383690419545,4.524182138291295,188.27556058823757,199.0276355292369,299.7078152072368,0.1090911242968749,0.009166666666666667,0.16008246527777778,0.27834025624131936,2.281659743758681,0.9130186699245877,139.59420471191407,10.569305419921875,10.569305419921875,139.59420471191407,267.29420471191406,2247.808614054276,217.29420471191406,30.0,398.27556058823757,0.0,1,P0002_M010_G00,P0002_M010_G00,P0002,M010,4184.861478416422,4708.767728416422,523.90625,4.524182138291295,0.0
E52_47db2d0d55c92154c779a4c9,0.8951419926504371,16.45726286038159,0.8951419926504371,312.62709924858126,351.3219092257948,393.08533863388124,0.16685347284684848,0.009166666666666667,0.16008246527777778,0.33610260479129295,2.2238973952087076,0.894967936002721,464.3377197265625,0.0,0.0,464.3377197265625,592.0377197265625,2948.1400397541092,295.61395263671875,30.0,522.6270992485813,0.0,1,P0002_M010_G00,P0002_M010_G00,P0002,M010,4184.861478416422,4708.767728416422,523.90625,0.8951419926504371,0.0
E52_4cf0fac9feb721651efb2830,4.069474337158908,17.82597875173802,4.069474337158908,242.69354898018014,267.32891198677197,337.5749199208095,0.13412057160327687,0.009166666666666667,0.16008246527777778,0.3033697035477213,2.256630296452279,0.9051969676413371,295.6243560791016,0.0,0.0,295.6243560791016,423.32435607910156,2531.8118994060715,217.31182861328125,30.0,452.69354898018014,0.0,1,P0002_M010_G00,P0002_M010_G00,P0002,M010,4184.861478416422,4708.767728416422,523.90625,4.069474337158908,0.0
E52_4d215302190bc5bfb29bf912,5.953592194847886,16.37371485667674,5.953592194847886,307.50969179304633,343.7570581260541,397.53518558804575,0.1656637075427803,0.009166666666666667,0.16008246527777778,0.3349128394872247,2.2250871605127758,0.8953397376602423,434.96839599609376,0.0,0.0,434.96839599609376,562.6683959960938,2981.5138919103433,336.56707763671875,30.0,517.5096917930464,0.0,1,P0002_M010_G00,P0002_M010_G00,P0002,M010,4184.861478416422,4708.767728416422,523.90625,5.953592194847886,0.0
E52_50c718ca7f326f764494c89d,9.696219730369123,13.080943299176411,9.696219730369123,350.85355156655817,370.1881015340061,585.6998033284289,0.20772710552759727,0.009166666666666667,0.16008246527777778,0.3769762374720417,2.183023762527959,0.882194925789987,232.014599609375,0.0,0.0,232.014599609375,359.714599609375,4392.748524963216,275.29461669921875,30.0,560.8535515665582,0.0,1,P0002_M010_G00,P0002_M010_G00,P0002,M010,4184.861478416422,4708.767728416422,523.90625,9.696219730369123,0.0
E52_515a3b7c8d98426ee13f2b4e,4.43354045683563,17.07508762021844,4.43354045683563,242.68536134104386,262.0561394884234,369.14605379781034,0.13858886614696947,0.009166666666666667,0.16008246527777778,0.3078379980914139,2.2521620019085864,0.9038006255964331,232.4493377685547,0.0,0.0,232.4493377685547,360.1493377685547,2768.5954034835777,210.1493377685547,30.0,452.68536134104386,0.0,1,P0002_M010_G00,P0002_M010_G00,P0002,M010,4184.861478416422,4708.767728416422,523.90625,4.43354045683563,0.0
E52_575c4f100493de938643a13d,3.678419620474088,2.099203328999508,2.099203328999508,470.05405043895155,518.0123847895375,652.3580947743875,0.259560220504969,0.009166666666666667,0.16008246527777778,0.42880935244941343,2.131190647550587,0.8659970773595583,575.5000122070312,0.0,0.0,575.5000122070312,703.2000122070312,4892.685710807907,437.3766174316406,30.0,680.0540504389515,0.0,1,P0002_M010_G00,P0002_M010_G00,P0002,M010,4184.861478416422,4708.767728416422,523.90625,2.099203328999508,0.0
E52_60b76d98beea93305f35c25d,6.004471256022072,16.79058398580294,6.004471256022072,271.8613885249859,299.0873836523459,380.3668062858116,0.15055421784231732,0.009166666666666667,0.16008246527777778,0.3198033497867617,2.240196650213239,0.900061453191637,326.7119415283203,0.0,0.0,326.7119415283203,454.4119415283203,2852.751047143587,241.2421875,30.0,481.8613885249859,0.0,1,P0002_M010_G00,P0002_M010_G00,P0002,M010,4184.861478416422,4708.767728416422,523.90625,6.004471256022072,0.0
E52_67646c2afbeb5602853e5a9c,6.230607706260017,12.927232110573698,6.230607706260017,404.7739001975914,440.6423679099937,594.3369941207687,0.22812669469116229,0.009166666666666667,0.16008246527777778,0.3973758266356067,2.1626241733643936,0.8758200541763729,430.42161254882814,0.0,0.0,430.42161254882814,558.1216125488281,4457.527455905765,308.1216125488281,30.0,614.7739001975914,0.0,1,P0002_M010_G00,P0002_M010_G00,P0002,M010,4184.861478416422,4708.767728416422,523.90625,6.230607706260017,0.0
E52_68694062ed2e2e792aeb51a9,5.965673202353898,17.695890544520793,5.965673202353898,262.3147609906027,292.8212075746684,341.5908424768108,0.1416674545099547,0.009166666666666667,0.16008246527777778,0.3109165864543991,2.2490834135456015,0.9028385667330003,366.0773590087891,0.0,0.0,366.0773590087891,493.77735900878906,2561.931318576081,213.8477783203125,30.0,472.3147609906027,0.0,1,P0002_M010_G00,P0002_M010_G00,P0002,M010,4184.861478416422,4708.767728416422,523.90625,5.965673202353898,0.0
E52_6aa461eda22a4c53e6730e81,1.4854063027523523,6.478254834226846,1.4854063027523523,265.89885796308323,288.44260847170955,395.1560268799425,0.15049315106948455,0.009166666666666667,0.16008246527777778,0.319742283013929,2.2402577169860716,0.9000805365581472,271.70716552734376,1.182159423828125,1.182159423828125,271.70716552734376,399.40716552734375,2963.670201599569,349.40716552734375,30.0,475.89885796308323,0.0,1,P0002_M010_G00,P0002_M010_G00,P0002,M010,4184.861478416422,4708.767728416422,523.90625,1.4854063027523523,0.0
E52_73baea82bbbffa2db9d7426a,1.7789308976228142,5.711384152670419,1.7789308976228142,297.3854850658978,324.64222792478455,431.2305129784753,0.16683515196021612,0.009166666666666667,0.16008246527777778,0.33608428390466055,2.22391571609534,0.8949736612797936,327.08091430664064,0.0,0.0,327.08091430664064,454.7809143066406,3234.2288473385647,335.390380859375,30.0,507.3854850658978,0.0,1,P0002_M010_G00,P0002_M010_G00,P0002,M010,4184.861478416422,4708.767728416422,523.90625,1.7789308976228142,0.0
E52_74b3fb0a4920873efc33101b,0.9093933808896679,6.525083879148042,0.9093933808896679,262.62709924858126,284.6552425591281,393.08533863388124,0.14907135286228057,0.009166666666666667,0.16008246527777778,0.31832048480672503,2.2416795151932756,0.9005248484978985,264.3377197265625,0.0,0.0,264.3377197265625,392.0377197265625,2948.1400397541092,295.61395263671875,30.0,472.62709924858126,0.0,1,P0002_M010_G00,P0002_M010_G00,P0002,M010,4184.861478416422,4708.767728416422,523.90625,0.9093933808896679,0.0
E52_7547086a1218012670f76a62,13.896729151661106,2.277872015791573,2.277872015791573,375.1797445493145,391.65409045589,642.7455049270795,0.22423479709031385,0.009166666666666667,0.16008246527777778,0.39348392903475826,2.1665160709652422,0.877036272176638,205.20750122070314,7.515350341796875,7.515350341796875,205.20750122070314,332.9075012207031,4820.591286953097,282.9075012207031,30.0,585.1797445493145,0.0,1,P0002_M010_G00,P0002_M010_G00,P0002,M010,4184.861478416422,4708.767728416422,523.90625,2.277872015791573,0.0
E52_76b4f0bdabd1ccab126282dd,5.771840641351304,17.180198899819032,5.771840641351304,244.7670432960008,265.6078646257534,364.489158613486,0.13866967590706417,0.009166666666666667,0.16008246527777778,0.3079188078515086,2.252081192148492,0.9037753725464036,250.08985595703126,0.0,0.0,250.08985595703126,377.78985595703125,2733.6686896011447,241.2421875,30.0,454.7670432960008,0.0,1,P0002_M010_G00,P0002_M010_G00,P0002,M010,4184.861478416422,4708.767728416422,523.90625,5.771840641351304,0.0
E52_7dc5542bb1ad046741692f59,2.0181303031576476,15.630401191468053,2.0181303031576476,333.52010664670297,372.50493279823297,433.1312563842263,0.17995534493942492,0.009166666666666667,0.16008246527777778,0.34920447688386935,2.210795523116131,0.8908736009737909,467.8179138183594,0.0,0.0,467.8179138183594,595.5179138183594,3248.484422881697,322.1230773925781,30.0,543.520106646703,0.0,1,P0002_M010_G00,P0002_M010_G00,P0002,M010,4184.861478416422,4708.767728416422,523.90625,2.0181303031576476,0.0
E52_7e4744117cf2a1b6b8665ab3,0.47189938945066956,12.590569849682154,0.47189938945066956,474.82609328547096,530.7107225986219,614.3444106920357,0.25587373999544005,0.009166666666666667,0.16008246527777778,0.4251228719398845,2.1348771280601158,0.8671491025187861,670.6155517578125,0.0,0.0,670.6155517578125,798.3155517578125,4607.5830801902675,498.3155517578125,30.0,684.826093285471,0.0,1,P0002_M010_G00,P0002_M010_G00,P0002,M010,4184.861478416422,4708.767728416422,523.90625,0.47189938945066956,0.0
E52_7e5f4a4eaf9aa5b10576997a,12.057152767058469,13.086620585622072,12.057152767058469,384.11958913832314,414.7999833745699,584.1568128591658,0.21933939564120059,0.009166666666666667,0.16008246527777778,0.388588527585645,2.1714114724143556,0.878566085129486,368.16473083496095,0.0,0.0,368.16473083496095,495.86473083496094,4381.1760964437435,251.37640380859375,30.0,594.1195891383231,0.0,1,P0002_M010_G00,P0002_M010_G00,P0002,M010,4184.861478416422,4708.767728416422,523.90625,12.057152767058469,0.0
E52_82c821a5773d0bfbe554f10a,1.9898130596061634,11.397135806608844,1.9898130596061634,512.9354114719376,566.0737563002253,707.0407539741487,0.2825549862639304,0.009166666666666667,0.16008246527777778,0.45180411820837485,2.1081958817916258,0.8588112130598828,637.6601379394531,0.0,0.0,637.6601379394531,765.3601379394531,5302.805654806116,465.3601379394531,30.0,722.9354114719376,0.0,1,P0002_M010_G00,P0002_M010_G00,P0002,M010,4184.861478416422,4708.767728416422,523.90625,1.9898130596061634,0.0
E52_88c1c7aba1fcf94c58dad20e,5.7284296962984484,9.497510042154289,5.7284296962984484,536.2789293194231,567.6117931906797,884.5606754113072,0.3159978782232965,0.009166666666666667,0.16008246527777778,0.48524701016774097,2.0747529898322594,0.848360309322581,375.99436645507814,0.0,0.0,375.99436645507814,503.6943664550781,6634.205065584804,329.6845703125,30.0,746.2789293194231,0.0,1,P0002_M010_G00,P0002_M010_G00,P0002,M010,4184.861478416422,4708.767728416422,523.90625,5.7284296962984484,0.0
E52_8ca7795ffa642a3b129c0a3d,1.7761226290646874,15.730152054416479,1.7761226290646874,330.94608252023,369.9122522589995,428.0951466078428,0.17832668261553564,0.009166666666666667,0.16008246527777778,0.3475758145599801,2.21242418544002,0.8913825579500062,467.5940368652344,0.0,0.0,467.5940368652344,595.2940368652344,3210.713599558821,335.390380859375,30.0,540.94608252023,0.0,1,P0002_M010_G00,P0002_M010_G00,P0002,M010,4184.861478416422,4708.767728416422,523.90625,1.7761226290646874,0.0
E52_924cec2d58c933358893a332,14.547810930459775,12.302862284422105,12.302862284422105,416.670444788364,448.9844576972996,639.4568121231148,0.23874762537865796,0.009166666666666667,0.16008246527777778,0.40799675732310237,2.1520032426768982,0.8725010133365305,387.7681549072266,0.0,0.0,387.7681549072266,515.4681549072266,4795.926090923361,252.644287109375,30.0,626.670444788364,0.0,1,P0002_M010_G00,P0002_M010_G00,P0002,M010,4184.861478416422,4708.767728416422,523.90625,12.302862284422105,0.0
E52_96da4f081c74d8211b4b244f,13.386806510368018,12.47027426673894,12.47027426673894,406.4445801679392,437.368205859671,627.3474061854878,0.23339590098708082,0.009166666666666667,0.16008246527777778,0.40264503293152526,2.1573549670684753,0.8741734272088983,371.08350830078126,0.0,0.0,371.08350830078126,498.78350830078125,4705.105546391158,251.37640380859375,30.0,616.4445801679392,0.0,1,P0002_M010_G00,P0002_M010_G00,P0002,M010,4184.861478416422,4708.767728416422,523.90625,12.47027426673894,0.0
E52_a0032802edd73d232f2c84c2,0.8992218061412274,12.395809404549922,0.8992218061412274,482.4923087567502,538.5719606529091,628.5067061365473,0.26060588149401487,0.009166666666666667,0.16008246527777778,0.42985501343845933,2.1301449865615414,0.8656703083004815,672.9558227539062,0.0,0.0,672.9558227539062,800.6558227539062,4713.800296024105,500.65582275390625,30.0,692.4923087567502,0.0,1,P0002_M010_G00,P0002_M010_G00,P0002,M010,4184.861478416422,4708.767728416422,523.90625,0.8992218061412274,0.0
E52_a3836b1674b2d70f748125c1,4.727952780481857,18.388582284998307,4.727952780481857,238.77143733771516,265.74771093797557,315.68523307386783,0.1296256139323784,0.009166666666666667,0.16008246527777778,0.29887474587682283,2.2611252541231774,0.9066016419134929,323.715283203125,0.0,0.0,323.715283203125,451.415283203125,2367.639248054009,217.29420471191406,30.0,448.77143733771516,0.0,1,P0002_M010_G00,P0002_M010_G00,P0002,M010,4184.861478416422,4708.767728416422,523.90625,4.727952780481857,0.0
E52_a77602565c04dca5831f9b7a,7.81446751050494,15.758600383852013,7.81446751050494,295.3505394617105,322.31471665694164,428.9160157520343,0.16578365241547813,0.009166666666666667,0.16008246527777778,0.33503278435992256,2.2249672156400777,0.8953022548875242,323.57012634277345,0.0,0.0,323.57012634277345,451.27012634277344,3216.870118140257,284.58648681640625,30.0,505.3505394617105,0.0,1,P0002_M010_G00,P0002_M010_G00,P0002,M010,4184.861478416422,4708.767728416422,523.90625,7.81446751050494,0.0
E52_aaa387ee3ee3170bd804334d,1.0679697108534043,18.409477866986336,1.0679697108534043,263.5215778829557,299.2286101502083,312.8009621623957,0.13801933350380158,0.009166666666666667,0.16008246527777778,0.30726846544824604,2.2527315345517547,0.9039786045474231,428.48438720703126,0.0,0.0,428.48438720703126,556.1843872070312,2346.0072162179677,386.9435729980469,30.0,473.5215778829557,0.0,1,P0002_M010_G00,P0002_M010_G00,P0002,M010,4184.861478416422,4708.767728416422,523.90625,1.0679697108534043,0.0
E52_afb1e3673ff3adbe9c45b8fc,0.903438095396325,6.956106286850726,0.903438095396325,250.21040235058808,271.27175132926646,374.0527108291059,0.1419599864782851,0.009166666666666667,0.16008246527777778,0.3112091184227295,2.248790881577271,0.902747150492897,252.73618774414064,0.0,0.0,252.73618774414064,380.4361877441406,2805.395331218294,291.6474609375,30.0,460.2104023505881,0.0,1,P0002_M010_G00,P0002_M010_G00,P0002,M010,4184.861478416422,4708.767728416422,523.90625,0.903438095396325,0.0
E52_b4122a9095172602242b40e3,6.214263103198391,12.917805218005896,6.214263103198391,417.2739001975914,457.30903457666045,594.3369941207687,0.23257222468730426,0.009166666666666667,0.16008246527777778,0.40182135663174867,2.158178643368252,0.8744308260525786,480.42161254882814,0.0,0.0,480.42161254882814,608.1216125488281,4457.527455905765,308.1216125488281,30.0,627.2739001975914,0.0,1,P0002_M010_G00,P0002_M010_G00,P0002,M010,4184.861478416422,4708.767728416422,523.90625,6.214263103198391,0.0
E52_b45db00398315637fb020e5f,5.292963121934761,10.742298629097064,5.292963121934761,520.0993036420956,566.0861185224667,764.2777180019647,0.2932088546230577,0.009166666666666667,0.16008246527777778,0.46245798656750214,2.0975420134324985,0.8554818791976556,551.8417785644531,0.0,0.0,551.8417785644531,679.5417785644531,5732.082885014735,386.71868896484375,30.0,730.0993036420956,0.0,1,P0002_M010_G00,P0002_M010_G00,P0002,M010,4184.861478416422,4708.767728416422,523.90625,5.292963121934761,0.0
E52_b544b4d7beda1d6ed7fbeefb,7.168393459732144,16.252686834440453,7.168393459732144,293.91354735972715,324.49113296153376,404.3615811086144,0.16179511839250177,0.009166666666666667,0.16008246527777778,0.3310442503369462,2.2289557496630543,0.8965486717697043,366.9310272216797,0.0,0.0,366.9310272216797,494.6310272216797,3032.711858314608,277.91845703125,30.0,503.91354735972715,0.0,1,P0002_M010_G00,P0002_M010_G00,P0002,M010,4184.861478416422,4708.767728416422,523.90625,7.168393459732144,0.0
E52_b60e4d2a4cdcd5801a5d757f,1.707943132616407,16.480566458341656,1.707943132616407,308.26023760270465,345.626388522301,392.32356968783114,0.16519254750221457,0.009166666666666667,0.16008246527777778,0.33444167944665903,2.2255583205533416,0.8954869751729191,448.39381103515626,0.0,0.0,448.39381103515626,576.0938110351562,2942.4267726587336,326.2397766113281,30.0,518.2602376027046,0.0,1,P0002_M010_G00,P0002_M010_G00,P0002,M010,4184.861478416422,4708.767728416422,523.90625,1.707943132616407,0.0
E52_b677873645e212a13901ede2,4.7316711761061185,9.230718628911887,4.7316711761061185,575.9444140089429,616.0268887810784,911.3939793850733,0.3339048259552679,0.009166666666666667,0.16008246527777778,0.5031539578997123,2.0568460421002883,0.8427643881563399,480.989697265625,0.0,0.0,480.989697265625,608.689697265625,6835.45484538805,390.98822021484375,30.0,785.9444140089429,0.0,1,P0002_M010_G00,P0002_M010_G00,P0002,M010,4184.861478416422,4708.767728416422,523.90625,4.7316711761061185,0.0
E52_b6789310c1ab16898a769b78,10.051078854658542,2.625622464396969,2.625622464396969,372.38145547243056,389.4038741939475,617.4514627840539,0.21924054354678854,0.009166666666666667,0.16008246527777778,0.388489675491233,2.1715103245087675,0.8785969764089897,225.84925537109376,21.580230712890625,21.580230712890625,225.84925537109376,353.54925537109375,4630.885970880404,303.54925537109375,30.0,582.3814554724306,0.0,1,P0002_M010_G00,P0002_M010_G00,P0002,M010,4184.861478416422,4708.767728416422,523.90625,2.625622464396969,0.0
E52_b7c433bb400c5a28313b13f0,7.568193928118205,16.00220965111248,7.568193928118205,270.63016208552887,291.2047849391259,417.8125870494757,0.1554195344851095,0.009166666666666667,0.16008246527777778,0.32466866642955394,2.2353313335704463,0.8985410417407644,246.89547424316407,0.0,0.0,246.89547424316407,374.59547424316406,3133.594402871068,284.58648681640625,30.0,480.63016208552887,0.0,1,P0002_M010_G00,P0002_M010_G00,P0002,M010,4184.861478416422,4708.767728416422,523.90625,7.568193928118205,0.0
E52_be69bdf55826f2eb34075d09,3.762648549787201,12.029424972929434,3.762648549787201,457.6877788138426,500.48965717077624,658.5642874860837,0.25604119113741575,0.009166666666666667,0.16008246527777778,0.4252903230818602,2.13470967691814,0.8670967740369186,513.6225402832031,0.0,0.0,513.6225402832031,641.3225402832031,4939.232156145627,341.3225402832031,30.0,667.6877788138427,0.0,1,P0002_M010_G00,P0002_M010_G00,P0002,M010,4184.861478416422,4708.767728416422,523.90625,3.762648549787201,0.0
E52_be79b94db4a0a5b6faaed631,0.20474449164370867,13.435452033242427,0.20474449164370867,439.28613208838135,492.92224150407145,556.7556076826221,0.23507830977561708,0.009166666666666667,0.16008246527777778,0.4043274417200615,2.1556725582799388,0.8736476744624808,643.6333129882812,0.0,0.0,643.6333129882812,771.3333129882812,4175.667057619666,471.33331298828125,30.0,649.2861320883814,0.0,1,P0002_M010_G00,P0002_M010_G00,P0002,M010,4184.861478416422,4708.767728416422,523.90625,0.20474449164370867,0.0
E52_bfffb2993ede6e2e2bd9340b,9.602595611945802,13.053008949478723,9.602595611945802,400.85355156655817,436.85476820067277,585.6998033284289,0.22550922551216515,0.009166666666666667,0.16008246527777778,0.3947583574566096,2.165241642543391,0.8766380132948095,432.014599609375,0.0,0.0,432.014599609375,559.714599609375,4392.748524963216,275.29461669921875,30.0,610.8535515665582,0.0,1,P0002_M010_G00,P0002_M010_G00,P0002,M010,4184.861478416422,4708.767728416422,523.90625,9.602595611945802,0.0
E52_c0294c7ff44d44fc4ede8d97,1.5881831575630088,16.7256600789149,1.5881831575630088,316.70783025924425,358.9570632507807,379.92026256926977,0.16644027302831577,0.009166666666666667,0.16008246527777778,0.33568940497276023,2.2243105950272404,0.8950970609460125,506.9907958984375,0.0,0.0,506.9907958984375,634.6907958984375,2849.4019692695233,334.6907958984375,30.0,526.7078302592442,0.0,1,P0002_M010_G00,P0002_M010_G00,P0002,M010,4184.861478416422,4708.767728416422,523.90625,1.5881831575630088,0.0
E52_c515ea57360fd29f9add62f7,5.479415152026576,10.649906727109496,5.479415152026576,525.5980011021792,572.0554631586571,772.4512298654912,0.29632198385281766,0.009166666666666667,0.16008246527777778,0.46557111579726207,2.0944288842027383,0.8545090263133557,557.4895446777343,0.0,0.0,557.4895446777343,685.1895446777344,5793.384223991184,393.3172912597656,30.0,735.5980011021792,0.0,1,P0002_M010_G00,P0002_M010_G00,P0002,M010,4184.861478416422,4708.767728416422,523.90625,5.479415152026576,0.0
E52_c76d93c5902d0dc017f7065c,7.454794546037789,16.05706218628906,7.454794546037789,260.86241804033426,278.57034040361555,415.47730190098105,0.1516149798935124,0.009166666666666667,0.16008246527777778,0.3208641118379568,2.2391358881620436,0.8997299650506385,212.495068359375,0.0,0.0,212.495068359375,340.195068359375,3116.079764257358,277.91845703125,30.0,470.86241804033426,0.0,1,P0002_M010_G00,P0002_M010_G00,P0002,M010,4184.861478416422,4708.767728416422,523.90625,7.454794546037789,0.0
E52_cdef0b479e00ae29ebd83132,8.13999814940189,10.01648148125875,8.13999814940189,520.0071121141804,554.5433095222207,832.7970397801186,0.3028799960747676,0.009166666666666667,0.16008246527777778,0.47212912801921203,2.0878708719807886,0.8524596474939963,414.4343688964844,0.0,0.0,414.4343688964844,542.1343688964844,6245.977798350889,297.6476745605469,30.0,730.0071121141804,0.0,1,P0002_M010_G00,P0002_M010_G00,P0002,M010,4184.861478416422,4708.767728416422,523.90625,8.13999814940189,0.0
E52_d1d4424e0dfaa7a0ce62d445,11.889203500035222,12.872868339328704,11.889203500035222,402.0751033963921,436.37951216917855,598.3237541560654,0.22773150601213982,0.009166666666666667,0.16008246527777778,0.3969806379565842,2.1630193620434164,0.8759435506385674,411.6529052734375,0.0,0.0,411.6529052734375,539.3529052734375,4487.428156170491,269.83203125,30.0,612.075103396392,0.0,1,P0002_M010_G00,P0002_M010_G00,P0002,M010,4184.861478416422,4708.767728416422,523.90625,11.889203500035222,0.0
E52_d22cbe82615c6d2ee0ebf49f,1.7601195929367464,15.758568264926964,1.7601195929367464,318.17309843891866,352.9726015110215,427.5491784452201,0.1737067461230003,0.009166666666666667,0.16008246527777778,0.34295587806744476,2.2170441219325556,0.8928262881039235,417.5940368652344,0.0,0.0,417.5940368652344,545.2940368652344,3206.618838339151,335.390380859375,30.0,528.1730984389187,0.0,1,P0002_M010_G00,P0002_M010_G00,P0002,M010,4184.861478416422,4708.767728416422,523.90625,1.7601195929367464,0.0
E52_d7f1f5d49edaa9f52000c452,11.864618403867226,12.917919470378578,11.864618403867226,397.7633482290822,431.12867517406926,595.3347347882426,0.22577474843651651,0.009166666666666667,0.16008246527777778,0.3950238803809609,2.1649761196190394,0.8765550373809498,400.38392333984376,0.0,0.0,400.38392333984376,528.0839233398438,4465.010510911819,278.08392333984375,30.0,607.7633482290822,0.0,1,P0002_M010_G00,P0002_M010_G00,P0002,M010,4184.861478416422,4708.767728416422,523.90625,11.864618403867226,0.0
E52_da1eeef61bb4fffd90feecd9,9.001405164504561,11.577048041656667,9.001405164504561,464.4321692173844,503.4661769891943,694.6602918039094,0.2635518155735283,0.009166666666666667,0.16008246527777778,0.4328009475179727,2.1271990524820277,0.8647497039006335,468.40809326171876,0.0,0.0,468.40809326171876,596.1080932617188,5209.952188529321,322.9142761230469,30.0,674.4321692173844,0.0,1,P0002_M010_G00,P0002_M010_G00,P0002,M010,4184.861478416422,4708.767728416422,523.90625,9.001405164504561,0.0
E52_da487d3b8a0906fb4529d12f,2.2294206236615537,15.138353346482333,2.2294206236615537,331.4673547495513,365.316990573119,459.8368945576963,0.18300743845595838,0.009166666666666667,0.16008246527777778,0.3522565704004028,2.2077434295995975,0.8899198217498742,406.1956298828125,0.0,0.0,406.1956298828125,533.8956298828125,3448.7767091827222,283.8956298828125,30.0,541.4673547495513,0.0,1,P0002_M010_G00,P0002_M010_G00,P0002,M010,4184.861478416422,4708.767728416422,523.90625,2.2294206236615537,0.0
E52_dbe1bedc9b83d29f34556dbd,12.573278230487418,13.016499113861627,12.573278230487418,387.86022911882606,419.0031732004504,588.862793747906,0.22133620210273125,0.009166666666666667,0.16008246527777778,0.39058533404717566,2.169414665952825,0.8779420831102576,373.7153289794922,0.0,0.0,373.7153289794922,501.4153289794922,4416.470953109295,233.02317810058594,30.0,597.860229118826,0.0,1,P0002_M010_G00,P0002_M010_G00,P0002,M010,4184.861478416422,4708.767728416422,523.90625,12.573278230487418,0.0
E52_dbec4f1422e98765afb262aa,1.0982220753490992,16.38523852602286,1.0982220753490992,322.5402116809159,364.1002534899979,395.72017250733956,0.1707521496628321,0.009166666666666667,0.16008246527777778,0.3400012816072765,2.219998718392724,0.8937495994977261,498.7205017089844,0.0,0.0,498.7205017089844,626.4205017089844,2967.901293805047,326.4205017089844,30.0,532.540211680916,0.0,1,P0002_M010_G00,P0002_M010_G00,P0002,M010,4184.861478416422,4708.767728416422,523.90625,1.0982220753490992,0.0
E52_dc4c132291b7b9525a26c82f,7.201257348444585,16.290878065555617,7.201257348444585,256.41354735972715,274.49113296153376,404.3615811086144,0.14845852840407586,0.009166666666666667,0.16008246527777778,0.31770766034852027,2.2422923396514802,0.9007163561410874,216.9310272216797,0.0,0.0,216.9310272216797,344.6310272216797,3032.711858314608,277.91845703125,30.0,466.41354735972715,0.0,1,P0002_M010_G00,P0002_M010_G00,P0002,M010,4184.861478416422,4708.767728416422,523.90625,7.201257348444585,0.0
E52_de2c36302e014a6d0284c896,1.6494415831593159,15.994052628622484,1.6494415831593159,325.41177480357015,364.7238282296769,414.95122905049965,0.1744969638873427,0.009166666666666667,0.16008246527777778,0.34374609583178717,2.216253904168213,0.8925793450525665,471.74464111328126,0.0,0.0,471.74464111328126,599.4446411132812,3112.134217878747,326.2397766113281,30.0,535.4117748035701,0.0,1,P0002_M010_G00,P0002_M010_G00,P0002,M010,4184.861478416422,4708.767728416422,523.90625,1.6494415831593159,0.0
E52_e0cd6bab1a22c4530d9a254c,1.117568852771882,6.471069764274475,1.117568852771882,260.0402116809159,280.7669201566646,395.72017250733956,0.14852449968212222,0.009166666666666667,0.16008246527777778,0.3177736316265667,2.2422263683734336,0.900695740116698,248.7205017089844,0.0,0.0,248.7205017089844,376.4205017089844,2967.901293805047,326.4205017089844,30.0,470.0402116809159,0.0,1,P0002_M010_G00,P0002_M010_G00,P0002,M010,4184.861478416422,4708.767728416422,523.90625,1.117568852771882,0.0
E52_ea76d341ab82f2ebc1fa1efe,1.666881813419991,6.056283714240493,1.666881813419991,275.41177480357015,298.05716156301025,414.95122905049965,0.15671484390277482,0.009166666666666667,0.16008246527777778,0.32596397584721926,2.2340360241527812,0.898136257547744,271.74464111328126,0.0,0.0,271.74464111328126,399.44464111328125,3112.134217878747,326.2397766113281,30.0,485.41177480357015,0.0,1,P0002_M010_G00,P0002_M010_G00,P0002,M010,4184.861478416422,4708.767728416422,523.90625,1.666881813419991,0.0
E52_eab18c460278cfbad2c20da0,5.9943493619613974,7.760329046990023,5.9943493619613974,212.31476099060268,226.15454090800176,341.5908424768108,0.12388533452538679,0.009166666666666667,0.16008246527777778,0.2931344664698312,2.2668655335301695,0.9083954792281778,166.07735900878907,0.0,0.0,166.07735900878907,293.77735900878906,2561.931318576081,213.8477783203125,30.0,422.3147609906027,0.0,1,P0002_M010_G00,P0002_M010_G00,P0002,M010,4184.861478416422,4708.767728416422,523.90625,5.9943493619613974,0.0
E52_eb490529b308e18523949520,15.31203311776855,12.235001379754962,12.235001379754962,417.9327582223269,449.8180932544721,644.5535062517828,0.23991836791670462,0.009166666666666667,0.16008246527777778,0.4091674998611491,2.1508325001388515,0.8721351562933909,382.6240203857422,0.0,0.0,382.6240203857422,510.3240203857422,4834.151296888371,255.67149353027344,30.0,627.9327582223269,0.0,1,P0002_M010_G00,P0002_M010_G00,P0002,M010,4184.861478416422,4708.767728416422,523.90625,12.235001379754962,0.0
E52_eddf192c3626d88d236d26e4,6.598671975907564,17.034187922993553,6.598671975907564,241.72684180786888,260.473536754158,370.9735139380034,0.13850678679446915,0.009166666666666667,0.16008246527777778,0.3077559187389136,2.252244081261087,0.9038262753940896,224.96033935546876,0.0,0.0,224.96033935546876,352.66033935546875,2782.3013545350254,199.07135009765625,30.0,451.7268418078689,0.0,1,P0002_M010_G00,P0002_M010_G00,P0002,M010,4184.861478416422,4708.767728416422,523.90625,6.598671975907564,0.0
E52_ede4029bd5e695a7a0c85289,11.911208347327957,12.925612211179384,11.911208347327957,385.2633482290822,414.4620085074026,595.3347347882426,0.22132921844037454,0.009166666666666667,0.16008246527777778,0.390578350384819,2.1694216496151815,0.877944265504744,350.38392333984376,0.0,0.0,350.38392333984376,478.08392333984375,4465.010510911819,278.08392333984375,30.0,595.2633482290822,0.0,1,P0002_M010_G00,P0002_M010_G00,P0002,M010,4184.861478416422,4708.767728416422,523.90625,11.911208347327957,0.0
E52_ef8fa59407d07a2296b5f591,9.316665844823177,0.3151276047193221,0.3151276047193221,505.85939793409244,540.3898465933535,804.5361039126185,0.29384606362066074,0.009166666666666667,0.16008246527777778,0.46309519556510514,2.0969048044348955,0.8552827513859047,414.3653839111328,0.0,0.0,414.3653839111328,542.0653839111328,6034.020779344639,284.8677062988281,30.0,715.8593979340924,0.0,1,P0002_M010_G00,P0002_M010_G00,P0002,M010,4184.861478416422,4708.767728416422,523.90625,0.3151276047193221,0.0
E52_f2fabdd802684ffd17ed2273,0.8979895035542853,16.925225818485302,0.8979895035542853,275.2104023505881,304.60508466259984,374.0527108291059,0.15085104647056902,0.009166666666666667,0.16008246527777778,0.3201001784150135,2.239899821584987,0.8999686942453082,352.73618774414064,0.0,0.0,352.73618774414064,480.4361877441406,2805.395331218294,291.6474609375,30.0,485.2104023505881,0.0,1,P0002_M010_G00,P0002_M010_G00,P0002,M010,4184.861478416422,4708.767728416422,523.90625,0.8979895035542853,0.0
E52_f4836ff0bfcbe7f74f580128,0.15725086298050428,13.198394987858308,0.15725086298050428,446.8309536018799,500.3537512499919,572.525121315088,0.23999489789029496,0.009166666666666667,0.16008246527777778,0.4092440298347394,2.150755970165261,0.8721112406766439,642.2735717773437,0.0,0.0,642.2735717773437,769.9735717773438,4293.93840986316,483.0478820800781,30.0,656.8309536018799,0.0,1,P0002_M010_G00,P0002_M010_G00,P0002,M010,4184.861478416422,4708.767728416422,523.90625,0.15725086298050428,0.0
E52_fb97bb829fc82a7376005525,0.30567736412182,12.561592200960149,0.30567736412182,483.9909817485873,542.6900133241081,615.7877740440496,0.2593375767224136,0.009166666666666667,0.16008246527777778,0.428586708666858,2.1314132913331427,0.8660666535416068,704.38837890625,0.0,0.0,704.38837890625,832.08837890625,4618.408305330372,532.08837890625,30.0,693.9909817485873,0.0,1,P0002_M010_G00,P0002_M010_G00,P0002,M010,4184.861478416422,4708.767728416422,523.90625,0.30567736412182,0.0
E52_fd527d975e1813662620f82c,3.7072726387343806,12.45056667278017,3.7072726387343806,418.2192341110554,452.9085204066283,628.3027504486734,0.23771876612520712,0.009166666666666667,0.16008246527777778,0.40696789806965156,2.153032101930349,0.8728225318532339,416.271435546875,0.0,0.0,416.271435546875,543.971435546875,4712.2706283650505,307.606201171875,30.0,628.2192341110554,0.0,1,P0002_M010_G00,P0002_M010_G00,P0002,M010,4184.861478416422,4708.767728416422,523.90625,3.7072726387343806,0.0
E52_0fa03b8d9ed736d48919c1b7,4.742741805859765,11.555158541579928,4.742741805859765,469.53189880990186,510.00510285042924,696.2245733766397,0.2655870342753843,0.009166666666666667,0.27671875,0.551472450942051,2.0085275490579493,0.827664859080609,485.67844848632814,0.0,0.0,485.67844848632814,613.3784484863281,5221.684300324798,325.1297912597656,30.0,679.5318988099018,0.0,1,P0002_M013_G00,P0002_M013_G00,P0002,M013,2278.201651878965,3183.826651878965,905.625,4.742741805859765,0.0
E52_1ef47ef68c1879e18ddbb164,3.398043037439095,9.684707827919368,3.398043037439095,525.9457118932837,556.9823492630754,865.6715995678175,0.30964781577290457,0.009166666666666667,0.27671875,0.5955332324395712,1.9644667675604293,0.813895864862634,372.4396484375,0.0,0.0,372.4396484375,500.1396484375,6492.536996758631,304.7821350097656,30.0,735.9457118932837,0.0,1,P0002_M013_G00,P0002_M013_G00,P0002,M013,2278.201651878965,3183.826651878965,905.625,3.398043037439095,0.0
E52_215ef380a7eb56a6f7d09ab1,2.537885409617246,12.440860913671315,2.537885409617246,437.2780853288336,478.35957590907447,628.0672271762219,0.2444635461376352,0.009166666666666667,0.27671875,0.5303489628043019,2.0296510371956984,0.8342659491236557,492.97788696289064,0.0,0.0,492.97788696289064,620.6778869628906,4710.504203821664,324.9881591796875,30.0,647.2780853288336,0.0,1,P0002_M013_G00,P0002_M013_G00,P0002,M013,2278.201651878965,3183.826651878965,905.625,2.537885409617246,0.0
E52_24cc4f01335372459fb4c2ba,6.1310389492713,12.909161020133865,6.1310389492713,410.2633482290822,447.7953418407359,595.3347347882426,0.23022027843265847,0.009166666666666667,0.27671875,0.5161056950993251,2.0438943049006753,0.838716970281461,450.38392333984376,0.0,0.0,450.38392333984376,578.0839233398438,4465.010510911819,278.08392333984375,30.0,620.2633482290822,0.0,1,P0002_M013_G00,P0002_M013_G00,P0002,M013,2278.201651878965,3183.826651878965,905.625,6.1310389492713,0.0
E52_2dadfb43d7dd9558e21effa9,6.345543613126054,12.85982438864363,6.345543613126054,396.07517918576866,428.1792069974549,599.5261915014202,0.22576797164618329,0.009166666666666667,0.27671875,0.51165338831285,2.0483466116871503,0.8401083161522344,385.2483337402344,0.0,0.0,385.2483337402344,512.9483337402344,4496.446436260651,251.37640380859375,30.0,606.0751791857687,0.0,1,P0002_M013_G00,P0002_M013_G00,P0002,M013,2278.201651878965,3183.826651878965,905.625,6.345543613126054,0.0
E52_2e64690809088e2a96fb2160,6.014039441234999,9.500767968691491,6.014039441234999,523.7789293194231,550.945126524013,884.5606754113072,0.31155234822715455,0.009166666666666667,0.27671875,0.5974377648938212,1.9625622351061793,0.8133006984706809,325.99436645507814,0.0,0.0,325.99436645507814,453.6943664550781,6634.205065584804,329.6845703125,30.0,733.7789293194231,0.0,1,P0002_M013_G00,P0002_M013_G00,P0002,M013,2278.201651878965,3183.826651878965,905.625,6.014039441234999,0.0
E52_30110e5b3ae38ecfab28ace2,8.274212231078494,10.05954008012911,8.274212231078494,514.4106891471403,547.7506496268766,828.7816154158626,0.30032099335417484,0.009166666666666667,0.27671875,0.5862064100208415,1.973793589979159,0.8168104968684871,400.07952575683595,0.0,0.0,400.07952575683595,527.7795257568359,6215.862115618969,313.0162353515625,30.0,724.4106891471403,0.0,1,P0002_M013_G00,P0002_M013_G00,P0002,M013,2278.201651878965,3183.826651878965,905.625,8.274212231078494,0.0
E52_357bbbd4dc4420221c875ea3,7.575644866037791,12.241245229232817,7.575644866037791,405.4327582223269,433.1514265878055,644.5535062517828,0.23547283792056264,0.009166666666666667,0.27671875,0.5213582545872293,2.038641745412771,0.8370755454414909,332.6240203857422,0.0,0.0,332.6240203857422,460.3240203857422,4834.151296888371,255.67149353027344,30.0,615.4327582223269,0.0,1,P0002_M013_G00,P0002_M013_G00,P0002,M013,2278.201651878965,3183.826651878965,905.625,7.575644866037791,0.0
E52_3875f0f2b8e39572338b498b,2.428943672281946,12.654831201135607,2.428943672281946,430.443023323014,471.8276755243487,612.5781334380202,0.23983909257274777,0.009166666666666667,0.27671875,0.5257245092394145,2.034275490760586,0.835711090862683,496.61582641601564,0.0,0.0,496.61582641601564,624.3158264160156,4594.336000785152,324.3158264160156,30.0,640.443023323014,0.0,1,P0002_M013_G00,P0002_M013_G00,P0002,M013,2278.201651878965,3183.826651878965,905.625,2.428943672281946,0.0
E52_413d3eff5d481ef66f8d3068,5.996890456283907,9.493762996477216,5.996890456283907,548.7789293194231,584.2784598573463,884.5606754113072,0.3204434082194385,0.009166666666666667,0.27671875,0.6063288248861052,1.9536711751138953,0.8105222422230921,425.99436645507814,0.0,0.0,425.99436645507814,553.6943664550781,6634.205065584804,329.6845703125,30.0,758.7789293194231,0.0,1,P0002_M013_G00,P0002_M013_G00,P0002,M013,2278.201651878965,3183.826651878965,905.625,5.996890456283907,0.0
E52_4513f74e4ba51c209cccc792,5.430405762258175,9.790974506635663,5.430405762258175,548.6050089915749,589.1156759023821,854.1460165183059,0.3160741321008959,0.009166666666666667,0.27671875,0.6019595487675626,1.9580404512324379,0.8118876410101367,486.1280029296875,0.0,0.0,486.1280029296875,613.8280029296875,6406.095123887295,391.8226318359375,30.0,758.6050089915749,0.0,1,P0002_M013_G00,P0002_M013_G00,P0002,M013,2278.201651878965,3183.826651878965,905.625,5.430405762258175,0.0
E52_575c4f100493de938643a13d,1.2735129256524829,2.099203328999508,1.2735129256524829,470.05405043895155,518.0123847895375,652.3580947743875,0.259560220504969,0.009166666666666667,0.27671875,0.5454456371716356,2.014554362828365,0.8295482383838639,575.5000122070312,0.0,0.0,575.5000122070312,703.2000122070312,4892.685710807907,437.3766174316406,30.0,680.0540504389515,0.0,1,P0002_M013_G00,P0002_M013_G00,P0002,M013,2278.201651878965,3183.826651878965,905.625,1.2735129256524829,0.0
E52_7e5f4a4eaf9aa5b10576997a,6.0680963914717125,13.086620585622072,6.0680963914717125,384.11958913832314,414.7999833745699,584.1568128591658,0.21933939564120059,0.009166666666666667,0.27671875,0.5052248123078673,2.054775187692133,0.8421172461537915,368.16473083496095,0.0,0.0,368.16473083496095,495.86473083496094,4381.1760964437435,251.37640380859375,30.0,594.1195891383231,0.0,1,P0002_M013_G00,P0002_M013_G00,P0002,M013,2278.201651878965,3183.826651878965,905.625,6.0680963914717125,0.0
E52_82c821a5773d0bfbe554f10a,0.6230836731091074,11.397135806608844,0.6230836731091074,512.9354114719376,566.0737563002253,707.0407539741487,0.2825549862639304,0.009166666666666667,0.27671875,0.568440402930597,1.9915595970694033,0.8223623740841884,637.6601379394531,0.0,0.0,637.6601379394531,765.3601379394531,5302.805654806116,465.3601379394531,30.0,722.9354114719376,0.0,1,P0002_M013_G00,P0002_M013_G00,P0002,M013,2278.201651878965,3183.826651878965,905.625,0.6230836731091074,0.0
E52_831cee7e7a3a549796e42b18,2.595053298307789,10.042846261792022,2.595053298307789,524.445203057942,560.9167693217765,830.061008532876,0.3040708837654974,0.009166666666666667,0.27671875,0.5899563004321641,1.9700436995678365,0.8156386561149487,437.65879516601564,0.0,0.0,437.65879516601564,565.3587951660156,6225.457563996571,359.5916748046875,30.0,734.445203057942,0.0,1,P0002_M013_G00,P0002_M013_G00,P0002,M013,2278.201651878965,3183.826651878965,905.625,2.595053298307789,0.0
E52_88c1c7aba1fcf94c58dad20e,6.006557383287543,9.497510042154289,6.006557383287543,536.2789293194231,567.6117931906797,884.5606754113072,0.3159978782232965,0.009166666666666667,0.27671875,0.6018832948899632,1.9581167051100374,0.8119114703468865,375.99436645507814,0.0,0.0,375.99436645507814,503.6943664550781,6634.205065584804,329.6845703125,30.0,746.2789293194231,0.0,1,P0002_M013_G00,P0002_M013_G00,P0002,M013,2278.201651878965,3183.826651878965,905.625,6.006557383287543,0.0
E52_924cec2d58c933358893a332,7.352343479023318,12.302862284422105,7.352343479023318,416.670444788364,448.9844576972996,639.4568121231148,0.23874762537865796,0.009166666666666667,0.27671875,0.5246330420453247,2.035366957954676,0.836052174360836,387.7681549072266,0.0,0.0,387.7681549072266,515.4681549072266,4795.926090923361,252.644287109375,30.0,626.670444788364,0.0,1,P0002_M013_G00,P0002_M013_G00,P0002,M013,2278.201651878965,3183.826651878965,905.625,7.352343479023318,0.0
E52_96da4f081c74d8211b4b244f,6.937264214523168,12.47027426673894,6.937264214523168,406.4445801679392,437.368205859671,627.3474061854878,0.23339590098708082,0.009166666666666667,0.27671875,0.5192813176537475,2.040718682346253,0.837724588233204,371.08350830078126,0.0,0.0,371.08350830078126,498.78350830078125,4705.105546391158,251.37640380859375,30.0,616.4445801679392,0.0,1,P0002_M013_G00,P0002_M013_G00,P0002,M013,2278.201651878965,3183.826651878965,905.625,6.937264214523168,0.0
E52_b45db00398315637fb020e5f,2.9857581937912556,10.742298629097064,2.9857581937912556,520.0993036420956,566.0861185224667,764.2777180019647,0.2932088546230577,0.009166666666666667,0.27671875,0.5790942712897243,1.980905728710276,0.8190330402219612,551.8417785644531,0.0,0.0,551.8417785644531,679.5417785644531,5732.082885014735,386.71868896484375,30.0,730.0993036420956,0.0,1,P0002_M013_G00,P0002_M013_G00,P0002,M013,2278.201651878965,3183.826651878965,905.625,2.9857581937912556,0.0
E52_be69bdf55826f2eb34075d09,1.990666271520169,12.029424972929434,1.990666271520169,457.6877788138426,500.48965717077624,658.5642874860837,0.25604119113741575,0.009166666666666667,0.27671875,0.5419266078040824,2.018073392195918,0.8306479350612243,513.6225402832031,0.0,0.0,513.6225402832031,641.3225402832031,4939.232156145627,341.3225402832031,30.0,667.6877788138427,0.0,1,P0002_M013_G00,P0002_M013_G00,P0002,M013,2278.201651878965,3183.826651878965,905.625,1.990666271520169,0.0
E52_bfffb2993ede6e2e2bd9340b,5.25975548786549,13.053008949478723,5.25975548786549,400.85355156655817,436.85476820067277,585.6998033284289,0.22550922551216515,0.009166666666666667,0.27671875,0.5113946421788318,2.0486053578211685,0.8401891743191151,432.014599609375,0.0,0.0,432.014599609375,559.714599609375,4392.748524963216,275.29461669921875,30.0,610.8535515665582,0.0,1,P0002_M013_G00,P0002_M013_G00,P0002,M013,2278.201651878965,3183.826651878965,905.625,5.25975548786549,0.0
E52_c515ea57360fd29f9add62f7,3.1934017791412828,10.649906727109496,3.1934017791412828,525.5980011021792,572.0554631586571,772.4512298654912,0.29632198385281766,0.009166666666666667,0.27671875,0.5822074005194844,1.9777925994805161,0.8180601873376612,557.4895446777343,0.0,0.0,557.4895446777343,685.1895446777344,5793.384223991184,393.3172912597656,30.0,735.5980011021792,0.0,1,P0002_M013_G00,P0002_M013_G00,P0002,M013,2278.201651878965,3183.826651878965,905.625,3.1934017791412828,0.0
E52_c98d1e580ba9a8920eeacbdb,2.3750792528131655,9.995636820319618,2.3750792528131655,531.3190315479533,569.3529452238973,834.4345810402425,0.30713490815373307,0.009166666666666667,0.27671875,0.5930203248203998,1.9669796751796007,0.814681148493625,456.40696411132814,0.0,0.0,456.40696411132814,584.1069641113281,6258.259357801819,362.73199462890625,30.0,741.3190315479533,0.0,1,P0002_M013_G00,P0002_M013_G00,P0002,M013,2278.201651878965,3183.826651878965,905.625,2.3750792528131655,0.0
E52_cdef0b479e00ae29ebd83132,7.914652990064113,10.01648148125875,7.914652990064113,520.0071121141804,554.5433095222207,832.7970397801186,0.3028799960747676,0.009166666666666667,0.27671875,0.5887654127414343,1.9712345872585662,0.8160108085183018,414.4343688964844,0.0,0.0,414.4343688964844,542.1343688964844,6245.977798350889,297.6476745605469,30.0,730.0071121141804,0.0,1,P0002_M013_G00,P0002_M013_G00,P0002,M013,2278.201651878965,3183.826651878965,905.625,7.914652990064113,0.0
E52_d3460088443e86b69235cf2f,4.33701458107241,10.110906533633653,4.33701458107241,520.9986937965015,557.4049117530444,823.5600798537452,0.3019244763287566,0.009166666666666667,0.27671875,0.5878098929954232,1.9721901070045773,0.8163094084389303,436.87461547851564,0.0,0.0,436.87461547851564,564.5746154785156,6176.700598903089,281.75616455078125,30.0,730.9986937965015,0.0,1,P0002_M013_G00,P0002_M013_G00,P0002,M013,2278.201651878965,3183.826651878965,905.625,4.33701458107241,0.0
E52_d7f1f5d49edaa9f52000c452,6.146184073429467,12.917919470378578,6.146184073429467,397.7633482290822,431.12867517406926,595.3347347882426,0.22577474843651651,0.009166666666666667,0.27671875,0.5116601651031831,2.0483398348968174,0.8401061984052552,400.38392333984376,0.0,0.0,400.38392333984376,528.0839233398438,4465.010510911819,278.08392333984375,30.0,607.7633482290822,0.0,1,P0002_M013_G00,P0002_M013_G00,P0002,M013,2278.201651878965,3183.826651878965,905.625,6.146184073429467,0.0
E52_da1eeef61bb4fffd90feecd9,5.1098972412253545,11.577048041656667,5.1098972412253545,464.4321692173844,503.4661769891943,694.6602918039094,0.2635518155735283,0.009166666666666667,0.27671875,0.549437232240195,2.0105627677598052,0.828300864924939,468.40809326171876,0.0,0.0,468.40809326171876,596.1080932617188,5209.952188529321,322.9142761230469,30.0,674.4321692173844,0.0,1,P0002_M013_G00,P0002_M013_G00,P0002,M013,2278.201651878965,3183.826651878965,905.625,5.1098972412253545,0.0
E52_da487d3b8a0906fb4529d12f,0.14955749359428694,15.138353346482333,0.14955749359428694,331.4673547495513,365.316990573119,459.8368945576963,0.18300743845595838,0.009166666666666667,0.27671875,0.468892855122625,2.0911071448773755,0.8534709827741797,406.1956298828125,0.0,0.0,406.1956298828125,533.8956298828125,3448.7767091827222,283.8956298828125,30.0,541.4673547495513,0.0,1,P0002_M013_G00,P0002_M013_G00,P0002,M013,2278.201651878965,3183.826651878965,905.625,0.14955749359428694,0.0
E52_dbe1bedc9b83d29f34556dbd,6.244700193731603,13.016499113861627,6.244700193731603,387.86022911882606,419.0031732004504,588.862793747906,0.22133620210273125,0.009166666666666667,0.27671875,0.5072216187693979,2.0527783812306026,0.8414932441345632,373.7153289794922,0.0,0.0,373.7153289794922,501.4153289794922,4416.470953109295,233.02317810058594,30.0,597.860229118826,0.0,1,P0002_M013_G00,P0002_M013_G00,P0002,M013,2278.201651878965,3183.826651878965,905.625,6.244700193731603,0.0
E52_eb490529b308e18523949520,7.558875109955238,12.235001379754962,7.558875109955238,417.9327582223269,449.8180932544721,644.5535062517828,0.23991836791670462,0.009166666666666667,0.27671875,0.5258037845833713,2.034196215416629,0.8356863173176965,382.6240203857422,0.0,0.0,382.6240203857422,510.3240203857422,4834.151296888371,255.67149353027344,30.0,627.9327582223269,0.0,1,P0002_M013_G00,P0002_M013_G00,P0002,M013,2278.201651878965,3183.826651878965,905.625,7.558875109955238,0.0
E52_ede4029bd5e695a7a0c85289,6.159100800556587,12.925612211179384,6.159100800556587,385.2633482290822,414.4620085074026,595.3347347882426,0.22132921844037454,0.009166666666666667,0.27671875,0.5072146351070412,2.0527853648929595,0.8414954265290496,350.38392333984376,0.0,0.0,350.38392333984376,478.08392333984375,4465.010510911819,278.08392333984375,30.0,595.2633482290822,0.0,1,P0002_M013_G00,P0002_M013_G00,P0002,M013,2278.201651878965,3183.826651878965,905.625,6.159100800556587,0.0
E52_ef8fa59407d07a2296b5f591,9.186040195140023,0.3151276047193221,0.3151276047193221,505.85939793409244,540.3898465933535,804.5361039126185,0.29384606362066074,0.009166666666666667,0.27671875,0.5797314802873275,1.980268519712673,0.8188339124102102,414.3653839111328,0.0,0.0,414.3653839111328,542.0653839111328,6034.020779344639,284.8677062988281,30.0,715.8593979340924,0.0,1,P0002_M013_G00,P0002_M013_G00,P0002,M013,2278.201651878965,3183.826651878965,905.625,0.3151276047193221,0.0
E52_fd527d975e1813662620f82c,1.8183366490410862,12.45056667278017,1.8183366490410862,418.2192341110554,452.9085204066283,628.3027504486734,0.23771876612520712,0.009166666666666667,0.27671875,0.5236041827918738,2.0363958172081267,0.8363736928775394,416.271435546875,0.0,0.0,416.271435546875,543.971435546875,4712.2706283650505,307.606201171875,30.0,628.2192341110554,0.0,1,P0002_M013_G00,P0002_M013_G00,P0002,M013,2278.201651878965,3183.826651878965,905.625,1.8183366490410862,0.0
E52_01234cac2d25748209cb57e8,0.2621377808670644,5.963634638729843,0.2621377808670644,279.2236617812399,298.99466652163704,419.772700963196,0.15824405002114064,0.009166666666666667,0.12212673611111113,0.2895374527989184,2.270462547201082,0.909519546000338,254.4365661621094,17.18450927734375,17.18450927734375,254.4365661621094,382.1365661621094,3148.2952572239697,332.1365661621094,30.0,489.2236617812399,0.0,1,P0002_M014_G00,P0002_M014_G00,P0002,M014,2789.8000342139126,3189.4875342139126,399.6875,0.2621377808670644,0.0
E52_06eb0baa948af7ff52881bcf,11.34921240453653,16.258674653736037,11.34921240453653,296.7597053393259,328.36499963050426,403.88764493158146,0.16274021246714285,0.009166666666666667,0.12212673611111113,0.29403361524492067,2.26596638475508,0.9081144952359623,379.26353149414064,0.0,0.0,379.26353149414064,506.9635314941406,3029.157336986861,310.16876220703125,30.0,506.7597053393259,0.0,1,P0002_M014_G00,P0002_M014_G00,P0002,M014,2789.8000342139126,3189.4875342139126,399.6875,11.34921240453653,0.0
E52_0c9d91fc306062a18ada9948,10.190425106668542,15.697900697510477,10.190425106668542,331.42241999480143,370.2725110389095,429.7442937249544,0.1787296459836012,0.009166666666666667,0.12212673611111113,0.310023048761379,2.2499769512386214,0.9031177972620691,466.2010925292969,0.0,0.0,466.2010925292969,593.9010925292969,3223.082202937158,335.390380859375,30.0,541.4224199948014,0.0,1,P0002_M014_G00,P0002_M014_G00,P0002,M014,2789.8000342139126,3189.4875342139126,399.6875,10.190425106668542,0.0
E52_189eb019491ad876aa165071,14.62560917721207,3.8094716871601975,3.8094716871601975,403.09916814168594,448.35288467407526,534.676037089036,0.21908171065325852,0.009166666666666667,0.12212673611111113,0.35037511343103633,2.2096248865689643,0.8905077770528012,543.0445983886718,0.0,0.0,543.0445983886718,670.7445983886719,4010.07027816777,391.87322998046875,30.0,613.0991681416859,0.0,1,P0002_M014_G00,P0002_M014_G00,P0002,M014,2789.8000342139126,3189.4875342139126,399.6875,3.8094716871601975,0.0
E52_1eac4bbcd37cec5d48241661,0.22059627934990544,6.04580255430777,0.22059627934990544,275.66392246828667,298.30930922772677,415.4555243799327,0.1568759382441215,0.009166666666666667,0.12212673611111113,0.2881693410218993,2.271830658978101,0.9099470809306565,271.74464111328126,0.0,0.0,271.74464111328126,399.44464111328125,3115.9164328494953,326.2397766113281,30.0,485.66392246828667,0.0,1,P0002_M014_G00,P0002_M014_G00,P0002,M014,2789.8000342139126,3189.4875342139126,399.6875,0.22059627934990544,0.0
E52_231555d7070bcf1a0911e332,10.270015299215657,5.981962334569488,5.981962334569488,303.4113952968874,335.0249979987103,417.14117438283733,0.1669828432889251,0.009166666666666667,0.12212673611111113,0.2982762460667029,2.2617237539332975,0.9067886731041553,379.363232421875,0.0,0.0,379.363232421875,507.063232421875,3128.55880787128,326.2397766113281,30.0,513.4113952968873,0.0,1,P0002_M014_G00,P0002_M014_G00,P0002,M014,2789.8000342139126,3189.4875342139126,399.6875,5.981962334569488,0.0
E52_231de36c6439da832299e30f,11.086036405358143,16.451156269229884,11.086036405358143,336.2639482811268,383.1573412254627,391.1675388962379,0.1749881335365896,0.009166666666666667,0.12212673611111113,0.3062815363143674,2.253718463685633,0.9042870199017602,562.7207153320312,0.0,0.0,562.7207153320312,690.4207153320312,2933.7565417217843,390.42071533203125,30.0,546.2639482811268,0.0,1,P0002_M014_G00,P0002_M014_G00,P0002,M014,2789.8000342139126,3189.4875342139126,399.6875,11.086036405358143,0.0
E52_246111a1ef063bec9e89ec9e,22.41708310411812,13.03223549741864,13.03223549741864,413.11352328410356,453.07003166626504,586.4879962752384,0.22998101771643822,0.009166666666666667,0.12212673611111113,0.361274420494216,2.1987255795057843,0.8871017435955575,479.4781005859375,0.0,0.0,479.4781005859375,607.1781005859375,4398.659972064288,469.28277587890625,30.0,623.1135232841036,0.0,1,P0002_M014_G00,P0002_M014_G00,P0002,M014,2789.8000342139126,3189.4875342139126,399.6875,13.03223549741864,0.0
E52_27bf01e9e990859ae5993708,10.242823238504869,15.932490639468014,10.242823238504869,318.6138217216496,355.0514931287134,418.60161500091635,0.17259630304263499,0.009166666666666667,0.12212673611111113,0.30388970582041275,2.256110294179588,0.905034466931121,437.25205688476564,0.0,0.0,437.25205688476564,564.9520568847656,3139.5121125068727,326.2397766113281,30.0,528.6138217216496,0.0,1,P0002_M014_G00,P0002_M014_G00,P0002,M014,2789.8000342139126,3189.4875342139126,399.6875,10.242823238504869,0.0
E52_27bf1882d0e1a812c8450c72,10.928491222917913,16.18675851321828,10.928491222917913,334.03154784809436,377.9609795090644,404.48650573036844,0.17608047258726683,0.009166666666666667,0.12212673611111113,0.3073738753650446,2.252626124634956,0.9039456639484236,527.1531799316406,0.0,0.0,527.1531799316406,654.8531799316406,3033.648792977763,364.9013671875,30.0,544.0315478480943,0.0,1,P0002_M014_G00,P0002_M014_G00,P0002,M014,2789.8000342139126,3189.4875342139126,399.6875,10.928491222917913,0.0
E52_2d7a36258a59c18fc6a856bf,9.861556805186666,16.662039037059316,9.861556805186666,318.72117968179435,361.17160743651436,382.73979283526836,0.16755561647288383,0.009166666666666667,0.12212673611111113,0.29884901925066165,2.261150980749339,0.9066096814841682,509.40513305664064,0.0,0.0,509.40513305664064,637.1051330566406,2870.5484462645127,346.4301452636719,30.0,528.7211796817944,0.0,1,P0002_M014_G00,P0002_M014_G00,P0002,M014,2789.8000342139126,3189.4875342139126,399.6875,9.861556805186666,0.0
E52_347c51b45a583dd4c5a4aad0,9.606261708895559,10.359339260709504,9.606261708895559,545.8106765870443,594.6474365357748,798.6007934817058,0.3072138543106079,0.009166666666666667,0.12212673611111113,0.43850725708838567,2.121492742911615,0.8629664821598795,586.0411193847656,0.0,0.0,586.0411193847656,713.7411193847656,5989.505951112793,425.30462646484375,30.0,755.8106765870443,0.0,1,P0002_M014_G00,P0002_M014_G00,P0002,M014,2789.8000342139126,3189.4875342139126,399.6875,9.606261708895559,0.0
E52_3a94b6482baa2cfaba8a857d,10.380551441773832,16.425448776817632,10.380551441773832,326.01303055755295,369.111023518165,393.4381033514341,0.17166403726355467,0.009166666666666667,0.12212673611111113,0.30295744004133246,2.257042559958668,0.9053257999870836,517.1759155273437,0.0,0.0,517.1759155273437,644.8759155273438,2950.785775135756,352.4370422363281,30.0,536.013030557553,0.0,1,P0002_M014_G00,P0002_M014_G00,P0002,M014,2789.8000342139126,3189.4875342139126,399.6875,10.380551441773832,0.0
E52_437c6a333219b14c3939f26c,0.29122250319726106,6.0194831627628105,0.29122250319726106,277.09771274073506,296.211315442558,417.14117438283733,0.1570562493971614,0.009166666666666667,0.12212673611111113,0.2883496521749392,2.2716503478250614,0.9098907336953315,248.53977661132814,19.176544189453125,19.176544189453125,248.53977661132814,376.2397766113281,3128.55880787128,326.2397766113281,30.0,487.09771274073506,0.0,1,P0002_M014_G00,P0002_M014_G00,P0002,M014,2789.8000342139126,3189.4875342139126,399.6875,0.29122250319726106,0.0
E52_47db2d0d55c92154c779a4c9,11.176286595238821,16.45726286038159,11.176286595238821,312.62709924858126,351.3219092257948,393.08533863388124,0.16685347284684848,0.009166666666666667,0.12212673611111113,0.2981468756246263,2.2618531243753743,0.9068291013673043,464.3377197265625,0.0,0.0,464.3377197265625,592.0377197265625,2948.1400397541092,295.61395263671875,30.0,522.6270992485813,0.0,1,P0002_M014_G00,P0002_M014_G00,P0002,M014,2789.8000342139126,3189.4875342139126,399.6875,11.176286595238821,0.0
E52_60b0dc656c777ee2cc2279b1,8.977891259015252,0.21315146591224732,0.21315146591224732,563.4362729251038,615.9641949832094,811.705013501575,0.3153381258454166,0.009166666666666667,0.12212673611111113,0.4466315286231944,2.113368471376806,0.8604276473052518,630.3350646972656,0.0,0.0,630.3350646972656,758.0350646972656,6087.787601261813,495.9024353027344,30.0,773.4362729251038,0.0,1,P0002_M014_G00,P0002_M014_G00,P0002,M014,2789.8000342139126,3189.4875342139126,399.6875,0.21315146591224732,0.0
E52_6aa461eda22a4c53e6730e81,0.26027333458110036,6.478254834226846,0.26027333458110036,265.89885796308323,288.44260847170955,395.1560268799425,0.15049315106948455,0.009166666666666667,0.12212673611111113,0.28178655384726237,2.278213446152738,0.9119417019227305,271.70716552734376,1.182159423828125,1.182159423828125,271.70716552734376,399.40716552734375,2963.670201599569,349.40716552734375,30.0,475.89885796308323,0.0,1,P0002_M014_G00,P0002_M014_G00,P0002,M014,2789.8000342139126,3189.4875342139126,399.6875,0.26027333458110036,0.0
E52_6dc095df8eb6475486134b5c,21.261824796801946,12.905188948092743,12.905188948092743,424.06014837873875,466.2734748964797,594.8403376510322,0.23505698741925235,0.009166666666666667,0.12212673611111113,0.36635039019703014,2.1936496098029705,0.8855155030634281,506.55991821289064,0.0,0.0,506.55991821289064,634.2599182128906,4461.302532382741,440.2059631347656,30.0,634.0601483787387,0.0,1,P0002_M014_G00,P0002_M014_G00,P0002,M014,2789.8000342139126,3189.4875342139126,399.6875,12.905188948092743,0.0
E52_73baea82bbbffa2db9d7426a,10.241631917232525,5.711384152670419,5.711384152670419,297.3854850658978,324.64222792478455,431.2305129784753,0.16683515196021612,0.009166666666666667,0.12212673611111113,0.29812855473799393,2.2618714452620066,0.9068348266443769,327.08091430664064,0.0,0.0,327.08091430664064,454.7809143066406,3234.2288473385647,335.390380859375,30.0,507.3854850658978,0.0,1,P0002_M014_G00,P0002_M014_G00,P0002,M014,2789.8000342139126,3189.4875342139126,399.6875,5.711384152670419,0.0
E52_74b3fb0a4920873efc33101b,1.2602427488312316,6.525083879148042,1.2602427488312316,262.62709924858126,284.6552425591281,393.08533863388124,0.14907135286228057,0.009166666666666667,0.12212673611111113,0.28036475564005836,2.279635244359942,0.9123860138624817,264.3377197265625,0.0,0.0,264.3377197265625,392.0377197265625,2948.1400397541092,295.61395263671875,30.0,472.62709924858126,0.0,1,P0002_M014_G00,P0002_M014_G00,P0002,M014,2789.8000342139126,3189.4875342139126,399.6875,1.2602427488312316,0.0
E52_7dc5542bb1ad046741692f59,9.646877129001481,15.630401191468053,9.646877129001481,333.52010664670297,372.50493279823297,433.1312563842263,0.17995534493942492,0.009166666666666667,0.12212673611111113,0.3112487477172027,2.2487512522827977,0.9027347663383741,467.8179138183594,0.0,0.0,467.8179138183594,595.5179138183594,3248.484422881697,322.1230773925781,30.0,543.520106646703,0.0,1,P0002_M014_G00,P0002_M014_G00,P0002,M014,2789.8000342139126,3189.4875342139126,399.6875,9.646877129001481,0.0
E52_82c821a5773d0bfbe554f10a,7.048096127868064,11.397135806608844,7.048096127868064,512.9354114719376,566.0737563002253,707.0407539741487,0.2825549862639304,0.009166666666666667,0.12212673611111113,0.4138483890417082,2.1461516109582925,0.8706723784244662,637.6601379394531,0.0,0.0,637.6601379394531,765.3601379394531,5302.805654806116,465.3601379394531,30.0,722.9354114719376,0.0,1,P0002_M014_G00,P0002_M014_G00,P0002,M014,2789.8000342139126,3189.4875342139126,399.6875,7.048096127868064,0.0
E52_8ca7795ffa642a3b129c0a3d,10.116181077439208,15.730152054416479,10.116181077439208,330.94608252023,369.9122522589995,428.0951466078428,0.17832668261553564,0.009166666666666667,0.12212673611111113,0.3096200853933134,2.250379914606687,0.9032437233145896,467.5940368652344,0.0,0.0,467.5940368652344,595.2940368652344,3210.713599558821,335.390380859375,30.0,540.94608252023,0.0,1,P0002_M014_G00,P0002_M014_G00,P0002,M014,2789.8000342139126,3189.4875342139126,399.6875,10.116181077439208,0.0
E52_8d375985c45fff9288668cb3,10.94719854612093,16.222123863058812,10.94719854612093,353.99602207193686,405.21742048909175,400.663653640944,0.182639281392285,0.009166666666666667,0.12212673611111113,0.3139326841700628,2.246067315829938,0.9018960361968553,614.6567810058593,0.0,0.0,614.6567810058593,742.3567810058594,3004.97740230708,442.3567810058594,30.0,563.9960220719369,0.0,1,P0002_M014_G00,P0002_M014_G00,P0002,M014,2789.8000342139126,3189.4875342139126,399.6875,10.94719854612093,0.0
E52_9026ce0d2a5dd9a75ef73c8e,0.8346734947557763,6.720084116703532,0.8346734947557763,248.6739065082912,267.42831222931983,384.70630707582717,0.14291941710941022,0.009166666666666667,0.12212673611111113,0.27421281988718804,2.2857871801128127,0.9143084937852537,225.15150146484376,0.0986328125,0.0986328125,225.15150146484376,352.85150146484375,2885.297303068704,302.85150146484375,30.0,458.6739065082912,0.0,1,P0002_M014_G00,P0002_M014_G00,P0002,M014,2789.8000342139126,3189.4875342139126,399.6875,0.8346734947557763,0.0
E52_9b18c2085562c5280ea1e394,8.632290886797136,0.02697066595830222,0.02697066595830222,563.4972144032131,613.0086493397365,829.9258191872856,0.3179402888393461,0.009166666666666667,0.12212673611111113,0.4492336916171239,2.1107663083828765,0.8596144713696487,594.1372192382812,0.0,0.0,594.1372192382812,721.8372192382812,6224.443643904642,493.42156982421875,30.0,773.4972144032131,0.0,1,P0002_M014_G00,P0002_M014_G00,P0002,M014,2789.8000342139126,3189.4875342139126,399.6875,0.02697066595830222,0.0
E52_a1af1f4ab7d520e82e20be53,9.004003898974545,0.45430012492889205,0.45430012492889205,547.7224457312177,598.7128286250978,789.5025940991541,0.30660524396013417,0.009166666666666667,0.12212673611111113,0.43789864673791196,2.1221013532620887,0.8631566728944025,611.8845947265625,0.0,0.0,611.8845947265625,739.5845947265625,5921.269455743655,499.0620422363281,30.0,757.7224457312177,0.0,1,P0002_M014_G00,P0002_M014_G00,P0002,M014,2789.8000342139126,3189.4875342139126,399.6875,0.45430012492889205,0.0
E52_afb1e3673ff3adbe9c45b8fc,0.7145262616264461,6.956106286850726,0.7145262616264461,250.21040235058808,271.27175132926646,374.0527108291059,0.1419599864782851,0.009166666666666667,0.12212673611111113,0.2732533892560629,2.2867466107439376,0.9146083158574804,252.73618774414064,0.0,0.0,252.73618774414064,380.4361877441406,2805.395331218294,291.6474609375,30.0,460.2104023505881,0.0,1,P0002_M014_G00,P0002_M014_G00,P0002,M014,2789.8000342139126,3189.4875342139126,399.6875,0.7145262616264461,0.0
E52_b60e4d2a4cdcd5801a5d757f,9.6910339592972,16.480566458341656,9.6910339592972,308.26023760270465,345.626388522301,392.32356968783114,0.16519254750221457,0.009166666666666667,0.12212673611111113,0.29648595027999236,2.2635140497200084,0.9073481405375023,448.39381103515626,0.0,0.0,448.39381103515626,576.0938110351562,2942.4267726587336,326.2397766113281,30.0,518.2602376027046,0.0,1,P0002_M014_G00,P0002_M014_G00,P0002,M014,2789.8000342139126,3189.4875342139126,399.6875,9.6910339592972,0.0
E52_b8aeee13ee5f313ffdb298e7,9.341569033412739,0.32052137756616617,0.32052137756616617,550.9628084392909,600.9445446860357,802.0351993981131,0.309532562555218,0.009166666666666667,0.12212673611111113,0.4408259653329958,2.1191740346670045,0.8622418858334389,599.7808349609375,0.0,0.0,599.7808349609375,727.4808349609375,6015.263995485849,488.552978515625,30.0,760.9628084392909,0.0,1,P0002_M014_G00,P0002_M014_G00,P0002,M014,2789.8000342139126,3189.4875342139126,399.6875,0.32052137756616617,0.0
E52_c0294c7ff44d44fc4ede8d97,9.63131941890856,16.7256600789149,9.63131941890856,316.70783025924425,358.9570632507807,379.92026256926977,0.16644027302831577,0.009166666666666667,0.12212673611111113,0.29773367580609356,2.2622663241939067,0.9069582263105957,506.9907958984375,0.0,0.0,506.9907958984375,634.6907958984375,2849.4019692695233,334.6907958984375,30.0,526.7078302592442,0.0,1,P0002_M014_G00,P0002_M014_G00,P0002,M014,2789.8000342139126,3189.4875342139126,399.6875,9.63131941890856,0.0
E52_c10a50247c57c0340b451298,23.102510605611926,3.1495087650690863,3.1495087650690863,410.4813485396202,450.8988478275434,578.4577013517014,0.22790762835174688,0.009166666666666667,0.12212673611111113,0.3592010311295247,2.2007989688704757,0.8877496777720235,485.00999145507814,0.0,0.0,485.00999145507814,612.7099914550781,4338.432760137761,515.4917602539062,30.0,620.4813485396203,0.0,1,P0002_M014_G00,P0002_M014_G00,P0002,M014,2789.8000342139126,3189.4875342139126,399.6875,3.1495087650690863,0.0
E52_c117f06f984d58b2275e6c48,9.624131919930264,0.365836005255062,0.365836005255062,533.3106765870443,577.980769869108,798.6007934817058,0.30276832431446593,0.009166666666666667,0.12212673611111113,0.4340617270922437,2.125938272907757,0.8643557102836739,536.0411193847656,0.0,0.0,536.0411193847656,663.7411193847656,5989.505951112793,425.30462646484375,30.0,743.3106765870443,0.0,1,P0002_M014_G00,P0002_M014_G00,P0002,M014,2789.8000342139126,3189.4875342139126,399.6875,0.365836005255062,0.0
E52_d22cbe82615c6d2ee0ebf49f,10.18232641347295,15.758568264926964,10.18232641347295,318.17309843891866,352.9726015110215,427.5491784452201,0.1737067461230003,0.009166666666666667,0.12212673611111113,0.3050001489007781,2.2549998510992224,0.9046874534685069,417.5940368652344,0.0,0.0,417.5940368652344,545.2940368652344,3206.618838339151,335.390380859375,30.0,528.1730984389187,0.0,1,P0002_M014_G00,P0002_M014_G00,P0002,M014,2789.8000342139126,3189.4875342139126,399.6875,10.18232641347295,0.0
E52_d6d1511afdebb88632549a71,11.95681392735753,16.177909036830457,11.95681392735753,342.76879390848103,389.67749650450963,404.08537224079015,0.1791309979165653,0.009166666666666667,0.12212673611111113,0.3104244006943431,2.2495755993056576,0.9029923747830177,562.9044311523437,0.0,0.0,562.9044311523437,690.6044311523438,3030.640291805926,390.60443115234375,30.0,552.768793908481,0.0,1,P0002_M014_G00,P0002_M014_G00,P0002,M014,2789.8000342139126,3189.4875342139126,399.6875,11.95681392735753,0.0
E52_da487d3b8a0906fb4529d12f,9.466834534918036,15.138353346482333,9.466834534918036,331.4673547495513,365.316990573119,459.8368945576963,0.18300743845595838,0.009166666666666667,0.12212673611111113,0.31430084123373614,2.2456991587662642,0.9017809871144574,406.1956298828125,0.0,0.0,406.1956298828125,533.8956298828125,3448.7767091827222,283.8956298828125,30.0,541.4673547495513,0.0,1,P0002_M014_G00,P0002_M014_G00,P0002,M014,2789.8000342139126,3189.4875342139126,399.6875,9.466834534918036,0.0
E52_dbec4f1422e98765afb262aa,10.873853311460351,16.38523852602286,10.873853311460351,322.5402116809159,364.1002534899979,395.72017250733956,0.1707521496628321,0.009166666666666667,0.12212673611111113,0.3020455524406099,2.2579544475593907,0.9056107648623094,498.7205017089844,0.0,0.0,498.7205017089844,626.4205017089844,2967.901293805047,326.4205017089844,30.0,532.540211680916,0.0,1,P0002_M014_G00,P0002_M014_G00,P0002,M014,2789.8000342139126,3189.4875342139126,399.6875,10.873853311460351,0.0
E52_dd12fb0cc4aee52816704b73,9.533385753575843,0.5498680641518376,0.5498680641518376,547.6210002825783,600.0718247658139,780.5370536657424,0.3052994367315811,0.009166666666666667,0.12212673611111113,0.4365928395093589,2.1234071604906415,0.8635647376533253,629.4098937988281,0.0,0.0,629.4098937988281,757.1098937988281,5854.027902493068,543.108642578125,30.0,757.6210002825783,0.0,1,P0002_M014_G00,P0002_M014_G00,P0002,M014,2789.8000342139126,3189.4875342139126,399.6875,0.5498680641518376,0.0
E52_de2c36302e014a6d0284c896,10.188846349369086,15.994052628622484,10.188846349369086,325.41177480357015,364.7238282296769,414.95122905049965,0.1744969638873427,0.009166666666666667,0.12212673611111113,0.3057903666651205,2.25420963333488,0.9044405104171498,471.74464111328126,0.0,0.0,471.74464111328126,599.4446411132812,3112.134217878747,326.2397766113281,30.0,535.4117748035701,0.0,1,P0002_M014_G00,P0002_M014_G00,P0002,M014,2789.8000342139126,3189.4875342139126,399.6875,10.188846349369086,0.0
E52_e0325aad0b87e7c07e10fc2c,0.2899691771359727,5.987785159048158,0.2899691771359727,275.1983248954777,294.96932963587483,418.60161500091635,0.15682137892336617,0.009166666666666667,0.12212673611111113,0.28811478170114396,2.2718852182988565,0.9099641307183925,248.53977661132814,11.2877197265625,11.2877197265625,248.53977661132814,376.2397766113281,3139.5121125068727,326.2397766113281,30.0,485.1983248954777,0.0,1,P0002_M014_G00,P0002_M014_G00,P0002,M014,2789.8000342139126,3189.4875342139126,399.6875,0.2899691771359727,0.0
E52_e0cd6bab1a22c4530d9a254c,0.9640360275543713,6.471069764274475,0.9640360275543713,260.0402116809159,280.7669201566646,395.72017250733956,0.14852449968212222,0.009166666666666667,0.12212673611111113,0.2798179024599,2.2801820975401004,0.9125569054812812,248.7205017089844,0.0,0.0,248.7205017089844,376.4205017089844,2967.901293805047,326.4205017089844,30.0,470.0402116809159,0.0,1,P0002_M014_G00,P0002_M014_G00,P0002,M014,2789.8000342139126,3189.4875342139126,399.6875,0.9640360275543713,0.0
E52_ea76d341ab82f2ebc1fa1efe,0.2590687234203841,6.056283714240493,0.2590687234203841,275.41177480357015,298.05716156301025,414.95122905049965,0.15671484390277482,0.009166666666666667,0.12212673611111113,0.2880082466805526,2.271991753319448,0.9099974229123273,271.74464111328126,0.0,0.0,271.74464111328126,399.44464111328125,3112.134217878747,326.2397766113281,30.0,485.41177480357015,0.0,1,P0002_M014_G00,P0002_M014_G00,P0002,M014,2789.8000342139126,3189.4875342139126,399.6875,0.2590687234203841,0.0
E52_f2fabdd802684ffd17ed2273,0.6936377613534717,16.925225818485302,0.6936377613534717,275.2104023505881,304.60508466259984,374.0527108291059,0.15085104647056902,0.009166666666666667,0.12212673611111113,0.2821444492483468,2.277855550751654,0.9118298596098916,352.73618774414064,0.0,0.0,352.73618774414064,480.4361877441406,2805.395331218294,291.6474609375,30.0,485.2104023505881,0.0,1,P0002_M014_G00,P0002_M014_G00,P0002,M014,2789.8000342139126,3189.4875342139126,399.6875,0.6936377613534717,0.0
E52_0fa03b8d9ed736d48919c1b7,4.742741805859765,11.555158541579928,4.742741805859765,469.53189880990186,510.00510285042924,696.2245733766397,0.2655870342753843,0.009166666666666667,0.2615651041666667,0.5363188051087177,2.023681194891283,0.8324003734035257,485.67844848632814,0.0,0.0,485.67844848632814,613.3784484863281,5221.684300324798,325.1297912597656,30.0,679.5318988099018,0.0,1,P0002_M017_G00,P0002_M017_G00,P0002,M017,747.8125,1603.84375,856.03125,4.742741805859765,0.0
E52_1ef47ef68c1879e18ddbb164,3.398043037439095,9.684707827919368,3.398043037439095,525.9457118932837,556.9823492630754,865.6715995678175,0.30964781577290457,0.009166666666666667,0.2615651041666667,0.5803795866062379,1.9796204133937625,0.8186313791855506,372.4396484375,0.0,0.0,372.4396484375,500.1396484375,6492.536996758631,304.7821350097656,30.0,735.9457118932837,0.0,1,P0002_M017_G00,P0002_M017_G00,P0002,M017,747.8125,1603.84375,856.03125,3.398043037439095,0.0
E52_215ef380a7eb56a6f7d09ab1,2.537885409617246,12.440860913671315,2.537885409617246,437.2780853288336,478.35957590907447,628.0672271762219,0.2444635461376352,0.009166666666666667,0.2615651041666667,0.5151953169709685,2.044804683029032,0.8390014634465723,492.97788696289064,0.0,0.0,492.97788696289064,620.6778869628906,4710.504203821664,324.9881591796875,30.0,647.2780853288336,0.0,1,P0002_M017_G00,P0002_M017_G00,P0002,M017,747.8125,1603.84375,856.03125,2.537885409617246,0.0
E52_24cc4f01335372459fb4c2ba,6.1310389492713,12.909161020133865,6.1310389492713,410.2633482290822,447.7953418407359,595.3347347882426,0.23022027843265847,0.009166666666666667,0.2615651041666667,0.5009520492659918,2.0590479507340085,0.8434524846043776,450.38392333984376,0.0,0.0,450.38392333984376,578.0839233398438,4465.010510911819,278.08392333984375,30.0,620.2633482290822,0.0,1,P0002_M017_G00,P0002_M017_G00,P0002,M017,747.8125,1603.84375,856.03125,6.1310389492713,0.0
E52_2dadfb43d7dd9558e21effa9,6.345543613126054,12.85982438864363,6.345543613126054,396.07517918576866,428.1792069974549,599.5261915014202,0.22576797164618329,0.009166666666666667,0.2615651041666667,0.4964997424795166,2.063500257520484,0.8448438304751511,385.2483337402344,0.0,0.0,385.2483337402344,512.9483337402344,4496.446436260651,251.37640380859375,30.0,606.0751791857687,0.0,1,P0002_M017_G00,P0002_M017_G00,P0002,M017,747.8125,1603.84375,856.03125,6.345543613126054,0.0
E52_2e64690809088e2a96fb2160,6.026252380933741,9.500767968691491,6.026252380933741,523.7789293194231,550.945126524013,884.5606754113072,0.31155234822715455,0.009166666666666667,0.2615651041666667,0.5822841190604879,1.9777158809395126,0.8180362127935975,325.99436645507814,0.0,0.0,325.99436645507814,453.6943664550781,6634.205065584804,329.6845703125,30.0,733.7789293194231,0.0,1,P0002_M017_G00,P0002_M017_G00,P0002,M017,747.8125,1603.84375,856.03125,6.026252380933741,0.0
E52_30110e5b3ae38ecfab28ace2,8.293295798173915,10.05954008012911,8.293295798173915,514.4106891471403,547.7506496268766,828.7816154158626,0.30032099335417484,0.009166666666666667,0.2615651041666667,0.5710527641875082,1.9889472358124922,0.8215460111914037,400.07952575683595,0.0,0.0,400.07952575683595,527.7795257568359,6215.862115618969,313.0162353515625,30.0,724.4106891471403,0.0,1,P0002_M017_G00,P0002_M017_G00,P0002,M017,747.8125,1603.84375,856.03125,8.293295798173915,0.0
E52_357bbbd4dc4420221c875ea3,7.575644866037791,12.241245229232817,7.575644866037791,405.4327582223269,433.1514265878055,644.5535062517828,0.23547283792056264,0.009166666666666667,0.2615651041666667,0.506204608753896,2.0537953912461044,0.8418110597644075,332.6240203857422,0.0,0.0,332.6240203857422,460.3240203857422,4834.151296888371,255.67149353027344,30.0,615.4327582223269,0.0,1,P0002_M017_G00,P0002_M017_G00,P0002,M017,747.8125,1603.84375,856.03125,7.575644866037791,0.0
E52_3875f0f2b8e39572338b498b,2.428943672281946,12.654831201135607,2.428943672281946,430.443023323014,471.8276755243487,612.5781334380202,0.23983909257274777,0.009166666666666667,0.2615651041666667,0.510570863406081,2.0494291365939192,0.8404466051855997,496.61582641601564,0.0,0.0,496.61582641601564,624.3158264160156,4594.336000785152,324.3158264160156,30.0,640.443023323014,0.0,1,P0002_M017_G00,P0002_M017_G00,P0002,M017,747.8125,1603.84375,856.03125,2.428943672281946,0.0
E52_413d3eff5d481ef66f8d3068,6.009055198369268,9.493762996477216,6.009055198369268,548.7789293194231,584.2784598573463,884.5606754113072,0.3204434082194385,0.009166666666666667,0.2615651041666667,0.5911751790527718,1.9688248209472285,0.8152577565460088,425.99436645507814,0.0,0.0,425.99436645507814,553.6943664550781,6634.205065584804,329.6845703125,30.0,758.7789293194231,10.966429319423128,0,P0002_M017_G00,P0002_M017_G00,P0002,M017,747.8125,1603.84375,856.03125,6.009055198369268,0.0
E52_4513f74e4ba51c209cccc792,5.438623584529395,9.790974506635663,5.438623584529395,548.6050089915749,589.1156759023821,854.1460165183059,0.3160741321008959,0.009166666666666667,0.2615651041666667,0.5868059029342292,1.9731940970657713,0.8166231553330534,486.1280029296875,0.0,0.0,486.1280029296875,613.8280029296875,6406.095123887295,391.8226318359375,30.0,758.6050089915749,10.792508991574891,0,P0002_M017_G00,P0002_M017_G00,P0002,M017,747.8125,1603.84375,856.03125,5.438623584529395,0.0
E52_575c4f100493de938643a13d,1.2735129256524829,2.099203328999508,1.2735129256524829,470.05405043895155,518.0123847895375,652.3580947743875,0.259560220504969,0.009166666666666667,0.2615651041666667,0.5302919913383024,2.0297080086616983,0.8342837527067806,575.5000122070312,0.0,0.0,575.5000122070312,703.2000122070312,4892.685710807907,437.3766174316406,30.0,680.0540504389515,0.0,1,P0002_M017_G00,P0002_M017_G00,P0002,M017,747.8125,1603.84375,856.03125,1.2735129256524829,0.0
E52_7e5f4a4eaf9aa5b10576997a,6.0680963914717125,13.086620585622072,6.0680963914717125,384.11958913832314,414.7999833745699,584.1568128591658,0.21933939564120059,0.009166666666666667,0.2615651041666667,0.4900711664745339,2.0699288335254664,0.8468527604767082,368.16473083496095,0.0,0.0,368.16473083496095,495.86473083496094,4381.1760964437435,251.37640380859375,30.0,594.1195891383231,0.0,1,P0002_M017_G00,P0002_M017_G00,P0002,M017,747.8125,1603.84375,856.03125,6.0680963914717125,0.0
E52_82c821a5773d0bfbe554f10a,0.6230836731091074,11.397135806608844,0.6230836731091074,512.9354114719376,566.0737563002253,707.0407539741487,0.2825549862639304,0.009166666666666667,0.2615651041666667,0.5532867570972637,2.0067132429027366,0.8270978884071051,637.6601379394531,0.0,0.0,637.6601379394531,765.3601379394531,5302.805654806116,465.3601379394531,30.0,722.9354114719376,0.0,1,P0002_M017_G00,P0002_M017_G00,P0002,M017,747.8125,1603.84375,856.03125,0.6230836731091074,0.0
E52_831cee7e7a3a549796e42b18,2.595053298307789,10.042846261792022,2.595053298307789,524.445203057942,560.9167693217765,830.061008532876,0.3040708837654974,0.009166666666666667,0.2615651041666667,0.5748026545988307,1.9851973454011698,0.8203741704378654,437.65879516601564,0.0,0.0,437.65879516601564,565.3587951660156,6225.457563996571,359.5916748046875,30.0,734.445203057942,0.0,1,P0002_M017_G00,P0002_M017_G00,P0002,M017,747.8125,1603.84375,856.03125,2.595053298307789,0.0
E52_88c1c7aba1fcf94c58dad20e,6.018749271020425,9.497510042154289,6.018749271020425,536.2789293194231,567.6117931906797,884.5606754113072,0.3159978782232965,0.009166666666666667,0.2615651041666667,0.5867296490566298,1.9732703509433707,0.8166469846698032,375.99436645507814,0.0,0.0,375.99436645507814,503.6943664550781,6634.205065584804,329.6845703125,30.0,746.2789293194231,0.0,1,P0002_M017_G00,P0002_M017_G00,P0002,M017,747.8125,1603.84375,856.03125,6.018749271020425,0.0
E52_924cec2d58c933358893a332,7.352343479023318,12.302862284422105,7.352343479023318,416.670444788364,448.9844576972996,639.4568121231148,0.23874762537865796,0.009166666666666667,0.2615651041666667,0.5094793962119912,2.0505206037880095,0.8407876886837528,387.7681549072266,0.0,0.0,387.7681549072266,515.4681549072266,4795.926090923361,252.644287109375,30.0,626.670444788364,0.0,1,P0002_M017_G00,P0002_M017_G00,P0002,M017,747.8125,1603.84375,856.03125,7.352343479023318,0.0
E52_96da4f081c74d8211b4b244f,6.937264214523168,12.47027426673894,6.937264214523168,406.4445801679392,437.368205859671,627.3474061854878,0.23339590098708082,0.009166666666666667,0.2615651041666667,0.5041276718204142,2.0558723281795865,0.8424601025561206,371.08350830078126,0.0,0.0,371.08350830078126,498.78350830078125,4705.105546391158,251.37640380859375,30.0,616.4445801679392,0.0,1,P0002_M017_G00,P0002_M017_G00,P0002,M017,747.8125,1603.84375,856.03125,6.937264214523168,0.0
E52_b45db00398315637fb020e5f,2.9857581937912556,10.742298629097064,2.9857581937912556,520.0993036420956,566.0861185224667,764.2777180019647,0.2932088546230577,0.009166666666666667,0.2615651041666667,0.563940625456391,1.9960593745436095,0.8237685545448779,551.8417785644531,0.0,0.0,551.8417785644531,679.5417785644531,5732.082885014735,386.71868896484375,30.0,730.0993036420956,0.0,1,P0002_M017_G00,P0002_M017_G00,P0002,M017,747.8125,1603.84375,856.03125,2.9857581937912556,0.0
E52_be69bdf55826f2eb34075d09,1.990666271520169,12.029424972929434,1.990666271520169,457.6877788138426,500.48965717077624,658.5642874860837,0.25604119113741575,0.009166666666666667,0.2615651041666667,0.5267729619707491,2.0332270380292514,0.8353834493841409,513.6225402832031,0.0,0.0,513.6225402832031,641.3225402832031,4939.232156145627,341.3225402832031,30.0,667.6877788138427,0.0,1,P0002_M017_G00,P0002_M017_G00,P0002,M017,747.8125,1603.84375,856.03125,1.990666271520169,0.0
E52_bfffb2993ede6e2e2bd9340b,5.25975548786549,13.053008949478723,5.25975548786549,400.85355156655817,436.85476820067277,585.6998033284289,0.22550922551216515,0.009166666666666667,0.2615651041666667,0.49624099634549845,2.063759003654502,0.8449246886420317,432.014599609375,0.0,0.0,432.014599609375,559.714599609375,4392.748524963216,275.29461669921875,30.0,610.8535515665582,0.0,1,P0002_M017_G00,P0002_M017_G00,P0002,M017,747.8125,1603.84375,856.03125,5.25975548786549,0.0
E52_c515ea57360fd29f9add62f7,3.1934017791412828,10.649906727109496,3.1934017791412828,525.5980011021792,572.0554631586571,772.4512298654912,0.29632198385281766,0.009166666666666667,0.2615651041666667,0.5670537546861509,1.9929462453138496,0.8227957016605778,557.4895446777343,0.0,0.0,557.4895446777343,685.1895446777344,5793.384223991184,393.3172912597656,30.0,735.5980011021792,0.0,1,P0002_M017_G00,P0002_M017_G00,P0002,M017,747.8125,1603.84375,856.03125,3.1934017791412828,0.0
E52_c98d1e580ba9a8920eeacbdb,2.3750792528131655,9.995636820319618,2.3750792528131655,531.3190315479533,569.3529452238973,834.4345810402425,0.30713490815373307,0.009166666666666667,0.2615651041666667,0.5778666789870663,1.9821333210129342,0.8194166628165418,456.40696411132814,0.0,0.0,456.40696411132814,584.1069641113281,6258.259357801819,362.73199462890625,30.0,741.3190315479533,0.0,1,P0002_M017_G00,P0002_M017_G00,P0002,M017,747.8125,1603.84375,856.03125,2.3750792528131655,0.0
E52_cdef0b479e00ae29ebd83132,7.932092754264744,10.01648148125875,7.932092754264744,520.0071121141804,554.5433095222207,832.7970397801186,0.3028799960747676,0.009166666666666667,0.2615651041666667,0.5736117669081009,1.9863882330918996,0.8207463228412185,414.4343688964844,0.0,0.0,414.4343688964844,542.1343688964844,6245.977798350889,297.6476745605469,30.0,730.0071121141804,0.0,1,P0002_M017_G00,P0002_M017_G00,P0002,M017,747.8125,1603.84375,856.03125,7.932092754264744,0.0
E52_d3460088443e86b69235cf2f,4.33701458107241,10.110906533633653,4.33701458107241,520.9986937965015,557.4049117530444,823.5600798537452,0.3019244763287566,0.009166666666666667,0.2615651041666667,0.57265624716209,1.9873437528379105,0.8210449227618469,436.87461547851564,0.0,0.0,436.87461547851564,564.5746154785156,6176.700598903089,281.75616455078125,30.0,730.9986937965015,0.0,1,P0002_M017_G00,P0002_M017_G00,P0002,M017,747.8125,1603.84375,856.03125,4.33701458107241,0.0
E52_d7f1f5d49edaa9f52000c452,6.146184073429467,12.917919470378578,6.146184073429467,397.7633482290822,431.12867517406926,595.3347347882426,0.22577474843651651,0.009166666666666667,0.2615651041666667,0.49650651926984984,2.0634934807301506,0.844841712728172,400.38392333984376,0.0,0.0,400.38392333984376,528.0839233398438,4465.010510911819,278.08392333984375,30.0,607.7633482290822,0.0,1,P0002_M017_G00,P0002_M017_G00,P0002,M017,747.8125,1603.84375,856.03125,6.146184073429467,0.0
E52_da1eeef61bb4fffd90feecd9,5.1098972412253545,11.577048041656667,5.1098972412253545,464.4321692173844,503.4661769891943,694.6602918039094,0.2635518155735283,0.009166666666666667,0.2615651041666667,0.5342835864068616,2.025716413593139,0.8330363792478558,468.40809326171876,0.0,0.0,468.40809326171876,596.1080932617188,5209.952188529321,322.9142761230469,30.0,674.4321692173844,0.0,1,P0002_M017_G00,P0002_M017_G00,P0002,M017,747.8125,1603.84375,856.03125,5.1098972412253545,0.0
E52_da487d3b8a0906fb4529d12f,0.14955749359428694,15.138353346482333,0.14955749359428694,331.4673547495513,365.316990573119,459.8368945576963,0.18300743845595838,0.009166666666666667,0.2615651041666667,0.4537392092892917,2.1062607907107087,0.8582064970970964,406.1956298828125,0.0,0.0,406.1956298828125,533.8956298828125,3448.7767091827222,283.8956298828125,30.0,541.4673547495513,0.0,1,P0002_M017_G00,P0002_M017_G00,P0002,M017,747.8125,1603.84375,856.03125,0.14955749359428694,0.0
E52_dbe1bedc9b83d29f34556dbd,6.244700193731603,13.016499113861627,6.244700193731603,387.86022911882606,419.0031732004504,588.862793747906,0.22133620210273125,0.009166666666666667,0.2615651041666667,0.4920679729360646,2.067932027063936,0.8462287584574798,373.7153289794922,0.0,0.0,373.7153289794922,501.4153289794922,4416.470953109295,233.02317810058594,30.0,597.860229118826,0.0,1,P0002_M017_G00,P0002_M017_G00,P0002,M017,747.8125,1603.84375,856.03125,6.244700193731603,0.0
E52_eb490529b308e18523949520,7.558875109955238,12.235001379754962,7.558875109955238,417.9327582223269,449.8180932544721,644.5535062517828,0.23991836791670462,0.009166666666666667,0.2615651041666667,0.510650138750038,2.0493498612499623,0.8404218316406131,382.6240203857422,0.0,0.0,382.6240203857422,510.3240203857422,4834.151296888371,255.67149353027344,30.0,627.9327582223269,0.0,1,P0002_M017_G00,P0002_M017_G00,P0002,M017,747.8125,1603.84375,856.03125,7.558875109955238,0.0
E52_ede4029bd5e695a7a0c85289,6.159100800556587,12.925612211179384,6.159100800556587,385.2633482290822,414.4620085074026,595.3347347882426,0.22132921844037454,0.009166666666666667,0.2615651041666667,0.4920609892737079,2.0679390107262927,0.8462309408519663,350.38392333984376,0.0,0.0,350.38392333984376,478.08392333984375,4465.010510911819,278.08392333984375,30.0,595.2633482290822,0.0,1,P0002_M017_G00,P0002_M017_G00,P0002,M017,747.8125,1603.84375,856.03125,6.159100800556587,0.0
E52_ef8fa59407d07a2296b5f591,9.208085472474636,0.3151276047193221,0.3151276047193221,505.85939793409244,540.3898465933535,804.5361039126185,0.29384606362066074,0.009166666666666667,0.2615651041666667,0.564577834453994,1.9954221655460065,0.8235694267331268,414.3653839111328,0.0,0.0,414.3653839111328,542.0653839111328,6034.020779344639,284.8677062988281,30.0,715.8593979340924,0.0,1,P0002_M017_G00,P0002_M017_G00,P0002,M017,747.8125,1603.84375,856.03125,0.3151276047193221,0.0
E52_fd527d975e1813662620f82c,1.8183366490410862,12.45056667278017,1.8183366490410862,418.2192341110554,452.9085204066283,628.3027504486734,0.23771876612520712,0.009166666666666667,0.2615651041666667,0.5084505369585405,2.05154946304146,0.8411092072004561,416.271435546875,0.0,0.0,416.271435546875,543.971435546875,4712.2706283650505,307.606201171875,30.0,628.2192341110554,0.0,1,P0002_M017_G00,P0002_M017_G00,P0002,M017,747.8125,1603.84375,856.03125,1.8183366490410862,0.0
E52_0c56c0f390b777971f9a7e58,9.191817182292596,2.1743859331465814,2.1743859331465814,461.3120930283848,507.24512830670517,647.0259743868478,0.2556960576036008,0.009166666666666667,0.18918663194444446,0.45404935621471193,2.1059506437852886,0.8581095761829025,551.1964233398437,0.0,0.0,551.1964233398437,678.8964233398438,4852.694807901358,439.2268981933594,30.0,671.3120930283849,0.0,1,P0002_M019_G00,P0002_M019_G00,P0002,M019,2315.282790292945,2934.439040292945,619.15625,2.1743859331465814,0.0
E52_132fcaf6d631eae41e83e018,16.277039427598496,12.621037374336296,12.621037374336296,466.52713400648173,519.919143487276,612.7022111281979,0.2526897045720101,0.009166666666666667,0.18918663194444446,0.45104300318312124,2.1089569968168793,0.8590490615052746,640.7041137695312,0.0,0.0,640.7041137695312,768.4041137695312,4595.266583461484,468.40411376953125,30.0,676.5271340064817,0.0,1,P0002_M019_G00,P0002_M019_G00,P0002,M019,2315.282790292945,2934.439040292945,619.15625,12.621037374336296,0.0
E52_154bbd26b7808edf72eaa410,13.995666599621927,13.235683344326844,13.235683344326844,444.90797820490957,498.19814035497467,570.0749835094285,0.23896400983981742,0.009166666666666667,0.18918663194444446,0.43731730845092853,2.122682691549072,0.8633383411090848,639.4819458007812,0.0,0.0,639.4819458007812,767.1819458007812,4275.562376320714,467.18194580078125,30.0,654.9079782049096,0.0,1,P0002_M019_G00,P0002_M019_G00,P0002,M019,2315.282790292945,2934.439040292945,619.15625,13.235683344326844,0.0
E52_2d291a2169e36d61d7bf7582,15.632231005935907,12.790365797832976,12.790365797832976,470.3839036593983,527.1993216484933,599.8752993842263,0.25224474652706685,0.009166666666666667,0.18918663194444446,0.45059804513817797,2.1094019548618226,0.8591881108943193,681.7850158691406,0.0,0.0,681.7850158691406,809.4850158691406,4499.064745381697,509.4850158691406,30.0,680.3839036593984,0.0,1,P0002_M019_G00,P0002_M019_G00,P0002,M019,2315.282790292945,2934.439040292945,619.15625,12.790365797832976,0.0
E52_575c4f100493de938643a13d,8.748145591440831,2.099203328999508,2.099203328999508,470.05405043895155,518.0123847895375,652.3580947743875,0.259560220504969,0.009166666666666667,0.18918663194444446,0.45791351911608014,2.10208648088392,0.8569020252762249,575.5000122070312,0.0,0.0,575.5000122070312,703.2000122070312,4892.685710807907,437.3766174316406,30.0,680.0540504389515,0.0,1,P0002_M019_G00,P0002_M019_G00,P0002,M019,2315.282790292945,2934.439040292945,619.15625,2.099203328999508,0.0
E52_7ccd1e182a1b2540fd645bfb,17.598222271069588,2.4191590009326376,2.4191590009326376,429.0509151666868,465.88596358791074,630.2977572539465,0.24168092785315382,0.009166666666666667,0.18918663194444446,0.44003422646426493,2.1199657735357356,0.8624893042299172,447.8438232421875,5.8232421875,5.8232421875,447.8438232421875,575.5438232421875,4727.2331794045995,525.5438232421875,30.0,639.0509151666868,0.0,1,P0002_M019_G00,P0002_M019_G00,P0002,M019,2315.282790292945,2934.439040292945,619.15625,2.4191590009326376,0.0
E52_7e4744117cf2a1b6b8665ab3,16.603245099807324,12.590569849682154,12.590569849682154,474.82609328547096,530.7107225986219,614.3444106920357,0.25587373999544005,0.009166666666666667,0.18918663194444446,0.45422703860655117,2.1057729613934493,0.8580540504354528,670.6155517578125,0.0,0.0,670.6155517578125,798.3155517578125,4607.5830801902675,498.3155517578125,30.0,684.826093285471,0.0,1,P0002_M019_G00,P0002_M019_G00,P0002,M019,2315.282790292945,2934.439040292945,619.15625,12.590569849682154,0.0
E52_928897c58ab324fea0c4e2a6,3.484611903020678,1.5883194156787255,1.5883194156787255,531.9728362225934,555.928866496031,695.4103981938848,0.2819677951972939,0.009166666666666667,0.18918663194444446,0.48032109380840504,2.0796789061915955,0.8498996581848735,480.1572998046875,192.6849365234375,192.6849365234375,480.1572998046875,607.8572998046875,5215.577986454136,557.8572998046875,30.0,741.9728362225934,0.0,1,P0002_M019_G00,P0002_M019_G00,P0002,M019,2315.282790292945,2934.439040292945,619.15625,1.5883194156787255,0.0
E52_a0032802edd73d232f2c84c2,16.578178410595456,12.395809404549922,12.395809404549922,482.4923087567502,538.5719606529091,628.5067061365473,0.26060588149401487,0.009166666666666667,0.18918663194444446,0.458959180105126,2.1010408198948745,0.8565752562171481,672.9558227539062,0.0,0.0,672.9558227539062,800.6558227539062,4713.800296024105,500.65582275390625,30.0,692.4923087567502,0.0,1,P0002_M019_G00,P0002_M019_G00,P0002,M019,2315.282790292945,2934.439040292945,619.15625,12.395809404549922,0.0
E52_b45db00398315637fb020e5f,5.400247916756143,10.742298629097064,5.400247916756143,520.0993036420956,566.0861185224667,764.2777180019647,0.2932088546230577,0.009166666666666667,0.18918663194444446,0.4915621532341688,2.0684378467658315,0.8463868271143222,551.8417785644531,0.0,0.0,551.8417785644531,679.5417785644531,5732.082885014735,386.71868896484375,30.0,730.0993036420956,0.0,1,P0002_M019_G00,P0002_M019_G00,P0002,M019,2315.282790292945,2934.439040292945,619.15625,5.400247916756143,0.0
E52_be79b94db4a0a5b6faaed631,13.11389912953588,13.435452033242427,13.11389912953588,439.28613208838135,492.92224150407145,556.7556076826221,0.23507830977561708,0.009166666666666667,0.18918663194444446,0.43343160838672823,2.1265683916132723,0.8645526223791474,643.6333129882812,0.0,0.0,643.6333129882812,771.3333129882812,4175.667057619666,471.33331298828125,30.0,649.2861320883814,0.0,1,P0002_M019_G00,P0002_M019_G00,P0002,M019,2315.282790292945,2934.439040292945,619.15625,13.11389912953588,0.0
E52_beb70ec57fd2d66bf65b827f,17.38358245881338,2.43785423226241,2.43785423226241,429.6587378248194,468.09544538504076,628.6972302883107,0.2418430061920666,0.009166666666666667,0.18918663194444446,0.44019630480317773,2.119803695196823,0.8624386547490069,461.24049072265626,0.0,0.0,461.24049072265626,588.9404907226562,4715.22922716233,538.9404907226562,30.0,639.6587378248194,0.0,1,P0002_M019_G00,P0002_M019_G00,P0002,M019,2315.282790292945,2934.439040292945,619.15625,2.43785423226241,0.0
E52_c515ea57360fd29f9add62f7,5.110675927180537,10.649906727109496,5.110675927180537,525.5980011021792,572.0554631586571,772.4512298654912,0.29632198385281766,0.009166666666666667,0.18918663194444446,0.4946752824639288,2.065324717536072,0.8454139742300223,557.4895446777343,0.0,0.0,557.4895446777343,685.1895446777344,5793.384223991184,393.3172912597656,30.0,735.5980011021792,0.0,1,P0002_M019_G00,P0002_M019_G00,P0002,M019,2315.282790292945,2934.439040292945,619.15625,5.110675927180537,0.0
E52_f4836ff0bfcbe7f74f580128,13.84134266108093,13.198394987858308,13.198394987858308,446.8309536018799,500.3537512499919,572.525121315088,0.23999489789029496,0.009166666666666667,0.18918663194444446,0.4383481965014061,2.1216518034985943,0.8630161885933106,642.2735717773437,0.0,0.0,642.2735717773437,769.9735717773438,4293.93840986316,483.0478820800781,30.0,656.8309536018799,0.0,1,P0002_M019_G00,P0002_M019_G00,P0002,M019,2315.282790292945,2934.439040292945,619.15625,13.198394987858308,0.0
E52_fb97bb829fc82a7376005525,16.46353643879513,12.561592200960149,12.561592200960149,483.9909817485873,542.6900133241081,615.7877740440496,0.2593375767224136,0.009166666666666667,0.18918663194444446,0.4576908753335247,2.102309124666476,0.8569716014582736,704.38837890625,0.0,0.0,704.38837890625,832.08837890625,4618.408305330372,532.08837890625,30.0,693.9909817485873,0.0,1,P0002_M019_G00,P0002_M019_G00,P0002,M019,2315.282790292945,2934.439040292945,619.15625,12.561592200960149,0.0
E52_01234cac2d25748209cb57e8,7.601194558547462,5.963634638729843,5.963634638729843,279.2236617812399,298.99466652163704,419.772700963196,0.15824405002114064,0.009166666666666667,0.007743923611111111,0.17515464029891842,2.384845359701082,0.945264174906588,254.4365661621094,17.18450927734375,17.18450927734375,254.4365661621094,382.1365661621094,3148.2952572239697,332.1365661621094,30.0,489.2236617812399,0.0,1,P0002_M020_G00,P0002_M020_G00,P0002,M020,4889.858190277427,4915.201940277427,25.34375,5.963634638729843,0.0
E52_060143e4033ea7dfc142ce26,3.7528867274399715,13.051384290227645,3.7528867274399715,390.52156568077555,422.97629514244545,586.3147545915316,0.2219218246513189,0.009166666666666667,0.007743923611111111,0.23883241492909668,2.3211675850709037,0.9253648703346573,389.4567535400391,0.0,0.0,389.4567535400391,517.1567535400391,4397.360659436487,298.2110595703125,30.0,600.5215656807756,0.0,1,P0002_M020_G00,P0002_M020_G00,P0002,M020,4889.858190277427,4915.201940277427,25.34375,3.7528867274399715,0.0
E52_06eb0baa948af7ff52881bcf,6.175651909438983,16.258674653736037,6.175651909438983,296.7597053393259,328.36499963050426,403.88764493158146,0.16274021246714285,0.009166666666666667,0.007743923611111111,0.17965080274492062,2.3803491972550797,0.9438591241422123,379.26353149414064,0.0,0.0,379.26353149414064,506.9635314941406,3029.157336986861,310.16876220703125,30.0,506.7597053393259,0.0,1,P0002_M020_G00,P0002_M020_G00,P0002,M020,4889.858190277427,4915.201940277427,25.34375,6.175651909438983,0.0
E52_0c56c0f390b777971f9a7e58,1.0774456891303288,2.1743859331465814,1.0774456891303288,461.3120930283848,507.24512830670517,647.0259743868478,0.2556960576036008,0.009166666666666667,0.007743923611111111,0.27260664788137856,2.287393352118622,0.9148104225370692,551.1964233398437,0.0,0.0,551.1964233398437,678.8964233398438,4852.694807901358,439.2268981933594,30.0,671.3120930283849,0.0,1,P0002_M020_G00,P0002_M020_G00,P0002,M020,4889.858190277427,4915.201940277427,25.34375,1.0774456891303288,0.0
E52_0c9d91fc306062a18ada9948,7.762609613145543,15.697900697510477,7.762609613145543,331.42241999480143,370.2725110389095,429.7442937249544,0.1787296459836012,0.009166666666666667,0.007743923611111111,0.19564023626137897,2.3643597637386216,0.938862426168319,466.2010925292969,0.0,0.0,466.2010925292969,593.9010925292969,3223.082202937158,335.390380859375,30.0,541.4224199948014,0.0,1,P0002_M020_G00,P0002_M020_G00,P0002,M020,4889.858190277427,4915.201940277427,25.34375,7.762609613145543,0.0
E52_0f45fcab7c66cb90fa618929,2.873368827069527,12.721246579688795,2.873368827069527,427.8988653120833,469.21977900837237,607.8722484464322,0.23826781941132907,0.009166666666666667,0.007743923611111111,0.2551784096891068,2.3048215903108935,0.9202567469721541,495.85096435546876,0.0,0.0,495.85096435546876,623.5509643554688,4559.041863348241,326.6978454589844,30.0,637.8988653120832,0.0,1,P0002_M020_G00,P0002_M020_G00,P0002,M020,4889.858190277427,4915.201940277427,25.34375,2.873368827069527,0.0
E52_0fa03b8d9ed736d48919c1b7,3.298172815708213,11.555158541579928,3.298172815708213,469.53189880990186,510.00510285042924,696.2245733766397,0.2655870342753843,0.009166666666666667,0.007743923611111111,0.2824976245531621,2.277502375446838,0.9117194923271369,485.67844848632814,0.0,0.0,485.67844848632814,613.3784484863281,5221.684300324798,325.1297912597656,30.0,679.5318988099018,0.0,1,P0002_M020_G00,P0002_M020_G00,P0002,M020,4889.858190277427,4915.201940277427,25.34375,3.298172815708213,0.0
E52_12b142f00e8cb4e3948f96c2,3.4139296326678874,12.991659521749298,3.4139296326678874,402.5936730780369,438.4739485500421,589.9056933240425,0.22672373828986628,0.009166666666666667,0.007743923611111111,0.24363432856764405,2.3163656714323566,0.9238642723226113,430.5633056640625,0.0,0.0,430.5633056640625,558.2633056640625,4424.292699930319,284.7546081542969,30.0,612.5936730780369,0.0,1,P0002_M020_G00,P0002_M020_G00,P0002,M020,4889.858190277427,4915.201940277427,25.34375,3.4139296326678874,0.0
E52_189eb019491ad876aa165071,6.054195277175495,3.8094716871601975,3.8094716871601975,403.09916814168594,448.35288467407526,534.676037089036,0.21908171065325852,0.009166666666666667,0.007743923611111111,0.2359923009310363,2.3240076990689644,0.9262524059590511,543.0445983886718,0.0,0.0,543.0445983886718,670.7445983886719,4010.07027816777,391.87322998046875,30.0,613.0991681416859,0.0,1,P0002_M020_G00,P0002_M020_G00,P0002,M020,4889.858190277427,4915.201940277427,25.34375,3.8094716871601975,0.0
E52_1eac4bbcd37cec5d48241661,7.547797697401819,6.04580255430777,6.04580255430777,275.66392246828667,298.30930922772677,415.4555243799327,0.1568759382441215,0.009166666666666667,0.007743923611111111,0.17378652852189927,2.386213471478101,0.9456917098369064,271.74464111328126,0.0,0.0,271.74464111328126,399.44464111328125,3115.9164328494953,326.2397766113281,30.0,485.66392246828667,0.0,1,P0002_M020_G00,P0002_M020_G00,P0002,M020,4889.858190277427,4915.201940277427,25.34375,6.04580255430777,0.0
E52_1ef47ef68c1879e18ddbb164,7.544630885514465,9.684707827919368,7.544630885514465,525.9457118932837,556.9823492630754,865.6715995678175,0.30964781577290457,0.009166666666666667,0.007743923611111111,0.3265584060506823,2.233441593949318,0.8979504981091617,372.4396484375,0.0,0.0,372.4396484375,500.1396484375,6492.536996758631,304.7821350097656,30.0,735.9457118932837,0.0,1,P0002_M020_G00,P0002_M020_G00,P0002,M020,4889.858190277427,4915.201940277427,25.34375,7.544630885514465,0.0
E52_215ef380a7eb56a6f7d09ab1,14.361613985867464,12.440860913671315,12.440860913671315,437.2780853288336,478.35957590907447,628.0672271762219,0.2444635461376352,0.009166666666666667,0.007743923611111111,0.26137413641541296,2.2986258635845873,0.9183205823701834,492.97788696289064,0.0,0.0,492.97788696289064,620.6778869628906,4710.504203821664,324.9881591796875,30.0,647.2780853288336,0.0,1,P0002_M020_G00,P0002_M020_G00,P0002,M020,4889.858190277427,4915.201940277427,25.34375,12.440860913671315,0.0
E52_231555d7070bcf1a0911e332,7.499319401299701,5.981962334569488,5.981962334569488,303.4113952968874,335.0249979987103,417.14117438283733,0.1669828432889251,0.009166666666666667,0.007743923611111111,0.18389343356670287,2.3761065664332977,0.9425333020104053,379.363232421875,0.0,0.0,379.363232421875,507.063232421875,3128.55880787128,326.2397766113281,30.0,513.4113952968873,0.0,1,P0002_M020_G00,P0002_M020_G00,P0002,M020,4889.858190277427,4915.201940277427,25.34375,5.981962334569488,0.0
E52_231de36c6439da832299e30f,3.503946923191208,16.451156269229884,3.503946923191208,336.2639482811268,383.1573412254627,391.1675388962379,0.1749881335365896,0.009166666666666667,0.007743923611111111,0.19189872381436737,2.3681012761856333,0.9400316488080102,562.7207153320312,0.0,0.0,562.7207153320312,690.4207153320312,2933.7565417217843,390.42071533203125,30.0,546.2639482811268,0.0,1,P0002_M020_G00,P0002_M020_G00,P0002,M020,4889.858190277427,4915.201940277427,25.34375,3.503946923191208,0.0
E52_246111a1ef063bec9e89ec9e,3.4767085836399474,13.03223549741864,3.4767085836399474,413.11352328410356,453.07003166626504,586.4879962752384,0.22998101771643822,0.009166666666666667,0.007743923611111111,0.246891607994216,2.3131083920057844,0.9228463725018075,479.4781005859375,0.0,0.0,479.4781005859375,607.1781005859375,4398.659972064288,469.28277587890625,30.0,623.1135232841036,0.0,1,P0002_M020_G00,P0002_M020_G00,P0002,M020,4889.858190277427,4915.201940277427,25.34375,3.4767085836399474,0.0
E52_24cc4f01335372459fb4c2ba,13.47501710028358,12.909161020133865,12.909161020133865,410.2633482290822,447.7953418407359,595.3347347882426,0.23022027843265847,0.009166666666666667,0.007743923611111111,0.24713086871043624,2.312869131289564,0.9227716035279887,450.38392333984376,0.0,0.0,450.38392333984376,578.0839233398438,4465.010510911819,278.08392333984375,30.0,620.2633482290822,0.0,1,P0002_M020_G00,P0002_M020_G00,P0002,M020,4889.858190277427,4915.201940277427,25.34375,12.909161020133865,0.0
E52_27bf01e9e990859ae5993708,7.516938898067892,15.932490639468014,7.516938898067892,318.6138217216496,355.0514931287134,418.60161500091635,0.17259630304263499,0.009166666666666667,0.007743923611111111,0.18950689332041276,2.3704931066795876,0.940779095837371,437.25205688476564,0.0,0.0,437.25205688476564,564.9520568847656,3139.5121125068727,326.2397766113281,30.0,528.6138217216496,0.0,1,P0002_M020_G00,P0002_M020_G00,P0002,M020,4889.858190277427,4915.201940277427,25.34375,7.516938898067892,0.0
E52_27bf1882d0e1a812c8450c72,6.4720255356238425,16.18675851321828,6.4720255356238425,334.03154784809436,377.9609795090644,404.48650573036844,0.17608047258726683,0.009166666666666667,0.007743923611111111,0.1929910628650446,2.367008937134956,0.9396902928546735,527.1531799316406,0.0,0.0,527.1531799316406,654.8531799316406,3033.648792977763,364.9013671875,30.0,544.0315478480943,0.0,1,P0002_M020_G00,P0002_M020_G00,P0002,M020,4889.858190277427,4915.201940277427,25.34375,6.4720255356238425,0.0
E52_29c9aa5399273a7ee24bceb6,3.602856736232198,11.583777919859742,3.602856736232198,451.9321692173844,486.7995103225277,694.6602918039094,0.2591062855773863,0.009166666666666667,0.007743923611111111,0.27601687585516405,2.2839831241448363,0.9137447262952613,418.40809326171876,0.0,0.0,418.40809326171876,546.1080932617188,5209.952188529321,322.9142761230469,30.0,661.9321692173844,0.0,1,P0002_M020_G00,P0002_M020_G00,P0002,M020,4889.858190277427,4915.201940277427,25.34375,3.602856736232198,0.0
E52_2cea01313b8862fcfb6b2e63,12.340088875657088,16.460055432828085,12.340088875657088,259.5957489704318,280.08528245838755,396.2542970131293,0.148442074342722,0.009166666666666667,0.007743923611111111,0.16535266462049977,2.3946473353795006,0.9483272923060938,245.87440185546876,0.0,0.0,245.87440185546876,373.57440185546875,2971.90722759847,231.8917236328125,30.0,469.5957489704318,0.0,1,P0002_M020_G00,P0002_M020_G00,P0002,M020,4889.858190277427,4915.201940277427,25.34375,12.340088875657088,0.0
E52_2d7a36258a59c18fc6a856bf,6.934892296247625,16.662039037059316,6.934892296247625,318.72117968179435,361.17160743651436,382.73979283526836,0.16755561647288383,0.009166666666666667,0.007743923611111111,0.1844662067506616,2.375533793249339,0.9423543103904183,509.40513305664064,0.0,0.0,509.40513305664064,637.1051330566406,2870.5484462645127,346.4301452636719,30.0,528.7211796817944,0.0,1,P0002_M020_G00,P0002_M020_G00,P0002,M020,4889.858190277427,4915.201940277427,25.34375,6.934892296247625,0.0
E52_2dadfb43d7dd9558e21effa9,12.816676386899871,12.85982438864363,12.816676386899871,396.07517918576866,428.1792069974549,599.5261915014202,0.22576797164618329,0.009166666666666667,0.007743923611111111,0.24267856192396106,2.3173214380760396,0.9241629493987622,385.2483337402344,0.0,0.0,385.2483337402344,512.9483337402344,4496.446436260651,251.37640380859375,30.0,606.0751791857687,0.0,1,P0002_M020_G00,P0002_M020_G00,P0002,M020,4889.858190277427,4915.201940277427,25.34375,12.816676386899871,0.0
E52_2e64690809088e2a96fb2160,7.240527521255146,9.500767968691491,7.240527521255146,523.7789293194231,550.945126524013,884.5606754113072,0.31155234822715455,0.009166666666666667,0.007743923611111111,0.3284629385049323,2.231537061495068,0.8973553317172087,325.99436645507814,0.0,0.0,325.99436645507814,453.6943664550781,6634.205065584804,329.6845703125,30.0,733.7789293194231,0.0,1,P0002_M020_G00,P0002_M020_G00,P0002,M020,4889.858190277427,4915.201940277427,25.34375,7.240527521255146,0.0
E52_30110e5b3ae38ecfab28ace2,4.669673488555034,10.05954008012911,4.669673488555034,514.4106891471403,547.7506496268766,828.7816154158626,0.30032099335417484,0.009166666666666667,0.007743923611111111,0.3172315836319526,2.242768416368048,0.9008651301150148,400.07952575683595,0.0,0.0,400.07952575683595,527.7795257568359,6215.862115618969,313.0162353515625,30.0,724.4106891471403,0.0,1,P0002_M020_G00,P0002_M020_G00,P0002,M020,4889.858190277427,4915.201940277427,25.34375,4.669673488555034,0.0
E52_326bd9096774308657b14836,7.147132116395753,6.820761438549596,6.820761438549596,254.20783025924425,275.6237299174474,379.92026256926977,0.1442126230476059,0.009166666666666667,0.007743923611111111,0.16112321332538368,2.398876786674617,0.9496489958358176,256.9907958984375,0.0,0.0,256.9907958984375,384.6907958984375,2849.4019692695233,334.6907958984375,30.0,464.20783025924425,0.0,1,P0002_M020_G00,P0002_M020_G00,P0002,M020,4889.858190277427,4915.201940277427,25.34375,6.820761438549596,0.0
E52_32cd7932ac3bc8f6e82bd016,2.668452664270859,12.531399030736651,2.668452664270859,433.33722088021847,474.19552115284216,621.5246401246948,0.24213542524196421,0.009166666666666667,0.007743923611111111,0.259046015519742,2.3009539844802585,0.9190481201500806,490.2996032714844,0.0,0.0,490.2996032714844,617.9996032714844,4661.434800935211,324.9372863769531,30.0,643.3372208802184,0.0,1,P0002_M020_G00,P0002_M020_G00,P0002,M020,4889.858190277427,4915.201940277427,25.34375,2.668452664270859,0.0
E52_3322673a66874be8fb5ff9e0,3.0951295596834,12.93559360833251,3.0951295596834,392.2739001975914,423.9757012433271,594.3369941207687,0.2236811646950203,0.009166666666666667,0.007743923611111111,0.24059175497279808,2.319408245027202,0.9248150765710006,380.42161254882814,0.0,0.0,380.42161254882814,508.1216125488281,4457.527455905765,308.1216125488281,30.0,602.2739001975914,0.0,1,P0002_M020_G00,P0002_M020_G00,P0002,M020,4889.858190277427,4915.201940277427,25.34375,3.0951295596834,0.0
E52_357bbbd4dc4420221c875ea3,10.658509572363457,12.241245229232817,10.658509572363457,405.4327582223269,433.1514265878055,644.5535062517828,0.23547283792056264,0.009166666666666667,0.007743923611111111,0.2523834281983404,2.30761657180166,0.9211301786880186,332.6240203857422,0.0,0.0,332.6240203857422,460.3240203857422,4834.151296888371,255.67149353027344,30.0,615.4327582223269,0.0,1,P0002_M020_G00,P0002_M020_G00,P0002,M020,4889.858190277427,4915.201940277427,25.34375,10.658509572363457,0.0
E52_3875f0f2b8e39572338b498b,14.737195394725092,12.654831201135607,12.654831201135607,430.443023323014,471.8276755243487,612.5781334380202,0.23983909257274777,0.009166666666666667,0.007743923611111111,0.2567496828505255,2.303250317149475,0.9197657241092108,496.61582641601564,0.0,0.0,496.61582641601564,624.3158264160156,4594.336000785152,324.3158264160156,30.0,640.443023323014,0.0,1,P0002_M020_G00,P0002_M020_G00,P0002,M020,4889.858190277427,4915.201940277427,25.34375,12.654831201135607,0.0
E52_3a94b6482baa2cfaba8a857d,6.705141852126118,16.425448776817632,6.705141852126118,326.01303055755295,369.111023518165,393.4381033514341,0.17166403726355467,0.009166666666666667,0.007743923611111111,0.18857462754133245,2.3714253724586682,0.9410704288933336,517.1759155273437,0.0,0.0,517.1759155273437,644.8759155273438,2950.785775135756,352.4370422363281,30.0,536.013030557553,0.0,1,P0002_M020_G00,P0002_M020_G00,P0002,M020,4889.858190277427,4915.201940277427,25.34375,6.705141852126118,0.0
E52_413d3eff5d481ef66f8d3068,7.219829801220101,9.493762996477216,7.219829801220101,548.7789293194231,584.2784598573463,884.5606754113072,0.3204434082194385,0.009166666666666667,0.007743923611111111,0.33735399849721626,2.2226460015027842,0.89457687546962,425.99436645507814,0.0,0.0,425.99436645507814,553.6943664550781,6634.205065584804,329.6845703125,30.0,758.7789293194231,0.0,1,P0002_M020_G00,P0002_M020_G00,P0002,M020,4889.858190277427,4915.201940277427,25.34375,7.219829801220101,0.0
E52_437c6a333219b14c3939f26c,7.519049317817277,6.0194831627628105,6.0194831627628105,277.09771274073506,296.211315442558,417.14117438283733,0.1570562493971614,0.009166666666666667,0.007743923611111111,0.17396683967493917,2.3860331603250615,0.9456353626015815,248.53977661132814,19.176544189453125,19.176544189453125,248.53977661132814,376.2397766113281,3128.55880787128,326.2397766113281,30.0,487.09771274073506,0.0,1,P0002_M020_G00,P0002_M020_G00,P0002,M020,4889.858190277427,4915.201940277427,25.34375,6.0194831627628105,0.0
E52_44ed69e1d99dc074a7941a18,9.2830696141678,8.900383690419545,8.900383690419545,188.27556058823757,199.0276355292369,299.7078152072368,0.1090911242968749,0.009166666666666667,0.007743923611111111,0.12600171457465267,2.4339982854253477,0.960624464195421,139.59420471191407,10.569305419921875,10.569305419921875,139.59420471191407,267.29420471191406,2247.808614054276,217.29420471191406,30.0,398.27556058823757,0.0,1,P0002_M020_G00,P0002_M020_G00,P0002,M020,4889.858190277427,4915.201940277427,25.34375,8.900383690419545,0.0
E52_4513f74e4ba51c209cccc792,1.9505914570113134,9.790974506635663,1.9505914570113134,548.6050089915749,589.1156759023821,854.1460165183059,0.3160741321008959,0.009166666666666667,0.007743923611111111,0.33298472237867366,2.227015277621327,0.8959422742566645,486.1280029296875,0.0,0.0,486.1280029296875,613.8280029296875,6406.095123887295,391.8226318359375,30.0,758.6050089915749,0.0,1,P0002_M020_G00,P0002_M020_G00,P0002,M020,4889.858190277427,4915.201940277427,25.34375,1.9505914570113134,0.0
E52_47db2d0d55c92154c779a4c9,5.907388956529104,16.45726286038159,5.907388956529104,312.62709924858126,351.3219092257948,393.08533863388124,0.16685347284684848,0.009166666666666667,0.007743923611111111,0.18376406312462626,2.376235936875374,0.9425737302735543,464.3377197265625,0.0,0.0,464.3377197265625,592.0377197265625,2948.1400397541092,295.61395263671875,30.0,522.6270992485813,0.0,1,P0002_M020_G00,P0002_M020_G00,P0002,M020,4889.858190277427,4915.201940277427,25.34375,5.907388956529104,0.0
E52_4cf0fac9feb721651efb2830,10.350676073451666,17.82597875173802,10.350676073451666,242.69354898018014,267.32891198677197,337.5749199208095,0.13412057160327687,0.009166666666666667,0.007743923611111111,0.15103116188105464,2.408968838118946,0.9528027619121704,295.6243560791016,0.0,0.0,295.6243560791016,423.32435607910156,2531.8118994060715,217.31182861328125,30.0,452.69354898018014,0.0,1,P0002_M020_G00,P0002_M020_G00,P0002,M020,4889.858190277427,4915.201940277427,25.34375,10.350676073451666,0.0
E52_4d215302190bc5bfb29bf912,5.47015890487971,16.37371485667674,5.47015890487971,307.50969179304633,343.7570581260541,397.53518558804575,0.1656637075427803,0.009166666666666667,0.007743923611111111,0.18257429782055806,2.3774257021794423,0.9429455319310756,434.96839599609376,0.0,0.0,434.96839599609376,562.6683959960938,2981.5138919103433,336.56707763671875,30.0,517.5096917930464,0.0,1,P0002_M020_G00,P0002_M020_G00,P0002,M020,4889.858190277427,4915.201940277427,25.34375,5.47015890487971,0.0
E52_50c718ca7f326f764494c89d,17.91812403703041,13.080943299176411,13.080943299176411,350.85355156655817,370.1881015340061,585.6998033284289,0.20772710552759727,0.009166666666666667,0.007743923611111111,0.22463769580537504,2.3353623041946254,0.9298007200608203,232.014599609375,0.0,0.0,232.014599609375,359.714599609375,4392.748524963216,275.29461669921875,30.0,560.8535515665582,0.0,1,P0002_M020_G00,P0002_M020_G00,P0002,M020,4889.858190277427,4915.201940277427,25.34375,13.080943299176411,0.0
E52_515a3b7c8d98426ee13f2b4e,11.517502177488069,17.07508762021844,11.517502177488069,242.68536134104386,262.0561394884234,369.14605379781034,0.13858886614696947,0.009166666666666667,0.007743923611111111,0.15549945642474725,2.4045005435752533,0.9514064198672665,232.4493377685547,0.0,0.0,232.4493377685547,360.1493377685547,2768.5954034835777,210.1493377685547,30.0,452.68536134104386,0.0,1,P0002_M020_G00,P0002_M020_G00,P0002,M020,4889.858190277427,4915.201940277427,25.34375,11.517502177488069,0.0
E52_575c4f100493de938643a13d,1.1694646711064252,2.099203328999508,1.1694646711064252,470.05405043895155,518.0123847895375,652.3580947743875,0.259560220504969,0.009166666666666667,0.007743923611111111,0.27647081078274677,2.2835291892172536,0.9136028716303917,575.5000122070312,0.0,0.0,575.5000122070312,703.2000122070312,4892.685710807907,437.3766174316406,30.0,680.0540504389515,0.0,1,P0002_M020_G00,P0002_M020_G00,P0002,M020,4889.858190277427,4915.201940277427,25.34375,1.1694646711064252,0.0
E52_60b0dc656c777ee2cc2279b1,2.4607072577494478,0.21315146591224732,0.21315146591224732,563.4362729251038,615.9641949832094,811.705013501575,0.3153381258454166,0.009166666666666667,0.007743923611111111,0.33224871612319434,2.227751283876806,0.8961722762115018,630.3350646972656,0.0,0.0,630.3350646972656,758.0350646972656,6087.787601261813,495.9024353027344,30.0,773.4362729251038,0.0,1,P0002_M020_G00,P0002_M020_G00,P0002,M020,4889.858190277427,4915.201940277427,25.34375,0.21315146591224732,0.0
E52_60b76d98beea93305f35c25d,11.689427990691868,16.79058398580294,11.689427990691868,271.8613885249859,299.0873836523459,380.3668062858116,0.15055421784231732,0.009166666666666667,0.007743923611111111,0.1674648081200951,2.3925351918799054,0.9476672474624703,326.7119415283203,0.0,0.0,326.7119415283203,454.4119415283203,2852.751047143587,241.2421875,30.0,481.8613885249859,0.0,1,P0002_M020_G00,P0002_M020_G00,P0002,M020,4889.858190277427,4915.201940277427,25.34375,11.689427990691868,0.0
E52_67646c2afbeb5602853e5a9c,3.090475306279231,12.927232110573698,3.090475306279231,404.7739001975914,440.6423679099937,594.3369941207687,0.22812669469116229,0.009166666666666667,0.007743923611111111,0.24503728496894006,2.3149627150310605,0.9234258484472062,430.42161254882814,0.0,0.0,430.42161254882814,558.1216125488281,4457.527455905765,308.1216125488281,30.0,614.7739001975914,0.0,1,P0002_M020_G00,P0002_M020_G00,P0002,M020,4889.858190277427,4915.201940277427,25.34375,3.090475306279231,0.0
E52_68694062ed2e2e792aeb51a9,8.388555609309108,17.695890544520793,8.388555609309108,262.3147609906027,292.8212075746684,341.5908424768108,0.1416674545099547,0.009166666666666667,0.007743923611111111,0.15857804478773246,2.401421955212268,0.9504443610038336,366.0773590087891,0.0,0.0,366.0773590087891,493.77735900878906,2561.931318576081,213.8477783203125,30.0,472.3147609906027,0.0,1,P0002_M020_G00,P0002_M020_G00,P0002,M020,4889.858190277427,4915.201940277427,25.34375,8.388555609309108,0.0
E52_6aa461eda22a4c53e6730e81,7.020877404373678,6.478254834226846,6.478254834226846,265.89885796308323,288.44260847170955,395.1560268799425,0.15049315106948455,0.009166666666666667,0.007743923611111111,0.16740374134726232,2.392596258652738,0.9476863308289806,271.70716552734376,1.182159423828125,1.182159423828125,271.70716552734376,399.40716552734375,2963.670201599569,349.40716552734375,30.0,475.89885796308323,0.0,1,P0002_M020_G00,P0002_M020_G00,P0002,M020,4889.858190277427,4915.201940277427,25.34375,6.478254834226846,0.0
E52_6dc095df8eb6475486134b5c,3.596326572570888,12.905188948092743,3.596326572570888,424.06014837873875,466.2734748964797,594.8403376510322,0.23505698741925235,0.009166666666666667,0.007743923611111111,0.2519675776970301,2.3080324223029702,0.921260131969678,506.55991821289064,0.0,0.0,506.55991821289064,634.2599182128906,4461.302532382741,440.2059631347656,30.0,634.0601483787387,0.0,1,P0002_M020_G00,P0002_M020_G00,P0002,M020,4889.858190277427,4915.201940277427,25.34375,3.596326572570888,0.0
E52_73baea82bbbffa2db9d7426a,7.832006677314865,5.711384152670419,5.711384152670419,297.3854850658978,324.64222792478455,431.2305129784753,0.16683515196021612,0.009166666666666667,0.007743923611111111,0.1837457422379939,2.3762542577620067,0.9425794555506269,327.08091430664064,0.0,0.0,327.08091430664064,454.7809143066406,3234.2288473385647,335.390380859375,30.0,507.3854850658978,0.0,1,P0002_M020_G00,P0002_M020_G00,P0002,M020,4889.858190277427,4915.201940277427,25.34375,5.711384152670419,0.0
E52_74b3fb0a4920873efc33101b,5.936002144517815,6.525083879148042,5.936002144517815,262.62709924858126,284.6552425591281,393.08533863388124,0.14907135286228057,0.009166666666666667,0.007743923611111111,0.16598194314005835,2.394018056859942,0.9481306427687317,264.3377197265625,0.0,0.0,264.3377197265625,392.0377197265625,2948.1400397541092,295.61395263671875,30.0,472.62709924858126,0.0,1,P0002_M020_G00,P0002_M020_G00,P0002,M020,4889.858190277427,4915.201940277427,25.34375,5.936002144517815,0.0
E52_7547086a1218012670f76a62,11.9634376727208,2.277872015791573,2.277872015791573,375.1797445493145,391.65409045589,642.7455049270795,0.22423479709031385,0.009166666666666667,0.007743923611111111,0.24114538736809163,2.3188546126319087,0.9246420664474714,205.20750122070314,7.515350341796875,7.515350341796875,205.20750122070314,332.9075012207031,4820.591286953097,282.9075012207031,30.0,585.1797445493145,0.0,1,P0002_M020_G00,P0002_M020_G00,P0002,M020,4889.858190277427,4915.201940277427,25.34375,2.277872015791573,0.0
E52_76b4f0bdabd1ccab126282dd,11.122386120265503,17.180198899819032,11.122386120265503,244.7670432960008,265.6078646257534,364.489158613486,0.13866967590706417,0.009166666666666667,0.007743923611111111,0.15558026618484194,2.4044197338151587,0.951381166817237,250.08985595703126,0.0,0.0,250.08985595703126,377.78985595703125,2733.6686896011447,241.2421875,30.0,454.7670432960008,0.0,1,P0002_M020_G00,P0002_M020_G00,P0002,M020,4889.858190277427,4915.201940277427,25.34375,11.122386120265503,0.0
E52_7dc5542bb1ad046741692f59,8.316017758491967,15.630401191468053,8.316017758491967,333.52010664670297,372.50493279823297,433.1312563842263,0.17995534493942492,0.009166666666666667,0.007743923611111111,0.1968659352172027,2.363134064782798,0.9384793952446242,467.8179138183594,0.0,0.0,467.8179138183594,595.5179138183594,3248.484422881697,322.1230773925781,30.0,543.520106646703,0.0,1,P0002_M020_G00,P0002_M020_G00,P0002,M020,4889.858190277427,4915.201940277427,25.34375,8.316017758491967,0.0
E52_7e5f4a4eaf9aa5b10576997a,12.907735557980544,13.086620585622072,12.907735557980544,384.11958913832314,414.7999833745699,584.1568128591658,0.21933939564120059,0.009166666666666667,0.007743923611111111,0.23624998591897836,2.323750014081022,0.9261718794003193,368.16473083496095,0.0,0.0,368.16473083496095,495.86473083496094,4381.1760964437435,251.37640380859375,30.0,594.1195891383231,0.0,1,P0002_M020_G00,P0002_M020_G00,P0002,M020,4889.858190277427,4915.201940277427,25.34375,12.907735557980544,0.0
E52_82c821a5773d0bfbe554f10a,8.076658413675005,11.397135806608844,8.076658413675005,512.9354114719376,566.0737563002253,707.0407539741487,0.2825549862639304,0.009166666666666667,0.007743923611111111,0.29946557654170813,2.2605344234582923,0.9064170073307162,637.6601379394531,0.0,0.0,637.6601379394531,765.3601379394531,5302.805654806116,465.3601379394531,30.0,722.9354114719376,0.0,1,P0002_M020_G00,P0002_M020_G00,P0002,M020,4889.858190277427,4915.201940277427,25.34375,8.076658413675005,0.0
E52_831cee7e7a3a549796e42b18,7.938014323120797,10.042846261792022,7.938014323120797,524.445203057942,560.9167693217765,830.061008532876,0.3040708837654974,0.009166666666666667,0.007743923611111111,0.32098147404327515,2.2390185259567255,0.8996932893614765,437.65879516601564,0.0,0.0,437.65879516601564,565.3587951660156,6225.457563996571,359.5916748046875,30.0,734.445203057942,0.0,1,P0002_M020_G00,P0002_M020_G00,P0002,M020,4889.858190277427,4915.201940277427,25.34375,7.938014323120797,0.0
E52_88c1c7aba1fcf94c58dad20e,7.2316259396368,9.497510042154289,7.2316259396368,536.2789293194231,567.6117931906797,884.5606754113072,0.3159978782232965,0.009166666666666667,0.007743923611111111,0.33290846850107425,2.2270915314989264,0.8959661035934143,375.99436645507814,0.0,0.0,375.99436645507814,503.6943664550781,6634.205065584804,329.6845703125,30.0,746.2789293194231,0.0,1,P0002_M020_G00,P0002_M020_G00,P0002,M020,4889.858190277427,4915.201940277427,25.34375,7.2316259396368,0.0
E52_8ca7795ffa642a3b129c0a3d,7.795866755472105,15.730152054416479,7.795866755472105,330.94608252023,369.9122522589995,428.0951466078428,0.17832668261553564,0.009166666666666667,0.007743923611111111,0.1952372728933134,2.364762727106687,0.9389883522208395,467.5940368652344,0.0,0.0,467.5940368652344,595.2940368652344,3210.713599558821,335.390380859375,30.0,540.94608252023,0.0,1,P0002_M020_G00,P0002_M020_G00,P0002,M020,4889.858190277427,4915.201940277427,25.34375,7.795866755472105,0.0
E52_8d375985c45fff9288668cb3,3.153458697728965,16.222123863058812,3.153458697728965,353.99602207193686,405.21742048909175,400.663653640944,0.182639281392285,0.009166666666666667,0.007743923611111111,0.19954987167006277,2.360450128329938,0.9376406651031054,614.6567810058593,0.0,0.0,614.6567810058593,742.3567810058594,3004.97740230708,442.3567810058594,30.0,563.9960220719369,0.0,1,P0002_M020_G00,P0002_M020_G00,P0002,M020,4889.858190277427,4915.201940277427,25.34375,3.153458697728965,0.0
E52_9026ce0d2a5dd9a75ef73c8e,6.074857517923206,6.720084116703532,6.074857517923206,248.6739065082912,267.42831222931983,384.70630707582717,0.14291941710941022,0.009166666666666667,0.007743923611111111,0.159830007387188,2.4001699926128124,0.9500531226915038,225.15150146484376,0.0986328125,0.0986328125,225.15150146484376,352.85150146484375,2885.297303068704,302.85150146484375,30.0,458.6739065082912,0.0,1,P0002_M020_G00,P0002_M020_G00,P0002,M020,4889.858190277427,4915.201940277427,25.34375,6.074857517923206,0.0
E52_924cec2d58c933358893a332,11.185768210459656,12.302862284422105,11.185768210459656,416.670444788364,448.9844576972996,639.4568121231148,0.23874762537865796,0.009166666666666667,0.007743923611111111,0.2556582156564357,2.3043417843435647,0.9201068076073639,387.7681549072266,0.0,0.0,387.7681549072266,515.4681549072266,4795.926090923361,252.644287109375,30.0,626.670444788364,0.0,1,P0002_M020_G00,P0002_M020_G00,P0002,M020,4889.858190277427,4915.201940277427,25.34375,11.185768210459656,0.0
E52_96da4f081c74d8211b4b244f,12.160381415598252,12.47027426673894,12.160381415598252,406.4445801679392,437.368205859671,627.3474061854878,0.23339590098708082,0.009166666666666667,0.007743923611111111,0.2503064912648586,2.309693508735142,0.9217792214797317,371.08350830078126,0.0,0.0,371.08350830078126,498.78350830078125,4705.105546391158,251.37640380859375,30.0,616.4445801679392,0.0,1,P0002_M020_G00,P0002_M020_G00,P0002,M020,4889.858190277427,4915.201940277427,25.34375,12.160381415598252,0.0
E52_a1af1f4ab7d520e82e20be53,3.477956032706544,0.45430012492889205,0.45430012492889205,547.7224457312177,598.7128286250978,789.5025940991541,0.30660524396013417,0.009166666666666667,0.007743923611111111,0.3235158342379119,2.2364841657620884,0.8989013018006525,611.8845947265625,0.0,0.0,611.8845947265625,739.5845947265625,5921.269455743655,499.0620422363281,30.0,757.7224457312177,0.0,1,P0002_M020_G00,P0002_M020_G00,P0002,M020,4889.858190277427,4915.201940277427,25.34375,0.45430012492889205,0.0
E52_a3836b1674b2d70f748125c1,9.76470018076084,18.388582284998307,9.76470018076084,238.77143733771516,265.74771093797557,315.68523307386783,0.1296256139323784,0.009166666666666667,0.007743923611111111,0.14653620421015617,2.4134637957898444,0.9542074361843262,323.715283203125,0.0,0.0,323.715283203125,451.415283203125,2367.639248054009,217.29420471191406,30.0,448.77143733771516,0.0,1,P0002_M020_G00,P0002_M020_G00,P0002,M020,4889.858190277427,4915.201940277427,25.34375,9.76470018076084,0.0
E52_a77602565c04dca5831f9b7a,7.947294853545671,15.758600383852013,7.947294853545671,295.3505394617105,322.31471665694164,428.9160157520343,0.16578365241547813,0.009166666666666667,0.007743923611111111,0.1826942426932559,2.3773057573067446,0.9429080491583576,323.57012634277345,0.0,0.0,323.57012634277345,451.27012634277344,3216.870118140257,284.58648681640625,30.0,505.3505394617105,0.0,1,P0002_M020_G00,P0002_M020_G00,P0002,M020,4889.858190277427,4915.201940277427,25.34375,7.947294853545671,0.0
E52_aaa387ee3ee3170bd804334d,1.3455096802985622,18.409477866986336,1.3455096802985622,263.5215778829557,299.2286101502083,312.8009621623957,0.13801933350380158,0.009166666666666667,0.007743923611111111,0.15492992378157935,2.405070076218421,0.9515843988182564,428.48438720703126,0.0,0.0,428.48438720703126,556.1843872070312,2346.0072162179677,386.9435729980469,30.0,473.5215778829557,0.0,1,P0002_M020_G00,P0002_M020_G00,P0002,M020,4889.858190277427,4915.201940277427,25.34375,1.3455096802985622,0.0
E52_afb1e3673ff3adbe9c45b8fc,5.815164808436222,6.956106286850726,5.815164808436222,250.21040235058808,271.27175132926646,374.0527108291059,0.1419599864782851,0.009166666666666667,0.007743923611111111,0.15887057675606286,2.4011294232439377,0.9503529447637303,252.73618774414064,0.0,0.0,252.73618774414064,380.4361877441406,2805.395331218294,291.6474609375,30.0,460.2104023505881,0.0,1,P0002_M020_G00,P0002_M020_G00,P0002,M020,4889.858190277427,4915.201940277427,25.34375,5.815164808436222,0.0
E52_b4122a9095172602242b40e3,3.0847021987148224,12.917805218005896,3.0847021987148224,417.2739001975914,457.30903457666045,594.3369941207687,0.23257222468730426,0.009166666666666667,0.007743923611111111,0.24948281496508204,2.3105171850349184,0.9220366203234118,480.42161254882814,0.0,0.0,480.42161254882814,608.1216125488281,4457.527455905765,308.1216125488281,30.0,627.2739001975914,0.0,1,P0002_M020_G00,P0002_M020_G00,P0002,M020,4889.858190277427,4915.201940277427,25.34375,3.0847021987148224,0.0
E52_b45db00398315637fb020e5f,1.3899957001402043,10.742298629097064,1.3899957001402043,520.0993036420956,566.0861185224667,764.2777180019647,0.2932088546230577,0.009166666666666667,0.007743923611111111,0.31011944490083543,2.249880555099165,0.903087673468489,551.8417785644531,0.0,0.0,551.8417785644531,679.5417785644531,5732.082885014735,386.71868896484375,30.0,730.0993036420956,0.0,1,P0002_M020_G00,P0002_M020_G00,P0002,M020,4889.858190277427,4915.201940277427,25.34375,1.3899957001402043,0.0
E52_b544b4d7beda1d6ed7fbeefb,7.623407938915264,16.252686834440453,7.623407938915264,293.91354735972715,324.49113296153376,404.3615811086144,0.16179511839250177,0.009166666666666667,0.007743923611111111,0.17870570867027954,2.381294291329721,0.9441544660405377,366.9310272216797,0.0,0.0,366.9310272216797,494.6310272216797,3032.711858314608,277.91845703125,30.0,503.91354735972715,0.0,1,P0002_M020_G00,P0002_M020_G00,P0002,M020,4889.858190277427,4915.201940277427,25.34375,7.623407938915264,0.0
E52_b60e4d2a4cdcd5801a5d757f,7.414573439613292,16.480566458341656,7.414573439613292,308.26023760270465,345.626388522301,392.32356968783114,0.16519254750221457,0.009166666666666667,0.007743923611111111,0.18210313777999235,2.377896862220008,0.9430927694437524,448.39381103515626,0.0,0.0,448.39381103515626,576.0938110351562,2942.4267726587336,326.2397766113281,30.0,518.2602376027046,0.0,1,P0002_M020_G00,P0002_M020_G00,P0002,M020,4889.858190277427,4915.201940277427,25.34375,7.414573439613292,0.0
E52_b677873645e212a13901ede2,1.346932479360035,9.230718628911887,1.346932479360035,575.9444140089429,616.0268887810784,911.3939793850733,0.3339048259552679,0.009166666666666667,0.007743923611111111,0.35081541623304563,2.209184583766955,0.8903701824271733,480.989697265625,0.0,0.0,480.989697265625,608.689697265625,6835.45484538805,390.98822021484375,30.0,785.9444140089429,0.0,1,P0002_M020_G00,P0002_M020_G00,P0002,M020,4889.858190277427,4915.201940277427,25.34375,1.346932479360035,0.0
E52_b6789310c1ab16898a769b78,16.581350146821222,2.625622464396969,2.625622464396969,372.38145547243056,389.4038741939475,617.4514627840539,0.21924054354678854,0.009166666666666667,0.007743923611111111,0.23615113382456632,2.3238488661754344,0.926202770679823,225.84925537109376,21.580230712890625,21.580230712890625,225.84925537109376,353.54925537109375,4630.885970880404,303.54925537109375,30.0,582.3814554724306,0.0,1,P0002_M020_G00,P0002_M020_G00,P0002,M020,4889.858190277427,4915.201940277427,25.34375,2.625622464396969,0.0
E52_b7c433bb400c5a28313b13f0,7.924057708612196,16.00220965111248,7.924057708612196,270.63016208552887,291.2047849391259,417.8125870494757,0.1554195344851095,0.009166666666666667,0.007743923611111111,0.17233012476288728,2.3876698752371133,0.9461468360115978,246.89547424316407,0.0,0.0,246.89547424316407,374.59547424316406,3133.594402871068,284.58648681640625,30.0,480.63016208552887,0.0,1,P0002_M020_G00,P0002_M020_G00,P0002,M020,4889.858190277427,4915.201940277427,25.34375,7.924057708612196,0.0
E52_b8aeee13ee5f313ffdb298e7,2.4321024374797844,0.32052137756616617,0.32052137756616617,550.9628084392909,600.9445446860357,802.0351993981131,0.309532562555218,0.009166666666666667,0.007743923611111111,0.32644315283299574,2.2335568471670046,0.8979865147396888,599.7808349609375,0.0,0.0,599.7808349609375,727.4808349609375,6015.263995485849,488.552978515625,30.0,760.9628084392909,0.0,1,P0002_M020_G00,P0002_M020_G00,P0002,M020,4889.858190277427,4915.201940277427,25.34375,0.32052137756616617,0.0
E52_be69bdf55826f2eb34075d09,11.825920800647339,12.029424972929434,11.825920800647339,457.6877788138426,500.48965717077624,658.5642874860837,0.25604119113741575,0.009166666666666667,0.007743923611111111,0.2729517814151935,2.287048218584807,0.9147025683077521,513.6225402832031,0.0,0.0,513.6225402832031,641.3225402832031,4939.232156145627,341.3225402832031,30.0,667.6877788138427,0.0,1,P0002_M020_G00,P0002_M020_G00,P0002,M020,4889.858190277427,4915.201940277427,25.34375,11.825920800647339,0.0
E52_bfffb2993ede6e2e2bd9340b,17.567941365491095,13.053008949478723,13.053008949478723,400.85355156655817,436.85476820067277,585.6998033284289,0.22550922551216515,0.009166666666666667,0.007743923611111111,0.24241981578994293,2.3175801842100574,0.9242438075656428,432.014599609375,0.0,0.0,432.014599609375,559.714599609375,4392.748524963216,275.29461669921875,30.0,610.8535515665582,0.0,1,P0002_M020_G00,P0002_M020_G00,P0002,M020,4889.858190277427,4915.201940277427,25.34375,13.053008949478723,0.0
E52_c0294c7ff44d44fc4ede8d97,7.094965349952389,16.7256600789149,7.094965349952389,316.70783025924425,358.9570632507807,379.92026256926977,0.16644027302831577,0.009166666666666667,0.007743923611111111,0.18335086330609354,2.376649136693907,0.9427028552168457,506.9907958984375,0.0,0.0,506.9907958984375,634.6907958984375,2849.4019692695233,334.6907958984375,30.0,526.7078302592442,0.0,1,P0002_M020_G00,P0002_M020_G00,P0002,M020,4889.858190277427,4915.201940277427,25.34375,7.094965349952389,0.0
E52_c10a50247c57c0340b451298,3.3488473279782625,3.1495087650690863,3.1495087650690863,410.4813485396202,450.8988478275434,578.4577013517014,0.22790762835174688,0.009166666666666667,0.007743923611111111,0.24481821862952466,2.315181781370476,0.9234943066782736,485.00999145507814,0.0,0.0,485.00999145507814,612.7099914550781,4338.432760137761,515.4917602539062,30.0,620.4813485396203,0.0,1,P0002_M020_G00,P0002_M020_G00,P0002,M020,4889.858190277427,4915.201940277427,25.34375,3.1495087650690863,0.0
E52_c515ea57360fd29f9add62f7,1.4420423435682324,10.649906727109496,1.4420423435682324,525.5980011021792,572.0554631586571,772.4512298654912,0.29632198385281766,0.009166666666666667,0.007743923611111111,0.3132325741305954,2.2467674258694053,0.9021148205841889,557.4895446777343,0.0,0.0,557.4895446777343,685.1895446777344,5793.384223991184,393.3172912597656,30.0,735.5980011021792,0.0,1,P0002_M020_G00,P0002_M020_G00,P0002,M020,4889.858190277427,4915.201940277427,25.34375,1.4420423435682324,0.0
E52_c76d93c5902d0dc017f7065c,7.68224239353539,16.05706218628906,7.68224239353539,260.86241804033426,278.57034040361555,415.47730190098105,0.1516149798935124,0.009166666666666667,0.007743923611111111,0.1685255701712902,2.3914744298287105,0.9473357593214718,212.495068359375,0.0,0.0,212.495068359375,340.195068359375,3116.079764257358,277.91845703125,30.0,470.86241804033426,0.0,1,P0002_M020_G00,P0002_M020_G00,P0002,M020,4889.858190277427,4915.201940277427,25.34375,7.68224239353539,0.0
E52_c98d1e580ba9a8920eeacbdb,7.682623693945175,9.995636820319618,7.682623693945175,531.3190315479533,569.3529452238973,834.4345810402425,0.30713490815373307,0.009166666666666667,0.007743923611111111,0.3240454984315108,2.23595450156849,0.8987357817401529,456.40696411132814,0.0,0.0,456.40696411132814,584.1069641113281,6258.259357801819,362.73199462890625,30.0,741.3190315479533,0.0,1,P0002_M020_G00,P0002_M020_G00,P0002,M020,4889.858190277427,4915.201940277427,25.34375,7.682623693945175,0.0
E52_cdef0b479e00ae29ebd83132,4.234878259139293,10.01648148125875,4.234878259139293,520.0071121141804,554.5433095222207,832.7970397801186,0.3028799960747676,0.009166666666666667,0.007743923611111111,0.31979058635254537,2.240209413647455,0.9000654417648296,414.4343688964844,0.0,0.0,414.4343688964844,542.1343688964844,6245.977798350889,297.6476745605469,30.0,730.0071121141804,0.0,1,P0002_M020_G00,P0002_M020_G00,P0002,M020,4889.858190277427,4915.201940277427,25.34375,4.234878259139293,0.0
E52_d1d4424e0dfaa7a0ce62d445,6.55193275432984,12.872868339328704,6.55193275432984,402.0751033963921,436.37951216917855,598.3237541560654,0.22773150601213982,0.009166666666666667,0.007743923611111111,0.2446420962899176,2.315357903710083,0.9235493449094008,411.6529052734375,0.0,0.0,411.6529052734375,539.3529052734375,4487.428156170491,269.83203125,30.0,612.075103396392,0.0,1,P0002_M020_G00,P0002_M020_G00,P0002,M020,4889.858190277427,4915.201940277427,25.34375,6.55193275432984,0.0
E52_d22cbe82615c6d2ee0ebf49f,7.765419155705999,15.758568264926964,7.765419155705999,318.17309843891866,352.9726015110215,427.5491784452201,0.1737067461230003,0.009166666666666667,0.007743923611111111,0.19061733640077808,2.3693826635992226,0.9404320823747568,417.5940368652344,0.0,0.0,417.5940368652344,545.2940368652344,3206.618838339151,335.390380859375,30.0,528.1730984389187,0.0,1,P0002_M020_G00,P0002_M020_G00,P0002,M020,4889.858190277427,4915.201940277427,25.34375,7.765419155705999,0.0
E52_d3460088443e86b69235cf2f,8.949149229384489,10.110906533633653,8.949149229384489,520.9986937965015,557.4049117530444,823.5600798537452,0.3019244763287566,0.009166666666666667,0.007743923611111111,0.3188350666065343,2.241164933393466,0.900364041685458,436.87461547851564,0.0,0.0,436.87461547851564,564.5746154785156,6176.700598903089,281.75616455078125,30.0,730.9986937965015,0.0,1,P0002_M020_G00,P0002_M020_G00,P0002,M020,4889.858190277427,4915.201940277427,25.34375,8.949149229384489,0.0
E52_d6d1511afdebb88632549a71,3.8983602653052287,16.177909036830457,3.8983602653052287,342.76879390848103,389.67749650450963,404.08537224079015,0.1791309979165653,0.009166666666666667,0.007743923611111111,0.19604158819434309,2.3639584118056574,0.9387370036892678,562.9044311523437,0.0,0.0,562.9044311523437,690.6044311523438,3030.640291805926,390.60443115234375,30.0,552.768793908481,0.0,1,P0002_M020_G00,P0002_M020_G00,P0002,M020,4889.858190277427,4915.201940277427,25.34375,3.8983602653052287,0.0
E52_d7f1f5d49edaa9f52000c452,13.53111027280869,12.917919470378578,12.917919470378578,397.7633482290822,431.12867517406926,595.3347347882426,0.22577474843651651,0.009166666666666667,0.007743923611111111,0.2426853387142943,2.3173146612857063,0.9241608316517831,400.38392333984376,0.0,0.0,400.38392333984376,528.0839233398438,4465.010510911819,278.08392333984375,30.0,607.7633482290822,0.0,1,P0002_M020_G00,P0002_M020_G00,P0002,M020,4889.858190277427,4915.201940277427,25.34375,12.917919470378578,0.0
E52_da1eeef61bb4fffd90feecd9,3.596665008467781,11.577048041656667,3.596665008467781,464.4321692173844,503.4661769891943,694.6602918039094,0.2635518155735283,0.009166666666666667,0.007743923611111111,0.28046240585130605,2.2795375941486946,0.9123554981714669,468.40809326171876,0.0,0.0,468.40809326171876,596.1080932617188,5209.952188529321,322.9142761230469,30.0,674.4321692173844,0.0,1,P0002_M020_G00,P0002_M020_G00,P0002,M020,4889.858190277427,4915.201940277427,25.34375,3.596665008467781,0.0
E52_da487d3b8a0906fb4529d12f,8.951958936414655,15.138353346482333,8.951958936414655,331.4673547495513,365.316990573119,459.8368945576963,0.18300743845595838,0.009166666666666667,0.007743923611111111,0.19991802873373615,2.3600819712662644,0.9375256160207075,406.1956298828125,0.0,0.0,406.1956298828125,533.8956298828125,3448.7767091827222,283.8956298828125,30.0,541.4673547495513,0.0,1,P0002_M020_G00,P0002_M020_G00,P0002,M020,4889.858190277427,4915.201940277427,25.34375,8.951958936414655,0.0
E52_dbe1bedc9b83d29f34556dbd,12.208189978611458,13.016499113861627,12.208189978611458,387.86022911882606,419.0031732004504,588.862793747906,0.22133620210273125,0.009166666666666667,0.007743923611111111,0.23824679238050903,2.3217532076194916,0.9255478773810909,373.7153289794922,0.0,0.0,373.7153289794922,501.4153289794922,4416.470953109295,233.02317810058594,30.0,597.860229118826,0.0,1,P0002_M020_G00,P0002_M020_G00,P0002,M020,4889.858190277427,4915.201940277427,25.34375,12.208189978611458,0.0
E52_dbec4f1422e98765afb262aa,6.294074185363641,16.38523852602286,6.294074185363641,322.5402116809159,364.1002534899979,395.72017250733956,0.1707521496628321,0.009166666666666667,0.007743923611111111,0.18766273994060986,2.372337260059391,0.9413553937685595,498.7205017089844,0.0,0.0,498.7205017089844,626.4205017089844,2967.901293805047,326.4205017089844,30.0,532.540211680916,0.0,1,P0002_M020_G00,P0002_M020_G00,P0002,M020,4889.858190277427,4915.201940277427,25.34375,6.294074185363641,0.0
E52_dc4c132291b7b9525a26c82f,7.641317037809216,16.290878065555617,7.641317037809216,256.41354735972715,274.49113296153376,404.3615811086144,0.14845852840407586,0.009166666666666667,0.007743923611111111,0.16536911868185364,2.3946308813181467,0.9483221504119207,216.9310272216797,0.0,0.0,216.9310272216797,344.6310272216797,3032.711858314608,277.91845703125,30.0,466.41354735972715,0.0,1,P0002_M020_G00,P0002_M020_G00,P0002,M020,4889.858190277427,4915.201940277427,25.34375,7.641317037809216,0.0
E52_dd12fb0cc4aee52816704b73,3.2494978769917395,0.5498680641518376,0.5498680641518376,547.6210002825783,600.0718247658139,780.5370536657424,0.3052994367315811,0.009166666666666667,0.007743923611111111,0.32221002700935886,2.2377899729906416,0.8993093665595754,629.4098937988281,0.0,0.0,629.4098937988281,757.1098937988281,5854.027902493068,543.108642578125,30.0,757.6210002825783,0.0,1,P0002_M020_G00,P0002_M020_G00,P0002,M020,4889.858190277427,4915.201940277427,25.34375,0.5498680641518376,0.0
E52_de2c36302e014a6d0284c896,7.459351391458128,15.994052628622484,7.459351391458128,325.41177480357015,364.7238282296769,414.95122905049965,0.1744969638873427,0.009166666666666667,0.007743923611111111,0.19140755416512048,2.36859244583488,0.9401851393233999,471.74464111328126,0.0,0.0,471.74464111328126,599.4446411132812,3112.134217878747,326.2397766113281,30.0,535.4117748035701,0.0,1,P0002_M020_G00,P0002_M020_G00,P0002,M020,4889.858190277427,4915.201940277427,25.34375,7.459351391458128,0.0
E52_e0325aad0b87e7c07e10fc2c,7.551634397330503,5.987785159048158,5.987785159048158,275.1983248954777,294.96932963587483,418.60161500091635,0.15682137892336617,0.009166666666666667,0.007743923611111111,0.17373196920114395,2.3862680307988566,0.9457087596246425,248.53977661132814,11.2877197265625,11.2877197265625,248.53977661132814,376.2397766113281,3139.5121125068727,326.2397766113281,30.0,485.1983248954777,0.0,1,P0002_M020_G00,P0002_M020_G00,P0002,M020,4889.858190277427,4915.201940277427,25.34375,5.987785159048158,0.0
E52_e0cd6bab1a22c4530d9a254c,6.335446813655608,6.471069764274475,6.335446813655608,260.0402116809159,280.7669201566646,395.72017250733956,0.14852449968212222,0.009166666666666667,0.007743923611111111,0.1654350899599,2.3945649100401005,0.9483015343875313,248.7205017089844,0.0,0.0,248.7205017089844,376.4205017089844,2967.901293805047,326.4205017089844,30.0,470.0402116809159,0.0,1,P0002_M020_G00,P0002_M020_G00,P0002,M020,4889.858190277427,4915.201940277427,25.34375,6.335446813655608,0.0
E52_ea76d341ab82f2ebc1fa1efe,7.50215408782644,6.056283714240493,6.056283714240493,275.41177480357015,298.05716156301025,414.95122905049965,0.15671484390277482,0.009166666666666667,0.007743923611111111,0.1736254341805526,2.3863745658194477,0.9457420518185773,271.74464111328126,0.0,0.0,271.74464111328126,399.44464111328125,3112.134217878747,326.2397766113281,30.0,485.41177480357015,0.0,1,P0002_M020_G00,P0002_M020_G00,P0002,M020,4889.858190277427,4915.201940277427,25.34375,6.056283714240493,0.0
E52_eab18c460278cfbad2c20da0,8.409142705241422,7.760329046990023,7.760329046990023,212.31476099060268,226.15454090800176,341.5908424768108,0.12388533452538679,0.009166666666666667,0.007743923611111111,0.14079592480316458,2.419204075196836,0.9560012734990111,166.07735900878907,0.0,0.0,166.07735900878907,293.77735900878906,2561.931318576081,213.8477783203125,30.0,422.3147609906027,0.0,1,P0002_M020_G00,P0002_M020_G00,P0002,M020,4889.858190277427,4915.201940277427,25.34375,7.760329046990023,0.0
E52_eb490529b308e18523949520,10.638129855124376,12.235001379754962,10.638129855124376,417.9327582223269,449.8180932544721,644.5535062517828,0.23991836791670462,0.009166666666666667,0.007743923611111111,0.25682895819448237,2.303171041805518,0.9197409505642242,382.6240203857422,0.0,0.0,382.6240203857422,510.3240203857422,4834.151296888371,255.67149353027344,30.0,627.9327582223269,0.0,1,P0002_M020_G00,P0002_M020_G00,P0002,M020,4889.858190277427,4915.201940277427,25.34375,10.638129855124376,0.0
E52_eddf192c3626d88d236d26e4,9.181476151550811,17.034187922993553,9.181476151550811,241.72684180786888,260.473536754158,370.9735139380034,0.13850678679446915,0.009166666666666667,0.007743923611111111,0.15541737707224693,2.4045826229277534,0.9514320696649229,224.96033935546876,0.0,0.0,224.96033935546876,352.66033935546875,2782.3013545350254,199.07135009765625,30.0,451.7268418078689,0.0,1,P0002_M020_G00,P0002_M020_G00,P0002,M020,4889.858190277427,4915.201940277427,25.34375,9.181476151550811,0.0
E52_ede4029bd5e695a7a0c85289,13.575338304871366,12.925612211179384,12.925612211179384,385.2633482290822,414.4620085074026,595.3347347882426,0.22132921844037454,0.009166666666666667,0.007743923611111111,0.2382398087181523,2.3217601912818484,0.9255500597755774,350.38392333984376,0.0,0.0,350.38392333984376,478.08392333984375,4465.010510911819,278.08392333984375,30.0,595.2633482290822,0.0,1,P0002_M020_G00,P0002_M020_G00,P0002,M020,4889.858190277427,4915.201940277427,25.34375,12.925612211179384,0.0
E52_ef8fa59407d07a2296b5f591,5.497957242410195,0.3151276047193221,0.3151276047193221,505.85939793409244,540.3898465933535,804.5361039126185,0.29384606362066074,0.009166666666666667,0.007743923611111111,0.3107566538984385,2.249243346101562,0.9028885456567379,414.3653839111328,0.0,0.0,414.3653839111328,542.0653839111328,6034.020779344639,284.8677062988281,30.0,715.8593979340924,0.0,1,P0002_M020_G00,P0002_M020_G00,P0002,M020,4889.858190277427,4915.201940277427,25.34375,0.3151276047193221,0.0
E52_f2fabdd802684ffd17ed2273,5.806405814594584,16.925225818485302,5.806405814594584,275.2104023505881,304.60508466259984,374.0527108291059,0.15085104647056902,0.009166666666666667,0.007743923611111111,0.1677616367483468,2.3922383632516535,0.9475744885161417,352.73618774414064,0.0,0.0,352.73618774414064,480.4361877441406,2805.395331218294,291.6474609375,30.0,485.2104023505881,0.0,1,P0002_M020_G00,P0002_M020_G00,P0002,M020,4889.858190277427,4915.201940277427,25.34375,5.806405814594584,0.0
E52_fd527d975e1813662620f82c,12.407125855958242,12.45056667278017,12.407125855958242,418.2192341110554,452.9085204066283,628.3027504486734,0.23771876612520712,0.009166666666666667,0.007743923611111111,0.2546293564029849,2.3053706435970156,0.9204283261240672,416.271435546875,0.0,0.0,416.271435546875,543.971435546875,4712.2706283650505,307.606201171875,30.0,628.2192341110554,0.0,1,P0002_M020_G00,P0002_M020_G00,P0002,M020,4889.858190277427,4915.201940277427,25.34375,12.407125855958242,0.0
E52_fe6c7b852578a086d3069b9b,8.367018649164194,5.686957833294301,5.686957833294301,283.52010664670297,305.8382661315663,433.1312563842263,0.16217322495485703,0.009166666666666667,0.007743923611111111,0.1790838152326348,2.380916184767366,0.9440363077398016,267.8179138183594,0.0,0.0,267.8179138183594,395.5179138183594,3248.484422881697,322.1230773925781,30.0,493.52010664670297,0.0,1,P0002_M020_G00,P0002_M020_G00,P0002,M020,4889.858190277427,4915.201940277427,25.34375,5.686957833294301,0.0
E52_0c9d91fc306062a18ada9948,5.682714654617925,15.697900697510477,5.682714654617925,331.42241999480143,370.2725110389095,429.7442937249544,0.1787296459836012,0.009166666666666667,0.1892152777777778,0.37711159042804565,2.1828884095719547,0.8821526279912357,466.2010925292969,0.0,0.0,466.2010925292969,593.9010925292969,3223.082202937158,335.390380859375,30.0,541.4224199948014,0.0,1,P0002_M020_G01,P0002_M020_G01,P0002,M020,4922.701940277427,5541.951940277427,619.25,5.682714654617925,0.0
E52_189eb019491ad876aa165071,4.7107574847429134,3.8094716871601975,3.8094716871601975,403.09916814168594,448.35288467407526,534.676037089036,0.21908171065325852,0.009166666666666667,0.1892152777777778,0.417463655097703,2.1425363449022976,0.8695426077819678,543.0445983886718,0.0,0.0,543.0445983886718,670.7445983886719,4010.07027816777,391.87322998046875,30.0,613.0991681416859,0.0,1,P0002_M020_G01,P0002_M020_G01,P0002,M020,4922.701940277427,5541.951940277427,619.25,3.8094716871601975,0.0
E52_1ef47ef68c1879e18ddbb164,9.141344232017389,9.684707827919368,9.141344232017389,525.9457118932837,556.9823492630754,865.6715995678175,0.30964781577290457,0.009166666666666667,0.1892152777777778,0.508029760217349,2.0519702397826514,0.8412406999320785,372.4396484375,0.0,0.0,372.4396484375,500.1396484375,6492.536996758631,304.7821350097656,30.0,735.9457118932837,0.0,1,P0002_M020_G01,P0002_M020_G01,P0002,M020,4922.701940277427,5541.951940277427,619.25,9.141344232017389,0.0
E52_215ef380a7eb56a6f7d09ab1,13.83018706095794,12.440860913671315,12.440860913671315,437.2780853288336,478.35957590907447,628.0672271762219,0.2444635461376352,0.009166666666666667,0.1892152777777778,0.44284549058207967,2.117154509417921,0.8616107841931001,492.97788696289064,0.0,0.0,492.97788696289064,620.6778869628906,4710.504203821664,324.9881591796875,30.0,647.2780853288336,0.0,1,P0002_M020_G01,P0002_M020_G01,P0002,M020,4922.701940277427,5541.951940277427,619.25,12.440860913671315,0.0
E52_24cc4f01335372459fb4c2ba,11.512851159871033,12.909161020133865,11.512851159871033,410.2633482290822,447.7953418407359,595.3347347882426,0.23022027843265847,0.009166666666666667,0.1892152777777778,0.4286022228771029,2.1313977771228974,0.8660618053509054,450.38392333984376,0.0,0.0,450.38392333984376,578.0839233398438,4465.010510911819,278.08392333984375,30.0,620.2633482290822,0.0,1,P0002_M020_G01,P0002_M020_G01,P0002,M020,4922.701940277427,5541.951940277427,619.25,11.512851159871033,0.0
E52_27bf01e9e990859ae5993708,5.457169743955134,15.932490639468014,5.457169743955134,318.6138217216496,355.0514931287134,418.60161500091635,0.17259630304263499,0.009166666666666667,0.1892152777777778,0.3709782474870794,2.189021752512921,0.8840692976602877,437.25205688476564,0.0,0.0,437.25205688476564,564.9520568847656,3139.5121125068727,326.2397766113281,30.0,528.6138217216496,0.0,1,P0002_M020_G01,P0002_M020_G01,P0002,M020,4922.701940277427,5541.951940277427,619.25,5.457169743955134,0.0
E52_27bf1882d0e1a812c8450c72,4.603440389047222,16.18675851321828,4.603440389047222,334.03154784809436,377.9609795090644,404.48650573036844,0.17608047258726683,0.009166666666666667,0.1892152777777778,0.3744624170317113,2.1855375829682893,0.8829804946775902,527.1531799316406,0.0,0.0,527.1531799316406,654.8531799316406,3033.648792977763,364.9013671875,30.0,544.0315478480943,0.0,1,P0002_M020_G01,P0002_M020_G01,P0002,M020,4922.701940277427,5541.951940277427,619.25,4.603440389047222,0.0
E52_2cea01313b8862fcfb6b2e63,8.362609841558438,16.460055432828085,8.362609841558438,259.5957489704318,280.08528245838755,396.2542970131293,0.148442074342722,0.009166666666666667,0.1892152777777778,0.34682401878716645,2.213175981212834,0.8916174941290105,245.87440185546876,0.0,0.0,245.87440185546876,373.57440185546875,2971.90722759847,231.8917236328125,30.0,469.5957489704318,0.0,1,P0002_M020_G01,P0002_M020_G01,P0002,M020,4922.701940277427,5541.951940277427,619.25,8.362609841558438,0.0
E52_2d7a36258a59c18fc6a856bf,4.894869074614363,16.662039037059316,4.894869074614363,318.72117968179435,361.17160743651436,382.73979283526836,0.16755561647288383,0.009166666666666667,0.1892152777777778,0.3659375609173283,2.194062439082672,0.885644512213335,509.40513305664064,0.0,0.0,509.40513305664064,637.1051330566406,2870.5484462645127,346.4301452636719,30.0,528.7211796817944,0.0,1,P0002_M020_G01,P0002_M020_G01,P0002,M020,4922.701940277427,5541.951940277427,619.25,4.894869074614363,0.0
E52_2dadfb43d7dd9558e21effa9,11.090420741642077,12.85982438864363,11.090420741642077,396.07517918576866,428.1792069974549,599.5261915014202,0.22576797164618329,0.009166666666666667,0.1892152777777778,0.42414991609062774,2.135850083909373,0.8674531512216789,385.2483337402344,0.0,0.0,385.2483337402344,512.9483337402344,4496.446436260651,251.37640380859375,30.0,606.0751791857687,0.0,1,P0002_M020_G01,P0002_M020_G01,P0002,M020,4922.701940277427,5541.951940277427,619.25,11.090420741642077,0.0
E52_2e64690809088e2a96fb2160,8.846597506929442,9.500767968691491,8.846597506929442,523.7789293194231,550.945126524013,884.5606754113072,0.31155234822715455,0.009166666666666667,0.1892152777777778,0.5099342926715991,2.050065707328401,0.8406455335401253,325.99436645507814,0.0,0.0,325.99436645507814,453.6943664550781,6634.205065584804,329.6845703125,30.0,733.7789293194231,0.0,1,P0002_M020_G01,P0002_M020_G01,P0002,M020,4922.701940277427,5541.951940277427,619.25,8.846597506929442,0.0
E52_357bbbd4dc4420221c875ea3,10.161205222688423,12.241245229232817,10.161205222688423,405.4327582223269,433.1514265878055,644.5535062517828,0.23547283792056264,0.009166666666666667,0.1892152777777778,0.4338547823650071,2.1261452176349933,0.8644203805109353,332.6240203857422,0.0,0.0,332.6240203857422,460.3240203857422,4834.151296888371,255.67149353027344,30.0,615.4327582223269,0.0,1,P0002_M020_G01,P0002_M020_G01,P0002,M020,4922.701940277427,5541.951940277427,619.25,10.161205222688423,0.0
E52_3875f0f2b8e39572338b498b,13.353921106597483,12.654831201135607,12.654831201135607,430.443023323014,471.8276755243487,612.5781334380202,0.23983909257274777,0.009166666666666667,0.1892152777777778,0.4382210370171922,2.121778962982808,0.8630559259321274,496.61582641601564,0.0,0.0,496.61582641601564,624.3158264160156,4594.336000785152,324.3158264160156,30.0,640.443023323014,0.0,1,P0002_M020_G01,P0002_M020_G01,P0002,M020,4922.701940277427,5541.951940277427,619.25,12.654831201135607,0.0
E52_3a94b6482baa2cfaba8a857d,4.751812171973384,16.425448776817632,4.751812171973384,326.01303055755295,369.111023518165,393.4381033514341,0.17166403726355467,0.009166666666666667,0.1892152777777778,0.3700459817079991,2.1899540182920014,0.8843606307162503,517.1759155273437,0.0,0.0,517.1759155273437,644.8759155273438,2950.785775135756,352.4370422363281,30.0,536.013030557553,0.0,1,P0002_M020_G01,P0002_M020_G01,P0002,M020,4922.701940277427,5541.951940277427,619.25,4.751812171973384,0.0
E52_413d3eff5d481ef66f8d3068,8.81667020402071,9.493762996477216,8.81667020402071,548.7789293194231,584.2784598573463,884.5606754113072,0.3204434082194385,0.009166666666666667,0.1892152777777778,0.518825352663883,2.0411746473361174,0.8378670772925366,425.99436645507814,0.0,0.0,425.99436645507814,553.6943664550781,6634.205065584804,329.6845703125,30.0,758.7789293194231,0.0,1,P0002_M020_G01,P0002_M020_G01,P0002,M020,4922.701940277427,5541.951940277427,619.25,8.81667020402071,0.0
E52_4cf0fac9feb721651efb2830,6.998212924039663,17.82597875173802,6.998212924039663,242.69354898018014,267.32891198677197,337.5749199208095,0.13412057160327687,0.009166666666666667,0.1892152777777778,0.3325025160477213,2.227497483952279,0.8960929637350871,295.6243560791016,0.0,0.0,295.6243560791016,423.32435607910156,2531.8118994060715,217.31182861328125,30.0,452.69354898018014,0.0,1,P0002_M020_G01,P0002_M020_G01,P0002,M020,4922.701940277427,5541.951940277427,619.25,6.998212924039663,0.0
E52_4d215302190bc5bfb29bf912,3.785853652478636,16.37371485667674,3.785853652478636,307.50969179304633,343.7570581260541,397.53518558804575,0.1656637075427803,0.009166666666666667,0.1892152777777778,0.3640456519872247,2.195954348012776,0.8862357337539923,434.96839599609376,0.0,0.0,434.96839599609376,562.6683959960938,2981.5138919103433,336.56707763671875,30.0,517.5096917930464,0.0,1,P0002_M020_G01,P0002_M020_G01,P0002,M020,4922.701940277427,5541.951940277427,619.25,3.785853652478636,0.0
E52_50c718ca7f326f764494c89d,14.334642037780668,13.080943299176411,13.080943299176411,350.85355156655817,370.1881015340061,585.6998033284289,0.20772710552759727,0.009166666666666667,0.1892152777777778,0.4061090499720417,2.1538909500279586,0.8730909218837369,232.014599609375,0.0,0.0,232.014599609375,359.714599609375,4392.748524963216,275.29461669921875,30.0,560.8535515665582,0.0,1,P0002_M020_G01,P0002_M020_G01,P0002,M020,4922.701940277427,5541.951940277427,619.25,13.080943299176411,0.0
E52_515a3b7c8d98426ee13f2b4e,7.786538932173912,17.07508762021844,7.786538932173912,242.68536134104386,262.0561394884234,369.14605379781034,0.13858886614696947,0.009166666666666667,0.1892152777777778,0.3369708105914139,2.2230291894085865,0.8946966216901832,232.4493377685547,0.0,0.0,232.4493377685547,360.1493377685547,2768.5954034835777,210.1493377685547,30.0,452.68536134104386,0.0,1,P0002_M020_G01,P0002_M020_G01,P0002,M020,4922.701940277427,5541.951940277427,619.25,7.786538932173912,0.0
E52_60b76d98beea93305f35c25d,7.924907482409168,16.79058398580294,7.924907482409168,271.8613885249859,299.0873836523459,380.3668062858116,0.15055421784231732,0.009166666666666667,0.1892152777777778,0.3489361622867618,2.2110638377132386,0.8909574492853869,326.7119415283203,0.0,0.0,326.7119415283203,454.4119415283203,2852.751047143587,241.2421875,30.0,481.8613885249859,0.0,1,P0002_M020_G01,P0002_M020_G01,P0002,M020,4922.701940277427,5541.951940277427,619.25,7.924907482409168,0.0
E52_68694062ed2e2e792aeb51a9,5.8056357366346845,17.695890544520793,5.8056357366346845,262.3147609906027,292.8212075746684,341.5908424768108,0.1416674545099547,0.009166666666666667,0.1892152777777778,0.3400493989543991,2.2199506010456016,0.8937345628267502,366.0773590087891,0.0,0.0,366.0773590087891,493.77735900878906,2561.931318576081,213.8477783203125,30.0,472.3147609906027,0.0,1,P0002_M020_G01,P0002_M020_G01,P0002,M020,4922.701940277427,5541.951940277427,619.25,5.8056357366346845,0.0
E52_7547086a1218012670f76a62,1.72450856648004,2.277872015791573,1.72450856648004,375.1797445493145,391.65409045589,642.7455049270795,0.22423479709031385,0.009166666666666667,0.1892152777777778,0.4226167415347583,2.1373832584652424,0.867932268270388,205.20750122070314,7.515350341796875,7.515350341796875,205.20750122070314,332.9075012207031,4820.591286953097,282.9075012207031,30.0,585.1797445493145,0.0,1,P0002_M020_G01,P0002_M020_G01,P0002,M020,4922.701940277427,5541.951940277427,619.25,1.72450856648004,0.0
E52_76b4f0bdabd1ccab126282dd,7.552690382552015,17.180198899819032,7.552690382552015,244.7670432960008,265.6078646257534,364.489158613486,0.13866967590706417,0.009166666666666667,0.1892152777777778,0.3370516203515086,2.222948379648492,0.8946713686401535,250.08985595703126,0.0,0.0,250.08985595703126,377.78985595703125,2733.6686896011447,241.2421875,30.0,454.7670432960008,0.0,1,P0002_M020_G01,P0002_M020_G01,P0002,M020,4922.701940277427,5541.951940277427,619.25,7.552690382552015,0.0
E52_7dc5542bb1ad046741692f59,6.104218633283082,15.630401191468053,6.104218633283082,333.52010664670297,372.50493279823297,433.1312563842263,0.17995534493942492,0.009166666666666667,0.1892152777777778,0.37833728938386935,2.181662710616131,0.8817695970675409,467.8179138183594,0.0,0.0,467.8179138183594,595.5179138183594,3248.484422881697,322.1230773925781,30.0,543.520106646703,0.0,1,P0002_M020_G01,P0002_M020_G01,P0002,M020,4922.701940277427,5541.951940277427,619.25,6.104218633283082,0.0
E52_7e5f4a4eaf9aa5b10576997a,10.7721571193441,13.086620585622072,10.7721571193441,384.11958913832314,414.7999833745699,584.1568128591658,0.21933939564120059,0.009166666666666667,0.1892152777777778,0.41772134008564504,2.1422786599143553,0.8694620812232359,368.16473083496095,0.0,0.0,368.16473083496095,495.86473083496094,4381.1760964437435,251.37640380859375,30.0,594.1195891383231,0.0,1,P0002_M020_G01,P0002_M020_G01,P0002,M020,4922.701940277427,5541.951940277427,619.25,10.7721571193441,0.0
E52_82c821a5773d0bfbe554f10a,8.226809702901718,11.397135806608844,8.226809702901718,512.9354114719376,566.0737563002253,707.0407539741487,0.2825549862639304,0.009166666666666667,0.1892152777777778,0.48093693070837484,2.0790630692916254,0.8497072091536328,637.6601379394531,0.0,0.0,637.6601379394531,765.3601379394531,5302.805654806116,465.3601379394531,30.0,722.9354114719376,0.0,1,P0002_M020_G01,P0002_M020_G01,P0002,M020,4922.701940277427,5541.951940277427,619.25,8.226809702901718,0.0
E52_831cee7e7a3a549796e42b18,9.381826732518462,10.042846261792022,9.381826732518462,524.445203057942,560.9167693217765,830.061008532876,0.3040708837654974,0.009166666666666667,0.1892152777777778,0.5024528282099419,2.0575471717900586,0.8429834911843932,437.65879516601564,0.0,0.0,437.65879516601564,565.3587951660156,6225.457563996571,359.5916748046875,30.0,734.445203057942,0.0,1,P0002_M020_G01,P0002_M020_G01,P0002,M020,4922.701940277427,5541.951940277427,619.25,9.381826732518462,0.0
E52_88c1c7aba1fcf94c58dad20e,8.833718711849315,9.497510042154289,8.833718711849315,536.2789293194231,567.6117931906797,884.5606754113072,0.3159978782232965,0.009166666666666667,0.1892152777777778,0.514379822667741,2.0456201773322595,0.8392563054163309,375.99436645507814,0.0,0.0,375.99436645507814,503.6943664550781,6634.205065584804,329.6845703125,30.0,746.2789293194231,0.0,1,P0002_M020_G01,P0002_M020_G01,P0002,M020,4922.701940277427,5541.951940277427,619.25,8.833718711849315,0.0
E52_8ca7795ffa642a3b129c0a3d,5.700721261922126,15.730152054416479,5.700721261922126,330.94608252023,369.9122522589995,428.0951466078428,0.17832668261553564,0.009166666666666667,0.1892152777777778,0.3767086270599801,2.1832913729400203,0.8822785540437562,467.5940368652344,0.0,0.0,467.5940368652344,595.2940368652344,3210.713599558821,335.390380859375,30.0,540.94608252023,0.0,1,P0002_M020_G01,P0002_M020_G01,P0002,M020,4922.701940277427,5541.951940277427,619.25,5.700721261922126,0.0
E52_8d375985c45fff9288668cb3,1.809977176063029,16.222123863058812,1.809977176063029,353.99602207193686,405.21742048909175,400.663653640944,0.182639281392285,0.009166666666666667,0.1892152777777778,0.3810212258367295,2.178978774163271,0.8809308669260221,614.6567810058593,0.0,0.0,614.6567810058593,742.3567810058594,3004.97740230708,442.3567810058594,30.0,563.9960220719369,0.0,1,P0002_M020_G01,P0002_M020_G01,P0002,M020,4922.701940277427,5541.951940277427,619.25,1.809977176063029,0.0
E52_924cec2d58c933358893a332,10.624413809800686,12.302862284422105,10.624413809800686,416.670444788364,448.9844576972996,639.4568121231148,0.23874762537865796,0.009166666666666667,0.1892152777777778,0.4371295698231024,2.122870430176898,0.8633970094302805,387.7681549072266,0.0,0.0,387.7681549072266,515.4681549072266,4795.926090923361,252.644287109375,30.0,626.670444788364,0.0,1,P0002_M020_G01,P0002_M020_G01,P0002,M020,4922.701940277427,5541.951940277427,619.25,10.624413809800686,0.0
E52_96da4f081c74d8211b4b244f,11.344550318144897,12.47027426673894,11.344550318144897,406.4445801679392,437.368205859671,627.3474061854878,0.23339590098708082,0.009166666666666667,0.1892152777777778,0.4317778454315253,2.1282221545684754,0.8650694233026484,371.08350830078126,0.0,0.0,371.08350830078126,498.78350830078125,4705.105546391158,251.37640380859375,30.0,616.4445801679392,0.0,1,P0002_M020_G01,P0002_M020_G01,P0002,M020,4922.701940277427,5541.951940277427,619.25,11.344550318144897,0.0
E52_a3836b1674b2d70f748125c1,6.57521379218305,18.388582284998307,6.57521379218305,238.77143733771516,265.74771093797557,315.68523307386783,0.1296256139323784,0.009166666666666667,0.1892152777777778,0.3280075583768228,2.2319924416231776,0.8974976380072429,323.715283203125,0.0,0.0,323.715283203125,451.415283203125,2367.639248054009,217.29420471191406,30.0,448.77143733771516,0.0,1,P0002_M020_G01,P0002_M020_G01,P0002,M020,4922.701940277427,5541.951940277427,619.25,6.57521379218305,0.0
E52_aaa387ee3ee3170bd804334d,0.0961803787852773,18.409477866986336,0.0961803787852773,263.5215778829557,299.2286101502083,312.8009621623957,0.13801933350380158,0.009166666666666667,0.1892152777777778,0.33640127794824604,2.2235987220517544,0.8948746006411731,428.48438720703126,0.0,0.0,428.48438720703126,556.1843872070312,2346.0072162179677,386.9435729980469,30.0,473.5215778829557,0.0,1,P0002_M020_G01,P0002_M020_G01,P0002,M020,4922.701940277427,5541.951940277427,619.25,0.0961803787852773,0.0
E52_b544b4d7beda1d6ed7fbeefb,5.48852053666009,16.252686834440453,5.48852053666009,293.91354735972715,324.49113296153376,404.3615811086144,0.16179511839250177,0.009166666666666667,0.1892152777777778,0.3601770628369462,2.1998229371630544,0.8874446678634543,366.9310272216797,0.0,0.0,366.9310272216797,494.6310272216797,3032.711858314608,277.91845703125,30.0,503.91354735972715,0.0,1,P0002_M020_G01,P0002_M020_G01,P0002,M020,4922.701940277427,5541.951940277427,619.25,5.48852053666009,0.0
E52_b60e4d2a4cdcd5801a5d757f,5.286593515944801,16.480566458341656,5.286593515944801,308.26023760270465,345.626388522301,392.32356968783114,0.16519254750221457,0.009166666666666667,0.1892152777777778,0.36357449194665903,2.1964255080533412,0.8863829712666691,448.39381103515626,0.0,0.0,448.39381103515626,576.0938110351562,2942.4267726587336,326.2397766113281,30.0,518.2602376027046,0.0,1,P0002_M020_G01,P0002_M020_G01,P0002,M020,4922.701940277427,5541.951940277427,619.25,5.286593515944801,0.0
E52_b6789310c1ab16898a769b78,15.706200065217104,2.625622464396969,2.625622464396969,372.38145547243056,389.4038741939475,617.4514627840539,0.21924054354678854,0.009166666666666667,0.1892152777777778,0.417622487991233,2.1423775120087676,0.8694929725027397,225.84925537109376,21.580230712890625,21.580230712890625,225.84925537109376,353.54925537109375,4630.885970880404,303.54925537109375,30.0,582.3814554724306,0.0,1,P0002_M020_G01,P0002_M020_G01,P0002,M020,4922.701940277427,5541.951940277427,619.25,2.625622464396969,0.0
E52_be69bdf55826f2eb34075d09,12.089343064167153,12.029424972929434,12.029424972929434,457.6877788138426,500.48965717077624,658.5642874860837,0.25604119113741575,0.009166666666666667,0.1892152777777778,0.4544231355818602,2.1055768644181403,0.8579927701306687,513.6225402832031,0.0,0.0,513.6225402832031,641.3225402832031,4939.232156145627,341.3225402832031,30.0,667.6877788138427,0.0,1,P0002_M020_G01,P0002_M020_G01,P0002,M020,4922.701940277427,5541.951940277427,619.25,12.029424972929434,0.0
E52_bfffb2993ede6e2e2bd9340b,14.028371400881156,13.053008949478723,13.053008949478723,400.85355156655817,436.85476820067277,585.6998033284289,0.22550922551216515,0.009166666666666667,0.1892152777777778,0.4238911699566096,2.136108830043391,0.8675340093885595,432.014599609375,0.0,0.0,432.014599609375,559.714599609375,4392.748524963216,275.29461669921875,30.0,610.8535515665582,0.0,1,P0002_M020_G01,P0002_M020_G01,P0002,M020,4922.701940277427,5541.951940277427,619.25,13.053008949478723,0.0
E52_c0294c7ff44d44fc4ede8d97,5.006362490083006,16.7256600789149,5.006362490083006,316.70783025924425,358.9570632507807,379.92026256926977,0.16644027302831577,0.009166666666666667,0.1892152777777778,0.3648222174727602,2.1951777825272405,0.8859930570397624,506.9907958984375,0.0,0.0,506.9907958984375,634.6907958984375,2849.4019692695233,334.6907958984375,30.0,526.7078302592442,0.0,1,P0002_M020_G01,P0002_M020_G01,P0002,M020,4922.701940277427,5541.951940277427,619.25,5.006362490083006,0.0
E52_c98d1e580ba9a8920eeacbdb,9.033617462089097,9.995636820319618,9.033617462089097,531.3190315479533,569.3529452238973,834.4345810402425,0.30713490815373307,0.009166666666666667,0.1892152777777778,0.5055168525981775,2.054483147401823,0.8420259835630696,456.40696411132814,0.0,0.0,456.40696411132814,584.1069641113281,6258.259357801819,362.73199462890625,30.0,741.3190315479533,0.0,1,P0002_M020_G01,P0002_M020_G01,P0002,M020,4922.701940277427,5541.951940277427,619.25,9.033617462089097,0.0
E52_d22cbe82615c6d2ee0ebf49f,5.6791610470501865,15.758568264926964,5.6791610470501865,318.17309843891866,352.9726015110215,427.5491784452201,0.1737067461230003,0.009166666666666667,0.1892152777777778,0.37208869056744476,2.1879113094325557,0.8837222841976735,417.5940368652344,0.0,0.0,417.5940368652344,545.2940368652344,3206.618838339151,335.390380859375,30.0,528.1730984389187,0.0,1,P0002_M020_G01,P0002_M020_G01,P0002,M020,4922.701940277427,5541.951940277427,619.25,5.6791610470501865,0.0
E52_d3460088443e86b69235cf2f,10.986099961835052,10.110906533633653,10.110906533633653,520.9986937965015,557.4049117530444,823.5600798537452,0.3019244763287566,0.009166666666666667,0.1892152777777778,0.5003064207732011,2.059693579226799,0.8436542435083747,436.87461547851564,0.0,0.0,436.87461547851564,564.5746154785156,6176.700598903089,281.75616455078125,30.0,730.9986937965015,0.0,1,P0002_M020_G01,P0002_M020_G01,P0002,M020,4922.701940277427,5541.951940277427,619.25,10.110906533633653,0.0
E52_d6d1511afdebb88632549a71,2.4694159507623397,16.177909036830457,2.4694159507623397,342.76879390848103,389.67749650450963,404.08537224079015,0.1791309979165653,0.009166666666666667,0.1892152777777778,0.37751294236100974,2.1824870576389905,0.8820272055121845,562.9044311523437,0.0,0.0,562.9044311523437,690.6044311523438,3030.640291805926,390.60443115234375,30.0,552.768793908481,0.0,1,P0002_M020_G01,P0002_M020_G01,P0002,M020,4922.701940277427,5541.951940277427,619.25,2.4694159507623397,0.0
E52_d7f1f5d49edaa9f52000c452,11.569253065446404,12.917919470378578,11.569253065446404,397.7633482290822,431.12867517406926,595.3347347882426,0.22577474843651651,0.009166666666666667,0.1892152777777778,0.424156692880961,2.1358433071190395,0.8674510334746997,400.38392333984376,0.0,0.0,400.38392333984376,528.0839233398438,4465.010510911819,278.08392333984375,30.0,607.7633482290822,0.0,1,P0002_M020_G01,P0002_M020_G01,P0002,M020,4922.701940277427,5541.951940277427,619.25,11.569253065446404,0.0
E52_da487d3b8a0906fb4529d12f,6.700573680438396,15.138353346482333,6.700573680438396,331.4673547495513,365.316990573119,459.8368945576963,0.18300743845595838,0.009166666666666667,0.1892152777777778,0.3813893829004028,2.1786106170995976,0.8808158178436242,406.1956298828125,0.0,0.0,406.1956298828125,533.8956298828125,3448.7767091827222,283.8956298828125,30.0,541.4673547495513,0.0,1,P0002_M020_G01,P0002_M020_G01,P0002,M020,4922.701940277427,5541.951940277427,619.25,6.700573680438396,0.0
E52_dbe1bedc9b83d29f34556dbd,10.319763659808586,13.016499113861627,10.319763659808586,387.86022911882606,419.0031732004504,588.862793747906,0.22133620210273125,0.009166666666666667,0.1892152777777778,0.4197181465471757,2.1402818534528247,0.8688380792040076,373.7153289794922,0.0,0.0,373.7153289794922,501.4153289794922,4416.470953109295,233.02317810058594,30.0,597.860229118826,0.0,1,P0002_M020_G01,P0002_M020_G01,P0002,M020,4922.701940277427,5541.951940277427,619.25,10.319763659808586,0.0
E52_dbec4f1422e98765afb262aa,4.439539268577306,16.38523852602286,4.439539268577306,322.5402116809159,364.1002534899979,395.72017250733956,0.1707521496628321,0.009166666666666667,0.1892152777777778,0.36913409410727654,2.190865905892724,0.884645595591476,498.7205017089844,0.0,0.0,498.7205017089844,626.4205017089844,2967.901293805047,326.4205017089844,30.0,532.540211680916,0.0,1,P0002_M020_G01,P0002_M020_G01,P0002,M020,4922.701940277427,5541.951940277427,619.25,4.439539268577306,0.0
E52_de2c36302e014a6d0284c896,5.398324716346508,15.994052628622484,5.398324716346508,325.41177480357015,364.7238282296769,414.95122905049965,0.1744969638873427,0.009166666666666667,0.1892152777777778,0.37287890833178716,2.1871210916682133,0.8834753411463165,471.74464111328126,0.0,0.0,471.74464111328126,599.4446411132812,3112.134217878747,326.2397766113281,30.0,535.4117748035701,0.0,1,P0002_M020_G01,P0002_M020_G01,P0002,M020,4922.701940277427,5541.951940277427,619.25,5.398324716346508,0.0
E52_eab18c460278cfbad2c20da0,5.839199789598638,7.760329046990023,5.839199789598638,212.31476099060268,226.15454090800176,341.5908424768108,0.12388533452538679,0.009166666666666667,0.1892152777777778,0.32226727896983126,2.237732721030169,0.8992914753219278,166.07735900878907,0.0,0.0,166.07735900878907,293.77735900878906,2561.931318576081,213.8477783203125,30.0,422.3147609906027,0.0,1,P0002_M020_G01,P0002_M020_G01,P0002,M020,4922.701940277427,5541.951940277427,619.25,5.839199789598638,0.0
E52_eb490529b308e18523949520,10.128050036405611,12.235001379754962,10.128050036405611,417.9327582223269,449.8180932544721,644.5535062517828,0.23991836791670462,0.009166666666666667,0.1892152777777778,0.4383003123611491,2.121699687638851,0.8630311523871409,382.6240203857422,0.0,0.0,382.6240203857422,510.3240203857422,4834.151296888371,255.67149353027344,30.0,627.9327582223269,0.0,1,P0002_M020_G01,P0002_M020_G01,P0002,M020,4922.701940277427,5541.951940277427,619.25,10.128050036405611,0.0
E52_eddf192c3626d88d236d26e4,6.44782069450909,17.034187922993553,6.44782069450909,241.72684180786888,260.473536754158,370.9735139380034,0.13850678679446915,0.009166666666666667,0.1892152777777778,0.3368887312389136,2.223111268761087,0.8947222714878396,224.96033935546876,0.0,0.0,224.96033935546876,352.66033935546875,2782.3013545350254,199.07135009765625,30.0,451.7268418078689,0.0,1,P0002_M020_G01,P0002_M020_G01,P0002,M020,4922.701940277427,5541.951940277427,619.25,6.44782069450909,0.0
E52_ede4029bd5e695a7a0c85289,11.61837266330636,12.925612211179384,11.61837266330636,385.2633482290822,414.4620085074026,595.3347347882426,0.22132921844037454,0.009166666666666667,0.1892152777777778,0.419711162884819,2.1402888371151816,0.868840261598494,350.38392333984376,0.0,0.0,350.38392333984376,478.08392333984375,4465.010510911819,278.08392333984375,30.0,595.2633482290822,0.0,1,P0002_M020_G01,P0002_M020_G01,P0002,M020,4922.701940277427,5541.951940277427,619.25,11.61837266330636,0.0
E52_fd527d975e1813662620f82c,11.639873585239812,12.45056667278017,11.639873585239812,418.2192341110554,452.9085204066283,628.3027504486734,0.23771876612520712,0.009166666666666667,0.1892152777777778,0.4361007105696516,2.123899289430349,0.8637185279469839,416.271435546875,0.0,0.0,416.271435546875,543.971435546875,4712.2706283650505,307.606201171875,30.0,628.2192341110554,0.0,1,P0002_M020_G01,P0002_M020_G01,P0002,M020,4922.701940277427,5541.951940277427,619.25,11.639873585239812,0.0
E52_01234cac2d25748209cb57e8,7.601884722350519,5.963634638729843,5.963634638729843,279.2236617812399,298.99466652163704,419.772700963196,0.15824405002114064,0.009166666666666667,0.007743923611111111,0.17515464029891842,2.384845359701082,0.945264174906588,254.4365661621094,17.18450927734375,17.18450927734375,254.4365661621094,382.1365661621094,3148.2952572239697,332.1365661621094,30.0,489.2236617812399,0.0,1,P0002_M020_G02,P0002_M020_G02,P0002,M020,5549.483190277427,5574.826940277427,25.34375,5.963634638729843,0.0
E52_060143e4033ea7dfc142ce26,3.7531761543701805,13.051384290227645,3.7531761543701805,390.52156568077555,422.97629514244545,586.3147545915316,0.2219218246513189,0.009166666666666667,0.007743923611111111,0.23883241492909668,2.3211675850709037,0.9253648703346573,389.4567535400391,0.0,0.0,389.4567535400391,517.1567535400391,4397.360659436487,298.2110595703125,30.0,600.5215656807756,0.0,1,P0002_M020_G02,P0002_M020_G02,P0002,M020,5549.483190277427,5574.826940277427,25.34375,3.7531761543701805,0.0
E52_06eb0baa948af7ff52881bcf,6.17625260041055,16.258674653736037,6.17625260041055,296.7597053393259,328.36499963050426,403.88764493158146,0.16274021246714285,0.009166666666666667,0.007743923611111111,0.17965080274492062,2.3803491972550797,0.9438591241422123,379.26353149414064,0.0,0.0,379.26353149414064,506.9635314941406,3029.157336986861,310.16876220703125,30.0,506.7597053393259,0.0,1,P0002_M020_G02,P0002_M020_G02,P0002,M020,5549.483190277427,5574.826940277427,25.34375,6.17625260041055,0.0
E52_0c56c0f390b777971f9a7e58,1.0776955890740112,2.1743859331465814,1.0776955890740112,461.3120930283848,507.24512830670517,647.0259743868478,0.2556960576036008,0.009166666666666667,0.007743923611111111,0.27260664788137856,2.287393352118622,0.9148104225370692,551.1964233398437,0.0,0.0,551.1964233398437,678.8964233398438,4852.694807901358,439.2268981933594,30.0,671.3120930283849,0.0,1,P0002_M020_G02,P0002_M020_G02,P0002,M020,5549.483190277427,5574.826940277427,25.34375,1.0776955890740112,0.0
E52_0c9d91fc306062a18ada9948,7.763290520375506,15.697900697510477,7.763290520375506,331.42241999480143,370.2725110389095,429.7442937249544,0.1787296459836012,0.009166666666666667,0.007743923611111111,0.19564023626137897,2.3643597637386216,0.938862426168319,466.2010925292969,0.0,0.0,466.2010925292969,593.9010925292969,3223.082202937158,335.390380859375,30.0,541.4224199948014,0.0,1,P0002_M020_G02,P0002_M020_G02,P0002,M020,5549.483190277427,5574.826940277427,25.34375,7.763290520375506,0.0
E52_0f45fcab7c66cb90fa618929,2.873637210031802,12.721246579688795,2.873637210031802,427.8988653120833,469.21977900837237,607.8722484464322,0.23826781941132907,0.009166666666666667,0.007743923611111111,0.2551784096891068,2.3048215903108935,0.9202567469721541,495.85096435546876,0.0,0.0,495.85096435546876,623.5509643554688,4559.041863348241,326.6978454589844,30.0,637.8988653120832,0.0,1,P0002_M020_G02,P0002_M020_G02,P0002,M020,5549.483190277427,5574.826940277427,25.34375,2.873637210031802,0.0
E52_0fa03b8d9ed736d48919c1b7,3.29833569112742,11.555158541579928,3.29833569112742,469.53189880990186,510.00510285042924,696.2245733766397,0.2655870342753843,0.009166666666666667,0.007743923611111111,0.2824976245531621,2.277502375446838,0.9117194923271369,485.67844848632814,0.0,0.0,485.67844848632814,613.3784484863281,5221.684300324798,325.1297912597656,30.0,679.5318988099018,0.0,1,P0002_M020_G02,P0002_M020_G02,P0002,M020,5549.483190277427,5574.826940277427,25.34375,3.29833569112742,0.0
E52_12b142f00e8cb4e3948f96c2,3.4142151378498227,12.991659521749298,3.4142151378498227,402.5936730780369,438.4739485500421,589.9056933240425,0.22672373828986628,0.009166666666666667,0.007743923611111111,0.24363432856764405,2.3163656714323566,0.9238642723226113,430.5633056640625,0.0,0.0,430.5633056640625,558.2633056640625,4424.292699930319,284.7546081542969,30.0,612.5936730780369,0.0,1,P0002_M020_G02,P0002_M020_G02,P0002,M020,5549.483190277427,5574.826940277427,25.34375,3.4142151378498227,0.0
E52_189eb019491ad876aa165071,6.054577679861907,3.8094716871601975,3.8094716871601975,403.09916814168594,448.35288467407526,534.676037089036,0.21908171065325852,0.009166666666666667,0.007743923611111111,0.2359923009310363,2.3240076990689644,0.9262524059590511,543.0445983886718,0.0,0.0,543.0445983886718,670.7445983886719,4010.07027816777,391.87322998046875,30.0,613.0991681416859,0.0,1,P0002_M020_G02,P0002_M020_G02,P0002,M020,5549.483190277427,5574.826940277427,25.34375,3.8094716871601975,0.0
E52_1eac4bbcd37cec5d48241661,7.548491426443135,6.04580255430777,6.04580255430777,275.66392246828667,298.30930922772677,415.4555243799327,0.1568759382441215,0.009166666666666667,0.007743923611111111,0.17378652852189927,2.386213471478101,0.9456917098369064,271.74464111328126,0.0,0.0,271.74464111328126,399.44464111328125,3115.9164328494953,326.2397766113281,30.0,485.66392246828667,0.0,1,P0002_M020_G02,P0002_M020_G02,P0002,M020,5549.483190277427,5574.826940277427,25.34375,6.04580255430777,0.0
E52_1ef47ef68c1879e18ddbb164,7.543739037505205,9.684707827919368,7.543739037505205,525.9457118932837,556.9823492630754,865.6715995678175,0.30964781577290457,0.009166666666666667,0.007743923611111111,0.3265584060506823,2.233441593949318,0.8979504981091617,372.4396484375,0.0,0.0,372.4396484375,500.1396484375,6492.536996758631,304.7821350097656,30.0,735.9457118932837,0.0,1,P0002_M020_G02,P0002_M020_G02,P0002,M020,5549.483190277427,5574.826940277427,25.34375,7.543739037505205,0.0
E52_215ef380a7eb56a6f7d09ab1,14.360538860042567,12.440860913671315,12.440860913671315,437.2780853288336,478.35957590907447,628.0672271762219,0.2444635461376352,0.009166666666666667,0.007743923611111111,0.26137413641541296,2.2986258635845873,0.9183205823701834,492.97788696289064,0.0,0.0,492.97788696289064,620.6778869628906,4710.504203821664,324.9881591796875,30.0,647.2780853288336,0.0,1,P0002_M020_G02,P0002_M020_G02,P0002,M020,5549.483190277427,5574.826940277427,25.34375,12.440860913671315,0.0
E52_231555d7070bcf1a0911e332,7.500004230828054,5.981962334569488,5.981962334569488,303.4113952968874,335.0249979987103,417.14117438283733,0.1669828432889251,0.009166666666666667,0.007743923611111111,0.18389343356670287,2.3761065664332977,0.9425333020104053,379.363232421875,0.0,0.0,379.363232421875,507.063232421875,3128.55880787128,326.2397766113281,30.0,513.4113952968873,0.0,1,P0002_M020_G02,P0002_M020_G02,P0002,M020,5549.483190277427,5574.826940277427,25.34375,5.981962334569488,0.0
E52_231de36c6439da832299e30f,3.50441391427195,16.451156269229884,3.50441391427195,336.2639482811268,383.1573412254627,391.1675388962379,0.1749881335365896,0.009166666666666667,0.007743923611111111,0.19189872381436737,2.3681012761856333,0.9400316488080102,562.7207153320312,0.0,0.0,562.7207153320312,690.4207153320312,2933.7565417217843,390.42071533203125,30.0,546.2639482811268,0.0,1,P0002_M020_G02,P0002_M020_G02,P0002,M020,5549.483190277427,5574.826940277427,25.34375,3.50441391427195,0.0
E52_246111a1ef063bec9e89ec9e,3.4769973176571796,13.03223549741864,3.4769973176571796,413.11352328410356,453.07003166626504,586.4879962752384,0.22998101771643822,0.009166666666666667,0.007743923611111111,0.246891607994216,2.3131083920057844,0.9228463725018075,479.4781005859375,0.0,0.0,479.4781005859375,607.1781005859375,4398.659972064288,469.28277587890625,30.0,623.1135232841036,0.0,1,P0002_M020_G02,P0002_M020_G02,P0002,M020,5549.483190277427,5574.826940277427,25.34375,3.4769973176571796,0.0
E52_24cc4f01335372459fb4c2ba,13.47461249886986,12.909161020133865,12.909161020133865,410.2633482290822,447.7953418407359,595.3347347882426,0.23022027843265847,0.009166666666666667,0.007743923611111111,0.24713086871043624,2.312869131289564,0.9227716035279887,450.38392333984376,0.0,0.0,450.38392333984376,578.0839233398438,4465.010510911819,278.08392333984375,30.0,620.2633482290822,0.0,1,P0002_M020_G02,P0002_M020_G02,P0002,M020,5549.483190277427,5574.826940277427,25.34375,12.909161020133865,0.0
E52_27bf01e9e990859ae5993708,7.517621416369622,15.932490639468014,7.517621416369622,318.6138217216496,355.0514931287134,418.60161500091635,0.17259630304263499,0.009166666666666667,0.007743923611111111,0.18950689332041276,2.3704931066795876,0.940779095837371,437.25205688476564,0.0,0.0,437.25205688476564,564.9520568847656,3139.5121125068727,326.2397766113281,30.0,528.6138217216496,0.0,1,P0002_M020_G02,P0002_M020_G02,P0002,M020,5549.483190277427,5574.826940277427,25.34375,7.517621416369622,0.0
E52_27bf1882d0e1a812c8450c72,6.472644594064249,16.18675851321828,6.472644594064249,334.03154784809436,377.9609795090644,404.48650573036844,0.17608047258726683,0.009166666666666667,0.007743923611111111,0.1929910628650446,2.367008937134956,0.9396902928546735,527.1531799316406,0.0,0.0,527.1531799316406,654.8531799316406,3033.648792977763,364.9013671875,30.0,544.0315478480943,0.0,1,P0002_M020_G02,P0002_M020_G02,P0002,M020,5549.483190277427,5574.826940277427,25.34375,6.472644594064249,0.0
E52_29c9aa5399273a7ee24bceb6,3.6030128485816135,11.583777919859742,3.6030128485816135,451.9321692173844,486.7995103225277,694.6602918039094,0.2591062855773863,0.009166666666666667,0.007743923611111111,0.27601687585516405,2.2839831241448363,0.9137447262952613,418.40809326171876,0.0,0.0,418.40809326171876,546.1080932617188,5209.952188529321,322.9142761230469,30.0,661.9321692173844,0.0,1,P0002_M020_G02,P0002_M020_G02,P0002,M020,5549.483190277427,5574.826940277427,25.34375,3.6030128485816135,0.0
E52_2cea01313b8862fcfb6b2e63,12.34170297016098,16.460055432828085,12.34170297016098,259.5957489704318,280.08528245838755,396.2542970131293,0.148442074342722,0.009166666666666667,0.007743923611111111,0.16535266462049977,2.3946473353795006,0.9483272923060938,245.87440185546876,0.0,0.0,245.87440185546876,373.57440185546875,2971.90722759847,231.8917236328125,30.0,469.5957489704318,0.0,1,P0002_M020_G02,P0002_M020_G02,P0002,M020,5549.483190277427,5574.826940277427,25.34375,12.34170297016098,0.0
E52_2d7a36258a59c18fc6a856bf,6.935583877115505,16.662039037059316,6.935583877115505,318.72117968179435,361.17160743651436,382.73979283526836,0.16755561647288383,0.009166666666666667,0.007743923611111111,0.1844662067506616,2.375533793249339,0.9423543103904183,509.40513305664064,0.0,0.0,509.40513305664064,637.1051330566406,2870.5484462645127,346.4301452636719,30.0,528.7211796817944,0.0,1,P0002_M020_G02,P0002_M020_G02,P0002,M020,5549.483190277427,5574.826940277427,25.34375,6.935583877115505,0.0
E52_2dadfb43d7dd9558e21effa9,12.816334298291238,12.85982438864363,12.816334298291238,396.07517918576866,428.1792069974549,599.5261915014202,0.22576797164618329,0.009166666666666667,0.007743923611111111,0.24267856192396106,2.3173214380760396,0.9241629493987622,385.2483337402344,0.0,0.0,385.2483337402344,512.9483337402344,4496.446436260651,251.37640380859375,30.0,606.0751791857687,0.0,1,P0002_M020_G02,P0002_M020_G02,P0002,M020,5549.483190277427,5574.826940277427,25.34375,12.816334298291238,0.0
E52_2e64690809088e2a96fb2160,7.239637971391659,9.500767968691491,7.239637971391659,523.7789293194231,550.945126524013,884.5606754113072,0.31155234822715455,0.009166666666666667,0.007743923611111111,0.3284629385049323,2.231537061495068,0.8973553317172087,325.99436645507814,0.0,0.0,325.99436645507814,453.6943664550781,6634.205065584804,329.6845703125,30.0,733.7789293194231,0.0,1,P0002_M020_G02,P0002_M020_G02,P0002,M020,5549.483190277427,5574.826940277427,25.34375,7.239637971391659,0.0
E52_30110e5b3ae38ecfab28ace2,4.669452319418056,10.05954008012911,4.669452319418056,514.4106891471403,547.7506496268766,828.7816154158626,0.30032099335417484,0.009166666666666667,0.007743923611111111,0.3172315836319526,2.242768416368048,0.9008651301150148,400.07952575683595,0.0,0.0,400.07952575683595,527.7795257568359,6215.862115618969,313.0162353515625,30.0,724.4106891471403,0.0,1,P0002_M020_G02,P0002_M020_G02,P0002,M020,5549.483190277427,5574.826940277427,25.34375,4.669452319418056,0.0
E52_326bd9096774308657b14836,7.147851940708918,6.820761438549596,6.820761438549596,254.20783025924425,275.6237299174474,379.92026256926977,0.1442126230476059,0.009166666666666667,0.007743923611111111,0.16112321332538368,2.398876786674617,0.9496489958358176,256.9907958984375,0.0,0.0,256.9907958984375,384.6907958984375,2849.4019692695233,334.6907958984375,30.0,464.20783025924425,0.0,1,P0002_M020_G02,P0002_M020_G02,P0002,M020,5549.483190277427,5574.826940277427,25.34375,6.820761438549596,0.0
E52_32cd7932ac3bc8f6e82bd016,2.6687092194031976,12.531399030736651,2.6687092194031976,433.33722088021847,474.19552115284216,621.5246401246948,0.24213542524196421,0.009166666666666667,0.007743923611111111,0.259046015519742,2.3009539844802585,0.9190481201500806,490.2996032714844,0.0,0.0,490.2996032714844,617.9996032714844,4661.434800935211,324.9372863769531,30.0,643.3372208802184,0.0,1,P0002_M020_G02,P0002_M020_G02,P0002,M020,5549.483190277427,5574.826940277427,25.34375,2.6687092194031976,0.0
E52_3322673a66874be8fb5ff9e0,3.095411405615792,12.93559360833251,3.095411405615792,392.2739001975914,423.9757012433271,594.3369941207687,0.2236811646950203,0.009166666666666667,0.007743923611111111,0.24059175497279808,2.319408245027202,0.9248150765710006,380.42161254882814,0.0,0.0,380.42161254882814,508.1216125488281,4457.527455905765,308.1216125488281,30.0,602.2739001975914,0.0,1,P0002_M020_G02,P0002_M020_G02,P0002,M020,5549.483190277427,5574.826940277427,25.34375,3.095411405615792,0.0
E52_357bbbd4dc4420221c875ea3,10.658129664338901,12.241245229232817,10.658129664338901,405.4327582223269,433.1514265878055,644.5535062517828,0.23547283792056264,0.009166666666666667,0.007743923611111111,0.2523834281983404,2.30761657180166,0.9211301786880186,332.6240203857422,0.0,0.0,332.6240203857422,460.3240203857422,4834.151296888371,255.67149353027344,30.0,615.4327582223269,0.0,1,P0002_M020_G02,P0002_M020_G02,P0002,M020,5549.483190277427,5574.826940277427,25.34375,10.658129664338901,0.0
E52_3875f0f2b8e39572338b498b,14.736255898707569,12.654831201135607,12.654831201135607,430.443023323014,471.8276755243487,612.5781334380202,0.23983909257274777,0.009166666666666667,0.007743923611111111,0.2567496828505255,2.303250317149475,0.9197657241092108,496.61582641601564,0.0,0.0,496.61582641601564,624.3158264160156,4594.336000785152,324.3158264160156,30.0,640.443023323014,0.0,1,P0002_M020_G02,P0002_M020_G02,P0002,M020,5549.483190277427,5574.826940277427,25.34375,12.654831201135607,0.0
E52_3a94b6482baa2cfaba8a857d,6.7057964227642515,16.425448776817632,6.7057964227642515,326.01303055755295,369.111023518165,393.4381033514341,0.17166403726355467,0.009166666666666667,0.007743923611111111,0.18857462754133245,2.3714253724586682,0.9410704288933336,517.1759155273437,0.0,0.0,517.1759155273437,644.8759155273438,2950.785775135756,352.4370422363281,30.0,536.013030557553,0.0,1,P0002_M020_G02,P0002_M020_G02,P0002,M020,5549.483190277427,5574.826940277427,25.34375,6.7057964227642515,0.0
E52_413d3eff5d481ef66f8d3068,7.21894448027939,9.493762996477216,7.21894448027939,548.7789293194231,584.2784598573463,884.5606754113072,0.3204434082194385,0.009166666666666667,0.007743923611111111,0.33735399849721626,2.2226460015027842,0.89457687546962,425.99436645507814,0.0,0.0,425.99436645507814,553.6943664550781,6634.205065584804,329.6845703125,30.0,758.7789293194231,0.0,1,P0002_M020_G02,P0002_M020_G02,P0002,M020,5549.483190277427,5574.826940277427,25.34375,7.21894448027939,0.0
E52_437c6a333219b14c3939f26c,7.519737265837975,6.0194831627628105,6.0194831627628105,277.09771274073506,296.211315442558,417.14117438283733,0.1570562493971614,0.009166666666666667,0.007743923611111111,0.17396683967493917,2.3860331603250615,0.9456353626015815,248.53977661132814,19.176544189453125,19.176544189453125,248.53977661132814,376.2397766113281,3128.55880787128,326.2397766113281,30.0,487.09771274073506,0.0,1,P0002_M020_G02,P0002_M020_G02,P0002,M020,5549.483190277427,5574.826940277427,25.34375,6.0194831627628105,0.0
E52_44ed69e1d99dc074a7941a18,9.284254303232913,8.900383690419545,8.900383690419545,188.27556058823757,199.0276355292369,299.7078152072368,0.1090911242968749,0.009166666666666667,0.007743923611111111,0.12600171457465267,2.4339982854253477,0.960624464195421,139.59420471191407,10.569305419921875,10.569305419921875,139.59420471191407,267.29420471191406,2247.808614054276,217.29420471191406,30.0,398.27556058823757,0.0,1,P0002_M020_G02,P0002_M020_G02,P0002,M020,5549.483190277427,5574.826940277427,25.34375,8.900383690419545,0.0
E52_4513f74e4ba51c209cccc792,1.950628311568579,9.790974506635663,1.950628311568579,548.6050089915749,589.1156759023821,854.1460165183059,0.3160741321008959,0.009166666666666667,0.007743923611111111,0.33298472237867366,2.227015277621327,0.8959422742566645,486.1280029296875,0.0,0.0,486.1280029296875,613.8280029296875,6406.095123887295,391.8226318359375,30.0,758.6050089915749,0.0,1,P0002_M020_G02,P0002_M020_G02,P0002,M020,5549.483190277427,5574.826940277427,25.34375,1.950628311568579,0.0
E52_47db2d0d55c92154c779a4c9,5.907984145179782,16.45726286038159,5.907984145179782,312.62709924858126,351.3219092257948,393.08533863388124,0.16685347284684848,0.009166666666666667,0.007743923611111111,0.18376406312462626,2.376235936875374,0.9425737302735543,464.3377197265625,0.0,0.0,464.3377197265625,592.0377197265625,2948.1400397541092,295.61395263671875,30.0,522.6270992485813,0.0,1,P0002_M020_G02,P0002_M020_G02,P0002,M020,5549.483190277427,5574.826940277427,25.34375,5.907984145179782,0.0
E52_4cf0fac9feb721651efb2830,10.35199943590726,17.82597875173802,10.35199943590726,242.69354898018014,267.32891198677197,337.5749199208095,0.13412057160327687,0.009166666666666667,0.007743923611111111,0.15103116188105464,2.408968838118946,0.9528027619121704,295.6243560791016,0.0,0.0,295.6243560791016,423.32435607910156,2531.8118994060715,217.31182861328125,30.0,452.69354898018014,0.0,1,P0002_M020_G02,P0002_M020_G02,P0002,M020,5549.483190277427,5574.826940277427,25.34375,10.35199943590726,0.0
E52_4d215302190bc5bfb29bf912,5.470720314800332,16.37371485667674,5.470720314800332,307.50969179304633,343.7570581260541,397.53518558804575,0.1656637075427803,0.009166666666666667,0.007743923611111111,0.18257429782055806,2.3774257021794423,0.9429455319310756,434.96839599609376,0.0,0.0,434.96839599609376,562.6683959960938,2981.5138919103433,336.56707763671875,30.0,517.5096917930464,0.0,1,P0002_M020_G02,P0002_M020_G02,P0002,M020,5549.483190277427,5574.826940277427,25.34375,5.470720314800332,0.0
E52_50c718ca7f326f764494c89d,17.91678217112451,13.080943299176411,13.080943299176411,350.85355156655817,370.1881015340061,585.6998033284289,0.20772710552759727,0.009166666666666667,0.007743923611111111,0.22463769580537504,2.3353623041946254,0.9298007200608203,232.014599609375,0.0,0.0,232.014599609375,359.714599609375,4392.748524963216,275.29461669921875,30.0,560.8535515665582,0.0,1,P0002_M020_G02,P0002_M020_G02,P0002,M020,5549.483190277427,5574.826940277427,25.34375,13.080943299176411,0.0
E52_515a3b7c8d98426ee13f2b4e,11.519011600226605,17.07508762021844,11.519011600226605,242.68536134104386,262.0561394884234,369.14605379781034,0.13858886614696947,0.009166666666666667,0.007743923611111111,0.15549945642474725,2.4045005435752533,0.9514064198672665,232.4493377685547,0.0,0.0,232.4493377685547,360.1493377685547,2768.5954034835777,210.1493377685547,30.0,452.68536134104386,0.0,1,P0002_M020_G02,P0002_M020_G02,P0002,M020,5549.483190277427,5574.826940277427,25.34375,11.519011600226605,0.0
E52_575c4f100493de938643a13d,1.1697096845968673,2.099203328999508,1.1697096845968673,470.05405043895155,518.0123847895375,652.3580947743875,0.259560220504969,0.009166666666666667,0.007743923611111111,0.27647081078274677,2.2835291892172536,0.9136028716303917,575.5000122070312,0.0,0.0,575.5000122070312,703.2000122070312,4892.685710807907,437.3766174316406,30.0,680.0540504389515,0.0,1,P0002_M020_G02,P0002_M020_G02,P0002,M020,5549.483190277427,5574.826940277427,25.34375,1.1697096845968673,0.0
E52_60b0dc656c777ee2cc2279b1,2.4607630378845897,0.21315146591224732,0.21315146591224732,563.4362729251038,615.9641949832094,811.705013501575,0.3153381258454166,0.009166666666666667,0.007743923611111111,0.33224871612319434,2.227751283876806,0.8961722762115018,630.3350646972656,0.0,0.0,630.3350646972656,758.0350646972656,6087.787601261813,495.9024353027344,30.0,773.4362729251038,0.0,1,P0002_M020_G02,P0002_M020_G02,P0002,M020,5549.483190277427,5574.826940277427,25.34375,0.21315146591224732,0.0
E52_60b76d98beea93305f35c25d,11.690932902141967,16.79058398580294,11.690932902141967,271.8613885249859,299.0873836523459,380.3668062858116,0.15055421784231732,0.009166666666666667,0.007743923611111111,0.1674648081200951,2.3925351918799054,0.9476672474624703,326.7119415283203,0.0,0.0,326.7119415283203,454.4119415283203,2852.751047143587,241.2421875,30.0,481.8613885249859,0.0,1,P0002_M020_G02,P0002_M020_G02,P0002,M020,5549.483190277427,5574.826940277427,25.34375,11.690932902141967,0.0
E52_67646c2afbeb5602853e5a9c,3.0907568503145626,12.927232110573698,3.0907568503145626,404.7739001975914,440.6423679099937,594.3369941207687,0.22812669469116229,0.009166666666666667,0.007743923611111111,0.24503728496894006,2.3149627150310605,0.9234258484472062,430.42161254882814,0.0,0.0,430.42161254882814,558.1216125488281,4457.527455905765,308.1216125488281,30.0,614.7739001975914,0.0,1,P0002_M020_G02,P0002_M020_G02,P0002,M020,5549.483190277427,5574.826940277427,25.34375,3.0907568503145626,0.0
E52_68694062ed2e2e792aeb51a9,8.389495434548792,17.695890544520793,8.389495434548792,262.3147609906027,292.8212075746684,341.5908424768108,0.1416674545099547,0.009166666666666667,0.007743923611111111,0.15857804478773246,2.401421955212268,0.9504443610038336,366.0773590087891,0.0,0.0,366.0773590087891,493.77735900878906,2561.931318576081,213.8477783203125,30.0,472.3147609906027,0.0,1,P0002_M020_G02,P0002_M020_G02,P0002,M020,5549.483190277427,5574.826940277427,25.34375,8.389495434548792,0.0
E52_6aa461eda22a4c53e6730e81,7.021560018337183,6.478254834226846,6.478254834226846,265.89885796308323,288.44260847170955,395.1560268799425,0.15049315106948455,0.009166666666666667,0.007743923611111111,0.16740374134726232,2.392596258652738,0.9476863308289806,271.70716552734376,1.182159423828125,1.182159423828125,271.70716552734376,399.40716552734375,2963.670201599569,349.40716552734375,30.0,475.89885796308323,0.0,1,P0002_M020_G02,P0002_M020_G02,P0002,M020,5549.483190277427,5574.826940277427,25.34375,6.478254834226846,0.0
E52_6dc095df8eb6475486134b5c,3.596605467830045,12.905188948092743,3.596605467830045,424.06014837873875,466.2734748964797,594.8403376510322,0.23505698741925235,0.009166666666666667,0.007743923611111111,0.2519675776970301,2.3080324223029702,0.921260131969678,506.55991821289064,0.0,0.0,506.55991821289064,634.2599182128906,4461.302532382741,440.2059631347656,30.0,634.0601483787387,0.0,1,P0002_M020_G02,P0002_M020_G02,P0002,M020,5549.483190277427,5574.826940277427,25.34375,3.596605467830045,0.0
E52_73baea82bbbffa2db9d7426a,7.832693074334145,5.711384152670419,5.711384152670419,297.3854850658978,324.64222792478455,431.2305129784753,0.16683515196021612,0.009166666666666667,0.007743923611111111,0.1837457422379939,2.3762542577620067,0.9425794555506269,327.08091430664064,0.0,0.0,327.08091430664064,454.7809143066406,3234.2288473385647,335.390380859375,30.0,507.3854850658978,0.0,1,P0002_M020_G02,P0002_M020_G02,P0002,M020,5549.483190277427,5574.826940277427,25.34375,5.711384152670419,0.0
E52_74b3fb0a4920873efc33101b,5.936601267744862,6.525083879148042,5.936601267744862,262.62709924858126,284.6552425591281,393.08533863388124,0.14907135286228057,0.009166666666666667,0.007743923611111111,0.16598194314005835,2.394018056859942,0.9481306427687317,264.3377197265625,0.0,0.0,264.3377197265625,392.0377197265625,2948.1400397541092,295.61395263671875,30.0,472.62709924858126,0.0,1,P0002_M020_G02,P0002_M020_G02,P0002,M020,5549.483190277427,5574.826940277427,25.34375,5.936601267744862,0.0
E52_7547086a1218012670f76a62,11.96283137197868,2.277872015791573,2.277872015791573,375.1797445493145,391.65409045589,642.7455049270795,0.22423479709031385,0.009166666666666667,0.007743923611111111,0.24114538736809163,2.3188546126319087,0.9246420664474714,205.20750122070314,7.515350341796875,7.515350341796875,205.20750122070314,332.9075012207031,4820.591286953097,282.9075012207031,30.0,585.1797445493145,0.0,1,P0002_M020_G02,P0002_M020_G02,P0002,M020,5549.483190277427,5574.826940277427,25.34375,2.277872015791573,0.0
E52_76b4f0bdabd1ccab126282dd,11.123808102642414,17.180198899819032,11.123808102642414,244.7670432960008,265.6078646257534,364.489158613486,0.13866967590706417,0.009166666666666667,0.007743923611111111,0.15558026618484194,2.4044197338151587,0.951381166817237,250.08985595703126,0.0,0.0,250.08985595703126,377.78985595703125,2733.6686896011447,241.2421875,30.0,454.7670432960008,0.0,1,P0002_M020_G02,P0002_M020_G02,P0002,M020,5549.483190277427,5574.826940277427,25.34375,11.123808102642414,0.0
E52_7dc5542bb1ad046741692f59,8.316743080800308,15.630401191468053,8.316743080800308,333.52010664670297,372.50493279823297,433.1312563842263,0.17995534493942492,0.009166666666666667,0.007743923611111111,0.1968659352172027,2.363134064782798,0.9384793952446242,467.8179138183594,0.0,0.0,467.8179138183594,595.5179138183594,3248.484422881697,322.1230773925781,30.0,543.520106646703,0.0,1,P0002_M020_G02,P0002_M020_G02,P0002,M020,5549.483190277427,5574.826940277427,25.34375,8.316743080800308,0.0
E52_7e5f4a4eaf9aa5b10576997a,12.908023267722797,13.086620585622072,12.908023267722797,384.11958913832314,414.7999833745699,584.1568128591658,0.21933939564120059,0.009166666666666667,0.007743923611111111,0.23624998591897836,2.323750014081022,0.9261718794003193,368.16473083496095,0.0,0.0,368.16473083496095,495.86473083496094,4381.1760964437435,251.37640380859375,30.0,594.1195891383231,0.0,1,P0002_M020_G02,P0002_M020_G02,P0002,M020,5549.483190277427,5574.826940277427,25.34375,12.908023267722797,0.0
E52_82c821a5773d0bfbe554f10a,8.076334561991871,11.397135806608844,8.076334561991871,512.9354114719376,566.0737563002253,707.0407539741487,0.2825549862639304,0.009166666666666667,0.007743923611111111,0.29946557654170813,2.2605344234582923,0.9064170073307162,637.6601379394531,0.0,0.0,637.6601379394531,765.3601379394531,5302.805654806116,465.3601379394531,30.0,722.9354114719376,0.0,1,P0002_M020_G02,P0002_M020_G02,P0002,M020,5549.483190277427,5574.826940277427,25.34375,8.076334561991871,0.0
E52_831cee7e7a3a549796e42b18,7.93717836970535,10.042846261792022,7.93717836970535,524.445203057942,560.9167693217765,830.061008532876,0.3040708837654974,0.009166666666666667,0.007743923611111111,0.32098147404327515,2.2390185259567255,0.8996932893614765,437.65879516601564,0.0,0.0,437.65879516601564,565.3587951660156,6225.457563996571,359.5916748046875,30.0,734.445203057942,0.0,1,P0002_M020_G02,P0002_M020_G02,P0002,M020,5549.483190277427,5574.826940277427,25.34375,7.93717836970535,0.0
E52_88c1c7aba1fcf94c58dad20e,7.230738210999036,9.497510042154289,7.230738210999036,536.2789293194231,567.6117931906797,884.5606754113072,0.3159978782232965,0.009166666666666667,0.007743923611111111,0.33290846850107425,2.2270915314989264,0.8959661035934143,375.99436645507814,0.0,0.0,375.99436645507814,503.6943664550781,6634.205065584804,329.6845703125,30.0,746.2789293194231,0.0,1,P0002_M020_G02,P0002_M020_G02,P0002,M020,5549.483190277427,5574.826940277427,25.34375,7.230738210999036,0.0
E52_8ca7795ffa642a3b129c0a3d,7.796554180201426,15.730152054416479,7.796554180201426,330.94608252023,369.9122522589995,428.0951466078428,0.17832668261553564,0.009166666666666667,0.007743923611111111,0.1952372728933134,2.364762727106687,0.9389883522208395,467.5940368652344,0.0,0.0,467.5940368652344,595.2940368652344,3210.713599558821,335.390380859375,30.0,540.94608252023,0.0,1,P0002_M020_G02,P0002_M020_G02,P0002,M020,5549.483190277427,5574.826940277427,25.34375,7.796554180201426,0.0
E52_8d375985c45fff9288668cb3,3.153905041553898,16.222123863058812,3.153905041553898,353.99602207193686,405.21742048909175,400.663653640944,0.182639281392285,0.009166666666666667,0.007743923611111111,0.19954987167006277,2.360450128329938,0.9376406651031054,614.6567810058593,0.0,0.0,614.6567810058593,742.3567810058594,3004.97740230708,442.3567810058594,30.0,563.9960220719369,0.0,1,P0002_M020_G02,P0002_M020_G02,P0002,M020,5549.483190277427,5574.826940277427,25.34375,3.153905041553898,0.0
E52_9026ce0d2a5dd9a75ef73c8e,6.075477760754225,6.720084116703532,6.075477760754225,248.6739065082912,267.42831222931983,384.70630707582717,0.14291941710941022,0.009166666666666667,0.007743923611111111,0.159830007387188,2.4001699926128124,0.9500531226915038,225.15150146484376,0.0986328125,0.0986328125,225.15150146484376,352.85150146484375,2885.297303068704,302.85150146484375,30.0,458.6739065082912,0.0,1,P0002_M020_G02,P0002_M020_G02,P0002,M020,5549.483190277427,5574.826940277427,25.34375,6.075477760754225,0.0
E52_924cec2d58c933358893a332,11.185335415352327,12.302862284422105,11.185335415352327,416.670444788364,448.9844576972996,639.4568121231148,0.23874762537865796,0.009166666666666667,0.007743923611111111,0.2556582156564357,2.3043417843435647,0.9201068076073639,387.7681549072266,0.0,0.0,387.7681549072266,515.4681549072266,4795.926090923361,252.644287109375,30.0,626.670444788364,0.0,1,P0002_M020_G02,P0002_M020_G02,P0002,M020,5549.483190277427,5574.826940277427,25.34375,11.185335415352327,0.0
E52_96da4f081c74d8211b4b244f,12.159875584940124,12.47027426673894,12.159875584940124,406.4445801679392,437.368205859671,627.3474061854878,0.23339590098708082,0.009166666666666667,0.007743923611111111,0.2503064912648586,2.309693508735142,0.9217792214797317,371.08350830078126,0.0,0.0,371.08350830078126,498.78350830078125,4705.105546391158,251.37640380859375,30.0,616.4445801679392,0.0,1,P0002_M020_G02,P0002_M020_G02,P0002,M020,5549.483190277427,5574.826940277427,25.34375,12.159875584940124,0.0
E52_a1af1f4ab7d520e82e20be53,3.4779273932721537,0.45430012492889205,0.45430012492889205,547.7224457312177,598.7128286250978,789.5025940991541,0.30660524396013417,0.009166666666666667,0.007743923611111111,0.3235158342379119,2.2364841657620884,0.8989013018006525,611.8845947265625,0.0,0.0,611.8845947265625,739.5845947265625,5921.269455743655,499.0620422363281,30.0,757.7224457312177,0.0,1,P0002_M020_G02,P0002_M020_G02,P0002,M020,5549.483190277427,5574.826940277427,25.34375,0.45430012492889205,0.0
E52_a3836b1674b2d70f748125c1,9.765949730206827,18.388582284998307,9.765949730206827,238.77143733771516,265.74771093797557,315.68523307386783,0.1296256139323784,0.009166666666666667,0.007743923611111111,0.14653620421015617,2.4134637957898444,0.9542074361843262,323.715283203125,0.0,0.0,323.715283203125,451.415283203125,2367.639248054009,217.29420471191406,30.0,448.77143733771516,0.0,1,P0002_M020_G02,P0002_M020_G02,P0002,M020,5549.483190277427,5574.826940277427,25.34375,9.765949730206827,0.0
E52_a77602565c04dca5831f9b7a,7.947997080954906,15.758600383852013,7.947997080954906,295.3505394617105,322.31471665694164,428.9160157520343,0.16578365241547813,0.009166666666666667,0.007743923611111111,0.1826942426932559,2.3773057573067446,0.9429080491583576,323.57012634277345,0.0,0.0,323.57012634277345,451.27012634277344,3216.870118140257,284.58648681640625,30.0,505.3505394617105,0.0,1,P0002_M020_G02,P0002_M020_G02,P0002,M020,5549.483190277427,5574.826940277427,25.34375,7.947997080954906,0.0
E52_aaa387ee3ee3170bd804334d,1.3459407008671889,18.409477866986336,1.3459407008671889,263.5215778829557,299.2286101502083,312.8009621623957,0.13801933350380158,0.009166666666666667,0.007743923611111111,0.15492992378157935,2.405070076218421,0.9515843988182564,428.48438720703126,0.0,0.0,428.48438720703126,556.1843872070312,2346.0072162179677,386.9435729980469,30.0,473.5215778829557,0.0,1,P0002_M020_G02,P0002_M020_G02,P0002,M020,5549.483190277427,5574.826940277427,25.34375,1.3459407008671889,0.0
E52_afb1e3673ff3adbe9c45b8fc,5.815778889143985,6.956106286850726,5.815778889143985,250.21040235058808,271.27175132926646,374.0527108291059,0.1419599864782851,0.009166666666666667,0.007743923611111111,0.15887057675606286,2.4011294232439377,0.9503529447637303,252.73618774414064,0.0,0.0,252.73618774414064,380.4361877441406,2805.395331218294,291.6474609375,30.0,460.2104023505881,0.0,1,P0002_M020_G02,P0002_M020_G02,P0002,M020,5549.483190277427,5574.826940277427,25.34375,5.815778889143985,0.0
E52_b4122a9095172602242b40e3,3.0849833687281887,12.917805218005896,3.0849833687281887,417.2739001975914,457.30903457666045,594.3369941207687,0.23257222468730426,0.009166666666666667,0.007743923611111111,0.24948281496508204,2.3105171850349184,0.9220366203234118,480.42161254882814,0.0,0.0,480.42161254882814,608.1216125488281,4457.527455905765,308.1216125488281,30.0,627.2739001975914,0.0,1,P0002_M020_G02,P0002_M020_G02,P0002,M020,5549.483190277427,5574.826940277427,25.34375,3.0849833687281887,0.0
E52_b45db00398315637fb020e5f,1.3901469754991922,10.742298629097064,1.3901469754991922,520.0993036420956,566.0861185224667,764.2777180019647,0.2932088546230577,0.009166666666666667,0.007743923611111111,0.31011944490083543,2.249880555099165,0.903087673468489,551.8417785644531,0.0,0.0,551.8417785644531,679.5417785644531,5732.082885014735,386.71868896484375,30.0,730.0993036420956,0.0,1,P0002_M020_G02,P0002_M020_G02,P0002,M020,5549.483190277427,5574.826940277427,25.34375,1.3901469754991922,0.0
E52_b544b4d7beda1d6ed7fbeefb,7.6241297585270615,16.252686834440453,7.6241297585270615,293.91354735972715,324.49113296153376,404.3615811086144,0.16179511839250177,0.009166666666666667,0.007743923611111111,0.17870570867027954,2.381294291329721,0.9441544660405377,366.9310272216797,0.0,0.0,366.9310272216797,494.6310272216797,3032.711858314608,277.91845703125,30.0,503.91354735972715,0.0,1,P0002_M020_G02,P0002_M020_G02,P0002,M020,5549.483190277427,5574.826940277427,25.34375,7.6241297585270615,0.0
E52_b60e4d2a4cdcd5801a5d757f,7.415295858813053,16.480566458341656,7.415295858813053,308.26023760270465,345.626388522301,392.32356968783114,0.16519254750221457,0.009166666666666667,0.007743923611111111,0.18210313777999235,2.377896862220008,0.9430927694437524,448.39381103515626,0.0,0.0,448.39381103515626,576.0938110351562,2942.4267726587336,326.2397766113281,30.0,518.2602376027046,0.0,1,P0002_M020_G02,P0002_M020_G02,P0002,M020,5549.483190277427,5574.826940277427,25.34375,7.415295858813053,0.0
E52_b677873645e212a13901ede2,1.3469106127905661,9.230718628911887,1.3469106127905661,575.9444140089429,616.0268887810784,911.3939793850733,0.3339048259552679,0.009166666666666667,0.007743923611111111,0.35081541623304563,2.209184583766955,0.8903701824271733,480.989697265625,0.0,0.0,480.989697265625,608.689697265625,6835.45484538805,390.98822021484375,30.0,785.9444140089429,0.0,1,P0002_M020_G02,P0002_M020_G02,P0002,M020,5549.483190277427,5574.826940277427,25.34375,1.3469106127905661,0.0
E52_b6789310c1ab16898a769b78,16.57965209030472,2.625622464396969,2.625622464396969,372.38145547243056,389.4038741939475,617.4514627840539,0.21924054354678854,0.009166666666666667,0.007743923611111111,0.23615113382456632,2.3238488661754344,0.926202770679823,225.84925537109376,21.580230712890625,21.580230712890625,225.84925537109376,353.54925537109375,4630.885970880404,303.54925537109375,30.0,582.3814554724306,0.0,1,P0002_M020_G02,P0002_M020_G02,P0002,M020,5549.483190277427,5574.826940277427,25.34375,2.625622464396969,0.0
E52_b7c433bb400c5a28313b13f0,7.924782774434846,16.00220965111248,7.924782774434846,270.63016208552887,291.2047849391259,417.8125870494757,0.1554195344851095,0.009166666666666667,0.007743923611111111,0.17233012476288728,2.3876698752371133,0.9461468360115978,246.89547424316407,0.0,0.0,246.89547424316407,374.59547424316406,3133.594402871068,284.58648681640625,30.0,480.63016208552887,0.0,1,P0002_M020_G02,P0002_M020_G02,P0002,M020,5549.483190277427,5574.826940277427,25.34375,7.924782774434846,0.0
E52_b8aeee13ee5f313ffdb298e7,2.4321715432395763,0.32052137756616617,0.32052137756616617,550.9628084392909,600.9445446860357,802.0351993981131,0.309532562555218,0.009166666666666667,0.007743923611111111,0.32644315283299574,2.2335568471670046,0.8979865147396888,599.7808349609375,0.0,0.0,599.7808349609375,727.4808349609375,6015.263995485849,488.552978515625,30.0,760.9628084392909,0.0,1,P0002_M020_G02,P0002_M020_G02,P0002,M020,5549.483190277427,5574.826940277427,25.34375,0.32052137756616617,0.0
E52_be69bdf55826f2eb34075d09,11.825187389086608,12.029424972929434,11.825187389086608,457.6877788138426,500.48965717077624,658.5642874860837,0.25604119113741575,0.009166666666666667,0.007743923611111111,0.2729517814151935,2.287048218584807,0.9147025683077521,513.6225402832031,0.0,0.0,513.6225402832031,641.3225402832031,4939.232156145627,341.3225402832031,30.0,667.6877788138427,0.0,1,P0002_M020_G02,P0002_M020_G02,P0002,M020,5549.483190277427,5574.826940277427,25.34375,11.825187389086608,0.0
E52_bfffb2993ede6e2e2bd9340b,17.566703435603316,13.053008949478723,13.053008949478723,400.85355156655817,436.85476820067277,585.6998033284289,0.22550922551216515,0.009166666666666667,0.007743923611111111,0.24241981578994293,2.3175801842100574,0.9242438075656428,432.014599609375,0.0,0.0,432.014599609375,559.714599609375,4392.748524963216,275.29461669921875,30.0,610.8535515665582,0.0,1,P0002_M020_G02,P0002_M020_G02,P0002,M020,5549.483190277427,5574.826940277427,25.34375,13.053008949478723,0.0
E52_c0294c7ff44d44fc4ede8d97,7.095676578868321,16.7256600789149,7.095676578868321,316.70783025924425,358.9570632507807,379.92026256926977,0.16644027302831577,0.009166666666666667,0.007743923611111111,0.18335086330609354,2.376649136693907,0.9427028552168457,506.9907958984375,0.0,0.0,506.9907958984375,634.6907958984375,2849.4019692695233,334.6907958984375,30.0,526.7078302592442,0.0,1,P0002_M020_G02,P0002_M020_G02,P0002,M020,5549.483190277427,5574.826940277427,25.34375,7.095676578868321,0.0
E52_c10a50247c57c0340b451298,3.3491445955492054,3.1495087650690863,3.1495087650690863,410.4813485396202,450.8988478275434,578.4577013517014,0.22790762835174688,0.009166666666666667,0.007743923611111111,0.24481821862952466,2.315181781370476,0.9234943066782736,485.00999145507814,0.0,0.0,485.00999145507814,612.7099914550781,4338.432760137761,515.4917602539062,30.0,620.4813485396203,0.0,1,P0002_M020_G02,P0002_M020_G02,P0002,M020,5549.483190277427,5574.826940277427,25.34375,3.1495087650690863,0.0
E52_c515ea57360fd29f9add62f7,1.442184541846899,10.649906727109496,1.442184541846899,525.5980011021792,572.0554631586571,772.4512298654912,0.29632198385281766,0.009166666666666667,0.007743923611111111,0.3132325741305954,2.2467674258694053,0.9021148205841889,557.4895446777343,0.0,0.0,557.4895446777343,685.1895446777344,5793.384223991184,393.3172912597656,30.0,735.5980011021792,0.0,1,P0002_M020_G02,P0002_M020_G02,P0002,M020,5549.483190277427,5574.826940277427,25.34375,1.442184541846899,0.0
E52_c76d93c5902d0dc017f7065c,7.682948912924132,16.05706218628906,7.682948912924132,260.86241804033426,278.57034040361555,415.47730190098105,0.1516149798935124,0.009166666666666667,0.007743923611111111,0.1685255701712902,2.3914744298287105,0.9473357593214718,212.495068359375,0.0,0.0,212.495068359375,340.195068359375,3116.079764257358,277.91845703125,30.0,470.86241804033426,0.0,1,P0002_M020_G02,P0002_M020_G02,P0002,M020,5549.483190277427,5574.826940277427,25.34375,7.682948912924132,0.0
E52_c98d1e580ba9a8920eeacbdb,7.681833759390713,9.995636820319618,7.681833759390713,531.3190315479533,569.3529452238973,834.4345810402425,0.30713490815373307,0.009166666666666667,0.007743923611111111,0.3240454984315108,2.23595450156849,0.8987357817401529,456.40696411132814,0.0,0.0,456.40696411132814,584.1069641113281,6258.259357801819,362.73199462890625,30.0,741.3190315479533,0.0,1,P0002_M020_G02,P0002_M020_G02,P0002,M020,5549.483190277427,5574.826940277427,25.34375,7.681833759390713,0.0
E52_cdef0b479e00ae29ebd83132,4.234700448914381,10.01648148125875,4.234700448914381,520.0071121141804,554.5433095222207,832.7970397801186,0.3028799960747676,0.009166666666666667,0.007743923611111111,0.31979058635254537,2.240209413647455,0.9000654417648296,414.4343688964844,0.0,0.0,414.4343688964844,542.1343688964844,6245.977798350889,297.6476745605469,30.0,730.0071121141804,0.0,1,P0002_M020_G02,P0002_M020_G02,P0002,M020,5549.483190277427,5574.826940277427,25.34375,4.234700448914381,0.0
E52_d1d4424e0dfaa7a0ce62d445,6.552192010096945,12.872868339328704,6.552192010096945,402.0751033963921,436.37951216917855,598.3237541560654,0.22773150601213982,0.009166666666666667,0.007743923611111111,0.2446420962899176,2.315357903710083,0.9235493449094008,411.6529052734375,0.0,0.0,411.6529052734375,539.3529052734375,4487.428156170491,269.83203125,30.0,612.075103396392,0.0,1,P0002_M020_G02,P0002_M020_G02,P0002,M020,5549.483190277427,5574.826940277427,25.34375,6.552192010096945,0.0
E52_d22cbe82615c6d2ee0ebf49f,7.766106077331486,15.758568264926964,7.766106077331486,318.17309843891866,352.9726015110215,427.5491784452201,0.1737067461230003,0.009166666666666667,0.007743923611111111,0.19061733640077808,2.3693826635992226,0.9404320823747568,417.5940368652344,0.0,0.0,417.5940368652344,545.2940368652344,3206.618838339151,335.390380859375,30.0,528.1730984389187,0.0,1,P0002_M020_G02,P0002_M020_G02,P0002,M020,5549.483190277427,5574.826940277427,25.34375,7.766106077331486,0.0
E52_d3460088443e86b69235cf2f,8.948048867340034,10.110906533633653,8.948048867340034,520.9986937965015,557.4049117530444,823.5600798537452,0.3019244763287566,0.009166666666666667,0.007743923611111111,0.3188350666065343,2.241164933393466,0.900364041685458,436.87461547851564,0.0,0.0,436.87461547851564,564.5746154785156,6176.700598903089,281.75616455078125,30.0,730.9986937965015,0.0,1,P0002_M020_G02,P0002_M020_G02,P0002,M020,5549.483190277427,5574.826940277427,25.34375,8.948048867340034,0.0
E52_d6d1511afdebb88632549a71,3.8988332703502238,16.177909036830457,3.8988332703502238,342.76879390848103,389.67749650450963,404.08537224079015,0.1791309979165653,0.009166666666666667,0.007743923611111111,0.19604158819434309,2.3639584118056574,0.9387370036892678,562.9044311523437,0.0,0.0,562.9044311523437,690.6044311523438,3030.640291805926,390.60443115234375,30.0,552.768793908481,0.0,1,P0002_M020_G02,P0002_M020_G02,P0002,M020,5549.483190277427,5574.826940277427,25.34375,3.8988332703502238,0.0
E52_d7f1f5d49edaa9f52000c452,13.530700411945674,12.917919470378578,12.917919470378578,397.7633482290822,431.12867517406926,595.3347347882426,0.22577474843651651,0.009166666666666667,0.007743923611111111,0.2426853387142943,2.3173146612857063,0.9241608316517831,400.38392333984376,0.0,0.0,400.38392333984376,528.0839233398438,4465.010510911819,278.08392333984375,30.0,607.7633482290822,0.0,1,P0002_M020_G02,P0002_M020_G02,P0002,M020,5549.483190277427,5574.826940277427,25.34375,12.917919470378578,0.0
E52_da1eeef61bb4fffd90feecd9,3.5968208984027115,11.577048041656667,3.5968208984027115,464.4321692173844,503.4661769891943,694.6602918039094,0.2635518155735283,0.009166666666666667,0.007743923611111111,0.28046240585130605,2.2795375941486946,0.9123554981714669,468.40809326171876,0.0,0.0,468.40809326171876,596.1080932617188,5209.952188529321,322.9142761230469,30.0,674.4321692173844,0.0,1,P0002_M020_G02,P0002_M020_G02,P0002,M020,5549.483190277427,5574.826940277427,25.34375,3.5968208984027115,0.0
E52_da487d3b8a0906fb4529d12f,8.952675750421832,15.138353346482333,8.952675750421832,331.4673547495513,365.316990573119,459.8368945576963,0.18300743845595838,0.009166666666666667,0.007743923611111111,0.19991802873373615,2.3600819712662644,0.9375256160207075,406.1956298828125,0.0,0.0,406.1956298828125,533.8956298828125,3448.7767091827222,283.8956298828125,30.0,541.4673547495513,0.0,1,P0002_M020_G02,P0002_M020_G02,P0002,M020,5549.483190277427,5574.826940277427,25.34375,8.952675750421832,0.0
E52_dbe1bedc9b83d29f34556dbd,12.208439756245738,13.016499113861627,12.208439756245738,387.86022911882606,419.0031732004504,588.862793747906,0.22133620210273125,0.009166666666666667,0.007743923611111111,0.23824679238050903,2.3217532076194916,0.9255478773810909,373.7153289794922,0.0,0.0,373.7153289794922,501.4153289794922,4416.470953109295,233.02317810058594,30.0,597.860229118826,0.0,1,P0002_M020_G02,P0002_M020_G02,P0002,M020,5549.483190277427,5574.826940277427,25.34375,12.208439756245738,0.0
E52_dbec4f1422e98765afb262aa,6.294693221100033,16.38523852602286,6.294693221100033,322.5402116809159,364.1002534899979,395.72017250733956,0.1707521496628321,0.009166666666666667,0.007743923611111111,0.18766273994060986,2.372337260059391,0.9413553937685595,498.7205017089844,0.0,0.0,498.7205017089844,626.4205017089844,2967.901293805047,326.4205017089844,30.0,532.540211680916,0.0,1,P0002_M020_G02,P0002_M020_G02,P0002,M020,5549.483190277427,5574.826940277427,25.34375,6.294693221100033,0.0
E52_dc4c132291b7b9525a26c82f,7.642041840399386,16.290878065555617,7.642041840399386,256.41354735972715,274.49113296153376,404.3615811086144,0.14845852840407586,0.009166666666666667,0.007743923611111111,0.16536911868185364,2.3946308813181467,0.9483221504119207,216.9310272216797,0.0,0.0,216.9310272216797,344.6310272216797,3032.711858314608,277.91845703125,30.0,466.41354735972715,0.0,1,P0002_M020_G02,P0002_M020_G02,P0002,M020,5549.483190277427,5574.826940277427,25.34375,7.642041840399386,0.0
E52_dd12fb0cc4aee52816704b73,3.2495504022692074,0.5498680641518376,0.5498680641518376,547.6210002825783,600.0718247658139,780.5370536657424,0.3052994367315811,0.009166666666666667,0.007743923611111111,0.32221002700935886,2.2377899729906416,0.8993093665595754,629.4098937988281,0.0,0.0,629.4098937988281,757.1098937988281,5854.027902493068,543.108642578125,30.0,757.6210002825783,0.0,1,P0002_M020_G02,P0002_M020_G02,P0002,M020,5549.483190277427,5574.826940277427,25.34375,0.5498680641518376,0.0
E52_de2c36302e014a6d0284c896,7.460035141376665,15.994052628622484,7.460035141376665,325.41177480357015,364.7238282296769,414.95122905049965,0.1744969638873427,0.009166666666666667,0.007743923611111111,0.19140755416512048,2.36859244583488,0.9401851393233999,471.74464111328126,0.0,0.0,471.74464111328126,599.4446411132812,3112.134217878747,326.2397766113281,30.0,535.4117748035701,0.0,1,P0002_M020_G02,P0002_M020_G02,P0002,M020,5549.483190277427,5574.826940277427,25.34375,7.460035141376665,0.0
E52_e0325aad0b87e7c07e10fc2c,7.552322390497835,5.987785159048158,5.987785159048158,275.1983248954777,294.96932963587483,418.60161500091635,0.15682137892336617,0.009166666666666667,0.007743923611111111,0.17373196920114395,2.3862680307988566,0.9457087596246425,248.53977661132814,11.2877197265625,11.2877197265625,248.53977661132814,376.2397766113281,3139.5121125068727,326.2397766113281,30.0,485.1983248954777,0.0,1,P0002_M020_G02,P0002_M020_G02,P0002,M020,5549.483190277427,5574.826940277427,25.34375,5.987785159048158,0.0
E52_e0cd6bab1a22c4530d9a254c,6.336071775179079,6.471069764274475,6.336071775179079,260.0402116809159,280.7669201566646,395.72017250733956,0.14852449968212222,0.009166666666666667,0.007743923611111111,0.1654350899599,2.3945649100401005,0.9483015343875313,248.7205017089844,0.0,0.0,248.7205017089844,376.4205017089844,2967.901293805047,326.4205017089844,30.0,470.0402116809159,0.0,1,P0002_M020_G02,P0002_M020_G02,P0002,M020,5549.483190277427,5574.826940277427,25.34375,6.336071775179079,0.0
E52_ea76d341ab82f2ebc1fa1efe,7.502844610424475,6.056283714240493,6.056283714240493,275.41177480357015,298.05716156301025,414.95122905049965,0.15671484390277482,0.009166666666666667,0.007743923611111111,0.1736254341805526,2.3863745658194477,0.9457420518185773,271.74464111328126,0.0,0.0,271.74464111328126,399.44464111328125,3112.134217878747,326.2397766113281,30.0,485.41177480357015,0.0,1,P0002_M020_G02,P0002_M020_G02,P0002,M020,5549.483190277427,5574.826940277427,25.34375,6.056283714240493,0.0
E52_eab18c460278cfbad2c20da0,8.410086996647067,7.760329046990023,7.760329046990023,212.31476099060268,226.15454090800176,341.5908424768108,0.12388533452538679,0.009166666666666667,0.007743923611111111,0.14079592480316458,2.419204075196836,0.9560012734990111,166.07735900878907,0.0,0.0,166.07735900878907,293.77735900878906,2561.931318576081,213.8477783203125,30.0,422.3147609906027,0.0,1,P0002_M020_G02,P0002_M020_G02,P0002,M020,5549.483190277427,5574.826940277427,25.34375,7.760329046990023,0.0
E52_eb490529b308e18523949520,10.637751725603707,12.235001379754962,10.637751725603707,417.9327582223269,449.8180932544721,644.5535062517828,0.23991836791670462,0.009166666666666667,0.007743923611111111,0.25682895819448237,2.303171041805518,0.9197409505642242,382.6240203857422,0.0,0.0,382.6240203857422,510.3240203857422,4834.151296888371,255.67149353027344,30.0,627.9327582223269,0.0,1,P0002_M020_G02,P0002_M020_G02,P0002,M020,5549.483190277427,5574.826940277427,25.34375,10.637751725603707,0.0
E52_eddf192c3626d88d236d26e4,9.182474676898764,17.034187922993553,9.182474676898764,241.72684180786888,260.473536754158,370.9735139380034,0.13850678679446915,0.009166666666666667,0.007743923611111111,0.15541737707224693,2.4045826229277534,0.9514320696649229,224.96033935546876,0.0,0.0,224.96033935546876,352.66033935546875,2782.3013545350254,199.07135009765625,30.0,451.7268418078689,0.0,1,P0002_M020_G02,P0002_M020_G02,P0002,M020,5549.483190277427,5574.826940277427,25.34375,9.182474676898764,0.0
E52_ede4029bd5e695a7a0c85289,13.574924248908232,12.925612211179384,12.925612211179384,385.2633482290822,414.4620085074026,595.3347347882426,0.22132921844037454,0.009166666666666667,0.007743923611111111,0.2382398087181523,2.3217601912818484,0.9255500597755774,350.38392333984376,0.0,0.0,350.38392333984376,478.08392333984375,4465.010510911819,278.08392333984375,30.0,595.2633482290822,0.0,1,P0002_M020_G02,P0002_M020_G02,P0002,M020,5549.483190277427,5574.826940277427,25.34375,12.925612211179384,0.0
E52_ef8fa59407d07a2296b5f591,5.497686485237324,0.3151276047193221,0.3151276047193221,505.85939793409244,540.3898465933535,804.5361039126185,0.29384606362066074,0.009166666666666667,0.007743923611111111,0.3107566538984385,2.249243346101562,0.9028885456567379,414.3653839111328,0.0,0.0,414.3653839111328,542.0653839111328,6034.020779344639,284.8677062988281,30.0,715.8593979340924,0.0,1,P0002_M020_G02,P0002_M020_G02,P0002,M020,5549.483190277427,5574.826940277427,25.34375,0.3151276047193221,0.0
E52_f2fabdd802684ffd17ed2273,5.807018657964974,16.925225818485302,5.807018657964974,275.2104023505881,304.60508466259984,374.0527108291059,0.15085104647056902,0.009166666666666667,0.007743923611111111,0.1677616367483468,2.3922383632516535,0.9475744885161417,352.73618774414064,0.0,0.0,352.73618774414064,480.4361877441406,2805.395331218294,291.6474609375,30.0,485.2104023505881,0.0,1,P0002_M020_G02,P0002_M020_G02,P0002,M020,5549.483190277427,5574.826940277427,25.34375,5.807018657964974,0.0
E52_fd527d975e1813662620f82c,12.406559651355565,12.45056667278017,12.406559651355565,418.2192341110554,452.9085204066283,628.3027504486734,0.23771876612520712,0.009166666666666667,0.007743923611111111,0.2546293564029849,2.3053706435970156,0.9204283261240672,416.271435546875,0.0,0.0,416.271435546875,543.971435546875,4712.2706283650505,307.606201171875,30.0,628.2192341110554,0.0,1,P0002_M020_G02,P0002_M020_G02,P0002,M020,5549.483190277427,5574.826940277427,25.34375,12.406559651355565,0.0
E52_fe6c7b852578a086d3069b9b,8.367752540148501,5.686957833294301,5.686957833294301,283.52010664670297,305.8382661315663,433.1312563842263,0.16217322495485703,0.009166666666666667,0.007743923611111111,0.1790838152326348,2.380916184767366,0.9440363077398016,267.8179138183594,0.0,0.0,267.8179138183594,395.5179138183594,3248.484422881697,322.1230773925781,30.0,493.52010664670297,0.0,1,P0002_M020_G02,P0002_M020_G02,P0002,M020,5549.483190277427,5574.826940277427,25.34375,5.686957833294301,0.0
E52_189eb019491ad876aa165071,4.910998135102375,3.8094716871601975,3.8094716871601975,403.09916814168594,448.35288467407526,534.676037089036,0.21908171065325852,0.009166666666666667,0.27579253472222226,0.5040409120421474,2.055959087957853,0.842487214986829,543.0445983886718,0.0,0.0,543.0445983886718,670.7445983886719,4010.07027816777,391.87322998046875,30.0,613.0991681416859,0.0,1,P0002_M021_G00,P0002_M021_G00,P0002,M021,4471.735366887551,5374.329116887551,902.59375,3.8094716871601975,0.0
E52_231de36c6439da832299e30f,3.094118306520926,16.451156269229884,3.094118306520926,336.2639482811268,383.1573412254627,391.1675388962379,0.1749881335365896,0.009166666666666667,0.27579253472222226,0.4599473349254785,2.100052665074522,0.8562664578357879,562.7207153320312,0.0,0.0,562.7207153320312,690.4207153320312,2933.7565417217843,390.42071533203125,30.0,546.2639482811268,0.0,1,P0002_M021_G00,P0002_M021_G00,P0002,M021,4471.735366887551,5374.329116887551,902.59375,3.094118306520926,0.0
E52_246111a1ef063bec9e89ec9e,6.759696504692187,13.03223549741864,6.759696504692187,413.11352328410356,453.07003166626504,586.4879962752384,0.22998101771643822,0.009166666666666667,0.27579253472222226,0.5149402191053272,2.0450597808946736,0.8390811815295853,479.4781005859375,0.0,0.0,479.4781005859375,607.1781005859375,4398.659972064288,469.28277587890625,30.0,623.1135232841036,0.0,1,P0002_M021_G00,P0002_M021_G00,P0002,M021,4471.735366887551,5374.329116887551,902.59375,6.759696504692187,0.0
E52_347c51b45a583dd4c5a4aad0,9.437020990513147,10.359339260709504,9.437020990513147,545.8106765870443,594.6474365357748,798.6007934817058,0.3072138543106079,0.009166666666666667,0.27579253472222226,0.5921730556994969,1.9678269443005036,0.8149459200939072,586.0411193847656,0.0,0.0,586.0411193847656,713.7411193847656,5989.505951112793,425.30462646484375,30.0,755.8106765870443,0.0,1,P0002_M021_G00,P0002_M021_G00,P0002,M021,4471.735366887551,5374.329116887551,902.59375,9.437020990513147,0.0
E52_47db2d0d55c92154c779a4c9,3.0205906267075733,16.45726286038159,3.0205906267075733,312.62709924858126,351.3219092257948,393.08533863388124,0.16685347284684848,0.009166666666666667,0.27579253472222226,0.4518126742357374,2.108187325764263,0.858808539301332,464.3377197265625,0.0,0.0,464.3377197265625,592.0377197265625,2948.1400397541092,295.61395263671875,30.0,522.6270992485813,0.0,1,P0002_M021_G00,P0002_M021_G00,P0002,M021,4471.735366887551,5374.329116887551,902.59375,3.0205906267075733,0.0
E52_60b0dc656c777ee2cc2279b1,8.753044572328136,0.21315146591224732,0.21315146591224732,563.4362729251038,615.9641949832094,811.705013501575,0.3153381258454166,0.009166666666666667,0.27579253472222226,0.6002973272343055,1.959702672765695,0.8124070852392795,630.3350646972656,0.0,0.0,630.3350646972656,758.0350646972656,6087.787601261813,495.9024353027344,30.0,773.4362729251038,0.0,1,P0002_M021_G00,P0002_M021_G00,P0002,M021,4471.735366887551,5374.329116887551,902.59375,0.21315146591224732,0.0
E52_6dc095df8eb6475486134b5c,6.915729524772303,12.905188948092743,6.915729524772303,424.06014837873875,466.2734748964797,594.8403376510322,0.23505698741925235,0.009166666666666667,0.27579253472222226,0.5200161888081413,2.0399838111918593,0.8374949409974559,506.55991821289064,0.0,0.0,506.55991821289064,634.2599182128906,4461.302532382741,440.2059631347656,30.0,634.0601483787387,0.0,1,P0002_M021_G00,P0002_M021_G00,P0002,M021,4471.735366887551,5374.329116887551,902.59375,6.915729524772303,0.0
E52_82c821a5773d0bfbe554f10a,3.9055423871373875,11.397135806608844,3.9055423871373875,512.9354114719376,566.0737563002253,707.0407539741487,0.2825549862639304,0.009166666666666667,0.27579253472222226,0.5675141876528194,1.9924858123471811,0.8226518163584939,637.6601379394531,0.0,0.0,637.6601379394531,765.3601379394531,5302.805654806116,465.3601379394531,30.0,722.9354114719376,0.0,1,P0002_M021_G00,P0002_M021_G00,P0002,M021,4471.735366887551,5374.329116887551,902.59375,3.9055423871373875,0.0
E52_8d375985c45fff9288668cb3,3.1370206879068405,16.222123863058812,3.1370206879068405,353.99602207193686,405.21742048909175,400.663653640944,0.182639281392285,0.009166666666666667,0.27579253472222226,0.4675984827811739,2.0924015172188266,0.8538754741308832,614.6567810058593,0.0,0.0,614.6567810058593,742.3567810058594,3004.97740230708,442.3567810058594,30.0,563.9960220719369,0.0,1,P0002_M021_G00,P0002_M021_G00,P0002,M021,4471.735366887551,5374.329116887551,902.59375,3.1370206879068405,0.0
E52_9b18c2085562c5280ea1e394,8.461273767712726,0.02697066595830222,0.02697066595830222,563.4972144032131,613.0086493397365,829.9258191872856,0.3179402888393461,0.009166666666666667,0.27579253472222226,0.602899490228235,1.9571005097717655,0.8115939093036766,594.1372192382812,0.0,0.0,594.1372192382812,721.8372192382812,6224.443643904642,493.42156982421875,30.0,773.4972144032131,0.0,1,P0002_M021_G00,P0002_M021_G00,P0002,M021,4471.735366887551,5374.329116887551,902.59375,0.02697066595830222,0.0
E52_a1af1f4ab7d520e82e20be53,8.684061607804495,0.45430012492889205,0.45430012492889205,547.7224457312177,598.7128286250978,789.5025940991541,0.30660524396013417,0.009166666666666667,0.27579253472222226,0.5915644453490231,1.9684355546509775,0.8151361108284303,611.8845947265625,0.0,0.0,611.8845947265625,739.5845947265625,5921.269455743655,499.0620422363281,30.0,757.7224457312177,0.0,1,P0002_M021_G00,P0002_M021_G00,P0002,M021,4471.735366887551,5374.329116887551,902.59375,0.45430012492889205,0.0
E52_b8aeee13ee5f313ffdb298e7,9.11978889320659,0.32052137756616617,0.32052137756616617,550.9628084392909,600.9445446860357,802.0351993981131,0.309532562555218,0.009166666666666667,0.27579253472222226,0.594491763944107,1.9655082360558935,0.8142213237674666,599.7808349609375,0.0,0.0,599.7808349609375,727.4808349609375,6015.263995485849,488.552978515625,30.0,760.9628084392909,0.0,1,P0002_M021_G00,P0002_M021_G00,P0002,M021,4471.735366887551,5374.329116887551,902.59375,0.32052137756616617,0.0
E52_be69bdf55826f2eb34075d09,2.1858471240912536,12.029424972929434,2.1858471240912536,457.6877788138426,500.48965717077624,658.5642874860837,0.25604119113741575,0.009166666666666667,0.27579253472222226,0.5410003925263047,2.018999607473696,0.8309373773355297,513.6225402832031,0.0,0.0,513.6225402832031,641.3225402832031,4939.232156145627,341.3225402832031,30.0,667.6877788138427,0.0,1,P0002_M021_G00,P0002_M021_G00,P0002,M021,4471.735366887551,5374.329116887551,902.59375,2.1858471240912536,0.0
E52_c10a50247c57c0340b451298,6.585315506004903,3.1495087650690863,3.1495087650690863,410.4813485396202,450.8988478275434,578.4577013517014,0.22790762835174688,0.009166666666666667,0.27579253472222226,0.5128668297406358,2.0471331702593645,0.8397291157060514,485.00999145507814,0.0,0.0,485.00999145507814,612.7099914550781,4338.432760137761,515.4917602539062,30.0,620.4813485396203,0.0,1,P0002_M021_G00,P0002_M021_G00,P0002,M021,4471.735366887551,5374.329116887551,902.59375,3.1495087650690863,0.0
E52_c117f06f984d58b2275e6c48,9.449355265521092,0.365836005255062,0.365836005255062,533.3106765870443,577.980769869108,798.6007934817058,0.30276832431446593,0.009166666666666667,0.27579253472222226,0.5877275257033548,1.9722724742966458,0.8163351482177016,536.0411193847656,0.0,0.0,536.0411193847656,663.7411193847656,5989.505951112793,425.30462646484375,30.0,743.3106765870443,0.0,1,P0002_M021_G00,P0002_M021_G00,P0002,M021,4471.735366887551,5374.329116887551,902.59375,0.365836005255062,0.0
E52_d6d1511afdebb88632549a71,3.3606450562612338,16.177909036830457,3.3606450562612338,342.76879390848103,389.67749650450963,404.08537224079015,0.1791309979165653,0.009166666666666667,0.27579253472222226,0.46409019930545425,2.095909800694546,0.8549718127170456,562.9044311523437,0.0,0.0,562.9044311523437,690.6044311523438,3030.640291805926,390.60443115234375,30.0,552.768793908481,0.0,1,P0002_M021_G00,P0002_M021_G00,P0002,M021,4471.735366887551,5374.329116887551,902.59375,3.3606450562612338,0.0
E52_dd12fb0cc4aee52816704b73,9.224421161244706,0.5498680641518376,0.5498680641518376,547.6210002825783,600.0718247658139,780.5370536657424,0.3052994367315811,0.009166666666666667,0.27579253472222226,0.59025863812047,1.9697413618795305,0.8155441755873531,629.4098937988281,0.0,0.0,629.4098937988281,757.1098937988281,5854.027902493068,543.108642578125,30.0,757.6210002825783,0.0,1,P0002_M021_G00,P0002_M021_G00,P0002,M021,4471.735366887551,5374.329116887551,902.59375,0.5498680641518376,0.0
E52_01234cac2d25748209cb57e8,0.26214925156767777,5.963634638729843,0.26214925156767777,279.2236617812399,298.99466652163704,419.772700963196,0.15824405002114064,0.009166666666666667,0.1312934027777778,0.29870411946558506,2.2612958805344157,0.9066549626670046,254.4365661621094,17.18450927734375,17.18450927734375,254.4365661621094,382.1365661621094,3148.2952572239697,332.1365661621094,30.0,489.2236617812399,0.0,1,P0002_M022_G00,P0002_M022_G00,P0002,M022,2126.963655264559,2556.651155264559,429.6875,0.26214925156767777,0.0
E52_06eb0baa948af7ff52881bcf,11.34921240453653,16.258674653736037,11.34921240453653,296.7597053393259,328.36499963050426,403.88764493158146,0.16274021246714285,0.009166666666666667,0.1312934027777778,0.3032002819115873,2.256799718088413,0.9052499119026289,379.26353149414064,0.0,0.0,379.26353149414064,506.9635314941406,3029.157336986861,310.16876220703125,30.0,506.7597053393259,0.0,1,P0002_M022_G00,P0002_M022_G00,P0002,M022,2126.963655264559,2556.651155264559,429.6875,11.34921240453653,0.0
E52_0c9d91fc306062a18ada9948,10.190425106668542,15.697900697510477,10.190425106668542,331.42241999480143,370.2725110389095,429.7442937249544,0.1787296459836012,0.009166666666666667,0.1312934027777778,0.31918971542804564,2.240810284571955,0.9002532139287357,466.2010925292969,0.0,0.0,466.2010925292969,593.9010925292969,3223.082202937158,335.390380859375,30.0,541.4224199948014,0.0,1,P0002_M022_G00,P0002_M022_G00,P0002,M022,2126.963655264559,2556.651155264559,429.6875,10.190425106668542,0.0
E52_189eb019491ad876aa165071,14.62560917721207,3.8094716871601975,3.8094716871601975,403.09916814168594,448.35288467407526,534.676037089036,0.21908171065325852,0.009166666666666667,0.1312934027777778,0.359541780097703,2.2004582199022975,0.8876431937194678,543.0445983886718,0.0,0.0,543.0445983886718,670.7445983886719,4010.07027816777,391.87322998046875,30.0,613.0991681416859,0.0,1,P0002_M022_G00,P0002_M022_G00,P0002,M022,2126.963655264559,2556.651155264559,429.6875,3.8094716871601975,0.0
E52_1eac4bbcd37cec5d48241661,0.22059627934990544,6.04580255430777,0.22059627934990544,275.66392246828667,298.30930922772677,415.4555243799327,0.1568759382441215,0.009166666666666667,0.1312934027777778,0.29733600768856594,2.2626639923114347,0.9070824975973232,271.74464111328126,0.0,0.0,271.74464111328126,399.44464111328125,3115.9164328494953,326.2397766113281,30.0,485.66392246828667,0.0,1,P0002_M022_G00,P0002_M022_G00,P0002,M022,2126.963655264559,2556.651155264559,429.6875,0.22059627934990544,0.0
E52_231555d7070bcf1a0911e332,10.270015299215657,5.981962334569488,5.981962334569488,303.4113952968874,335.0249979987103,417.14117438283733,0.1669828432889251,0.009166666666666667,0.1312934027777778,0.30744291273336954,2.2525570872666307,0.9039240897708221,379.363232421875,0.0,0.0,379.363232421875,507.063232421875,3128.55880787128,326.2397766113281,30.0,513.4113952968873,0.0,1,P0002_M022_G00,P0002_M022_G00,P0002,M022,2126.963655264559,2556.651155264559,429.6875,5.981962334569488,0.0
E52_231de36c6439da832299e30f,11.086036405358143,16.451156269229884,11.086036405358143,336.2639482811268,383.1573412254627,391.1675388962379,0.1749881335365896,0.009166666666666667,0.1312934027777778,0.31544820298103404,2.2445517970189663,0.9014224365684269,562.7207153320312,0.0,0.0,562.7207153320312,690.4207153320312,2933.7565417217843,390.42071533203125,30.0,546.2639482811268,0.0,1,P0002_M022_G00,P0002_M022_G00,P0002,M022,2126.963655264559,2556.651155264559,429.6875,11.086036405358143,0.0
E52_246111a1ef063bec9e89ec9e,22.41708310411812,13.03223549741864,13.03223549741864,413.11352328410356,453.07003166626504,586.4879962752384,0.22998101771643822,0.009166666666666667,0.1312934027777778,0.37044108716088264,2.189558912839118,0.8842371602622242,479.4781005859375,0.0,0.0,479.4781005859375,607.1781005859375,4398.659972064288,469.28277587890625,30.0,623.1135232841036,0.0,1,P0002_M022_G00,P0002_M022_G00,P0002,M022,2126.963655264559,2556.651155264559,429.6875,13.03223549741864,0.0
E52_27bf01e9e990859ae5993708,10.242823238504869,15.932490639468014,10.242823238504869,318.6138217216496,355.0514931287134,418.60161500091635,0.17259630304263499,0.009166666666666667,0.1312934027777778,0.3130563724870794,2.246943627512921,0.9021698835977877,437.25205688476564,0.0,0.0,437.25205688476564,564.9520568847656,3139.5121125068727,326.2397766113281,30.0,528.6138217216496,0.0,1,P0002_M022_G00,P0002_M022_G00,P0002,M022,2126.963655264559,2556.651155264559,429.6875,10.242823238504869,0.0
E52_27bf1882d0e1a812c8450c72,10.928491222917913,16.18675851321828,10.928491222917913,334.03154784809436,377.9609795090644,404.48650573036844,0.17608047258726683,0.009166666666666667,0.1312934027777778,0.3165405420317113,2.243459457968289,0.9010810806150902,527.1531799316406,0.0,0.0,527.1531799316406,654.8531799316406,3033.648792977763,364.9013671875,30.0,544.0315478480943,0.0,1,P0002_M022_G00,P0002_M022_G00,P0002,M022,2126.963655264559,2556.651155264559,429.6875,10.928491222917913,0.0
E52_2d7a36258a59c18fc6a856bf,9.861556805186666,16.662039037059316,9.861556805186666,318.72117968179435,361.17160743651436,382.73979283526836,0.16755561647288383,0.009166666666666667,0.1312934027777778,0.3080156859173283,2.251984314082672,0.9037450981508349,509.40513305664064,0.0,0.0,509.40513305664064,637.1051330566406,2870.5484462645127,346.4301452636719,30.0,528.7211796817944,0.0,1,P0002_M022_G00,P0002_M022_G00,P0002,M022,2126.963655264559,2556.651155264559,429.6875,9.861556805186666,0.0
E52_347c51b45a583dd4c5a4aad0,9.606261708895559,10.359339260709504,9.606261708895559,545.8106765870443,594.6474365357748,798.6007934817058,0.3072138543106079,0.009166666666666667,0.1312934027777778,0.4476739237550523,2.112326076244948,0.8601018988265462,586.0411193847656,0.0,0.0,586.0411193847656,713.7411193847656,5989.505951112793,425.30462646484375,30.0,755.8106765870443,0.0,1,P0002_M022_G00,P0002_M022_G00,P0002,M022,2126.963655264559,2556.651155264559,429.6875,9.606261708895559,0.0
E52_3a94b6482baa2cfaba8a857d,10.380551441773832,16.425448776817632,10.380551441773832,326.01303055755295,369.111023518165,393.4381033514341,0.17166403726355467,0.009166666666666667,0.1312934027777778,0.3121241067079991,2.2478758932920013,0.9024612166537502,517.1759155273437,0.0,0.0,517.1759155273437,644.8759155273438,2950.785775135756,352.4370422363281,30.0,536.013030557553,0.0,1,P0002_M022_G00,P0002_M022_G00,P0002,M022,2126.963655264559,2556.651155264559,429.6875,10.380551441773832,0.0
E52_437c6a333219b14c3939f26c,0.29120819219544103,6.0194831627628105,0.29120819219544103,277.09771274073506,296.211315442558,417.14117438283733,0.1570562493971614,0.009166666666666667,0.1312934027777778,0.29751631884160584,2.2624836811583946,0.9070261503619982,248.53977661132814,19.176544189453125,19.176544189453125,248.53977661132814,376.2397766113281,3128.55880787128,326.2397766113281,30.0,487.09771274073506,0.0,1,P0002_M022_G00,P0002_M022_G00,P0002,M022,2126.963655264559,2556.651155264559,429.6875,0.29120819219544103,0.0
E52_47db2d0d55c92154c779a4c9,11.176286595238821,16.45726286038159,11.176286595238821,312.62709924858126,351.3219092257948,393.08533863388124,0.16685347284684848,0.009166666666666667,0.1312934027777778,0.30731354229129293,2.2526864577087076,0.9039645180339709,464.3377197265625,0.0,0.0,464.3377197265625,592.0377197265625,2948.1400397541092,295.61395263671875,30.0,522.6270992485813,0.0,1,P0002_M022_G00,P0002_M022_G00,P0002,M022,2126.963655264559,2556.651155264559,429.6875,11.176286595238821,0.0
E52_60b0dc656c777ee2cc2279b1,8.977891259015252,0.21315146591224732,0.21315146591224732,563.4362729251038,615.9641949832094,811.705013501575,0.3153381258454166,0.009166666666666667,0.1312934027777778,0.45579819528986104,2.1042018047101396,0.8575630639719184,630.3350646972656,0.0,0.0,630.3350646972656,758.0350646972656,6087.787601261813,495.9024353027344,30.0,773.4362729251038,0.0,1,P0002_M022_G00,P0002_M022_G00,P0002,M022,2126.963655264559,2556.651155264559,429.6875,0.21315146591224732,0.0
E52_6aa461eda22a4c53e6730e81,0.26027333458110036,6.478254834226846,0.26027333458110036,265.89885796308323,288.44260847170955,395.1560268799425,0.15049315106948455,0.009166666666666667,0.1312934027777778,0.290953220513929,2.2690467794860716,0.9090771185893972,271.70716552734376,1.182159423828125,1.182159423828125,271.70716552734376,399.40716552734375,2963.670201599569,349.40716552734375,30.0,475.89885796308323,0.0,1,P0002_M022_G00,P0002_M022_G00,P0002,M022,2126.963655264559,2556.651155264559,429.6875,0.26027333458110036,0.0
E52_6dc095df8eb6475486134b5c,21.261824796801946,12.905188948092743,12.905188948092743,424.06014837873875,466.2734748964797,594.8403376510322,0.23505698741925235,0.009166666666666667,0.1312934027777778,0.3755170568636968,2.1844829431363038,0.8826509197300948,506.55991821289064,0.0,0.0,506.55991821289064,634.2599182128906,4461.302532382741,440.2059631347656,30.0,634.0601483787387,0.0,1,P0002_M022_G00,P0002_M022_G00,P0002,M022,2126.963655264559,2556.651155264559,429.6875,12.905188948092743,0.0
E52_73baea82bbbffa2db9d7426a,10.241631917232525,5.711384152670419,5.711384152670419,297.3854850658978,324.64222792478455,431.2305129784753,0.16683515196021612,0.009166666666666667,0.1312934027777778,0.3072952214046606,2.25270477859534,0.9039702433110436,327.08091430664064,0.0,0.0,327.08091430664064,454.7809143066406,3234.2288473385647,335.390380859375,30.0,507.3854850658978,0.0,1,P0002_M022_G00,P0002_M022_G00,P0002,M022,2126.963655264559,2556.651155264559,429.6875,5.711384152670419,0.0
E52_74b3fb0a4920873efc33101b,1.2602427488312316,6.525083879148042,1.2602427488312316,262.62709924858126,284.6552425591281,393.08533863388124,0.14907135286228057,0.009166666666666667,0.1312934027777778,0.289531422306725,2.2704685776932756,0.9095214305291485,264.3377197265625,0.0,0.0,264.3377197265625,392.0377197265625,2948.1400397541092,295.61395263671875,30.0,472.62709924858126,0.0,1,P0002_M022_G00,P0002_M022_G00,P0002,M022,2126.963655264559,2556.651155264559,429.6875,1.2602427488312316,0.0
E52_7dc5542bb1ad046741692f59,9.646877129001481,15.630401191468053,9.646877129001481,333.52010664670297,372.50493279823297,433.1312563842263,0.17995534493942492,0.009166666666666667,0.1312934027777778,0.32041541438386933,2.2395845856161314,0.8998701830050408,467.8179138183594,0.0,0.0,467.8179138183594,595.5179138183594,3248.484422881697,322.1230773925781,30.0,543.520106646703,0.0,1,P0002_M022_G00,P0002_M022_G00,P0002,M022,2126.963655264559,2556.651155264559,429.6875,9.646877129001481,0.0
E52_82c821a5773d0bfbe554f10a,7.048096127868064,11.397135806608844,7.048096127868064,512.9354114719376,566.0737563002253,707.0407539741487,0.2825549862639304,0.009166666666666667,0.1312934027777778,0.42301505570837483,2.1369849442916258,0.8678077950911329,637.6601379394531,0.0,0.0,637.6601379394531,765.3601379394531,5302.805654806116,465.3601379394531,30.0,722.9354114719376,0.0,1,P0002_M022_G00,P0002_M022_G00,P0002,M022,2126.963655264559,2556.651155264559,429.6875,7.048096127868064,0.0
E52_8ca7795ffa642a3b129c0a3d,10.116181077439208,15.730152054416479,10.116181077439208,330.94608252023,369.9122522589995,428.0951466078428,0.17832668261553564,0.009166666666666667,0.1312934027777778,0.3187867520599801,2.2412132479400206,0.9003791399812562,467.5940368652344,0.0,0.0,467.5940368652344,595.2940368652344,3210.713599558821,335.390380859375,30.0,540.94608252023,0.0,1,P0002_M022_G00,P0002_M022_G00,P0002,M022,2126.963655264559,2556.651155264559,429.6875,10.116181077439208,0.0
E52_8d375985c45fff9288668cb3,10.94719854612093,16.222123863058812,10.94719854612093,353.99602207193686,405.21742048909175,400.663653640944,0.182639281392285,0.009166666666666667,0.1312934027777778,0.32309935083672947,2.236900649163271,0.899031452863522,614.6567810058593,0.0,0.0,614.6567810058593,742.3567810058594,3004.97740230708,442.3567810058594,30.0,563.9960220719369,0.0,1,P0002_M022_G00,P0002_M022_G00,P0002,M022,2126.963655264559,2556.651155264559,429.6875,10.94719854612093,0.0
E52_9026ce0d2a5dd9a75ef73c8e,0.834691942037395,6.720084116703532,0.834691942037395,248.6739065082912,267.42831222931983,384.70630707582717,0.14291941710941022,0.009166666666666667,0.1312934027777778,0.2833794865538547,2.276620513446146,0.9114439104519204,225.15150146484376,0.0986328125,0.0986328125,225.15150146484376,352.85150146484375,2885.297303068704,302.85150146484375,30.0,458.6739065082912,0.0,1,P0002_M022_G00,P0002_M022_G00,P0002,M022,2126.963655264559,2556.651155264559,429.6875,0.834691942037395,0.0
E52_9b18c2085562c5280ea1e394,8.632290886797136,0.02697066595830222,0.02697066595830222,563.4972144032131,613.0086493397365,829.9258191872856,0.3179402888393461,0.009166666666666667,0.1312934027777778,0.45840035828379055,2.10159964171621,0.8567498880363155,594.1372192382812,0.0,0.0,594.1372192382812,721.8372192382812,6224.443643904642,493.42156982421875,30.0,773.4972144032131,0.0,1,P0002_M022_G00,P0002_M022_G00,P0002,M022,2126.963655264559,2556.651155264559,429.6875,0.02697066595830222,0.0
E52_a1af1f4ab7d520e82e20be53,9.004003898974545,0.45430012492889205,0.45430012492889205,547.7224457312177,598.7128286250978,789.5025940991541,0.30660524396013417,0.009166666666666667,0.1312934027777778,0.4470653134045786,2.112934686595422,0.8602920895610692,611.8845947265625,0.0,0.0,611.8845947265625,739.5845947265625,5921.269455743655,499.0620422363281,30.0,757.7224457312177,0.0,1,P0002_M022_G00,P0002_M022_G00,P0002,M022,2126.963655264559,2556.651155264559,429.6875,0.45430012492889205,0.0
E52_afb1e3673ff3adbe9c45b8fc,0.7145216992373804,6.956106286850726,0.7145216992373804,250.21040235058808,271.27175132926646,374.0527108291059,0.1419599864782851,0.009166666666666667,0.1312934027777778,0.28242005592272956,2.277579944077271,0.911743732524147,252.73618774414064,0.0,0.0,252.73618774414064,380.4361877441406,2805.395331218294,291.6474609375,30.0,460.2104023505881,0.0,1,P0002_M022_G00,P0002_M022_G00,P0002,M022,2126.963655264559,2556.651155264559,429.6875,0.7145216992373804,0.0
E52_b60e4d2a4cdcd5801a5d757f,9.6910339592972,16.480566458341656,9.6910339592972,308.26023760270465,345.626388522301,392.32356968783114,0.16519254750221457,0.009166666666666667,0.1312934027777778,0.305652616946659,2.2543473830533416,0.9044835572041691,448.39381103515626,0.0,0.0,448.39381103515626,576.0938110351562,2942.4267726587336,326.2397766113281,30.0,518.2602376027046,0.0,1,P0002_M022_G00,P0002_M022_G00,P0002,M022,2126.963655264559,2556.651155264559,429.6875,9.6910339592972,0.0
E52_b8aeee13ee5f313ffdb298e7,9.341569033412739,0.32052137756616617,0.32052137756616617,550.9628084392909,600.9445446860357,802.0351993981131,0.309532562555218,0.009166666666666667,0.1312934027777778,0.44999263199966244,2.110007368000338,0.8593773025001055,599.7808349609375,0.0,0.0,599.7808349609375,727.4808349609375,6015.263995485849,488.552978515625,30.0,760.9628084392909,0.0,1,P0002_M022_G00,P0002_M022_G00,P0002,M022,2126.963655264559,2556.651155264559,429.6875,0.32052137756616617,0.0
E52_c0294c7ff44d44fc4ede8d97,9.63131941890856,16.7256600789149,9.63131941890856,316.70783025924425,358.9570632507807,379.92026256926977,0.16644027302831577,0.009166666666666667,0.1312934027777778,0.3069003424727602,2.2530996575272404,0.9040936429772625,506.9907958984375,0.0,0.0,506.9907958984375,634.6907958984375,2849.4019692695233,334.6907958984375,30.0,526.7078302592442,0.0,1,P0002_M022_G00,P0002_M022_G00,P0002,M022,2126.963655264559,2556.651155264559,429.6875,9.63131941890856,0.0
E52_c10a50247c57c0340b451298,23.102510605611926,3.1495087650690863,3.1495087650690863,410.4813485396202,450.8988478275434,578.4577013517014,0.22790762835174688,0.009166666666666667,0.1312934027777778,0.36836769779619133,2.1916323022038093,0.8848850944386902,485.00999145507814,0.0,0.0,485.00999145507814,612.7099914550781,4338.432760137761,515.4917602539062,30.0,620.4813485396203,0.0,1,P0002_M022_G00,P0002_M022_G00,P0002,M022,2126.963655264559,2556.651155264559,429.6875,3.1495087650690863,0.0
E52_c117f06f984d58b2275e6c48,9.624131919930264,0.365836005255062,0.365836005255062,533.3106765870443,577.980769869108,798.6007934817058,0.30276832431446593,0.009166666666666667,0.1312934027777778,0.4432283937589104,2.11677160624109,0.8614911269503405,536.0411193847656,0.0,0.0,536.0411193847656,663.7411193847656,5989.505951112793,425.30462646484375,30.0,743.3106765870443,0.0,1,P0002_M022_G00,P0002_M022_G00,P0002,M022,2126.963655264559,2556.651155264559,429.6875,0.365836005255062,0.0
E52_d22cbe82615c6d2ee0ebf49f,10.18232641347295,15.758568264926964,10.18232641347295,318.17309843891866,352.9726015110215,427.5491784452201,0.1737067461230003,0.009166666666666667,0.1312934027777778,0.31416681556744475,2.2458331844325556,0.9018228701351735,417.5940368652344,0.0,0.0,417.5940368652344,545.2940368652344,3206.618838339151,335.390380859375,30.0,528.1730984389187,0.0,1,P0002_M022_G00,P0002_M022_G00,P0002,M022,2126.963655264559,2556.651155264559,429.6875,10.18232641347295,0.0
E52_d6d1511afdebb88632549a71,11.95681392735753,16.177909036830457,11.95681392735753,342.76879390848103,389.67749650450963,404.08537224079015,0.1791309979165653,0.009166666666666667,0.1312934027777778,0.31959106736100973,2.240408932638991,0.9001277914496845,562.9044311523437,0.0,0.0,562.9044311523437,690.6044311523438,3030.640291805926,390.60443115234375,30.0,552.768793908481,0.0,1,P0002_M022_G00,P0002_M022_G00,P0002,M022,2126.963655264559,2556.651155264559,429.6875,11.95681392735753,0.0
E52_da487d3b8a0906fb4529d12f,9.466834534918036,15.138353346482333,9.466834534918036,331.4673547495513,365.316990573119,459.8368945576963,0.18300743845595838,0.009166666666666667,0.1312934027777778,0.3234675079004028,2.236532492099598,0.8989164037811241,406.1956298828125,0.0,0.0,406.1956298828125,533.8956298828125,3448.7767091827222,283.8956298828125,30.0,541.4673547495513,0.0,1,P0002_M022_G00,P0002_M022_G00,P0002,M022,2126.963655264559,2556.651155264559,429.6875,9.466834534918036,0.0
E52_dbec4f1422e98765afb262aa,10.873853311460351,16.38523852602286,10.873853311460351,322.5402116809159,364.1002534899979,395.72017250733956,0.1707521496628321,0.009166666666666667,0.1312934027777778,0.31121221910727653,2.248787780892724,0.9027461815289761,498.7205017089844,0.0,0.0,498.7205017089844,626.4205017089844,2967.901293805047,326.4205017089844,30.0,532.540211680916,0.0,1,P0002_M022_G00,P0002_M022_G00,P0002,M022,2126.963655264559,2556.651155264559,429.6875,10.873853311460351,0.0
E52_dd12fb0cc4aee52816704b73,9.533385753575843,0.5498680641518376,0.5498680641518376,547.6210002825783,600.0718247658139,780.5370536657424,0.3052994367315811,0.009166666666666667,0.1312934027777778,0.44575950617602556,2.114240493823975,0.860700154319992,629.4098937988281,0.0,0.0,629.4098937988281,757.1098937988281,5854.027902493068,543.108642578125,30.0,757.6210002825783,0.0,1,P0002_M022_G00,P0002_M022_G00,P0002,M022,2126.963655264559,2556.651155264559,429.6875,0.5498680641518376,0.0
E52_de2c36302e014a6d0284c896,10.188846349369086,15.994052628622484,10.188846349369086,325.41177480357015,364.7238282296769,414.95122905049965,0.1744969638873427,0.009166666666666667,0.1312934027777778,0.31495703333178715,2.2450429666682132,0.9015759270838165,471.74464111328126,0.0,0.0,471.74464111328126,599.4446411132812,3112.134217878747,326.2397766113281,30.0,535.4117748035701,0.0,1,P0002_M022_G00,P0002_M022_G00,P0002,M022,2126.963655264559,2556.651155264559,429.6875,10.188846349369086,0.0
E52_e0325aad0b87e7c07e10fc2c,0.2899807215817418,5.987785159048158,0.2899807215817418,275.1983248954777,294.96932963587483,418.60161500091635,0.15682137892336617,0.009166666666666667,0.1312934027777778,0.2972814483678106,2.2627185516321897,0.9070995473850592,248.53977661132814,11.2877197265625,11.2877197265625,248.53977661132814,376.2397766113281,3139.5121125068727,326.2397766113281,30.0,485.1983248954777,0.0,1,P0002_M022_G00,P0002_M022_G00,P0002,M022,2126.963655264559,2556.651155264559,429.6875,0.2899807215817418,0.0
E52_e0cd6bab1a22c4530d9a254c,0.9640283382708787,6.471069764274475,0.9640283382708787,260.0402116809159,280.7669201566646,395.72017250733956,0.14852449968212222,0.009166666666666667,0.1312934027777778,0.28898456912656667,2.271015430873434,0.9096923221479479,248.7205017089844,0.0,0.0,248.7205017089844,376.4205017089844,2967.901293805047,326.4205017089844,30.0,470.0402116809159,0.0,1,P0002_M022_G00,P0002_M022_G00,P0002,M022,2126.963655264559,2556.651155264559,429.6875,0.9640283382708787,0.0
E52_ea76d341ab82f2ebc1fa1efe,0.2590687234203841,6.056283714240493,0.2590687234203841,275.41177480357015,298.05716156301025,414.95122905049965,0.15671484390277482,0.009166666666666667,0.1312934027777778,0.29717491334721924,2.2628250866527813,0.9071328395789939,271.74464111328126,0.0,0.0,271.74464111328126,399.44464111328125,3112.134217878747,326.2397766113281,30.0,485.41177480357015,0.0,1,P0002_M022_G00,P0002_M022_G00,P0002,M022,2126.963655264559,2556.651155264559,429.6875,0.2590687234203841,0.0
E52_f2fabdd802684ffd17ed2273,0.6936377613534717,16.925225818485302,0.6936377613534717,275.2104023505881,304.60508466259984,374.0527108291059,0.15085104647056902,0.009166666666666667,0.1312934027777778,0.29131111591501346,2.268688884084987,0.9089652762765583,352.73618774414064,0.0,0.0,352.73618774414064,480.4361877441406,2805.395331218294,291.6474609375,30.0,485.2104023505881,0.0,1,P0002_M022_G00,P0002_M022_G00,P0002,M022,2126.963655264559,2556.651155264559,429.6875,0.6936377613534717,0.0
E52_2e64690809088e2a96fb2160,14.805856492206104,9.500767968691491,9.500767968691491,523.7789293194231,550.945126524013,884.5606754113072,0.31155234822715455,0.009166666666666667,0.19253819444444445,0.5132572093382657,2.046742790661735,0.839607122081792,325.99436645507814,0.0,0.0,325.99436645507814,453.6943664550781,6634.205065584804,329.6845703125,30.0,733.7789293194231,0.0,1,P0002_M023_G00,P0002_M023_G00,P0002,M023,5431.103796975273,6061.228796975273,630.125,9.500767968691491,0.0
E52_30110e5b3ae38ecfab28ace2,5.268987734543231,10.05954008012911,5.268987734543231,514.4106891471403,547.7506496268766,828.7816154158626,0.30032099335417484,0.009166666666666667,0.19253819444444445,0.5020258544652859,2.0579741455347147,0.8431169204795982,400.07952575683595,0.0,0.0,400.07952575683595,527.7795257568359,6215.862115618969,313.0162353515625,30.0,724.4106891471403,0.0,1,P0002_M023_G00,P0002_M023_G00,P0002,M023,5431.103796975273,6061.228796975273,630.125,5.268987734543231,0.0
E52_413d3eff5d481ef66f8d3068,14.735970289408357,9.493762996477216,9.493762996477216,548.7789293194231,584.2784598573463,884.5606754113072,0.3204434082194385,0.009166666666666667,0.19253819444444445,0.5221482693305496,2.037851730669451,0.8368286658342032,425.99436645507814,0.0,0.0,425.99436645507814,553.6943664550781,6634.205065584804,329.6845703125,30.0,758.7789293194231,0.0,1,P0002_M023_G00,P0002_M023_G00,P0002,M023,5431.103796975273,6061.228796975273,630.125,9.493762996477216,0.0
E52_88c1c7aba1fcf94c58dad20e,14.779064422060486,9.497510042154289,9.497510042154289,536.2789293194231,567.6117931906797,884.5606754113072,0.3159978782232965,0.009166666666666667,0.19253819444444445,0.5177027393344076,2.0422972606655927,0.8382178939579976,375.99436645507814,0.0,0.0,375.99436645507814,503.6943664550781,6634.205065584804,329.6845703125,30.0,746.2789293194231,0.0,1,P0002_M023_G00,P0002_M023_G00,P0002,M023,5431.103796975273,6061.228796975273,630.125,9.497510042154289,0.0
E52_b677873645e212a13901ede2,1.2512697614083237,9.230718628911887,1.2512697614083237,575.9444140089429,616.0268887810784,911.3939793850733,0.3339048259552679,0.009166666666666667,0.19253819444444445,0.535609687066379,2.0243903129336216,0.8326219727917565,480.989697265625,0.0,0.0,480.989697265625,608.689697265625,6835.45484538805,390.98822021484375,30.0,785.9444140089429,0.0,1,P0002_M023_G00,P0002_M023_G00,P0002,M023,5431.103796975273,6061.228796975273,630.125,1.2512697614083237,0.0
E52_cdef0b479e00ae29ebd83132,4.640389078516122,10.01648148125875,4.640389078516122,520.0071121141804,554.5433095222207,832.7970397801186,0.3028799960747676,0.009166666666666667,0.19253819444444445,0.5045848571858788,2.055415142814122,0.8423172321294129,414.4343688964844,0.0,0.0,414.4343688964844,542.1343688964844,6245.977798350889,297.6476745605469,30.0,730.0071121141804,0.0,1,P0002_M023_G00,P0002_M023_G00,P0002,M023,5431.103796975273,6061.228796975273,630.125,4.640389078516122,0.0
E52_01234cac2d25748209cb57e8,0.2621317893827779,5.963634638729843,0.2621317893827779,279.2236617812399,298.99466652163704,419.772700963196,0.15824405002114064,0.009166666666666667,0.1312934027777778,0.29870411946558506,2.2612958805344157,0.9066549626670046,254.4365661621094,17.18450927734375,17.18450927734375,254.4365661621094,382.1365661621094,3148.2952572239697,332.1365661621094,30.0,489.2236617812399,0.0,1,P0002_M024_G00,P0002_M024_G00,P0002,M024,816.0625,1245.75,429.6875,0.2621317893827779,0.0
E52_06eb0baa948af7ff52881bcf,11.34921240453653,16.258674653736037,11.34921240453653,296.7597053393259,328.36499963050426,403.88764493158146,0.16274021246714285,0.009166666666666667,0.1312934027777778,0.3032002819115873,2.256799718088413,0.9052499119026289,379.26353149414064,0.0,0.0,379.26353149414064,506.9635314941406,3029.157336986861,310.16876220703125,30.0,506.7597053393259,0.0,1,P0002_M024_G00,P0002_M024_G00,P0002,M024,816.0625,1245.75,429.6875,11.34921240453653,0.0
E52_0c9d91fc306062a18ada9948,10.190425106668542,15.697900697510477,10.190425106668542,331.42241999480143,370.2725110389095,429.7442937249544,0.1787296459836012,0.009166666666666667,0.1312934027777778,0.31918971542804564,2.240810284571955,0.9002532139287357,466.2010925292969,0.0,0.0,466.2010925292969,593.9010925292969,3223.082202937158,335.390380859375,30.0,541.4224199948014,0.0,1,P0002_M024_G00,P0002_M024_G00,P0002,M024,816.0625,1245.75,429.6875,10.190425106668542,0.0
E52_189eb019491ad876aa165071,14.62560917721207,3.8094716871601975,3.8094716871601975,403.09916814168594,448.35288467407526,534.676037089036,0.21908171065325852,0.009166666666666667,0.1312934027777778,0.359541780097703,2.2004582199022975,0.8876431937194678,543.0445983886718,0.0,0.0,543.0445983886718,670.7445983886719,4010.07027816777,391.87322998046875,30.0,613.0991681416859,0.0,1,P0002_M024_G00,P0002_M024_G00,P0002,M024,816.0625,1245.75,429.6875,3.8094716871601975,0.0
E52_1eac4bbcd37cec5d48241661,0.22059627934990544,6.04580255430777,0.22059627934990544,275.66392246828667,298.30930922772677,415.4555243799327,0.1568759382441215,0.009166666666666667,0.1312934027777778,0.29733600768856594,2.2626639923114347,0.9070824975973232,271.74464111328126,0.0,0.0,271.74464111328126,399.44464111328125,3115.9164328494953,326.2397766113281,30.0,485.66392246828667,0.0,1,P0002_M024_G00,P0002_M024_G00,P0002,M024,816.0625,1245.75,429.6875,0.22059627934990544,0.0
E52_231555d7070bcf1a0911e332,10.270015299215657,5.981962334569488,5.981962334569488,303.4113952968874,335.0249979987103,417.14117438283733,0.1669828432889251,0.009166666666666667,0.1312934027777778,0.30744291273336954,2.2525570872666307,0.9039240897708221,379.363232421875,0.0,0.0,379.363232421875,507.063232421875,3128.55880787128,326.2397766113281,30.0,513.4113952968873,0.0,1,P0002_M024_G00,P0002_M024_G00,P0002,M024,816.0625,1245.75,429.6875,5.981962334569488,0.0
E52_231de36c6439da832299e30f,11.086036405358143,16.451156269229884,11.086036405358143,336.2639482811268,383.1573412254627,391.1675388962379,0.1749881335365896,0.009166666666666667,0.1312934027777778,0.31544820298103404,2.2445517970189663,0.9014224365684269,562.7207153320312,0.0,0.0,562.7207153320312,690.4207153320312,2933.7565417217843,390.42071533203125,30.0,546.2639482811268,0.0,1,P0002_M024_G00,P0002_M024_G00,P0002,M024,816.0625,1245.75,429.6875,11.086036405358143,0.0
E52_246111a1ef063bec9e89ec9e,22.41708310411812,13.03223549741864,13.03223549741864,413.11352328410356,453.07003166626504,586.4879962752384,0.22998101771643822,0.009166666666666667,0.1312934027777778,0.37044108716088264,2.189558912839118,0.8842371602622242,479.4781005859375,0.0,0.0,479.4781005859375,607.1781005859375,4398.659972064288,469.28277587890625,30.0,623.1135232841036,0.0,1,P0002_M024_G00,P0002_M024_G00,P0002,M024,816.0625,1245.75,429.6875,13.03223549741864,0.0
E52_27bf01e9e990859ae5993708,10.242823238504869,15.932490639468014,10.242823238504869,318.6138217216496,355.0514931287134,418.60161500091635,0.17259630304263499,0.009166666666666667,0.1312934027777778,0.3130563724870794,2.246943627512921,0.9021698835977877,437.25205688476564,0.0,0.0,437.25205688476564,564.9520568847656,3139.5121125068727,326.2397766113281,30.0,528.6138217216496,0.0,1,P0002_M024_G00,P0002_M024_G00,P0002,M024,816.0625,1245.75,429.6875,10.242823238504869,0.0
E52_27bf1882d0e1a812c8450c72,10.928491222917913,16.18675851321828,10.928491222917913,334.03154784809436,377.9609795090644,404.48650573036844,0.17608047258726683,0.009166666666666667,0.1312934027777778,0.3165405420317113,2.243459457968289,0.9010810806150902,527.1531799316406,0.0,0.0,527.1531799316406,654.8531799316406,3033.648792977763,364.9013671875,30.0,544.0315478480943,0.0,1,P0002_M024_G00,P0002_M024_G00,P0002,M024,816.0625,1245.75,429.6875,10.928491222917913,0.0
E52_2d7a36258a59c18fc6a856bf,9.861556805186666,16.662039037059316,9.861556805186666,318.72117968179435,361.17160743651436,382.73979283526836,0.16755561647288383,0.009166666666666667,0.1312934027777778,0.3080156859173283,2.251984314082672,0.9037450981508349,509.40513305664064,0.0,0.0,509.40513305664064,637.1051330566406,2870.5484462645127,346.4301452636719,30.0,528.7211796817944,0.0,1,P0002_M024_G00,P0002_M024_G00,P0002,M024,816.0625,1245.75,429.6875,9.861556805186666,0.0
E52_347c51b45a583dd4c5a4aad0,9.606261708895559,10.359339260709504,9.606261708895559,545.8106765870443,594.6474365357748,798.6007934817058,0.3072138543106079,0.009166666666666667,0.1312934027777778,0.4476739237550523,2.112326076244948,0.8601018988265462,586.0411193847656,0.0,0.0,586.0411193847656,713.7411193847656,5989.505951112793,425.30462646484375,30.0,755.8106765870443,0.0,1,P0002_M024_G00,P0002_M024_G00,P0002,M024,816.0625,1245.75,429.6875,9.606261708895559,0.0
E52_3a94b6482baa2cfaba8a857d,10.380551441773832,16.425448776817632,10.380551441773832,326.01303055755295,369.111023518165,393.4381033514341,0.17166403726355467,0.009166666666666667,0.1312934027777778,0.3121241067079991,2.2478758932920013,0.9024612166537502,517.1759155273437,0.0,0.0,517.1759155273437,644.8759155273438,2950.785775135756,352.4370422363281,30.0,536.013030557553,0.0,1,P0002_M024_G00,P0002_M024_G00,P0002,M024,816.0625,1245.75,429.6875,10.380551441773832,0.0
E52_437c6a333219b14c3939f26c,0.2912240527004428,6.0194831627628105,0.2912240527004428,277.09771274073506,296.211315442558,417.14117438283733,0.1570562493971614,0.009166666666666667,0.1312934027777778,0.29751631884160584,2.2624836811583946,0.9070261503619982,248.53977661132814,19.176544189453125,19.176544189453125,248.53977661132814,376.2397766113281,3128.55880787128,326.2397766113281,30.0,487.09771274073506,0.0,1,P0002_M024_G00,P0002_M024_G00,P0002,M024,816.0625,1245.75,429.6875,0.2912240527004428,0.0
E52_47db2d0d55c92154c779a4c9,11.176286595238821,16.45726286038159,11.176286595238821,312.62709924858126,351.3219092257948,393.08533863388124,0.16685347284684848,0.009166666666666667,0.1312934027777778,0.30731354229129293,2.2526864577087076,0.9039645180339709,464.3377197265625,0.0,0.0,464.3377197265625,592.0377197265625,2948.1400397541092,295.61395263671875,30.0,522.6270992485813,0.0,1,P0002_M024_G00,P0002_M024_G00,P0002,M024,816.0625,1245.75,429.6875,11.176286595238821,0.0
E52_60b0dc656c777ee2cc2279b1,8.977891259015252,0.21315146591224732,0.21315146591224732,563.4362729251038,615.9641949832094,811.705013501575,0.3153381258454166,0.009166666666666667,0.1312934027777778,0.45579819528986104,2.1042018047101396,0.8575630639719184,630.3350646972656,0.0,0.0,630.3350646972656,758.0350646972656,6087.787601261813,495.9024353027344,30.0,773.4362729251038,0.0,1,P0002_M024_G00,P0002_M024_G00,P0002,M024,816.0625,1245.75,429.6875,0.21315146591224732,0.0
E52_6aa461eda22a4c53e6730e81,0.26027333458110036,6.478254834226846,0.26027333458110036,265.89885796308323,288.44260847170955,395.1560268799425,0.15049315106948455,0.009166666666666667,0.1312934027777778,0.290953220513929,2.2690467794860716,0.9090771185893972,271.70716552734376,1.182159423828125,1.182159423828125,271.70716552734376,399.40716552734375,2963.670201599569,349.40716552734375,30.0,475.89885796308323,0.0,1,P0002_M024_G00,P0002_M024_G00,P0002,M024,816.0625,1245.75,429.6875,0.26027333458110036,0.0
E52_6dc095df8eb6475486134b5c,21.261824796801946,12.905188948092743,12.905188948092743,424.06014837873875,466.2734748964797,594.8403376510322,0.23505698741925235,0.009166666666666667,0.1312934027777778,0.3755170568636968,2.1844829431363038,0.8826509197300948,506.55991821289064,0.0,0.0,506.55991821289064,634.2599182128906,4461.302532382741,440.2059631347656,30.0,634.0601483787387,0.0,1,P0002_M024_G00,P0002_M024_G00,P0002,M024,816.0625,1245.75,429.6875,12.905188948092743,0.0
E52_73baea82bbbffa2db9d7426a,10.241631917232525,5.711384152670419,5.711384152670419,297.3854850658978,324.64222792478455,431.2305129784753,0.16683515196021612,0.009166666666666667,0.1312934027777778,0.3072952214046606,2.25270477859534,0.9039702433110436,327.08091430664064,0.0,0.0,327.08091430664064,454.7809143066406,3234.2288473385647,335.390380859375,30.0,507.3854850658978,0.0,1,P0002_M024_G00,P0002_M024_G00,P0002,M024,816.0625,1245.75,429.6875,5.711384152670419,0.0
E52_74b3fb0a4920873efc33101b,1.2602427488312316,6.525083879148042,1.2602427488312316,262.62709924858126,284.6552425591281,393.08533863388124,0.14907135286228057,0.009166666666666667,0.1312934027777778,0.289531422306725,2.2704685776932756,0.9095214305291485,264.3377197265625,0.0,0.0,264.3377197265625,392.0377197265625,2948.1400397541092,295.61395263671875,30.0,472.62709924858126,0.0,1,P0002_M024_G00,P0002_M024_G00,P0002,M024,816.0625,1245.75,429.6875,1.2602427488312316,0.0
E52_7dc5542bb1ad046741692f59,9.646877129001481,15.630401191468053,9.646877129001481,333.52010664670297,372.50493279823297,433.1312563842263,0.17995534493942492,0.009166666666666667,0.1312934027777778,0.32041541438386933,2.2395845856161314,0.8998701830050408,467.8179138183594,0.0,0.0,467.8179138183594,595.5179138183594,3248.484422881697,322.1230773925781,30.0,543.520106646703,0.0,1,P0002_M024_G00,P0002_M024_G00,P0002,M024,816.0625,1245.75,429.6875,9.646877129001481,0.0
E52_82c821a5773d0bfbe554f10a,7.048096127868064,11.397135806608844,7.048096127868064,512.9354114719376,566.0737563002253,707.0407539741487,0.2825549862639304,0.009166666666666667,0.1312934027777778,0.42301505570837483,2.1369849442916258,0.8678077950911329,637.6601379394531,0.0,0.0,637.6601379394531,765.3601379394531,5302.805654806116,465.3601379394531,30.0,722.9354114719376,0.0,1,P0002_M024_G00,P0002_M024_G00,P0002,M024,816.0625,1245.75,429.6875,7.048096127868064,0.0
E52_8ca7795ffa642a3b129c0a3d,10.116181077439208,15.730152054416479,10.116181077439208,330.94608252023,369.9122522589995,428.0951466078428,0.17832668261553564,0.009166666666666667,0.1312934027777778,0.3187867520599801,2.2412132479400206,0.9003791399812562,467.5940368652344,0.0,0.0,467.5940368652344,595.2940368652344,3210.713599558821,335.390380859375,30.0,540.94608252023,0.0,1,P0002_M024_G00,P0002_M024_G00,P0002,M024,816.0625,1245.75,429.6875,10.116181077439208,0.0
E52_8d375985c45fff9288668cb3,10.94719854612093,16.222123863058812,10.94719854612093,353.99602207193686,405.21742048909175,400.663653640944,0.182639281392285,0.009166666666666667,0.1312934027777778,0.32309935083672947,2.236900649163271,0.899031452863522,614.6567810058593,0.0,0.0,614.6567810058593,742.3567810058594,3004.97740230708,442.3567810058594,30.0,563.9960220719369,0.0,1,P0002_M024_G00,P0002_M024_G00,P0002,M024,816.0625,1245.75,429.6875,10.94719854612093,0.0
E52_9026ce0d2a5dd9a75ef73c8e,0.8347239862368383,6.720084116703532,0.8347239862368383,248.6739065082912,267.42831222931983,384.70630707582717,0.14291941710941022,0.009166666666666667,0.1312934027777778,0.2833794865538547,2.276620513446146,0.9114439104519204,225.15150146484376,0.0986328125,0.0986328125,225.15150146484376,352.85150146484375,2885.297303068704,302.85150146484375,30.0,458.6739065082912,0.0,1,P0002_M024_G00,P0002_M024_G00,P0002,M024,816.0625,1245.75,429.6875,0.8347239862368383,0.0
E52_9b18c2085562c5280ea1e394,8.632290886797136,0.02697066595830222,0.02697066595830222,563.4972144032131,613.0086493397365,829.9258191872856,0.3179402888393461,0.009166666666666667,0.1312934027777778,0.45840035828379055,2.10159964171621,0.8567498880363155,594.1372192382812,0.0,0.0,594.1372192382812,721.8372192382812,6224.443643904642,493.42156982421875,30.0,773.4972144032131,0.0,1,P0002_M024_G00,P0002_M024_G00,P0002,M024,816.0625,1245.75,429.6875,0.02697066595830222,0.0
E52_a1af1f4ab7d520e82e20be53,9.004003898974545,0.45430012492889205,0.45430012492889205,547.7224457312177,598.7128286250978,789.5025940991541,0.30660524396013417,0.009166666666666667,0.1312934027777778,0.4470653134045786,2.112934686595422,0.8602920895610692,611.8845947265625,0.0,0.0,611.8845947265625,739.5845947265625,5921.269455743655,499.0620422363281,30.0,757.7224457312177,0.0,1,P0002_M024_G00,P0002_M024_G00,P0002,M024,816.0625,1245.75,429.6875,0.45430012492889205,0.0
E52_afb1e3673ff3adbe9c45b8fc,0.7145233039155556,6.956106286850726,0.7145233039155556,250.21040235058808,271.27175132926646,374.0527108291059,0.1419599864782851,0.009166666666666667,0.1312934027777778,0.28242005592272956,2.277579944077271,0.911743732524147,252.73618774414064,0.0,0.0,252.73618774414064,380.4361877441406,2805.395331218294,291.6474609375,30.0,460.2104023505881,0.0,1,P0002_M024_G00,P0002_M024_G00,P0002,M024,816.0625,1245.75,429.6875,0.7145233039155556,0.0
E52_b60e4d2a4cdcd5801a5d757f,9.6910339592972,16.480566458341656,9.6910339592972,308.26023760270465,345.626388522301,392.32356968783114,0.16519254750221457,0.009166666666666667,0.1312934027777778,0.305652616946659,2.2543473830533416,0.9044835572041691,448.39381103515626,0.0,0.0,448.39381103515626,576.0938110351562,2942.4267726587336,326.2397766113281,30.0,518.2602376027046,0.0,1,P0002_M024_G00,P0002_M024_G00,P0002,M024,816.0625,1245.75,429.6875,9.6910339592972,0.0
E52_b8aeee13ee5f313ffdb298e7,9.341569033412739,0.32052137756616617,0.32052137756616617,550.9628084392909,600.9445446860357,802.0351993981131,0.309532562555218,0.009166666666666667,0.1312934027777778,0.44999263199966244,2.110007368000338,0.8593773025001055,599.7808349609375,0.0,0.0,599.7808349609375,727.4808349609375,6015.263995485849,488.552978515625,30.0,760.9628084392909,0.0,1,P0002_M024_G00,P0002_M024_G00,P0002,M024,816.0625,1245.75,429.6875,0.32052137756616617,0.0
E52_c0294c7ff44d44fc4ede8d97,9.63131941890856,16.7256600789149,9.63131941890856,316.70783025924425,358.9570632507807,379.92026256926977,0.16644027302831577,0.009166666666666667,0.1312934027777778,0.3069003424727602,2.2530996575272404,0.9040936429772625,506.9907958984375,0.0,0.0,506.9907958984375,634.6907958984375,2849.4019692695233,334.6907958984375,30.0,526.7078302592442,0.0,1,P0002_M024_G00,P0002_M024_G00,P0002,M024,816.0625,1245.75,429.6875,9.63131941890856,0.0
E52_c10a50247c57c0340b451298,23.102510605611926,3.1495087650690863,3.1495087650690863,410.4813485396202,450.8988478275434,578.4577013517014,0.22790762835174688,0.009166666666666667,0.1312934027777778,0.36836769779619133,2.1916323022038093,0.8848850944386902,485.00999145507814,0.0,0.0,485.00999145507814,612.7099914550781,4338.432760137761,515.4917602539062,30.0,620.4813485396203,0.0,1,P0002_M024_G00,P0002_M024_G00,P0002,M024,816.0625,1245.75,429.6875,3.1495087650690863,0.0
E52_c117f06f984d58b2275e6c48,9.624131919930264,0.365836005255062,0.365836005255062,533.3106765870443,577.980769869108,798.6007934817058,0.30276832431446593,0.009166666666666667,0.1312934027777778,0.4432283937589104,2.11677160624109,0.8614911269503405,536.0411193847656,0.0,0.0,536.0411193847656,663.7411193847656,5989.505951112793,425.30462646484375,30.0,743.3106765870443,0.0,1,P0002_M024_G00,P0002_M024_G00,P0002,M024,816.0625,1245.75,429.6875,0.365836005255062,0.0
E52_d22cbe82615c6d2ee0ebf49f,10.18232641347295,15.758568264926964,10.18232641347295,318.17309843891866,352.9726015110215,427.5491784452201,0.1737067461230003,0.009166666666666667,0.1312934027777778,0.31416681556744475,2.2458331844325556,0.9018228701351735,417.5940368652344,0.0,0.0,417.5940368652344,545.2940368652344,3206.618838339151,335.390380859375,30.0,528.1730984389187,0.0,1,P0002_M024_G00,P0002_M024_G00,P0002,M024,816.0625,1245.75,429.6875,10.18232641347295,0.0
E52_d6d1511afdebb88632549a71,11.95681392735753,16.177909036830457,11.95681392735753,342.76879390848103,389.67749650450963,404.08537224079015,0.1791309979165653,0.009166666666666667,0.1312934027777778,0.31959106736100973,2.240408932638991,0.9001277914496845,562.9044311523437,0.0,0.0,562.9044311523437,690.6044311523438,3030.640291805926,390.60443115234375,30.0,552.768793908481,0.0,1,P0002_M024_G00,P0002_M024_G00,P0002,M024,816.0625,1245.75,429.6875,11.95681392735753,0.0
E52_da487d3b8a0906fb4529d12f,9.466834534918036,15.138353346482333,9.466834534918036,331.4673547495513,365.316990573119,459.8368945576963,0.18300743845595838,0.009166666666666667,0.1312934027777778,0.3234675079004028,2.236532492099598,0.8989164037811241,406.1956298828125,0.0,0.0,406.1956298828125,533.8956298828125,3448.7767091827222,283.8956298828125,30.0,541.4673547495513,0.0,1,P0002_M024_G00,P0002_M024_G00,P0002,M024,816.0625,1245.75,429.6875,9.466834534918036,0.0
E52_dbec4f1422e98765afb262aa,10.873853311460351,16.38523852602286,10.873853311460351,322.5402116809159,364.1002534899979,395.72017250733956,0.1707521496628321,0.009166666666666667,0.1312934027777778,0.31121221910727653,2.248787780892724,0.9027461815289761,498.7205017089844,0.0,0.0,498.7205017089844,626.4205017089844,2967.901293805047,326.4205017089844,30.0,532.540211680916,0.0,1,P0002_M024_G00,P0002_M024_G00,P0002,M024,816.0625,1245.75,429.6875,10.873853311460351,0.0
E52_dd12fb0cc4aee52816704b73,9.533385753575843,0.5498680641518376,0.5498680641518376,547.6210002825783,600.0718247658139,780.5370536657424,0.3052994367315811,0.009166666666666667,0.1312934027777778,0.44575950617602556,2.114240493823975,0.860700154319992,629.4098937988281,0.0,0.0,629.4098937988281,757.1098937988281,5854.027902493068,543.108642578125,30.0,757.6210002825783,0.0,1,P0002_M024_G00,P0002_M024_G00,P0002,M024,816.0625,1245.75,429.6875,0.5498680641518376,0.0
E52_de2c36302e014a6d0284c896,10.188846349369086,15.994052628622484,10.188846349369086,325.41177480357015,364.7238282296769,414.95122905049965,0.1744969638873427,0.009166666666666667,0.1312934027777778,0.31495703333178715,2.2450429666682132,0.9015759270838165,471.74464111328126,0.0,0.0,471.74464111328126,599.4446411132812,3112.134217878747,326.2397766113281,30.0,535.4117748035701,0.0,1,P0002_M024_G00,P0002_M024_G00,P0002,M024,816.0625,1245.75,429.6875,10.188846349369086,0.0
E52_e0325aad0b87e7c07e10fc2c,0.2899631471324966,5.987785159048158,0.2899631471324966,275.1983248954777,294.96932963587483,418.60161500091635,0.15682137892336617,0.009166666666666667,0.1312934027777778,0.2972814483678106,2.2627185516321897,0.9070995473850592,248.53977661132814,11.2877197265625,11.2877197265625,248.53977661132814,376.2397766113281,3139.5121125068727,326.2397766113281,30.0,485.1983248954777,0.0,1,P0002_M024_G00,P0002_M024_G00,P0002,M024,816.0625,1245.75,429.6875,0.2899631471324966,0.0
E52_e0cd6bab1a22c4530d9a254c,0.9640469256907807,6.471069764274475,0.9640469256907807,260.0402116809159,280.7669201566646,395.72017250733956,0.14852449968212222,0.009166666666666667,0.1312934027777778,0.28898456912656667,2.271015430873434,0.9096923221479479,248.7205017089844,0.0,0.0,248.7205017089844,376.4205017089844,2967.901293805047,326.4205017089844,30.0,470.0402116809159,0.0,1,P0002_M024_G00,P0002_M024_G00,P0002,M024,816.0625,1245.75,429.6875,0.9640469256907807,0.0
E52_ea76d341ab82f2ebc1fa1efe,0.2590687234203841,6.056283714240493,0.2590687234203841,275.41177480357015,298.05716156301025,414.95122905049965,0.15671484390277482,0.009166666666666667,0.1312934027777778,0.29717491334721924,2.2628250866527813,0.9071328395789939,271.74464111328126,0.0,0.0,271.74464111328126,399.44464111328125,3112.134217878747,326.2397766113281,30.0,485.41177480357015,0.0,1,P0002_M024_G00,P0002_M024_G00,P0002,M024,816.0625,1245.75,429.6875,0.2590687234203841,0.0
E52_f2fabdd802684ffd17ed2273,0.6936377613534717,16.925225818485302,0.6936377613534717,275.2104023505881,304.60508466259984,374.0527108291059,0.15085104647056902,0.009166666666666667,0.1312934027777778,0.29131111591501346,2.268688884084987,0.9089652762765583,352.73618774414064,0.0,0.0,352.73618774414064,480.4361877441406,2805.395331218294,291.6474609375,30.0,485.2104023505881,0.0,1,P0002_M024_G00,P0002_M024_G00,P0002,M024,816.0625,1245.75,429.6875,0.6936377613534717,0.0
E52_0c9d91fc306062a18ada9948,7.0084862389900024,15.697900697510477,7.0084862389900024,331.42241999480143,370.2725110389095,429.7442937249544,0.1787296459836012,0.009166666666666667,0.1929201388888889,0.3808164515391568,2.179183548460844,0.8809948588940135,466.2010925292969,0.0,0.0,466.2010925292969,593.9010925292969,3223.082202937158,335.390380859375,30.0,541.4224199948014,0.0,1,P0002_M025_G00,P0002_M025_G00,P0002,M025,3335.6148105291177,3966.9898105291177,631.375,7.0084862389900024,0.0
E52_189eb019491ad876aa165071,9.695128280784644,3.8094716871601975,3.8094716871601975,403.09916814168594,448.35288467407526,534.676037089036,0.21908171065325852,0.009166666666666667,0.1929201388888889,0.42116851620881407,2.1388314837911864,0.8683848386847456,543.0445983886718,0.0,0.0,543.0445983886718,670.7445983886719,4010.07027816777,391.87322998046875,30.0,613.0991681416859,0.0,1,P0002_M025_G00,P0002_M025_G00,P0002,M025,3335.6148105291177,3966.9898105291177,631.375,3.8094716871601975,0.0
E52_215ef380a7eb56a6f7d09ab1,7.236269287947721,12.440860913671315,7.236269287947721,437.2780853288336,478.35957590907447,628.0672271762219,0.2444635461376352,0.009166666666666667,0.1929201388888889,0.4465503516931908,2.1134496483068097,0.8604530150958779,492.97788696289064,0.0,0.0,492.97788696289064,620.6778869628906,4710.504203821664,324.9881591796875,30.0,647.2780853288336,0.0,1,P0002_M025_G00,P0002_M025_G00,P0002,M025,3335.6148105291177,3966.9898105291177,631.375,7.236269287947721,0.0
E52_231de36c6439da832299e30f,4.599017917286076,16.451156269229884,4.599017917286076,336.2639482811268,383.1573412254627,391.1675388962379,0.1749881335365896,0.009166666666666667,0.1929201388888889,0.3770749390921452,2.182925060907855,0.8821640815337046,562.7207153320312,0.0,0.0,562.7207153320312,690.4207153320312,2933.7565417217843,390.42071533203125,30.0,546.2639482811268,0.0,1,P0002_M025_G00,P0002_M025_G00,P0002,M025,3335.6148105291177,3966.9898105291177,631.375,4.599017917286076,0.0
E52_246111a1ef063bec9e89ec9e,8.575691888014816,13.03223549741864,8.575691888014816,413.11352328410356,453.07003166626504,586.4879962752384,0.22998101771643822,0.009166666666666667,0.1929201388888889,0.4320678232719938,2.127932176728007,0.8649788052275019,479.4781005859375,0.0,0.0,479.4781005859375,607.1781005859375,4398.659972064288,469.28277587890625,30.0,623.1135232841036,0.0,1,P0002_M025_G00,P0002_M025_G00,P0002,M025,3335.6148105291177,3966.9898105291177,631.375,8.575691888014816,0.0
E52_27bf1882d0e1a812c8450c72,6.4104812089145184,16.18675851321828,6.4104812089145184,334.03154784809436,377.9609795090644,404.48650573036844,0.17608047258726683,0.009166666666666667,0.1929201388888889,0.37816727814282236,2.181832721857178,0.881822725580368,527.1531799316406,0.0,0.0,527.1531799316406,654.8531799316406,3033.648792977763,364.9013671875,30.0,544.0315478480943,0.0,1,P0002_M025_G00,P0002_M025_G00,P0002,M025,3335.6148105291177,3966.9898105291177,631.375,6.4104812089145184,0.0
E52_2d7a36258a59c18fc6a856bf,5.997167616304111,16.662039037059316,5.997167616304111,318.72117968179435,361.17160743651436,382.73979283526836,0.16755561647288383,0.009166666666666667,0.1929201388888889,0.3696424220284394,2.190357577971561,0.8844867431161128,509.40513305664064,0.0,0.0,509.40513305664064,637.1051330566406,2870.5484462645127,346.4301452636719,30.0,528.7211796817944,0.0,1,P0002_M025_G00,P0002_M025_G00,P0002,M025,3335.6148105291177,3966.9898105291177,631.375,5.997167616304111,0.0
E52_347c51b45a583dd4c5a4aad0,8.08780158933817,10.359339260709504,8.08780158933817,545.8106765870443,594.6474365357748,798.6007934817058,0.3072138543106079,0.009166666666666667,0.1929201388888889,0.5093006598661635,2.050699340133837,0.8408435437918239,586.0411193847656,0.0,0.0,586.0411193847656,713.7411193847656,5989.505951112793,425.30462646484375,30.0,755.8106765870443,0.0,1,P0002_M025_G00,P0002_M025_G00,P0002,M025,3335.6148105291177,3966.9898105291177,631.375,8.08780158933817,0.0
E52_3875f0f2b8e39572338b498b,7.224642538904277,12.654831201135607,7.224642538904277,430.443023323014,471.8276755243487,612.5781334380202,0.23983909257274777,0.009166666666666667,0.1929201388888889,0.4419258981283033,2.1180741018716973,0.8618981568349052,496.61582641601564,0.0,0.0,496.61582641601564,624.3158264160156,4594.336000785152,324.3158264160156,30.0,640.443023323014,0.0,1,P0002_M025_G00,P0002_M025_G00,P0002,M025,3335.6148105291177,3966.9898105291177,631.375,7.224642538904277,0.0
E52_3a94b6482baa2cfaba8a857d,6.205753892012169,16.425448776817632,6.205753892012169,326.01303055755295,369.111023518165,393.4381033514341,0.17166403726355467,0.009166666666666667,0.1929201388888889,0.3737508428191102,2.18624915718089,0.8832028616190281,517.1759155273437,0.0,0.0,517.1759155273437,644.8759155273438,2950.785775135756,352.4370422363281,30.0,536.013030557553,0.0,1,P0002_M025_G00,P0002_M025_G00,P0002,M025,3335.6148105291177,3966.9898105291177,631.375,6.205753892012169,0.0
E52_47db2d0d55c92154c779a4c9,6.061526749283374,16.45726286038159,6.061526749283374,312.62709924858126,351.3219092257948,393.08533863388124,0.16685347284684848,0.009166666666666667,0.1929201388888889,0.36894027840240406,2.1910597215975964,0.8847061629992488,464.3377197265625,0.0,0.0,464.3377197265625,592.0377197265625,2948.1400397541092,295.61395263671875,30.0,522.6270992485813,0.0,1,P0002_M025_G00,P0002_M025_G00,P0002,M025,3335.6148105291177,3966.9898105291177,631.375,6.061526749283374,0.0
E52_60b0dc656c777ee2cc2279b1,8.289346897395106,0.21315146591224732,0.21315146591224732,563.4362729251038,615.9641949832094,811.705013501575,0.3153381258454166,0.009166666666666667,0.1929201388888889,0.5174249314009721,2.0425750685990285,0.8383047089371962,630.3350646972656,0.0,0.0,630.3350646972656,758.0350646972656,6087.787601261813,495.9024353027344,30.0,773.4362729251038,0.0,1,P0002_M025_G00,P0002_M025_G00,P0002,M025,3335.6148105291177,3966.9898105291177,631.375,0.21315146591224732,0.0
E52_6dc095df8eb6475486134b5c,9.025375827509535,12.905188948092743,9.025375827509535,424.06014837873875,466.2734748964797,594.8403376510322,0.23505698741925235,0.009166666666666667,0.1929201388888889,0.4371437929748079,2.1228562070251926,0.8633925646953725,506.55991821289064,0.0,0.0,506.55991821289064,634.2599182128906,4461.302532382741,440.2059631347656,30.0,634.0601483787387,0.0,1,P0002_M025_G00,P0002_M025_G00,P0002,M025,3335.6148105291177,3966.9898105291177,631.375,9.025375827509535,0.0
E52_7dc5542bb1ad046741692f59,7.00648707818759,15.630401191468053,7.00648707818759,333.52010664670297,372.50493279823297,433.1312563842263,0.17995534493942492,0.009166666666666667,0.1929201388888889,0.38204215049498047,2.1779578495050202,0.8806118279703186,467.8179138183594,0.0,0.0,467.8179138183594,595.5179138183594,3248.484422881697,322.1230773925781,30.0,543.520106646703,0.0,1,P0002_M025_G00,P0002_M025_G00,P0002,M025,3335.6148105291177,3966.9898105291177,631.375,7.00648707818759,0.0
E52_82c821a5773d0bfbe554f10a,11.263450711461502,11.397135806608844,11.263450711461502,512.9354114719376,566.0737563002253,707.0407539741487,0.2825549862639304,0.009166666666666667,0.1929201388888889,0.48464179181948597,2.0753582081805146,0.8485494400564106,637.6601379394531,0.0,0.0,637.6601379394531,765.3601379394531,5302.805654806116,465.3601379394531,30.0,722.9354114719376,0.0,1,P0002_M025_G00,P0002_M025_G00,P0002,M025,3335.6148105291177,3966.9898105291177,631.375,11.263450711461502,0.0
E52_8ca7795ffa642a3b129c0a3d,6.966080081699303,15.730152054416479,6.966080081699303,330.94608252023,369.9122522589995,428.0951466078428,0.17832668261553564,0.009166666666666667,0.1929201388888889,0.3804134881710912,2.1795865118289095,0.881120784946534,467.5940368652344,0.0,0.0,467.5940368652344,595.2940368652344,3210.713599558821,335.390380859375,30.0,540.94608252023,0.0,1,P0002_M025_G00,P0002_M025_G00,P0002,M025,3335.6148105291177,3966.9898105291177,631.375,6.966080081699303,0.0
E52_8d375985c45fff9288668cb3,4.407503473049033,16.222123863058812,4.407503473049033,353.99602207193686,405.21742048909175,400.663653640944,0.182639281392285,0.009166666666666667,0.1929201388888889,0.38472608694784055,2.17527391305216,0.8797730978287999,614.6567810058593,0.0,0.0,614.6567810058593,742.3567810058594,3004.97740230708,442.3567810058594,30.0,563.9960220719369,0.0,1,P0002_M025_G00,P0002_M025_G00,P0002,M025,3335.6148105291177,3966.9898105291177,631.375,4.407503473049033,0.0
E52_9b18c2085562c5280ea1e394,7.531810172165578,0.02697066595830222,0.02697066595830222,563.4972144032131,613.0086493397365,829.9258191872856,0.3179402888393461,0.009166666666666667,0.1929201388888889,0.5200270943949017,2.039972905605099,0.8374915330015933,594.1372192382812,0.0,0.0,594.1372192382812,721.8372192382812,6224.443643904642,493.42156982421875,30.0,773.4972144032131,0.0,1,P0002_M025_G00,P0002_M025_G00,P0002,M025,3335.6148105291177,3966.9898105291177,631.375,0.02697066595830222,0.0
E52_a1af1f4ab7d520e82e20be53,9.520041117266729,0.45430012492889205,0.45430012492889205,547.7224457312177,598.7128286250978,789.5025940991541,0.30660524396013417,0.009166666666666667,0.1929201388888889,0.5086920495156897,2.051307950484311,0.841033734526347,611.8845947265625,0.0,0.0,611.8845947265625,739.5845947265625,5921.269455743655,499.0620422363281,30.0,757.7224457312177,0.0,1,P0002_M025_G00,P0002_M025_G00,P0002,M025,3335.6148105291177,3966.9898105291177,631.375,0.45430012492889205,0.0
E52_b8aeee13ee5f313ffdb298e7,8.420006753457756,0.32052137756616617,0.32052137756616617,550.9628084392909,600.9445446860357,802.0351993981131,0.309532562555218,0.009166666666666667,0.1929201388888889,0.5116193681107736,2.048380631889227,0.8401189474653833,599.7808349609375,0.0,0.0,599.7808349609375,727.4808349609375,6015.263995485849,488.552978515625,30.0,760.9628084392909,0.0,1,P0002_M025_G00,P0002_M025_G00,P0002,M025,3335.6148105291177,3966.9898105291177,631.375,0.32052137756616617,0.0
E52_be69bdf55826f2eb34075d09,8.607486198729944,12.029424972929434,8.607486198729944,457.6877788138426,500.48965717077624,658.5642874860837,0.25604119113741575,0.009166666666666667,0.1929201388888889,0.45812799669297133,2.101872003307029,0.8568350010334465,513.6225402832031,0.0,0.0,513.6225402832031,641.3225402832031,4939.232156145627,341.3225402832031,30.0,667.6877788138427,0.0,1,P0002_M025_G00,P0002_M025_G00,P0002,M025,3335.6148105291177,3966.9898105291177,631.375,8.607486198729944,0.0
E52_c0294c7ff44d44fc4ede8d97,5.940365891923506,16.7256600789149,5.940365891923506,316.70783025924425,358.9570632507807,379.92026256926977,0.16644027302831577,0.009166666666666667,0.1929201388888889,0.36852707858387135,2.1914729214161293,0.8848352879425402,506.9907958984375,0.0,0.0,506.9907958984375,634.6907958984375,2849.4019692695233,334.6907958984375,30.0,526.7078302592442,0.0,1,P0002_M025_G00,P0002_M025_G00,P0002,M025,3335.6148105291177,3966.9898105291177,631.375,5.940365891923506,0.0
E52_c10a50247c57c0340b451298,8.14063124848731,3.1495087650690863,3.1495087650690863,410.4813485396202,450.8988478275434,578.4577013517014,0.22790762835174688,0.009166666666666667,0.1929201388888889,0.4299944339073024,2.130005566092698,0.8656267394039681,485.00999145507814,0.0,0.0,485.00999145507814,612.7099914550781,4338.432760137761,515.4917602539062,30.0,620.4813485396203,0.0,1,P0002_M025_G00,P0002_M025_G00,P0002,M025,3335.6148105291177,3966.9898105291177,631.375,3.1495087650690863,0.0
E52_c117f06f984d58b2275e6c48,8.09612637649596,0.365836005255062,0.365836005255062,533.3106765870443,577.980769869108,798.6007934817058,0.30276832431446593,0.009166666666666667,0.1929201388888889,0.5048551298700215,2.055144870129979,0.8422327719156183,536.0411193847656,0.0,0.0,536.0411193847656,663.7411193847656,5989.505951112793,425.30462646484375,30.0,743.3106765870443,0.0,1,P0002_M025_G00,P0002_M025_G00,P0002,M025,3335.6148105291177,3966.9898105291177,631.375,0.365836005255062,0.0
E52_d6d1511afdebb88632549a71,5.148881955737139,16.177909036830457,5.148881955737139,342.76879390848103,389.67749650450963,404.08537224079015,0.1791309979165653,0.009166666666666667,0.1929201388888889,0.38121780347212086,2.1787821965278797,0.8808694364149623,562.9044311523437,0.0,0.0,562.9044311523437,690.6044311523438,3030.640291805926,390.60443115234375,30.0,552.768793908481,0.0,1,P0002_M025_G00,P0002_M025_G00,P0002,M025,3335.6148105291177,3966.9898105291177,631.375,5.148881955737139,0.0
E52_dbec4f1422e98765afb262aa,6.201096709067627,16.38523852602286,6.201096709067627,322.5402116809159,364.1002534899979,395.72017250733956,0.1707521496628321,0.009166666666666667,0.1929201388888889,0.3728389552183876,2.1871610447816128,0.8834878264942538,498.7205017089844,0.0,0.0,498.7205017089844,626.4205017089844,2967.901293805047,326.4205017089844,30.0,532.540211680916,0.0,1,P0002_M025_G00,P0002_M025_G00,P0002,M025,3335.6148105291177,3966.9898105291177,631.375,6.201096709067627,0.0
E52_dd12fb0cc4aee52816704b73,9.563311381086137,0.5498680641518376,0.5498680641518376,547.6210002825783,600.0718247658139,780.5370536657424,0.3052994367315811,0.009166666666666667,0.1929201388888889,0.5073862422871367,2.052613757712864,0.8414417992852699,629.4098937988281,0.0,0.0,629.4098937988281,757.1098937988281,5854.027902493068,543.108642578125,30.0,757.6210002825783,0.0,1,P0002_M025_G00,P0002_M025_G00,P0002,M025,3335.6148105291177,3966.9898105291177,631.375,0.5498680641518376,0.0
E52_de2c36302e014a6d0284c896,6.690406713655818,15.994052628622484,6.690406713655818,325.41177480357015,364.7238282296769,414.95122905049965,0.1744969638873427,0.009166666666666667,0.1929201388888889,0.3765837694428983,2.183416230557102,0.8823175720490943,471.74464111328126,0.0,0.0,471.74464111328126,599.4446411132812,3112.134217878747,326.2397766113281,30.0,535.4117748035701,0.0,1,P0002_M025_G00,P0002_M025_G00,P0002,M025,3335.6148105291177,3966.9898105291177,631.375,6.690406713655818,0.0
E52_1ef47ef68c1879e18ddbb164,1.8109249337023954,9.684707827919368,1.8109249337023954,525.9457118932837,556.9823492630754,865.6715995678175,0.30964781577290457,0.009166666666666667,0.2921875,0.6110019824395712,1.9489980175604293,0.809061880487634,372.4396484375,0.0,0.0,372.4396484375,500.1396484375,6492.536996758631,304.7821350097656,30.0,735.9457118932837,0.0,1,P0002_M026_G00,P0002_M026_G00,P0002,M026,4370.4511805176735,5326.7011805176735,956.25,1.8109249337023954,0.0
E52_2e64690809088e2a96fb2160,6.76335636971038,9.500767968691491,6.76335636971038,523.7789293194231,550.945126524013,884.5606754113072,0.31155234822715455,0.009166666666666667,0.2921875,0.6129065148938212,1.9470934851061794,0.8084667140956809,325.99436645507814,0.0,0.0,325.99436645507814,453.6943664550781,6634.205065584804,329.6845703125,30.0,733.7789293194231,0.0,1,P0002_M026_G00,P0002_M026_G00,P0002,M026,4370.4511805176735,5326.7011805176735,956.25,6.76335636971038,0.0
E52_30110e5b3ae38ecfab28ace2,0.871248743195423,10.05954008012911,0.871248743195423,514.4106891471403,547.7506496268766,828.7816154158626,0.30032099335417484,0.009166666666666667,0.2921875,0.6016751600208414,1.958324839979159,0.811976512493487,400.07952575683595,0.0,0.0,400.07952575683595,527.7795257568359,6215.862115618969,313.0162353515625,30.0,724.4106891471403,0.0,1,P0002_M026_G00,P0002_M026_G00,P0002,M026,4370.4511805176735,5326.7011805176735,956.25,0.871248743195423,0.0
E52_413d3eff5d481ef66f8d3068,6.749665036785743,9.493762996477216,6.749665036785743,548.7789293194231,584.2784598573463,884.5606754113072,0.3204434082194385,0.009166666666666667,0.2921875,0.6217975748861051,1.9382024251138954,0.8056882578480922,425.99436645507814,0.0,0.0,425.99436645507814,553.6943664550781,6634.205065584804,329.6845703125,30.0,758.7789293194231,0.0,1,P0002_M026_G00,P0002_M026_G00,P0002,M026,4370.4511805176735,5326.7011805176735,956.25,6.749665036785743,0.0
E52_82c821a5773d0bfbe554f10a,5.523919136465679,11.397135806608844,5.523919136465679,512.9354114719376,566.0737563002253,707.0407539741487,0.2825549862639304,0.009166666666666667,0.2921875,0.5839091529305971,1.9760908470694034,0.8175283897091884,637.6601379394531,0.0,0.0,637.6601379394531,765.3601379394531,5302.805654806116,465.3601379394531,30.0,722.9354114719376,0.0,1,P0002_M026_G00,P0002_M026_G00,P0002,M026,4370.4511805176735,5326.7011805176735,956.25,5.523919136465679,0.0
E52_831cee7e7a3a549796e42b18,10.12243456287564,10.042846261792022,10.042846261792022,524.445203057942,560.9167693217765,830.061008532876,0.3040708837654974,0.009166666666666667,0.2921875,0.6054250504321641,1.9545749495678364,0.8108046717399487,437.65879516601564,0.0,0.0,437.65879516601564,565.3587951660156,6225.457563996571,359.5916748046875,30.0,734.445203057942,0.0,1,P0002_M026_G00,P0002_M026_G00,P0002,M026,4370.4511805176735,5326.7011805176735,956.25,10.042846261792022,0.0
E52_88c1c7aba1fcf94c58dad20e,6.757814076241871,9.497510042154289,6.757814076241871,536.2789293194231,567.6117931906797,884.5606754113072,0.3159978782232965,0.009166666666666667,0.2921875,0.6173520448899632,1.9426479551100373,0.8070774859718866,375.99436645507814,0.0,0.0,375.99436645507814,503.6943664550781,6634.205065584804,329.6845703125,30.0,746.2789293194231,0.0,1,P0002_M026_G00,P0002_M026_G00,P0002,M026,4370.4511805176735,5326.7011805176735,956.25,6.757814076241871,0.0
E52_c98d1e580ba9a8920eeacbdb,9.909069879097373,9.995636820319618,9.909069879097373,531.3190315479533,569.3529452238973,834.4345810402425,0.30713490815373307,0.009166666666666667,0.2921875,0.6084890748203997,1.9515109251796008,0.8098471641186251,456.40696411132814,0.0,0.0,456.40696411132814,584.1069641113281,6258.259357801819,362.73199462890625,30.0,741.3190315479533,0.0,1,P0002_M026_G00,P0002_M026_G00,P0002,M026,4370.4511805176735,5326.7011805176735,956.25,9.909069879097373,0.0
E52_cdef0b479e00ae29ebd83132,0.4692401324579123,10.01648148125875,0.4692401324579123,520.0071121141804,554.5433095222207,832.7970397801186,0.3028799960747676,0.009166666666666667,0.2921875,0.6042341627414343,1.9557658372585662,0.8111768241433018,414.4343688964844,0.0,0.0,414.4343688964844,542.1343688964844,6245.977798350889,297.6476745605469,30.0,730.0071121141804,0.0,1,P0002_M026_G00,P0002_M026_G00,P0002,M026,4370.4511805176735,5326.7011805176735,956.25,0.4692401324579123,0.0
E52_d3460088443e86b69235cf2f,9.820370805240273,10.110906533633653,9.820370805240273,520.9986937965015,557.4049117530444,823.5600798537452,0.3019244763287566,0.009166666666666667,0.2921875,0.6032786429954232,1.9567213570045774,0.8114754240639303,436.87461547851564,0.0,0.0,436.87461547851564,564.5746154785156,6176.700598903089,281.75616455078125,30.0,730.9986937965015,0.0,1,P0002_M026_G00,P0002_M026_G00,P0002,M026,4370.4511805176735,5326.7011805176735,956.25,9.820370805240273,0.0
E52_ef8fa59407d07a2296b5f591,1.3695242495045648,0.3151276047193221,0.3151276047193221,505.85939793409244,540.3898465933535,804.5361039126185,0.29384606362066074,0.009166666666666667,0.2921875,0.5952002302873274,1.9647997697126731,0.8139999280352102,414.3653839111328,0.0,0.0,414.3653839111328,542.0653839111328,6034.020779344639,284.8677062988281,30.0,715.8593979340924,0.0,1,P0002_M026_G00,P0002_M026_G00,P0002,M026,4370.4511805176735,5326.7011805176735,956.25,0.3151276047193221,0.0
E52_0fa03b8d9ed736d48919c1b7,4.742741805859765,11.555158541579928,4.742741805859765,469.53189880990186,510.00510285042924,696.2245733766397,0.2655870342753843,0.009166666666666667,0.2523984375,0.527152138442051,2.0328478615579497,0.8352649567368591,485.67844848632814,0.0,0.0,485.67844848632814,613.3784484863281,5221.684300324798,325.1297912597656,30.0,679.5318988099018,0.0,1,P0002_M028_G00,P0002_M028_G00,P0002,M028,4657.968649537144,5483.999899537144,826.03125,4.742741805859765,0.0
E52_1ef47ef68c1879e18ddbb164,3.398043037439095,9.684707827919368,3.398043037439095,525.9457118932837,556.9823492630754,865.6715995678175,0.30964781577290457,0.009166666666666667,0.2523984375,0.5712129199395712,1.9887870800604293,0.821495962518884,372.4396484375,0.0,0.0,372.4396484375,500.1396484375,6492.536996758631,304.7821350097656,30.0,735.9457118932837,0.0,1,P0002_M028_G00,P0002_M028_G00,P0002,M028,4657.968649537144,5483.999899537144,826.03125,3.398043037439095,0.0
E52_215ef380a7eb56a6f7d09ab1,2.537885409617246,12.440860913671315,2.537885409617246,437.2780853288336,478.35957590907447,628.0672271762219,0.2444635461376352,0.009166666666666667,0.2523984375,0.5060286503043019,2.053971349695699,0.8418660467799057,492.97788696289064,0.0,0.0,492.97788696289064,620.6778869628906,4710.504203821664,324.9881591796875,30.0,647.2780853288336,0.0,1,P0002_M028_G00,P0002_M028_G00,P0002,M028,4657.968649537144,5483.999899537144,826.03125,2.537885409617246,0.0
E52_24cc4f01335372459fb4c2ba,6.1310389492713,12.909161020133865,6.1310389492713,410.2633482290822,447.7953418407359,595.3347347882426,0.23022027843265847,0.009166666666666667,0.2523984375,0.49178538259932514,2.0682146174006752,0.8463170679377109,450.38392333984376,0.0,0.0,450.38392333984376,578.0839233398438,4465.010510911819,278.08392333984375,30.0,620.2633482290822,0.0,1,P0002_M028_G00,P0002_M028_G00,P0002,M028,4657.968649537144,5483.999899537144,826.03125,6.1310389492713,0.0
E52_2dadfb43d7dd9558e21effa9,6.345543613126054,12.85982438864363,6.345543613126054,396.07517918576866,428.1792069974549,599.5261915014202,0.22576797164618329,0.009166666666666667,0.2523984375,0.48733307581284996,2.0726669241871507,0.8477084138084844,385.2483337402344,0.0,0.0,385.2483337402344,512.9483337402344,4496.446436260651,251.37640380859375,30.0,606.0751791857687,0.0,1,P0002_M028_G00,P0002_M028_G00,P0002,M028,4657.968649537144,5483.999899537144,826.03125,6.345543613126054,0.0
E52_2e64690809088e2a96fb2160,6.026252380933741,9.500767968691491,6.026252380933741,523.7789293194231,550.945126524013,884.5606754113072,0.31155234822715455,0.009166666666666667,0.2523984375,0.5731174523938212,1.9868825476061793,0.8209007961269309,325.99436645507814,0.0,0.0,325.99436645507814,453.6943664550781,6634.205065584804,329.6845703125,30.0,733.7789293194231,0.0,1,P0002_M028_G00,P0002_M028_G00,P0002,M028,4657.968649537144,5483.999899537144,826.03125,6.026252380933741,0.0
E52_30110e5b3ae38ecfab28ace2,8.293295798173915,10.05954008012911,8.293295798173915,514.4106891471403,547.7506496268766,828.7816154158626,0.30032099335417484,0.009166666666666667,0.2523984375,0.5618860975208415,1.998113902479159,0.8244105945247371,400.07952575683595,0.0,0.0,400.07952575683595,527.7795257568359,6215.862115618969,313.0162353515625,30.0,724.4106891471403,0.0,1,P0002_M028_G00,P0002_M028_G00,P0002,M028,4657.968649537144,5483.999899537144,826.03125,8.293295798173915,0.0
E52_357bbbd4dc4420221c875ea3,7.575644866037791,12.241245229232817,7.575644866037791,405.4327582223269,433.1514265878055,644.5535062517828,0.23547283792056264,0.009166666666666667,0.2523984375,0.4970379420872293,2.062962057912771,0.8446756430977409,332.6240203857422,0.0,0.0,332.6240203857422,460.3240203857422,4834.151296888371,255.67149353027344,30.0,615.4327582223269,0.0,1,P0002_M028_G00,P0002_M028_G00,P0002,M028,4657.968649537144,5483.999899537144,826.03125,7.575644866037791,0.0
E52_3875f0f2b8e39572338b498b,2.428943672281946,12.654831201135607,2.428943672281946,430.443023323014,471.8276755243487,612.5781334380202,0.23983909257274777,0.009166666666666667,0.2523984375,0.5014041967394145,2.058595803260586,0.8433111885189329,496.61582641601564,0.0,0.0,496.61582641601564,624.3158264160156,4594.336000785152,324.3158264160156,30.0,640.443023323014,0.0,1,P0002_M028_G00,P0002_M028_G00,P0002,M028,4657.968649537144,5483.999899537144,826.03125,2.428943672281946,0.0
E52_413d3eff5d481ef66f8d3068,6.009055198369268,9.493762996477216,6.009055198369268,548.7789293194231,584.2784598573463,884.5606754113072,0.3204434082194385,0.009166666666666667,0.2523984375,0.5820085123861052,1.9779914876138953,0.8181223398793421,425.99436645507814,0.0,0.0,425.99436645507814,553.6943664550781,6634.205065584804,329.6845703125,30.0,758.7789293194231,0.0,1,P0002_M028_G00,P0002_M028_G00,P0002,M028,4657.968649537144,5483.999899537144,826.03125,6.009055198369268,0.0
E52_4513f74e4ba51c209cccc792,5.438623584529395,9.790974506635663,5.438623584529395,548.6050089915749,589.1156759023821,854.1460165183059,0.3160741321008959,0.009166666666666667,0.2523984375,0.5776392362675626,1.9823607637324379,0.8194877386663867,486.1280029296875,0.0,0.0,486.1280029296875,613.8280029296875,6406.095123887295,391.8226318359375,30.0,758.6050089915749,0.0,1,P0002_M028_G00,P0002_M028_G00,P0002,M028,4657.968649537144,5483.999899537144,826.03125,5.438623584529395,0.0
E52_575c4f100493de938643a13d,1.2735129256524829,2.099203328999508,1.2735129256524829,470.05405043895155,518.0123847895375,652.3580947743875,0.259560220504969,0.009166666666666667,0.2523984375,0.5211253246716356,2.0388746753283646,0.8371483360401138,575.5000122070312,0.0,0.0,575.5000122070312,703.2000122070312,4892.685710807907,437.3766174316406,30.0,680.0540504389515,0.0,1,P0002_M028_G00,P0002_M028_G00,P0002,M028,4657.968649537144,5483.999899537144,826.03125,1.2735129256524829,0.0
E52_7e5f4a4eaf9aa5b10576997a,6.0680963914717125,13.086620585622072,6.0680963914717125,384.11958913832314,414.7999833745699,584.1568128591658,0.21933939564120059,0.009166666666666667,0.2523984375,0.48090449980786726,2.079095500192133,0.8497173438100415,368.16473083496095,0.0,0.0,368.16473083496095,495.86473083496094,4381.1760964437435,251.37640380859375,30.0,594.1195891383231,0.0,1,P0002_M028_G00,P0002_M028_G00,P0002,M028,4657.968649537144,5483.999899537144,826.03125,6.0680963914717125,0.0
E52_82c821a5773d0bfbe554f10a,0.6230836731091074,11.397135806608844,0.6230836731091074,512.9354114719376,566.0737563002253,707.0407539741487,0.2825549862639304,0.009166666666666667,0.2523984375,0.5441200904305971,2.0158799095694033,0.8299624717404385,637.6601379394531,0.0,0.0,637.6601379394531,765.3601379394531,5302.805654806116,465.3601379394531,30.0,722.9354114719376,0.0,1,P0002_M028_G00,P0002_M028_G00,P0002,M028,4657.968649537144,5483.999899537144,826.03125,0.6230836731091074,0.0
E52_831cee7e7a3a549796e42b18,2.595053298307789,10.042846261792022,2.595053298307789,524.445203057942,560.9167693217765,830.061008532876,0.3040708837654974,0.009166666666666667,0.2523984375,0.5656359879321641,1.9943640120678365,0.8232387537711987,437.65879516601564,0.0,0.0,437.65879516601564,565.3587951660156,6225.457563996571,359.5916748046875,30.0,734.445203057942,0.0,1,P0002_M028_G00,P0002_M028_G00,P0002,M028,4657.968649537144,5483.999899537144,826.03125,2.595053298307789,0.0
E52_88c1c7aba1fcf94c58dad20e,6.018749271020425,9.497510042154289,6.018749271020425,536.2789293194231,567.6117931906797,884.5606754113072,0.3159978782232965,0.009166666666666667,0.2523984375,0.5775629823899632,1.9824370176100374,0.8195115680031365,375.99436645507814,0.0,0.0,375.99436645507814,503.6943664550781,6634.205065584804,329.6845703125,30.0,746.2789293194231,0.0,1,P0002_M028_G00,P0002_M028_G00,P0002,M028,4657.968649537144,5483.999899537144,826.03125,6.018749271020425,0.0
E52_924cec2d58c933358893a332,7.352343479023318,12.302862284422105,7.352343479023318,416.670444788364,448.9844576972996,639.4568121231148,0.23874762537865796,0.009166666666666667,0.2523984375,0.5003127295453247,2.059687270454676,0.843652272017086,387.7681549072266,0.0,0.0,387.7681549072266,515.4681549072266,4795.926090923361,252.644287109375,30.0,626.670444788364,0.0,1,P0002_M028_G00,P0002_M028_G00,P0002,M028,4657.968649537144,5483.999899537144,826.03125,7.352343479023318,0.0
E52_96da4f081c74d8211b4b244f,6.937264214523168,12.47027426673894,6.937264214523168,406.4445801679392,437.368205859671,627.3474061854878,0.23339590098708082,0.009166666666666667,0.2523984375,0.4949610051537475,2.065038994846253,0.8453246858894539,371.08350830078126,0.0,0.0,371.08350830078126,498.78350830078125,4705.105546391158,251.37640380859375,30.0,616.4445801679392,0.0,1,P0002_M028_G00,P0002_M028_G00,P0002,M028,4657.968649537144,5483.999899537144,826.03125,6.937264214523168,0.0
E52_b45db00398315637fb020e5f,2.9857581937912556,10.742298629097064,2.9857581937912556,520.0993036420956,566.0861185224667,764.2777180019647,0.2932088546230577,0.009166666666666667,0.2523984375,0.5547739587897244,2.005226041210276,0.8266331378782111,551.8417785644531,0.0,0.0,551.8417785644531,679.5417785644531,5732.082885014735,386.71868896484375,30.0,730.0993036420956,0.0,1,P0002_M028_G00,P0002_M028_G00,P0002,M028,4657.968649537144,5483.999899537144,826.03125,2.9857581937912556,0.0
E52_be69bdf55826f2eb34075d09,1.990666271520169,12.029424972929434,1.990666271520169,457.6877788138426,500.48965717077624,658.5642874860837,0.25604119113741575,0.009166666666666667,0.2523984375,0.5176062953040824,2.042393704695918,0.8382480327174743,513.6225402832031,0.0,0.0,513.6225402832031,641.3225402832031,4939.232156145627,341.3225402832031,30.0,667.6877788138427,0.0,1,P0002_M028_G00,P0002_M028_G00,P0002,M028,4657.968649537144,5483.999899537144,826.03125,1.990666271520169,0.0
E52_bfffb2993ede6e2e2bd9340b,5.25975548786549,13.053008949478723,5.25975548786549,400.85355156655817,436.85476820067277,585.6998033284289,0.22550922551216515,0.009166666666666667,0.2523984375,0.4870743296788318,2.072925670321169,0.847789271975365,432.014599609375,0.0,0.0,432.014599609375,559.714599609375,4392.748524963216,275.29461669921875,30.0,610.8535515665582,0.0,1,P0002_M028_G00,P0002_M028_G00,P0002,M028,4657.968649537144,5483.999899537144,826.03125,5.25975548786549,0.0
E52_c515ea57360fd29f9add62f7,3.1934017791412828,10.649906727109496,3.1934017791412828,525.5980011021792,572.0554631586571,772.4512298654912,0.29632198385281766,0.009166666666666667,0.2523984375,0.5578870880194844,2.0021129119805163,0.8256602849939112,557.4895446777343,0.0,0.0,557.4895446777343,685.1895446777344,5793.384223991184,393.3172912597656,30.0,735.5980011021792,0.0,1,P0002_M028_G00,P0002_M028_G00,P0002,M028,4657.968649537144,5483.999899537144,826.03125,3.1934017791412828,0.0
E52_c98d1e580ba9a8920eeacbdb,2.3750792528131655,9.995636820319618,2.3750792528131655,531.3190315479533,569.3529452238973,834.4345810402425,0.30713490815373307,0.009166666666666667,0.2523984375,0.5687000123203998,1.9912999876796007,0.8222812461498751,456.40696411132814,0.0,0.0,456.40696411132814,584.1069641113281,6258.259357801819,362.73199462890625,30.0,741.3190315479533,0.0,1,P0002_M028_G00,P0002_M028_G00,P0002,M028,4657.968649537144,5483.999899537144,826.03125,2.3750792528131655,0.0
E52_cdef0b479e00ae29ebd83132,7.932092754264744,10.01648148125875,7.932092754264744,520.0071121141804,554.5433095222207,832.7970397801186,0.3028799960747676,0.009166666666666667,0.2523984375,0.5644451002414343,1.9955548997585661,0.8236109061745518,414.4343688964844,0.0,0.0,414.4343688964844,542.1343688964844,6245.977798350889,297.6476745605469,30.0,730.0071121141804,0.0,1,P0002_M028_G00,P0002_M028_G00,P0002,M028,4657.968649537144,5483.999899537144,826.03125,7.932092754264744,0.0
E52_d3460088443e86b69235cf2f,4.33701458107241,10.110906533633653,4.33701458107241,520.9986937965015,557.4049117530444,823.5600798537452,0.3019244763287566,0.009166666666666667,0.2523984375,0.5634895804954232,1.9965104195045773,0.8239095060951802,436.87461547851564,0.0,0.0,436.87461547851564,564.5746154785156,6176.700598903089,281.75616455078125,30.0,730.9986937965015,0.0,1,P0002_M028_G00,P0002_M028_G00,P0002,M028,4657.968649537144,5483.999899537144,826.03125,4.33701458107241,0.0
E52_d7f1f5d49edaa9f52000c452,6.146184073429467,12.917919470378578,6.146184073429467,397.7633482290822,431.12867517406926,595.3347347882426,0.22577474843651651,0.009166666666666667,0.2523984375,0.4873398526031832,2.0726601473968174,0.8477062960615053,400.38392333984376,0.0,0.0,400.38392333984376,528.0839233398438,4465.010510911819,278.08392333984375,30.0,607.7633482290822,0.0,1,P0002_M028_G00,P0002_M028_G00,P0002,M028,4657.968649537144,5483.999899537144,826.03125,6.146184073429467,0.0
E52_da1eeef61bb4fffd90feecd9,5.1098972412253545,11.577048041656667,5.1098972412253545,464.4321692173844,503.4661769891943,694.6602918039094,0.2635518155735283,0.009166666666666667,0.2523984375,0.525116919740195,2.0348830802598057,0.8359009625811891,468.40809326171876,0.0,0.0,468.40809326171876,596.1080932617188,5209.952188529321,322.9142761230469,30.0,674.4321692173844,0.0,1,P0002_M028_G00,P0002_M028_G00,P0002,M028,4657.968649537144,5483.999899537144,826.03125,5.1098972412253545,0.0
E52_da487d3b8a0906fb4529d12f,0.14955749359428694,15.138353346482333,0.14955749359428694,331.4673547495513,365.316990573119,459.8368945576963,0.18300743845595838,0.009166666666666667,0.2523984375,0.444572542622625,2.1154274573773755,0.8610710804304297,406.1956298828125,0.0,0.0,406.1956298828125,533.8956298828125,3448.7767091827222,283.8956298828125,30.0,541.4673547495513,0.0,1,P0002_M028_G00,P0002_M028_G00,P0002,M028,4657.968649537144,5483.999899537144,826.03125,0.14955749359428694,0.0
E52_dbe1bedc9b83d29f34556dbd,6.244700193731603,13.016499113861627,6.244700193731603,387.86022911882606,419.0031732004504,588.862793747906,0.22133620210273125,0.009166666666666667,0.2523984375,0.4829013062693979,2.0770986937306026,0.8490933417908132,373.7153289794922,0.0,0.0,373.7153289794922,501.4153289794922,4416.470953109295,233.02317810058594,30.0,597.860229118826,0.0,1,P0002_M028_G00,P0002_M028_G00,P0002,M028,4657.968649537144,5483.999899537144,826.03125,6.244700193731603,0.0
E52_eb490529b308e18523949520,7.558875109955238,12.235001379754962,7.558875109955238,417.9327582223269,449.8180932544721,644.5535062517828,0.23991836791670462,0.009166666666666667,0.2523984375,0.5014834720833713,2.058516527916629,0.8432864149739465,382.6240203857422,0.0,0.0,382.6240203857422,510.3240203857422,4834.151296888371,255.67149353027344,30.0,627.9327582223269,0.0,1,P0002_M028_G00,P0002_M028_G00,P0002,M028,4657.968649537144,5483.999899537144,826.03125,7.558875109955238,0.0
E52_ede4029bd5e695a7a0c85289,6.159100800556587,12.925612211179384,6.159100800556587,385.2633482290822,414.4620085074026,595.3347347882426,0.22132921844037454,0.009166666666666667,0.2523984375,0.48289432260704124,2.077105677392959,0.8490955241852997,350.38392333984376,0.0,0.0,350.38392333984376,478.08392333984375,4465.010510911819,278.08392333984375,30.0,595.2633482290822,0.0,1,P0002_M028_G00,P0002_M028_G00,P0002,M028,4657.968649537144,5483.999899537144,826.03125,6.159100800556587,0.0
E52_ef8fa59407d07a2296b5f591,9.208085472474636,0.3151276047193221,0.3151276047193221,505.85939793409244,540.3898465933535,804.5361039126185,0.29384606362066074,0.009166666666666667,0.2523984375,0.5554111677873275,2.004588832212673,0.8264340100664602,414.3653839111328,0.0,0.0,414.3653839111328,542.0653839111328,6034.020779344639,284.8677062988281,30.0,715.8593979340924,0.0,1,P0002_M028_G00,P0002_M028_G00,P0002,M028,4657.968649537144,5483.999899537144,826.03125,0.3151276047193221,0.0
E52_fd527d975e1813662620f82c,1.8183366490410862,12.45056667278017,1.8183366490410862,418.2192341110554,452.9085204066283,628.3027504486734,0.23771876612520712,0.009166666666666667,0.2523984375,0.4992838702918738,2.0607161297081267,0.8439737905337894,416.271435546875,0.0,0.0,416.271435546875,543.971435546875,4712.2706283650505,307.606201171875,30.0,628.2192341110554,0.0,1,P0002_M028_G00,P0002_M028_G00,P0002,M028,4657.968649537144,5483.999899537144,826.03125,1.8183366490410862,0.0
