site_id,min_access_margin_db,backhaul_margin_db,min_twohop_margin_db,outbound_time_s,return_time_s,horizontal_time_s,flight_energy_kwh,setup_energy_kwh,service_energy_kwh,total_energy_kwh,energy_margin_kwh,return_soc,climb_out_m,climb_back_m,desc_out_m,desc_back_m,cruise_alt_m,horizontal_distance_m,max_dem_on_route_m,setup_time_s,earliest_ready_s,required_transport_shift_s,as_is_timing_feasible,atomic_task_id,parent_gap_id,pareto_id,transport_sortie_id,service_start_s,service_end_s,service_duration_s,robust_slack_db,Gamma_C_db
E52_0fa03b8d9ed736d48919c1b7,4.742741805859765,11.555158541579928,4.742741805859765,469.53189880990186,510.00510285042924,696.2245733766397,0.2655870342753843,0.009166666666666667,0.23550694444444445,0.5102606453864954,2.049739354613505,0.8405435483167202,485.67844848632814,0.0,0.0,485.67844848632814,613.3784484863281,5221.684300324798,325.1297912597656,30.0,679.5318988099018,0.0,1,E01_M003_G00,E01_M003_G00,E01,M003,2581.7375,3352.4875,770.75,4.742741805859765,0.0
E52_1ef47ef68c1879e18ddbb164,3.398043037439095,9.684707827919368,3.398043037439095,525.9457118932837,556.9823492630754,865.6715995678175,0.30964781577290457,0.009166666666666667,0.23550694444444445,0.5543214268840156,2.005678573115985,0.8267745540987451,372.4396484375,0.0,0.0,372.4396484375,500.1396484375,6492.536996758631,304.7821350097656,30.0,735.9457118932837,0.0,1,E01_M003_G00,E01_M003_G00,E01,M003,2581.7375,3352.4875,770.75,3.398043037439095,0.0
E52_215ef380a7eb56a6f7d09ab1,2.537885409617246,12.440860913671315,2.537885409617246,437.2780853288336,478.35957590907447,628.0672271762219,0.2444635461376352,0.009166666666666667,0.23550694444444445,0.4891371572487463,2.070862842751254,0.8471446383597668,492.97788696289064,0.0,0.0,492.97788696289064,620.6778869628906,4710.504203821664,324.9881591796875,30.0,647.2780853288336,0.0,1,E01_M003_G00,E01_M003_G00,E01,M003,2581.7375,3352.4875,770.75,2.537885409617246,0.0
E52_24cc4f01335372459fb4c2ba,6.1310389492713,12.909161020133865,6.1310389492713,410.2633482290822,447.7953418407359,595.3347347882426,0.23022027843265847,0.009166666666666667,0.23550694444444445,0.47489388954376954,2.085106110456231,0.851595659517572,450.38392333984376,0.0,0.0,450.38392333984376,578.0839233398438,4465.010510911819,278.08392333984375,30.0,620.2633482290822,0.0,1,E01_M003_G00,E01_M003_G00,E01,M003,2581.7375,3352.4875,770.75,6.1310389492713,0.0
E52_2dadfb43d7dd9558e21effa9,6.345543613126054,12.85982438864363,6.345543613126054,396.07517918576866,428.1792069974549,599.5261915014202,0.22576797164618329,0.009166666666666667,0.23550694444444445,0.4704415827572944,2.089558417242706,0.8529870053883455,385.2483337402344,0.0,0.0,385.2483337402344,512.9483337402344,4496.446436260651,251.37640380859375,30.0,606.0751791857687,0.0,1,E01_M003_G00,E01_M003_G00,E01,M003,2581.7375,3352.4875,770.75,6.345543613126054,0.0
E52_2e64690809088e2a96fb2160,6.013281185771618,9.500767968691491,6.013281185771618,523.7789293194231,550.945126524013,884.5606754113072,0.31155234822715455,0.009166666666666667,0.23550694444444445,0.5562259593382657,2.003774040661735,0.826179387706792,325.99436645507814,0.0,0.0,325.99436645507814,453.6943664550781,6634.205065584804,329.6845703125,30.0,733.7789293194231,0.0,1,E01_M003_G00,E01_M003_G00,E01,M003,2581.7375,3352.4875,770.75,6.013281185771618,0.0
E52_30110e5b3ae38ecfab28ace2,8.273028280706654,10.05954008012911,8.273028280706654,514.4106891471403,547.7506496268766,828.7816154158626,0.30032099335417484,0.009166666666666667,0.23550694444444445,0.5449946044652859,2.0150053955347147,0.8296891861045982,400.07952575683595,0.0,0.0,400.07952575683595,527.7795257568359,6215.862115618969,313.0162353515625,30.0,724.4106891471403,0.0,1,E01_M003_G00,E01_M003_G00,E01,M003,2581.7375,3352.4875,770.75,8.273028280706654,0.0
E52_357bbbd4dc4420221c875ea3,7.575644866037791,12.241245229232817,7.575644866037791,405.4327582223269,433.1514265878055,644.5535062517828,0.23547283792056264,0.009166666666666667,0.23550694444444445,0.48014644903167375,2.079853550968327,0.8499542346776019,332.6240203857422,0.0,0.0,332.6240203857422,460.3240203857422,4834.151296888371,255.67149353027344,30.0,615.4327582223269,0.0,1,E01_M003_G00,E01_M003_G00,E01,M003,2581.7375,3352.4875,770.75,7.575644866037791,0.0
E52_3875f0f2b8e39572338b498b,2.428943672281946,12.654831201135607,2.428943672281946,430.443023323014,471.8276755243487,612.5781334380202,0.23983909257274777,0.009166666666666667,0.23550694444444445,0.4845127036838589,2.0754872963161417,0.848589780098794,496.61582641601564,0.0,0.0,496.61582641601564,624.3158264160156,4594.336000785152,324.3158264160156,30.0,640.443023323014,0.0,1,E01_M003_G00,E01_M003_G00,E01,M003,2581.7375,3352.4875,770.75,2.428943672281946,0.0
E52_413d3eff5d481ef66f8d3068,5.996135188780158,9.493762996477216,5.996135188780158,548.7789293194231,584.2784598573463,884.5606754113072,0.3204434082194385,0.009166666666666667,0.23550694444444445,0.5651170193305496,1.994882980669451,0.8234009314592032,425.99436645507814,0.0,0.0,425.99436645507814,553.6943664550781,6634.205065584804,329.6845703125,30.0,758.7789293194231,0.0,1,E01_M003_G00,E01_M003_G00,E01,M003,2581.7375,3352.4875,770.75,5.996135188780158,0.0
E52_4513f74e4ba51c209cccc792,5.4298951042869135,9.790974506635663,5.4298951042869135,548.6050089915749,589.1156759023821,854.1460165183059,0.3160741321008959,0.009166666666666667,0.23550694444444445,0.560747743212007,1.9992522567879933,0.8247663302462478,486.1280029296875,0.0,0.0,486.1280029296875,613.8280029296875,6406.095123887295,391.8226318359375,30.0,758.6050089915749,0.0,1,E01_M003_G00,E01_M003_G00,E01,M003,2581.7375,3352.4875,770.75,5.4298951042869135,0.0
E52_575c4f100493de938643a13d,1.2735129256524829,2.099203328999508,1.2735129256524829,470.05405043895155,518.0123847895375,652.3580947743875,0.259560220504969,0.009166666666666667,0.23550694444444445,0.5042338316160802,2.0557661683839203,0.842426927619975,575.5000122070312,0.0,0.0,575.5000122070312,703.2000122070312,4892.685710807907,437.3766174316406,30.0,680.0540504389515,0.0,1,E01_M003_G00,E01_M003_G00,E01,M003,2581.7375,3352.4875,770.75,1.2735129256524829,0.0
E52_7e5f4a4eaf9aa5b10576997a,6.0680963914717125,13.086620585622072,6.0680963914717125,384.11958913832314,414.7999833745699,584.1568128591658,0.21933939564120059,0.009166666666666667,0.23550694444444445,0.4640130067523117,2.095986993247689,0.8549959353899026,368.16473083496095,0.0,0.0,368.16473083496095,495.86473083496094,4381.1760964437435,251.37640380859375,30.0,594.1195891383231,0.0,1,E01_M003_G00,E01_M003_G00,E01,M003,2581.7375,3352.4875,770.75,6.0680963914717125,0.0
E52_82c821a5773d0bfbe554f10a,0.6230836731091074,11.397135806608844,0.6230836731091074,512.9354114719376,566.0737563002253,707.0407539741487,0.2825549862639304,0.009166666666666667,0.23550694444444445,0.5272285973750415,2.032771402624959,0.8352410633202996,637.6601379394531,0.0,0.0,637.6601379394531,765.3601379394531,5302.805654806116,465.3601379394531,30.0,722.9354114719376,0.0,1,E01_M003_G00,E01_M003_G00,E01,M003,2581.7375,3352.4875,770.75,0.6230836731091074,0.0
E52_831cee7e7a3a549796e42b18,2.595053298307789,10.042846261792022,2.595053298307789,524.445203057942,560.9167693217765,830.061008532876,0.3040708837654974,0.009166666666666667,0.23550694444444445,0.5487444948766085,2.0112555051233922,0.8285173453510599,437.65879516601564,0.0,0.0,437.65879516601564,565.3587951660156,6225.457563996571,359.5916748046875,30.0,734.445203057942,0.0,1,E01_M003_G00,E01_M003_G00,E01,M003,2581.7375,3352.4875,770.75,2.595053298307789,0.0
E52_88c1c7aba1fcf94c58dad20e,6.0058004329140005,9.497510042154289,6.0058004329140005,536.2789293194231,567.6117931906797,884.5606754113072,0.3159978782232965,0.009166666666666667,0.23550694444444445,0.5606714893344076,1.999328510665593,0.8247901595829976,375.99436645507814,0.0,0.0,375.99436645507814,503.6943664550781,6634.205065584804,329.6845703125,30.0,746.2789293194231,0.0,1,E01_M003_G00,E01_M003_G00,E01,M003,2581.7375,3352.4875,770.75,6.0058004329140005,0.0
E52_924cec2d58c933358893a332,7.352343479023318,12.302862284422105,7.352343479023318,416.670444788364,448.9844576972996,639.4568121231148,0.23874762537865796,0.009166666666666667,0.23550694444444445,0.4834212364897691,2.0765787635102315,0.8489308635969471,387.7681549072266,0.0,0.0,387.7681549072266,515.4681549072266,4795.926090923361,252.644287109375,30.0,626.670444788364,0.0,1,E01_M003_G00,E01_M003_G00,E01,M003,2581.7375,3352.4875,770.75,7.352343479023318,0.0
E52_96da4f081c74d8211b4b244f,6.937264214523168,12.47027426673894,6.937264214523168,406.4445801679392,437.368205859671,627.3474061854878,0.23339590098708082,0.009166666666666667,0.23550694444444445,0.47806951209819193,2.0819304879018086,0.8506032774693151,371.08350830078126,0.0,0.0,371.08350830078126,498.78350830078125,4705.105546391158,251.37640380859375,30.0,616.4445801679392,0.0,1,E01_M003_G00,E01_M003_G00,E01,M003,2581.7375,3352.4875,770.75,6.937264214523168,0.0
E52_b45db00398315637fb020e5f,2.9857581937912556,10.742298629097064,2.9857581937912556,520.0993036420956,566.0861185224667,764.2777180019647,0.2932088546230577,0.009166666666666667,0.23550694444444445,0.5378824657341688,2.0221175342658317,0.8319117294580722,551.8417785644531,0.0,0.0,551.8417785644531,679.5417785644531,5732.082885014735,386.71868896484375,30.0,730.0993036420956,0.0,1,E01_M003_G00,E01_M003_G00,E01,M003,2581.7375,3352.4875,770.75,2.9857581937912556,0.0
E52_be69bdf55826f2eb34075d09,1.990666271520169,12.029424972929434,1.990666271520169,457.6877788138426,500.48965717077624,658.5642874860837,0.25604119113741575,0.009166666666666667,0.23550694444444445,0.5007148022485268,2.059285197751474,0.8435266242973354,513.6225402832031,0.0,0.0,513.6225402832031,641.3225402832031,4939.232156145627,341.3225402832031,30.0,667.6877788138427,0.0,1,E01_M003_G00,E01_M003_G00,E01,M003,2581.7375,3352.4875,770.75,1.990666271520169,0.0
E52_bfffb2993ede6e2e2bd9340b,5.25975548786549,13.053008949478723,5.25975548786549,400.85355156655817,436.85476820067277,585.6998033284289,0.22550922551216515,0.009166666666666667,0.23550694444444445,0.47018283662327626,2.089817163376724,0.8530678635552262,432.014599609375,0.0,0.0,432.014599609375,559.714599609375,4392.748524963216,275.29461669921875,30.0,610.8535515665582,0.0,1,E01_M003_G00,E01_M003_G00,E01,M003,2581.7375,3352.4875,770.75,5.25975548786549,0.0
E52_c515ea57360fd29f9add62f7,3.1934017791412828,10.649906727109496,3.1934017791412828,525.5980011021792,572.0554631586571,772.4512298654912,0.29632198385281766,0.009166666666666667,0.23550694444444445,0.5409955949639288,2.0190044050360716,0.8309388765737723,557.4895446777343,0.0,0.0,557.4895446777343,685.1895446777344,5793.384223991184,393.3172912597656,30.0,735.5980011021792,0.0,1,E01_M003_G00,E01_M003_G00,E01,M003,2581.7375,3352.4875,770.75,3.1934017791412828,0.0
E52_c98d1e580ba9a8920eeacbdb,2.3750792528131655,9.995636820319618,2.3750792528131655,531.3190315479533,569.3529452238973,834.4345810402425,0.30713490815373307,0.009166666666666667,0.23550694444444445,0.5518085192648442,2.008191480735156,0.8275598377297362,456.40696411132814,0.0,0.0,456.40696411132814,584.1069641113281,6258.259357801819,362.73199462890625,30.0,741.3190315479533,0.0,1,E01_M003_G00,E01_M003_G00,E01,M003,2581.7375,3352.4875,770.75,2.3750792528131655,0.0
E52_cdef0b479e00ae29ebd83132,7.913570793787301,10.01648148125875,7.913570793787301,520.0071121141804,554.5433095222207,832.7970397801186,0.3028799960747676,0.009166666666666667,0.23550694444444445,0.5475536071858788,2.012446392814122,0.8288894977544129,414.4343688964844,0.0,0.0,414.4343688964844,542.1343688964844,6245.977798350889,297.6476745605469,30.0,730.0071121141804,0.0,1,E01_M003_G00,E01_M003_G00,E01,M003,2581.7375,3352.4875,770.75,7.913570793787301,0.0
E52_d3460088443e86b69235cf2f,4.33701458107241,10.110906533633653,4.33701458107241,520.9986937965015,557.4049117530444,823.5600798537452,0.3019244763287566,0.009166666666666667,0.23550694444444445,0.5465980874398677,2.013401912560133,0.8291880976750413,436.87461547851564,0.0,0.0,436.87461547851564,564.5746154785156,6176.700598903089,281.75616455078125,30.0,730.9986937965015,0.0,1,E01_M003_G00,E01_M003_G00,E01,M003,2581.7375,3352.4875,770.75,4.33701458107241,0.0
E52_d7f1f5d49edaa9f52000c452,6.146184073429467,12.917919470378578,6.146184073429467,397.7633482290822,431.12867517406926,595.3347347882426,0.22577474843651651,0.009166666666666667,0.23550694444444445,0.47044835954762765,2.089551640452373,0.8529848876413664,400.38392333984376,0.0,0.0,400.38392333984376,528.0839233398438,4465.010510911819,278.08392333984375,30.0,607.7633482290822,0.0,1,E01_M003_G00,E01_M003_G00,E01,M003,2581.7375,3352.4875,770.75,6.146184073429467,0.0
E52_da1eeef61bb4fffd90feecd9,5.1098972412253545,11.577048041656667,5.1098972412253545,464.4321692173844,503.4661769891943,694.6602918039094,0.2635518155735283,0.009166666666666667,0.23550694444444445,0.5082254266846394,2.051774573315361,0.8411795541610502,468.40809326171876,0.0,0.0,468.40809326171876,596.1080932617188,5209.952188529321,322.9142761230469,30.0,674.4321692173844,0.0,1,E01_M003_G00,E01_M003_G00,E01,M003,2581.7375,3352.4875,770.75,5.1098972412253545,0.0
E52_da487d3b8a0906fb4529d12f,0.14955749359428694,15.138353346482333,0.14955749359428694,331.4673547495513,365.316990573119,459.8368945576963,0.18300743845595838,0.009166666666666667,0.23550694444444445,0.4276810495670695,2.132318950432931,0.8663496720102908,406.1956298828125,0.0,0.0,406.1956298828125,533.8956298828125,3448.7767091827222,283.8956298828125,30.0,541.4673547495513,0.0,1,E01_M003_G00,E01_M003_G00,E01,M003,2581.7375,3352.4875,770.75,0.14955749359428694,0.0
E52_dbe1bedc9b83d29f34556dbd,6.244700193731603,13.016499113861627,6.244700193731603,387.86022911882606,419.0031732004504,588.862793747906,0.22133620210273125,0.009166666666666667,0.23550694444444445,0.4660098132138424,2.093990186786158,0.8543719333706743,373.7153289794922,0.0,0.0,373.7153289794922,501.4153289794922,4416.470953109295,233.02317810058594,30.0,597.860229118826,0.0,1,E01_M003_G00,E01_M003_G00,E01,M003,2581.7375,3352.4875,770.75,6.244700193731603,0.0
E52_eb490529b308e18523949520,7.558875109955238,12.235001379754962,7.558875109955238,417.9327582223269,449.8180932544721,644.5535062517828,0.23991836791670462,0.009166666666666667,0.23550694444444445,0.4845919790278157,2.075408020972185,0.8485650065538076,382.6240203857422,0.0,0.0,382.6240203857422,510.3240203857422,4834.151296888371,255.67149353027344,30.0,627.9327582223269,0.0,1,E01_M003_G00,E01_M003_G00,E01,M003,2581.7375,3352.4875,770.75,7.558875109955238,0.0
E52_ede4029bd5e695a7a0c85289,6.159100800556587,12.925612211179384,6.159100800556587,385.2633482290822,414.4620085074026,595.3347347882426,0.22132921844037454,0.009166666666666667,0.23550694444444445,0.46600282955148564,2.0939971704485147,0.8543741157651608,350.38392333984376,0.0,0.0,350.38392333984376,478.08392333984375,4465.010510911819,278.08392333984375,30.0,595.2633482290822,0.0,1,E01_M003_G00,E01_M003_G00,E01,M003,2581.7375,3352.4875,770.75,6.159100800556587,0.0
E52_ef8fa59407d07a2296b5f591,9.184672865424972,0.3151276047193221,0.3151276047193221,505.85939793409244,540.3898465933535,804.5361039126185,0.29384606362066074,0.009166666666666667,0.23550694444444445,0.5385196747317719,2.0214803252682287,0.8317126016463213,414.3653839111328,0.0,0.0,414.3653839111328,542.0653839111328,6034.020779344639,284.8677062988281,30.0,715.8593979340924,0.0,1,E01_M003_G00,E01_M003_G00,E01,M003,2581.7375,3352.4875,770.75,0.3151276047193221,0.0
E52_fd527d975e1813662620f82c,1.8183366490410862,12.45056667278017,1.8183366490410862,418.2192341110554,452.9085204066283,628.3027504486734,0.23771876612520712,0.009166666666666667,0.23550694444444445,0.4823923772363182,2.0776076227636824,0.8492523821136506,416.271435546875,0.0,0.0,416.271435546875,543.971435546875,4712.2706283650505,307.606201171875,30.0,628.2192341110554,0.0,1,E01_M003_G00,E01_M003_G00,E01,M003,2581.7375,3352.4875,770.75,1.8183366490410862,0.0
E52_189eb019491ad876aa165071,4.910998135102375,3.8094716871601975,3.8094716871601975,403.09916814168594,448.35288467407526,534.676037089036,0.21908171065325852,0.009166666666666667,0.26021875,0.48846712731992514,2.0715328726800752,0.8473540227125234,543.0445983886718,0.0,0.0,543.0445983886718,670.7445983886719,4010.07027816777,391.87322998046875,30.0,613.0991681416859,0.0,1,E01_M004_G00,E01_M004_G00,E01,M004,5827.0,6678.625,851.625,3.8094716871601975,0.0
E52_231de36c6439da832299e30f,3.094118306520926,16.451156269229884,3.094118306520926,336.2639482811268,383.1573412254627,391.1675388962379,0.1749881335365896,0.009166666666666667,0.26021875,0.44437355020325625,2.115626449796744,0.8611332655614824,562.7207153320312,0.0,0.0,562.7207153320312,690.4207153320312,2933.7565417217843,390.42071533203125,30.0,546.2639482811268,0.0,1,E01_M004_G00,E01_M004_G00,E01,M004,5827.0,6678.625,851.625,3.094118306520926,0.0
E52_246111a1ef063bec9e89ec9e,6.759696504692187,13.03223549741864,6.759696504692187,413.11352328410356,453.07003166626504,586.4879962752384,0.22998101771643822,0.009166666666666667,0.26021875,0.4993664343831049,2.0606335656168957,0.8439479892552797,479.4781005859375,0.0,0.0,479.4781005859375,607.1781005859375,4398.659972064288,469.28277587890625,30.0,623.1135232841036,0.0,1,E01_M004_G00,E01_M004_G00,E01,M004,5827.0,6678.625,851.625,6.759696504692187,0.0
E52_347c51b45a583dd4c5a4aad0,9.412529345148855,10.359339260709504,9.412529345148855,545.8106765870443,594.6474365357748,798.6007934817058,0.3072138543106079,0.009166666666666667,0.26021875,0.5765992709772745,1.983400729022726,0.8198127278196017,586.0411193847656,0.0,0.0,586.0411193847656,713.7411193847656,5989.505951112793,425.30462646484375,30.0,755.8106765870443,0.0,1,E01_M004_G00,E01_M004_G00,E01,M004,5827.0,6678.625,851.625,9.412529345148855,0.0
E52_47db2d0d55c92154c779a4c9,3.0205906267075733,16.45726286038159,3.0205906267075733,312.62709924858126,351.3219092257948,393.08533863388124,0.16685347284684848,0.009166666666666667,0.26021875,0.43623888951351514,2.1237611104864853,0.8636753470270265,464.3377197265625,0.0,0.0,464.3377197265625,592.0377197265625,2948.1400397541092,295.61395263671875,30.0,522.6270992485813,0.0,1,E01_M004_G00,E01_M004_G00,E01,M004,5827.0,6678.625,851.625,3.0205906267075733,0.0
E52_60b0dc656c777ee2cc2279b1,8.731545842487307,0.21315146591224732,0.21315146591224732,563.4362729251038,615.9641949832094,811.705013501575,0.3153381258454166,0.009166666666666667,0.26021875,0.5847235425120832,1.9752764574879174,0.817273892964974,630.3350646972656,0.0,0.0,630.3350646972656,758.0350646972656,6087.787601261813,495.9024353027344,30.0,773.4362729251038,0.0,1,E01_M004_G00,E01_M004_G00,E01,M004,5827.0,6678.625,851.625,0.21315146591224732,0.0
E52_6dc095df8eb6475486134b5c,6.915729524772303,12.905188948092743,6.915729524772303,424.06014837873875,466.2734748964797,594.8403376510322,0.23505698741925235,0.009166666666666667,0.26021875,0.504442404085919,2.0555575959140815,0.8423617487231503,506.55991821289064,0.0,0.0,506.55991821289064,634.2599182128906,4461.302532382741,440.2059631347656,30.0,634.0601483787387,0.0,1,E01_M004_G00,E01_M004_G00,E01,M004,5827.0,6678.625,851.625,6.915729524772303,0.0
E52_82c821a5773d0bfbe554f10a,3.9055423871373875,11.397135806608844,3.9055423871373875,512.9354114719376,566.0737563002253,707.0407539741487,0.2825549862639304,0.009166666666666667,0.26021875,0.551940402930597,2.0080595970694035,0.8275186240841884,637.6601379394531,0.0,0.0,637.6601379394531,765.3601379394531,5302.805654806116,465.3601379394531,30.0,722.9354114719376,0.0,1,E01_M004_G00,E01_M004_G00,E01,M004,5827.0,6678.625,851.625,3.9055423871373875,0.0
E52_8d375985c45fff9288668cb3,3.1370206879068405,16.222123863058812,3.1370206879068405,353.99602207193686,405.21742048909175,400.663653640944,0.182639281392285,0.009166666666666667,0.26021875,0.4520246980589516,2.1079753019410488,0.8587422818565776,614.6567810058593,0.0,0.0,614.6567810058593,742.3567810058594,3004.97740230708,442.3567810058594,30.0,563.9960220719369,0.0,1,E01_M004_G00,E01_M004_G00,E01,M004,5827.0,6678.625,851.625,3.1370206879068405,0.0
E52_9b18c2085562c5280ea1e394,8.439590853772614,0.02697066595830222,0.02697066595830222,563.4972144032131,613.0086493397365,829.9258191872856,0.3179402888393461,0.009166666666666667,0.26021875,0.5873257055060128,1.9726742944939877,0.816460717029371,594.1372192382812,0.0,0.0,594.1372192382812,721.8372192382812,6224.443643904642,493.42156982421875,30.0,773.4972144032131,0.0,1,E01_M004_G00,E01_M004_G00,E01,M004,5827.0,6678.625,851.625,0.02697066595830222,0.0
E52_a1af1f4ab7d520e82e20be53,8.665560989726842,0.45430012492889205,0.45430012492889205,547.7224457312177,598.7128286250978,789.5025940991541,0.30660524396013417,0.009166666666666667,0.26021875,0.5759906606268008,1.9840093393731997,0.8200029185541248,611.8845947265625,0.0,0.0,611.8845947265625,739.5845947265625,5921.269455743655,499.0620422363281,30.0,757.7224457312177,0.0,1,E01_M004_G00,E01_M004_G00,E01,M004,5827.0,6678.625,851.625,0.45430012492889205,0.0
E52_b8aeee13ee5f313ffdb298e7,9.097053938522976,0.32052137756616617,0.32052137756616617,550.9628084392909,600.9445446860357,802.0351993981131,0.309532562555218,0.009166666666666667,0.26021875,0.5789179792218846,1.981082020778116,0.8190881314931611,599.7808349609375,0.0,0.0,599.7808349609375,727.4808349609375,6015.263995485849,488.552978515625,30.0,760.9628084392909,0.0,1,E01_M004_G00,E01_M004_G00,E01,M004,5827.0,6678.625,851.625,0.32052137756616617,0.0
E52_be69bdf55826f2eb34075d09,2.1858471240912536,12.029424972929434,2.1858471240912536,457.6877788138426,500.48965717077624,658.5642874860837,0.25604119113741575,0.009166666666666667,0.26021875,0.5254266078040823,2.0345733921959184,0.8358041850612243,513.6225402832031,0.0,0.0,513.6225402832031,641.3225402832031,4939.232156145627,341.3225402832031,30.0,667.6877788138427,0.0,1,E01_M004_G00,E01_M004_G00,E01,M004,5827.0,6678.625,851.625,2.1858471240912536,0.0
E52_c10a50247c57c0340b451298,6.585315506004903,3.1495087650690863,3.1495087650690863,410.4813485396202,450.8988478275434,578.4577013517014,0.22790762835174688,0.009166666666666667,0.26021875,0.49729304501841354,2.062706954981587,0.8445959234317457,485.00999145507814,0.0,0.0,485.00999145507814,612.7099914550781,4338.432760137761,515.4917602539062,30.0,620.4813485396203,0.0,1,E01_M004_G00,E01_M004_G00,E01,M004,5827.0,6678.625,851.625,3.1495087650690863,0.0
E52_c117f06f984d58b2275e6c48,9.424794159856233,0.365836005255062,0.365836005255062,533.3106765870443,577.980769869108,798.6007934817058,0.30276832431446593,0.009166666666666667,0.26021875,0.5721537409811326,1.987846259018868,0.8212019559433961,536.0411193847656,0.0,0.0,536.0411193847656,663.7411193847656,5989.505951112793,425.30462646484375,30.0,743.3106765870443,0.0,1,E01_M004_G00,E01_M004_G00,E01,M004,5827.0,6678.625,851.625,0.365836005255062,0.0
E52_d6d1511afdebb88632549a71,3.3606450562612338,16.177909036830457,3.3606450562612338,342.76879390848103,389.67749650450963,404.08537224079015,0.1791309979165653,0.009166666666666667,0.26021875,0.448516414583232,2.1114835854167686,0.85983862044274,562.9044311523437,0.0,0.0,562.9044311523437,690.6044311523438,3030.640291805926,390.60443115234375,30.0,552.768793908481,0.0,1,E01_M004_G00,E01_M004_G00,E01,M004,5827.0,6678.625,851.625,3.3606450562612338,0.0
E52_dd12fb0cc4aee52816704b73,9.203709308114199,0.5498680641518376,0.5498680641518376,547.6210002825783,600.0718247658139,780.5370536657424,0.3052994367315811,0.009166666666666667,0.26021875,0.5746848533982478,1.9853151466017527,0.8204109833130475,629.4098937988281,0.0,0.0,629.4098937988281,757.1098937988281,5854.027902493068,543.108642578125,30.0,757.6210002825783,0.0,1,E01_M004_G00,E01_M004_G00,E01,M004,5827.0,6678.625,851.625,0.5498680641518376,0.0
E52_2e64690809088e2a96fb2160,14.804052297778043,9.500767968691491,9.500767968691491,523.7789293194231,550.945126524013,884.5606754113072,0.31155234822715455,0.009166666666666667,0.2580321180555556,0.5787511329493769,1.9812488670506236,0.8191402709533198,325.99436645507814,0.0,0.0,325.99436645507814,453.6943664550781,6634.205065584804,329.6845703125,30.0,733.7789293194231,0.0,1,E01_M005_G00,E01_M005_G00,E01,M005,4982.58125,5827.05,844.46875,9.500767968691491,0.0
E52_30110e5b3ae38ecfab28ace2,5.268987734543231,10.05954008012911,5.268987734543231,514.4106891471403,547.7506496268766,828.7816154158626,0.30032099335417484,0.009166666666666667,0.2580321180555556,0.5675197780763971,1.9924802219236035,0.822650069351126,400.07952575683595,0.0,0.0,400.07952575683595,527.7795257568359,6215.862115618969,313.0162353515625,30.0,724.4106891471403,0.0,1,E01_M005_G00,E01_M005_G00,E01,M005,4982.58125,5827.05,844.46875,5.268987734543231,0.0
E52_413d3eff5d481ef66f8d3068,14.73419488964852,9.493762996477216,9.493762996477216,548.7789293194231,584.2784598573463,884.5606754113072,0.3204434082194385,0.009166666666666667,0.2580321180555556,0.5876421929416608,1.9723578070583399,0.816361814705731,425.99436645507814,0.0,0.0,425.99436645507814,553.6943664550781,6634.205065584804,329.6845703125,30.0,758.7789293194231,0.0,1,E01_M005_G00,E01_M005_G00,E01,M005,4982.58125,5827.05,844.46875,9.493762996477216,0.0
E52_88c1c7aba1fcf94c58dad20e,14.777271321340422,9.497510042154289,9.497510042154289,536.2789293194231,567.6117931906797,884.5606754113072,0.3159978782232965,0.009166666666666667,0.2580321180555556,0.5831966629455188,1.9768033370544817,0.8177510428295254,375.99436645507814,0.0,0.0,375.99436645507814,503.6943664550781,6634.205065584804,329.6845703125,30.0,746.2789293194231,0.0,1,E01_M005_G00,E01_M005_G00,E01,M005,4982.58125,5827.05,844.46875,9.497510042154289,0.0
E52_b677873645e212a13901ede2,1.2512697614083237,9.230718628911887,1.2512697614083237,575.9444140089429,616.0268887810784,911.3939793850733,0.3339048259552679,0.009166666666666667,0.2580321180555556,0.6011036106774901,1.9588963893225104,0.8121551216632843,480.989697265625,0.0,0.0,480.989697265625,608.689697265625,6835.45484538805,390.98822021484375,30.0,785.9444140089429,0.0,1,E01_M005_G00,E01_M005_G00,E01,M005,4982.58125,5827.05,844.46875,1.2512697614083237,0.0
E52_cdef0b479e00ae29ebd83132,4.640389078516122,10.01648148125875,4.640389078516122,520.0071121141804,554.5433095222207,832.7970397801186,0.3028799960747676,0.009166666666666667,0.2580321180555556,0.5700787807969898,1.9899212192030107,0.8218503810009407,414.4343688964844,0.0,0.0,414.4343688964844,542.1343688964844,6245.977798350889,297.6476745605469,30.0,730.0071121141804,0.0,1,E01_M005_G00,E01_M005_G00,E01,M005,4982.58125,5827.05,844.46875,4.640389078516122,0.0
E52_01234cac2d25748209cb57e8,0.2621317893827779,5.963634638729843,0.2621317893827779,279.2236617812399,298.99466652163704,419.772700963196,0.15824405002114064,0.009166666666666667,0.1312934027777778,0.29870411946558506,2.2612958805344157,0.9066549626670046,254.4365661621094,17.18450927734375,17.18450927734375,254.4365661621094,382.1365661621094,3148.2952572239697,332.1365661621094,30.0,489.2236617812399,0.0,1,E01_M009_G00,E01_M009_G00,E01,M009,816.0625,1245.75,429.6875,0.2621317893827779,0.0
E52_06eb0baa948af7ff52881bcf,11.34921240453653,16.258674653736037,11.34921240453653,296.7597053393259,328.36499963050426,403.88764493158146,0.16274021246714285,0.009166666666666667,0.1312934027777778,0.3032002819115873,2.256799718088413,0.9052499119026289,379.26353149414064,0.0,0.0,379.26353149414064,506.9635314941406,3029.157336986861,310.16876220703125,30.0,506.7597053393259,0.0,1,E01_M009_G00,E01_M009_G00,E01,M009,816.0625,1245.75,429.6875,11.34921240453653,0.0
E52_0c9d91fc306062a18ada9948,10.190425106668542,15.697900697510477,10.190425106668542,331.42241999480143,370.2725110389095,429.7442937249544,0.1787296459836012,0.009166666666666667,0.1312934027777778,0.31918971542804564,2.240810284571955,0.9002532139287357,466.2010925292969,0.0,0.0,466.2010925292969,593.9010925292969,3223.082202937158,335.390380859375,30.0,541.4224199948014,0.0,1,E01_M009_G00,E01_M009_G00,E01,M009,816.0625,1245.75,429.6875,10.190425106668542,0.0
E52_189eb019491ad876aa165071,14.62560917721207,3.8094716871601975,3.8094716871601975,403.09916814168594,448.35288467407526,534.676037089036,0.21908171065325852,0.009166666666666667,0.1312934027777778,0.359541780097703,2.2004582199022975,0.8876431937194678,543.0445983886718,0.0,0.0,543.0445983886718,670.7445983886719,4010.07027816777,391.87322998046875,30.0,613.0991681416859,0.0,1,E01_M009_G00,E01_M009_G00,E01,M009,816.0625,1245.75,429.6875,3.8094716871601975,0.0
E52_1eac4bbcd37cec5d48241661,0.22059627934990544,6.04580255430777,0.22059627934990544,275.66392246828667,298.30930922772677,415.4555243799327,0.1568759382441215,0.009166666666666667,0.1312934027777778,0.29733600768856594,2.2626639923114347,0.9070824975973232,271.74464111328126,0.0,0.0,271.74464111328126,399.44464111328125,3115.9164328494953,326.2397766113281,30.0,485.66392246828667,0.0,1,E01_M009_G00,E01_M009_G00,E01,M009,816.0625,1245.75,429.6875,0.22059627934990544,0.0
E52_231555d7070bcf1a0911e332,10.270015299215657,5.981962334569488,5.981962334569488,303.4113952968874,335.0249979987103,417.14117438283733,0.1669828432889251,0.009166666666666667,0.1312934027777778,0.30744291273336954,2.2525570872666307,0.9039240897708221,379.363232421875,0.0,0.0,379.363232421875,507.063232421875,3128.55880787128,326.2397766113281,30.0,513.4113952968873,0.0,1,E01_M009_G00,E01_M009_G00,E01,M009,816.0625,1245.75,429.6875,5.981962334569488,0.0
E52_231de36c6439da832299e30f,11.086036405358143,16.451156269229884,11.086036405358143,336.2639482811268,383.1573412254627,391.1675388962379,0.1749881335365896,0.009166666666666667,0.1312934027777778,0.31544820298103404,2.2445517970189663,0.9014224365684269,562.7207153320312,0.0,0.0,562.7207153320312,690.4207153320312,2933.7565417217843,390.42071533203125,30.0,546.2639482811268,0.0,1,E01_M009_G00,E01_M009_G00,E01,M009,816.0625,1245.75,429.6875,11.086036405358143,0.0
E52_246111a1ef063bec9e89ec9e,22.41708310411812,13.03223549741864,13.03223549741864,413.11352328410356,453.07003166626504,586.4879962752384,0.22998101771643822,0.009166666666666667,0.1312934027777778,0.37044108716088264,2.189558912839118,0.8842371602622242,479.4781005859375,0.0,0.0,479.4781005859375,607.1781005859375,4398.659972064288,469.28277587890625,30.0,623.1135232841036,0.0,1,E01_M009_G00,E01_M009_G00,E01,M009,816.0625,1245.75,429.6875,13.03223549741864,0.0
E52_27bf01e9e990859ae5993708,10.242823238504869,15.932490639468014,10.242823238504869,318.6138217216496,355.0514931287134,418.60161500091635,0.17259630304263499,0.009166666666666667,0.1312934027777778,0.3130563724870794,2.246943627512921,0.9021698835977877,437.25205688476564,0.0,0.0,437.25205688476564,564.9520568847656,3139.5121125068727,326.2397766113281,30.0,528.6138217216496,0.0,1,E01_M009_G00,E01_M009_G00,E01,M009,816.0625,1245.75,429.6875,10.242823238504869,0.0
E52_27bf1882d0e1a812c8450c72,10.928491222917913,16.18675851321828,10.928491222917913,334.03154784809436,377.9609795090644,404.48650573036844,0.17608047258726683,0.009166666666666667,0.1312934027777778,0.3165405420317113,2.243459457968289,0.9010810806150902,527.1531799316406,0.0,0.0,527.1531799316406,654.8531799316406,3033.648792977763,364.9013671875,30.0,544.0315478480943,0.0,1,E01_M009_G00,E01_M009_G00,E01,M009,816.0625,1245.75,429.6875,10.928491222917913,0.0
E52_2d7a36258a59c18fc6a856bf,9.861556805186666,16.662039037059316,9.861556805186666,318.72117968179435,361.17160743651436,382.73979283526836,0.16755561647288383,0.009166666666666667,0.1312934027777778,0.3080156859173283,2.251984314082672,0.9037450981508349,509.40513305664064,0.0,0.0,509.40513305664064,637.1051330566406,2870.5484462645127,346.4301452636719,30.0,528.7211796817944,0.0,1,E01_M009_G00,E01_M009_G00,E01,M009,816.0625,1245.75,429.6875,9.861556805186666,0.0
E52_347c51b45a583dd4c5a4aad0,9.606261708895559,10.359339260709504,9.606261708895559,545.8106765870443,594.6474365357748,798.6007934817058,0.3072138543106079,0.009166666666666667,0.1312934027777778,0.4476739237550523,2.112326076244948,0.8601018988265462,586.0411193847656,0.0,0.0,586.0411193847656,713.7411193847656,5989.505951112793,425.30462646484375,30.0,755.8106765870443,0.0,1,E01_M009_G00,E01_M009_G00,E01,M009,816.0625,1245.75,429.6875,9.606261708895559,0.0
E52_3a94b6482baa2cfaba8a857d,10.380551441773832,16.425448776817632,10.380551441773832,326.01303055755295,369.111023518165,393.4381033514341,0.17166403726355467,0.009166666666666667,0.1312934027777778,0.3121241067079991,2.2478758932920013,0.9024612166537502,517.1759155273437,0.0,0.0,517.1759155273437,644.8759155273438,2950.785775135756,352.4370422363281,30.0,536.013030557553,0.0,1,E01_M009_G00,E01_M009_G00,E01,M009,816.0625,1245.75,429.6875,10.380551441773832,0.0
E52_437c6a333219b14c3939f26c,0.2912240527004428,6.0194831627628105,0.2912240527004428,277.09771274073506,296.211315442558,417.14117438283733,0.1570562493971614,0.009166666666666667,0.1312934027777778,0.29751631884160584,2.2624836811583946,0.9070261503619982,248.53977661132814,19.176544189453125,19.176544189453125,248.53977661132814,376.2397766113281,3128.55880787128,326.2397766113281,30.0,487.09771274073506,0.0,1,E01_M009_G00,E01_M009_G00,E01,M009,816.0625,1245.75,429.6875,0.2912240527004428,0.0
E52_47db2d0d55c92154c779a4c9,11.176286595238821,16.45726286038159,11.176286595238821,312.62709924858126,351.3219092257948,393.08533863388124,0.16685347284684848,0.009166666666666667,0.1312934027777778,0.30731354229129293,2.2526864577087076,0.9039645180339709,464.3377197265625,0.0,0.0,464.3377197265625,592.0377197265625,2948.1400397541092,295.61395263671875,30.0,522.6270992485813,0.0,1,E01_M009_G00,E01_M009_G00,E01,M009,816.0625,1245.75,429.6875,11.176286595238821,0.0
E52_60b0dc656c777ee2cc2279b1,8.977891259015252,0.21315146591224732,0.21315146591224732,563.4362729251038,615.9641949832094,811.705013501575,0.3153381258454166,0.009166666666666667,0.1312934027777778,0.45579819528986104,2.1042018047101396,0.8575630639719184,630.3350646972656,0.0,0.0,630.3350646972656,758.0350646972656,6087.787601261813,495.9024353027344,30.0,773.4362729251038,0.0,1,E01_M009_G00,E01_M009_G00,E01,M009,816.0625,1245.75,429.6875,0.21315146591224732,0.0
E52_6aa461eda22a4c53e6730e81,0.26027333458110036,6.478254834226846,0.26027333458110036,265.89885796308323,288.44260847170955,395.1560268799425,0.15049315106948455,0.009166666666666667,0.1312934027777778,0.290953220513929,2.2690467794860716,0.9090771185893972,271.70716552734376,1.182159423828125,1.182159423828125,271.70716552734376,399.40716552734375,2963.670201599569,349.40716552734375,30.0,475.89885796308323,0.0,1,E01_M009_G00,E01_M009_G00,E01,M009,816.0625,1245.75,429.6875,0.26027333458110036,0.0
E52_6dc095df8eb6475486134b5c,21.261824796801946,12.905188948092743,12.905188948092743,424.06014837873875,466.2734748964797,594.8403376510322,0.23505698741925235,0.009166666666666667,0.1312934027777778,0.3755170568636968,2.1844829431363038,0.8826509197300948,506.55991821289064,0.0,0.0,506.55991821289064,634.2599182128906,4461.302532382741,440.2059631347656,30.0,634.0601483787387,0.0,1,E01_M009_G00,E01_M009_G00,E01,M009,816.0625,1245.75,429.6875,12.905188948092743,0.0
E52_73baea82bbbffa2db9d7426a,10.241631917232525,5.711384152670419,5.711384152670419,297.3854850658978,324.64222792478455,431.2305129784753,0.16683515196021612,0.009166666666666667,0.1312934027777778,0.3072952214046606,2.25270477859534,0.9039702433110436,327.08091430664064,0.0,0.0,327.08091430664064,454.7809143066406,3234.2288473385647,335.390380859375,30.0,507.3854850658978,0.0,1,E01_M009_G00,E01_M009_G00,E01,M009,816.0625,1245.75,429.6875,5.711384152670419,0.0
E52_74b3fb0a4920873efc33101b,1.2602427488312316,6.525083879148042,1.2602427488312316,262.62709924858126,284.6552425591281,393.08533863388124,0.14907135286228057,0.009166666666666667,0.1312934027777778,0.289531422306725,2.2704685776932756,0.9095214305291485,264.3377197265625,0.0,0.0,264.3377197265625,392.0377197265625,2948.1400397541092,295.61395263671875,30.0,472.62709924858126,0.0,1,E01_M009_G00,E01_M009_G00,E01,M009,816.0625,1245.75,429.6875,1.2602427488312316,0.0
E52_7dc5542bb1ad046741692f59,9.646877129001481,15.630401191468053,9.646877129001481,333.52010664670297,372.50493279823297,433.1312563842263,0.17995534493942492,0.009166666666666667,0.1312934027777778,0.32041541438386933,2.2395845856161314,0.8998701830050408,467.8179138183594,0.0,0.0,467.8179138183594,595.5179138183594,3248.484422881697,322.1230773925781,30.0,543.520106646703,0.0,1,E01_M009_G00,E01_M009_G00,E01,M009,816.0625,1245.75,429.6875,9.646877129001481,0.0
E52_82c821a5773d0bfbe554f10a,7.048096127868064,11.397135806608844,7.048096127868064,512.9354114719376,566.0737563002253,707.0407539741487,0.2825549862639304,0.009166666666666667,0.1312934027777778,0.42301505570837483,2.1369849442916258,0.8678077950911329,637.6601379394531,0.0,0.0,637.6601379394531,765.3601379394531,5302.805654806116,465.3601379394531,30.0,722.9354114719376,0.0,1,E01_M009_G00,E01_M009_G00,E01,M009,816.0625,1245.75,429.6875,7.048096127868064,0.0
E52_8ca7795ffa642a3b129c0a3d,10.116181077439208,15.730152054416479,10.116181077439208,330.94608252023,369.9122522589995,428.0951466078428,0.17832668261553564,0.009166666666666667,0.1312934027777778,0.3187867520599801,2.2412132479400206,0.9003791399812562,467.5940368652344,0.0,0.0,467.5940368652344,595.2940368652344,3210.713599558821,335.390380859375,30.0,540.94608252023,0.0,1,E01_M009_G00,E01_M009_G00,E01,M009,816.0625,1245.75,429.6875,10.116181077439208,0.0
E52_8d375985c45fff9288668cb3,10.94719854612093,16.222123863058812,10.94719854612093,353.99602207193686,405.21742048909175,400.663653640944,0.182639281392285,0.009166666666666667,0.1312934027777778,0.32309935083672947,2.236900649163271,0.899031452863522,614.6567810058593,0.0,0.0,614.6567810058593,742.3567810058594,3004.97740230708,442.3567810058594,30.0,563.9960220719369,0.0,1,E01_M009_G00,E01_M009_G00,E01,M009,816.0625,1245.75,429.6875,10.94719854612093,0.0
E52_9026ce0d2a5dd9a75ef73c8e,0.8347239862368383,6.720084116703532,0.8347239862368383,248.6739065082912,267.42831222931983,384.70630707582717,0.14291941710941022,0.009166666666666667,0.1312934027777778,0.2833794865538547,2.276620513446146,0.9114439104519204,225.15150146484376,0.0986328125,0.0986328125,225.15150146484376,352.85150146484375,2885.297303068704,302.85150146484375,30.0,458.6739065082912,0.0,1,E01_M009_G00,E01_M009_G00,E01,M009,816.0625,1245.75,429.6875,0.8347239862368383,0.0
E52_9b18c2085562c5280ea1e394,8.632290886797136,0.02697066595830222,0.02697066595830222,563.4972144032131,613.0086493397365,829.9258191872856,0.3179402888393461,0.009166666666666667,0.1312934027777778,0.45840035828379055,2.10159964171621,0.8567498880363155,594.1372192382812,0.0,0.0,594.1372192382812,721.8372192382812,6224.443643904642,493.42156982421875,30.0,773.4972144032131,0.0,1,E01_M009_G00,E01_M009_G00,E01,M009,816.0625,1245.75,429.6875,0.02697066595830222,0.0
E52_a1af1f4ab7d520e82e20be53,9.004003898974545,0.45430012492889205,0.45430012492889205,547.7224457312177,598.7128286250978,789.5025940991541,0.30660524396013417,0.009166666666666667,0.1312934027777778,0.4470653134045786,2.112934686595422,0.8602920895610692,611.8845947265625,0.0,0.0,611.8845947265625,739.5845947265625,5921.269455743655,499.0620422363281,30.0,757.7224457312177,0.0,1,E01_M009_G00,E01_M009_G00,E01,M009,816.0625,1245.75,429.6875,0.45430012492889205,0.0
E52_afb1e3673ff3adbe9c45b8fc,0.7145233039155556,6.956106286850726,0.7145233039155556,250.21040235058808,271.27175132926646,374.0527108291059,0.1419599864782851,0.009166666666666667,0.1312934027777778,0.28242005592272956,2.277579944077271,0.911743732524147,252.73618774414064,0.0,0.0,252.73618774414064,380.4361877441406,2805.395331218294,291.6474609375,30.0,460.2104023505881,0.0,1,E01_M009_G00,E01_M009_G00,E01,M009,816.0625,1245.75,429.6875,0.7145233039155556,0.0
E52_b60e4d2a4cdcd5801a5d757f,9.6910339592972,16.480566458341656,9.6910339592972,308.26023760270465,345.626388522301,392.32356968783114,0.16519254750221457,0.009166666666666667,0.1312934027777778,0.305652616946659,2.2543473830533416,0.9044835572041691,448.39381103515626,0.0,0.0,448.39381103515626,576.0938110351562,2942.4267726587336,326.2397766113281,30.0,518.2602376027046,0.0,1,E01_M009_G00,E01_M009_G00,E01,M009,816.0625,1245.75,429.6875,9.6910339592972,0.0
E52_b8aeee13ee5f313ffdb298e7,9.341569033412739,0.32052137756616617,0.32052137756616617,550.9628084392909,600.9445446860357,802.0351993981131,0.309532562555218,0.009166666666666667,0.1312934027777778,0.44999263199966244,2.110007368000338,0.8593773025001055,599.7808349609375,0.0,0.0,599.7808349609375,727.4808349609375,6015.263995485849,488.552978515625,30.0,760.9628084392909,0.0,1,E01_M009_G00,E01_M009_G00,E01,M009,816.0625,1245.75,429.6875,0.32052137756616617,0.0
E52_c0294c7ff44d44fc4ede8d97,9.63131941890856,16.7256600789149,9.63131941890856,316.70783025924425,358.9570632507807,379.92026256926977,0.16644027302831577,0.009166666666666667,0.1312934027777778,0.3069003424727602,2.2530996575272404,0.9040936429772625,506.9907958984375,0.0,0.0,506.9907958984375,634.6907958984375,2849.4019692695233,334.6907958984375,30.0,526.7078302592442,0.0,1,E01_M009_G00,E01_M009_G00,E01,M009,816.0625,1245.75,429.6875,9.63131941890856,0.0
E52_c10a50247c57c0340b451298,23.102510605611926,3.1495087650690863,3.1495087650690863,410.4813485396202,450.8988478275434,578.4577013517014,0.22790762835174688,0.009166666666666667,0.1312934027777778,0.36836769779619133,2.1916323022038093,0.8848850944386902,485.00999145507814,0.0,0.0,485.00999145507814,612.7099914550781,4338.432760137761,515.4917602539062,30.0,620.4813485396203,0.0,1,E01_M009_G00,E01_M009_G00,E01,M009,816.0625,1245.75,429.6875,3.1495087650690863,0.0
E52_c117f06f984d58b2275e6c48,9.624131919930264,0.365836005255062,0.365836005255062,533.3106765870443,577.980769869108,798.6007934817058,0.30276832431446593,0.009166666666666667,0.1312934027777778,0.4432283937589104,2.11677160624109,0.8614911269503405,536.0411193847656,0.0,0.0,536.0411193847656,663.7411193847656,5989.505951112793,425.30462646484375,30.0,743.3106765870443,0.0,1,E01_M009_G00,E01_M009_G00,E01,M009,816.0625,1245.75,429.6875,0.365836005255062,0.0
E52_d22cbe82615c6d2ee0ebf49f,10.18232641347295,15.758568264926964,10.18232641347295,318.17309843891866,352.9726015110215,427.5491784452201,0.1737067461230003,0.009166666666666667,0.1312934027777778,0.31416681556744475,2.2458331844325556,0.9018228701351735,417.5940368652344,0.0,0.0,417.5940368652344,545.2940368652344,3206.618838339151,335.390380859375,30.0,528.1730984389187,0.0,1,E01_M009_G00,E01_M009_G00,E01,M009,816.0625,1245.75,429.6875,10.18232641347295,0.0
E52_d6d1511afdebb88632549a71,11.95681392735753,16.177909036830457,11.95681392735753,342.76879390848103,389.67749650450963,404.08537224079015,0.1791309979165653,0.009166666666666667,0.1312934027777778,0.31959106736100973,2.240408932638991,0.9001277914496845,562.9044311523437,0.0,0.0,562.9044311523437,690.6044311523438,3030.640291805926,390.60443115234375,30.0,552.768793908481,0.0,1,E01_M009_G00,E01_M009_G00,E01,M009,816.0625,1245.75,429.6875,11.95681392735753,0.0
E52_da487d3b8a0906fb4529d12f,9.466834534918036,15.138353346482333,9.466834534918036,331.4673547495513,365.316990573119,459.8368945576963,0.18300743845595838,0.009166666666666667,0.1312934027777778,0.3234675079004028,2.236532492099598,0.8989164037811241,406.1956298828125,0.0,0.0,406.1956298828125,533.8956298828125,3448.7767091827222,283.8956298828125,30.0,541.4673547495513,0.0,1,E01_M009_G00,E01_M009_G00,E01,M009,816.0625,1245.75,429.6875,9.466834534918036,0.0
E52_dbec4f1422e98765afb262aa,10.873853311460351,16.38523852602286,10.873853311460351,322.5402116809159,364.1002534899979,395.72017250733956,0.1707521496628321,0.009166666666666667,0.1312934027777778,0.31121221910727653,2.248787780892724,0.9027461815289761,498.7205017089844,0.0,0.0,498.7205017089844,626.4205017089844,2967.901293805047,326.4205017089844,30.0,532.540211680916,0.0,1,E01_M009_G00,E01_M009_G00,E01,M009,816.0625,1245.75,429.6875,10.873853311460351,0.0
E52_dd12fb0cc4aee52816704b73,9.533385753575843,0.5498680641518376,0.5498680641518376,547.6210002825783,600.0718247658139,780.5370536657424,0.3052994367315811,0.009166666666666667,0.1312934027777778,0.44575950617602556,2.114240493823975,0.860700154319992,629.4098937988281,0.0,0.0,629.4098937988281,757.1098937988281,5854.027902493068,543.108642578125,30.0,757.6210002825783,0.0,1,E01_M009_G00,E01_M009_G00,E01,M009,816.0625,1245.75,429.6875,0.5498680641518376,0.0
E52_de2c36302e014a6d0284c896,10.188846349369086,15.994052628622484,10.188846349369086,325.41177480357015,364.7238282296769,414.95122905049965,0.1744969638873427,0.009166666666666667,0.1312934027777778,0.31495703333178715,2.2450429666682132,0.9015759270838165,471.74464111328126,0.0,0.0,471.74464111328126,599.4446411132812,3112.134217878747,326.2397766113281,30.0,535.4117748035701,0.0,1,E01_M009_G00,E01_M009_G00,E01,M009,816.0625,1245.75,429.6875,10.188846349369086,0.0
E52_e0325aad0b87e7c07e10fc2c,0.2899631471324966,5.987785159048158,0.2899631471324966,275.1983248954777,294.96932963587483,418.60161500091635,0.15682137892336617,0.009166666666666667,0.1312934027777778,0.2972814483678106,2.2627185516321897,0.9070995473850592,248.53977661132814,11.2877197265625,11.2877197265625,248.53977661132814,376.2397766113281,3139.5121125068727,326.2397766113281,30.0,485.1983248954777,0.0,1,E01_M009_G00,E01_M009_G00,E01,M009,816.0625,1245.75,429.6875,0.2899631471324966,0.0
E52_e0cd6bab1a22c4530d9a254c,0.9640469256907807,6.471069764274475,0.9640469256907807,260.0402116809159,280.7669201566646,395.72017250733956,0.14852449968212222,0.009166666666666667,0.1312934027777778,0.28898456912656667,2.271015430873434,0.9096923221479479,248.7205017089844,0.0,0.0,248.7205017089844,376.4205017089844,2967.901293805047,326.4205017089844,30.0,470.0402116809159,0.0,1,E01_M009_G00,E01_M009_G00,E01,M009,816.0625,1245.75,429.6875,0.9640469256907807,0.0
E52_ea76d341ab82f2ebc1fa1efe,0.2590687234203841,6.056283714240493,0.2590687234203841,275.41177480357015,298.05716156301025,414.95122905049965,0.15671484390277482,0.009166666666666667,0.1312934027777778,0.29717491334721924,2.2628250866527813,0.9071328395789939,271.74464111328126,0.0,0.0,271.74464111328126,399.44464111328125,3112.134217878747,326.2397766113281,30.0,485.41177480357015,0.0,1,E01_M009_G00,E01_M009_G00,E01,M009,816.0625,1245.75,429.6875,0.2590687234203841,0.0
E52_f2fabdd802684ffd17ed2273,0.6936377613534717,16.925225818485302,0.6936377613534717,275.2104023505881,304.60508466259984,374.0527108291059,0.15085104647056902,0.009166666666666667,0.1312934027777778,0.29131111591501346,2.268688884084987,0.9089652762765583,352.73618774414064,0.0,0.0,352.73618774414064,480.4361877441406,2805.395331218294,291.6474609375,30.0,485.2104023505881,0.0,1,E01_M009_G00,E01_M009_G00,E01,M009,816.0625,1245.75,429.6875,0.6936377613534717,0.0
E52_01234cac2d25748209cb57e8,0.2621317893827779,5.963634638729843,0.2621317893827779,279.2236617812399,298.99466652163704,419.772700963196,0.15824405002114064,0.009166666666666667,0.1312934027777778,0.29870411946558506,2.2612958805344157,0.9066549626670046,254.4365661621094,17.18450927734375,17.18450927734375,254.4365661621094,382.1365661621094,3148.2952572239697,332.1365661621094,30.0,489.2236617812399,0.0,1,E01_M010_G00,E01_M010_G00,E01,M010,816.0625,1245.75,429.6875,0.2621317893827779,0.0
E52_06eb0baa948af7ff52881bcf,11.34921240453653,16.258674653736037,11.34921240453653,296.7597053393259,328.36499963050426,403.88764493158146,0.16274021246714285,0.009166666666666667,0.1312934027777778,0.3032002819115873,2.256799718088413,0.9052499119026289,379.26353149414064,0.0,0.0,379.26353149414064,506.9635314941406,3029.157336986861,310.16876220703125,30.0,506.7597053393259,0.0,1,E01_M010_G00,E01_M010_G00,E01,M010,816.0625,1245.75,429.6875,11.34921240453653,0.0
E52_0c9d91fc306062a18ada9948,10.190425106668542,15.697900697510477,10.190425106668542,331.42241999480143,370.2725110389095,429.7442937249544,0.1787296459836012,0.009166666666666667,0.1312934027777778,0.31918971542804564,2.240810284571955,0.9002532139287357,466.2010925292969,0.0,0.0,466.2010925292969,593.9010925292969,3223.082202937158,335.390380859375,30.0,541.4224199948014,0.0,1,E01_M010_G00,E01_M010_G00,E01,M010,816.0625,1245.75,429.6875,10.190425106668542,0.0
E52_189eb019491ad876aa165071,14.62560917721207,3.8094716871601975,3.8094716871601975,403.09916814168594,448.35288467407526,534.676037089036,0.21908171065325852,0.009166666666666667,0.1312934027777778,0.359541780097703,2.2004582199022975,0.8876431937194678,543.0445983886718,0.0,0.0,543.0445983886718,670.7445983886719,4010.07027816777,391.87322998046875,30.0,613.0991681416859,0.0,1,E01_M010_G00,E01_M010_G00,E01,M010,816.0625,1245.75,429.6875,3.8094716871601975,0.0
E52_1eac4bbcd37cec5d48241661,0.22059627934990544,6.04580255430777,0.22059627934990544,275.66392246828667,298.30930922772677,415.4555243799327,0.1568759382441215,0.009166666666666667,0.1312934027777778,0.29733600768856594,2.2626639923114347,0.9070824975973232,271.74464111328126,0.0,0.0,271.74464111328126,399.44464111328125,3115.9164328494953,326.2397766113281,30.0,485.66392246828667,0.0,1,E01_M010_G00,E01_M010_G00,E01,M010,816.0625,1245.75,429.6875,0.22059627934990544,0.0
E52_231555d7070bcf1a0911e332,10.270015299215657,5.981962334569488,5.981962334569488,303.4113952968874,335.0249979987103,417.14117438283733,0.1669828432889251,0.009166666666666667,0.1312934027777778,0.30744291273336954,2.2525570872666307,0.9039240897708221,379.363232421875,0.0,0.0,379.363232421875,507.063232421875,3128.55880787128,326.2397766113281,30.0,513.4113952968873,0.0,1,E01_M010_G00,E01_M010_G00,E01,M010,816.0625,1245.75,429.6875,5.981962334569488,0.0
E52_231de36c6439da832299e30f,11.086036405358143,16.451156269229884,11.086036405358143,336.2639482811268,383.1573412254627,391.1675388962379,0.1749881335365896,0.009166666666666667,0.1312934027777778,0.31544820298103404,2.2445517970189663,0.9014224365684269,562.7207153320312,0.0,0.0,562.7207153320312,690.4207153320312,2933.7565417217843,390.42071533203125,30.0,546.2639482811268,0.0,1,E01_M010_G00,E01_M010_G00,E01,M010,816.0625,1245.75,429.6875,11.086036405358143,0.0
E52_246111a1ef063bec9e89ec9e,22.41708310411812,13.03223549741864,13.03223549741864,413.11352328410356,453.07003166626504,586.4879962752384,0.22998101771643822,0.009166666666666667,0.1312934027777778,0.37044108716088264,2.189558912839118,0.8842371602622242,479.4781005859375,0.0,0.0,479.4781005859375,607.1781005859375,4398.659972064288,469.28277587890625,30.0,623.1135232841036,0.0,1,E01_M010_G00,E01_M010_G00,E01,M010,816.0625,1245.75,429.6875,13.03223549741864,0.0
E52_27bf01e9e990859ae5993708,10.242823238504869,15.932490639468014,10.242823238504869,318.6138217216496,355.0514931287134,418.60161500091635,0.17259630304263499,0.009166666666666667,0.1312934027777778,0.3130563724870794,2.246943627512921,0.9021698835977877,437.25205688476564,0.0,0.0,437.25205688476564,564.9520568847656,3139.5121125068727,326.2397766113281,30.0,528.6138217216496,0.0,1,E01_M010_G00,E01_M010_G00,E01,M010,816.0625,1245.75,429.6875,10.242823238504869,0.0
E52_27bf1882d0e1a812c8450c72,10.928491222917913,16.18675851321828,10.928491222917913,334.03154784809436,377.9609795090644,404.48650573036844,0.17608047258726683,0.009166666666666667,0.1312934027777778,0.3165405420317113,2.243459457968289,0.9010810806150902,527.1531799316406,0.0,0.0,527.1531799316406,654.8531799316406,3033.648792977763,364.9013671875,30.0,544.0315478480943,0.0,1,E01_M010_G00,E01_M010_G00,E01,M010,816.0625,1245.75,429.6875,10.928491222917913,0.0
E52_2d7a36258a59c18fc6a856bf,9.861556805186666,16.662039037059316,9.861556805186666,318.72117968179435,361.17160743651436,382.73979283526836,0.16755561647288383,0.009166666666666667,0.1312934027777778,0.3080156859173283,2.251984314082672,0.9037450981508349,509.40513305664064,0.0,0.0,509.40513305664064,637.1051330566406,2870.5484462645127,346.4301452636719,30.0,528.7211796817944,0.0,1,E01_M010_G00,E01_M010_G00,E01,M010,816.0625,1245.75,429.6875,9.861556805186666,0.0
E52_347c51b45a583dd4c5a4aad0,9.606261708895559,10.359339260709504,9.606261708895559,545.8106765870443,594.6474365357748,798.6007934817058,0.3072138543106079,0.009166666666666667,0.1312934027777778,0.4476739237550523,2.112326076244948,0.8601018988265462,586.0411193847656,0.0,0.0,586.0411193847656,713.7411193847656,5989.505951112793,425.30462646484375,30.0,755.8106765870443,0.0,1,E01_M010_G00,E01_M010_G00,E01,M010,816.0625,1245.75,429.6875,9.606261708895559,0.0
E52_3a94b6482baa2cfaba8a857d,10.380551441773832,16.425448776817632,10.380551441773832,326.01303055755295,369.111023518165,393.4381033514341,0.17166403726355467,0.009166666666666667,0.1312934027777778,0.3121241067079991,2.2478758932920013,0.9024612166537502,517.1759155273437,0.0,0.0,517.1759155273437,644.8759155273438,2950.785775135756,352.4370422363281,30.0,536.013030557553,0.0,1,E01_M010_G00,E01_M010_G00,E01,M010,816.0625,1245.75,429.6875,10.380551441773832,0.0
E52_437c6a333219b14c3939f26c,0.2912240527004428,6.0194831627628105,0.2912240527004428,277.09771274073506,296.211315442558,417.14117438283733,0.1570562493971614,0.009166666666666667,0.1312934027777778,0.29751631884160584,2.2624836811583946,0.9070261503619982,248.53977661132814,19.176544189453125,19.176544189453125,248.53977661132814,376.2397766113281,3128.55880787128,326.2397766113281,30.0,487.09771274073506,0.0,1,E01_M010_G00,E01_M010_G00,E01,M010,816.0625,1245.75,429.6875,0.2912240527004428,0.0
E52_47db2d0d55c92154c779a4c9,11.176286595238821,16.45726286038159,11.176286595238821,312.62709924858126,351.3219092257948,393.08533863388124,0.16685347284684848,0.009166666666666667,0.1312934027777778,0.30731354229129293,2.2526864577087076,0.9039645180339709,464.3377197265625,0.0,0.0,464.3377197265625,592.0377197265625,2948.1400397541092,295.61395263671875,30.0,522.6270992485813,0.0,1,E01_M010_G00,E01_M010_G00,E01,M010,816.0625,1245.75,429.6875,11.176286595238821,0.0
E52_60b0dc656c777ee2cc2279b1,8.977891259015252,0.21315146591224732,0.21315146591224732,563.4362729251038,615.9641949832094,811.705013501575,0.3153381258454166,0.009166666666666667,0.1312934027777778,0.45579819528986104,2.1042018047101396,0.8575630639719184,630.3350646972656,0.0,0.0,630.3350646972656,758.0350646972656,6087.787601261813,495.9024353027344,30.0,773.4362729251038,0.0,1,E01_M010_G00,E01_M010_G00,E01,M010,816.0625,1245.75,429.6875,0.21315146591224732,0.0
E52_6aa461eda22a4c53e6730e81,0.26027333458110036,6.478254834226846,0.26027333458110036,265.89885796308323,288.44260847170955,395.1560268799425,0.15049315106948455,0.009166666666666667,0.1312934027777778,0.290953220513929,2.2690467794860716,0.9090771185893972,271.70716552734376,1.182159423828125,1.182159423828125,271.70716552734376,399.40716552734375,2963.670201599569,349.40716552734375,30.0,475.89885796308323,0.0,1,E01_M010_G00,E01_M010_G00,E01,M010,816.0625,1245.75,429.6875,0.26027333458110036,0.0
E52_6dc095df8eb6475486134b5c,21.261824796801946,12.905188948092743,12.905188948092743,424.06014837873875,466.2734748964797,594.8403376510322,0.23505698741925235,0.009166666666666667,0.1312934027777778,0.3755170568636968,2.1844829431363038,0.8826509197300948,506.55991821289064,0.0,0.0,506.55991821289064,634.2599182128906,4461.302532382741,440.2059631347656,30.0,634.0601483787387,0.0,1,E01_M010_G00,E01_M010_G00,E01,M010,816.0625,1245.75,429.6875,12.905188948092743,0.0
E52_73baea82bbbffa2db9d7426a,10.241631917232525,5.711384152670419,5.711384152670419,297.3854850658978,324.64222792478455,431.2305129784753,0.16683515196021612,0.009166666666666667,0.1312934027777778,0.3072952214046606,2.25270477859534,0.9039702433110436,327.08091430664064,0.0,0.0,327.08091430664064,454.7809143066406,3234.2288473385647,335.390380859375,30.0,507.3854850658978,0.0,1,E01_M010_G00,E01_M010_G00,E01,M010,816.0625,1245.75,429.6875,5.711384152670419,0.0
E52_74b3fb0a4920873efc33101b,1.2602427488312316,6.525083879148042,1.2602427488312316,262.62709924858126,284.6552425591281,393.08533863388124,0.14907135286228057,0.009166666666666667,0.1312934027777778,0.289531422306725,2.2704685776932756,0.9095214305291485,264.3377197265625,0.0,0.0,264.3377197265625,392.0377197265625,2948.1400397541092,295.61395263671875,30.0,472.62709924858126,0.0,1,E01_M010_G00,E01_M010_G00,E01,M010,816.0625,1245.75,429.6875,1.2602427488312316,0.0
E52_7dc5542bb1ad046741692f59,9.646877129001481,15.630401191468053,9.646877129001481,333.52010664670297,372.50493279823297,433.1312563842263,0.17995534493942492,0.009166666666666667,0.1312934027777778,0.32041541438386933,2.2395845856161314,0.8998701830050408,467.8179138183594,0.0,0.0,467.8179138183594,595.5179138183594,3248.484422881697,322.1230773925781,30.0,543.520106646703,0.0,1,E01_M010_G00,E01_M010_G00,E01,M010,816.0625,1245.75,429.6875,9.646877129001481,0.0
E52_82c821a5773d0bfbe554f10a,7.048096127868064,11.397135806608844,7.048096127868064,512.9354114719376,566.0737563002253,707.0407539741487,0.2825549862639304,0.009166666666666667,0.1312934027777778,0.42301505570837483,2.1369849442916258,0.8678077950911329,637.6601379394531,0.0,0.0,637.6601379394531,765.3601379394531,5302.805654806116,465.3601379394531,30.0,722.9354114719376,0.0,1,E01_M010_G00,E01_M010_G00,E01,M010,816.0625,1245.75,429.6875,7.048096127868064,0.0
E52_8ca7795ffa642a3b129c0a3d,10.116181077439208,15.730152054416479,10.116181077439208,330.94608252023,369.9122522589995,428.0951466078428,0.17832668261553564,0.009166666666666667,0.1312934027777778,0.3187867520599801,2.2412132479400206,0.9003791399812562,467.5940368652344,0.0,0.0,467.5940368652344,595.2940368652344,3210.713599558821,335.390380859375,30.0,540.94608252023,0.0,1,E01_M010_G00,E01_M010_G00,E01,M010,816.0625,1245.75,429.6875,10.116181077439208,0.0
E52_8d375985c45fff9288668cb3,10.94719854612093,16.222123863058812,10.94719854612093,353.99602207193686,405.21742048909175,400.663653640944,0.182639281392285,0.009166666666666667,0.1312934027777778,0.32309935083672947,2.236900649163271,0.899031452863522,614.6567810058593,0.0,0.0,614.6567810058593,742.3567810058594,3004.97740230708,442.3567810058594,30.0,563.9960220719369,0.0,1,E01_M010_G00,E01_M010_G00,E01,M010,816.0625,1245.75,429.6875,10.94719854612093,0.0
E52_9026ce0d2a5dd9a75ef73c8e,0.8347239862368383,6.720084116703532,0.8347239862368383,248.6739065082912,267.42831222931983,384.70630707582717,0.14291941710941022,0.009166666666666667,0.1312934027777778,0.2833794865538547,2.276620513446146,0.9114439104519204,225.15150146484376,0.0986328125,0.0986328125,225.15150146484376,352.85150146484375,2885.297303068704,302.85150146484375,30.0,458.6739065082912,0.0,1,E01_M010_G00,E01_M010_G00,E01,M010,816.0625,1245.75,429.6875,0.8347239862368383,0.0
E52_9b18c2085562c5280ea1e394,8.632290886797136,0.02697066595830222,0.02697066595830222,563.4972144032131,613.0086493397365,829.9258191872856,0.3179402888393461,0.009166666666666667,0.1312934027777778,0.45840035828379055,2.10159964171621,0.8567498880363155,594.1372192382812,0.0,0.0,594.1372192382812,721.8372192382812,6224.443643904642,493.42156982421875,30.0,773.4972144032131,0.0,1,E01_M010_G00,E01_M010_G00,E01,M010,816.0625,1245.75,429.6875,0.02697066595830222,0.0
E52_a1af1f4ab7d520e82e20be53,9.004003898974545,0.45430012492889205,0.45430012492889205,547.7224457312177,598.7128286250978,789.5025940991541,0.30660524396013417,0.009166666666666667,0.1312934027777778,0.4470653134045786,2.112934686595422,0.8602920895610692,611.8845947265625,0.0,0.0,611.8845947265625,739.5845947265625,5921.269455743655,499.0620422363281,30.0,757.7224457312177,0.0,1,E01_M010_G00,E01_M010_G00,E01,M010,816.0625,1245.75,429.6875,0.45430012492889205,0.0
E52_afb1e3673ff3adbe9c45b8fc,0.7145233039155556,6.956106286850726,0.7145233039155556,250.21040235058808,271.27175132926646,374.0527108291059,0.1419599864782851,0.009166666666666667,0.1312934027777778,0.28242005592272956,2.277579944077271,0.911743732524147,252.73618774414064,0.0,0.0,252.73618774414064,380.4361877441406,2805.395331218294,291.6474609375,30.0,460.2104023505881,0.0,1,E01_M010_G00,E01_M010_G00,E01,M010,816.0625,1245.75,429.6875,0.7145233039155556,0.0
E52_b60e4d2a4cdcd5801a5d757f,9.6910339592972,16.480566458341656,9.6910339592972,308.26023760270465,345.626388522301,392.32356968783114,0.16519254750221457,0.009166666666666667,0.1312934027777778,0.305652616946659,2.2543473830533416,0.9044835572041691,448.39381103515626,0.0,0.0,448.39381103515626,576.0938110351562,2942.4267726587336,326.2397766113281,30.0,518.2602376027046,0.0,1,E01_M010_G00,E01_M010_G00,E01,M010,816.0625,1245.75,429.6875,9.6910339592972,0.0
E52_b8aeee13ee5f313ffdb298e7,9.341569033412739,0.32052137756616617,0.32052137756616617,550.9628084392909,600.9445446860357,802.0351993981131,0.309532562555218,0.009166666666666667,0.1312934027777778,0.44999263199966244,2.110007368000338,0.8593773025001055,599.7808349609375,0.0,0.0,599.7808349609375,727.4808349609375,6015.263995485849,488.552978515625,30.0,760.9628084392909,0.0,1,E01_M010_G00,E01_M010_G00,E01,M010,816.0625,1245.75,429.6875,0.32052137756616617,0.0
E52_c0294c7ff44d44fc4ede8d97,9.63131941890856,16.7256600789149,9.63131941890856,316.70783025924425,358.9570632507807,379.92026256926977,0.16644027302831577,0.009166666666666667,0.1312934027777778,0.3069003424727602,2.2530996575272404,0.9040936429772625,506.9907958984375,0.0,0.0,506.9907958984375,634.6907958984375,2849.4019692695233,334.6907958984375,30.0,526.7078302592442,0.0,1,E01_M010_G00,E01_M010_G00,E01,M010,816.0625,1245.75,429.6875,9.63131941890856,0.0
E52_c10a50247c57c0340b451298,23.102510605611926,3.1495087650690863,3.1495087650690863,410.4813485396202,450.8988478275434,578.4577013517014,0.22790762835174688,0.009166666666666667,0.1312934027777778,0.36836769779619133,2.1916323022038093,0.8848850944386902,485.00999145507814,0.0,0.0,485.00999145507814,612.7099914550781,4338.432760137761,515.4917602539062,30.0,620.4813485396203,0.0,1,E01_M010_G00,E01_M010_G00,E01,M010,816.0625,1245.75,429.6875,3.1495087650690863,0.0
E52_c117f06f984d58b2275e6c48,9.624131919930264,0.365836005255062,0.365836005255062,533.3106765870443,577.980769869108,798.6007934817058,0.30276832431446593,0.009166666666666667,0.1312934027777778,0.4432283937589104,2.11677160624109,0.8614911269503405,536.0411193847656,0.0,0.0,536.0411193847656,663.7411193847656,5989.505951112793,425.30462646484375,30.0,743.3106765870443,0.0,1,E01_M010_G00,E01_M010_G00,E01,M010,816.0625,1245.75,429.6875,0.365836005255062,0.0
E52_d22cbe82615c6d2ee0ebf49f,10.18232641347295,15.758568264926964,10.18232641347295,318.17309843891866,352.9726015110215,427.5491784452201,0.1737067461230003,0.009166666666666667,0.1312934027777778,0.31416681556744475,2.2458331844325556,0.9018228701351735,417.5940368652344,0.0,0.0,417.5940368652344,545.2940368652344,3206.618838339151,335.390380859375,30.0,528.1730984389187,0.0,1,E01_M010_G00,E01_M010_G00,E01,M010,816.0625,1245.75,429.6875,10.18232641347295,0.0
E52_d6d1511afdebb88632549a71,11.95681392735753,16.177909036830457,11.95681392735753,342.76879390848103,389.67749650450963,404.08537224079015,0.1791309979165653,0.009166666666666667,0.1312934027777778,0.31959106736100973,2.240408932638991,0.9001277914496845,562.9044311523437,0.0,0.0,562.9044311523437,690.6044311523438,3030.640291805926,390.60443115234375,30.0,552.768793908481,0.0,1,E01_M010_G00,E01_M010_G00,E01,M010,816.0625,1245.75,429.6875,11.95681392735753,0.0
E52_da487d3b8a0906fb4529d12f,9.466834534918036,15.138353346482333,9.466834534918036,331.4673547495513,365.316990573119,459.8368945576963,0.18300743845595838,0.009166666666666667,0.1312934027777778,0.3234675079004028,2.236532492099598,0.8989164037811241,406.1956298828125,0.0,0.0,406.1956298828125,533.8956298828125,3448.7767091827222,283.8956298828125,30.0,541.4673547495513,0.0,1,E01_M010_G00,E01_M010_G00,E01,M010,816.0625,1245.75,429.6875,9.466834534918036,0.0
E52_dbec4f1422e98765afb262aa,10.873853311460351,16.38523852602286,10.873853311460351,322.5402116809159,364.1002534899979,395.72017250733956,0.1707521496628321,0.009166666666666667,0.1312934027777778,0.31121221910727653,2.248787780892724,0.9027461815289761,498.7205017089844,0.0,0.0,498.7205017089844,626.4205017089844,2967.901293805047,326.4205017089844,30.0,532.540211680916,0.0,1,E01_M010_G00,E01_M010_G00,E01,M010,816.0625,1245.75,429.6875,10.873853311460351,0.0
E52_dd12fb0cc4aee52816704b73,9.533385753575843,0.5498680641518376,0.5498680641518376,547.6210002825783,600.0718247658139,780.5370536657424,0.3052994367315811,0.009166666666666667,0.1312934027777778,0.44575950617602556,2.114240493823975,0.860700154319992,629.4098937988281,0.0,0.0,629.4098937988281,757.1098937988281,5854.027902493068,543.108642578125,30.0,757.6210002825783,0.0,1,E01_M010_G00,E01_M010_G00,E01,M010,816.0625,1245.75,429.6875,0.5498680641518376,0.0
E52_de2c36302e014a6d0284c896,10.188846349369086,15.994052628622484,10.188846349369086,325.41177480357015,364.7238282296769,414.95122905049965,0.1744969638873427,0.009166666666666667,0.1312934027777778,0.31495703333178715,2.2450429666682132,0.9015759270838165,471.74464111328126,0.0,0.0,471.74464111328126,599.4446411132812,3112.134217878747,326.2397766113281,30.0,535.4117748035701,0.0,1,E01_M010_G00,E01_M010_G00,E01,M010,816.0625,1245.75,429.6875,10.188846349369086,0.0
E52_e0325aad0b87e7c07e10fc2c,0.2899631471324966,5.987785159048158,0.2899631471324966,275.1983248954777,294.96932963587483,418.60161500091635,0.15682137892336617,0.009166666666666667,0.1312934027777778,0.2972814483678106,2.2627185516321897,0.9070995473850592,248.53977661132814,11.2877197265625,11.2877197265625,248.53977661132814,376.2397766113281,3139.5121125068727,326.2397766113281,30.0,485.1983248954777,0.0,1,E01_M010_G00,E01_M010_G00,E01,M010,816.0625,1245.75,429.6875,0.2899631471324966,0.0
E52_e0cd6bab1a22c4530d9a254c,0.9640469256907807,6.471069764274475,0.9640469256907807,260.0402116809159,280.7669201566646,395.72017250733956,0.14852449968212222,0.009166666666666667,0.1312934027777778,0.28898456912656667,2.271015430873434,0.9096923221479479,248.7205017089844,0.0,0.0,248.7205017089844,376.4205017089844,2967.901293805047,326.4205017089844,30.0,470.0402116809159,0.0,1,E01_M010_G00,E01_M010_G00,E01,M010,816.0625,1245.75,429.6875,0.9640469256907807,0.0
E52_ea76d341ab82f2ebc1fa1efe,0.2590687234203841,6.056283714240493,0.2590687234203841,275.41177480357015,298.05716156301025,414.95122905049965,0.15671484390277482,0.009166666666666667,0.1312934027777778,0.29717491334721924,2.2628250866527813,0.9071328395789939,271.74464111328126,0.0,0.0,271.74464111328126,399.44464111328125,3112.134217878747,326.2397766113281,30.0,485.41177480357015,0.0,1,E01_M010_G00,E01_M010_G00,E01,M010,816.0625,1245.75,429.6875,0.2590687234203841,0.0
E52_f2fabdd802684ffd17ed2273,0.6936377613534717,16.925225818485302,0.6936377613534717,275.2104023505881,304.60508466259984,374.0527108291059,0.15085104647056902,0.009166666666666667,0.1312934027777778,0.29131111591501346,2.268688884084987,0.9089652762765583,352.73618774414064,0.0,0.0,352.73618774414064,480.4361877441406,2805.395331218294,291.6474609375,30.0,485.2104023505881,0.0,1,E01_M010_G00,E01_M010_G00,E01,M010,816.0625,1245.75,429.6875,0.6936377613534717,0.0
E52_1ef47ef68c1879e18ddbb164,1.8109249337023954,9.684707827919368,1.8109249337023954,525.9457118932837,556.9823492630754,865.6715995678175,0.30964781577290457,0.009166666666666667,0.24115972222222237,0.5599742046617936,2.000025795338207,0.8250080610431896,372.4396484375,0.0,0.0,372.4396484375,500.1396484375,6492.536996758631,304.7821350097656,30.0,735.9457118932837,0.0,1,E01_M011_G00,E01_M011_G00,E01,M011,3858.225,4647.475,789.2500000000005,1.8109249337023954,0.0
E52_2e64690809088e2a96fb2160,6.763310725123205,9.500767968691491,6.763310725123205,523.7789293194231,550.945126524013,884.5606754113072,0.31155234822715455,0.009166666666666667,0.24115972222222237,0.5618787371160436,1.9981212628839569,0.8244128946512363,325.99436645507814,0.0,0.0,325.99436645507814,453.6943664550781,6634.205065584804,329.6845703125,30.0,733.7789293194231,0.0,1,E01_M011_G00,E01_M011_G00,E01,M011,3858.225,4647.475,789.2500000000005,6.763310725123205,0.0
E52_30110e5b3ae38ecfab28ace2,0.871248743195423,10.05954008012911,0.871248743195423,514.4106891471403,547.7506496268766,828.7816154158626,0.30032099335417484,0.009166666666666667,0.24115972222222237,0.5506473822430639,2.0093526177569365,0.8279226930490425,400.07952575683595,0.0,0.0,400.07952575683595,527.7795257568359,6215.862115618969,313.0162353515625,30.0,724.4106891471403,0.0,1,E01_M011_G00,E01_M011_G00,E01,M011,3858.225,4647.475,789.2500000000005,0.871248743195423,0.0
E52_413d3eff5d481ef66f8d3068,6.749619535867907,9.493762996477216,6.749619535867907,548.7789293194231,584.2784598573463,884.5606754113072,0.3204434082194385,0.009166666666666667,0.24115972222222237,0.5707697971083275,1.9892302028916728,0.8216344384036477,425.99436645507814,0.0,0.0,425.99436645507814,553.6943664550781,6634.205065584804,329.6845703125,30.0,758.7789293194231,0.0,1,E01_M011_G00,E01_M011_G00,E01,M011,3858.225,4647.475,789.2500000000005,6.749619535867907,0.0
E52_82c821a5773d0bfbe554f10a,5.523919136465679,11.397135806608844,5.523919136465679,512.9354114719376,566.0737563002253,707.0407539741487,0.2825549862639304,0.009166666666666667,0.24115972222222237,0.5328813751528194,2.027118624847181,0.8334745702647439,637.6601379394531,0.0,0.0,637.6601379394531,765.3601379394531,5302.805654806116,465.3601379394531,30.0,722.9354114719376,0.0,1,E01_M011_G00,E01_M011_G00,E01,M011,3858.225,4647.475,789.2500000000005,5.523919136465679,0.0
E52_831cee7e7a3a549796e42b18,10.12234001482571,10.042846261792022,10.042846261792022,524.445203057942,560.9167693217765,830.061008532876,0.3040708837654974,0.009166666666666667,0.24115972222222237,0.5543972726543864,2.005602727345614,0.8267508522955043,437.65879516601564,0.0,0.0,437.65879516601564,565.3587951660156,6225.457563996571,359.5916748046875,30.0,734.445203057942,0.0,1,E01_M011_G00,E01_M011_G00,E01,M011,3858.225,4647.475,789.2500000000005,10.042846261792022,0.0
E52_88c1c7aba1fcf94c58dad20e,6.757768489867061,9.497510042154289,6.757768489867061,536.2789293194231,567.6117931906797,884.5606754113072,0.3159978782232965,0.009166666666666667,0.24115972222222237,0.5663242671121855,1.993675732887815,0.823023666527442,375.99436645507814,0.0,0.0,375.99436645507814,503.6943664550781,6634.205065584804,329.6845703125,30.0,746.2789293194231,0.0,1,E01_M011_G00,E01_M011_G00,E01,M011,3858.225,4647.475,789.2500000000005,6.757768489867061,0.0
E52_c98d1e580ba9a8920eeacbdb,9.90897863992818,9.995636820319618,9.90897863992818,531.3190315479533,569.3529452238973,834.4345810402425,0.30713490815373307,0.009166666666666667,0.24115972222222237,0.557461297042622,2.0025387029573785,0.8257933446741806,456.40696411132814,0.0,0.0,456.40696411132814,584.1069641113281,6258.259357801819,362.73199462890625,30.0,741.3190315479533,0.0,1,E01_M011_G00,E01_M011_G00,E01,M011,3858.225,4647.475,789.2500000000005,9.90897863992818,0.0
E52_cdef0b479e00ae29ebd83132,0.4692401324579123,10.01648148125875,0.4692401324579123,520.0071121141804,554.5433095222207,832.7970397801186,0.3028799960747676,0.009166666666666667,0.24115972222222237,0.5532063849636566,2.0067936150363437,0.8271230046988574,414.4343688964844,0.0,0.0,414.4343688964844,542.1343688964844,6245.977798350889,297.6476745605469,30.0,730.0071121141804,0.0,1,E01_M011_G00,E01_M011_G00,E01,M011,3858.225,4647.475,789.2500000000005,0.4692401324579123,0.0
E52_d3460088443e86b69235cf2f,9.820370805240273,10.110906533633653,9.820370805240273,520.9986937965015,557.4049117530444,823.5600798537452,0.3019244763287566,0.009166666666666667,0.24115972222222237,0.5522508652176457,2.0077491347823546,0.8274216046194858,436.87461547851564,0.0,0.0,436.87461547851564,564.5746154785156,6176.700598903089,281.75616455078125,30.0,730.9986937965015,0.0,1,E01_M011_G00,E01_M011_G00,E01,M011,3858.225,4647.475,789.2500000000005,9.820370805240273,0.0
E52_ef8fa59407d07a2296b5f591,1.3695242495045648,0.3151276047193221,0.3151276047193221,505.85939793409244,540.3898465933535,804.5361039126185,0.29384606362066074,0.009166666666666667,0.24115972222222237,0.5441724525095497,2.015827547490451,0.8299461085907658,414.3653839111328,0.0,0.0,414.3653839111328,542.0653839111328,6034.020779344639,284.8677062988281,30.0,715.8593979340924,0.0,1,E01_M011_G00,E01_M011_G00,E01,M011,3858.225,4647.475,789.2500000000005,0.3151276047193221,0.0
E52_1ef47ef68c1879e18ddbb164,1.8109249337023954,9.684707827919368,1.8109249337023954,525.9457118932837,556.9823492630754,865.6715995678175,0.30964781577290457,0.009166666666666667,0.2503263888888889,0.5691408713284601,1.9908591286715405,0.8221434777098562,372.4396484375,0.0,0.0,372.4396484375,500.1396484375,6492.536996758631,304.7821350097656,30.0,735.9457118932837,0.0,1,E01_M012_G00,E01_M012_G00,E01,M012,6272.925,7092.175,819.25,1.8109249337023954,0.0
E52_2e64690809088e2a96fb2160,6.763310725123205,9.500767968691491,6.763310725123205,523.7789293194231,550.945126524013,884.5606754113072,0.31155234822715455,0.009166666666666667,0.2503263888888889,0.5710454037827102,1.9889545962172903,0.8215483113179031,325.99436645507814,0.0,0.0,325.99436645507814,453.6943664550781,6634.205065584804,329.6845703125,30.0,733.7789293194231,0.0,1,E01_M012_G00,E01_M012_G00,E01,M012,6272.925,7092.175,819.25,6.763310725123205,0.0
E52_30110e5b3ae38ecfab28ace2,0.871248743195423,10.05954008012911,0.871248743195423,514.4106891471403,547.7506496268766,828.7816154158626,0.30032099335417484,0.009166666666666667,0.2503263888888889,0.5598140489097304,2.00018595109027,0.8250581097157093,400.07952575683595,0.0,0.0,400.07952575683595,527.7795257568359,6215.862115618969,313.0162353515625,30.0,724.4106891471403,0.0,1,E01_M012_G00,E01_M012_G00,E01,M012,6272.925,7092.175,819.25,0.871248743195423,0.0
E52_413d3eff5d481ef66f8d3068,6.749619535867907,9.493762996477216,6.749619535867907,548.7789293194231,584.2784598573463,884.5606754113072,0.3204434082194385,0.009166666666666667,0.2503263888888889,0.5799364637749941,1.9800635362250065,0.8187698550703144,425.99436645507814,0.0,0.0,425.99436645507814,553.6943664550781,6634.205065584804,329.6845703125,30.0,758.7789293194231,0.0,1,E01_M012_G00,E01_M012_G00,E01,M012,6272.925,7092.175,819.25,6.749619535867907,0.0
E52_82c821a5773d0bfbe554f10a,5.523919136465679,11.397135806608844,5.523919136465679,512.9354114719376,566.0737563002253,707.0407539741487,0.2825549862639304,0.009166666666666667,0.2503263888888889,0.542048041819486,2.0179519581805145,0.8306099869314106,637.6601379394531,0.0,0.0,637.6601379394531,765.3601379394531,5302.805654806116,465.3601379394531,30.0,722.9354114719376,0.0,1,E01_M012_G00,E01_M012_G00,E01,M012,6272.925,7092.175,819.25,5.523919136465679,0.0
E52_831cee7e7a3a549796e42b18,10.12234001482571,10.042846261792022,10.042846261792022,524.445203057942,560.9167693217765,830.061008532876,0.3040708837654974,0.009166666666666667,0.2503263888888889,0.563563939321053,1.9964360606789475,0.823886268962171,437.65879516601564,0.0,0.0,437.65879516601564,565.3587951660156,6225.457563996571,359.5916748046875,30.0,734.445203057942,0.0,1,E01_M012_G00,E01_M012_G00,E01,M012,6272.925,7092.175,819.25,10.042846261792022,0.0
E52_88c1c7aba1fcf94c58dad20e,6.757768489867061,9.497510042154289,6.757768489867061,536.2789293194231,567.6117931906797,884.5606754113072,0.3159978782232965,0.009166666666666667,0.2503263888888889,0.5754909337788521,1.9845090662211484,0.8201590831941088,375.99436645507814,0.0,0.0,375.99436645507814,503.6943664550781,6634.205065584804,329.6845703125,30.0,746.2789293194231,0.0,1,E01_M012_G00,E01_M012_G00,E01,M012,6272.925,7092.175,819.25,6.757768489867061,0.0
E52_c98d1e580ba9a8920eeacbdb,9.90897863992818,9.995636820319618,9.90897863992818,531.3190315479533,569.3529452238973,834.4345810402425,0.30713490815373307,0.009166666666666667,0.2503263888888889,0.5666279637092886,1.993372036290712,0.8229287613408474,456.40696411132814,0.0,0.0,456.40696411132814,584.1069641113281,6258.259357801819,362.73199462890625,30.0,741.3190315479533,0.0,1,E01_M012_G00,E01_M012_G00,E01,M012,6272.925,7092.175,819.25,9.90897863992818,0.0
E52_cdef0b479e00ae29ebd83132,0.4692401324579123,10.01648148125875,0.4692401324579123,520.0071121141804,554.5433095222207,832.7970397801186,0.3028799960747676,0.009166666666666667,0.2503263888888889,0.5623730516303231,1.9976269483696774,0.824258421365524,414.4343688964844,0.0,0.0,414.4343688964844,542.1343688964844,6245.977798350889,297.6476745605469,30.0,730.0071121141804,0.0,1,E01_M012_G00,E01_M012_G00,E01,M012,6272.925,7092.175,819.25,0.4692401324579123,0.0
E52_d3460088443e86b69235cf2f,9.820370805240273,10.110906533633653,9.820370805240273,520.9986937965015,557.4049117530444,823.5600798537452,0.3019244763287566,0.009166666666666667,0.2503263888888889,0.5614175318843122,1.9985824681156883,0.8245570212861524,436.87461547851564,0.0,0.0,436.87461547851564,564.5746154785156,6176.700598903089,281.75616455078125,30.0,730.9986937965015,0.0,1,E01_M012_G00,E01_M012_G00,E01,M012,6272.925,7092.175,819.25,9.820370805240273,0.0
E52_ef8fa59407d07a2296b5f591,1.3695242495045648,0.3151276047193221,0.3151276047193221,505.85939793409244,540.3898465933535,804.5361039126185,0.29384606362066074,0.009166666666666667,0.2503263888888889,0.5533391191762163,2.0066608808237842,0.8270815252574324,414.3653839111328,0.0,0.0,414.3653839111328,542.0653839111328,6034.020779344639,284.8677062988281,30.0,715.8593979340924,0.0,1,E01_M012_G00,E01_M012_G00,E01,M012,6272.925,7092.175,819.25,0.3151276047193221,0.0
E52_060143e4033ea7dfc142ce26,6.23446973686174,13.051384290227645,6.23446973686174,390.52156568077555,422.97629514244545,586.3147545915316,0.2219218246513189,0.009166666666666667,0.24475,0.47583849131798556,2.084161508682015,0.8513004714631295,389.4567535400391,0.0,0.0,389.4567535400391,517.1567535400391,4397.360659436487,298.2110595703125,30.0,600.5215656807756,0.0,1,E01_M014_G00,E01_M014_G00,E01,M014,746.34375,1547.34375,801.0,6.23446973686174,0.0
E52_0c56c0f390b777971f9a7e58,4.866826508382303,2.1743859331465814,2.1743859331465814,461.3120930283848,507.24512830670517,647.0259743868478,0.2556960576036008,0.009166666666666667,0.24475,0.5096127242702675,2.050387275729733,0.8407460236655414,551.1964233398437,0.0,0.0,551.1964233398437,678.8964233398438,4852.694807901358,439.2268981933594,30.0,671.3120930283849,0.0,1,E01_M014_G00,E01_M014_G00,E01,M014,746.34375,1547.34375,801.0,2.1743859331465814,0.0
E52_0f45fcab7c66cb90fa618929,6.225159710310805,12.721246579688795,6.225159710310805,427.8988653120833,469.21977900837237,607.8722484464322,0.23826781941132907,0.009166666666666667,0.24475,0.4921844860779957,2.067815513922005,0.8461923481006264,495.85096435546876,0.0,0.0,495.85096435546876,623.5509643554688,4559.041863348241,326.6978454589844,30.0,637.8988653120832,0.0,1,E01_M014_G00,E01_M014_G00,E01,M014,746.34375,1547.34375,801.0,6.225159710310805,0.0
E52_0fa03b8d9ed736d48919c1b7,9.041566526676078,11.555158541579928,9.041566526676078,469.53189880990186,510.00510285042924,696.2245733766397,0.2655870342753843,0.009166666666666667,0.24475,0.519503700942051,2.0404962990579496,0.8376550934556091,485.67844848632814,0.0,0.0,485.67844848632814,613.3784484863281,5221.684300324798,325.1297912597656,30.0,679.5318988099018,0.0,1,E01_M014_G00,E01_M014_G00,E01,M014,746.34375,1547.34375,801.0,9.041566526676078,0.0
E52_12b142f00e8cb4e3948f96c2,6.158926941785182,12.991659521749298,6.158926941785182,402.5936730780369,438.4739485500421,589.9056933240425,0.22672373828986628,0.009166666666666667,0.24475,0.48064040495653293,2.0793595950434676,0.8497998734510834,430.5633056640625,0.0,0.0,430.5633056640625,558.2633056640625,4424.292699930319,284.7546081542969,30.0,612.5936730780369,0.0,1,E01_M014_G00,E01_M014_G00,E01,M014,746.34375,1547.34375,801.0,6.158926941785182,0.0
E52_132fcaf6d631eae41e83e018,1.5759565138826304,12.621037374336296,1.5759565138826304,466.52713400648173,519.919143487276,612.7022111281979,0.2526897045720101,0.009166666666666667,0.24475,0.5066063712386768,2.0533936287613237,0.8416855089879135,640.7041137695312,0.0,0.0,640.7041137695312,768.4041137695312,4595.266583461484,468.40411376953125,30.0,676.5271340064817,0.0,1,E01_M014_G00,E01_M014_G00,E01,M014,746.34375,1547.34375,801.0,1.5759565138826304,0.0
E52_154bbd26b7808edf72eaa410,0.7291434862026591,13.235683344326844,0.7291434862026591,444.90797820490957,498.19814035497467,570.0749835094285,0.23896400983981742,0.009166666666666667,0.24475,0.49288067650648404,2.0671193234935163,0.8459747885917237,639.4819458007812,0.0,0.0,639.4819458007812,767.1819458007812,4275.562376320714,467.18194580078125,30.0,654.9079782049096,0.0,1,E01_M014_G00,E01_M014_G00,E01,M014,746.34375,1547.34375,801.0,0.7291434862026591,0.0
E52_29c9aa5399273a7ee24bceb6,9.102344682225166,11.583777919859742,9.102344682225166,451.9321692173844,486.7995103225277,694.6602918039094,0.2591062855773863,0.009166666666666667,0.24475,0.5130229522440529,2.0469770477559477,0.8396803274237334,418.40809326171876,0.0,0.0,418.40809326171876,546.1080932617188,5209.952188529321,322.9142761230469,30.0,661.9321692173844,0.0,1,E01_M014_G00,E01_M014_G00,E01,M014,746.34375,1547.34375,801.0,9.102344682225166,0.0
E52_2d291a2169e36d61d7bf7582,0.9713488889093327,12.790365797832976,0.9713488889093327,470.3839036593983,527.1993216484933,599.8752993842263,0.25224474652706685,0.009166666666666667,0.24475,0.5061614131937335,2.053838586806267,0.8418245583769582,681.7850158691406,0.0,0.0,681.7850158691406,809.4850158691406,4499.064745381697,509.4850158691406,30.0,680.3839036593984,0.0,1,E01_M014_G00,E01_M014_G00,E01,M014,746.34375,1547.34375,801.0,0.9713488889093327,0.0
E52_32cd7932ac3bc8f6e82bd016,6.395317050697628,12.531399030736651,6.395317050697628,433.33722088021847,474.19552115284216,621.5246401246948,0.24213542524196421,0.009166666666666667,0.24475,0.49605209190863087,2.06394790809137,0.8449837212785529,490.2996032714844,0.0,0.0,490.2996032714844,617.9996032714844,4661.434800935211,324.9372863769531,30.0,643.3372208802184,0.0,1,E01_M014_G00,E01_M014_G00,E01,M014,746.34375,1547.34375,801.0,6.395317050697628,0.0
E52_3322673a66874be8fb5ff9e0,6.079752587594399,12.93559360833251,6.079752587594399,392.2739001975914,423.9757012433271,594.3369941207687,0.2236811646950203,0.009166666666666667,0.24475,0.477597831361687,2.0824021686383136,0.8507506776994729,380.42161254882814,0.0,0.0,380.42161254882814,508.1216125488281,4457.527455905765,308.1216125488281,30.0,602.2739001975914,0.0,1,E01_M014_G00,E01_M014_G00,E01,M014,746.34375,1547.34375,801.0,6.079752587594399,0.0
E52_4513f74e4ba51c209cccc792,7.979665889701451,9.790974506635663,7.979665889701451,548.6050089915749,589.1156759023821,854.1460165183059,0.3160741321008959,0.009166666666666667,0.24475,0.5699907987675625,1.990009201232438,0.8218778753851367,486.1280029296875,0.0,0.0,486.1280029296875,613.8280029296875,6406.095123887295,391.8226318359375,30.0,758.6050089915749,12.261258991574891,0,E01_M014_G00,E01_M014_G00,E01,M014,746.34375,1547.34375,801.0,7.979665889701451,0.0
E52_575c4f100493de938643a13d,5.145316592407042,2.099203328999508,2.099203328999508,470.05405043895155,518.0123847895375,652.3580947743875,0.259560220504969,0.009166666666666667,0.24475,0.5134768871716356,2.046523112828365,0.8395384727588638,575.5000122070312,0.0,0.0,575.5000122070312,703.2000122070312,4892.685710807907,437.3766174316406,30.0,680.0540504389515,0.0,1,E01_M014_G00,E01_M014_G00,E01,M014,746.34375,1547.34375,801.0,2.099203328999508,0.0
E52_67646c2afbeb5602853e5a9c,6.068421082484775,12.927232110573698,6.068421082484775,404.7739001975914,440.6423679099937,594.3369941207687,0.22812669469116229,0.009166666666666667,0.24475,0.48204336135782894,2.0779566386421715,0.8493614495756785,430.42161254882814,0.0,0.0,430.42161254882814,558.1216125488281,4457.527455905765,308.1216125488281,30.0,614.7739001975914,0.0,1,E01_M014_G00,E01_M014_G00,E01,M014,746.34375,1547.34375,801.0,6.068421082484775,0.0
E52_7e4744117cf2a1b6b8665ab3,1.1880430529864014,12.590569849682154,1.1880430529864014,474.82609328547096,530.7107225986219,614.3444106920357,0.25587373999544005,0.009166666666666667,0.24475,0.5097904066621067,2.0502095933378937,0.8406904979180917,670.6155517578125,0.0,0.0,670.6155517578125,798.3155517578125,4607.5830801902675,498.3155517578125,30.0,684.826093285471,0.0,1,E01_M014_G00,E01_M014_G00,E01,M014,746.34375,1547.34375,801.0,1.1880430529864014,0.0
E52_a0032802edd73d232f2c84c2,1.7992292978925093,12.395809404549922,1.7992292978925093,482.4923087567502,538.5719606529091,628.5067061365473,0.26060588149401487,0.009166666666666667,0.24475,0.5145225481606815,2.045477451839319,0.839211703699787,672.9558227539062,0.0,0.0,672.9558227539062,800.6558227539062,4713.800296024105,500.65582275390625,30.0,692.4923087567502,0.0,1,E01_M014_G00,E01_M014_G00,E01,M014,746.34375,1547.34375,801.0,1.7992292978925093,0.0
E52_b4122a9095172602242b40e3,6.054891773416557,12.917805218005896,6.054891773416557,417.2739001975914,457.30903457666045,594.3369941207687,0.23257222468730426,0.009166666666666667,0.24475,0.4864888913539709,2.07351110864603,0.8479722214518841,480.42161254882814,0.0,0.0,480.42161254882814,608.1216125488281,4457.527455905765,308.1216125488281,30.0,627.2739001975914,0.0,1,E01_M014_G00,E01_M014_G00,E01,M014,746.34375,1547.34375,801.0,6.054891773416557,0.0
E52_b45db00398315637fb020e5f,8.990116679844363,10.742298629097064,8.990116679844363,520.0993036420956,566.0861185224667,764.2777180019647,0.2932088546230577,0.009166666666666667,0.24475,0.5471255212897244,2.012874478710276,0.8290232745969611,551.8417785644531,0.0,0.0,551.8417785644531,679.5417785644531,5732.082885014735,386.71868896484375,30.0,730.0993036420956,0.0,1,E01_M014_G00,E01_M014_G00,E01,M014,746.34375,1547.34375,801.0,8.990116679844363,0.0
E52_b677873645e212a13901ede2,6.602123665466749,9.230718628911887,6.602123665466749,575.9444140089429,616.0268887810784,911.3939793850733,0.3339048259552679,0.009166666666666667,0.24475,0.5878214926219345,1.972178507378066,0.8163057835556455,480.989697265625,0.0,0.0,480.989697265625,608.689697265625,6835.45484538805,390.98822021484375,30.0,785.9444140089429,39.600664008942886,0,E01_M014_G00,E01_M014_G00,E01,M014,746.34375,1547.34375,801.0,6.602123665466749,0.0
E52_be79b94db4a0a5b6faaed631,0.5166988155209538,13.435452033242427,0.5166988155209538,439.28613208838135,492.92224150407145,556.7556076826221,0.23507830977561708,0.009166666666666667,0.24475,0.48899497644228374,2.0710050235577167,0.8471890698617863,643.6333129882812,0.0,0.0,643.6333129882812,771.3333129882812,4175.667057619666,471.33331298828125,30.0,649.2861320883814,0.0,1,E01_M014_G00,E01_M014_G00,E01,M014,746.34375,1547.34375,801.0,0.5166988155209538,0.0
E52_beb70ec57fd2d66bf65b827f,1.6281698264162543,2.43785423226241,1.6281698264162543,429.6587378248194,468.09544538504076,628.6972302883107,0.2418430061920666,0.009166666666666667,0.24475,0.49575967285873324,2.0642403271412673,0.8450751022316458,461.24049072265626,0.0,0.0,461.24049072265626,588.9404907226562,4715.22922716233,538.9404907226562,30.0,639.6587378248194,0.0,1,E01_M014_G00,E01_M014_G00,E01,M014,746.34375,1547.34375,801.0,1.6281698264162543,0.0
E52_c515ea57360fd29f9add62f7,9.39218644815945,10.649906727109496,9.39218644815945,525.5980011021792,572.0554631586571,772.4512298654912,0.29632198385281766,0.009166666666666667,0.24475,0.5502386505194843,2.009761349480516,0.8280504217126612,557.4895446777343,0.0,0.0,557.4895446777343,685.1895446777344,5793.384223991184,393.3172912597656,30.0,735.5980011021792,0.0,1,E01_M014_G00,E01_M014_G00,E01,M014,746.34375,1547.34375,801.0,9.39218644815945,0.0
E52_cdef0b479e00ae29ebd83132,7.697786272509717,10.01648148125875,7.697786272509717,520.0071121141804,554.5433095222207,832.7970397801186,0.3028799960747676,0.009166666666666667,0.24475,0.5567966627414342,2.003203337258566,0.8260010428933018,414.4343688964844,0.0,0.0,414.4343688964844,542.1343688964844,6245.977798350889,297.6476745605469,30.0,730.0071121141804,0.0,1,E01_M014_G00,E01_M014_G00,E01,M014,746.34375,1547.34375,801.0,7.697786272509717,0.0
E52_d1d4424e0dfaa7a0ce62d445,6.1120469020989106,12.872868339328704,6.1120469020989106,402.0751033963921,436.37951216917855,598.3237541560654,0.22773150601213982,0.009166666666666667,0.24475,0.48164817267880644,2.0783518273211943,0.8494849460378731,411.6529052734375,0.0,0.0,411.6529052734375,539.3529052734375,4487.428156170491,269.83203125,30.0,612.075103396392,0.0,1,E01_M014_G00,E01_M014_G00,E01,M014,746.34375,1547.34375,801.0,6.1120469020989106,0.0
E52_da1eeef61bb4fffd90feecd9,9.076253808869353,11.577048041656667,9.076253808869353,464.4321692173844,503.4661769891943,694.6602918039094,0.2635518155735283,0.009166666666666667,0.24475,0.5174684822401949,2.0425315177598056,0.8382910992999391,468.40809326171876,0.0,0.0,468.40809326171876,596.1080932617188,5209.952188529321,322.9142761230469,30.0,674.4321692173844,0.0,1,E01_M014_G00,E01_M014_G00,E01,M014,746.34375,1547.34375,801.0,9.076253808869353,0.0
E52_ef8fa59407d07a2296b5f591,7.566679668253741,0.3151276047193221,0.3151276047193221,505.85939793409244,540.3898465933535,804.5361039126185,0.29384606362066074,0.009166666666666667,0.24475,0.5477627302873274,2.0122372697126734,0.8288241467852102,414.3653839111328,0.0,0.0,414.3653839111328,542.0653839111328,6034.020779344639,284.8677062988281,30.0,715.8593979340924,0.0,1,E01_M014_G00,E01_M014_G00,E01,M014,746.34375,1547.34375,801.0,0.3151276047193221,0.0
E52_f4836ff0bfcbe7f74f580128,0.5542145221587873,13.198394987858308,0.5542145221587873,446.8309536018799,500.3537512499919,572.525121315088,0.23999489789029496,0.009166666666666667,0.24475,0.4939115645569616,2.0660884354430387,0.8456526360759495,642.2735717773437,0.0,0.0,642.2735717773437,769.9735717773438,4293.93840986316,483.0478820800781,30.0,656.8309536018799,0.0,1,E01_M014_G00,E01_M014_G00,E01,M014,746.34375,1547.34375,801.0,0.5542145221587873,0.0
E52_fb97bb829fc82a7376005525,0.997404674963903,12.561592200960149,0.997404674963903,483.9909817485873,542.6900133241081,615.7877740440496,0.2593375767224136,0.009166666666666667,0.24475,0.5132542433890802,2.04674575661092,0.8396080489409125,704.38837890625,0.0,0.0,704.38837890625,832.08837890625,4618.408305330372,532.08837890625,30.0,693.9909817485873,0.0,1,E01_M014_G00,E01_M014_G00,E01,M014,746.34375,1547.34375,801.0,0.997404674963903,0.0
E52_0c56c0f390b777971f9a7e58,9.191817182292596,2.1743859331465814,2.1743859331465814,461.3120930283848,507.24512830670517,647.0259743868478,0.2556960576036008,0.009166666666666667,0.18918663194444446,0.45404935621471193,2.1059506437852886,0.8581095761829025,551.1964233398437,0.0,0.0,551.1964233398437,678.8964233398438,4852.694807901358,439.2268981933594,30.0,671.3120930283849,0.0,1,E01_M015_G00,E01_M015_G00,E01,M015,804.8125,1423.96875,619.15625,2.1743859331465814,0.0
E52_132fcaf6d631eae41e83e018,16.277039427598496,12.621037374336296,12.621037374336296,466.52713400648173,519.919143487276,612.7022111281979,0.2526897045720101,0.009166666666666667,0.18918663194444446,0.45104300318312124,2.1089569968168793,0.8590490615052746,640.7041137695312,0.0,0.0,640.7041137695312,768.4041137695312,4595.266583461484,468.40411376953125,30.0,676.5271340064817,0.0,1,E01_M015_G00,E01_M015_G00,E01,M015,804.8125,1423.96875,619.15625,12.621037374336296,0.0
E52_154bbd26b7808edf72eaa410,13.995666599621927,13.235683344326844,13.235683344326844,444.90797820490957,498.19814035497467,570.0749835094285,0.23896400983981742,0.009166666666666667,0.18918663194444446,0.43731730845092853,2.122682691549072,0.8633383411090848,639.4819458007812,0.0,0.0,639.4819458007812,767.1819458007812,4275.562376320714,467.18194580078125,30.0,654.9079782049096,0.0,1,E01_M015_G00,E01_M015_G00,E01,M015,804.8125,1423.96875,619.15625,13.235683344326844,0.0
E52_2d291a2169e36d61d7bf7582,15.632231005935907,12.790365797832976,12.790365797832976,470.3839036593983,527.1993216484933,599.8752993842263,0.25224474652706685,0.009166666666666667,0.18918663194444446,0.45059804513817797,2.1094019548618226,0.8591881108943193,681.7850158691406,0.0,0.0,681.7850158691406,809.4850158691406,4499.064745381697,509.4850158691406,30.0,680.3839036593984,0.0,1,E01_M015_G00,E01_M015_G00,E01,M015,804.8125,1423.96875,619.15625,12.790365797832976,0.0
E52_575c4f100493de938643a13d,8.748145591440831,2.099203328999508,2.099203328999508,470.05405043895155,518.0123847895375,652.3580947743875,0.259560220504969,0.009166666666666667,0.18918663194444446,0.45791351911608014,2.10208648088392,0.8569020252762249,575.5000122070312,0.0,0.0,575.5000122070312,703.2000122070312,4892.685710807907,437.3766174316406,30.0,680.0540504389515,0.0,1,E01_M015_G00,E01_M015_G00,E01,M015,804.8125,1423.96875,619.15625,2.099203328999508,0.0
E52_7ccd1e182a1b2540fd645bfb,17.598222271069588,2.4191590009326376,2.4191590009326376,429.0509151666868,465.88596358791074,630.2977572539465,0.24168092785315382,0.009166666666666667,0.18918663194444446,0.44003422646426493,2.1199657735357356,0.8624893042299172,447.8438232421875,5.8232421875,5.8232421875,447.8438232421875,575.5438232421875,4727.2331794045995,525.5438232421875,30.0,639.0509151666868,0.0,1,E01_M015_G00,E01_M015_G00,E01,M015,804.8125,1423.96875,619.15625,2.4191590009326376,0.0
E52_7e4744117cf2a1b6b8665ab3,16.603245099807324,12.590569849682154,12.590569849682154,474.82609328547096,530.7107225986219,614.3444106920357,0.25587373999544005,0.009166666666666667,0.18918663194444446,0.45422703860655117,2.1057729613934493,0.8580540504354528,670.6155517578125,0.0,0.0,670.6155517578125,798.3155517578125,4607.5830801902675,498.3155517578125,30.0,684.826093285471,0.0,1,E01_M015_G00,E01_M015_G00,E01,M015,804.8125,1423.96875,619.15625,12.590569849682154,0.0
E52_928897c58ab324fea0c4e2a6,3.484611903020678,1.5883194156787255,1.5883194156787255,531.9728362225934,555.928866496031,695.4103981938848,0.2819677951972939,0.009166666666666667,0.18918663194444446,0.48032109380840504,2.0796789061915955,0.8498996581848735,480.1572998046875,192.6849365234375,192.6849365234375,480.1572998046875,607.8572998046875,5215.577986454136,557.8572998046875,30.0,741.9728362225934,0.0,1,E01_M015_G00,E01_M015_G00,E01,M015,804.8125,1423.96875,619.15625,1.5883194156787255,0.0
E52_a0032802edd73d232f2c84c2,16.578178410595456,12.395809404549922,12.395809404549922,482.4923087567502,538.5719606529091,628.5067061365473,0.26060588149401487,0.009166666666666667,0.18918663194444446,0.458959180105126,2.1010408198948745,0.8565752562171481,672.9558227539062,0.0,0.0,672.9558227539062,800.6558227539062,4713.800296024105,500.65582275390625,30.0,692.4923087567502,0.0,1,E01_M015_G00,E01_M015_G00,E01,M015,804.8125,1423.96875,619.15625,12.395809404549922,0.0
E52_b45db00398315637fb020e5f,5.400247916756143,10.742298629097064,5.400247916756143,520.0993036420956,566.0861185224667,764.2777180019647,0.2932088546230577,0.009166666666666667,0.18918663194444446,0.4915621532341688,2.0684378467658315,0.8463868271143222,551.8417785644531,0.0,0.0,551.8417785644531,679.5417785644531,5732.082885014735,386.71868896484375,30.0,730.0993036420956,0.0,1,E01_M015_G00,E01_M015_G00,E01,M015,804.8125,1423.96875,619.15625,5.400247916756143,0.0
E52_be79b94db4a0a5b6faaed631,13.11389912953588,13.435452033242427,13.11389912953588,439.28613208838135,492.92224150407145,556.7556076826221,0.23507830977561708,0.009166666666666667,0.18918663194444446,0.43343160838672823,2.1265683916132723,0.8645526223791474,643.6333129882812,0.0,0.0,643.6333129882812,771.3333129882812,4175.667057619666,471.33331298828125,30.0,649.2861320883814,0.0,1,E01_M015_G00,E01_M015_G00,E01,M015,804.8125,1423.96875,619.15625,13.11389912953588,0.0
E52_beb70ec57fd2d66bf65b827f,17.38358245881338,2.43785423226241,2.43785423226241,429.6587378248194,468.09544538504076,628.6972302883107,0.2418430061920666,0.009166666666666667,0.18918663194444446,0.44019630480317773,2.119803695196823,0.8624386547490069,461.24049072265626,0.0,0.0,461.24049072265626,588.9404907226562,4715.22922716233,538.9404907226562,30.0,639.6587378248194,0.0,1,E01_M015_G00,E01_M015_G00,E01,M015,804.8125,1423.96875,619.15625,2.43785423226241,0.0
E52_c515ea57360fd29f9add62f7,5.110675927180537,10.649906727109496,5.110675927180537,525.5980011021792,572.0554631586571,772.4512298654912,0.29632198385281766,0.009166666666666667,0.18918663194444446,0.4946752824639288,2.065324717536072,0.8454139742300223,557.4895446777343,0.0,0.0,557.4895446777343,685.1895446777344,5793.384223991184,393.3172912597656,30.0,735.5980011021792,0.0,1,E01_M015_G00,E01_M015_G00,E01,M015,804.8125,1423.96875,619.15625,5.110675927180537,0.0
E52_f4836ff0bfcbe7f74f580128,13.84134266108093,13.198394987858308,13.198394987858308,446.8309536018799,500.3537512499919,572.525121315088,0.23999489789029496,0.009166666666666667,0.18918663194444446,0.4383481965014061,2.1216518034985943,0.8630161885933106,642.2735717773437,0.0,0.0,642.2735717773437,769.9735717773438,4293.93840986316,483.0478820800781,30.0,656.8309536018799,0.0,1,E01_M015_G00,E01_M015_G00,E01,M015,804.8125,1423.96875,619.15625,13.198394987858308,0.0
E52_fb97bb829fc82a7376005525,16.46353643879513,12.561592200960149,12.561592200960149,483.9909817485873,542.6900133241081,615.7877740440496,0.2593375767224136,0.009166666666666667,0.18918663194444446,0.4576908753335247,2.102309124666476,0.8569716014582736,704.38837890625,0.0,0.0,704.38837890625,832.08837890625,4618.408305330372,532.08837890625,30.0,693.9909817485873,0.0,1,E01_M015_G00,E01_M015_G00,E01,M015,804.8125,1423.96875,619.15625,12.561592200960149,0.0
E52_0c9d91fc306062a18ada9948,7.0084862389900024,15.697900697510477,7.0084862389900024,331.42241999480143,370.2725110389095,429.7442937249544,0.1787296459836012,0.009166666666666667,0.18094618055555556,0.3688424932058234,2.191157506794177,0.8847367208731802,466.2010925292969,0.0,0.0,466.2010925292969,593.9010925292969,3223.082202937158,335.390380859375,30.0,541.4224199948014,0.0,1,E01_M016_G00,E01_M016_G00,E01,M016,4484.75,5076.9375,592.1875,7.0084862389900024,0.0
E52_189eb019491ad876aa165071,9.695128280784644,3.8094716871601975,3.8094716871601975,403.09916814168594,448.35288467407526,534.676037089036,0.21908171065325852,0.009166666666666667,0.18094618055555556,0.40919455787548076,2.1508054421245197,0.8721267006639123,543.0445983886718,0.0,0.0,543.0445983886718,670.7445983886719,4010.07027816777,391.87322998046875,30.0,613.0991681416859,0.0,1,E01_M016_G00,E01_M016_G00,E01,M016,4484.75,5076.9375,592.1875,3.8094716871601975,0.0
E52_215ef380a7eb56a6f7d09ab1,7.236269287947721,12.440860913671315,7.236269287947721,437.2780853288336,478.35957590907447,628.0672271762219,0.2444635461376352,0.009166666666666667,0.18094618055555556,0.4345763933598574,2.125423606640143,0.8641948770750445,492.97788696289064,0.0,0.0,492.97788696289064,620.6778869628906,4710.504203821664,324.9881591796875,30.0,647.2780853288336,0.0,1,E01_M016_G00,E01_M016_G00,E01,M016,4484.75,5076.9375,592.1875,7.236269287947721,0.0
E52_231de36c6439da832299e30f,4.599017917286076,16.451156269229884,4.599017917286076,336.2639482811268,383.1573412254627,391.1675388962379,0.1749881335365896,0.009166666666666667,0.18094618055555556,0.3651009807588118,2.1948990192411886,0.8859059435128713,562.7207153320312,0.0,0.0,562.7207153320312,690.4207153320312,2933.7565417217843,390.42071533203125,30.0,546.2639482811268,0.0,1,E01_M016_G00,E01_M016_G00,E01,M016,4484.75,5076.9375,592.1875,4.599017917286076,0.0
E52_246111a1ef063bec9e89ec9e,8.575691888014816,13.03223549741864,8.575691888014816,413.11352328410356,453.07003166626504,586.4879962752384,0.22998101771643822,0.009166666666666667,0.18094618055555556,0.4200938649386604,2.13990613506134,0.8687206672066686,479.4781005859375,0.0,0.0,479.4781005859375,607.1781005859375,4398.659972064288,469.28277587890625,30.0,623.1135232841036,0.0,1,E01_M016_G00,E01_M016_G00,E01,M016,4484.75,5076.9375,592.1875,8.575691888014816,0.0
E52_27bf1882d0e1a812c8450c72,6.4104812089145184,16.18675851321828,6.4104812089145184,334.03154784809436,377.9609795090644,404.48650573036844,0.17608047258726683,0.009166666666666667,0.18094618055555556,0.36619331980948905,2.1938066801905114,0.8855645875595347,527.1531799316406,0.0,0.0,527.1531799316406,654.8531799316406,3033.648792977763,364.9013671875,30.0,544.0315478480943,0.0,1,E01_M016_G00,E01_M016_G00,E01,M016,4484.75,5076.9375,592.1875,6.4104812089145184,0.0
E52_2d7a36258a59c18fc6a856bf,5.997167616304111,16.662039037059316,5.997167616304111,318.72117968179435,361.17160743651436,382.73979283526836,0.16755561647288383,0.009166666666666667,0.18094618055555556,0.3576684636951061,2.2023315363048943,0.8882286050952793,509.40513305664064,0.0,0.0,509.40513305664064,637.1051330566406,2870.5484462645127,346.4301452636719,30.0,528.7211796817944,0.0,1,E01_M016_G00,E01_M016_G00,E01,M016,4484.75,5076.9375,592.1875,5.997167616304111,0.0
E52_347c51b45a583dd4c5a4aad0,8.071563748446437,10.359339260709504,8.071563748446437,545.8106765870443,594.6474365357748,798.6007934817058,0.3072138543106079,0.009166666666666667,0.18094618055555556,0.4973267015328301,2.0626732984671703,0.8445854057709906,586.0411193847656,0.0,0.0,586.0411193847656,713.7411193847656,5989.505951112793,425.30462646484375,30.0,755.8106765870443,0.0,1,E01_M016_G00,E01_M016_G00,E01,M016,4484.75,5076.9375,592.1875,8.071563748446437,0.0
E52_3875f0f2b8e39572338b498b,7.224642538904277,12.654831201135607,7.224642538904277,430.443023323014,471.8276755243487,612.5781334380202,0.23983909257274777,0.009166666666666667,0.18094618055555556,0.42995193979497,2.1300480602050307,0.8656400188140718,496.61582641601564,0.0,0.0,496.61582641601564,624.3158264160156,4594.336000785152,324.3158264160156,30.0,640.443023323014,0.0,1,E01_M016_G00,E01_M016_G00,E01,M016,4484.75,5076.9375,592.1875,7.224642538904277,0.0
E52_3a94b6482baa2cfaba8a857d,6.205753892012169,16.425448776817632,6.205753892012169,326.01303055755295,369.111023518165,393.4381033514341,0.17166403726355467,0.009166666666666667,0.18094618055555556,0.3617768844857769,2.1982231155142236,0.8869447235981948,517.1759155273437,0.0,0.0,517.1759155273437,644.8759155273438,2950.785775135756,352.4370422363281,30.0,536.013030557553,0.0,1,E01_M016_G00,E01_M016_G00,E01,M016,4484.75,5076.9375,592.1875,6.205753892012169,0.0
E52_47db2d0d55c92154c779a4c9,6.061526749283374,16.45726286038159,6.061526749283374,312.62709924858126,351.3219092257948,393.08533863388124,0.16685347284684848,0.009166666666666667,0.18094618055555556,0.3569663200690707,2.20303367993093,0.8884480249784155,464.3377197265625,0.0,0.0,464.3377197265625,592.0377197265625,2948.1400397541092,295.61395263671875,30.0,522.6270992485813,0.0,1,E01_M016_G00,E01_M016_G00,E01,M016,4484.75,5076.9375,592.1875,6.061526749283374,0.0
E52_60b0dc656c777ee2cc2279b1,8.270612326516968,0.21315146591224732,0.21315146591224732,563.4362729251038,615.9641949832094,811.705013501575,0.3153381258454166,0.009166666666666667,0.18094618055555556,0.5054509730676389,2.054549026932362,0.8420465709163629,630.3350646972656,0.0,0.0,630.3350646972656,758.0350646972656,6087.787601261813,495.9024353027344,30.0,773.4362729251038,0.0,1,E01_M016_G00,E01_M016_G00,E01,M016,4484.75,5076.9375,592.1875,0.21315146591224732,0.0
E52_6dc095df8eb6475486134b5c,9.025375827509535,12.905188948092743,9.025375827509535,424.06014837873875,466.2734748964797,594.8403376510322,0.23505698741925235,0.009166666666666667,0.18094618055555556,0.42516983464147456,2.134830165358526,0.8671344266745392,506.55991821289064,0.0,0.0,506.55991821289064,634.2599182128906,4461.302532382741,440.2059631347656,30.0,634.0601483787387,0.0,1,E01_M016_G00,E01_M016_G00,E01,M016,4484.75,5076.9375,592.1875,9.025375827509535,0.0
E52_7dc5542bb1ad046741692f59,7.00648707818759,15.630401191468053,7.00648707818759,333.52010664670297,372.50493279823297,433.1312563842263,0.17995534493942492,0.009166666666666667,0.18094618055555556,0.3700681921616471,2.189931807838353,0.8843536899494853,467.8179138183594,0.0,0.0,467.8179138183594,595.5179138183594,3248.484422881697,322.1230773925781,30.0,543.520106646703,0.0,1,E01_M016_G00,E01_M016_G00,E01,M016,4484.75,5076.9375,592.1875,7.00648707818759,0.0
E52_82c821a5773d0bfbe554f10a,11.240343925362424,11.397135806608844,11.240343925362424,512.9354114719376,566.0737563002253,707.0407539741487,0.2825549862639304,0.009166666666666667,0.18094618055555556,0.4726678334861526,2.087332166513848,0.8522913020355773,637.6601379394531,0.0,0.0,637.6601379394531,765.3601379394531,5302.805654806116,465.3601379394531,30.0,722.9354114719376,0.0,1,E01_M016_G00,E01_M016_G00,E01,M016,4484.75,5076.9375,592.1875,11.240343925362424,0.0
E52_8ca7795ffa642a3b129c0a3d,6.966080081699303,15.730152054416479,6.966080081699303,330.94608252023,369.9122522589995,428.0951466078428,0.17832668261553564,0.009166666666666667,0.18094618055555556,0.36843952983775785,2.1915604701622424,0.8848626469257007,467.5940368652344,0.0,0.0,467.5940368652344,595.2940368652344,3210.713599558821,335.390380859375,30.0,540.94608252023,0.0,1,E01_M016_G00,E01_M016_G00,E01,M016,4484.75,5076.9375,592.1875,6.966080081699303,0.0
E52_8d375985c45fff9288668cb3,4.407503473049033,16.222123863058812,4.407503473049033,353.99602207193686,405.21742048909175,400.663653640944,0.182639281392285,0.009166666666666667,0.18094618055555556,0.37275212861450724,2.1872478713854933,0.8835149598079665,614.6567810058593,0.0,0.0,614.6567810058593,742.3567810058594,3004.97740230708,442.3567810058594,30.0,563.9960220719369,0.0,1,E01_M016_G00,E01_M016_G00,E01,M016,4484.75,5076.9375,592.1875,4.407503473049033,0.0
E52_9b18c2085562c5280ea1e394,7.5155198001554595,0.02697066595830222,0.02697066595830222,563.4972144032131,613.0086493397365,829.9258191872856,0.3179402888393461,0.009166666666666667,0.18094618055555556,0.5080531360615683,2.051946863938432,0.8412333949807599,594.1372192382812,0.0,0.0,594.1372192382812,721.8372192382812,6224.443643904642,493.42156982421875,30.0,773.4972144032131,0.0,1,E01_M016_G00,E01_M016_G00,E01,M016,4484.75,5076.9375,592.1875,0.02697066595830222,0.0
E52_a1af1f4ab7d520e82e20be53,9.496065550682573,0.45430012492889205,0.45430012492889205,547.7224457312177,598.7128286250978,789.5025940991541,0.30660524396013417,0.009166666666666667,0.18094618055555556,0.4967180911823564,2.063281908817644,0.8447755965055137,611.8845947265625,0.0,0.0,611.8845947265625,739.5845947265625,5921.269455743655,499.0620422363281,30.0,757.7224457312177,0.0,1,E01_M016_G00,E01_M016_G00,E01,M016,4484.75,5076.9375,592.1875,0.45430012492889205,0.0
E52_b8aeee13ee5f313ffdb298e7,8.401562249413445,0.32052137756616617,0.32052137756616617,550.9628084392909,600.9445446860357,802.0351993981131,0.309532562555218,0.009166666666666667,0.18094618055555556,0.4996454097774402,2.0603545902225604,0.8438608094445499,599.7808349609375,0.0,0.0,599.7808349609375,727.4808349609375,6015.263995485849,488.552978515625,30.0,760.9628084392909,0.0,1,E01_M016_G00,E01_M016_G00,E01,M016,4484.75,5076.9375,592.1875,0.32052137756616617,0.0
E52_be69bdf55826f2eb34075d09,8.607486198729944,12.029424972929434,8.607486198729944,457.6877788138426,500.48965717077624,658.5642874860837,0.25604119113741575,0.009166666666666667,0.18094618055555556,0.44615403835963796,2.1138459616403624,0.8605768630126132,513.6225402832031,0.0,0.0,513.6225402832031,641.3225402832031,4939.232156145627,341.3225402832031,30.0,667.6877788138427,0.0,1,E01_M016_G00,E01_M016_G00,E01,M016,4484.75,5076.9375,592.1875,8.607486198729944,0.0
E52_c0294c7ff44d44fc4ede8d97,5.940365891923506,16.7256600789149,5.940365891923506,316.70783025924425,358.9570632507807,379.92026256926977,0.16644027302831577,0.009166666666666667,0.18094618055555556,0.356553120250538,2.2034468797494626,0.8885771499217069,506.9907958984375,0.0,0.0,506.9907958984375,634.6907958984375,2849.4019692695233,334.6907958984375,30.0,526.7078302592442,0.0,1,E01_M016_G00,E01_M016_G00,E01,M016,4484.75,5076.9375,592.1875,5.940365891923506,0.0
E52_c10a50247c57c0340b451298,8.14063124848731,3.1495087650690863,3.1495087650690863,410.4813485396202,450.8988478275434,578.4577013517014,0.22790762835174688,0.009166666666666667,0.18094618055555556,0.4180204755739691,2.1419795244260316,0.8693686013831347,485.00999145507814,0.0,0.0,485.00999145507814,612.7099914550781,4338.432760137761,515.4917602539062,30.0,620.4813485396203,0.0,1,E01_M016_G00,E01_M016_G00,E01,M016,4484.75,5076.9375,592.1875,3.1495087650690863,0.0
E52_c117f06f984d58b2275e6c48,8.079857438480559,0.365836005255062,0.365836005255062,533.3106765870443,577.980769869108,798.6007934817058,0.30276832431446593,0.009166666666666667,0.18094618055555556,0.49288117153668815,2.0671188284633124,0.845974633894785,536.0411193847656,0.0,0.0,536.0411193847656,663.7411193847656,5989.505951112793,425.30462646484375,30.0,743.3106765870443,0.0,1,E01_M016_G00,E01_M016_G00,E01,M016,4484.75,5076.9375,592.1875,0.365836005255062,0.0
E52_d6d1511afdebb88632549a71,5.148881955737139,16.177909036830457,5.148881955737139,342.76879390848103,389.67749650450963,404.08537224079015,0.1791309979165653,0.009166666666666667,0.18094618055555556,0.3692438451387875,2.190756154861213,0.8846112983941289,562.9044311523437,0.0,0.0,562.9044311523437,690.6044311523438,3030.640291805926,390.60443115234375,30.0,552.768793908481,0.0,1,E01_M016_G00,E01_M016_G00,E01,M016,4484.75,5076.9375,592.1875,5.148881955737139,0.0
E52_dbec4f1422e98765afb262aa,6.201096709067627,16.38523852602286,6.201096709067627,322.5402116809159,364.1002534899979,395.72017250733956,0.1707521496628321,0.009166666666666667,0.18094618055555556,0.3608649968850543,2.199135003114946,0.8872296884734205,498.7205017089844,0.0,0.0,498.7205017089844,626.4205017089844,2967.901293805047,326.4205017089844,30.0,532.540211680916,0.0,1,E01_M016_G00,E01_M016_G00,E01,M016,4484.75,5076.9375,592.1875,6.201096709067627,0.0
E52_dd12fb0cc4aee52816704b73,9.540257155358589,0.5498680641518376,0.5498680641518376,547.6210002825783,600.0718247658139,780.5370536657424,0.3052994367315811,0.009166666666666667,0.18094618055555556,0.4954122839538033,2.064587716046197,0.8451836612644364,629.4098937988281,0.0,0.0,629.4098937988281,757.1098937988281,5854.027902493068,543.108642578125,30.0,757.6210002825783,0.0,1,E01_M016_G00,E01_M016_G00,E01,M016,4484.75,5076.9375,592.1875,0.5498680641518376,0.0
E52_de2c36302e014a6d0284c896,6.690406713655818,15.994052628622484,6.690406713655818,325.41177480357015,364.7238282296769,414.95122905049965,0.1744969638873427,0.009166666666666667,0.18094618055555556,0.3646098111095649,2.1953901888904355,0.8860594340282609,471.74464111328126,0.0,0.0,471.74464111328126,599.4446411132812,3112.134217878747,326.2397766113281,30.0,535.4117748035701,0.0,1,E01_M016_G00,E01_M016_G00,E01,M016,4484.75,5076.9375,592.1875,6.690406713655818,0.0
E52_0fa03b8d9ed736d48919c1b7,4.742741805859765,11.555158541579928,4.742741805859765,469.53189880990186,510.00510285042924,696.2245733766397,0.2655870342753843,0.009166666666666667,0.3677074652777778,0.6424611662198287,1.9175388337801718,0.7992308855563035,485.67844848632814,0.0,0.0,485.67844848632814,613.3784484863281,5221.684300324798,325.1297912597656,30.0,679.5318988099018,0.0,1,E01_M017_G00,E01_M017_G00,E01,M017,2472.18125,3675.5875,1203.40625,4.742741805859765,0.0
E52_215ef380a7eb56a6f7d09ab1,2.537885409617246,12.440860913671315,2.537885409617246,437.2780853288336,478.35957590907447,628.0672271762219,0.2444635461376352,0.009166666666666667,0.3677074652777778,0.6213376780820796,1.9386623219179209,0.8058319755993502,492.97788696289064,0.0,0.0,492.97788696289064,620.6778869628906,4710.504203821664,324.9881591796875,30.0,647.2780853288336,0.0,1,E01_M017_G00,E01_M017_G00,E01,M017,2472.18125,3675.5875,1203.40625,2.537885409617246,0.0
E52_24cc4f01335372459fb4c2ba,6.1310389492713,12.909161020133865,6.1310389492713,410.2633482290822,447.7953418407359,595.3347347882426,0.23022027843265847,0.009166666666666667,0.3677074652777778,0.607094410377103,1.9529055896228975,0.8102829967571553,450.38392333984376,0.0,0.0,450.38392333984376,578.0839233398438,4465.010510911819,278.08392333984375,30.0,620.2633482290822,0.0,1,E01_M017_G00,E01_M017_G00,E01,M017,2472.18125,3675.5875,1203.40625,6.1310389492713,0.0
E52_2dadfb43d7dd9558e21effa9,6.345543613126054,12.85982438864363,6.345543613126054,396.07517918576866,428.1792069974549,599.5261915014202,0.22576797164618329,0.009166666666666667,0.3677074652777778,0.6026421035906278,1.9573578964093727,0.8116743426279288,385.2483337402344,0.0,0.0,385.2483337402344,512.9483337402344,4496.446436260651,251.37640380859375,30.0,606.0751791857687,0.0,1,E01_M017_G00,E01_M017_G00,E01,M017,2472.18125,3675.5875,1203.40625,6.345543613126054,0.0
E52_2e64690809088e2a96fb2160,5.735982781747808,9.500767968691491,5.735982781747808,523.7789293194231,550.945126524013,884.5606754113072,0.31155234822715455,0.009166666666666667,0.3677074652777778,0.688426480171599,1.8715735198284014,0.7848667249463753,325.99436645507814,0.0,0.0,325.99436645507814,453.6943664550781,6634.205065584804,329.6845703125,30.0,733.7789293194231,0.0,1,E01_M017_G00,E01_M017_G00,E01,M017,2472.18125,3675.5875,1203.40625,5.735982781747808,0.0
E52_30110e5b3ae38ecfab28ace2,8.27417006797809,10.05954008012911,8.27417006797809,514.4106891471403,547.7506496268766,828.7816154158626,0.30032099335417484,0.009166666666666667,0.3677074652777778,0.6771951252986192,1.8828048747013812,0.7883765233441815,400.07952575683595,0.0,0.0,400.07952575683595,527.7795257568359,6215.862115618969,313.0162353515625,30.0,724.4106891471403,0.0,1,E01_M017_G00,E01_M017_G00,E01,M017,2472.18125,3675.5875,1203.40625,8.27417006797809,0.0
E52_357bbbd4dc4420221c875ea3,7.575644866037791,12.241245229232817,7.575644866037791,405.4327582223269,433.1514265878055,644.5535062517828,0.23547283792056264,0.009166666666666667,0.3677074652777778,0.6123469698650071,1.9476530301349935,0.8086415719171853,332.6240203857422,0.0,0.0,332.6240203857422,460.3240203857422,4834.151296888371,255.67149353027344,30.0,615.4327582223269,0.0,1,E01_M017_G00,E01_M017_G00,E01,M017,2472.18125,3675.5875,1203.40625,7.575644866037791,0.0
E52_3875f0f2b8e39572338b498b,2.428943672281946,12.654831201135607,2.428943672281946,430.443023323014,471.8276755243487,612.5781334380202,0.23983909257274777,0.009166666666666667,0.3677074652777778,0.6167132245171922,1.9432867754828083,0.8072771173383775,496.61582641601564,0.0,0.0,496.61582641601564,624.3158264160156,4594.336000785152,324.3158264160156,30.0,640.443023323014,0.0,1,E01_M017_G00,E01_M017_G00,E01,M017,2472.18125,3675.5875,1203.40625,2.428943672281946,0.0
E52_413d3eff5d481ef66f8d3068,5.7185989141340485,9.493762996477216,5.7185989141340485,548.7789293194231,584.2784598573463,884.5606754113072,0.3204434082194385,0.009166666666666667,0.3677074652777778,0.6973175401638829,1.8626824598361176,0.7820882686987866,425.99436645507814,0.0,0.0,425.99436645507814,553.6943664550781,6634.205065584804,329.6845703125,30.0,758.7789293194231,0.0,1,E01_M017_G00,E01_M017_G00,E01,M017,2472.18125,3675.5875,1203.40625,5.7185989141340485,0.0
E52_575c4f100493de938643a13d,1.2735129256524829,2.099203328999508,1.2735129256524829,470.05405043895155,518.0123847895375,652.3580947743875,0.259560220504969,0.009166666666666667,0.3677074652777778,0.6364343524494135,1.923565647550587,0.8011142648595583,575.5000122070312,0.0,0.0,575.5000122070312,703.2000122070312,4892.685710807907,437.3766174316406,30.0,680.0540504389515,0.0,1,E01_M017_G00,E01_M017_G00,E01,M017,2472.18125,3675.5875,1203.40625,1.2735129256524829,0.0
E52_7e5f4a4eaf9aa5b10576997a,6.0680963914717125,13.086620585622072,6.0680963914717125,384.11958913832314,414.7999833745699,584.1568128591658,0.21933939564120059,0.009166666666666667,0.3677074652777778,0.596213527585645,1.9637864724143554,0.8136832726294859,368.16473083496095,0.0,0.0,368.16473083496095,495.86473083496094,4381.1760964437435,251.37640380859375,30.0,594.1195891383231,0.0,1,E01_M017_G00,E01_M017_G00,E01,M017,2472.18125,3675.5875,1203.40625,6.0680963914717125,0.0
E52_82c821a5773d0bfbe554f10a,0.6230836731091074,11.397135806608844,0.6230836731091074,512.9354114719376,566.0737563002253,707.0407539741487,0.2825549862639304,0.009166666666666667,0.3677074652777778,0.6594291182083749,1.9005708817916256,0.7939284005598828,637.6601379394531,0.0,0.0,637.6601379394531,765.3601379394531,5302.805654806116,465.3601379394531,30.0,722.9354114719376,0.0,1,E01_M017_G00,E01_M017_G00,E01,M017,2472.18125,3675.5875,1203.40625,0.6230836731091074,0.0
E52_88c1c7aba1fcf94c58dad20e,5.7283147369494,9.497510042154289,5.7283147369494,536.2789293194231,567.6117931906797,884.5606754113072,0.3159978782232965,0.009166666666666667,0.3677074652777778,0.692872010167741,1.8671279898322595,0.7834774968225809,375.99436645507814,0.0,0.0,375.99436645507814,503.6943664550781,6634.205065584804,329.6845703125,30.0,746.2789293194231,0.0,1,E01_M017_G00,E01_M017_G00,E01,M017,2472.18125,3675.5875,1203.40625,5.7283147369494,0.0
E52_924cec2d58c933358893a332,7.352343479023318,12.302862284422105,7.352343479023318,416.670444788364,448.9844576972996,639.4568121231148,0.23874762537865796,0.009166666666666667,0.3677074652777778,0.6156217573231024,1.944378242676898,0.8076182008365305,387.7681549072266,0.0,0.0,387.7681549072266,515.4681549072266,4795.926090923361,252.644287109375,30.0,626.670444788364,0.0,1,E01_M017_G00,E01_M017_G00,E01,M017,2472.18125,3675.5875,1203.40625,7.352343479023318,0.0
E52_96da4f081c74d8211b4b244f,6.937264214523168,12.47027426673894,6.937264214523168,406.4445801679392,437.368205859671,627.3474061854878,0.23339590098708082,0.009166666666666667,0.3677074652777778,0.6102700329315253,1.9497299670684751,0.8092906147088984,371.08350830078126,0.0,0.0,371.08350830078126,498.78350830078125,4705.105546391158,251.37640380859375,30.0,616.4445801679392,0.0,1,E01_M017_G00,E01_M017_G00,E01,M017,2472.18125,3675.5875,1203.40625,6.937264214523168,0.0
E52_b45db00398315637fb020e5f,2.9857581937912556,10.742298629097064,2.9857581937912556,520.0993036420956,566.0861185224667,764.2777180019647,0.2932088546230577,0.009166666666666667,0.3677074652777778,0.6700829865675022,1.8899170134324983,0.7905990666976556,551.8417785644531,0.0,0.0,551.8417785644531,679.5417785644531,5732.082885014735,386.71868896484375,30.0,730.0993036420956,0.0,1,E01_M017_G00,E01_M017_G00,E01,M017,2472.18125,3675.5875,1203.40625,2.9857581937912556,0.0
E52_be69bdf55826f2eb34075d09,1.990666271520169,12.029424972929434,1.990666271520169,457.6877788138426,500.48965717077624,658.5642874860837,0.25604119113741575,0.009166666666666667,0.3677074652777778,0.6329153230818603,1.9270846769181402,0.8022139615369187,513.6225402832031,0.0,0.0,513.6225402832031,641.3225402832031,4939.232156145627,341.3225402832031,30.0,667.6877788138427,0.0,1,E01_M017_G00,E01_M017_G00,E01,M017,2472.18125,3675.5875,1203.40625,1.990666271520169,0.0
E52_bfffb2993ede6e2e2bd9340b,5.25975548786549,13.053008949478723,5.25975548786549,400.85355156655817,436.85476820067277,585.6998033284289,0.22550922551216515,0.009166666666666667,0.3677074652777778,0.6023833574566096,1.9576166425433907,0.8117552007948095,432.014599609375,0.0,0.0,432.014599609375,559.714599609375,4392.748524963216,275.29461669921875,30.0,610.8535515665582,0.0,1,E01_M017_G00,E01_M017_G00,E01,M017,2472.18125,3675.5875,1203.40625,5.25975548786549,0.0
E52_c515ea57360fd29f9add62f7,3.1934017791412828,10.649906727109496,3.1934017791412828,525.5980011021792,572.0554631586571,772.4512298654912,0.29632198385281766,0.009166666666666667,0.3677074652777778,0.6731961157972621,1.8868038842027384,0.7896262138133556,557.4895446777343,0.0,0.0,557.4895446777343,685.1895446777344,5793.384223991184,393.3172912597656,30.0,735.5980011021792,0.0,1,E01_M017_G00,E01_M017_G00,E01,M017,2472.18125,3675.5875,1203.40625,3.1934017791412828,0.0
E52_cdef0b479e00ae29ebd83132,7.9146144511096,10.01648148125875,7.9146144511096,520.0071121141804,554.5433095222207,832.7970397801186,0.3028799960747676,0.009166666666666667,0.3677074652777778,0.6797541280192121,1.8802458719807884,0.7875768349939962,414.4343688964844,0.0,0.0,414.4343688964844,542.1343688964844,6245.977798350889,297.6476745605469,30.0,730.0071121141804,0.0,1,E01_M017_G00,E01_M017_G00,E01,M017,2472.18125,3675.5875,1203.40625,7.9146144511096,0.0
E52_d7f1f5d49edaa9f52000c452,6.146184073429467,12.917919470378578,6.146184073429467,397.7633482290822,431.12867517406926,595.3347347882426,0.22577474843651651,0.009166666666666667,0.3677074652777778,0.602648880380961,1.9573511196190396,0.8116722248809497,400.38392333984376,0.0,0.0,400.38392333984376,528.0839233398438,4465.010510911819,278.08392333984375,30.0,607.7633482290822,0.0,1,E01_M017_G00,E01_M017_G00,E01,M017,2472.18125,3675.5875,1203.40625,6.146184073429467,0.0
E52_da1eeef61bb4fffd90feecd9,5.1098972412253545,11.577048041656667,5.1098972412253545,464.4321692173844,503.4661769891943,694.6602918039094,0.2635518155735283,0.009166666666666667,0.3677074652777778,0.6404259475179728,1.9195740524820277,0.7998668914006335,468.40809326171876,0.0,0.0,468.40809326171876,596.1080932617188,5209.952188529321,322.9142761230469,30.0,674.4321692173844,0.0,1,E01_M017_G00,E01_M017_G00,E01,M017,2472.18125,3675.5875,1203.40625,5.1098972412253545,0.0
E52_da487d3b8a0906fb4529d12f,0.14955749359428694,15.138353346482333,0.14955749359428694,331.4673547495513,365.316990573119,459.8368945576963,0.18300743845595838,0.009166666666666667,0.3677074652777778,0.5598815704004029,2.0001184295995977,0.8250370092498741,406.1956298828125,0.0,0.0,406.1956298828125,533.8956298828125,3448.7767091827222,283.8956298828125,30.0,541.4673547495513,0.0,1,E01_M017_G00,E01_M017_G00,E01,M017,2472.18125,3675.5875,1203.40625,0.14955749359428694,0.0
E52_dbe1bedc9b83d29f34556dbd,6.244700193731603,13.016499113861627,6.244700193731603,387.86022911882606,419.0031732004504,588.862793747906,0.22133620210273125,0.009166666666666667,0.3677074652777778,0.5982103340471757,1.961789665952825,0.8130592706102576,373.7153289794922,0.0,0.0,373.7153289794922,501.4153289794922,4416.470953109295,233.02317810058594,30.0,597.860229118826,0.0,1,E01_M017_G00,E01_M017_G00,E01,M017,2472.18125,3675.5875,1203.40625,6.244700193731603,0.0
E52_eb490529b308e18523949520,7.558875109955238,12.235001379754962,7.558875109955238,417.9327582223269,449.8180932544721,644.5535062517828,0.23991836791670462,0.009166666666666667,0.3677074652777778,0.6167924998611491,1.9432075001388514,0.807252343793391,382.6240203857422,0.0,0.0,382.6240203857422,510.3240203857422,4834.151296888371,255.67149353027344,30.0,627.9327582223269,0.0,1,E01_M017_G00,E01_M017_G00,E01,M017,2472.18125,3675.5875,1203.40625,7.558875109955238,0.0
E52_ede4029bd5e695a7a0c85289,6.159100800556587,12.925612211179384,6.159100800556587,385.2633482290822,414.4620085074026,595.3347347882426,0.22132921844037454,0.009166666666666667,0.3677074652777778,0.598203350384819,1.9617966496151815,0.8130614530047441,350.38392333984376,0.0,0.0,350.38392333984376,478.08392333984375,4465.010510911819,278.08392333984375,30.0,595.2633482290822,0.0,1,E01_M017_G00,E01_M017_G00,E01,M017,2472.18125,3675.5875,1203.40625,6.159100800556587,0.0
E52_ef8fa59407d07a2296b5f591,9.18599150076082,0.3151276047193221,0.3151276047193221,505.85939793409244,540.3898465933535,804.5361039126185,0.29384606362066074,0.009166666666666667,0.3677074652777778,0.6707201955651052,1.8892798044348953,0.7903999388859047,414.3653839111328,0.0,0.0,414.3653839111328,542.0653839111328,6034.020779344639,284.8677062988281,30.0,715.8593979340924,0.0,1,E01_M017_G00,E01_M017_G00,E01,M017,2472.18125,3675.5875,1203.40625,0.3151276047193221,0.0
E52_fd527d975e1813662620f82c,1.8183366490410862,12.45056667278017,1.8183366490410862,418.2192341110554,452.9085204066283,628.3027504486734,0.23771876612520712,0.009166666666666667,0.3677074652777778,0.6145928980696516,1.945407101930349,0.8079397193532338,416.271435546875,0.0,0.0,416.271435546875,543.971435546875,4712.2706283650505,307.606201171875,30.0,628.2192341110554,0.0,1,E01_M017_G00,E01_M017_G00,E01,M017,2472.18125,3675.5875,1203.40625,1.8183366490410862,0.0
E52_189eb019491ad876aa165071,4.910998135102375,3.8094716871601975,3.8094716871601975,403.09916814168594,448.35288467407526,534.676037089036,0.21908171065325852,0.009166666666666667,0.38334809027777783,0.611596467597703,1.9484035324022975,0.8088761038757178,543.0445983886718,0.0,0.0,543.0445983886718,670.7445983886719,4010.07027816777,391.87322998046875,30.0,613.0991681416859,0.0,1,E01_M018_G00,E01_M018_G00,E01,M018,4769.1875,6023.78125,1254.59375,3.8094716871601975,0.0
E52_231de36c6439da832299e30f,3.094118306520926,16.451156269229884,3.094118306520926,336.2639482811268,383.1573412254627,391.1675388962379,0.1749881335365896,0.009166666666666667,0.38334809027777783,0.5675028904810341,1.9924971095189665,0.8226553467246769,562.7207153320312,0.0,0.0,562.7207153320312,690.4207153320312,2933.7565417217843,390.42071533203125,30.0,546.2639482811268,0.0,1,E01_M018_G00,E01_M018_G00,E01,M018,4769.1875,6023.78125,1254.59375,3.094118306520926,0.0
E52_246111a1ef063bec9e89ec9e,6.759696504692187,13.03223549741864,6.759696504692187,413.11352328410356,453.07003166626504,586.4879962752384,0.22998101771643822,0.009166666666666667,0.38334809027777783,0.6224957746608827,1.9375042253391177,0.8054700704184742,479.4781005859375,0.0,0.0,479.4781005859375,607.1781005859375,4398.659972064288,469.28277587890625,30.0,623.1135232841036,0.0,1,E01_M018_G00,E01_M018_G00,E01,M018,4769.1875,6023.78125,1254.59375,6.759696504692187,0.0
E52_347c51b45a583dd4c5a4aad0,9.412672143323917,10.359339260709504,9.412672143323917,545.8106765870443,594.6474365357748,798.6007934817058,0.3072138543106079,0.009166666666666667,0.38334809027777783,0.6997286112550524,1.8602713887449482,0.7813348089827962,586.0411193847656,0.0,0.0,586.0411193847656,713.7411193847656,5989.505951112793,425.30462646484375,30.0,755.8106765870443,0.0,1,E01_M018_G00,E01_M018_G00,E01,M018,4769.1875,6023.78125,1254.59375,9.412672143323917,0.0
E52_47db2d0d55c92154c779a4c9,3.0205906267075733,16.45726286038159,3.0205906267075733,312.62709924858126,351.3219092257948,393.08533863388124,0.16685347284684848,0.009166666666666667,0.38334809027777783,0.559368229791293,2.0006317702087077,0.825197428190221,464.3377197265625,0.0,0.0,464.3377197265625,592.0377197265625,2948.1400397541092,295.61395263671875,30.0,522.6270992485813,0.0,1,E01_M018_G00,E01_M018_G00,E01,M018,4769.1875,6023.78125,1254.59375,3.0205906267075733,0.0
E52_60b0dc656c777ee2cc2279b1,8.731671228539554,0.21315146591224732,0.21315146591224732,563.4362729251038,615.9641949832094,811.705013501575,0.3153381258454166,0.009166666666666667,0.38334809027777783,0.7078528827898611,1.8521471172101394,0.7787959741281684,630.3350646972656,0.0,0.0,630.3350646972656,758.0350646972656,6087.787601261813,495.9024353027344,30.0,773.4362729251038,0.0,1,E01_M018_G00,E01_M018_G00,E01,M018,4769.1875,6023.78125,1254.59375,0.21315146591224732,0.0
E52_6dc095df8eb6475486134b5c,6.915729524772303,12.905188948092743,6.915729524772303,424.06014837873875,466.2734748964797,594.8403376510322,0.23505698741925235,0.009166666666666667,0.38334809027777783,0.6275717443636968,1.9324282556363037,0.8038838298863448,506.55991821289064,0.0,0.0,506.55991821289064,634.2599182128906,4461.302532382741,440.2059631347656,30.0,634.0601483787387,0.0,1,E01_M018_G00,E01_M018_G00,E01,M018,4769.1875,6023.78125,1254.59375,6.915729524772303,0.0
E52_9b18c2085562c5280ea1e394,8.439717298149688,0.02697066595830222,0.02697066595830222,563.4972144032131,613.0086493397365,829.9258191872856,0.3179402888393461,0.009166666666666667,0.38334809027777783,0.7104550457837906,1.84954495421621,0.7779827981925654,594.1372192382812,0.0,0.0,594.1372192382812,721.8372192382812,6224.443643904642,493.42156982421875,30.0,773.4972144032131,0.0,1,E01_M018_G00,E01_M018_G00,E01,M018,4769.1875,6023.78125,1254.59375,0.02697066595830222,0.0
E52_a1af1f4ab7d520e82e20be53,8.665668949333579,0.45430012492889205,0.45430012492889205,547.7224457312177,598.7128286250978,789.5025940991541,0.30660524396013417,0.009166666666666667,0.38334809027777783,0.6991200009045786,1.860879999095422,0.7815249997173193,611.8845947265625,0.0,0.0,611.8845947265625,739.5845947265625,5921.269455743655,499.0620422363281,30.0,757.7224457312177,0.0,1,E01_M018_G00,E01_M018_G00,E01,M018,4769.1875,6023.78125,1254.59375,0.45430012492889205,0.0
E52_b8aeee13ee5f313ffdb298e7,9.097186521280378,0.32052137756616617,0.32052137756616617,550.9628084392909,600.9445446860357,802.0351993981131,0.309532562555218,0.009166666666666667,0.38334809027777783,0.7020473194996625,1.857952680500338,0.7806102126563554,599.7808349609375,0.0,0.0,599.7808349609375,727.4808349609375,6015.263995485849,488.552978515625,30.0,760.9628084392909,0.0,1,E01_M018_G00,E01_M018_G00,E01,M018,4769.1875,6023.78125,1254.59375,0.32052137756616617,0.0
E52_c10a50247c57c0340b451298,6.585315506004903,3.1495087650690863,3.1495087650690863,410.4813485396202,450.8988478275434,578.4577013517014,0.22790762835174688,0.009166666666666667,0.38334809027777783,0.6204223852961914,1.939577614703809,0.8061180045949402,485.00999145507814,0.0,0.0,485.00999145507814,612.7099914550781,4338.432760137761,515.4917602539062,30.0,620.4813485396203,0.0,1,E01_M018_G00,E01_M018_G00,E01,M018,4769.1875,6023.78125,1254.59375,3.1495087650690863,0.0
E52_c117f06f984d58b2275e6c48,9.424937361881106,0.365836005255062,0.365836005255062,533.3106765870443,577.980769869108,798.6007934817058,0.30276832431446593,0.009166666666666667,0.38334809027777783,0.6952830812589104,1.8647169187410901,0.7827240371065906,536.0411193847656,0.0,0.0,536.0411193847656,663.7411193847656,5989.505951112793,425.30462646484375,30.0,743.3106765870443,0.0,1,E01_M018_G00,E01_M018_G00,E01,M018,4769.1875,6023.78125,1254.59375,0.365836005255062,0.0
E52_d6d1511afdebb88632549a71,3.3606450562612338,16.177909036830457,3.3606450562612338,342.76879390848103,389.67749650450963,404.08537224079015,0.1791309979165653,0.009166666666666667,0.38334809027777783,0.5716457548610098,1.9883542451389906,0.8213607016059344,562.9044311523437,0.0,0.0,562.9044311523437,690.6044311523438,3030.640291805926,390.60443115234375,30.0,552.768793908481,0.0,1,E01_M018_G00,E01_M018_G00,E01,M018,4769.1875,6023.78125,1254.59375,3.3606450562612338,0.0
E52_dd12fb0cc4aee52816704b73,9.20383014297478,0.5498680641518376,0.5498680641518376,547.6210002825783,600.0718247658139,780.5370536657424,0.3052994367315811,0.009166666666666667,0.38334809027777783,0.6978141936760256,1.862185806323975,0.781933064476242,629.4098937988281,0.0,0.0,629.4098937988281,757.1098937988281,5854.027902493068,543.108642578125,30.0,757.6210002825783,0.0,1,E01_M018_G00,E01_M018_G00,E01,M018,4769.1875,6023.78125,1254.59375,0.5498680641518376,0.0
E52_01234cac2d25748209cb57e8,7.601194558547462,5.963634638729843,5.963634638729843,279.2236617812399,298.99466652163704,419.772700963196,0.15824405002114064,0.009166666666666667,0.007743923611111111,0.17515464029891842,2.384845359701082,0.945264174906588,254.4365661621094,17.18450927734375,17.18450927734375,254.4365661621094,382.1365661621094,3148.2952572239697,332.1365661621094,30.0,489.2236617812399,0.0,1,E01_M019_G00,E01_M019_G00,E01,M019,7215.0875,7240.43125,25.34375,5.963634638729843,0.0
E52_060143e4033ea7dfc142ce26,3.7528867274399715,13.051384290227645,3.7528867274399715,390.52156568077555,422.97629514244545,586.3147545915316,0.2219218246513189,0.009166666666666667,0.007743923611111111,0.23883241492909668,2.3211675850709037,0.9253648703346573,389.4567535400391,0.0,0.0,389.4567535400391,517.1567535400391,4397.360659436487,298.2110595703125,30.0,600.5215656807756,0.0,1,E01_M019_G00,E01_M019_G00,E01,M019,7215.0875,7240.43125,25.34375,3.7528867274399715,0.0
E52_06eb0baa948af7ff52881bcf,6.175651909438983,16.258674653736037,6.175651909438983,296.7597053393259,328.36499963050426,403.88764493158146,0.16274021246714285,0.009166666666666667,0.007743923611111111,0.17965080274492062,2.3803491972550797,0.9438591241422123,379.26353149414064,0.0,0.0,379.26353149414064,506.9635314941406,3029.157336986861,310.16876220703125,30.0,506.7597053393259,0.0,1,E01_M019_G00,E01_M019_G00,E01,M019,7215.0875,7240.43125,25.34375,6.175651909438983,0.0
E52_0c56c0f390b777971f9a7e58,1.0774456891303288,2.1743859331465814,1.0774456891303288,461.3120930283848,507.24512830670517,647.0259743868478,0.2556960576036008,0.009166666666666667,0.007743923611111111,0.27260664788137856,2.287393352118622,0.9148104225370692,551.1964233398437,0.0,0.0,551.1964233398437,678.8964233398438,4852.694807901358,439.2268981933594,30.0,671.3120930283849,0.0,1,E01_M019_G00,E01_M019_G00,E01,M019,7215.0875,7240.43125,25.34375,1.0774456891303288,0.0
E52_0c9d91fc306062a18ada9948,7.762609613145543,15.697900697510477,7.762609613145543,331.42241999480143,370.2725110389095,429.7442937249544,0.1787296459836012,0.009166666666666667,0.007743923611111111,0.19564023626137897,2.3643597637386216,0.938862426168319,466.2010925292969,0.0,0.0,466.2010925292969,593.9010925292969,3223.082202937158,335.390380859375,30.0,541.4224199948014,0.0,1,E01_M019_G00,E01_M019_G00,E01,M019,7215.0875,7240.43125,25.34375,7.762609613145543,0.0
E52_0f45fcab7c66cb90fa618929,2.873368827069527,12.721246579688795,2.873368827069527,427.8988653120833,469.21977900837237,607.8722484464322,0.23826781941132907,0.009166666666666667,0.007743923611111111,0.2551784096891068,2.3048215903108935,0.9202567469721541,495.85096435546876,0.0,0.0,495.85096435546876,623.5509643554688,4559.041863348241,326.6978454589844,30.0,637.8988653120832,0.0,1,E01_M019_G00,E01_M019_G00,E01,M019,7215.0875,7240.43125,25.34375,2.873368827069527,0.0
E52_0fa03b8d9ed736d48919c1b7,3.298172815708213,11.555158541579928,3.298172815708213,469.53189880990186,510.00510285042924,696.2245733766397,0.2655870342753843,0.009166666666666667,0.007743923611111111,0.2824976245531621,2.277502375446838,0.9117194923271369,485.67844848632814,0.0,0.0,485.67844848632814,613.3784484863281,5221.684300324798,325.1297912597656,30.0,679.5318988099018,0.0,1,E01_M019_G00,E01_M019_G00,E01,M019,7215.0875,7240.43125,25.34375,3.298172815708213,0.0
E52_12b142f00e8cb4e3948f96c2,3.4139296326678874,12.991659521749298,3.4139296326678874,402.5936730780369,438.4739485500421,589.9056933240425,0.22672373828986628,0.009166666666666667,0.007743923611111111,0.24363432856764405,2.3163656714323566,0.9238642723226113,430.5633056640625,0.0,0.0,430.5633056640625,558.2633056640625,4424.292699930319,284.7546081542969,30.0,612.5936730780369,0.0,1,E01_M019_G00,E01_M019_G00,E01,M019,7215.0875,7240.43125,25.34375,3.4139296326678874,0.0
E52_189eb019491ad876aa165071,6.054195277175495,3.8094716871601975,3.8094716871601975,403.09916814168594,448.35288467407526,534.676037089036,0.21908171065325852,0.009166666666666667,0.007743923611111111,0.2359923009310363,2.3240076990689644,0.9262524059590511,543.0445983886718,0.0,0.0,543.0445983886718,670.7445983886719,4010.07027816777,391.87322998046875,30.0,613.0991681416859,0.0,1,E01_M019_G00,E01_M019_G00,E01,M019,7215.0875,7240.43125,25.34375,3.8094716871601975,0.0
E52_1eac4bbcd37cec5d48241661,7.547797697401819,6.04580255430777,6.04580255430777,275.66392246828667,298.30930922772677,415.4555243799327,0.1568759382441215,0.009166666666666667,0.007743923611111111,0.17378652852189927,2.386213471478101,0.9456917098369064,271.74464111328126,0.0,0.0,271.74464111328126,399.44464111328125,3115.9164328494953,326.2397766113281,30.0,485.66392246828667,0.0,1,E01_M019_G00,E01_M019_G00,E01,M019,7215.0875,7240.43125,25.34375,6.04580255430777,0.0
E52_1ef47ef68c1879e18ddbb164,7.544630885514465,9.684707827919368,7.544630885514465,525.9457118932837,556.9823492630754,865.6715995678175,0.30964781577290457,0.009166666666666667,0.007743923611111111,0.3265584060506823,2.233441593949318,0.8979504981091617,372.4396484375,0.0,0.0,372.4396484375,500.1396484375,6492.536996758631,304.7821350097656,30.0,735.9457118932837,0.0,1,E01_M019_G00,E01_M019_G00,E01,M019,7215.0875,7240.43125,25.34375,7.544630885514465,0.0
E52_215ef380a7eb56a6f7d09ab1,14.361613985867464,12.440860913671315,12.440860913671315,437.2780853288336,478.35957590907447,628.0672271762219,0.2444635461376352,0.009166666666666667,0.007743923611111111,0.26137413641541296,2.2986258635845873,0.9183205823701834,492.97788696289064,0.0,0.0,492.97788696289064,620.6778869628906,4710.504203821664,324.9881591796875,30.0,647.2780853288336,0.0,1,E01_M019_G00,E01_M019_G00,E01,M019,7215.0875,7240.43125,25.34375,12.440860913671315,0.0
E52_231555d7070bcf1a0911e332,7.499319401299701,5.981962334569488,5.981962334569488,303.4113952968874,335.0249979987103,417.14117438283733,0.1669828432889251,0.009166666666666667,0.007743923611111111,0.18389343356670287,2.3761065664332977,0.9425333020104053,379.363232421875,0.0,0.0,379.363232421875,507.063232421875,3128.55880787128,326.2397766113281,30.0,513.4113952968873,0.0,1,E01_M019_G00,E01_M019_G00,E01,M019,7215.0875,7240.43125,25.34375,5.981962334569488,0.0
E52_231de36c6439da832299e30f,3.503946923191208,16.451156269229884,3.503946923191208,336.2639482811268,383.1573412254627,391.1675388962379,0.1749881335365896,0.009166666666666667,0.007743923611111111,0.19189872381436737,2.3681012761856333,0.9400316488080102,562.7207153320312,0.0,0.0,562.7207153320312,690.4207153320312,2933.7565417217843,390.42071533203125,30.0,546.2639482811268,0.0,1,E01_M019_G00,E01_M019_G00,E01,M019,7215.0875,7240.43125,25.34375,3.503946923191208,0.0
E52_246111a1ef063bec9e89ec9e,3.4767085836399474,13.03223549741864,3.4767085836399474,413.11352328410356,453.07003166626504,586.4879962752384,0.22998101771643822,0.009166666666666667,0.007743923611111111,0.246891607994216,2.3131083920057844,0.9228463725018075,479.4781005859375,0.0,0.0,479.4781005859375,607.1781005859375,4398.659972064288,469.28277587890625,30.0,623.1135232841036,0.0,1,E01_M019_G00,E01_M019_G00,E01,M019,7215.0875,7240.43125,25.34375,3.4767085836399474,0.0
E52_24cc4f01335372459fb4c2ba,13.47501710028358,12.909161020133865,12.909161020133865,410.2633482290822,447.7953418407359,595.3347347882426,0.23022027843265847,0.009166666666666667,0.007743923611111111,0.24713086871043624,2.312869131289564,0.9227716035279887,450.38392333984376,0.0,0.0,450.38392333984376,578.0839233398438,4465.010510911819,278.08392333984375,30.0,620.2633482290822,0.0,1,E01_M019_G00,E01_M019_G00,E01,M019,7215.0875,7240.43125,25.34375,12.909161020133865,0.0
E52_27bf01e9e990859ae5993708,7.516938898067892,15.932490639468014,7.516938898067892,318.6138217216496,355.0514931287134,418.60161500091635,0.17259630304263499,0.009166666666666667,0.007743923611111111,0.18950689332041276,2.3704931066795876,0.940779095837371,437.25205688476564,0.0,0.0,437.25205688476564,564.9520568847656,3139.5121125068727,326.2397766113281,30.0,528.6138217216496,0.0,1,E01_M019_G00,E01_M019_G00,E01,M019,7215.0875,7240.43125,25.34375,7.516938898067892,0.0
E52_27bf1882d0e1a812c8450c72,6.4720255356238425,16.18675851321828,6.4720255356238425,334.03154784809436,377.9609795090644,404.48650573036844,0.17608047258726683,0.009166666666666667,0.007743923611111111,0.1929910628650446,2.367008937134956,0.9396902928546735,527.1531799316406,0.0,0.0,527.1531799316406,654.8531799316406,3033.648792977763,364.9013671875,30.0,544.0315478480943,0.0,1,E01_M019_G00,E01_M019_G00,E01,M019,7215.0875,7240.43125,25.34375,6.4720255356238425,0.0
E52_29c9aa5399273a7ee24bceb6,3.602856736232198,11.583777919859742,3.602856736232198,451.9321692173844,486.7995103225277,694.6602918039094,0.2591062855773863,0.009166666666666667,0.007743923611111111,0.27601687585516405,2.2839831241448363,0.9137447262952613,418.40809326171876,0.0,0.0,418.40809326171876,546.1080932617188,5209.952188529321,322.9142761230469,30.0,661.9321692173844,0.0,1,E01_M019_G00,E01_M019_G00,E01,M019,7215.0875,7240.43125,25.34375,3.602856736232198,0.0
E52_2cea01313b8862fcfb6b2e63,12.340088875657088,16.460055432828085,12.340088875657088,259.5957489704318,280.08528245838755,396.2542970131293,0.148442074342722,0.009166666666666667,0.007743923611111111,0.16535266462049977,2.3946473353795006,0.9483272923060938,245.87440185546876,0.0,0.0,245.87440185546876,373.57440185546875,2971.90722759847,231.8917236328125,30.0,469.5957489704318,0.0,1,E01_M019_G00,E01_M019_G00,E01,M019,7215.0875,7240.43125,25.34375,12.340088875657088,0.0
E52_2d7a36258a59c18fc6a856bf,6.934892296247625,16.662039037059316,6.934892296247625,318.72117968179435,361.17160743651436,382.73979283526836,0.16755561647288383,0.009166666666666667,0.007743923611111111,0.1844662067506616,2.375533793249339,0.9423543103904183,509.40513305664064,0.0,0.0,509.40513305664064,637.1051330566406,2870.5484462645127,346.4301452636719,30.0,528.7211796817944,0.0,1,E01_M019_G00,E01_M019_G00,E01,M019,7215.0875,7240.43125,25.34375,6.934892296247625,0.0
E52_2dadfb43d7dd9558e21effa9,12.816676386899871,12.85982438864363,12.816676386899871,396.07517918576866,428.1792069974549,599.5261915014202,0.22576797164618329,0.009166666666666667,0.007743923611111111,0.24267856192396106,2.3173214380760396,0.9241629493987622,385.2483337402344,0.0,0.0,385.2483337402344,512.9483337402344,4496.446436260651,251.37640380859375,30.0,606.0751791857687,0.0,1,E01_M019_G00,E01_M019_G00,E01,M019,7215.0875,7240.43125,25.34375,12.816676386899871,0.0
E52_2e64690809088e2a96fb2160,7.240527521255146,9.500767968691491,7.240527521255146,523.7789293194231,550.945126524013,884.5606754113072,0.31155234822715455,0.009166666666666667,0.007743923611111111,0.3284629385049323,2.231537061495068,0.8973553317172087,325.99436645507814,0.0,0.0,325.99436645507814,453.6943664550781,6634.205065584804,329.6845703125,30.0,733.7789293194231,0.0,1,E01_M019_G00,E01_M019_G00,E01,M019,7215.0875,7240.43125,25.34375,7.240527521255146,0.0
E52_30110e5b3ae38ecfab28ace2,4.669673488555034,10.05954008012911,4.669673488555034,514.4106891471403,547.7506496268766,828.7816154158626,0.30032099335417484,0.009166666666666667,0.007743923611111111,0.3172315836319526,2.242768416368048,0.9008651301150148,400.07952575683595,0.0,0.0,400.07952575683595,527.7795257568359,6215.862115618969,313.0162353515625,30.0,724.4106891471403,0.0,1,E01_M019_G00,E01_M019_G00,E01,M019,7215.0875,7240.43125,25.34375,4.669673488555034,0.0
E52_326bd9096774308657b14836,7.147132116395753,6.820761438549596,6.820761438549596,254.20783025924425,275.6237299174474,379.92026256926977,0.1442126230476059,0.009166666666666667,0.007743923611111111,0.16112321332538368,2.398876786674617,0.9496489958358176,256.9907958984375,0.0,0.0,256.9907958984375,384.6907958984375,2849.4019692695233,334.6907958984375,30.0,464.20783025924425,0.0,1,E01_M019_G00,E01_M019_G00,E01,M019,7215.0875,7240.43125,25.34375,6.820761438549596,0.0
E52_32cd7932ac3bc8f6e82bd016,2.668452664270859,12.531399030736651,2.668452664270859,433.33722088021847,474.19552115284216,621.5246401246948,0.24213542524196421,0.009166666666666667,0.007743923611111111,0.259046015519742,2.3009539844802585,0.9190481201500806,490.2996032714844,0.0,0.0,490.2996032714844,617.9996032714844,4661.434800935211,324.9372863769531,30.0,643.3372208802184,0.0,1,E01_M019_G00,E01_M019_G00,E01,M019,7215.0875,7240.43125,25.34375,2.668452664270859,0.0
E52_3322673a66874be8fb5ff9e0,3.0951295596834,12.93559360833251,3.0951295596834,392.2739001975914,423.9757012433271,594.3369941207687,0.2236811646950203,0.009166666666666667,0.007743923611111111,0.24059175497279808,2.319408245027202,0.9248150765710006,380.42161254882814,0.0,0.0,380.42161254882814,508.1216125488281,4457.527455905765,308.1216125488281,30.0,602.2739001975914,0.0,1,E01_M019_G00,E01_M019_G00,E01,M019,7215.0875,7240.43125,25.34375,3.0951295596834,0.0
E52_357bbbd4dc4420221c875ea3,10.658509572363457,12.241245229232817,10.658509572363457,405.4327582223269,433.1514265878055,644.5535062517828,0.23547283792056264,0.009166666666666667,0.007743923611111111,0.2523834281983404,2.30761657180166,0.9211301786880186,332.6240203857422,0.0,0.0,332.6240203857422,460.3240203857422,4834.151296888371,255.67149353027344,30.0,615.4327582223269,0.0,1,E01_M019_G00,E01_M019_G00,E01,M019,7215.0875,7240.43125,25.34375,10.658509572363457,0.0
E52_3875f0f2b8e39572338b498b,14.737195394725092,12.654831201135607,12.654831201135607,430.443023323014,471.8276755243487,612.5781334380202,0.23983909257274777,0.009166666666666667,0.007743923611111111,0.2567496828505255,2.303250317149475,0.9197657241092108,496.61582641601564,0.0,0.0,496.61582641601564,624.3158264160156,4594.336000785152,324.3158264160156,30.0,640.443023323014,0.0,1,E01_M019_G00,E01_M019_G00,E01,M019,7215.0875,7240.43125,25.34375,12.654831201135607,0.0
E52_3a94b6482baa2cfaba8a857d,6.705141852126118,16.425448776817632,6.705141852126118,326.01303055755295,369.111023518165,393.4381033514341,0.17166403726355467,0.009166666666666667,0.007743923611111111,0.18857462754133245,2.3714253724586682,0.9410704288933336,517.1759155273437,0.0,0.0,517.1759155273437,644.8759155273438,2950.785775135756,352.4370422363281,30.0,536.013030557553,0.0,1,E01_M019_G00,E01_M019_G00,E01,M019,7215.0875,7240.43125,25.34375,6.705141852126118,0.0
E52_413d3eff5d481ef66f8d3068,7.219829801220101,9.493762996477216,7.219829801220101,548.7789293194231,584.2784598573463,884.5606754113072,0.3204434082194385,0.009166666666666667,0.007743923611111111,0.33735399849721626,2.2226460015027842,0.89457687546962,425.99436645507814,0.0,0.0,425.99436645507814,553.6943664550781,6634.205065584804,329.6845703125,30.0,758.7789293194231,0.0,1,E01_M019_G00,E01_M019_G00,E01,M019,7215.0875,7240.43125,25.34375,7.219829801220101,0.0
E52_437c6a333219b14c3939f26c,7.519049317817277,6.0194831627628105,6.0194831627628105,277.09771274073506,296.211315442558,417.14117438283733,0.1570562493971614,0.009166666666666667,0.007743923611111111,0.17396683967493917,2.3860331603250615,0.9456353626015815,248.53977661132814,19.176544189453125,19.176544189453125,248.53977661132814,376.2397766113281,3128.55880787128,326.2397766113281,30.0,487.09771274073506,0.0,1,E01_M019_G00,E01_M019_G00,E01,M019,7215.0875,7240.43125,25.34375,6.0194831627628105,0.0
E52_44ed69e1d99dc074a7941a18,9.2830696141678,8.900383690419545,8.900383690419545,188.27556058823757,199.0276355292369,299.7078152072368,0.1090911242968749,0.009166666666666667,0.007743923611111111,0.12600171457465267,2.4339982854253477,0.960624464195421,139.59420471191407,10.569305419921875,10.569305419921875,139.59420471191407,267.29420471191406,2247.808614054276,217.29420471191406,30.0,398.27556058823757,0.0,1,E01_M019_G00,E01_M019_G00,E01,M019,7215.0875,7240.43125,25.34375,8.900383690419545,0.0
E52_4513f74e4ba51c209cccc792,1.9505914570113134,9.790974506635663,1.9505914570113134,548.6050089915749,589.1156759023821,854.1460165183059,0.3160741321008959,0.009166666666666667,0.007743923611111111,0.33298472237867366,2.227015277621327,0.8959422742566645,486.1280029296875,0.0,0.0,486.1280029296875,613.8280029296875,6406.095123887295,391.8226318359375,30.0,758.6050089915749,0.0,1,E01_M019_G00,E01_M019_G00,E01,M019,7215.0875,7240.43125,25.34375,1.9505914570113134,0.0
E52_47db2d0d55c92154c779a4c9,5.907388956529104,16.45726286038159,5.907388956529104,312.62709924858126,351.3219092257948,393.08533863388124,0.16685347284684848,0.009166666666666667,0.007743923611111111,0.18376406312462626,2.376235936875374,0.9425737302735543,464.3377197265625,0.0,0.0,464.3377197265625,592.0377197265625,2948.1400397541092,295.61395263671875,30.0,522.6270992485813,0.0,1,E01_M019_G00,E01_M019_G00,E01,M019,7215.0875,7240.43125,25.34375,5.907388956529104,0.0
E52_4cf0fac9feb721651efb2830,10.350676073451666,17.82597875173802,10.350676073451666,242.69354898018014,267.32891198677197,337.5749199208095,0.13412057160327687,0.009166666666666667,0.007743923611111111,0.15103116188105464,2.408968838118946,0.9528027619121704,295.6243560791016,0.0,0.0,295.6243560791016,423.32435607910156,2531.8118994060715,217.31182861328125,30.0,452.69354898018014,0.0,1,E01_M019_G00,E01_M019_G00,E01,M019,7215.0875,7240.43125,25.34375,10.350676073451666,0.0
E52_4d215302190bc5bfb29bf912,5.47015890487971,16.37371485667674,5.47015890487971,307.50969179304633,343.7570581260541,397.53518558804575,0.1656637075427803,0.009166666666666667,0.007743923611111111,0.18257429782055806,2.3774257021794423,0.9429455319310756,434.96839599609376,0.0,0.0,434.96839599609376,562.6683959960938,2981.5138919103433,336.56707763671875,30.0,517.5096917930464,0.0,1,E01_M019_G00,E01_M019_G00,E01,M019,7215.0875,7240.43125,25.34375,5.47015890487971,0.0
E52_50c718ca7f326f764494c89d,17.91812403703041,13.080943299176411,13.080943299176411,350.85355156655817,370.1881015340061,585.6998033284289,0.20772710552759727,0.009166666666666667,0.007743923611111111,0.22463769580537504,2.3353623041946254,0.9298007200608203,232.014599609375,0.0,0.0,232.014599609375,359.714599609375,4392.748524963216,275.29461669921875,30.0,560.8535515665582,0.0,1,E01_M019_G00,E01_M019_G00,E01,M019,7215.0875,7240.43125,25.34375,13.080943299176411,0.0
E52_515a3b7c8d98426ee13f2b4e,11.517502177488069,17.07508762021844,11.517502177488069,242.68536134104386,262.0561394884234,369.14605379781034,0.13858886614696947,0.009166666666666667,0.007743923611111111,0.15549945642474725,2.4045005435752533,0.9514064198672665,232.4493377685547,0.0,0.0,232.4493377685547,360.1493377685547,2768.5954034835777,210.1493377685547,30.0,452.68536134104386,0.0,1,E01_M019_G00,E01_M019_G00,E01,M019,7215.0875,7240.43125,25.34375,11.517502177488069,0.0
E52_575c4f100493de938643a13d,1.1694646711064252,2.099203328999508,1.1694646711064252,470.05405043895155,518.0123847895375,652.3580947743875,0.259560220504969,0.009166666666666667,0.007743923611111111,0.27647081078274677,2.2835291892172536,0.9136028716303917,575.5000122070312,0.0,0.0,575.5000122070312,703.2000122070312,4892.685710807907,437.3766174316406,30.0,680.0540504389515,0.0,1,E01_M019_G00,E01_M019_G00,E01,M019,7215.0875,7240.43125,25.34375,1.1694646711064252,0.0
E52_60b0dc656c777ee2cc2279b1,2.4607072577494478,0.21315146591224732,0.21315146591224732,563.4362729251038,615.9641949832094,811.705013501575,0.3153381258454166,0.009166666666666667,0.007743923611111111,0.33224871612319434,2.227751283876806,0.8961722762115018,630.3350646972656,0.0,0.0,630.3350646972656,758.0350646972656,6087.787601261813,495.9024353027344,30.0,773.4362729251038,0.0,1,E01_M019_G00,E01_M019_G00,E01,M019,7215.0875,7240.43125,25.34375,0.21315146591224732,0.0
E52_60b76d98beea93305f35c25d,11.689427990691868,16.79058398580294,11.689427990691868,271.8613885249859,299.0873836523459,380.3668062858116,0.15055421784231732,0.009166666666666667,0.007743923611111111,0.1674648081200951,2.3925351918799054,0.9476672474624703,326.7119415283203,0.0,0.0,326.7119415283203,454.4119415283203,2852.751047143587,241.2421875,30.0,481.8613885249859,0.0,1,E01_M019_G00,E01_M019_G00,E01,M019,7215.0875,7240.43125,25.34375,11.689427990691868,0.0
E52_67646c2afbeb5602853e5a9c,3.090475306279231,12.927232110573698,3.090475306279231,404.7739001975914,440.6423679099937,594.3369941207687,0.22812669469116229,0.009166666666666667,0.007743923611111111,0.24503728496894006,2.3149627150310605,0.9234258484472062,430.42161254882814,0.0,0.0,430.42161254882814,558.1216125488281,4457.527455905765,308.1216125488281,30.0,614.7739001975914,0.0,1,E01_M019_G00,E01_M019_G00,E01,M019,7215.0875,7240.43125,25.34375,3.090475306279231,0.0
E52_68694062ed2e2e792aeb51a9,8.388555609309108,17.695890544520793,8.388555609309108,262.3147609906027,292.8212075746684,341.5908424768108,0.1416674545099547,0.009166666666666667,0.007743923611111111,0.15857804478773246,2.401421955212268,0.9504443610038336,366.0773590087891,0.0,0.0,366.0773590087891,493.77735900878906,2561.931318576081,213.8477783203125,30.0,472.3147609906027,0.0,1,E01_M019_G00,E01_M019_G00,E01,M019,7215.0875,7240.43125,25.34375,8.388555609309108,0.0
E52_6aa461eda22a4c53e6730e81,7.020877404373678,6.478254834226846,6.478254834226846,265.89885796308323,288.44260847170955,395.1560268799425,0.15049315106948455,0.009166666666666667,0.007743923611111111,0.16740374134726232,2.392596258652738,0.9476863308289806,271.70716552734376,1.182159423828125,1.182159423828125,271.70716552734376,399.40716552734375,2963.670201599569,349.40716552734375,30.0,475.89885796308323,0.0,1,E01_M019_G00,E01_M019_G00,E01,M019,7215.0875,7240.43125,25.34375,6.478254834226846,0.0
E52_6dc095df8eb6475486134b5c,3.596326572570888,12.905188948092743,3.596326572570888,424.06014837873875,466.2734748964797,594.8403376510322,0.23505698741925235,0.009166666666666667,0.007743923611111111,0.2519675776970301,2.3080324223029702,0.921260131969678,506.55991821289064,0.0,0.0,506.55991821289064,634.2599182128906,4461.302532382741,440.2059631347656,30.0,634.0601483787387,0.0,1,E01_M019_G00,E01_M019_G00,E01,M019,7215.0875,7240.43125,25.34375,3.596326572570888,0.0
E52_73baea82bbbffa2db9d7426a,7.832006677314865,5.711384152670419,5.711384152670419,297.3854850658978,324.64222792478455,431.2305129784753,0.16683515196021612,0.009166666666666667,0.007743923611111111,0.1837457422379939,2.3762542577620067,0.9425794555506269,327.08091430664064,0.0,0.0,327.08091430664064,454.7809143066406,3234.2288473385647,335.390380859375,30.0,507.3854850658978,0.0,1,E01_M019_G00,E01_M019_G00,E01,M019,7215.0875,7240.43125,25.34375,5.711384152670419,0.0
E52_74b3fb0a4920873efc33101b,5.936002144517815,6.525083879148042,5.936002144517815,262.62709924858126,284.6552425591281,393.08533863388124,0.14907135286228057,0.009166666666666667,0.007743923611111111,0.16598194314005835,2.394018056859942,0.9481306427687317,264.3377197265625,0.0,0.0,264.3377197265625,392.0377197265625,2948.1400397541092,295.61395263671875,30.0,472.62709924858126,0.0,1,E01_M019_G00,E01_M019_G00,E01,M019,7215.0875,7240.43125,25.34375,5.936002144517815,0.0
E52_7547086a1218012670f76a62,11.9634376727208,2.277872015791573,2.277872015791573,375.1797445493145,391.65409045589,642.7455049270795,0.22423479709031385,0.009166666666666667,0.007743923611111111,0.24114538736809163,2.3188546126319087,0.9246420664474714,205.20750122070314,7.515350341796875,7.515350341796875,205.20750122070314,332.9075012207031,4820.591286953097,282.9075012207031,30.0,585.1797445493145,0.0,1,E01_M019_G00,E01_M019_G00,E01,M019,7215.0875,7240.43125,25.34375,2.277872015791573,0.0
E52_76b4f0bdabd1ccab126282dd,11.122386120265503,17.180198899819032,11.122386120265503,244.7670432960008,265.6078646257534,364.489158613486,0.13866967590706417,0.009166666666666667,0.007743923611111111,0.15558026618484194,2.4044197338151587,0.951381166817237,250.08985595703126,0.0,0.0,250.08985595703126,377.78985595703125,2733.6686896011447,241.2421875,30.0,454.7670432960008,0.0,1,E01_M019_G00,E01_M019_G00,E01,M019,7215.0875,7240.43125,25.34375,11.122386120265503,0.0
E52_7dc5542bb1ad046741692f59,8.316017758491967,15.630401191468053,8.316017758491967,333.52010664670297,372.50493279823297,433.1312563842263,0.17995534493942492,0.009166666666666667,0.007743923611111111,0.1968659352172027,2.363134064782798,0.9384793952446242,467.8179138183594,0.0,0.0,467.8179138183594,595.5179138183594,3248.484422881697,322.1230773925781,30.0,543.520106646703,0.0,1,E01_M019_G00,E01_M019_G00,E01,M019,7215.0875,7240.43125,25.34375,8.316017758491967,0.0
E52_7e5f4a4eaf9aa5b10576997a,12.907735557980544,13.086620585622072,12.907735557980544,384.11958913832314,414.7999833745699,584.1568128591658,0.21933939564120059,0.009166666666666667,0.007743923611111111,0.23624998591897836,2.323750014081022,0.9261718794003193,368.16473083496095,0.0,0.0,368.16473083496095,495.86473083496094,4381.1760964437435,251.37640380859375,30.0,594.1195891383231,0.0,1,E01_M019_G00,E01_M019_G00,E01,M019,7215.0875,7240.43125,25.34375,12.907735557980544,0.0
E52_82c821a5773d0bfbe554f10a,8.076658413675005,11.397135806608844,8.076658413675005,512.9354114719376,566.0737563002253,707.0407539741487,0.2825549862639304,0.009166666666666667,0.007743923611111111,0.29946557654170813,2.2605344234582923,0.9064170073307162,637.6601379394531,0.0,0.0,637.6601379394531,765.3601379394531,5302.805654806116,465.3601379394531,30.0,722.9354114719376,0.0,1,E01_M019_G00,E01_M019_G00,E01,M019,7215.0875,7240.43125,25.34375,8.076658413675005,0.0
E52_831cee7e7a3a549796e42b18,7.938014323120797,10.042846261792022,7.938014323120797,524.445203057942,560.9167693217765,830.061008532876,0.3040708837654974,0.009166666666666667,0.007743923611111111,0.32098147404327515,2.2390185259567255,0.8996932893614765,437.65879516601564,0.0,0.0,437.65879516601564,565.3587951660156,6225.457563996571,359.5916748046875,30.0,734.445203057942,0.0,1,E01_M019_G00,E01_M019_G00,E01,M019,7215.0875,7240.43125,25.34375,7.938014323120797,0.0
E52_88c1c7aba1fcf94c58dad20e,7.2316259396368,9.497510042154289,7.2316259396368,536.2789293194231,567.6117931906797,884.5606754113072,0.3159978782232965,0.009166666666666667,0.007743923611111111,0.33290846850107425,2.2270915314989264,0.8959661035934143,375.99436645507814,0.0,0.0,375.99436645507814,503.6943664550781,6634.205065584804,329.6845703125,30.0,746.2789293194231,0.0,1,E01_M019_G00,E01_M019_G00,E01,M019,7215.0875,7240.43125,25.34375,7.2316259396368,0.0
E52_8ca7795ffa642a3b129c0a3d,7.795866755472105,15.730152054416479,7.795866755472105,330.94608252023,369.9122522589995,428.0951466078428,0.17832668261553564,0.009166666666666667,0.007743923611111111,0.1952372728933134,2.364762727106687,0.9389883522208395,467.5940368652344,0.0,0.0,467.5940368652344,595.2940368652344,3210.713599558821,335.390380859375,30.0,540.94608252023,0.0,1,E01_M019_G00,E01_M019_G00,E01,M019,7215.0875,7240.43125,25.34375,7.795866755472105,0.0
E52_8d375985c45fff9288668cb3,3.153458697728965,16.222123863058812,3.153458697728965,353.99602207193686,405.21742048909175,400.663653640944,0.182639281392285,0.009166666666666667,0.007743923611111111,0.19954987167006277,2.360450128329938,0.9376406651031054,614.6567810058593,0.0,0.0,614.6567810058593,742.3567810058594,3004.97740230708,442.3567810058594,30.0,563.9960220719369,0.0,1,E01_M019_G00,E01_M019_G00,E01,M019,7215.0875,7240.43125,25.34375,3.153458697728965,0.0
E52_9026ce0d2a5dd9a75ef73c8e,6.074857517923206,6.720084116703532,6.074857517923206,248.6739065082912,267.42831222931983,384.70630707582717,0.14291941710941022,0.009166666666666667,0.007743923611111111,0.159830007387188,2.4001699926128124,0.9500531226915038,225.15150146484376,0.0986328125,0.0986328125,225.15150146484376,352.85150146484375,2885.297303068704,302.85150146484375,30.0,458.6739065082912,0.0,1,E01_M019_G00,E01_M019_G00,E01,M019,7215.0875,7240.43125,25.34375,6.074857517923206,0.0
E52_924cec2d58c933358893a332,11.185768210459656,12.302862284422105,11.185768210459656,416.670444788364,448.9844576972996,639.4568121231148,0.23874762537865796,0.009166666666666667,0.007743923611111111,0.2556582156564357,2.3043417843435647,0.9201068076073639,387.7681549072266,0.0,0.0,387.7681549072266,515.4681549072266,4795.926090923361,252.644287109375,30.0,626.670444788364,0.0,1,E01_M019_G00,E01_M019_G00,E01,M019,7215.0875,7240.43125,25.34375,11.185768210459656,0.0
E52_96da4f081c74d8211b4b244f,12.160381415598252,12.47027426673894,12.160381415598252,406.4445801679392,437.368205859671,627.3474061854878,0.23339590098708082,0.009166666666666667,0.007743923611111111,0.2503064912648586,2.309693508735142,0.9217792214797317,371.08350830078126,0.0,0.0,371.08350830078126,498.78350830078125,4705.105546391158,251.37640380859375,30.0,616.4445801679392,0.0,1,E01_M019_G00,E01_M019_G00,E01,M019,7215.0875,7240.43125,25.34375,12.160381415598252,0.0
E52_a1af1f4ab7d520e82e20be53,3.477956032706544,0.45430012492889205,0.45430012492889205,547.7224457312177,598.7128286250978,789.5025940991541,0.30660524396013417,0.009166666666666667,0.007743923611111111,0.3235158342379119,2.2364841657620884,0.8989013018006525,611.8845947265625,0.0,0.0,611.8845947265625,739.5845947265625,5921.269455743655,499.0620422363281,30.0,757.7224457312177,0.0,1,E01_M019_G00,E01_M019_G00,E01,M019,7215.0875,7240.43125,25.34375,0.45430012492889205,0.0
E52_a3836b1674b2d70f748125c1,9.76470018076084,18.388582284998307,9.76470018076084,238.77143733771516,265.74771093797557,315.68523307386783,0.1296256139323784,0.009166666666666667,0.007743923611111111,0.14653620421015617,2.4134637957898444,0.9542074361843262,323.715283203125,0.0,0.0,323.715283203125,451.415283203125,2367.639248054009,217.29420471191406,30.0,448.77143733771516,0.0,1,E01_M019_G00,E01_M019_G00,E01,M019,7215.0875,7240.43125,25.34375,9.76470018076084,0.0
E52_a77602565c04dca5831f9b7a,7.947294853545671,15.758600383852013,7.947294853545671,295.3505394617105,322.31471665694164,428.9160157520343,0.16578365241547813,0.009166666666666667,0.007743923611111111,0.1826942426932559,2.3773057573067446,0.9429080491583576,323.57012634277345,0.0,0.0,323.57012634277345,451.27012634277344,3216.870118140257,284.58648681640625,30.0,505.3505394617105,0.0,1,E01_M019_G00,E01_M019_G00,E01,M019,7215.0875,7240.43125,25.34375,7.947294853545671,0.0
E52_aaa387ee3ee3170bd804334d,1.3455096802985622,18.409477866986336,1.3455096802985622,263.5215778829557,299.2286101502083,312.8009621623957,0.13801933350380158,0.009166666666666667,0.007743923611111111,0.15492992378157935,2.405070076218421,0.9515843988182564,428.48438720703126,0.0,0.0,428.48438720703126,556.1843872070312,2346.0072162179677,386.9435729980469,30.0,473.5215778829557,0.0,1,E01_M019_G00,E01_M019_G00,E01,M019,7215.0875,7240.43125,25.34375,1.3455096802985622,0.0
E52_afb1e3673ff3adbe9c45b8fc,5.815164808436222,6.956106286850726,5.815164808436222,250.21040235058808,271.27175132926646,374.0527108291059,0.1419599864782851,0.009166666666666667,0.007743923611111111,0.15887057675606286,2.4011294232439377,0.9503529447637303,252.73618774414064,0.0,0.0,252.73618774414064,380.4361877441406,2805.395331218294,291.6474609375,30.0,460.2104023505881,0.0,1,E01_M019_G00,E01_M019_G00,E01,M019,7215.0875,7240.43125,25.34375,5.815164808436222,0.0
E52_b4122a9095172602242b40e3,3.0847021987148224,12.917805218005896,3.0847021987148224,417.2739001975914,457.30903457666045,594.3369941207687,0.23257222468730426,0.009166666666666667,0.007743923611111111,0.24948281496508204,2.3105171850349184,0.9220366203234118,480.42161254882814,0.0,0.0,480.42161254882814,608.1216125488281,4457.527455905765,308.1216125488281,30.0,627.2739001975914,0.0,1,E01_M019_G00,E01_M019_G00,E01,M019,7215.0875,7240.43125,25.34375,3.0847021987148224,0.0
E52_b45db00398315637fb020e5f,1.3899957001402043,10.742298629097064,1.3899957001402043,520.0993036420956,566.0861185224667,764.2777180019647,0.2932088546230577,0.009166666666666667,0.007743923611111111,0.31011944490083543,2.249880555099165,0.903087673468489,551.8417785644531,0.0,0.0,551.8417785644531,679.5417785644531,5732.082885014735,386.71868896484375,30.0,730.0993036420956,0.0,1,E01_M019_G00,E01_M019_G00,E01,M019,7215.0875,7240.43125,25.34375,1.3899957001402043,0.0
E52_b544b4d7beda1d6ed7fbeefb,7.623407938915264,16.252686834440453,7.623407938915264,293.91354735972715,324.49113296153376,404.3615811086144,0.16179511839250177,0.009166666666666667,0.007743923611111111,0.17870570867027954,2.381294291329721,0.9441544660405377,366.9310272216797,0.0,0.0,366.9310272216797,494.6310272216797,3032.711858314608,277.91845703125,30.0,503.91354735972715,0.0,1,E01_M019_G00,E01_M019_G00,E01,M019,7215.0875,7240.43125,25.34375,7.623407938915264,0.0
E52_b60e4d2a4cdcd5801a5d757f,7.414573439613292,16.480566458341656,7.414573439613292,308.26023760270465,345.626388522301,392.32356968783114,0.16519254750221457,0.009166666666666667,0.007743923611111111,0.18210313777999235,2.377896862220008,0.9430927694437524,448.39381103515626,0.0,0.0,448.39381103515626,576.0938110351562,2942.4267726587336,326.2397766113281,30.0,518.2602376027046,0.0,1,E01_M019_G00,E01_M019_G00,E01,M019,7215.0875,7240.43125,25.34375,7.414573439613292,0.0
E52_b677873645e212a13901ede2,1.346932479360035,9.230718628911887,1.346932479360035,575.9444140089429,616.0268887810784,911.3939793850733,0.3339048259552679,0.009166666666666667,0.007743923611111111,0.35081541623304563,2.209184583766955,0.8903701824271733,480.989697265625,0.0,0.0,480.989697265625,608.689697265625,6835.45484538805,390.98822021484375,30.0,785.9444140089429,0.0,1,E01_M019_G00,E01_M019_G00,E01,M019,7215.0875,7240.43125,25.34375,1.346932479360035,0.0
E52_b6789310c1ab16898a769b78,16.581350146821222,2.625622464396969,2.625622464396969,372.38145547243056,389.4038741939475,617.4514627840539,0.21924054354678854,0.009166666666666667,0.007743923611111111,0.23615113382456632,2.3238488661754344,0.926202770679823,225.84925537109376,21.580230712890625,21.580230712890625,225.84925537109376,353.54925537109375,4630.885970880404,303.54925537109375,30.0,582.3814554724306,0.0,1,E01_M019_G00,E01_M019_G00,E01,M019,7215.0875,7240.43125,25.34375,2.625622464396969,0.0
E52_b7c433bb400c5a28313b13f0,7.924057708612196,16.00220965111248,7.924057708612196,270.63016208552887,291.2047849391259,417.8125870494757,0.1554195344851095,0.009166666666666667,0.007743923611111111,0.17233012476288728,2.3876698752371133,0.9461468360115978,246.89547424316407,0.0,0.0,246.89547424316407,374.59547424316406,3133.594402871068,284.58648681640625,30.0,480.63016208552887,0.0,1,E01_M019_G00,E01_M019_G00,E01,M019,7215.0875,7240.43125,25.34375,7.924057708612196,0.0
E52_b8aeee13ee5f313ffdb298e7,2.4321024374797844,0.32052137756616617,0.32052137756616617,550.9628084392909,600.9445446860357,802.0351993981131,0.309532562555218,0.009166666666666667,0.007743923611111111,0.32644315283299574,2.2335568471670046,0.8979865147396888,599.7808349609375,0.0,0.0,599.7808349609375,727.4808349609375,6015.263995485849,488.552978515625,30.0,760.9628084392909,0.0,1,E01_M019_G00,E01_M019_G00,E01,M019,7215.0875,7240.43125,25.34375,0.32052137756616617,0.0
E52_be69bdf55826f2eb34075d09,11.825920800647339,12.029424972929434,11.825920800647339,457.6877788138426,500.48965717077624,658.5642874860837,0.25604119113741575,0.009166666666666667,0.007743923611111111,0.2729517814151935,2.287048218584807,0.9147025683077521,513.6225402832031,0.0,0.0,513.6225402832031,641.3225402832031,4939.232156145627,341.3225402832031,30.0,667.6877788138427,0.0,1,E01_M019_G00,E01_M019_G00,E01,M019,7215.0875,7240.43125,25.34375,11.825920800647339,0.0
E52_bfffb2993ede6e2e2bd9340b,17.567941365491095,13.053008949478723,13.053008949478723,400.85355156655817,436.85476820067277,585.6998033284289,0.22550922551216515,0.009166666666666667,0.007743923611111111,0.24241981578994293,2.3175801842100574,0.9242438075656428,432.014599609375,0.0,0.0,432.014599609375,559.714599609375,4392.748524963216,275.29461669921875,30.0,610.8535515665582,0.0,1,E01_M019_G00,E01_M019_G00,E01,M019,7215.0875,7240.43125,25.34375,13.053008949478723,0.0
E52_c0294c7ff44d44fc4ede8d97,7.094965349952389,16.7256600789149,7.094965349952389,316.70783025924425,358.9570632507807,379.92026256926977,0.16644027302831577,0.009166666666666667,0.007743923611111111,0.18335086330609354,2.376649136693907,0.9427028552168457,506.9907958984375,0.0,0.0,506.9907958984375,634.6907958984375,2849.4019692695233,334.6907958984375,30.0,526.7078302592442,0.0,1,E01_M019_G00,E01_M019_G00,E01,M019,7215.0875,7240.43125,25.34375,7.094965349952389,0.0
E52_c10a50247c57c0340b451298,3.3488473279782625,3.1495087650690863,3.1495087650690863,410.4813485396202,450.8988478275434,578.4577013517014,0.22790762835174688,0.009166666666666667,0.007743923611111111,0.24481821862952466,2.315181781370476,0.9234943066782736,485.00999145507814,0.0,0.0,485.00999145507814,612.7099914550781,4338.432760137761,515.4917602539062,30.0,620.4813485396203,0.0,1,E01_M019_G00,E01_M019_G00,E01,M019,7215.0875,7240.43125,25.34375,3.1495087650690863,0.0
E52_c515ea57360fd29f9add62f7,1.4420423435682324,10.649906727109496,1.4420423435682324,525.5980011021792,572.0554631586571,772.4512298654912,0.29632198385281766,0.009166666666666667,0.007743923611111111,0.3132325741305954,2.2467674258694053,0.9021148205841889,557.4895446777343,0.0,0.0,557.4895446777343,685.1895446777344,5793.384223991184,393.3172912597656,30.0,735.5980011021792,0.0,1,E01_M019_G00,E01_M019_G00,E01,M019,7215.0875,7240.43125,25.34375,1.4420423435682324,0.0
E52_c76d93c5902d0dc017f7065c,7.68224239353539,16.05706218628906,7.68224239353539,260.86241804033426,278.57034040361555,415.47730190098105,0.1516149798935124,0.009166666666666667,0.007743923611111111,0.1685255701712902,2.3914744298287105,0.9473357593214718,212.495068359375,0.0,0.0,212.495068359375,340.195068359375,3116.079764257358,277.91845703125,30.0,470.86241804033426,0.0,1,E01_M019_G00,E01_M019_G00,E01,M019,7215.0875,7240.43125,25.34375,7.68224239353539,0.0
E52_c98d1e580ba9a8920eeacbdb,7.682623693945175,9.995636820319618,7.682623693945175,531.3190315479533,569.3529452238973,834.4345810402425,0.30713490815373307,0.009166666666666667,0.007743923611111111,0.3240454984315108,2.23595450156849,0.8987357817401529,456.40696411132814,0.0,0.0,456.40696411132814,584.1069641113281,6258.259357801819,362.73199462890625,30.0,741.3190315479533,0.0,1,E01_M019_G00,E01_M019_G00,E01,M019,7215.0875,7240.43125,25.34375,7.682623693945175,0.0
E52_cdef0b479e00ae29ebd83132,4.234878259139293,10.01648148125875,4.234878259139293,520.0071121141804,554.5433095222207,832.7970397801186,0.3028799960747676,0.009166666666666667,0.007743923611111111,0.31979058635254537,2.240209413647455,0.9000654417648296,414.4343688964844,0.0,0.0,414.4343688964844,542.1343688964844,6245.977798350889,297.6476745605469,30.0,730.0071121141804,0.0,1,E01_M019_G00,E01_M019_G00,E01,M019,7215.0875,7240.43125,25.34375,4.234878259139293,0.0
E52_d1d4424e0dfaa7a0ce62d445,6.55193275432984,12.872868339328704,6.55193275432984,402.0751033963921,436.37951216917855,598.3237541560654,0.22773150601213982,0.009166666666666667,0.007743923611111111,0.2446420962899176,2.315357903710083,0.9235493449094008,411.6529052734375,0.0,0.0,411.6529052734375,539.3529052734375,4487.428156170491,269.83203125,30.0,612.075103396392,0.0,1,E01_M019_G00,E01_M019_G00,E01,M019,7215.0875,7240.43125,25.34375,6.55193275432984,0.0
E52_d22cbe82615c6d2ee0ebf49f,7.765419155705999,15.758568264926964,7.765419155705999,318.17309843891866,352.9726015110215,427.5491784452201,0.1737067461230003,0.009166666666666667,0.007743923611111111,0.19061733640077808,2.3693826635992226,0.9404320823747568,417.5940368652344,0.0,0.0,417.5940368652344,545.2940368652344,3206.618838339151,335.390380859375,30.0,528.1730984389187,0.0,1,E01_M019_G00,E01_M019_G00,E01,M019,7215.0875,7240.43125,25.34375,7.765419155705999,0.0
E52_d3460088443e86b69235cf2f,8.949149229384489,10.110906533633653,8.949149229384489,520.9986937965015,557.4049117530444,823.5600798537452,0.3019244763287566,0.009166666666666667,0.007743923611111111,0.3188350666065343,2.241164933393466,0.900364041685458,436.87461547851564,0.0,0.0,436.87461547851564,564.5746154785156,6176.700598903089,281.75616455078125,30.0,730.9986937965015,0.0,1,E01_M019_G00,E01_M019_G00,E01,M019,7215.0875,7240.43125,25.34375,8.949149229384489,0.0
E52_d6d1511afdebb88632549a71,3.8983602653052287,16.177909036830457,3.8983602653052287,342.76879390848103,389.67749650450963,404.08537224079015,0.1791309979165653,0.009166666666666667,0.007743923611111111,0.19604158819434309,2.3639584118056574,0.9387370036892678,562.9044311523437,0.0,0.0,562.9044311523437,690.6044311523438,3030.640291805926,390.60443115234375,30.0,552.768793908481,0.0,1,E01_M019_G00,E01_M019_G00,E01,M019,7215.0875,7240.43125,25.34375,3.8983602653052287,0.0
E52_d7f1f5d49edaa9f52000c452,13.53111027280869,12.917919470378578,12.917919470378578,397.7633482290822,431.12867517406926,595.3347347882426,0.22577474843651651,0.009166666666666667,0.007743923611111111,0.2426853387142943,2.3173146612857063,0.9241608316517831,400.38392333984376,0.0,0.0,400.38392333984376,528.0839233398438,4465.010510911819,278.08392333984375,30.0,607.7633482290822,0.0,1,E01_M019_G00,E01_M019_G00,E01,M019,7215.0875,7240.43125,25.34375,12.917919470378578,0.0
E52_da1eeef61bb4fffd90feecd9,3.596665008467781,11.577048041656667,3.596665008467781,464.4321692173844,503.4661769891943,694.6602918039094,0.2635518155735283,0.009166666666666667,0.007743923611111111,0.28046240585130605,2.2795375941486946,0.9123554981714669,468.40809326171876,0.0,0.0,468.40809326171876,596.1080932617188,5209.952188529321,322.9142761230469,30.0,674.4321692173844,0.0,1,E01_M019_G00,E01_M019_G00,E01,M019,7215.0875,7240.43125,25.34375,3.596665008467781,0.0
E52_da487d3b8a0906fb4529d12f,8.951958936414655,15.138353346482333,8.951958936414655,331.4673547495513,365.316990573119,459.8368945576963,0.18300743845595838,0.009166666666666667,0.007743923611111111,0.19991802873373615,2.3600819712662644,0.9375256160207075,406.1956298828125,0.0,0.0,406.1956298828125,533.8956298828125,3448.7767091827222,283.8956298828125,30.0,541.4673547495513,0.0,1,E01_M019_G00,E01_M019_G00,E01,M019,7215.0875,7240.43125,25.34375,8.951958936414655,0.0
E52_dbe1bedc9b83d29f34556dbd,12.208189978611458,13.016499113861627,12.208189978611458,387.86022911882606,419.0031732004504,588.862793747906,0.22133620210273125,0.009166666666666667,0.007743923611111111,0.23824679238050903,2.3217532076194916,0.9255478773810909,373.7153289794922,0.0,0.0,373.7153289794922,501.4153289794922,4416.470953109295,233.02317810058594,30.0,597.860229118826,0.0,1,E01_M019_G00,E01_M019_G00,E01,M019,7215.0875,7240.43125,25.34375,12.208189978611458,0.0
E52_dbec4f1422e98765afb262aa,6.294074185363641,16.38523852602286,6.294074185363641,322.5402116809159,364.1002534899979,395.72017250733956,0.1707521496628321,0.009166666666666667,0.007743923611111111,0.18766273994060986,2.372337260059391,0.9413553937685595,498.7205017089844,0.0,0.0,498.7205017089844,626.4205017089844,2967.901293805047,326.4205017089844,30.0,532.540211680916,0.0,1,E01_M019_G00,E01_M019_G00,E01,M019,7215.0875,7240.43125,25.34375,6.294074185363641,0.0
E52_dc4c132291b7b9525a26c82f,7.641317037809216,16.290878065555617,7.641317037809216,256.41354735972715,274.49113296153376,404.3615811086144,0.14845852840407586,0.009166666666666667,0.007743923611111111,0.16536911868185364,2.3946308813181467,0.9483221504119207,216.9310272216797,0.0,0.0,216.9310272216797,344.6310272216797,3032.711858314608,277.91845703125,30.0,466.41354735972715,0.0,1,E01_M019_G00,E01_M019_G00,E01,M019,7215.0875,7240.43125,25.34375,7.641317037809216,0.0
E52_dd12fb0cc4aee52816704b73,3.2494978769917395,0.5498680641518376,0.5498680641518376,547.6210002825783,600.0718247658139,780.5370536657424,0.3052994367315811,0.009166666666666667,0.007743923611111111,0.32221002700935886,2.2377899729906416,0.8993093665595754,629.4098937988281,0.0,0.0,629.4098937988281,757.1098937988281,5854.027902493068,543.108642578125,30.0,757.6210002825783,0.0,1,E01_M019_G00,E01_M019_G00,E01,M019,7215.0875,7240.43125,25.34375,0.5498680641518376,0.0
E52_de2c36302e014a6d0284c896,7.459351391458128,15.994052628622484,7.459351391458128,325.41177480357015,364.7238282296769,414.95122905049965,0.1744969638873427,0.009166666666666667,0.007743923611111111,0.19140755416512048,2.36859244583488,0.9401851393233999,471.74464111328126,0.0,0.0,471.74464111328126,599.4446411132812,3112.134217878747,326.2397766113281,30.0,535.4117748035701,0.0,1,E01_M019_G00,E01_M019_G00,E01,M019,7215.0875,7240.43125,25.34375,7.459351391458128,0.0
E52_e0325aad0b87e7c07e10fc2c,7.551634397330503,5.987785159048158,5.987785159048158,275.1983248954777,294.96932963587483,418.60161500091635,0.15682137892336617,0.009166666666666667,0.007743923611111111,0.17373196920114395,2.3862680307988566,0.9457087596246425,248.53977661132814,11.2877197265625,11.2877197265625,248.53977661132814,376.2397766113281,3139.5121125068727,326.2397766113281,30.0,485.1983248954777,0.0,1,E01_M019_G00,E01_M019_G00,E01,M019,7215.0875,7240.43125,25.34375,5.987785159048158,0.0
E52_e0cd6bab1a22c4530d9a254c,6.335446813655608,6.471069764274475,6.335446813655608,260.0402116809159,280.7669201566646,395.72017250733956,0.14852449968212222,0.009166666666666667,0.007743923611111111,0.1654350899599,2.3945649100401005,0.9483015343875313,248.7205017089844,0.0,0.0,248.7205017089844,376.4205017089844,2967.901293805047,326.4205017089844,30.0,470.0402116809159,0.0,1,E01_M019_G00,E01_M019_G00,E01,M019,7215.0875,7240.43125,25.34375,6.335446813655608,0.0
E52_ea76d341ab82f2ebc1fa1efe,7.50215408782644,6.056283714240493,6.056283714240493,275.41177480357015,298.05716156301025,414.95122905049965,0.15671484390277482,0.009166666666666667,0.007743923611111111,0.1736254341805526,2.3863745658194477,0.9457420518185773,271.74464111328126,0.0,0.0,271.74464111328126,399.44464111328125,3112.134217878747,326.2397766113281,30.0,485.41177480357015,0.0,1,E01_M019_G00,E01_M019_G00,E01,M019,7215.0875,7240.43125,25.34375,6.056283714240493,0.0
E52_eab18c460278cfbad2c20da0,8.409142705241422,7.760329046990023,7.760329046990023,212.31476099060268,226.15454090800176,341.5908424768108,0.12388533452538679,0.009166666666666667,0.007743923611111111,0.14079592480316458,2.419204075196836,0.9560012734990111,166.07735900878907,0.0,0.0,166.07735900878907,293.77735900878906,2561.931318576081,213.8477783203125,30.0,422.3147609906027,0.0,1,E01_M019_G00,E01_M019_G00,E01,M019,7215.0875,7240.43125,25.34375,7.760329046990023,0.0
E52_eb490529b308e18523949520,10.638129855124376,12.235001379754962,10.638129855124376,417.9327582223269,449.8180932544721,644.5535062517828,0.23991836791670462,0.009166666666666667,0.007743923611111111,0.25682895819448237,2.303171041805518,0.9197409505642242,382.6240203857422,0.0,0.0,382.6240203857422,510.3240203857422,4834.151296888371,255.67149353027344,30.0,627.9327582223269,0.0,1,E01_M019_G00,E01_M019_G00,E01,M019,7215.0875,7240.43125,25.34375,10.638129855124376,0.0
E52_eddf192c3626d88d236d26e4,9.181476151550811,17.034187922993553,9.181476151550811,241.72684180786888,260.473536754158,370.9735139380034,0.13850678679446915,0.009166666666666667,0.007743923611111111,0.15541737707224693,2.4045826229277534,0.9514320696649229,224.96033935546876,0.0,0.0,224.96033935546876,352.66033935546875,2782.3013545350254,199.07135009765625,30.0,451.7268418078689,0.0,1,E01_M019_G00,E01_M019_G00,E01,M019,7215.0875,7240.43125,25.34375,9.181476151550811,0.0
E52_ede4029bd5e695a7a0c85289,13.575338304871366,12.925612211179384,12.925612211179384,385.2633482290822,414.4620085074026,595.3347347882426,0.22132921844037454,0.009166666666666667,0.007743923611111111,0.2382398087181523,2.3217601912818484,0.9255500597755774,350.38392333984376,0.0,0.0,350.38392333984376,478.08392333984375,4465.010510911819,278.08392333984375,30.0,595.2633482290822,0.0,1,E01_M019_G00,E01_M019_G00,E01,M019,7215.0875,7240.43125,25.34375,12.925612211179384,0.0
E52_ef8fa59407d07a2296b5f591,5.497957242410195,0.3151276047193221,0.3151276047193221,505.85939793409244,540.3898465933535,804.5361039126185,0.29384606362066074,0.009166666666666667,0.007743923611111111,0.3107566538984385,2.249243346101562,0.9028885456567379,414.3653839111328,0.0,0.0,414.3653839111328,542.0653839111328,6034.020779344639,284.8677062988281,30.0,715.8593979340924,0.0,1,E01_M019_G00,E01_M019_G00,E01,M019,7215.0875,7240.43125,25.34375,0.3151276047193221,0.0
E52_f2fabdd802684ffd17ed2273,5.806405814594584,16.925225818485302,5.806405814594584,275.2104023505881,304.60508466259984,374.0527108291059,0.15085104647056902,0.009166666666666667,0.007743923611111111,0.1677616367483468,2.3922383632516535,0.9475744885161417,352.73618774414064,0.0,0.0,352.73618774414064,480.4361877441406,2805.395331218294,291.6474609375,30.0,485.2104023505881,0.0,1,E01_M019_G00,E01_M019_G00,E01,M019,7215.0875,7240.43125,25.34375,5.806405814594584,0.0
E52_fd527d975e1813662620f82c,12.407125855958242,12.45056667278017,12.407125855958242,418.2192341110554,452.9085204066283,628.3027504486734,0.23771876612520712,0.009166666666666667,0.007743923611111111,0.2546293564029849,2.3053706435970156,0.9204283261240672,416.271435546875,0.0,0.0,416.271435546875,543.971435546875,4712.2706283650505,307.606201171875,30.0,628.2192341110554,0.0,1,E01_M019_G00,E01_M019_G00,E01,M019,7215.0875,7240.43125,25.34375,12.407125855958242,0.0
E52_fe6c7b852578a086d3069b9b,8.367018649164194,5.686957833294301,5.686957833294301,283.52010664670297,305.8382661315663,433.1312563842263,0.16217322495485703,0.009166666666666667,0.007743923611111111,0.1790838152326348,2.380916184767366,0.9440363077398016,267.8179138183594,0.0,0.0,267.8179138183594,395.5179138183594,3248.484422881697,322.1230773925781,30.0,493.52010664670297,0.0,1,E01_M019_G00,E01_M019_G00,E01,M019,7215.0875,7240.43125,25.34375,5.686957833294301,0.0
E52_0c9d91fc306062a18ada9948,1.7538108177590743,15.697900697510477,1.7538108177590743,331.42241999480143,370.2725110389095,429.7442937249544,0.1787296459836012,0.009166666666666667,0.3731310763888889,0.5610273890391568,1.9989726109608437,0.8246789409252635,466.2010925292969,0.0,0.0,466.2010925292969,593.9010925292969,3223.082202937158,335.390380859375,30.0,541.4224199948014,0.0,1,E01_M019_G01,E01_M019_G01,E01,M019,7247.93125,8469.0875,1221.15625,1.7538108177590743,0.0
E52_189eb019491ad876aa165071,0.6683873012807737,3.8094716871601975,0.6683873012807737,403.09916814168594,448.35288467407526,534.676037089036,0.21908171065325852,0.009166666666666667,0.3731310763888889,0.6013794537088141,1.9586205462911863,0.8120689207159957,543.0445983886718,0.0,0.0,543.0445983886718,670.7445983886719,4010.07027816777,391.87322998046875,30.0,613.0991681416859,0.0,1,E01_M019_G01,E01_M019_G01,E01,M019,7247.93125,8469.0875,1221.15625,0.6683873012807737,0.0
E52_215ef380a7eb56a6f7d09ab1,4.619633923612724,12.440860913671315,4.619633923612724,437.2780853288336,478.35957590907447,628.0672271762219,0.2444635461376352,0.009166666666666667,0.3731310763888889,0.6267612891931909,1.9332387108068096,0.8041370971271279,492.97788696289064,0.0,0.0,492.97788696289064,620.6778869628906,4710.504203821664,324.9881591796875,30.0,647.2780853288336,0.0,1,E01_M019_G01,E01_M019_G01,E01,M019,7247.93125,8469.0875,1221.15625,4.619633923612724,0.0
E52_24cc4f01335372459fb4c2ba,11.512851159871033,12.909161020133865,11.512851159871033,410.2633482290822,447.7953418407359,595.3347347882426,0.23022027843265847,0.009166666666666667,0.3731310763888889,0.612518021488214,1.9474819785117865,0.8085881182849332,450.38392333984376,0.0,0.0,450.38392333984376,578.0839233398438,4465.010510911819,278.08392333984375,30.0,620.2633482290822,0.0,1,E01_M019_G01,E01_M019_G01,E01,M019,7247.93125,8469.0875,1221.15625,11.512851159871033,0.0
E52_27bf01e9e990859ae5993708,1.6648745594862788,15.932490639468014,1.6648745594862788,318.6138217216496,355.0514931287134,418.60161500091635,0.17259630304263499,0.009166666666666667,0.3731310763888889,0.5548940460981906,2.00510595390181,0.8265956105943154,437.25205688476564,0.0,0.0,437.25205688476564,564.9520568847656,3139.5121125068727,326.2397766113281,30.0,528.6138217216496,0.0,1,E01_M019_G01,E01_M019_G01,E01,M019,7247.93125,8469.0875,1221.15625,1.6648745594862788,0.0
E52_27bf1882d0e1a812c8450c72,1.1675577395526062,16.18675851321828,1.1675577395526062,334.03154784809436,377.9609795090644,404.48650573036844,0.17608047258726683,0.009166666666666667,0.3731310763888889,0.5583782156428224,2.001621784357178,0.825506807611618,527.1531799316406,0.0,0.0,527.1531799316406,654.8531799316406,3033.648792977763,364.9013671875,30.0,544.0315478480943,0.0,1,E01_M019_G01,E01_M019_G01,E01,M019,7247.93125,8469.0875,1221.15625,1.1675577395526062,0.0
E52_2cea01313b8862fcfb6b2e63,6.264019617413027,16.460055432828085,6.264019617413027,259.5957489704318,280.08528245838755,396.2542970131293,0.148442074342722,0.009166666666666667,0.3731310763888889,0.5307398173982776,2.029260182601723,0.8341438070630383,245.87440185546876,0.0,0.0,245.87440185546876,373.57440185546875,2971.90722759847,231.8917236328125,30.0,469.5957489704318,0.0,1,E01_M019_G01,E01_M019_G01,E01,M019,7247.93125,8469.0875,1221.15625,6.264019617413027,0.0
E52_2d7a36258a59c18fc6a856bf,1.4905075616942156,16.662039037059316,1.4905075616942156,318.72117968179435,361.17160743651436,382.73979283526836,0.16755561647288383,0.009166666666666667,0.3731310763888889,0.5498533595284394,2.010146640471561,0.8281708251473627,509.40513305664064,0.0,0.0,509.40513305664064,637.1051330566406,2870.5484462645127,346.4301452636719,30.0,528.7211796817944,0.0,1,E01_M019_G01,E01_M019_G01,E01,M019,7247.93125,8469.0875,1221.15625,1.4905075616942156,0.0
E52_2dadfb43d7dd9558e21effa9,11.090420741642077,12.85982438864363,11.090420741642077,396.07517918576866,428.1792069974549,599.5261915014202,0.22576797164618329,0.009166666666666667,0.3731310763888889,0.6080657147017389,1.9519342852982615,0.8099794641557067,385.2483337402344,0.0,0.0,385.2483337402344,512.9483337402344,4496.446436260651,251.37640380859375,30.0,606.0751791857687,0.0,1,E01_M019_G01,E01_M019_G01,E01,M019,7247.93125,8469.0875,1221.15625,11.090420741642077,0.0
E52_2e64690809088e2a96fb2160,5.7353739209313375,9.500767968691491,5.7353739209313375,523.7789293194231,550.945126524013,884.5606754113072,0.31155234822715455,0.009166666666666667,0.3731310763888889,0.6938500912827101,1.8661499087172904,0.783171846474153,325.99436645507814,0.0,0.0,325.99436645507814,453.6943664550781,6634.205065584804,329.6845703125,30.0,733.7789293194231,0.0,1,E01_M019_G01,E01_M019_G01,E01,M019,7247.93125,8469.0875,1221.15625,5.7353739209313375,0.0
E52_357bbbd4dc4420221c875ea3,10.161205222688423,12.241245229232817,10.161205222688423,405.4327582223269,433.1514265878055,644.5535062517828,0.23547283792056264,0.009166666666666667,0.3731310763888889,0.6177705809761183,1.9422294190238822,0.8069466934449631,332.6240203857422,0.0,0.0,332.6240203857422,460.3240203857422,4834.151296888371,255.67149353027344,30.0,615.4327582223269,0.0,1,E01_M019_G01,E01_M019_G01,E01,M019,7247.93125,8469.0875,1221.15625,10.161205222688423,0.0
E52_3875f0f2b8e39572338b498b,4.569185612572468,12.654831201135607,4.569185612572468,430.443023323014,471.8276755243487,612.5781334380202,0.23983909257274777,0.009166666666666667,0.3731310763888889,0.6221368356283034,1.9378631643716973,0.8055822388661552,496.61582641601564,0.0,0.0,496.61582641601564,624.3158264160156,4594.336000785152,324.3158264160156,30.0,640.443023323014,0.0,1,E01_M019_G01,E01_M019_G01,E01,M019,7247.93125,8469.0875,1221.15625,4.569185612572468,0.0
E52_3a94b6482baa2cfaba8a857d,1.328339870161983,16.425448776817632,1.328339870161983,326.01303055755295,369.111023518165,393.4381033514341,0.17166403726355467,0.009166666666666667,0.3731310763888889,0.5539617803191103,2.00603821968089,0.826886943650278,517.1759155273437,0.0,0.0,517.1759155273437,644.8759155273438,2950.785775135756,352.4370422363281,30.0,536.013030557553,0.0,1,E01_M019_G01,E01_M019_G01,E01,M019,7247.93125,8469.0875,1221.15625,1.328339870161983,0.0
E52_413d3eff5d481ef66f8d3068,5.717992485414598,9.493762996477216,5.717992485414598,548.7789293194231,584.2784598573463,884.5606754113072,0.3204434082194385,0.009166666666666667,0.3731310763888889,0.7027411512749941,1.8572588487250064,0.7803933902265643,425.99436645507814,0.0,0.0,425.99436645507814,553.6943664550781,6634.205065584804,329.6845703125,30.0,758.7789293194231,0.0,1,E01_M019_G01,E01_M019_G01,E01,M019,7247.93125,8469.0875,1221.15625,5.717992485414598,0.0
E52_4cf0fac9feb721651efb2830,4.069474337158908,17.82597875173802,4.069474337158908,242.69354898018014,267.32891198677197,337.5749199208095,0.13412057160327687,0.009166666666666667,0.3731310763888889,0.5164183146588325,2.043581685341168,0.8386192766691148,295.6243560791016,0.0,0.0,295.6243560791016,423.32435607910156,2531.8118994060715,217.31182861328125,30.0,452.69354898018014,0.0,1,E01_M019_G01,E01_M019_G01,E01,M019,7247.93125,8469.0875,1221.15625,4.069474337158908,0.0
E52_4d215302190bc5bfb29bf912,3.785853652478636,16.37371485667674,3.785853652478636,307.50969179304633,343.7570581260541,397.53518558804575,0.1656637075427803,0.009166666666666667,0.3731310763888889,0.5479614505983359,2.0120385494016646,0.82876204668802,434.96839599609376,0.0,0.0,434.96839599609376,562.6683959960938,2981.5138919103433,336.56707763671875,30.0,517.5096917930464,0.0,1,E01_M019_G01,E01_M019_G01,E01,M019,7247.93125,8469.0875,1221.15625,3.785853652478636,0.0
E52_50c718ca7f326f764494c89d,9.696219730369123,13.080943299176411,9.696219730369123,350.85355156655817,370.1881015340061,585.6998033284289,0.20772710552759727,0.009166666666666667,0.3731310763888889,0.5900248485831528,1.9699751514168478,0.8156172348177647,232.014599609375,0.0,0.0,232.014599609375,359.714599609375,4392.748524963216,275.29461669921875,30.0,560.8535515665582,0.0,1,E01_M019_G01,E01_M019_G01,E01,M019,7247.93125,8469.0875,1221.15625,9.696219730369123,0.0
E52_515a3b7c8d98426ee13f2b4e,4.43354045683563,17.07508762021844,4.43354045683563,242.68536134104386,262.0561394884234,369.14605379781034,0.13858886614696947,0.009166666666666667,0.3731310763888889,0.520886609202525,2.0391133907974757,0.8372229346242109,232.4493377685547,0.0,0.0,232.4493377685547,360.1493377685547,2768.5954034835777,210.1493377685547,30.0,452.68536134104386,0.0,1,E01_M019_G01,E01_M019_G01,E01,M019,7247.93125,8469.0875,1221.15625,4.43354045683563,0.0
E52_60b76d98beea93305f35c25d,6.004471256022072,16.79058398580294,6.004471256022072,271.8613885249859,299.0873836523459,380.3668062858116,0.15055421784231732,0.009166666666666667,0.3731310763888889,0.5328519608978729,2.0271480391021277,0.8334837622194147,326.7119415283203,0.0,0.0,326.7119415283203,454.4119415283203,2852.751047143587,241.2421875,30.0,481.8613885249859,0.0,1,E01_M019_G01,E01_M019_G01,E01,M019,7247.93125,8469.0875,1221.15625,6.004471256022072,0.0
E52_68694062ed2e2e792aeb51a9,5.8056357366346845,17.695890544520793,5.8056357366346845,262.3147609906027,292.8212075746684,341.5908424768108,0.1416674545099547,0.009166666666666667,0.3731310763888889,0.5239651975655103,2.0360348024344903,0.836260875760778,366.0773590087891,0.0,0.0,366.0773590087891,493.77735900878906,2561.931318576081,213.8477783203125,30.0,472.3147609906027,0.0,1,E01_M019_G01,E01_M019_G01,E01,M019,7247.93125,8469.0875,1221.15625,5.8056357366346845,0.0
E52_7547086a1218012670f76a62,1.72450856648004,2.277872015791573,1.72450856648004,375.1797445493145,391.65409045589,642.7455049270795,0.22423479709031385,0.009166666666666667,0.3731310763888889,0.6065325401458694,1.953467459854131,0.8104585812044158,205.20750122070314,7.515350341796875,7.515350341796875,205.20750122070314,332.9075012207031,4820.591286953097,282.9075012207031,30.0,585.1797445493145,0.0,1,E01_M019_G01,E01_M019_G01,E01,M019,7247.93125,8469.0875,1221.15625,1.72450856648004,0.0
E52_76b4f0bdabd1ccab126282dd,5.771840641351304,17.180198899819032,5.771840641351304,244.7670432960008,265.6078646257534,364.489158613486,0.13866967590706417,0.009166666666666667,0.3731310763888889,0.5209674189626198,2.0390325810373806,0.8371976815741813,250.08985595703126,0.0,0.0,250.08985595703126,377.78985595703125,2733.6686896011447,241.2421875,30.0,454.7670432960008,0.0,1,E01_M019_G01,E01_M019_G01,E01,M019,7247.93125,8469.0875,1221.15625,5.771840641351304,0.0
E52_7dc5542bb1ad046741692f59,2.0181303031576476,15.630401191468053,2.0181303031576476,333.52010664670297,372.50493279823297,433.1312563842263,0.17995534493942492,0.009166666666666667,0.3731310763888889,0.5622530879949805,1.99774691200502,0.8242959100015685,467.8179138183594,0.0,0.0,467.8179138183594,595.5179138183594,3248.484422881697,322.1230773925781,30.0,543.520106646703,0.0,1,E01_M019_G01,E01_M019_G01,E01,M019,7247.93125,8469.0875,1221.15625,2.0181303031576476,0.0
E52_7e5f4a4eaf9aa5b10576997a,10.7721571193441,13.086620585622072,10.7721571193441,384.11958913832314,414.7999833745699,584.1568128591658,0.21933939564120059,0.009166666666666667,0.3731310763888889,0.6016371386967562,1.9583628613032444,0.8119883941572636,368.16473083496095,0.0,0.0,368.16473083496095,495.86473083496094,4381.1760964437435,251.37640380859375,30.0,594.1195891383231,0.0,1,E01_M019_G01,E01_M019_G01,E01,M019,7247.93125,8469.0875,1221.15625,10.7721571193441,0.0
E52_82c821a5773d0bfbe554f10a,1.9898130596061634,11.397135806608844,1.9898130596061634,512.9354114719376,566.0737563002253,707.0407539741487,0.2825549862639304,0.009166666666666667,0.3731310763888889,0.6648527293194859,1.8951472706805146,0.7922335220876606,637.6601379394531,0.0,0.0,637.6601379394531,765.3601379394531,5302.805654806116,465.3601379394531,30.0,722.9354114719376,0.0,1,E01_M019_G01,E01_M019_G01,E01,M019,7247.93125,8469.0875,1221.15625,1.9898130596061634,0.0
E52_88c1c7aba1fcf94c58dad20e,5.727706950133765,9.497510042154289,5.727706950133765,536.2789293194231,567.6117931906797,884.5606754113072,0.3159978782232965,0.009166666666666667,0.3731310763888889,0.698295621278852,1.8617043787211485,0.7817826183503588,375.99436645507814,0.0,0.0,375.99436645507814,503.6943664550781,6634.205065584804,329.6845703125,30.0,746.2789293194231,0.0,1,E01_M019_G01,E01_M019_G01,E01,M019,7247.93125,8469.0875,1221.15625,5.727706950133765,0.0
E52_8ca7795ffa642a3b129c0a3d,1.7761226290646874,15.730152054416479,1.7761226290646874,330.94608252023,369.9122522589995,428.0951466078428,0.17832668261553564,0.009166666666666667,0.3731310763888889,0.5606244256710913,1.9993755743289092,0.824804866977784,467.5940368652344,0.0,0.0,467.5940368652344,595.2940368652344,3210.713599558821,335.390380859375,30.0,540.94608252023,0.0,1,E01_M019_G01,E01_M019_G01,E01,M019,7247.93125,8469.0875,1221.15625,1.7761226290646874,0.0
E52_924cec2d58c933358893a332,10.624413809800686,12.302862284422105,10.624413809800686,416.670444788364,448.9844576972996,639.4568121231148,0.23874762537865796,0.009166666666666667,0.3731310763888889,0.6210453684342135,1.938954631565787,0.8059233223643083,387.7681549072266,0.0,0.0,387.7681549072266,515.4681549072266,4795.926090923361,252.644287109375,30.0,626.670444788364,0.0,1,E01_M019_G01,E01_M019_G01,E01,M019,7247.93125,8469.0875,1221.15625,10.624413809800686,0.0
E52_96da4f081c74d8211b4b244f,11.344550318144897,12.47027426673894,11.344550318144897,406.4445801679392,437.368205859671,627.3474061854878,0.23339590098708082,0.009166666666666667,0.3731310763888889,0.6156936440426364,1.9443063559573641,0.8075957362366761,371.08350830078126,0.0,0.0,371.08350830078126,498.78350830078125,4705.105546391158,251.37640380859375,30.0,616.4445801679392,0.0,1,E01_M019_G01,E01_M019_G01,E01,M019,7247.93125,8469.0875,1221.15625,11.344550318144897,0.0
E52_a3836b1674b2d70f748125c1,4.727952780481857,18.388582284998307,4.727952780481857,238.77143733771516,265.74771093797557,315.68523307386783,0.1296256139323784,0.009166666666666667,0.3731310763888889,0.511923356987934,2.0480766430120667,0.8400239509412706,323.715283203125,0.0,0.0,323.715283203125,451.415283203125,2367.639248054009,217.29420471191406,30.0,448.77143733771516,0.0,1,E01_M019_G01,E01_M019_G01,E01,M019,7247.93125,8469.0875,1221.15625,4.727952780481857,0.0
E52_aaa387ee3ee3170bd804334d,0.0961803787852773,18.409477866986336,0.0961803787852773,263.5215778829557,299.2286101502083,312.8009621623957,0.13801933350380158,0.009166666666666667,0.3731310763888889,0.5203170765593572,2.039682923440643,0.8374009135752009,428.48438720703126,0.0,0.0,428.48438720703126,556.1843872070312,2346.0072162179677,386.9435729980469,30.0,473.5215778829557,0.0,1,E01_M019_G01,E01_M019_G01,E01,M019,7247.93125,8469.0875,1221.15625,0.0961803787852773,0.0
E52_b544b4d7beda1d6ed7fbeefb,5.48852053666009,16.252686834440453,5.48852053666009,293.91354735972715,324.49113296153376,404.3615811086144,0.16179511839250177,0.009166666666666667,0.3731310763888889,0.5440928614480574,2.015907138551943,0.8299709807974821,366.9310272216797,0.0,0.0,366.9310272216797,494.6310272216797,3032.711858314608,277.91845703125,30.0,503.91354735972715,0.0,1,E01_M019_G01,E01_M019_G01,E01,M019,7247.93125,8469.0875,1221.15625,5.48852053666009,0.0
E52_b60e4d2a4cdcd5801a5d757f,1.707943132616407,16.480566458341656,1.707943132616407,308.26023760270465,345.626388522301,392.32356968783114,0.16519254750221457,0.009166666666666667,0.3731310763888889,0.5474902905577701,2.0125097094422304,0.8289092842006969,448.39381103515626,0.0,0.0,448.39381103515626,576.0938110351562,2942.4267726587336,326.2397766113281,30.0,518.2602376027046,0.0,1,E01_M019_G01,E01_M019_G01,E01,M019,7247.93125,8469.0875,1221.15625,1.707943132616407,0.0
E52_b6789310c1ab16898a769b78,10.051078854658542,2.625622464396969,2.625622464396969,372.38145547243056,389.4038741939475,617.4514627840539,0.21924054354678854,0.009166666666666667,0.3731310763888889,0.6015382866023441,1.9584617133976563,0.8120192854367675,225.84925537109376,21.580230712890625,21.580230712890625,225.84925537109376,353.54925537109375,4630.885970880404,303.54925537109375,30.0,582.3814554724306,0.0,1,E01_M019_G01,E01_M019_G01,E01,M019,7247.93125,8469.0875,1221.15625,2.625622464396969,0.0
E52_be69bdf55826f2eb34075d09,3.762648549787201,12.029424972929434,3.762648549787201,457.6877788138426,500.48965717077624,658.5642874860837,0.25604119113741575,0.009166666666666667,0.3731310763888889,0.6383389341929713,1.9216610658070292,0.8005190830646964,513.6225402832031,0.0,0.0,513.6225402832031,641.3225402832031,4939.232156145627,341.3225402832031,30.0,667.6877788138427,0.0,1,E01_M019_G01,E01_M019_G01,E01,M019,7247.93125,8469.0875,1221.15625,3.762648549787201,0.0
E52_bfffb2993ede6e2e2bd9340b,9.602595611945802,13.053008949478723,9.602595611945802,400.85355156655817,436.85476820067277,585.6998033284289,0.22550922551216515,0.009166666666666667,0.3731310763888889,0.6078069685677208,1.9521930314322797,0.8100603223225873,432.014599609375,0.0,0.0,432.014599609375,559.714599609375,4392.748524963216,275.29461669921875,30.0,610.8535515665582,0.0,1,E01_M019_G01,E01_M019_G01,E01,M019,7247.93125,8469.0875,1221.15625,9.602595611945802,0.0
E52_c0294c7ff44d44fc4ede8d97,1.5881831575630088,16.7256600789149,1.5881831575630088,316.70783025924425,358.9570632507807,379.92026256926977,0.16644027302831577,0.009166666666666667,0.3731310763888889,0.5487380160838713,2.011261983916129,0.8285193699737903,506.9907958984375,0.0,0.0,506.9907958984375,634.6907958984375,2849.4019692695233,334.6907958984375,30.0,526.7078302592442,0.0,1,E01_M019_G01,E01_M019_G01,E01,M019,7247.93125,8469.0875,1221.15625,1.5881831575630088,0.0
E52_d22cbe82615c6d2ee0ebf49f,1.7601195929367464,15.758568264926964,1.7601195929367464,318.17309843891866,352.9726015110215,427.5491784452201,0.1737067461230003,0.009166666666666667,0.3731310763888889,0.5560044891785558,2.0039955108214444,0.8262485971317013,417.5940368652344,0.0,0.0,417.5940368652344,545.2940368652344,3206.618838339151,335.390380859375,30.0,528.1730984389187,0.0,1,E01_M019_G01,E01_M019_G01,E01,M019,7247.93125,8469.0875,1221.15625,1.7601195929367464,0.0
E52_d7f1f5d49edaa9f52000c452,11.569253065446404,12.917919470378578,11.569253065446404,397.7633482290822,431.12867517406926,595.3347347882426,0.22577474843651651,0.009166666666666667,0.3731310763888889,0.6080724914920721,1.9519275085079284,0.8099773464087274,400.38392333984376,0.0,0.0,400.38392333984376,528.0839233398438,4465.010510911819,278.08392333984375,30.0,607.7633482290822,0.0,1,E01_M019_G01,E01_M019_G01,E01,M019,7247.93125,8469.0875,1221.15625,11.569253065446404,0.0
E52_da487d3b8a0906fb4529d12f,2.2294206236615537,15.138353346482333,2.2294206236615537,331.4673547495513,365.316990573119,459.8368945576963,0.18300743845595838,0.009166666666666667,0.3731310763888889,0.565305181511514,1.9946948184884865,0.8233421307776518,406.1956298828125,0.0,0.0,406.1956298828125,533.8956298828125,3448.7767091827222,283.8956298828125,30.0,541.4673547495513,0.0,1,E01_M019_G01,E01_M019_G01,E01,M019,7247.93125,8469.0875,1221.15625,2.2294206236615537,0.0
E52_dbe1bedc9b83d29f34556dbd,10.319763659808586,13.016499113861627,10.319763659808586,387.86022911882606,419.0031732004504,588.862793747906,0.22133620210273125,0.009166666666666667,0.3731310763888889,0.6036339451582868,1.9563660548417137,0.8113643921380354,373.7153289794922,0.0,0.0,373.7153289794922,501.4153289794922,4416.470953109295,233.02317810058594,30.0,597.860229118826,0.0,1,E01_M019_G01,E01_M019_G01,E01,M019,7247.93125,8469.0875,1221.15625,10.319763659808586,0.0
E52_dbec4f1422e98765afb262aa,1.0982220753490992,16.38523852602286,1.0982220753490992,322.5402116809159,364.1002534899979,395.72017250733956,0.1707521496628321,0.009166666666666667,0.3731310763888889,0.5530498927183877,2.0069501072816127,0.8271719085255038,498.7205017089844,0.0,0.0,498.7205017089844,626.4205017089844,2967.901293805047,326.4205017089844,30.0,532.540211680916,0.0,1,E01_M019_G01,E01_M019_G01,E01,M019,7247.93125,8469.0875,1221.15625,1.0982220753490992,0.0
E52_de2c36302e014a6d0284c896,1.6494415831593159,15.994052628622484,1.6494415831593159,325.41177480357015,364.7238282296769,414.95122905049965,0.1744969638873427,0.009166666666666667,0.3731310763888889,0.5567947069428982,2.0032052930571025,0.8260016540803443,471.74464111328126,0.0,0.0,471.74464111328126,599.4446411132812,3112.134217878747,326.2397766113281,30.0,535.4117748035701,0.0,1,E01_M019_G01,E01_M019_G01,E01,M019,7247.93125,8469.0875,1221.15625,1.6494415831593159,0.0
E52_eab18c460278cfbad2c20da0,5.839199789598638,7.760329046990023,5.839199789598638,212.31476099060268,226.15454090800176,341.5908424768108,0.12388533452538679,0.009166666666666667,0.3731310763888889,0.5061830775809424,2.053816922419058,0.8418177882559555,166.07735900878907,0.0,0.0,166.07735900878907,293.77735900878906,2561.931318576081,213.8477783203125,30.0,422.3147609906027,0.0,1,E01_M019_G01,E01_M019_G01,E01,M019,7247.93125,8469.0875,1221.15625,5.839199789598638,0.0
E52_eb490529b308e18523949520,10.128050036405611,12.235001379754962,10.128050036405611,417.9327582223269,449.8180932544721,644.5535062517828,0.23991836791670462,0.009166666666666667,0.3731310763888889,0.6222161109722602,1.9377838890277403,0.8055574653211687,382.6240203857422,0.0,0.0,382.6240203857422,510.3240203857422,4834.151296888371,255.67149353027344,30.0,627.9327582223269,0.0,1,E01_M019_G01,E01_M019_G01,E01,M019,7247.93125,8469.0875,1221.15625,10.128050036405611,0.0
E52_eddf192c3626d88d236d26e4,6.44782069450909,17.034187922993553,6.44782069450909,241.72684180786888,260.473536754158,370.9735139380034,0.13850678679446915,0.009166666666666667,0.3731310763888889,0.5208045298500248,2.0391954701499757,0.8372485844218672,224.96033935546876,0.0,0.0,224.96033935546876,352.66033935546875,2782.3013545350254,199.07135009765625,30.0,451.7268418078689,0.0,1,E01_M019_G01,E01_M019_G01,E01,M019,7247.93125,8469.0875,1221.15625,6.44782069450909,0.0
E52_ede4029bd5e695a7a0c85289,11.61837266330636,12.925612211179384,11.61837266330636,385.2633482290822,414.4620085074026,595.3347347882426,0.22132921844037454,0.009166666666666667,0.3731310763888889,0.6036269614959301,1.9563730385040703,0.8113665745325218,350.38392333984376,0.0,0.0,350.38392333984376,478.08392333984375,4465.010510911819,278.08392333984375,30.0,595.2633482290822,0.0,1,E01_M019_G01,E01_M019_G01,E01,M019,7247.93125,8469.0875,1221.15625,11.61837266330636,0.0
E52_fd527d975e1813662620f82c,3.7072726387343806,12.45056667278017,3.7072726387343806,418.2192341110554,452.9085204066283,628.3027504486734,0.23771876612520712,0.009166666666666667,0.3731310763888889,0.6200165091807627,1.939983490819238,0.8062448408810117,416.271435546875,0.0,0.0,416.271435546875,543.971435546875,4712.2706283650505,307.606201171875,30.0,628.2192341110554,0.0,1,E01_M019_G01,E01_M019_G01,E01,M019,7247.93125,8469.0875,1221.15625,3.7072726387343806,0.0
E52_060143e4033ea7dfc142ce26,0.46341723162035464,13.051384290227645,0.46341723162035464,390.52156568077555,422.97629514244545,586.3147545915316,0.2219218246513189,0.009166666666666667,0.3013064236111111,0.5323949149290966,2.027605085070904,0.8336265890846573,389.4567535400391,0.0,0.0,389.4567535400391,517.1567535400391,4397.360659436487,298.2110595703125,30.0,600.5215656807756,0.0,1,E01_M020_G00,E01_M020_G00,E01,M020,864.21875,1850.3125,986.09375,0.46341723162035464,0.0
E52_0c56c0f390b777971f9a7e58,13.58386908557037,2.1743859331465814,2.1743859331465814,461.3120930283848,507.24512830670517,647.0259743868478,0.2556960576036008,0.009166666666666667,0.3013064236111111,0.5661691478813786,1.9938308521186219,0.8230721412870692,551.1964233398437,0.0,0.0,551.1964233398437,678.8964233398438,4852.694807901358,439.2268981933594,30.0,671.3120930283849,0.0,1,E01_M020_G00,E01_M020_G00,E01,M020,864.21875,1850.3125,986.09375,2.1743859331465814,0.0
E52_0f45fcab7c66cb90fa618929,12.448871869132986,12.721246579688795,12.448871869132986,427.8988653120833,469.21977900837237,607.8722484464322,0.23826781941132907,0.009166666666666667,0.3013064236111111,0.5487409096891068,2.011259090310894,0.8285184657221542,495.85096435546876,0.0,0.0,495.85096435546876,623.5509643554688,4559.041863348241,326.6978454589844,30.0,637.8988653120832,0.0,1,E01_M020_G00,E01_M020_G00,E01,M020,864.21875,1850.3125,986.09375,12.448871869132986,0.0
E52_12b142f00e8cb4e3948f96c2,1.250076748455598,12.991659521749298,1.250076748455598,402.5936730780369,438.4739485500421,589.9056933240425,0.22672373828986628,0.009166666666666667,0.3013064236111111,0.5371968285676441,2.0228031714323564,0.8321259910726112,430.5633056640625,0.0,0.0,430.5633056640625,558.2633056640625,4424.292699930319,284.7546081542969,30.0,612.5936730780369,0.0,1,E01_M020_G00,E01_M020_G00,E01,M020,864.21875,1850.3125,986.09375,1.250076748455598,0.0
E52_132fcaf6d631eae41e83e018,7.538592945304558,12.621037374336296,7.538592945304558,466.52713400648173,519.919143487276,612.7022111281979,0.2526897045720101,0.009166666666666667,0.3013064236111111,0.5631627948497879,1.9968372051502126,0.8240116266094413,640.7041137695312,0.0,0.0,640.7041137695312,768.4041137695312,4595.266583461484,468.40411376953125,30.0,676.5271340064817,0.0,1,E01_M020_G00,E01_M020_G00,E01,M020,864.21875,1850.3125,986.09375,7.538592945304558,0.0
E52_154bbd26b7808edf72eaa410,6.187729331610996,13.235683344326844,6.187729331610996,444.90797820490957,498.19814035497467,570.0749835094285,0.23896400983981742,0.009166666666666667,0.3013064236111111,0.5494371001175952,2.010562899882405,0.8283009062132516,639.4819458007812,0.0,0.0,639.4819458007812,767.1819458007812,4275.562376320714,467.18194580078125,30.0,654.9079782049096,0.0,1,E01_M020_G00,E01_M020_G00,E01,M020,864.21875,1850.3125,986.09375,6.187729331610996,0.0
E52_2d291a2169e36d61d7bf7582,6.4716668796534975,12.790365797832976,6.4716668796534975,470.3839036593983,527.1993216484933,599.8752993842263,0.25224474652706685,0.009166666666666667,0.3013064236111111,0.5627178368048447,1.9972821631951558,0.824150675998486,681.7850158691406,0.0,0.0,681.7850158691406,809.4850158691406,4499.064745381697,509.4850158691406,30.0,680.3839036593984,0.0,1,E01_M020_G00,E01_M020_G00,E01,M020,864.21875,1850.3125,986.09375,6.4716668796534975,0.0
E52_32cd7932ac3bc8f6e82bd016,12.505968505947394,12.531399030736651,12.505968505947394,433.33722088021847,474.19552115284216,621.5246401246948,0.24213542524196421,0.009166666666666667,0.3013064236111111,0.552608515519742,2.0073914844802587,0.8273098389000806,490.2996032714844,0.0,0.0,490.2996032714844,617.9996032714844,4661.434800935211,324.9372863769531,30.0,643.3372208802184,0.0,1,E01_M020_G00,E01_M020_G00,E01,M020,864.21875,1850.3125,986.09375,12.505968505947394,0.0
E52_3322673a66874be8fb5ff9e0,2.167407480562815,12.93559360833251,2.167407480562815,392.2739001975914,423.9757012433271,594.3369941207687,0.2236811646950203,0.009166666666666667,0.3013064236111111,0.534154254972798,2.0258457450272025,0.8330767953210007,380.42161254882814,0.0,0.0,380.42161254882814,508.1216125488281,4457.527455905765,308.1216125488281,30.0,602.2739001975914,0.0,1,E01_M020_G00,E01_M020_G00,E01,M020,864.21875,1850.3125,986.09375,2.167407480562815,0.0
E52_4d215302190bc5bfb29bf912,7.6104963551872515,16.37371485667674,7.6104963551872515,307.50969179304633,343.7570581260541,397.53518558804575,0.1656637075427803,0.009166666666666667,0.3013064236111111,0.47613679782055807,2.0838632021794425,0.8512072506810756,434.96839599609376,0.0,0.0,434.96839599609376,562.6683959960938,2981.5138919103433,336.56707763671875,30.0,517.5096917930464,0.0,1,E01_M020_G00,E01_M020_G00,E01,M020,864.21875,1850.3125,986.09375,7.6104963551872515,0.0
E52_575c4f100493de938643a13d,13.767466182729564,2.099203328999508,2.099203328999508,470.05405043895155,518.0123847895375,652.3580947743875,0.259560220504969,0.009166666666666667,0.3013064236111111,0.5700333107827468,1.9899666892172538,0.8218645903803916,575.5000122070312,0.0,0.0,575.5000122070312,703.2000122070312,4892.685710807907,437.3766174316406,30.0,680.0540504389515,0.0,1,E01_M020_G00,E01_M020_G00,E01,M020,864.21875,1850.3125,986.09375,2.099203328999508,0.0
E52_67646c2afbeb5602853e5a9c,2.134504918499786,12.927232110573698,2.134504918499786,404.7739001975914,440.6423679099937,594.3369941207687,0.22812669469116229,0.009166666666666667,0.3013064236111111,0.53859978496894,2.0214002150310604,0.8316875671972063,430.42161254882814,0.0,0.0,430.42161254882814,558.1216125488281,4457.527455905765,308.1216125488281,30.0,614.7739001975914,0.0,1,E01_M020_G00,E01_M020_G00,E01,M020,864.21875,1850.3125,986.09375,2.134504918499786,0.0
E52_7e4744117cf2a1b6b8665ab3,6.783735696851437,12.590569849682154,6.783735696851437,474.82609328547096,530.7107225986219,614.3444106920357,0.25587373999544005,0.009166666666666667,0.3013064236111111,0.5663468302732177,1.9936531697267827,0.8230166155396195,670.6155517578125,0.0,0.0,670.6155517578125,798.3155517578125,4607.5830801902675,498.3155517578125,30.0,684.826093285471,0.0,1,E01_M020_G00,E01_M020_G00,E01,M020,864.21875,1850.3125,986.09375,6.783735696851437,0.0
E52_a0032802edd73d232f2c84c2,7.837604783519836,12.395809404549922,7.837604783519836,482.4923087567502,538.5719606529091,628.5067061365473,0.26060588149401487,0.009166666666666667,0.3013064236111111,0.5710789717717926,1.988921028228208,0.8215378213213148,672.9558227539062,0.0,0.0,672.9558227539062,800.6558227539062,4713.800296024105,500.65582275390625,30.0,692.4923087567502,0.0,1,E01_M020_G00,E01_M020_G00,E01,M020,864.21875,1850.3125,986.09375,7.837604783519836,0.0
E52_aaa387ee3ee3170bd804334d,5.317989794894615,18.409477866986336,5.317989794894615,263.5215778829557,299.2286101502083,312.8009621623957,0.13801933350380158,0.009166666666666667,0.3013064236111111,0.44849242378157933,2.111507576218421,0.8598461175682565,428.48438720703126,0.0,0.0,428.48438720703126,556.1843872070312,2346.0072162179677,386.9435729980469,30.0,473.5215778829557,0.0,1,E01_M020_G00,E01_M020_G00,E01,M020,864.21875,1850.3125,986.09375,5.317989794894615,0.0
E52_b4122a9095172602242b40e3,12.09289787926771,12.917805218005896,12.09289787926771,417.2739001975914,457.30903457666045,594.3369941207687,0.23257222468730426,0.009166666666666667,0.3013064236111111,0.543045314965082,2.0169546850349187,0.8302983390734119,480.42161254882814,0.0,0.0,480.42161254882814,608.1216125488281,4457.527455905765,308.1216125488281,30.0,627.2739001975914,0.0,1,E01_M020_G00,E01_M020_G00,E01,M020,864.21875,1850.3125,986.09375,12.09289787926771,0.0
E52_b45db00398315637fb020e5f,8.818942569549648,10.742298629097064,8.818942569549648,520.0993036420956,566.0861185224667,764.2777180019647,0.2932088546230577,0.009166666666666667,0.3013064236111111,0.6036819449008355,1.956318055099165,0.8113493922184889,551.8417785644531,0.0,0.0,551.8417785644531,679.5417785644531,5732.082885014735,386.71868896484375,30.0,730.0993036420956,0.0,1,E01_M020_G00,E01_M020_G00,E01,M020,864.21875,1850.3125,986.09375,8.818942569549648,0.0
E52_be79b94db4a0a5b6faaed631,5.8556195066339995,13.435452033242427,5.8556195066339995,439.28613208838135,492.92224150407145,556.7556076826221,0.23507830977561708,0.009166666666666667,0.3013064236111111,0.5455514000533949,2.0144485999466055,0.8295151874833141,643.6333129882812,0.0,0.0,643.6333129882812,771.3333129882812,4175.667057619666,471.33331298828125,30.0,649.2861320883814,0.0,1,E01_M020_G00,E01_M020_G00,E01,M020,864.21875,1850.3125,986.09375,5.8556195066339995,0.0
E52_beb70ec57fd2d66bf65b827f,7.541541972929281,2.43785423226241,2.43785423226241,429.6587378248194,468.09544538504076,628.6972302883107,0.2418430061920666,0.009166666666666667,0.3013064236111111,0.5523160964698444,2.007683903530156,0.8274012198531736,461.24049072265626,0.0,0.0,461.24049072265626,588.9404907226562,4715.22922716233,538.9404907226562,30.0,639.6587378248194,0.0,1,E01_M020_G00,E01_M020_G00,E01,M020,864.21875,1850.3125,986.09375,2.43785423226241,0.0
E52_c515ea57360fd29f9add62f7,8.430167715424716,10.649906727109496,8.430167715424716,525.5980011021792,572.0554631586571,772.4512298654912,0.29632198385281766,0.009166666666666667,0.3013064236111111,0.6067950741305954,1.953204925869405,0.810376539334189,557.4895446777343,0.0,0.0,557.4895446777343,685.1895446777344,5793.384223991184,393.3172912597656,30.0,735.5980011021792,0.0,1,E01_M020_G00,E01_M020_G00,E01,M020,864.21875,1850.3125,986.09375,8.430167715424716,0.0
E52_f4836ff0bfcbe7f74f580128,5.857186879240203,13.198394987858308,5.857186879240203,446.8309536018799,500.3537512499919,572.525121315088,0.23999489789029496,0.009166666666666667,0.3013064236111111,0.5504679881680727,2.0095320118319275,0.8279787536974773,642.2735717773437,0.0,0.0,642.2735717773437,769.9735717773438,4293.93840986316,483.0478820800781,30.0,656.8309536018799,0.0,1,E01_M020_G00,E01_M020_G00,E01,M020,864.21875,1850.3125,986.09375,5.857186879240203,0.0
E52_fb97bb829fc82a7376005525,6.420468847062537,12.561592200960149,6.420468847062537,483.9909817485873,542.6900133241081,615.7877740440496,0.2593375767224136,0.009166666666666667,0.3013064236111111,0.5698106670001913,1.990189332999809,0.8219341665624402,704.38837890625,0.0,0.0,704.38837890625,832.08837890625,4618.408305330372,532.08837890625,30.0,693.9909817485873,0.0,1,E01_M020_G00,E01_M020_G00,E01,M020,864.21875,1850.3125,986.09375,6.420468847062537,0.0
