site_id,min_access_margin_db,backhaul_margin_db,min_twohop_margin_db,outbound_time_s,return_time_s,horizontal_time_s,flight_energy_kwh,setup_energy_kwh,service_energy_kwh,total_energy_kwh,energy_margin_kwh,return_soc,climb_out_m,climb_back_m,desc_out_m,desc_back_m,cruise_alt_m,horizontal_distance_m,max_dem_on_route_m,setup_time_s,earliest_ready_s,required_transport_shift_s,as_is_timing_feasible,atomic_task_id,parent_gap_id,pareto_id,transport_sortie_id,service_start_s,service_end_s,service_duration_s,robust_slack_db,Gamma_C_db
E52_060143e4033ea7dfc142ce26,13.898163651208463,13.051384290227645,13.051384290227645,390.52156568077555,422.97629514244545,586.3147545915316,0.2219218246513189,0.009166666666666667,0.07771614583333335,0.3088046371513189,2.251195362848682,0.9034985508902128,389.4567535400391,0.0,0.0,389.4567535400391,517.1567535400391,4397.360659436487,293.1027526855469,30.0,600.5215656807756,0.0,1,P01_GAMMA06_M001_00_A00,P01_GAMMA06_M001_00,P01,M001,747.71875,1002.0625,254.34375,7.051384290227645,6.0
E52_0f45fcab7c66cb90fa618929,13.227091463624603,12.721246579688795,12.721246579688795,427.8988653120833,469.21977900837237,607.8722484464322,0.23826781941132907,0.009166666666666667,0.07771614583333335,0.3251506319113291,2.234849368088671,0.8983904275277097,495.85096435546876,0.0,0.0,495.85096435546876,623.5509643554688,4559.041863348241,326.6978454589844,30.0,637.8988653120832,0.0,1,P01_GAMMA06_M001_00_A00,P01_GAMMA06_M001_00,P01,M001,747.71875,1002.0625,254.34375,6.7212465796887955,6.0
E52_0fa03b8d9ed736d48919c1b7,9.353611852573522,11.555158541579928,9.353611852573522,469.53189880990186,510.00510285042924,696.2245733766397,0.2655870342753843,0.009166666666666667,0.07771614583333335,0.35246984677538434,2.2075301532246163,0.8898531728826924,485.67844848632814,0.0,0.0,485.67844848632814,613.3784484863281,5221.684300324798,318.1667785644531,30.0,679.5318988099018,0.0,1,P01_GAMMA06_M001_00_A00,P01_GAMMA06_M001_00,P01,M001,747.71875,1002.0625,254.34375,3.353611852573522,6.0
E52_12b142f00e8cb4e3948f96c2,13.971008089357582,12.991659521749298,12.991659521749298,402.5936730780369,438.4739485500421,589.9056933240425,0.22672373828986628,0.009166666666666667,0.07771614583333335,0.31360655078986627,2.2463934492101343,0.9019979528781668,430.5633056640625,0.0,0.0,430.5633056640625,558.2633056640625,4424.292699930319,284.7546081542969,30.0,612.5936730780369,0.0,1,P01_GAMMA06_M001_00_A00,P01_GAMMA06_M001_00,P01,M001,747.71875,1002.0625,254.34375,6.991659521749298,6.0
E52_132fcaf6d631eae41e83e018,7.538592945304558,12.621037374336296,7.538592945304558,466.52713400648173,519.919143487276,612.7022111281979,0.2526897045720101,0.009166666666666667,0.07771614583333335,0.33957251707201014,2.2204274829279904,0.8938835884149968,640.7041137695312,0.0,0.0,640.7041137695312,768.4041137695312,4595.266583461484,468.40411376953125,30.0,676.5271340064817,0.0,1,P01_GAMMA06_M001_00_A00,P01_GAMMA06_M001_00,P01,M001,747.71875,1002.0625,254.34375,1.5385929453045577,6.0
E52_154bbd26b7808edf72eaa410,6.187729331610996,13.235683344326844,6.187729331610996,444.90797820490957,498.19814035497467,570.0749835094285,0.23896400983981742,0.009166666666666667,0.07771614583333335,0.32584682233981743,2.234153177660183,0.898172868018807,639.4819458007812,0.0,0.0,639.4819458007812,767.1819458007812,4275.562376320714,467.18194580078125,30.0,654.9079782049096,0.0,1,P01_GAMMA06_M001_00_A00,P01_GAMMA06_M001_00,P01,M001,747.71875,1002.0625,254.34375,0.1877293316109956,6.0
E52_29c9aa5399273a7ee24bceb6,9.232662269275352,11.583777919859742,9.232662269275352,451.9321692173844,486.7995103225277,694.6602918039094,0.2591062855773863,0.009166666666666667,0.07771614583333335,0.3459890980773863,2.214010901922614,0.8918784068508168,418.40809326171876,0.0,0.0,418.40809326171876,546.1080932617188,5209.952188529321,322.9142761230469,30.0,661.9321692173844,0.0,1,P01_GAMMA06_M001_00_A00,P01_GAMMA06_M001_00,P01,M001,747.71875,1002.0625,254.34375,3.2326622692753517,6.0
E52_2d291a2169e36d61d7bf7582,6.4716668796534975,12.790365797832976,6.4716668796534975,470.3839036593983,527.1993216484933,599.8752993842263,0.25224474652706685,0.009166666666666667,0.07771614583333335,0.33912755902706687,2.2208724409729337,0.8940226378040416,681.7850158691406,0.0,0.0,681.7850158691406,809.4850158691406,4499.064745381697,509.4850158691406,30.0,680.3839036593984,0.0,1,P01_GAMMA06_M001_00_A00,P01_GAMMA06_M001_00,P01,M001,747.71875,1002.0625,254.34375,0.4716668796534975,6.0
E52_32cd7932ac3bc8f6e82bd016,12.629158069001164,12.531399030736651,12.531399030736651,433.33722088021847,474.19552115284216,621.5246401246948,0.24213542524196421,0.009166666666666667,0.07771614583333335,0.32901823774196426,2.230981762258036,0.8971818007056361,490.2996032714844,0.0,0.0,490.2996032714844,617.9996032714844,4661.434800935211,324.9372863769531,30.0,643.3372208802184,0.0,1,P01_GAMMA06_M001_00_A00,P01_GAMMA06_M001_00,P01,M001,747.71875,1002.0625,254.34375,6.531399030736651,6.0
E52_3322673a66874be8fb5ff9e0,13.955077203321054,12.93559360833251,12.93559360833251,392.2739001975914,423.9757012433271,594.3369941207687,0.2236811646950203,0.009166666666666667,0.07771614583333335,0.3105639771950203,2.2494360228049803,0.9029487571265562,380.42161254882814,0.0,0.0,380.42161254882814,508.1216125488281,4457.527455905765,308.1216125488281,30.0,602.2739001975914,0.0,1,P01_GAMMA06_M001_00_A00,P01_GAMMA06_M001_00,P01,M001,747.71875,1002.0625,254.34375,6.9355936083325105,6.0
E52_4d215302190bc5bfb29bf912,9.713639065507849,16.37371485667674,9.713639065507849,307.50969179304633,343.7570581260541,397.53518558804575,0.1656637075427803,0.009166666666666667,0.07771614583333335,0.2525465200427803,2.3074534799572204,0.9210792124866312,434.96839599609376,0.0,0.0,434.96839599609376,562.6683959960938,2981.5138919103433,336.56707763671875,30.0,517.5096917930464,0.0,1,P01_GAMMA06_M001_00_A00,P01_GAMMA06_M001_00,P01,M001,747.71875,1002.0625,254.34375,3.7136390655078486,6.0
E52_67646c2afbeb5602853e5a9c,13.917960061769946,12.927232110573698,12.927232110573698,404.7739001975914,440.6423679099937,594.3369941207687,0.22812669469116229,0.009166666666666667,0.07771614583333335,0.3150095071911623,2.2449904928088382,0.9015595290027618,430.42161254882814,0.0,0.0,430.42161254882814,558.1216125488281,4457.527455905765,308.1216125488281,30.0,614.7739001975914,0.0,1,P01_GAMMA06_M001_00_A00,P01_GAMMA06_M001_00,P01,M001,747.71875,1002.0625,254.34375,6.927232110573698,6.0
E52_68694062ed2e2e792aeb51a9,6.028045227530427,17.695890544520793,6.028045227530427,262.3147609906027,292.8212075746684,341.5908424768108,0.1416674545099547,0.009166666666666667,0.07771614583333335,0.22855026700995468,2.3314497329900457,0.9285780415593892,366.0773590087891,0.0,0.0,366.0773590087891,493.77735900878906,2561.931318576081,213.8477783203125,30.0,472.3147609906027,0.0,1,P01_GAMMA06_M001_00_A00,P01_GAMMA06_M001_00,P01,M001,747.71875,1002.0625,254.34375,0.02804522753042704,6.0
E52_7e4744117cf2a1b6b8665ab3,6.783735696851437,12.590569849682154,6.783735696851437,474.82609328547096,530.7107225986219,614.3444106920357,0.25587373999544005,0.009166666666666667,0.07771614583333335,0.34275655249544007,2.2172434475045604,0.892888577345175,670.6155517578125,0.0,0.0,670.6155517578125,798.3155517578125,4607.5830801902675,498.3155517578125,30.0,684.826093285471,0.0,1,P01_GAMMA06_M001_00_A00,P01_GAMMA06_M001_00,P01,M001,747.71875,1002.0625,254.34375,0.7837356968514371,6.0
E52_a0032802edd73d232f2c84c2,7.780840989573463,12.395809404549922,7.780840989573463,482.4923087567502,538.5719606529091,628.5067061365473,0.26060588149401487,0.009166666666666667,0.07771614583333335,0.3474886939940149,2.2125113060059856,0.8914097831268704,672.9558227539062,0.0,0.0,672.9558227539062,800.6558227539062,4713.800296024105,500.65582275390625,30.0,692.4923087567502,0.0,1,P01_GAMMA06_M001_00_A00,P01_GAMMA06_M001_00,P01,M001,747.71875,1002.0625,254.34375,1.7808409895734627,6.0
E52_a77602565c04dca5831f9b7a,8.04678301857929,15.758600383852013,8.04678301857929,295.3505394617105,322.31471665694164,428.9160157520343,0.16578365241547813,0.009166666666666667,0.07771614583333335,0.2526664649154781,2.3073335350845223,0.9210417297139131,323.57012634277345,0.0,0.0,323.57012634277345,451.27012634277344,3216.870118140257,284.58648681640625,30.0,505.3505394617105,0.0,1,P01_GAMMA06_M001_00_A00,P01_GAMMA06_M001_00,P01,M001,747.71875,1002.0625,254.34375,2.0467830185792906,6.0
E52_b4122a9095172602242b40e3,13.867679673295882,12.917805218005896,12.917805218005896,417.2739001975914,457.30903457666045,594.3369941207687,0.23257222468730426,0.009166666666666667,0.07771614583333335,0.3194550371873043,2.240544962812696,0.9001703008789674,480.42161254882814,0.0,0.0,480.42161254882814,608.1216125488281,4457.527455905765,308.1216125488281,30.0,627.2739001975914,0.0,1,P01_GAMMA06_M001_00_A00,P01_GAMMA06_M001_00,P01,M001,747.71875,1002.0625,254.34375,6.9178052180058955,6.0
E52_b544b4d7beda1d6ed7fbeefb,7.916047012305,16.252686834440453,7.916047012305,293.91354735972715,324.49113296153376,404.3615811086144,0.16179511839250177,0.009166666666666667,0.07771614583333335,0.2486779308925018,2.311322069107499,0.9222881465960932,366.9310272216797,0.0,0.0,366.9310272216797,494.6310272216797,3032.711858314608,277.91845703125,30.0,503.91354735972715,0.0,1,P01_GAMMA06_M001_00_A00,P01_GAMMA06_M001_00,P01,M001,747.71875,1002.0625,254.34375,1.9160470123050004,6.0
E52_b7c433bb400c5a28313b13f0,7.90648237169664,16.00220965111248,7.90648237169664,270.63016208552887,291.2047849391259,417.8125870494757,0.1554195344851095,0.009166666666666667,0.07771614583333335,0.2423023469851095,2.317697653014891,0.9242805165671533,246.89547424316407,0.0,0.0,246.89547424316407,374.59547424316406,3133.594402871068,284.58648681640625,30.0,480.63016208552887,0.0,1,P01_GAMMA06_M001_00_A00,P01_GAMMA06_M001_00,P01,M001,747.71875,1002.0625,254.34375,1.9064823716966401,6.0
E52_c76d93c5902d0dc017f7065c,8.086972830243951,16.05706218628906,8.086972830243951,260.86241804033426,278.57034040361555,415.47730190098105,0.1516149798935124,0.009166666666666667,0.07771614583333335,0.23849779239351243,2.321502207606488,0.9254694398770273,212.495068359375,0.0,0.0,212.495068359375,340.195068359375,3116.079764257358,277.91845703125,30.0,470.86241804033426,0.0,1,P01_GAMMA06_M001_00_A00,P01_GAMMA06_M001_00,P01,M001,747.71875,1002.0625,254.34375,2.086972830243951,6.0
E52_d1d4424e0dfaa7a0ce62d445,9.980889927259355,12.872868339328704,9.980889927259355,402.0751033963921,436.37951216917855,598.3237541560654,0.22773150601213982,0.009166666666666667,0.07771614583333335,0.31461431851213983,2.2453856814878606,0.9016830254649563,411.6529052734375,0.0,0.0,411.6529052734375,539.3529052734375,4487.428156170491,269.83203125,30.0,612.075103396392,0.0,1,P01_GAMMA06_M001_00_A00,P01_GAMMA06_M001_00,P01,M001,747.71875,1002.0625,254.34375,3.980889927259355,6.0
E52_da1eeef61bb4fffd90feecd9,9.216609740048554,11.577048041656667,9.216609740048554,464.4321692173844,503.4661769891943,694.6602918039094,0.2635518155735283,0.009166666666666667,0.07771614583333335,0.3504346280735283,2.2095653719264723,0.8904891787270224,468.40809326171876,0.0,0.0,468.40809326171876,596.1080932617188,5209.952188529321,322.9142761230469,30.0,674.4321692173844,0.0,1,P01_GAMMA06_M001_00_A00,P01_GAMMA06_M001_00,P01,M001,747.71875,1002.0625,254.34375,3.216609740048554,6.0
E52_dc4c132291b7b9525a26c82f,7.928127524284349,16.290878065555617,7.928127524284349,256.41354735972715,274.49113296153376,404.3615811086144,0.14845852840407586,0.009166666666666667,0.07771614583333335,0.23534134090407588,2.324658659095925,0.9264558309674763,216.9310272216797,0.0,0.0,216.9310272216797,344.6310272216797,3032.711858314608,277.91845703125,30.0,466.41354735972715,0.0,1,P01_GAMMA06_M001_00_A00,P01_GAMMA06_M001_00,P01,M001,747.71875,1002.0625,254.34375,1.9281275242843492,6.0
E52_eab18c460278cfbad2c20da0,6.032231025717834,7.760329046990023,6.032231025717834,212.31476099060268,226.15454090800176,341.5908424768108,0.12388533452538679,0.009166666666666667,0.07771614583333335,0.21076814702538682,2.3492318529746137,0.9341349540545666,166.07735900878907,0.0,0.0,166.07735900878907,293.77735900878906,2561.931318576081,213.8477783203125,30.0,422.3147609906027,0.0,1,P01_GAMMA06_M001_00_A00,P01_GAMMA06_M001_00,P01,M001,747.71875,1002.0625,254.34375,0.03223102571783443,6.0
E52_eddf192c3626d88d236d26e4,6.035486968978105,17.034187922993553,6.035486968978105,241.72684180786888,260.473536754158,370.9735139380034,0.13850678679446915,0.009166666666666667,0.07771614583333335,0.22538959929446917,2.3346104007055315,0.9295657502204784,224.96033935546876,0.0,0.0,224.96033935546876,352.66033935546875,2782.3013545350254,199.07135009765625,30.0,451.7268418078689,0.0,1,P01_GAMMA06_M001_00_A00,P01_GAMMA06_M001_00,P01,M001,747.71875,1002.0625,254.34375,0.03548696897810544,6.0
E52_fb97bb829fc82a7376005525,6.420468847062537,12.561592200960149,6.420468847062537,483.9909817485873,542.6900133241081,615.7877740440496,0.2593375767224136,0.009166666666666667,0.07771614583333335,0.3462203892224136,2.213779610777587,0.8918061283679958,704.38837890625,0.0,0.0,704.38837890625,832.08837890625,4618.408305330372,532.08837890625,30.0,693.9909817485873,0.0,1,P01_GAMMA06_M001_00_A00,P01_GAMMA06_M001_00,P01,M001,747.71875,1002.0625,254.34375,0.42046884706253707,6.0
E52_060143e4033ea7dfc142ce26,9.965710488195839,13.051384290227645,9.965710488195839,390.52156568077555,422.97629514244545,586.3147545915316,0.2219218246513189,0.009166666666666667,0.07771614583333335,0.3088046371513189,2.251195362848682,0.9034985508902128,389.4567535400391,0.0,0.0,389.4567535400391,517.1567535400391,4397.360659436487,293.1027526855469,30.0,600.5215656807756,0.0,1,P01_GAMMA06_M001_00_A01,P01_GAMMA06_M001_00,P01,M001,1002.0625,1256.40625,254.34375,3.965710488195839,6.0
E52_0f45fcab7c66cb90fa618929,10.13032201162423,12.721246579688795,10.13032201162423,427.8988653120833,469.21977900837237,607.8722484464322,0.23826781941132907,0.009166666666666667,0.07771614583333335,0.3251506319113291,2.234849368088671,0.8983904275277097,495.85096435546876,0.0,0.0,495.85096435546876,623.5509643554688,4559.041863348241,326.6978454589844,30.0,637.8988653120832,0.0,1,P01_GAMMA06_M001_00_A01,P01_GAMMA06_M001_00,P01,M001,1002.0625,1256.40625,254.34375,4.13032201162423,6.0
E52_0fa03b8d9ed736d48919c1b7,14.573860560027455,11.555158541579928,11.555158541579928,469.53189880990186,510.00510285042924,696.2245733766397,0.2655870342753843,0.009166666666666667,0.07771614583333335,0.35246984677538434,2.2075301532246163,0.8898531728826924,485.67844848632814,0.0,0.0,485.67844848632814,613.3784484863281,5221.684300324798,318.1667785644531,30.0,679.5318988099018,0.0,1,P01_GAMMA06_M001_00_A01,P01_GAMMA06_M001_00,P01,M001,1002.0625,1256.40625,254.34375,5.555158541579928,6.0
E52_12b142f00e8cb4e3948f96c2,9.93633368046109,12.991659521749298,9.93633368046109,402.5936730780369,438.4739485500421,589.9056933240425,0.22672373828986628,0.009166666666666667,0.07771614583333335,0.31360655078986627,2.2463934492101343,0.9019979528781668,430.5633056640625,0.0,0.0,430.5633056640625,558.2633056640625,4424.292699930319,284.7546081542969,30.0,612.5936730780369,0.0,1,P01_GAMMA06_M001_00_A01,P01_GAMMA06_M001_00,P01,M001,1002.0625,1256.40625,254.34375,3.9363336804610896,6.0
E52_29c9aa5399273a7ee24bceb6,14.335571378787407,11.583777919859742,11.583777919859742,451.9321692173844,486.7995103225277,694.6602918039094,0.2591062855773863,0.009166666666666667,0.07771614583333335,0.3459890980773863,2.214010901922614,0.8918784068508168,418.40809326171876,0.0,0.0,418.40809326171876,546.1080932617188,5209.952188529321,322.9142761230469,30.0,661.9321692173844,0.0,1,P01_GAMMA06_M001_00_A01,P01_GAMMA06_M001_00,P01,M001,1002.0625,1256.40625,254.34375,5.583777919859742,6.0
E52_32cd7932ac3bc8f6e82bd016,10.417178307770158,12.531399030736651,10.417178307770158,433.33722088021847,474.19552115284216,621.5246401246948,0.24213542524196421,0.009166666666666667,0.07771614583333335,0.32901823774196426,2.230981762258036,0.8971818007056361,490.2996032714844,0.0,0.0,490.2996032714844,617.9996032714844,4661.434800935211,324.9372863769531,30.0,643.3372208802184,0.0,1,P01_GAMMA06_M001_00_A01,P01_GAMMA06_M001_00,P01,M001,1002.0625,1256.40625,254.34375,4.417178307770158,6.0
E52_3322673a66874be8fb5ff9e0,9.864560343777413,12.93559360833251,9.864560343777413,392.2739001975914,423.9757012433271,594.3369941207687,0.2236811646950203,0.009166666666666667,0.07771614583333335,0.3105639771950203,2.2494360228049803,0.9029487571265562,380.42161254882814,0.0,0.0,380.42161254882814,508.1216125488281,4457.527455905765,308.1216125488281,30.0,602.2739001975914,0.0,1,P01_GAMMA06_M001_00_A01,P01_GAMMA06_M001_00,P01,M001,1002.0625,1256.40625,254.34375,3.8645603437774128,6.0
E52_4513f74e4ba51c209cccc792,10.426271818124746,9.790974506635663,9.790974506635663,548.6050089915749,589.1156759023821,854.1460165183059,0.3160741321008959,0.009166666666666667,0.07771614583333335,0.4029569446008959,2.1570430553991047,0.87407595481222,486.1280029296875,0.0,0.0,486.1280029296875,613.8280029296875,6406.095123887295,391.8226318359375,30.0,758.6050089915749,0.0,1,P01_GAMMA06_M001_00_A01,P01_GAMMA06_M001_00,P01,M001,1002.0625,1256.40625,254.34375,3.7909745066356635,6.0
E52_67646c2afbeb5602853e5a9c,9.854230304454518,12.927232110573698,9.854230304454518,404.7739001975914,440.6423679099937,594.3369941207687,0.22812669469116229,0.009166666666666667,0.07771614583333335,0.3150095071911623,2.2449904928088382,0.9015595290027618,430.42161254882814,0.0,0.0,430.42161254882814,558.1216125488281,4457.527455905765,308.1216125488281,30.0,614.7739001975914,0.0,1,P01_GAMMA06_M001_00_A01,P01_GAMMA06_M001_00,P01,M001,1002.0625,1256.40625,254.34375,3.854230304454518,6.0
E52_b4122a9095172602242b40e3,9.83859998121892,12.917805218005896,9.83859998121892,417.2739001975914,457.30903457666045,594.3369941207687,0.23257222468730426,0.009166666666666667,0.07771614583333335,0.3194550371873043,2.240544962812696,0.9001703008789674,480.42161254882814,0.0,0.0,480.42161254882814,608.1216125488281,4457.527455905765,308.1216125488281,30.0,627.2739001975914,0.0,1,P01_GAMMA06_M001_00_A01,P01_GAMMA06_M001_00,P01,M001,1002.0625,1256.40625,254.34375,3.8385999812189198,6.0
E52_b677873645e212a13901ede2,8.906215713245231,9.230718628911887,8.906215713245231,575.9444140089429,616.0268887810784,911.3939793850733,0.3339048259552679,0.009166666666666667,0.07771614583333335,0.4207876384552679,2.1392123615447325,0.8685038629827289,480.989697265625,0.0,0.0,480.989697265625,608.689697265625,6835.45484538805,390.4056396484375,30.0,785.9444140089429,0.0,1,P01_GAMMA06_M001_00_A01,P01_GAMMA06_M001_00,P01,M001,1002.0625,1256.40625,254.34375,2.9062157132452313,6.0
E52_d1d4424e0dfaa7a0ce62d445,8.675846009434295,12.872868339328704,8.675846009434295,402.0751033963921,436.37951216917855,598.3237541560654,0.22773150601213982,0.009166666666666667,0.07771614583333335,0.31461431851213983,2.2453856814878606,0.9016830254649563,411.6529052734375,0.0,0.0,411.6529052734375,539.3529052734375,4487.428156170491,269.83203125,30.0,612.075103396392,0.0,1,P01_GAMMA06_M001_00_A01,P01_GAMMA06_M001_00,P01,M001,1002.0625,1256.40625,254.34375,2.675846009434295,6.0
E52_da1eeef61bb4fffd90feecd9,14.29541627760318,11.577048041656667,11.577048041656667,464.4321692173844,503.4661769891943,694.6602918039094,0.2635518155735283,0.009166666666666667,0.07771614583333335,0.3504346280735283,2.2095653719264723,0.8904891787270224,468.40809326171876,0.0,0.0,468.40809326171876,596.1080932617188,5209.952188529321,322.9142761230469,30.0,674.4321692173844,0.0,1,P01_GAMMA06_M001_00_A01,P01_GAMMA06_M001_00,P01,M001,1002.0625,1256.40625,254.34375,5.577048041656667,6.0
E52_060143e4033ea7dfc142ce26,6.23446973686174,13.051384290227645,6.23446973686174,390.52156568077555,422.97629514244545,586.3147545915316,0.2219218246513189,0.009166666666666667,0.07771614583333335,0.3088046371513189,2.251195362848682,0.9034985508902128,389.4567535400391,0.0,0.0,389.4567535400391,517.1567535400391,4397.360659436487,293.1027526855469,30.0,600.5215656807756,0.0,1,P01_GAMMA06_M001_00_A02,P01_GAMMA06_M001_00,P01,M001,1256.40625,1510.75,254.34375,0.23446973686174033,6.0
E52_0f45fcab7c66cb90fa618929,6.225159710310805,12.721246579688795,6.225159710310805,427.8988653120833,469.21977900837237,607.8722484464322,0.23826781941132907,0.009166666666666667,0.07771614583333335,0.3251506319113291,2.234849368088671,0.8983904275277097,495.85096435546876,0.0,0.0,495.85096435546876,623.5509643554688,4559.041863348241,326.6978454589844,30.0,637.8988653120832,0.0,1,P01_GAMMA06_M001_00_A02,P01_GAMMA06_M001_00,P01,M001,1256.40625,1510.75,254.34375,0.2251597103108054,6.0
E52_0fa03b8d9ed736d48919c1b7,9.041566526676078,11.555158541579928,9.041566526676078,469.53189880990186,510.00510285042924,696.2245733766397,0.2655870342753843,0.009166666666666667,0.07771614583333335,0.35246984677538434,2.2075301532246163,0.8898531728826924,485.67844848632814,0.0,0.0,485.67844848632814,613.3784484863281,5221.684300324798,318.1667785644531,30.0,679.5318988099018,0.0,1,P01_GAMMA06_M001_00_A02,P01_GAMMA06_M001_00,P01,M001,1256.40625,1510.75,254.34375,3.0415665266760783,6.0
E52_12b142f00e8cb4e3948f96c2,6.158926941785182,12.991659521749298,6.158926941785182,402.5936730780369,438.4739485500421,589.9056933240425,0.22672373828986628,0.009166666666666667,0.07771614583333335,0.31360655078986627,2.2463934492101343,0.9019979528781668,430.5633056640625,0.0,0.0,430.5633056640625,558.2633056640625,4424.292699930319,284.7546081542969,30.0,612.5936730780369,0.0,1,P01_GAMMA06_M001_00_A02,P01_GAMMA06_M001_00,P01,M001,1256.40625,1510.75,254.34375,0.1589269417851824,6.0
E52_29c9aa5399273a7ee24bceb6,9.102344682225166,11.583777919859742,9.102344682225166,451.9321692173844,486.7995103225277,694.6602918039094,0.2591062855773863,0.009166666666666667,0.07771614583333335,0.3459890980773863,2.214010901922614,0.8918784068508168,418.40809326171876,0.0,0.0,418.40809326171876,546.1080932617188,5209.952188529321,322.9142761230469,30.0,661.9321692173844,0.0,1,P01_GAMMA06_M001_00_A02,P01_GAMMA06_M001_00,P01,M001,1256.40625,1510.75,254.34375,3.1023446822251657,6.0
E52_32cd7932ac3bc8f6e82bd016,6.395317050697628,12.531399030736651,6.395317050697628,433.33722088021847,474.19552115284216,621.5246401246948,0.24213542524196421,0.009166666666666667,0.07771614583333335,0.32901823774196426,2.230981762258036,0.8971818007056361,490.2996032714844,0.0,0.0,490.2996032714844,617.9996032714844,4661.434800935211,324.9372863769531,30.0,643.3372208802184,0.0,1,P01_GAMMA06_M001_00_A02,P01_GAMMA06_M001_00,P01,M001,1256.40625,1510.75,254.34375,0.3953170506976278,6.0
E52_3322673a66874be8fb5ff9e0,6.079752587594399,12.93559360833251,6.079752587594399,392.2739001975914,423.9757012433271,594.3369941207687,0.2236811646950203,0.009166666666666667,0.07771614583333335,0.3105639771950203,2.2494360228049803,0.9029487571265562,380.42161254882814,0.0,0.0,380.42161254882814,508.1216125488281,4457.527455905765,308.1216125488281,30.0,602.2739001975914,0.0,1,P01_GAMMA06_M001_00_A02,P01_GAMMA06_M001_00,P01,M001,1256.40625,1510.75,254.34375,0.07975258759439896,6.0
E52_4513f74e4ba51c209cccc792,15.42041688744844,9.790974506635663,9.790974506635663,548.6050089915749,589.1156759023821,854.1460165183059,0.3160741321008959,0.009166666666666667,0.07771614583333335,0.4029569446008959,2.1570430553991047,0.87407595481222,486.1280029296875,0.0,0.0,486.1280029296875,613.8280029296875,6406.095123887295,391.8226318359375,30.0,758.6050089915749,0.0,1,P01_GAMMA06_M001_00_A02,P01_GAMMA06_M001_00,P01,M001,1256.40625,1510.75,254.34375,3.7909745066356635,6.0
E52_67646c2afbeb5602853e5a9c,6.068421082484775,12.927232110573698,6.068421082484775,404.7739001975914,440.6423679099937,594.3369941207687,0.22812669469116229,0.009166666666666667,0.07771614583333335,0.3150095071911623,2.2449904928088382,0.9015595290027618,430.42161254882814,0.0,0.0,430.42161254882814,558.1216125488281,4457.527455905765,308.1216125488281,30.0,614.7739001975914,0.0,1,P01_GAMMA06_M001_00_A02,P01_GAMMA06_M001_00,P01,M001,1256.40625,1510.75,254.34375,0.0684210824847753,6.0
E52_b4122a9095172602242b40e3,6.054891773416557,12.917805218005896,6.054891773416557,417.2739001975914,457.30903457666045,594.3369941207687,0.23257222468730426,0.009166666666666667,0.07771614583333335,0.3194550371873043,2.240544962812696,0.9001703008789674,480.42161254882814,0.0,0.0,480.42161254882814,608.1216125488281,4457.527455905765,308.1216125488281,30.0,627.2739001975914,0.0,1,P01_GAMMA06_M001_00_A02,P01_GAMMA06_M001_00,P01,M001,1256.40625,1510.75,254.34375,0.054891773416557044,6.0
E52_b677873645e212a13901ede2,18.98460970809876,9.230718628911887,9.230718628911887,575.9444140089429,616.0268887810784,911.3939793850733,0.3339048259552679,0.009166666666666667,0.07771614583333335,0.4207876384552679,2.1392123615447325,0.8685038629827289,480.989697265625,0.0,0.0,480.989697265625,608.689697265625,6835.45484538805,390.4056396484375,30.0,785.9444140089429,0.0,1,P01_GAMMA06_M001_00_A02,P01_GAMMA06_M001_00,P01,M001,1256.40625,1510.75,254.34375,3.2307186289118874,6.0
E52_d1d4424e0dfaa7a0ce62d445,6.1120469020989106,12.872868339328704,6.1120469020989106,402.0751033963921,436.37951216917855,598.3237541560654,0.22773150601213982,0.009166666666666667,0.07771614583333335,0.31461431851213983,2.2453856814878606,0.9016830254649563,411.6529052734375,0.0,0.0,411.6529052734375,539.3529052734375,4487.428156170491,269.83203125,30.0,612.075103396392,0.0,1,P01_GAMMA06_M001_00_A02,P01_GAMMA06_M001_00,P01,M001,1256.40625,1510.75,254.34375,0.11204690209891055,6.0
E52_da1eeef61bb4fffd90feecd9,9.076253808869353,11.577048041656667,9.076253808869353,464.4321692173844,503.4661769891943,694.6602918039094,0.2635518155735283,0.009166666666666667,0.07771614583333335,0.3504346280735283,2.2095653719264723,0.8904891787270224,468.40809326171876,0.0,0.0,468.40809326171876,596.1080932617188,5209.952188529321,322.9142761230469,30.0,674.4321692173844,0.0,1,P01_GAMMA06_M001_00_A02,P01_GAMMA06_M001_00,P01,M001,1256.40625,1510.75,254.34375,3.076253808869353,6.0
E52_060143e4033ea7dfc142ce26,6.23446973686174,13.051384290227645,6.23446973686174,390.52156568077555,422.97629514244545,586.3147545915316,0.2219218246513189,0.009166666666666667,0.07771614583333335,0.3088046371513189,2.251195362848682,0.9034985508902128,389.4567535400391,0.0,0.0,389.4567535400391,517.1567535400391,4397.360659436487,293.1027526855469,30.0,600.5215656807756,0.0,1,P01_GAMMA06_M001_00_A03,P01_GAMMA06_M001_00,P01,M001,1510.75,1765.09375,254.34375,0.23446973686174033,6.0
E52_0f45fcab7c66cb90fa618929,6.225159710310805,12.721246579688795,6.225159710310805,427.8988653120833,469.21977900837237,607.8722484464322,0.23826781941132907,0.009166666666666667,0.07771614583333335,0.3251506319113291,2.234849368088671,0.8983904275277097,495.85096435546876,0.0,0.0,495.85096435546876,623.5509643554688,4559.041863348241,326.6978454589844,30.0,637.8988653120832,0.0,1,P01_GAMMA06_M001_00_A03,P01_GAMMA06_M001_00,P01,M001,1510.75,1765.09375,254.34375,0.2251597103108054,6.0
E52_0fa03b8d9ed736d48919c1b7,9.041566526676078,11.555158541579928,9.041566526676078,469.53189880990186,510.00510285042924,696.2245733766397,0.2655870342753843,0.009166666666666667,0.07771614583333335,0.35246984677538434,2.2075301532246163,0.8898531728826924,485.67844848632814,0.0,0.0,485.67844848632814,613.3784484863281,5221.684300324798,318.1667785644531,30.0,679.5318988099018,0.0,1,P01_GAMMA06_M001_00_A03,P01_GAMMA06_M001_00,P01,M001,1510.75,1765.09375,254.34375,3.0415665266760783,6.0
E52_12b142f00e8cb4e3948f96c2,6.158926941785182,12.991659521749298,6.158926941785182,402.5936730780369,438.4739485500421,589.9056933240425,0.22672373828986628,0.009166666666666667,0.07771614583333335,0.31360655078986627,2.2463934492101343,0.9019979528781668,430.5633056640625,0.0,0.0,430.5633056640625,558.2633056640625,4424.292699930319,284.7546081542969,30.0,612.5936730780369,0.0,1,P01_GAMMA06_M001_00_A03,P01_GAMMA06_M001_00,P01,M001,1510.75,1765.09375,254.34375,0.1589269417851824,6.0
E52_29c9aa5399273a7ee24bceb6,9.102344682225166,11.583777919859742,9.102344682225166,451.9321692173844,486.7995103225277,694.6602918039094,0.2591062855773863,0.009166666666666667,0.07771614583333335,0.3459890980773863,2.214010901922614,0.8918784068508168,418.40809326171876,0.0,0.0,418.40809326171876,546.1080932617188,5209.952188529321,322.9142761230469,30.0,661.9321692173844,0.0,1,P01_GAMMA06_M001_00_A03,P01_GAMMA06_M001_00,P01,M001,1510.75,1765.09375,254.34375,3.1023446822251657,6.0
E52_32cd7932ac3bc8f6e82bd016,6.395317050697628,12.531399030736651,6.395317050697628,433.33722088021847,474.19552115284216,621.5246401246948,0.24213542524196421,0.009166666666666667,0.07771614583333335,0.32901823774196426,2.230981762258036,0.8971818007056361,490.2996032714844,0.0,0.0,490.2996032714844,617.9996032714844,4661.434800935211,324.9372863769531,30.0,643.3372208802184,0.0,1,P01_GAMMA06_M001_00_A03,P01_GAMMA06_M001_00,P01,M001,1510.75,1765.09375,254.34375,0.3953170506976278,6.0
E52_3322673a66874be8fb5ff9e0,6.079752587594399,12.93559360833251,6.079752587594399,392.2739001975914,423.9757012433271,594.3369941207687,0.2236811646950203,0.009166666666666667,0.07771614583333335,0.3105639771950203,2.2494360228049803,0.9029487571265562,380.42161254882814,0.0,0.0,380.42161254882814,508.1216125488281,4457.527455905765,308.1216125488281,30.0,602.2739001975914,0.0,1,P01_GAMMA06_M001_00_A03,P01_GAMMA06_M001_00,P01,M001,1510.75,1765.09375,254.34375,0.07975258759439896,6.0
E52_4513f74e4ba51c209cccc792,15.42041688744844,9.790974506635663,9.790974506635663,548.6050089915749,589.1156759023821,854.1460165183059,0.3160741321008959,0.009166666666666667,0.07771614583333335,0.4029569446008959,2.1570430553991047,0.87407595481222,486.1280029296875,0.0,0.0,486.1280029296875,613.8280029296875,6406.095123887295,391.8226318359375,30.0,758.6050089915749,0.0,1,P01_GAMMA06_M001_00_A03,P01_GAMMA06_M001_00,P01,M001,1510.75,1765.09375,254.34375,3.7909745066356635,6.0
E52_67646c2afbeb5602853e5a9c,6.068421082484775,12.927232110573698,6.068421082484775,404.7739001975914,440.6423679099937,594.3369941207687,0.22812669469116229,0.009166666666666667,0.07771614583333335,0.3150095071911623,2.2449904928088382,0.9015595290027618,430.42161254882814,0.0,0.0,430.42161254882814,558.1216125488281,4457.527455905765,308.1216125488281,30.0,614.7739001975914,0.0,1,P01_GAMMA06_M001_00_A03,P01_GAMMA06_M001_00,P01,M001,1510.75,1765.09375,254.34375,0.0684210824847753,6.0
E52_b4122a9095172602242b40e3,6.054891773416557,12.917805218005896,6.054891773416557,417.2739001975914,457.30903457666045,594.3369941207687,0.23257222468730426,0.009166666666666667,0.07771614583333335,0.3194550371873043,2.240544962812696,0.9001703008789674,480.42161254882814,0.0,0.0,480.42161254882814,608.1216125488281,4457.527455905765,308.1216125488281,30.0,627.2739001975914,0.0,1,P01_GAMMA06_M001_00_A03,P01_GAMMA06_M001_00,P01,M001,1510.75,1765.09375,254.34375,0.054891773416557044,6.0
E52_b677873645e212a13901ede2,18.801552492476645,9.230718628911887,9.230718628911887,575.9444140089429,616.0268887810784,911.3939793850733,0.3339048259552679,0.009166666666666667,0.07771614583333335,0.4207876384552679,2.1392123615447325,0.8685038629827289,480.989697265625,0.0,0.0,480.989697265625,608.689697265625,6835.45484538805,390.4056396484375,30.0,785.9444140089429,0.0,1,P01_GAMMA06_M001_00_A03,P01_GAMMA06_M001_00,P01,M001,1510.75,1765.09375,254.34375,3.2307186289118874,6.0
E52_d1d4424e0dfaa7a0ce62d445,6.1120469020989106,12.872868339328704,6.1120469020989106,402.0751033963921,436.37951216917855,598.3237541560654,0.22773150601213982,0.009166666666666667,0.07771614583333335,0.31461431851213983,2.2453856814878606,0.9016830254649563,411.6529052734375,0.0,0.0,411.6529052734375,539.3529052734375,4487.428156170491,269.83203125,30.0,612.075103396392,0.0,1,P01_GAMMA06_M001_00_A03,P01_GAMMA06_M001_00,P01,M001,1510.75,1765.09375,254.34375,0.11204690209891055,6.0
E52_da1eeef61bb4fffd90feecd9,9.076253808869353,11.577048041656667,9.076253808869353,464.4321692173844,503.4661769891943,694.6602918039094,0.2635518155735283,0.009166666666666667,0.07771614583333335,0.3504346280735283,2.2095653719264723,0.8904891787270224,468.40809326171876,0.0,0.0,468.40809326171876,596.1080932617188,5209.952188529321,322.9142761230469,30.0,674.4321692173844,0.0,1,P01_GAMMA06_M001_00_A03,P01_GAMMA06_M001_00,P01,M001,1510.75,1765.09375,254.34375,3.076253808869353,6.0
E52_060143e4033ea7dfc142ce26,10.475689226088662,13.051384290227645,10.475689226088662,390.52156568077555,422.97629514244545,586.3147545915316,0.2219218246513189,0.009166666666666667,0.07771614583333335,0.3088046371513189,2.251195362848682,0.9034985508902128,389.4567535400391,0.0,0.0,389.4567535400391,517.1567535400391,4397.360659436487,293.1027526855469,30.0,600.5215656807756,0.0,1,P01_GAMMA06_M001_00_A04,P01_GAMMA06_M001_00,P01,M001,1765.09375,2019.4375,254.34375,4.475689226088662,6.0
E52_0f45fcab7c66cb90fa618929,10.197436798380679,12.721246579688795,10.197436798380679,427.8988653120833,469.21977900837237,607.8722484464322,0.23826781941132907,0.009166666666666667,0.07771614583333335,0.3251506319113291,2.234849368088671,0.8983904275277097,495.85096435546876,0.0,0.0,495.85096435546876,623.5509643554688,4559.041863348241,326.6978454589844,30.0,637.8988653120832,0.0,1,P01_GAMMA06_M001_00_A04,P01_GAMMA06_M001_00,P01,M001,1765.09375,2019.4375,254.34375,4.197436798380679,6.0
E52_0fa03b8d9ed736d48919c1b7,9.506055586303816,11.555158541579928,9.506055586303816,469.53189880990186,510.00510285042924,696.2245733766397,0.2655870342753843,0.009166666666666667,0.07771614583333335,0.35246984677538434,2.2075301532246163,0.8898531728826924,485.67844848632814,0.0,0.0,485.67844848632814,613.3784484863281,5221.684300324798,318.1667785644531,30.0,679.5318988099018,0.0,1,P01_GAMMA06_M001_00_A04,P01_GAMMA06_M001_00,P01,M001,1765.09375,2019.4375,254.34375,3.506055586303816,6.0
E52_12b142f00e8cb4e3948f96c2,10.27270751114726,12.991659521749298,10.27270751114726,402.5936730780369,438.4739485500421,589.9056933240425,0.22672373828986628,0.009166666666666667,0.07771614583333335,0.31360655078986627,2.2463934492101343,0.9019979528781668,430.5633056640625,0.0,0.0,430.5633056640625,558.2633056640625,4424.292699930319,284.7546081542969,30.0,612.5936730780369,0.0,1,P01_GAMMA06_M001_00_A04,P01_GAMMA06_M001_00,P01,M001,1765.09375,2019.4375,254.34375,4.27270751114726,6.0
E52_29c9aa5399273a7ee24bceb6,9.610511452873695,11.583777919859742,9.610511452873695,451.9321692173844,486.7995103225277,694.6602918039094,0.2591062855773863,0.009166666666666667,0.07771614583333335,0.3459890980773863,2.214010901922614,0.8918784068508168,418.40809326171876,0.0,0.0,418.40809326171876,546.1080932617188,5209.952188529321,322.9142761230469,30.0,661.9321692173844,0.0,1,P01_GAMMA06_M001_00_A04,P01_GAMMA06_M001_00,P01,M001,1765.09375,2019.4375,254.34375,3.610511452873695,6.0
E52_32cd7932ac3bc8f6e82bd016,10.372192403789981,12.531399030736651,10.372192403789981,433.33722088021847,474.19552115284216,621.5246401246948,0.24213542524196421,0.009166666666666667,0.07771614583333335,0.32901823774196426,2.230981762258036,0.8971818007056361,490.2996032714844,0.0,0.0,490.2996032714844,617.9996032714844,4661.434800935211,324.9372863769531,30.0,643.3372208802184,0.0,1,P01_GAMMA06_M001_00_A04,P01_GAMMA06_M001_00,P01,M001,1765.09375,2019.4375,254.34375,4.372192403789981,6.0
E52_3322673a66874be8fb5ff9e0,10.039401850532755,12.93559360833251,10.039401850532755,392.2739001975914,423.9757012433271,594.3369941207687,0.2236811646950203,0.009166666666666667,0.07771614583333335,0.3105639771950203,2.2494360228049803,0.9029487571265562,380.42161254882814,0.0,0.0,380.42161254882814,508.1216125488281,4457.527455905765,308.1216125488281,30.0,602.2739001975914,0.0,1,P01_GAMMA06_M001_00_A04,P01_GAMMA06_M001_00,P01,M001,1765.09375,2019.4375,254.34375,4.039401850532755,6.0
E52_357bbbd4dc4420221c875ea3,6.493104653351409,12.241245229232817,6.493104653351409,405.4327582223269,433.1514265878055,644.5535062517828,0.23547283792056264,0.009166666666666667,0.07771614583333335,0.32235565042056263,2.237644349579438,0.8992638592435742,332.6240203857422,0.0,0.0,332.6240203857422,460.3240203857422,4834.151296888371,255.67149353027344,30.0,615.4327582223269,0.0,1,P01_GAMMA06_M001_00_A04,P01_GAMMA06_M001_00,P01,M001,1765.09375,2019.4375,254.34375,0.4931046533514092,6.0
E52_67646c2afbeb5602853e5a9c,10.02596163706508,12.927232110573698,10.02596163706508,404.7739001975914,440.6423679099937,594.3369941207687,0.22812669469116229,0.009166666666666667,0.07771614583333335,0.3150095071911623,2.2449904928088382,0.9015595290027618,430.42161254882814,0.0,0.0,430.42161254882814,558.1216125488281,4457.527455905765,308.1216125488281,30.0,614.7739001975914,0.0,1,P01_GAMMA06_M001_00_A04,P01_GAMMA06_M001_00,P01,M001,1765.09375,2019.4375,254.34375,4.02596163706508,6.0
E52_924cec2d58c933358893a332,6.147515859338355,12.302862284422105,6.147515859338355,416.670444788364,448.9844576972996,639.4568121231148,0.23874762537865796,0.009166666666666667,0.07771614583333335,0.325630437878658,2.2343695621213424,0.8982404881629193,387.7681549072266,0.0,0.0,387.7681549072266,515.4681549072266,4795.926090923361,252.644287109375,30.0,626.670444788364,0.0,1,P01_GAMMA06_M001_00_A04,P01_GAMMA06_M001_00,P01,M001,1765.09375,2019.4375,254.34375,0.14751585933835543,6.0
E52_b4122a9095172602242b40e3,10.007027396331125,12.917805218005896,10.007027396331125,417.2739001975914,457.30903457666045,594.3369941207687,0.23257222468730426,0.009166666666666667,0.07771614583333335,0.3194550371873043,2.240544962812696,0.9001703008789674,480.42161254882814,0.0,0.0,480.42161254882814,608.1216125488281,4457.527455905765,308.1216125488281,30.0,627.2739001975914,0.0,1,P01_GAMMA06_M001_00_A04,P01_GAMMA06_M001_00,P01,M001,1765.09375,2019.4375,254.34375,4.007027396331125,6.0
E52_d1d4424e0dfaa7a0ce62d445,10.064774337204838,12.872868339328704,10.064774337204838,402.0751033963921,436.37951216917855,598.3237541560654,0.22773150601213982,0.009166666666666667,0.07771614583333335,0.31461431851213983,2.2453856814878606,0.9016830254649563,411.6529052734375,0.0,0.0,411.6529052734375,539.3529052734375,4487.428156170491,269.83203125,30.0,612.075103396392,0.0,1,P01_GAMMA06_M001_00_A04,P01_GAMMA06_M001_00,P01,M001,1765.09375,2019.4375,254.34375,4.064774337204838,6.0
E52_da1eeef61bb4fffd90feecd9,9.594509683738721,11.577048041656667,9.594509683738721,464.4321692173844,503.4661769891943,694.6602918039094,0.2635518155735283,0.009166666666666667,0.07771614583333335,0.3504346280735283,2.2095653719264723,0.8904891787270224,468.40809326171876,0.0,0.0,468.40809326171876,596.1080932617188,5209.952188529321,322.9142761230469,30.0,674.4321692173844,0.0,1,P01_GAMMA06_M001_00_A04,P01_GAMMA06_M001_00,P01,M001,1765.09375,2019.4375,254.34375,3.594509683738721,6.0
E52_eb490529b308e18523949520,6.489511709421137,12.235001379754962,6.489511709421137,417.9327582223269,449.8180932544721,644.5535062517828,0.23991836791670462,0.009166666666666667,0.07771614583333335,0.32680118041670464,2.2331988195832957,0.8978746311197798,382.6240203857422,0.0,0.0,382.6240203857422,510.3240203857422,4834.151296888371,255.67149353027344,30.0,627.9327582223269,0.0,1,P01_GAMMA06_M001_00_A04,P01_GAMMA06_M001_00,P01,M001,1765.09375,2019.4375,254.34375,0.4895117094211372,6.0
E52_0c9d91fc306062a18ada9948,6.6994788197632005,15.697900697510477,6.6994788197632005,331.42241999480143,370.2725110389095,429.7442937249544,0.1787296459836012,0.009166666666666667,0.06039019097222223,0.24828650362249008,2.3117134963775103,0.9224104676179719,466.2010925292969,0.0,0.0,466.2010925292969,593.9010925292969,3223.082202937158,326.7436828613281,30.0,541.4224199948014,0.0,1,P01_GAMMA06_M002_00_A00,P01_GAMMA06_M002_00,P01,M002,631.6875,829.328125,197.640625,0.6994788197632005,6.0
E52_231de36c6439da832299e30f,13.036095922456639,16.451156269229884,13.036095922456639,336.2639482811268,383.1573412254627,391.1675388962379,0.1749881335365896,0.009166666666666667,0.06039019097222223,0.24454499117547848,2.315455008824522,0.923579690257663,562.7207153320312,0.0,0.0,562.7207153320312,690.4207153320312,2933.7565417217843,390.42071533203125,30.0,546.2639482811268,0.0,1,P01_GAMMA06_M002_00_A00,P01_GAMMA06_M002_00,P01,M002,631.6875,829.328125,197.640625,7.036095922456639,6.0
E52_27bf01e9e990859ae5993708,6.99828513729183,15.932490639468014,6.99828513729183,318.6138217216496,355.0514931287134,418.60161500091635,0.17259630304263499,0.009166666666666667,0.06039019097222223,0.24215316068152387,2.317846839318477,0.9243271372870238,437.25205688476564,0.0,0.0,437.25205688476564,564.9520568847656,3139.5121125068727,326.2397766113281,30.0,528.6138217216496,0.0,1,P01_GAMMA06_M002_00_A00,P01_GAMMA06_M002_00,P01,M002,631.6875,829.328125,197.640625,0.9982851372918304,6.0
E52_27bf1882d0e1a812c8450c72,8.066473665446551,16.18675851321828,8.066473665446551,334.03154784809436,377.9609795090644,404.48650573036844,0.17608047258726683,0.009166666666666667,0.06039019097222223,0.24563733022615572,2.314362669773845,0.9232383343043263,527.1531799316406,0.0,0.0,527.1531799316406,654.8531799316406,3033.648792977763,359.1753845214844,30.0,544.0315478480943,0.0,1,P01_GAMMA06_M002_00_A00,P01_GAMMA06_M002_00,P01,M002,631.6875,829.328125,197.640625,2.0664736654465514,6.0
E52_27fdcb9bc2da20af468e67a1,6.2609655221280605,15.630401191469062,6.2609655221280605,333.5201066466774,372.5049327982074,433.1312563841751,0.1799553449394086,0.009166666666666667,0.06039019097222223,0.24951220257829748,2.310487797421703,0.922027436694282,467.8179138183594,0.0,0.0,467.8179138183594,595.5179138183594,3248.4844228813135,322.1230773925781,30.0,543.5201066466774,0.0,1,P01_GAMMA06_M002_00_A00,P01_GAMMA06_M002_00,P01,M002,631.6875,829.328125,197.640625,0.26096552212806046,6.0
E52_2d7a36258a59c18fc6a856bf,7.690788292609653,16.662039037059316,7.690788292609653,318.72117968179435,361.17160743651436,382.73979283526836,0.16755561647288383,0.009166666666666667,0.06039019097222223,0.23711247411177272,2.3228875258882278,0.9259023518400711,509.40513305664064,0.0,0.0,509.40513305664064,637.1051330566406,2870.5484462645127,346.4301452636719,30.0,528.7211796817944,0.0,1,P01_GAMMA06_M002_00_A00,P01_GAMMA06_M002_00,P01,M002,631.6875,829.328125,197.640625,1.6907882926096534,6.0
E52_3a94b6482baa2cfaba8a857d,7.8848799329461485,16.425448776817632,7.8848799329461485,326.01303055755295,369.111023518165,393.4381033514341,0.17166403726355467,0.009166666666666667,0.06039019097222223,0.24122089490244356,2.318779105097557,0.9246184703429864,517.1759155273437,0.0,0.0,517.1759155273437,644.8759155273438,2950.785775135756,352.4370422363281,30.0,536.013030557553,0.0,1,P01_GAMMA06_M002_00_A00,P01_GAMMA06_M002_00,P01,M002,631.6875,829.328125,197.640625,1.8848799329461485,6.0
E52_47db2d0d55c92154c779a4c9,8.896722853409045,16.45726286038159,8.896722853409045,312.62709924858126,351.3219092257948,393.08533863388124,0.16685347284684848,0.009166666666666667,0.06039019097222223,0.23641033048573737,2.3235896695142633,0.9261217717232071,464.3377197265625,0.0,0.0,464.3377197265625,592.0377197265625,2948.1400397541092,295.61395263671875,30.0,522.6270992485813,0.0,1,P01_GAMMA06_M002_00_A00,P01_GAMMA06_M002_00,P01,M002,631.6875,829.328125,197.640625,2.8967228534090452,6.0
E52_8ca7795ffa642a3b129c0a3d,6.684497330028165,15.730152054416479,6.684497330028165,330.94608252023,369.9122522589995,428.0951466078428,0.17832668261553564,0.009166666666666667,0.06039019097222223,0.24788354025442452,2.312116459745576,0.9225363936704923,467.5940368652344,0.0,0.0,467.5940368652344,595.2940368652344,3210.713599558821,335.390380859375,30.0,540.94608252023,0.0,1,P01_GAMMA06_M002_00_A00,P01_GAMMA06_M002_00,P01,M002,631.6875,829.328125,197.640625,0.6844973300281652,6.0
E52_8d375985c45fff9288668cb3,13.069614816291676,16.222123863058812,13.069614816291676,353.99602207193686,405.21742048909175,400.663653640944,0.182639281392285,0.009166666666666667,0.06039019097222223,0.2521961390311739,2.3078038609688267,0.9211887065527582,614.6567810058593,0.0,0.0,614.6567810058593,742.3567810058594,3004.97740230708,442.3567810058594,30.0,563.9960220719369,0.0,1,P01_GAMMA06_M002_00_A00,P01_GAMMA06_M002_00,P01,M002,631.6875,829.328125,197.640625,7.069614816291676,6.0
E52_b60e4d2a4cdcd5801a5d757f,7.223129744899083,16.480566458341656,7.223129744899083,308.26023760270465,345.626388522301,392.32356968783114,0.16519254750221457,0.009166666666666667,0.06039019097222223,0.23474940514110346,2.325250594858897,0.9266408108934052,448.39381103515626,0.0,0.0,448.39381103515626,576.0938110351562,2942.4267726587336,326.2397766113281,30.0,518.2602376027046,0.0,1,P01_GAMMA06_M002_00_A00,P01_GAMMA06_M002_00,P01,M002,631.6875,829.328125,197.640625,1.223129744899083,6.0
E52_c0294c7ff44d44fc4ede8d97,7.535124944898328,16.7256600789149,7.535124944898328,316.70783025924425,358.9570632507807,379.92026256926977,0.16644027302831577,0.009166666666666667,0.06039019097222223,0.23599713066720465,2.3240028693327957,0.9262508966664985,506.9907958984375,0.0,0.0,506.9907958984375,634.6907958984375,2849.4019692695233,334.6907958984375,30.0,526.7078302592442,0.0,1,P01_GAMMA06_M002_00_A00,P01_GAMMA06_M002_00,P01,M002,631.6875,829.328125,197.640625,1.5351249448983282,6.0
E52_d6d1511afdebb88632549a71,11.886122657551496,16.177909036830457,11.886122657551496,342.76879390848103,389.67749650450963,404.08537224079015,0.1791309979165653,0.009166666666666667,0.06039019097222223,0.2486878555554542,2.311312144444546,0.9222850451389206,562.9044311523437,0.0,0.0,562.9044311523437,690.6044311523438,3030.640291805926,390.60443115234375,30.0,552.768793908481,0.0,1,P01_GAMMA06_M002_00_A00,P01_GAMMA06_M002_00,P01,M002,631.6875,829.328125,197.640625,5.886122657551496,6.0
E52_dbec4f1422e98765afb262aa,8.357466068706529,16.38523852602286,8.357466068706529,322.5402116809159,364.1002534899979,395.72017250733956,0.1707521496628321,0.009166666666666667,0.06039019097222223,0.24030900730172097,2.3196909926982796,0.9249034352182122,498.7205017089844,0.0,0.0,498.7205017089844,626.4205017089844,2967.901293805047,326.4205017089844,30.0,532.540211680916,0.0,1,P01_GAMMA06_M002_00_A00,P01_GAMMA06_M002_00,P01,M002,631.6875,829.328125,197.640625,2.357466068706529,6.0
E52_de2c36302e014a6d0284c896,7.052722412956243,15.994052628622484,7.052722412956243,325.41177480357015,364.7238282296769,414.95122905049965,0.1744969638873427,0.009166666666666667,0.06039019097222223,0.2440538215262316,2.315946178473769,0.9237331807730527,471.74464111328126,0.0,0.0,471.74464111328126,599.4446411132812,3112.134217878747,325.15069580078125,30.0,535.4117748035701,0.0,1,P01_GAMMA06_M002_00_A00,P01_GAMMA06_M002_00,P01,M002,631.6875,829.328125,197.640625,1.0527224129562427,6.0
E52_f2fabdd802684ffd17ed2273,9.21796744906014,16.925225818485302,9.21796744906014,275.2104023505881,304.60508466259984,374.0527108291059,0.15085104647056902,0.009166666666666667,0.06039019097222223,0.2204079041094579,2.3395920958905427,0.9311225299657944,352.73618774414064,0.0,0.0,352.73618774414064,480.4361877441406,2805.395331218294,291.6474609375,30.0,485.2104023505881,0.0,1,P01_GAMMA06_M002_00_A00,P01_GAMMA06_M002_00,P01,M002,631.6875,829.328125,197.640625,3.21796744906014,6.0
E52_0c9d91fc306062a18ada9948,6.6994788197632005,15.697900697510477,6.6994788197632005,331.42241999480143,370.2725110389095,429.7442937249544,0.1787296459836012,0.009166666666666667,0.06039019097222223,0.24828650362249008,2.3117134963775103,0.9224104676179719,466.2010925292969,0.0,0.0,466.2010925292969,593.9010925292969,3223.082202937158,326.7436828613281,30.0,541.4224199948014,0.0,1,P01_GAMMA06_M002_00_A01,P01_GAMMA06_M002_00,P01,M002,829.328125,1026.96875,197.640625,0.6994788197632005,6.0
E52_231de36c6439da832299e30f,13.806749970052323,16.451156269229884,13.806749970052323,336.2639482811268,383.1573412254627,391.1675388962379,0.1749881335365896,0.009166666666666667,0.06039019097222223,0.24454499117547848,2.315455008824522,0.923579690257663,562.7207153320312,0.0,0.0,562.7207153320312,690.4207153320312,2933.7565417217843,390.42071533203125,30.0,546.2639482811268,0.0,1,P01_GAMMA06_M002_00_A01,P01_GAMMA06_M002_00,P01,M002,829.328125,1026.96875,197.640625,7.806749970052323,6.0
E52_27bf01e9e990859ae5993708,6.99828513729183,15.932490639468014,6.99828513729183,318.6138217216496,355.0514931287134,418.60161500091635,0.17259630304263499,0.009166666666666667,0.06039019097222223,0.24215316068152387,2.317846839318477,0.9243271372870238,437.25205688476564,0.0,0.0,437.25205688476564,564.9520568847656,3139.5121125068727,326.2397766113281,30.0,528.6138217216496,0.0,1,P01_GAMMA06_M002_00_A01,P01_GAMMA06_M002_00,P01,M002,829.328125,1026.96875,197.640625,0.9982851372918304,6.0
E52_27bf1882d0e1a812c8450c72,8.066473665446551,16.18675851321828,8.066473665446551,334.03154784809436,377.9609795090644,404.48650573036844,0.17608047258726683,0.009166666666666667,0.06039019097222223,0.24563733022615572,2.314362669773845,0.9232383343043263,527.1531799316406,0.0,0.0,527.1531799316406,654.8531799316406,3033.648792977763,359.1753845214844,30.0,544.0315478480943,0.0,1,P01_GAMMA06_M002_00_A01,P01_GAMMA06_M002_00,P01,M002,829.328125,1026.96875,197.640625,2.0664736654465514,6.0
E52_27fdcb9bc2da20af468e67a1,6.2609655221280605,15.630401191469062,6.2609655221280605,333.5201066466774,372.5049327982074,433.1312563841751,0.1799553449394086,0.009166666666666667,0.06039019097222223,0.24951220257829748,2.310487797421703,0.922027436694282,467.8179138183594,0.0,0.0,467.8179138183594,595.5179138183594,3248.4844228813135,322.1230773925781,30.0,543.5201066466774,0.0,1,P01_GAMMA06_M002_00_A01,P01_GAMMA06_M002_00,P01,M002,829.328125,1026.96875,197.640625,0.26096552212806046,6.0
E52_2d7a36258a59c18fc6a856bf,7.690788292609653,16.662039037059316,7.690788292609653,318.72117968179435,361.17160743651436,382.73979283526836,0.16755561647288383,0.009166666666666667,0.06039019097222223,0.23711247411177272,2.3228875258882278,0.9259023518400711,509.40513305664064,0.0,0.0,509.40513305664064,637.1051330566406,2870.5484462645127,346.4301452636719,30.0,528.7211796817944,0.0,1,P01_GAMMA06_M002_00_A01,P01_GAMMA06_M002_00,P01,M002,829.328125,1026.96875,197.640625,1.6907882926096534,6.0
E52_3a94b6482baa2cfaba8a857d,7.8848799329461485,16.425448776817632,7.8848799329461485,326.01303055755295,369.111023518165,393.4381033514341,0.17166403726355467,0.009166666666666667,0.06039019097222223,0.24122089490244356,2.318779105097557,0.9246184703429864,517.1759155273437,0.0,0.0,517.1759155273437,644.8759155273438,2950.785775135756,352.4370422363281,30.0,536.013030557553,0.0,1,P01_GAMMA06_M002_00_A01,P01_GAMMA06_M002_00,P01,M002,829.328125,1026.96875,197.640625,1.8848799329461485,6.0
E52_47db2d0d55c92154c779a4c9,8.896722853409045,16.45726286038159,8.896722853409045,312.62709924858126,351.3219092257948,393.08533863388124,0.16685347284684848,0.009166666666666667,0.06039019097222223,0.23641033048573737,2.3235896695142633,0.9261217717232071,464.3377197265625,0.0,0.0,464.3377197265625,592.0377197265625,2948.1400397541092,295.61395263671875,30.0,522.6270992485813,0.0,1,P01_GAMMA06_M002_00_A01,P01_GAMMA06_M002_00,P01,M002,829.328125,1026.96875,197.640625,2.8967228534090452,6.0
E52_8ca7795ffa642a3b129c0a3d,6.684497330028165,15.730152054416479,6.684497330028165,330.94608252023,369.9122522589995,428.0951466078428,0.17832668261553564,0.009166666666666667,0.06039019097222223,0.24788354025442452,2.312116459745576,0.9225363936704923,467.5940368652344,0.0,0.0,467.5940368652344,595.2940368652344,3210.713599558821,335.390380859375,30.0,540.94608252023,0.0,1,P01_GAMMA06_M002_00_A01,P01_GAMMA06_M002_00,P01,M002,829.328125,1026.96875,197.640625,0.6844973300281652,6.0
E52_8d375985c45fff9288668cb3,14.724655269496893,16.222123863058812,14.724655269496893,353.99602207193686,405.21742048909175,400.663653640944,0.182639281392285,0.009166666666666667,0.06039019097222223,0.2521961390311739,2.3078038609688267,0.9211887065527582,614.6567810058593,0.0,0.0,614.6567810058593,742.3567810058594,3004.97740230708,442.3567810058594,30.0,563.9960220719369,0.0,1,P01_GAMMA06_M002_00_A01,P01_GAMMA06_M002_00,P01,M002,829.328125,1026.96875,197.640625,8.724655269496893,6.0
E52_b60e4d2a4cdcd5801a5d757f,7.223129744899083,16.480566458341656,7.223129744899083,308.26023760270465,345.626388522301,392.32356968783114,0.16519254750221457,0.009166666666666667,0.06039019097222223,0.23474940514110346,2.325250594858897,0.9266408108934052,448.39381103515626,0.0,0.0,448.39381103515626,576.0938110351562,2942.4267726587336,326.2397766113281,30.0,518.2602376027046,0.0,1,P01_GAMMA06_M002_00_A01,P01_GAMMA06_M002_00,P01,M002,829.328125,1026.96875,197.640625,1.223129744899083,6.0
E52_c0294c7ff44d44fc4ede8d97,7.535124944898328,16.7256600789149,7.535124944898328,316.70783025924425,358.9570632507807,379.92026256926977,0.16644027302831577,0.009166666666666667,0.06039019097222223,0.23599713066720465,2.3240028693327957,0.9262508966664985,506.9907958984375,0.0,0.0,506.9907958984375,634.6907958984375,2849.4019692695233,334.6907958984375,30.0,526.7078302592442,0.0,1,P01_GAMMA06_M002_00_A01,P01_GAMMA06_M002_00,P01,M002,829.328125,1026.96875,197.640625,1.5351249448983282,6.0
E52_d6d1511afdebb88632549a71,12.446967507882746,16.177909036830457,12.446967507882746,342.76879390848103,389.67749650450963,404.08537224079015,0.1791309979165653,0.009166666666666667,0.06039019097222223,0.2486878555554542,2.311312144444546,0.9222850451389206,562.9044311523437,0.0,0.0,562.9044311523437,690.6044311523438,3030.640291805926,390.60443115234375,30.0,552.768793908481,0.0,1,P01_GAMMA06_M002_00_A01,P01_GAMMA06_M002_00,P01,M002,829.328125,1026.96875,197.640625,6.446967507882746,6.0
E52_dbec4f1422e98765afb262aa,8.357466068706529,16.38523852602286,8.357466068706529,322.5402116809159,364.1002534899979,395.72017250733956,0.1707521496628321,0.009166666666666667,0.06039019097222223,0.24030900730172097,2.3196909926982796,0.9249034352182122,498.7205017089844,0.0,0.0,498.7205017089844,626.4205017089844,2967.901293805047,326.4205017089844,30.0,532.540211680916,0.0,1,P01_GAMMA06_M002_00_A01,P01_GAMMA06_M002_00,P01,M002,829.328125,1026.96875,197.640625,2.357466068706529,6.0
E52_de2c36302e014a6d0284c896,7.052722412956243,15.994052628622484,7.052722412956243,325.41177480357015,364.7238282296769,414.95122905049965,0.1744969638873427,0.009166666666666667,0.06039019097222223,0.2440538215262316,2.315946178473769,0.9237331807730527,471.74464111328126,0.0,0.0,471.74464111328126,599.4446411132812,3112.134217878747,325.15069580078125,30.0,535.4117748035701,0.0,1,P01_GAMMA06_M002_00_A01,P01_GAMMA06_M002_00,P01,M002,829.328125,1026.96875,197.640625,1.0527224129562427,6.0
E52_f2fabdd802684ffd17ed2273,9.21796744906014,16.925225818485302,9.21796744906014,275.2104023505881,304.60508466259984,374.0527108291059,0.15085104647056902,0.009166666666666667,0.06039019097222223,0.2204079041094579,2.3395920958905427,0.9311225299657944,352.73618774414064,0.0,0.0,352.73618774414064,480.4361877441406,2805.395331218294,291.6474609375,30.0,485.2104023505881,0.0,1,P01_GAMMA06_M002_00_A01,P01_GAMMA06_M002_00,P01,M002,829.328125,1026.96875,197.640625,3.21796744906014,6.0
E52_06eb0baa948af7ff52881bcf,8.964167043301217,16.258674653736037,8.964167043301217,296.7597053393259,328.36499963050426,403.88764493158146,0.16274021246714285,0.009166666666666667,0.0023489583333333335,0.17425583746714285,2.3857441625328577,0.9455450507915178,379.26353149414064,0.0,0.0,379.26353149414064,506.9635314941406,3029.157336986861,306.9635314941406,30.0,506.7597053393259,0.0,1,P01_GAMMA06_M002_01_A00,P01_GAMMA06_M002_01,P01,M002,1039.6875,1047.375,7.6875,2.9641670433012166,6.0
E52_0c9d91fc306062a18ada9948,7.076970068042172,15.697900697510477,7.076970068042172,331.42241999480143,370.2725110389095,429.7442937249544,0.1787296459836012,0.009166666666666667,0.0023489583333333335,0.1902452709836012,2.369754729016399,0.9405483528176246,466.2010925292969,0.0,0.0,466.2010925292969,593.9010925292969,3223.082202937158,326.7436828613281,30.0,541.4224199948014,0.0,1,P01_GAMMA06_M002_01_A00,P01_GAMMA06_M002_01,P01,M002,1039.6875,1047.375,7.6875,1.076970068042172,6.0
E52_1eac4bbcd37cec5d48241661,7.374672009407931,6.04580255430777,6.04580255430777,275.66392246828667,298.30930922772677,415.4555243799327,0.1568759382441215,0.009166666666666667,0.0023489583333333335,0.1683915632441215,2.391608436755879,0.9473776364862121,271.74464111328126,0.0,0.0,271.74464111328126,399.44464111328125,3115.9164328494953,326.2397766113281,30.0,485.66392246828667,0.0,1,P01_GAMMA06_M002_01_A00,P01_GAMMA06_M002_01,P01,M002,1039.6875,1047.375,7.6875,0.04580255430776958,6.0
E52_231de36c6439da832299e30f,15.005159479059984,16.451156269229884,15.005159479059984,336.2639482811268,383.1573412254627,391.1675388962379,0.1749881335365896,0.009166666666666667,0.0023489583333333335,0.1865037585365896,2.373496241463411,0.9417175754573157,562.7207153320312,0.0,0.0,562.7207153320312,690.4207153320312,2933.7565417217843,390.42071533203125,30.0,546.2639482811268,0.0,1,P01_GAMMA06_M002_01_A00,P01_GAMMA06_M002_01,P01,M002,1039.6875,1047.375,7.6875,9.005159479059984,6.0
E52_246111a1ef063bec9e89ec9e,8.983575197582809,13.03223549741864,8.983575197582809,413.11352328410356,453.07003166626504,586.4879962752384,0.22998101771643822,0.009166666666666667,0.0023489583333333335,0.24149664271643823,2.3185033572835625,0.924532299151113,479.4781005859375,0.0,0.0,479.4781005859375,607.1781005859375,4398.659972064288,469.28277587890625,30.0,623.1135232841036,0.0,1,P01_GAMMA06_M002_01_A00,P01_GAMMA06_M002_01,P01,M002,1039.6875,1047.375,7.6875,2.983575197582809,6.0
E52_27bf01e9e990859ae5993708,7.376005735978794,15.932490639468014,7.376005735978794,318.6138217216496,355.0514931287134,418.60161500091635,0.17259630304263499,0.009166666666666667,0.0023489583333333335,0.184111928042635,2.3758880719573656,0.9424650224866765,437.25205688476564,0.0,0.0,437.25205688476564,564.9520568847656,3139.5121125068727,326.2397766113281,30.0,528.6138217216496,0.0,1,P01_GAMMA06_M002_01_A00,P01_GAMMA06_M002_01,P01,M002,1039.6875,1047.375,7.6875,1.3760057359787936,6.0
E52_27bf1882d0e1a812c8450c72,8.5400550447537,16.18675851321828,8.5400550447537,334.03154784809436,377.9609795090644,404.48650573036844,0.17608047258726683,0.009166666666666667,0.0023489583333333335,0.18759609758726684,2.3724039024127337,0.9413762195039791,527.1531799316406,0.0,0.0,527.1531799316406,654.8531799316406,3033.648792977763,359.1753845214844,30.0,544.0315478480943,0.0,1,P01_GAMMA06_M002_01_A00,P01_GAMMA06_M002_01,P01,M002,1039.6875,1047.375,7.6875,2.5400550447537,6.0
E52_27fdcb9bc2da20af468e67a1,6.6128705631240905,15.630401191469062,6.6128705631240905,333.5201066466774,372.5049327982074,433.1312563841751,0.1799553449394086,0.009166666666666667,0.0023489583333333335,0.1914709699394086,2.368529030060592,0.9401653218939348,467.8179138183594,0.0,0.0,467.8179138183594,595.5179138183594,3248.4844228813135,322.1230773925781,30.0,543.5201066466774,0.0,1,P01_GAMMA06_M002_01_A00,P01_GAMMA06_M002_01,P01,M002,1039.6875,1047.375,7.6875,0.6128705631240905,6.0
E52_2d7a36258a59c18fc6a856bf,8.102244725517295,16.662039037059316,8.102244725517295,318.72117968179435,361.17160743651436,382.73979283526836,0.16755561647288383,0.009166666666666667,0.0023489583333333335,0.17907124147288384,2.3809287585271166,0.9440402370397238,509.40513305664064,0.0,0.0,509.40513305664064,637.1051330566406,2870.5484462645127,346.4301452636719,30.0,528.7211796817944,0.0,1,P01_GAMMA06_M002_01_A00,P01_GAMMA06_M002_01,P01,M002,1039.6875,1047.375,7.6875,2.102244725517295,6.0
E52_326bd9096774308657b14836,7.903861133609908,6.820761438549596,6.820761438549596,254.20783025924425,275.6237299174474,379.92026256926977,0.1442126230476059,0.009166666666666667,0.0023489583333333335,0.1557282480476059,2.4042717519523946,0.9513349224851232,256.9907958984375,0.0,0.0,256.9907958984375,384.6907958984375,2849.4019692695233,334.6907958984375,30.0,464.20783025924425,0.0,1,P01_GAMMA06_M002_01_A00,P01_GAMMA06_M002_01,P01,M002,1039.6875,1047.375,7.6875,0.8207614385495958,6.0
E52_3a94b6482baa2cfaba8a857d,8.32659195132021,16.425448776817632,8.32659195132021,326.01303055755295,369.111023518165,393.4381033514341,0.17166403726355467,0.009166666666666667,0.0023489583333333335,0.18317966226355467,2.376820337736446,0.9427563555426391,517.1759155273437,0.0,0.0,517.1759155273437,644.8759155273438,2950.785775135756,352.4370422363281,30.0,536.013030557553,0.0,1,P01_GAMMA06_M002_01_A00,P01_GAMMA06_M002_01,P01,M002,1039.6875,1047.375,7.6875,2.3265919513202107,6.0
E52_437c6a333219b14c3939f26c,7.382550861448252,6.0194831627628105,6.0194831627628105,277.09771274073506,296.211315442558,417.14117438283733,0.1570562493971614,0.009166666666666667,0.0023489583333333335,0.1685718743971614,2.391428125602839,0.9473212892508871,248.53977661132814,19.176544189453125,19.176544189453125,248.53977661132814,376.2397766113281,3128.55880787128,326.2397766113281,30.0,487.09771274073506,0.0,1,P01_GAMMA06_M002_01_A00,P01_GAMMA06_M002_01,P01,M002,1039.6875,1047.375,7.6875,0.01948316276281048,6.0
E52_47db2d0d55c92154c779a4c9,9.392662760855558,16.45726286038159,9.392662760855558,312.62709924858126,351.3219092257948,393.08533863388124,0.16685347284684848,0.009166666666666667,0.0023489583333333335,0.17836909784684848,2.381630902153152,0.9442596569228598,464.3377197265625,0.0,0.0,464.3377197265625,592.0377197265625,2948.1400397541092,295.61395263671875,30.0,522.6270992485813,0.0,1,P01_GAMMA06_M002_01_A00,P01_GAMMA06_M002_01,P01,M002,1039.6875,1047.375,7.6875,3.3926627608555577,6.0
E52_6aa461eda22a4c53e6730e81,7.998424802179883,6.478254834226846,6.478254834226846,265.8104536255181,288.3542041341444,395.1560268799425,0.15046620221455187,0.009166666666666667,0.0023489583333333335,0.16198182721455187,2.3980181727854486,0.9493806789954525,271.555615234375,1.030609130859375,1.030609130859375,271.555615234375,399.255615234375,2963.670201599569,349.255615234375,30.0,475.8104536255181,0.0,1,P01_GAMMA06_M002_01_A00,P01_GAMMA06_M002_01,P01,M002,1039.6875,1047.375,7.6875,0.47825483422684556,6.0
E52_6dc095df8eb6475486134b5c,8.539960613425578,12.905188948092743,8.539960613425578,424.06014837873875,466.2734748964797,594.8403376510322,0.23505698741925235,0.009166666666666667,0.0023489583333333335,0.24657261241925235,2.3134273875807483,0.9229460586189836,506.55991821289064,0.0,0.0,506.55991821289064,634.2599182128906,4461.302532382741,440.2059631347656,30.0,634.0601483787387,0.0,1,P01_GAMMA06_M002_01_A00,P01_GAMMA06_M002_01,P01,M002,1039.6875,1047.375,7.6875,2.5399606134255777,6.0
E52_74b3fb0a4920873efc33101b,9.355052271082386,6.525083879148042,6.525083879148042,262.62709924858126,284.6552425591281,393.08533863388124,0.14907135286228057,0.009166666666666667,0.0023489583333333335,0.16058697786228057,2.39941302213772,0.9498165694180374,264.3377197265625,0.0,0.0,264.3377197265625,392.0377197265625,2948.1400397541092,295.61395263671875,30.0,472.62709924858126,0.0,1,P01_GAMMA06_M002_01_A00,P01_GAMMA06_M002_01,P01,M002,1039.6875,1047.375,7.6875,0.5250838791480419,6.0
E52_8ca7795ffa642a3b129c0a3d,7.059871809152497,15.730152054416479,7.059871809152497,330.94608252023,369.9122522589995,428.0951466078428,0.17832668261553564,0.009166666666666667,0.0023489583333333335,0.18984230761553564,2.3701576923844647,0.9406742788701451,467.5940368652344,0.0,0.0,467.5940368652344,595.2940368652344,3210.713599558821,335.390380859375,30.0,540.94608252023,0.0,1,P01_GAMMA06_M002_01_A00,P01_GAMMA06_M002_01,P01,M002,1039.6875,1047.375,7.6875,1.0598718091524972,6.0
E52_8d375985c45fff9288668cb3,16.280103448250443,16.222123863058812,16.222123863058812,353.99602207193686,405.21742048909175,400.663653640944,0.182639281392285,0.009166666666666667,0.0023489583333333335,0.194154906392285,2.3658450936077156,0.939326591752411,614.6567810058593,0.0,0.0,614.6567810058593,742.3567810058594,3004.97740230708,442.3567810058594,30.0,563.9960220719369,0.0,1,P01_GAMMA06_M002_01_A00,P01_GAMMA06_M002_01,P01,M002,1039.6875,1047.375,7.6875,10.222123863058812,6.0
E52_9026ce0d2a5dd9a75ef73c8e,9.187696072190846,6.720084116703532,6.720084116703532,248.61637070099954,267.37077642202814,384.70630707582717,0.14290187810434732,0.009166666666666667,0.0023489583333333335,0.15441750310434732,2.4055824968956534,0.9517445302798915,225.05286865234376,0.0,0.0,225.05286865234376,352.75286865234375,2885.297303068704,302.75286865234375,30.0,458.61637070099954,0.0,1,P01_GAMMA06_M002_01_A00,P01_GAMMA06_M002_01,P01,M002,1039.6875,1047.375,7.6875,0.7200841167035321,6.0
E52_afb1e3673ff3adbe9c45b8fc,9.615578117164375,6.956106286850726,6.956106286850726,250.21040235058808,271.27175132926646,374.0527108291059,0.1419599864782851,0.009166666666666667,0.0023489583333333335,0.1534756114782851,2.4065243885217154,0.9520388714130359,252.73618774414064,0.0,0.0,252.73618774414064,380.4361877441406,2805.395331218294,291.6474609375,30.0,460.2104023505881,0.0,1,P01_GAMMA06_M002_01_A00,P01_GAMMA06_M002_01,P01,M002,1039.6875,1047.375,7.6875,0.9561062868507264,6.0
E52_b60e4d2a4cdcd5801a5d757f,7.591960678833772,16.480566458341656,7.591960678833772,308.26023760270465,345.626388522301,392.32356968783114,0.16519254750221457,0.009166666666666667,0.0023489583333333335,0.17670817250221457,2.383291827497786,0.944778696093058,448.39381103515626,0.0,0.0,448.39381103515626,576.0938110351562,2942.4267726587336,326.2397766113281,30.0,518.2602376027046,0.0,1,P01_GAMMA06_M002_01_A00,P01_GAMMA06_M002_01,P01,M002,1039.6875,1047.375,7.6875,1.5919606788337717,6.0
E52_c0294c7ff44d44fc4ede8d97,7.931445073748691,16.7256600789149,7.931445073748691,316.70783025924425,358.9570632507807,379.92026256926977,0.16644027302831577,0.009166666666666667,0.0023489583333333335,0.17795589802831577,2.382044101971685,0.9443887818661514,506.9907958984375,0.0,0.0,506.9907958984375,634.6907958984375,2849.4019692695233,334.6907958984375,30.0,526.7078302592442,0.0,1,P01_GAMMA06_M002_01_A00,P01_GAMMA06_M002_01,P01,M002,1039.6875,1047.375,7.6875,1.9314450737486908,6.0
E52_d22cbe82615c6d2ee0ebf49f,7.1019907640014,15.758568264926964,7.1019907640014,318.17309843891866,352.9726015110215,427.5491784452201,0.1737067461230003,0.009166666666666667,0.0023489583333333335,0.1852223711230003,2.374777628877,0.9421180090240624,417.5940368652344,0.0,0.0,417.5940368652344,545.2940368652344,3206.618838339151,335.390380859375,30.0,528.1730984389187,0.0,1,P01_GAMMA06_M002_01_A00,P01_GAMMA06_M002_01,P01,M002,1039.6875,1047.375,7.6875,1.1019907640013997,6.0
E52_d6d1511afdebb88632549a71,13.453615829958565,16.177909036830457,13.453615829958565,342.76879390848103,389.67749650450963,404.08537224079015,0.1791309979165653,0.009166666666666667,0.0023489583333333335,0.1906466229165653,2.369353377083435,0.9404229303385734,562.9044311523437,0.0,0.0,562.9044311523437,690.6044311523438,3030.640291805926,390.60443115234375,30.0,552.768793908481,0.0,1,P01_GAMMA06_M002_01_A00,P01_GAMMA06_M002_01,P01,M002,1039.6875,1047.375,7.6875,7.453615829958565,6.0
E52_dbec4f1422e98765afb262aa,8.83079079719343,16.38523852602286,8.83079079719343,322.5402116809159,364.1002534899979,395.72017250733956,0.1707521496628321,0.009166666666666667,0.0023489583333333335,0.1822677746628321,2.3777322253371684,0.9430413204178649,498.7205017089844,0.0,0.0,498.7205017089844,626.4205017089844,2967.901293805047,326.4205017089844,30.0,532.540211680916,0.0,1,P01_GAMMA06_M002_01_A00,P01_GAMMA06_M002_01,P01,M002,1039.6875,1047.375,7.6875,2.83079079719343,6.0
E52_de2c36302e014a6d0284c896,7.441769817371693,15.994052628622484,7.441769817371693,325.41177480357015,364.7238282296769,414.95122905049965,0.1744969638873427,0.009166666666666667,0.0023489583333333335,0.1860125888873427,2.3739874111126578,0.9418710659727054,471.74464111328126,0.0,0.0,471.74464111328126,599.4446411132812,3112.134217878747,325.15069580078125,30.0,535.4117748035701,0.0,1,P01_GAMMA06_M002_01_A00,P01_GAMMA06_M002_01,P01,M002,1039.6875,1047.375,7.6875,1.4417698173716929,6.0
E52_e0cd6bab1a22c4530d9a254c,8.793423872788125,6.471069764274475,6.471069764274475,260.0402116809159,280.7669201566646,395.72017250733956,0.14852449968212222,0.009166666666666667,0.0023489583333333335,0.16004012468212223,2.399959875317878,0.9499874610368368,248.7205017089844,0.0,0.0,248.7205017089844,376.4205017089844,2967.901293805047,326.4205017089844,30.0,470.0402116809159,0.0,1,P01_GAMMA06_M002_01_A00,P01_GAMMA06_M002_01,P01,M002,1039.6875,1047.375,7.6875,0.4710697642744748,6.0
E52_ea76d341ab82f2ebc1fa1efe,7.419537982727434,6.056283714240493,6.056283714240493,275.41177480357015,298.05716156301025,414.95122905049965,0.15671484390277482,0.009166666666666667,0.0023489583333333335,0.16823046890277482,2.391769531097226,0.9474279784678828,271.74464111328126,0.0,0.0,271.74464111328126,399.44464111328125,3112.134217878747,325.15069580078125,30.0,485.41177480357015,0.0,1,P01_GAMMA06_M002_01_A00,P01_GAMMA06_M002_01,P01,M002,1039.6875,1047.375,7.6875,0.056283714240493055,6.0
E52_f2fabdd802684ffd17ed2273,9.648036978076988,16.925225818485302,9.648036978076988,275.2104023505881,304.60508466259984,374.0527108291059,0.15085104647056902,0.009166666666666667,0.0023489583333333335,0.16236667147056902,2.3976333285294316,0.9492604151654472,352.73618774414064,0.0,0.0,352.73618774414064,480.4361877441406,2805.395331218294,291.6474609375,30.0,485.2104023505881,0.0,1,P01_GAMMA06_M002_01_A00,P01_GAMMA06_M002_01,P01,M002,1039.6875,1047.375,7.6875,3.6480369780769877,6.0
E52_0c9d91fc306062a18ada9948,9.462766521059024,15.697900697510477,9.462766521059024,331.42241999480143,370.2725110389095,429.7442937249544,0.1787296459836012,0.009166666666666667,0.004497395833333333,0.19239370848360118,2.3676062915163993,0.9398769660988746,466.2010925292969,0.0,0.0,466.2010925292969,593.9010925292969,3223.082202937158,326.7436828613281,30.0,541.4224199948014,0.0,1,P01_GAMMA06_M002_02_A00,P01_GAMMA06_M002_02,P01,M002,1131.59375,1146.3125,14.71875,3.4627665210590237,6.0
E52_214ce9a3b3bd3fa9c582335a,8.210033666905133,15.138353346483314,8.210033666905133,331.46735474952504,365.31699057309277,459.8368945576438,0.1830074384559416,0.009166666666666667,0.004497395833333333,0.1966715009559416,2.363328499044059,0.9385401559512683,406.1956298828125,0.0,0.0,406.1956298828125,533.8956298828125,3448.7767091823284,283.8956298828125,30.0,541.467354749525,0.0,1,P01_GAMMA06_M002_02_A00,P01_GAMMA06_M002_02,P01,M002,1131.59375,1146.3125,14.71875,2.210033666905133,6.0
E52_231de36c6439da832299e30f,16.976059304372825,16.451156269229884,16.451156269229884,336.2639482811268,383.1573412254627,391.1675388962379,0.1749881335365896,0.009166666666666667,0.004497395833333333,0.1886521960365896,2.371347803963411,0.9410461887385657,562.7207153320312,0.0,0.0,562.7207153320312,690.4207153320312,2933.7565417217843,390.42071533203125,30.0,546.2639482811268,0.0,1,P01_GAMMA06_M002_02_A00,P01_GAMMA06_M002_02,P01,M002,1131.59375,1146.3125,14.71875,10.451156269229884,6.0
E52_246111a1ef063bec9e89ec9e,14.90779386428514,13.03223549741864,13.03223549741864,413.11352328410356,453.07003166626504,586.4879962752384,0.22998101771643822,0.009166666666666667,0.004497395833333333,0.24364508021643821,2.3163549197835622,0.9238609124323631,479.4781005859375,0.0,0.0,479.4781005859375,607.1781005859375,4398.659972064288,469.28277587890625,30.0,623.1135232841036,0.0,1,P01_GAMMA06_M002_02_A00,P01_GAMMA06_M002_02,P01,M002,1131.59375,1146.3125,14.71875,7.03223549741864,6.0
E52_27bf01e9e990859ae5993708,9.753037579494787,15.932490639468014,9.753037579494787,318.6138217216496,355.0514931287134,418.60161500091635,0.17259630304263499,0.009166666666666667,0.004497395833333333,0.18626036554263498,2.3737396344573654,0.9417936357679266,437.25205688476564,0.0,0.0,437.25205688476564,564.9520568847656,3139.5121125068727,326.2397766113281,30.0,528.6138217216496,0.0,1,P01_GAMMA06_M002_02_A00,P01_GAMMA06_M002_02,P01,M002,1131.59375,1146.3125,14.71875,3.7530375794947872,6.0
E52_27bf1882d0e1a812c8450c72,11.19379197713468,16.18675851321828,11.19379197713468,334.03154784809436,377.9609795090644,404.48650573036844,0.17608047258726683,0.009166666666666667,0.004497395833333333,0.18974453508726682,2.370255464912734,0.9407048327852291,527.1531799316406,0.0,0.0,527.1531799316406,654.8531799316406,3033.648792977763,359.1753845214844,30.0,544.0315478480943,0.0,1,P01_GAMMA06_M002_02_A00,P01_GAMMA06_M002_02,P01,M002,1131.59375,1146.3125,14.71875,5.19379197713468,6.0
E52_27fdcb9bc2da20af468e67a1,8.830690301158853,15.630401191469062,8.830690301158853,333.5201066466774,372.5049327982074,433.1312563841751,0.1799553449394086,0.009166666666666667,0.004497395833333333,0.1936194074394086,2.366380592560592,0.9394939351751849,467.8179138183594,0.0,0.0,467.8179138183594,595.5179138183594,3248.4844228813135,322.1230773925781,30.0,543.5201066466774,0.0,1,P01_GAMMA06_M002_02_A00,P01_GAMMA06_M002_02,P01,M002,1131.59375,1146.3125,14.71875,2.830690301158853,6.0
E52_2d7a36258a59c18fc6a856bf,10.246355533600934,16.662039037059316,10.246355533600934,318.72117968179435,361.17160743651436,382.73979283526836,0.16755561647288383,0.009166666666666667,0.004497395833333333,0.18121967897288382,2.378780321027117,0.9433688503209738,509.40513305664064,0.0,0.0,509.40513305664064,637.1051330566406,2870.5484462645127,346.4301452636719,30.0,528.7211796817944,0.0,1,P01_GAMMA06_M002_02_A00,P01_GAMMA06_M002_02,P01,M002,1131.59375,1146.3125,14.71875,4.2463555336009335,6.0
E52_347c51b45a583dd4c5a4aad0,7.564333290577025,10.359339260709504,7.564333290577025,545.8106765870443,594.6474365357748,798.6007934817058,0.3072138543106079,0.009166666666666667,0.004497395833333333,0.32087791681060784,2.2391220831893928,0.8997256509966851,586.0411193847656,0.0,0.0,586.0411193847656,713.7411193847656,5989.505951112793,425.30462646484375,30.0,755.8106765870443,0.0,1,P01_GAMMA06_M002_02_A00,P01_GAMMA06_M002_02,P01,M002,1131.59375,1146.3125,14.71875,1.564333290577025,6.0
E52_3a94b6482baa2cfaba8a857d,10.713253398735688,16.425448776817632,10.713253398735688,326.01303055755295,369.111023518165,393.4381033514341,0.17166403726355467,0.009166666666666667,0.004497395833333333,0.18532809976355466,2.374671900236446,0.9420849688238891,517.1759155273437,0.0,0.0,517.1759155273437,644.8759155273438,2950.785775135756,352.4370422363281,30.0,536.013030557553,0.0,1,P01_GAMMA06_M002_02_A00,P01_GAMMA06_M002_02,P01,M002,1131.59375,1146.3125,14.71875,4.713253398735688,6.0
E52_47db2d0d55c92154c779a4c9,12.150449846217299,16.45726286038159,12.150449846217299,312.62709924858126,351.3219092257948,393.08533863388124,0.16685347284684848,0.009166666666666667,0.004497395833333333,0.18051753534684847,2.379482464653152,0.9435882702041098,464.3377197265625,0.0,0.0,464.3377197265625,592.0377197265625,2948.1400397541092,295.61395263671875,30.0,522.6270992485813,0.0,1,P01_GAMMA06_M002_02_A00,P01_GAMMA06_M002_02,P01,M002,1131.59375,1146.3125,14.71875,6.150449846217299,6.0
E52_6dc095df8eb6475486134b5c,14.043376956693507,12.905188948092743,12.905188948092743,424.06014837873875,466.2734748964797,594.8403376510322,0.23505698741925235,0.009166666666666667,0.004497395833333333,0.24872104991925234,2.311278950080748,0.9222746719002336,506.55991821289064,0.0,0.0,506.55991821289064,634.2599182128906,4461.302532382741,440.2059631347656,30.0,634.0601483787387,0.0,1,P01_GAMMA06_M002_02_A00,P01_GAMMA06_M002_02,P01,M002,1131.59375,1146.3125,14.71875,6.905188948092743,6.0
E52_8ca7795ffa642a3b129c0a3d,9.417900809184559,15.730152054416479,9.417900809184559,330.94608252023,369.9122522589995,428.0951466078428,0.17832668261553564,0.009166666666666667,0.004497395833333333,0.19199074511553563,2.368009254884465,0.9400028921513951,467.5940368652344,0.0,0.0,467.5940368652344,595.2940368652344,3210.713599558821,335.390380859375,30.0,540.94608252023,0.0,1,P01_GAMMA06_M002_02_A00,P01_GAMMA06_M002_02,P01,M002,1131.59375,1146.3125,14.71875,3.417900809184559,6.0
E52_8d375985c45fff9288668cb3,17.591975423766655,16.222123863058812,16.222123863058812,353.99602207193686,405.21742048909175,400.663653640944,0.182639281392285,0.009166666666666667,0.004497395833333333,0.196303343892285,2.3636966561077157,0.938655205033661,614.6567810058593,0.0,0.0,614.6567810058593,742.3567810058594,3004.97740230708,442.3567810058594,30.0,563.9960220719369,0.0,1,P01_GAMMA06_M002_02_A00,P01_GAMMA06_M002_02,P01,M002,1131.59375,1146.3125,14.71875,10.222123863058812,6.0
E52_b60e4d2a4cdcd5801a5d757f,9.70421999033357,16.480566458341656,9.70421999033357,308.26023760270465,345.626388522301,392.32356968783114,0.16519254750221457,0.009166666666666667,0.004497395833333333,0.17885661000221456,2.381143389997786,0.944107309374308,448.39381103515626,0.0,0.0,448.39381103515626,576.0938110351562,2942.4267726587336,326.2397766113281,30.0,518.2602376027046,0.0,1,P01_GAMMA06_M002_02_A00,P01_GAMMA06_M002_02,P01,M002,1131.59375,1146.3125,14.71875,3.70421999033357,6.0
E52_c0294c7ff44d44fc4ede8d97,9.981214523186011,16.7256600789149,9.981214523186011,316.70783025924425,358.9570632507807,379.92026256926977,0.16644027302831577,0.009166666666666667,0.004497395833333333,0.18010433552831576,2.3798956644716847,0.9437173951474014,506.9907958984375,0.0,0.0,506.9907958984375,634.6907958984375,2849.4019692695233,334.6907958984375,30.0,526.7078302592442,0.0,1,P01_GAMMA06_M002_02_A00,P01_GAMMA06_M002_02,P01,M002,1131.59375,1146.3125,14.71875,3.9812145231860114,6.0
E52_d22cbe82615c6d2ee0ebf49f,9.471860459741961,15.758568264926964,9.471860459741961,318.17309843891866,352.9726015110215,427.5491784452201,0.1737067461230003,0.009166666666666667,0.004497395833333333,0.1873708086230003,2.3726291913770003,0.9414466223053124,417.5940368652344,0.0,0.0,417.5940368652344,545.2940368652344,3206.618838339151,335.390380859375,30.0,528.1730984389187,0.0,1,P01_GAMMA06_M002_02_A00,P01_GAMMA06_M002_02,P01,M002,1131.59375,1146.3125,14.71875,3.4718604597419613,6.0
E52_d6d1511afdebb88632549a71,17.3053937906529,16.177909036830457,16.177909036830457,342.76879390848103,389.67749650450963,404.08537224079015,0.1791309979165653,0.009166666666666667,0.004497395833333333,0.1927950604165653,2.367204939583435,0.9397515436198234,562.9044311523437,0.0,0.0,562.9044311523437,690.6044311523438,3030.640291805926,390.60443115234375,30.0,552.768793908481,0.0,1,P01_GAMMA06_M002_02_A00,P01_GAMMA06_M002_02,P01,M002,1131.59375,1146.3125,14.71875,10.177909036830457,6.0
E52_dbec4f1422e98765afb262aa,11.43990872481676,16.38523852602286,11.43990872481676,322.5402116809159,364.1002534899979,395.72017250733956,0.1707521496628321,0.009166666666666667,0.004497395833333333,0.18441621216283208,2.3755837878371686,0.9423699336991149,498.7205017089844,0.0,0.0,498.7205017089844,626.4205017089844,2967.901293805047,326.4205017089844,30.0,532.540211680916,0.0,1,P01_GAMMA06_M002_02_A00,P01_GAMMA06_M002_02,P01,M002,1131.59375,1146.3125,14.71875,5.43990872481676,6.0
E52_de2c36302e014a6d0284c896,9.79882746678416,15.994052628622484,9.79882746678416,325.41177480357015,364.7238282296769,414.95122905049965,0.1744969638873427,0.009166666666666667,0.004497395833333333,0.1881610263873427,2.371838973612658,0.9411996792539554,471.74464111328126,0.0,0.0,471.74464111328126,599.4446411132812,3112.134217878747,325.15069580078125,30.0,535.4117748035701,0.0,1,P01_GAMMA06_M002_02_A00,P01_GAMMA06_M002_02,P01,M002,1131.59375,1146.3125,14.71875,3.798827466784161,6.0
E52_231de36c6439da832299e30f,11.482987695838744,16.451156269229884,11.482987695838744,336.2639482811268,383.1573412254627,391.1675388962379,0.1749881335365896,0.009166666666666667,0.01921180555555556,0.20336660575881182,2.3566333942411886,0.9364479357003713,562.7207153320312,0.0,0.0,562.7207153320312,690.4207153320312,2933.7565417217843,390.42071533203125,30.0,546.2639482811268,0.0,1,P01_GAMMA06_M002_03_A00,P01_GAMMA06_M002_03,P01,M002,1169.03125,1231.90625,62.875,5.4829876958387445,6.0
E52_246111a1ef063bec9e89ec9e,19.311306286613544,13.03223549741864,13.03223549741864,413.11352328410356,453.07003166626504,586.4879962752384,0.22998101771643822,0.009166666666666667,0.01921180555555556,0.2583594899386604,2.30164051006134,0.9192626593941686,479.4781005859375,0.0,0.0,479.4781005859375,607.1781005859375,4398.659972064288,469.28277587890625,30.0,623.1135232841036,0.0,1,P01_GAMMA06_M002_03_A00,P01_GAMMA06_M002_03,P01,M002,1169.03125,1231.90625,62.875,7.03223549741864,6.0
E52_27bf1882d0e1a812c8450c72,11.14955832233025,16.18675851321828,11.14955832233025,334.03154784809436,377.9609795090644,404.48650573036844,0.17608047258726683,0.009166666666666667,0.01921180555555556,0.20445894480948906,2.3555410551905114,0.9361065797470347,527.1531799316406,0.0,0.0,527.1531799316406,654.8531799316406,3033.648792977763,359.1753845214844,30.0,544.0315478480943,0.0,1,P01_GAMMA06_M002_03_A00,P01_GAMMA06_M002_03,P01,M002,1169.03125,1231.90625,62.875,5.14955832233025,6.0
E52_2d7a36258a59c18fc6a856bf,10.031666191419745,16.662039037059316,10.031666191419745,318.72117968179435,361.17160743651436,382.73979283526836,0.16755561647288383,0.009166666666666667,0.01921180555555556,0.19593408869510603,2.3640659113048943,0.9387705972827793,509.40513305664064,0.0,0.0,509.40513305664064,637.1051330566406,2870.5484462645127,346.4301452636719,30.0,528.7211796817944,0.0,1,P01_GAMMA06_M002_03_A00,P01_GAMMA06_M002_03,P01,M002,1169.03125,1231.90625,62.875,4.031666191419745,6.0
E52_347c51b45a583dd4c5a4aad0,9.093293272209536,10.359339260709504,9.093293272209536,545.8106765870443,594.6474365357748,798.6007934817058,0.3072138543106079,0.009166666666666667,0.01921180555555556,0.3355923265328301,2.2244076734671703,0.8951273979584906,586.0411193847656,0.0,0.0,586.0411193847656,713.7411193847656,5989.505951112793,425.30462646484375,30.0,755.8106765870443,0.0,1,P01_GAMMA06_M002_03_A00,P01_GAMMA06_M002_03,P01,M002,1169.03125,1231.90625,62.875,3.093293272209536,6.0
E52_3a94b6482baa2cfaba8a857d,10.573106015305186,16.425448776817632,10.573106015305186,326.01303055755295,369.111023518165,393.4381033514341,0.17166403726355467,0.009166666666666667,0.01921180555555556,0.2000425094857769,2.3599574905142235,0.9374867157856948,517.1759155273437,0.0,0.0,517.1759155273437,644.8759155273438,2950.785775135756,352.4370422363281,30.0,536.013030557553,0.0,1,P01_GAMMA06_M002_03_A00,P01_GAMMA06_M002_03,P01,M002,1169.03125,1231.90625,62.875,4.573106015305186,6.0
E52_6dc095df8eb6475486134b5c,17.906485666344906,12.905188948092743,12.905188948092743,424.06014837873875,466.2734748964797,594.8403376510322,0.23505698741925235,0.009166666666666667,0.01921180555555556,0.2634354596414746,2.296564540358526,0.9176764188620392,506.55991821289064,0.0,0.0,506.55991821289064,634.2599182128906,4461.302532382741,440.2059631347656,30.0,634.0601483787387,0.0,1,P01_GAMMA06_M002_03_A00,P01_GAMMA06_M002_03,P01,M002,1169.03125,1231.90625,62.875,6.905188948092743,6.0
E52_8d375985c45fff9288668cb3,11.382235714729788,16.222123863058812,11.382235714729788,353.99602207193686,405.21742048909175,400.663653640944,0.182639281392285,0.009166666666666667,0.01921180555555556,0.2110177536145072,2.3489822463854932,0.9340569519954665,614.6567810058593,0.0,0.0,614.6567810058593,742.3567810058594,3004.97740230708,442.3567810058594,30.0,563.9960220719369,0.0,1,P01_GAMMA06_M002_03_A00,P01_GAMMA06_M002_03,P01,M002,1169.03125,1231.90625,62.875,5.382235714729788,6.0
E52_c0294c7ff44d44fc4ede8d97,9.79073181674022,16.7256600789149,9.79073181674022,316.70783025924425,358.9570632507807,379.92026256926977,0.16644027302831577,0.009166666666666667,0.01921180555555556,0.194818745250538,2.3651812547494626,0.9391191421092069,506.9907958984375,0.0,0.0,506.9907958984375,634.6907958984375,2849.4019692695233,334.6907958984375,30.0,526.7078302592442,0.0,1,P01_GAMMA06_M002_03_A00,P01_GAMMA06_M002_03,P01,M002,1169.03125,1231.90625,62.875,3.7907318167402195,6.0
E52_d6d1511afdebb88632549a71,12.400033603292243,16.177909036830457,12.400033603292243,342.76879390848103,389.67749650450963,404.08537224079015,0.1791309979165653,0.009166666666666667,0.01921180555555556,0.2075094701387875,2.352490529861213,0.9351532905816289,562.9044311523437,0.0,0.0,562.9044311523437,690.6044311523438,3030.640291805926,390.60443115234375,30.0,552.768793908481,0.0,1,P01_GAMMA06_M002_03_A00,P01_GAMMA06_M002_03,P01,M002,1169.03125,1231.90625,62.875,6.400033603292243,6.0
E52_06eb0baa948af7ff52881bcf,11.34921240453653,16.258674653736037,11.34921240453653,296.7597053393259,328.36499963050426,403.88764493158146,0.16274021246714285,0.009166666666666667,0.06335503472222223,0.23526191385603173,2.324738086143969,0.9264806519199901,379.26353149414064,0.0,0.0,379.26353149414064,506.9635314941406,3029.157336986861,306.9635314941406,30.0,506.7597053393259,0.0,1,P01_GAMMA06_M002_04_A00,P01_GAMMA06_M002_04,P01,M002,1245.9375,1453.28125,207.34375,5.34921240453653,6.0
E52_0c9d91fc306062a18ada9948,10.190425106668542,15.697900697510477,10.190425106668542,331.42241999480143,370.2725110389095,429.7442937249544,0.1787296459836012,0.009166666666666667,0.06335503472222223,0.2512513473724901,2.3087486526275103,0.9214839539460968,466.2010925292969,0.0,0.0,466.2010925292969,593.9010925292969,3223.082202937158,326.7436828613281,30.0,541.4224199948014,0.0,1,P01_GAMMA06_M002_04_A00,P01_GAMMA06_M002_04,P01,M002,1245.9375,1453.28125,207.34375,4.190425106668542,6.0
E52_214ce9a3b3bd3fa9c582335a,9.466834534918547,15.138353346483314,9.466834534918547,331.46735474952504,365.31699057309277,459.8368945576438,0.1830074384559416,0.009166666666666667,0.06335503472222223,0.2555291398448305,2.30447086015517,0.9201471437984905,406.1956298828125,0.0,0.0,406.1956298828125,533.8956298828125,3448.7767091823284,283.8956298828125,30.0,541.467354749525,0.0,1,P01_GAMMA06_M002_04_A00,P01_GAMMA06_M002_04,P01,M002,1245.9375,1453.28125,207.34375,3.466834534918547,6.0
E52_231de36c6439da832299e30f,11.086036405358143,16.451156269229884,11.086036405358143,336.2639482811268,383.1573412254627,391.1675388962379,0.1749881335365896,0.009166666666666667,0.06335503472222223,0.24750983492547848,2.312490165074522,0.9226531765857879,562.7207153320312,0.0,0.0,562.7207153320312,690.4207153320312,2933.7565417217843,390.42071533203125,30.0,546.2639482811268,0.0,1,P01_GAMMA06_M002_04_A00,P01_GAMMA06_M002_04,P01,M002,1245.9375,1453.28125,207.34375,5.0860364053581435,6.0
E52_246111a1ef063bec9e89ec9e,26.52136297184333,13.03223549741864,13.03223549741864,413.11352328410356,453.07003166626504,586.4879962752384,0.22998101771643822,0.009166666666666667,0.06335503472222223,0.3025027191053271,2.2574972808946736,0.9054679002795852,479.4781005859375,0.0,0.0,479.4781005859375,607.1781005859375,4398.659972064288,469.28277587890625,30.0,623.1135232841036,0.0,1,P01_GAMMA06_M002_04_A00,P01_GAMMA06_M002_04,P01,M002,1245.9375,1453.28125,207.34375,7.03223549741864,6.0
E52_27bf01e9e990859ae5993708,10.242823238504869,15.932490639468014,10.242823238504869,318.6138217216496,355.0514931287134,418.60161500091635,0.17259630304263499,0.009166666666666667,0.06335503472222223,0.24511800443152387,2.3148819955684767,0.9234006236151489,437.25205688476564,0.0,0.0,437.25205688476564,564.9520568847656,3139.5121125068727,326.2397766113281,30.0,528.6138217216496,0.0,1,P01_GAMMA06_M002_04_A00,P01_GAMMA06_M002_04,P01,M002,1245.9375,1453.28125,207.34375,4.242823238504869,6.0
E52_27bf1882d0e1a812c8450c72,10.928491222917913,16.18675851321828,10.928491222917913,334.03154784809436,377.9609795090644,404.48650573036844,0.17608047258726683,0.009166666666666667,0.06335503472222223,0.24860217397615572,2.311397826023845,0.9223118206324513,527.1531799316406,0.0,0.0,527.1531799316406,654.8531799316406,3033.648792977763,359.1753845214844,30.0,544.0315478480943,0.0,1,P01_GAMMA06_M002_04_A00,P01_GAMMA06_M002_04,P01,M002,1245.9375,1453.28125,207.34375,4.928491222917913,6.0
E52_27fdcb9bc2da20af468e67a1,9.646877129001766,15.630401191469062,9.646877129001766,333.5201066466774,372.5049327982074,433.1312563841751,0.1799553449394086,0.009166666666666667,0.06335503472222223,0.2524770463282975,2.307522953671703,0.921100923022407,467.8179138183594,0.0,0.0,467.8179138183594,595.5179138183594,3248.4844228813135,322.1230773925781,30.0,543.5201066466774,0.0,1,P01_GAMMA06_M002_04_A00,P01_GAMMA06_M002_04,P01,M002,1245.9375,1453.28125,207.34375,3.6468771290017656,6.0
E52_2d7a36258a59c18fc6a856bf,9.861556805186666,16.662039037059316,9.861556805186666,318.72117968179435,361.17160743651436,382.73979283526836,0.16755561647288383,0.009166666666666667,0.06335503472222223,0.24007731786177272,2.3199226821382277,0.9249758381681961,509.40513305664064,0.0,0.0,509.40513305664064,637.1051330566406,2870.5484462645127,346.4301452636719,30.0,528.7211796817944,0.0,1,P01_GAMMA06_M002_04_A00,P01_GAMMA06_M002_04,P01,M002,1245.9375,1453.28125,207.34375,3.861556805186666,6.0
E52_347c51b45a583dd4c5a4aad0,12.322633706463392,10.359339260709504,10.359339260709504,545.8106765870443,594.6474365357748,798.6007934817058,0.3072138543106079,0.009166666666666667,0.06335503472222223,0.3797355556994968,2.1802644443005037,0.8813326388439072,586.0411193847656,0.0,0.0,586.0411193847656,713.7411193847656,5989.505951112793,425.30462646484375,30.0,755.8106765870443,0.0,1,P01_GAMMA06_M002_04_A00,P01_GAMMA06_M002_04,P01,M002,1245.9375,1453.28125,207.34375,4.359339260709504,6.0
E52_3a94b6482baa2cfaba8a857d,10.380551441773832,16.425448776817632,10.380551441773832,326.01303055755295,369.111023518165,393.4381033514341,0.17166403726355467,0.009166666666666667,0.06335503472222223,0.24418573865244356,2.315814261347557,0.9236919566711114,517.1759155273437,0.0,0.0,517.1759155273437,644.8759155273438,2950.785775135756,352.4370422363281,30.0,536.013030557553,0.0,1,P01_GAMMA06_M002_04_A00,P01_GAMMA06_M002_04,P01,M002,1245.9375,1453.28125,207.34375,4.380551441773832,6.0
E52_47db2d0d55c92154c779a4c9,11.176286595238821,16.45726286038159,11.176286595238821,312.62709924858126,351.3219092257948,393.08533863388124,0.16685347284684848,0.009166666666666667,0.06335503472222223,0.23937517423573737,2.320624825764263,0.9251952580513321,464.3377197265625,0.0,0.0,464.3377197265625,592.0377197265625,2948.1400397541092,295.61395263671875,30.0,522.6270992485813,0.0,1,P01_GAMMA06_M002_04_A00,P01_GAMMA06_M002_04,P01,M002,1245.9375,1453.28125,207.34375,5.176286595238821,6.0
E52_6dc095df8eb6475486134b5c,26.392826420650565,12.905188948092743,12.905188948092743,424.06014837873875,466.2734748964797,594.8403376510322,0.23505698741925235,0.009166666666666667,0.06335503472222223,0.3075786888081412,2.2524213111918594,0.9038816597474559,506.55991821289064,0.0,0.0,506.55991821289064,634.2599182128906,4461.302532382741,440.2059631347656,30.0,634.0601483787387,0.0,1,P01_GAMMA06_M002_04_A00,P01_GAMMA06_M002_04,P01,M002,1245.9375,1453.28125,207.34375,6.905188948092743,6.0
E52_82c821a5773d0bfbe554f10a,7.209422613556569,11.397135806608844,7.209422613556569,512.9354114719376,566.0737563002253,707.0407539741487,0.2825549862639304,0.009166666666666667,0.06335503472222223,0.3550766876528193,2.204923312347181,0.889038535108494,637.6601379394531,0.0,0.0,637.6601379394531,765.3601379394531,5302.805654806116,465.3601379394531,30.0,722.9354114719376,0.0,1,P01_GAMMA06_M002_04_A00,P01_GAMMA06_M002_04,P01,M002,1245.9375,1453.28125,207.34375,1.209422613556569,6.0
E52_8ca7795ffa642a3b129c0a3d,10.116181077439208,15.730152054416479,10.116181077439208,330.94608252023,369.9122522589995,428.0951466078428,0.17832668261553564,0.009166666666666667,0.06335503472222223,0.25084838400442455,2.309151615995576,0.9216098799986173,467.5940368652344,0.0,0.0,467.5940368652344,595.2940368652344,3210.713599558821,335.390380859375,30.0,540.94608252023,0.0,1,P01_GAMMA06_M002_04_A00,P01_GAMMA06_M002_04,P01,M002,1245.9375,1453.28125,207.34375,4.116181077439208,6.0
E52_8d375985c45fff9288668cb3,10.94719854612093,16.222123863058812,10.94719854612093,353.99602207193686,405.21742048909175,400.663653640944,0.182639281392285,0.009166666666666667,0.06335503472222223,0.2551609827811739,2.3048390172188267,0.9202621928808832,614.6567810058593,0.0,0.0,614.6567810058593,742.3567810058594,3004.97740230708,442.3567810058594,30.0,563.9960220719369,0.0,1,P01_GAMMA06_M002_04_A00,P01_GAMMA06_M002_04,P01,M002,1245.9375,1453.28125,207.34375,4.94719854612093,6.0
E52_b60e4d2a4cdcd5801a5d757f,9.6910339592972,16.480566458341656,9.6910339592972,308.26023760270465,345.626388522301,392.32356968783114,0.16519254750221457,0.009166666666666667,0.06335503472222223,0.23771424889110346,2.3222857511088972,0.9257142972215302,448.39381103515626,0.0,0.0,448.39381103515626,576.0938110351562,2942.4267726587336,326.2397766113281,30.0,518.2602376027046,0.0,1,P01_GAMMA06_M002_04_A00,P01_GAMMA06_M002_04,P01,M002,1245.9375,1453.28125,207.34375,3.691033959297201,6.0
E52_c0294c7ff44d44fc4ede8d97,9.63131941890856,16.7256600789149,9.63131941890856,316.70783025924425,358.9570632507807,379.92026256926977,0.16644027302831577,0.009166666666666667,0.06335503472222223,0.23896197441720465,2.321038025582796,0.9253243829946236,506.9907958984375,0.0,0.0,506.9907958984375,634.6907958984375,2849.4019692695233,334.6907958984375,30.0,526.7078302592442,0.0,1,P01_GAMMA06_M002_04_A00,P01_GAMMA06_M002_04,P01,M002,1245.9375,1453.28125,207.34375,3.6313194189085607,6.0
E52_d22cbe82615c6d2ee0ebf49f,10.18232641347295,15.758568264926964,10.18232641347295,318.17309843891866,352.9726015110215,427.5491784452201,0.1737067461230003,0.009166666666666667,0.06335503472222223,0.2462284475118892,2.3137715524881113,0.9230536101525346,417.5940368652344,0.0,0.0,417.5940368652344,545.2940368652344,3206.618838339151,335.390380859375,30.0,528.1730984389187,0.0,1,P01_GAMMA06_M002_04_A00,P01_GAMMA06_M002_04,P01,M002,1245.9375,1453.28125,207.34375,4.18232641347295,6.0
E52_d6d1511afdebb88632549a71,11.95681392735753,16.177909036830457,11.95681392735753,342.76879390848103,389.67749650450963,404.08537224079015,0.1791309979165653,0.009166666666666667,0.06335503472222223,0.2516526993054542,2.308347300694546,0.9213585314670456,562.9044311523437,0.0,0.0,562.9044311523437,690.6044311523438,3030.640291805926,390.60443115234375,30.0,552.768793908481,0.0,1,P01_GAMMA06_M002_04_A00,P01_GAMMA06_M002_04,P01,M002,1245.9375,1453.28125,207.34375,5.95681392735753,6.0
E52_dbec4f1422e98765afb262aa,10.873853311460351,16.38523852602286,10.873853311460351,322.5402116809159,364.1002534899979,395.72017250733956,0.1707521496628321,0.009166666666666667,0.06335503472222223,0.24327385105172097,2.3167261489482796,0.9239769215463371,498.7205017089844,0.0,0.0,498.7205017089844,626.4205017089844,2967.901293805047,326.4205017089844,30.0,532.540211680916,0.0,1,P01_GAMMA06_M002_04_A00,P01_GAMMA06_M002_04,P01,M002,1245.9375,1453.28125,207.34375,4.873853311460351,6.0
E52_de2c36302e014a6d0284c896,10.188846349369086,15.994052628622484,10.188846349369086,325.41177480357015,364.7238282296769,414.95122905049965,0.1744969638873427,0.009166666666666667,0.06335503472222223,0.2470186652762316,2.312981334723769,0.9228066671011776,471.74464111328126,0.0,0.0,471.74464111328126,599.4446411132812,3112.134217878747,325.15069580078125,30.0,535.4117748035701,0.0,1,P01_GAMMA06_M002_04_A00,P01_GAMMA06_M002_04,P01,M002,1245.9375,1453.28125,207.34375,4.188846349369086,6.0
E52_06eb0baa948af7ff52881bcf,11.34921240453653,16.258674653736037,11.34921240453653,296.7597053393259,328.36499963050426,403.88764493158146,0.16274021246714285,0.009166666666666667,0.06335503472222223,0.23526191385603173,2.324738086143969,0.9264806519199901,379.26353149414064,0.0,0.0,379.26353149414064,506.9635314941406,3029.157336986861,306.9635314941406,30.0,506.7597053393259,0.0,1,P01_GAMMA06_M002_04_A01,P01_GAMMA06_M002_04,P01,M002,1453.28125,1660.625,207.34375,5.34921240453653,6.0
E52_0c9d91fc306062a18ada9948,10.190425106668542,15.697900697510477,10.190425106668542,331.42241999480143,370.2725110389095,429.7442937249544,0.1787296459836012,0.009166666666666667,0.06335503472222223,0.2512513473724901,2.3087486526275103,0.9214839539460968,466.2010925292969,0.0,0.0,466.2010925292969,593.9010925292969,3223.082202937158,326.7436828613281,30.0,541.4224199948014,0.0,1,P01_GAMMA06_M002_04_A01,P01_GAMMA06_M002_04,P01,M002,1453.28125,1660.625,207.34375,4.190425106668542,6.0
E52_214ce9a3b3bd3fa9c582335a,9.466834534918547,15.138353346483314,9.466834534918547,331.46735474952504,365.31699057309277,459.8368945576438,0.1830074384559416,0.009166666666666667,0.06335503472222223,0.2555291398448305,2.30447086015517,0.9201471437984905,406.1956298828125,0.0,0.0,406.1956298828125,533.8956298828125,3448.7767091823284,283.8956298828125,30.0,541.467354749525,0.0,1,P01_GAMMA06_M002_04_A01,P01_GAMMA06_M002_04,P01,M002,1453.28125,1660.625,207.34375,3.466834534918547,6.0
E52_231de36c6439da832299e30f,11.086036405358143,16.451156269229884,11.086036405358143,336.2639482811268,383.1573412254627,391.1675388962379,0.1749881335365896,0.009166666666666667,0.06335503472222223,0.24750983492547848,2.312490165074522,0.9226531765857879,562.7207153320312,0.0,0.0,562.7207153320312,690.4207153320312,2933.7565417217843,390.42071533203125,30.0,546.2639482811268,0.0,1,P01_GAMMA06_M002_04_A01,P01_GAMMA06_M002_04,P01,M002,1453.28125,1660.625,207.34375,5.0860364053581435,6.0
E52_246111a1ef063bec9e89ec9e,19.408002085359584,13.03223549741864,13.03223549741864,413.11352328410356,453.07003166626504,586.4879962752384,0.22998101771643822,0.009166666666666667,0.06335503472222223,0.3025027191053271,2.2574972808946736,0.9054679002795852,479.4781005859375,0.0,0.0,479.4781005859375,607.1781005859375,4398.659972064288,469.28277587890625,30.0,623.1135232841036,0.0,1,P01_GAMMA06_M002_04_A01,P01_GAMMA06_M002_04,P01,M002,1453.28125,1660.625,207.34375,7.03223549741864,6.0
E52_27bf01e9e990859ae5993708,10.242823238504869,15.932490639468014,10.242823238504869,318.6138217216496,355.0514931287134,418.60161500091635,0.17259630304263499,0.009166666666666667,0.06335503472222223,0.24511800443152387,2.3148819955684767,0.9234006236151489,437.25205688476564,0.0,0.0,437.25205688476564,564.9520568847656,3139.5121125068727,326.2397766113281,30.0,528.6138217216496,0.0,1,P01_GAMMA06_M002_04_A01,P01_GAMMA06_M002_04,P01,M002,1453.28125,1660.625,207.34375,4.242823238504869,6.0
E52_27bf1882d0e1a812c8450c72,10.928491222917913,16.18675851321828,10.928491222917913,334.03154784809436,377.9609795090644,404.48650573036844,0.17608047258726683,0.009166666666666667,0.06335503472222223,0.24860217397615572,2.311397826023845,0.9223118206324513,527.1531799316406,0.0,0.0,527.1531799316406,654.8531799316406,3033.648792977763,359.1753845214844,30.0,544.0315478480943,0.0,1,P01_GAMMA06_M002_04_A01,P01_GAMMA06_M002_04,P01,M002,1453.28125,1660.625,207.34375,4.928491222917913,6.0
E52_27fdcb9bc2da20af468e67a1,9.646877129001766,15.630401191469062,9.646877129001766,333.5201066466774,372.5049327982074,433.1312563841751,0.1799553449394086,0.009166666666666667,0.06335503472222223,0.2524770463282975,2.307522953671703,0.921100923022407,467.8179138183594,0.0,0.0,467.8179138183594,595.5179138183594,3248.4844228813135,322.1230773925781,30.0,543.5201066466774,0.0,1,P01_GAMMA06_M002_04_A01,P01_GAMMA06_M002_04,P01,M002,1453.28125,1660.625,207.34375,3.6468771290017656,6.0
E52_2d7a36258a59c18fc6a856bf,9.861556805186666,16.662039037059316,9.861556805186666,318.72117968179435,361.17160743651436,382.73979283526836,0.16755561647288383,0.009166666666666667,0.06335503472222223,0.24007731786177272,2.3199226821382277,0.9249758381681961,509.40513305664064,0.0,0.0,509.40513305664064,637.1051330566406,2870.5484462645127,346.4301452636719,30.0,528.7211796817944,0.0,1,P01_GAMMA06_M002_04_A01,P01_GAMMA06_M002_04,P01,M002,1453.28125,1660.625,207.34375,3.861556805186666,6.0
E52_347c51b45a583dd4c5a4aad0,8.817834325406508,10.359339260709504,8.817834325406508,545.8106765870443,594.6474365357748,798.6007934817058,0.3072138543106079,0.009166666666666667,0.06335503472222223,0.3797355556994968,2.1802644443005037,0.8813326388439072,586.0411193847656,0.0,0.0,586.0411193847656,713.7411193847656,5989.505951112793,425.30462646484375,30.0,755.8106765870443,0.0,1,P01_GAMMA06_M002_04_A01,P01_GAMMA06_M002_04,P01,M002,1453.28125,1660.625,207.34375,2.8178343254065084,6.0
E52_3a94b6482baa2cfaba8a857d,10.380551441773832,16.425448776817632,10.380551441773832,326.01303055755295,369.111023518165,393.4381033514341,0.17166403726355467,0.009166666666666667,0.06335503472222223,0.24418573865244356,2.315814261347557,0.9236919566711114,517.1759155273437,0.0,0.0,517.1759155273437,644.8759155273438,2950.785775135756,352.4370422363281,30.0,536.013030557553,0.0,1,P01_GAMMA06_M002_04_A01,P01_GAMMA06_M002_04,P01,M002,1453.28125,1660.625,207.34375,4.380551441773832,6.0
E52_47db2d0d55c92154c779a4c9,11.176286595238821,16.45726286038159,11.176286595238821,312.62709924858126,351.3219092257948,393.08533863388124,0.16685347284684848,0.009166666666666667,0.06335503472222223,0.23937517423573737,2.320624825764263,0.9251952580513321,464.3377197265625,0.0,0.0,464.3377197265625,592.0377197265625,2948.1400397541092,295.61395263671875,30.0,522.6270992485813,0.0,1,P01_GAMMA06_M002_04_A01,P01_GAMMA06_M002_04,P01,M002,1453.28125,1660.625,207.34375,5.176286595238821,6.0
E52_6dc095df8eb6475486134b5c,18.58464330632802,12.905188948092743,12.905188948092743,424.06014837873875,466.2734748964797,594.8403376510322,0.23505698741925235,0.009166666666666667,0.06335503472222223,0.3075786888081412,2.2524213111918594,0.9038816597474559,506.55991821289064,0.0,0.0,506.55991821289064,634.2599182128906,4461.302532382741,440.2059631347656,30.0,634.0601483787387,0.0,1,P01_GAMMA06_M002_04_A01,P01_GAMMA06_M002_04,P01,M002,1453.28125,1660.625,207.34375,6.905188948092743,6.0
E52_82c821a5773d0bfbe554f10a,6.886720466186802,11.397135806608844,6.886720466186802,512.9354114719376,566.0737563002253,707.0407539741487,0.2825549862639304,0.009166666666666667,0.06335503472222223,0.3550766876528193,2.204923312347181,0.889038535108494,637.6601379394531,0.0,0.0,637.6601379394531,765.3601379394531,5302.805654806116,465.3601379394531,30.0,722.9354114719376,0.0,1,P01_GAMMA06_M002_04_A01,P01_GAMMA06_M002_04,P01,M002,1453.28125,1660.625,207.34375,0.8867204661868016,6.0
E52_8ca7795ffa642a3b129c0a3d,10.116181077439208,15.730152054416479,10.116181077439208,330.94608252023,369.9122522589995,428.0951466078428,0.17832668261553564,0.009166666666666667,0.06335503472222223,0.25084838400442455,2.309151615995576,0.9216098799986173,467.5940368652344,0.0,0.0,467.5940368652344,595.2940368652344,3210.713599558821,335.390380859375,30.0,540.94608252023,0.0,1,P01_GAMMA06_M002_04_A01,P01_GAMMA06_M002_04,P01,M002,1453.28125,1660.625,207.34375,4.116181077439208,6.0
E52_8d375985c45fff9288668cb3,10.94719854612093,16.222123863058812,10.94719854612093,353.99602207193686,405.21742048909175,400.663653640944,0.182639281392285,0.009166666666666667,0.06335503472222223,0.2551609827811739,2.3048390172188267,0.9202621928808832,614.6567810058593,0.0,0.0,614.6567810058593,742.3567810058594,3004.97740230708,442.3567810058594,30.0,563.9960220719369,0.0,1,P01_GAMMA06_M002_04_A01,P01_GAMMA06_M002_04,P01,M002,1453.28125,1660.625,207.34375,4.94719854612093,6.0
E52_b60e4d2a4cdcd5801a5d757f,9.6910339592972,16.480566458341656,9.6910339592972,308.26023760270465,345.626388522301,392.32356968783114,0.16519254750221457,0.009166666666666667,0.06335503472222223,0.23771424889110346,2.3222857511088972,0.9257142972215302,448.39381103515626,0.0,0.0,448.39381103515626,576.0938110351562,2942.4267726587336,326.2397766113281,30.0,518.2602376027046,0.0,1,P01_GAMMA06_M002_04_A01,P01_GAMMA06_M002_04,P01,M002,1453.28125,1660.625,207.34375,3.691033959297201,6.0
E52_c0294c7ff44d44fc4ede8d97,9.63131941890856,16.7256600789149,9.63131941890856,316.70783025924425,358.9570632507807,379.92026256926977,0.16644027302831577,0.009166666666666667,0.06335503472222223,0.23896197441720465,2.321038025582796,0.9253243829946236,506.9907958984375,0.0,0.0,506.9907958984375,634.6907958984375,2849.4019692695233,334.6907958984375,30.0,526.7078302592442,0.0,1,P01_GAMMA06_M002_04_A01,P01_GAMMA06_M002_04,P01,M002,1453.28125,1660.625,207.34375,3.6313194189085607,6.0
E52_d22cbe82615c6d2ee0ebf49f,10.18232641347295,15.758568264926964,10.18232641347295,318.17309843891866,352.9726015110215,427.5491784452201,0.1737067461230003,0.009166666666666667,0.06335503472222223,0.2462284475118892,2.3137715524881113,0.9230536101525346,417.5940368652344,0.0,0.0,417.5940368652344,545.2940368652344,3206.618838339151,335.390380859375,30.0,528.1730984389187,0.0,1,P01_GAMMA06_M002_04_A01,P01_GAMMA06_M002_04,P01,M002,1453.28125,1660.625,207.34375,4.18232641347295,6.0
E52_d6d1511afdebb88632549a71,11.95681392735753,16.177909036830457,11.95681392735753,342.76879390848103,389.67749650450963,404.08537224079015,0.1791309979165653,0.009166666666666667,0.06335503472222223,0.2516526993054542,2.308347300694546,0.9213585314670456,562.9044311523437,0.0,0.0,562.9044311523437,690.6044311523438,3030.640291805926,390.60443115234375,30.0,552.768793908481,0.0,1,P01_GAMMA06_M002_04_A01,P01_GAMMA06_M002_04,P01,M002,1453.28125,1660.625,207.34375,5.95681392735753,6.0
E52_dbec4f1422e98765afb262aa,10.873853311460351,16.38523852602286,10.873853311460351,322.5402116809159,364.1002534899979,395.72017250733956,0.1707521496628321,0.009166666666666667,0.06335503472222223,0.24327385105172097,2.3167261489482796,0.9239769215463371,498.7205017089844,0.0,0.0,498.7205017089844,626.4205017089844,2967.901293805047,326.4205017089844,30.0,532.540211680916,0.0,1,P01_GAMMA06_M002_04_A01,P01_GAMMA06_M002_04,P01,M002,1453.28125,1660.625,207.34375,4.873853311460351,6.0
E52_de2c36302e014a6d0284c896,10.188846349369086,15.994052628622484,10.188846349369086,325.41177480357015,364.7238282296769,414.95122905049965,0.1744969638873427,0.009166666666666667,0.06335503472222223,0.2470186652762316,2.312981334723769,0.9228066671011776,471.74464111328126,0.0,0.0,471.74464111328126,599.4446411132812,3112.134217878747,325.15069580078125,30.0,535.4117748035701,0.0,1,P01_GAMMA06_M002_04_A01,P01_GAMMA06_M002_04,P01,M002,1453.28125,1660.625,207.34375,4.188846349369086,6.0
E52_132fcaf6d631eae41e83e018,12.435643376976088,12.621037374336296,12.435643376976088,466.52713400648173,519.919143487276,612.7022111281979,0.2526897045720101,0.009166666666666667,0.07364525462962965,0.33550162586830645,2.224498374131694,0.8951557419161542,640.7041137695312,0.0,0.0,640.7041137695312,768.4041137695312,4595.266583461484,468.40411376953125,30.0,676.5271340064817,0.0,1,P01_GAMMA06_M003_00_A00,P01_GAMMA06_M003_00,P01,M003,752.875,993.8958333333334,241.02083333333337,6.435643376976088,6.0
E52_154bbd26b7808edf72eaa410,14.043912194446321,13.235683344326844,13.235683344326844,444.90797820490957,498.19814035497467,570.0749835094285,0.23896400983981742,0.009166666666666667,0.07364525462962965,0.3217759311361137,2.238224068863887,0.8994450215199645,639.4819458007812,0.0,0.0,639.4819458007812,767.1819458007812,4275.562376320714,467.18194580078125,30.0,654.9079782049096,0.0,1,P01_GAMMA06_M003_00_A00,P01_GAMMA06_M003_00,P01,M003,752.875,993.8958333333334,241.02083333333337,7.235683344326844,6.0
E52_2d291a2169e36d61d7bf7582,13.036708431966673,12.790365797832976,12.790365797832976,470.3839036593983,527.1993216484933,599.8752993842263,0.25224474652706685,0.009166666666666667,0.07364525462962965,0.3350566678233632,2.2249433321766374,0.895294791305199,681.7850158691406,0.0,0.0,681.7850158691406,809.4850158691406,4499.064745381697,509.4850158691406,30.0,680.3839036593984,0.0,1,P01_GAMMA06_M003_00_A00,P01_GAMMA06_M003_00,P01,M003,752.875,993.8958333333334,241.02083333333337,6.790365797832976,6.0
E52_7e4744117cf2a1b6b8665ab3,12.42407542881729,12.590569849682154,12.42407542881729,474.82609328547096,530.7107225986219,614.3444106920357,0.25587373999544005,0.009166666666666667,0.07364525462962965,0.3386856612917364,2.221314338708264,0.8941607308463324,670.6155517578125,0.0,0.0,670.6155517578125,798.3155517578125,4607.5830801902675,498.3155517578125,30.0,684.826093285471,0.0,1,P01_GAMMA06_M003_00_A00,P01_GAMMA06_M003_00,P01,M003,752.875,993.8958333333334,241.02083333333337,6.424075428817289,6.0
E52_a0032802edd73d232f2c84c2,11.676886427055251,12.395809404549922,11.676886427055251,482.4923087567502,538.5719606529091,628.5067061365473,0.26060588149401487,0.009166666666666667,0.07364525462962965,0.3434178027903112,2.2165821972096893,0.8926819366280278,672.9558227539062,0.0,0.0,672.9558227539062,800.6558227539062,4713.800296024105,500.65582275390625,30.0,692.4923087567502,0.0,1,P01_GAMMA06_M003_00_A00,P01_GAMMA06_M003_00,P01,M003,752.875,993.8958333333334,241.02083333333337,5.676886427055251,6.0
E52_be79b94db4a0a5b6faaed631,13.153643903173574,13.435452033242427,13.153643903173574,439.28613208838135,492.92224150407145,556.7556076826221,0.23507830977561708,0.009166666666666667,0.07364525462962965,0.3178902310719134,2.242109768928087,0.900659302790027,643.6333129882812,0.0,0.0,643.6333129882812,771.3333129882812,4175.667057619666,471.33331298828125,30.0,649.2861320883814,0.0,1,P01_GAMMA06_M003_00_A00,P01_GAMMA06_M003_00,P01,M003,752.875,993.8958333333334,241.02083333333337,7.153643903173574,6.0
E52_f4836ff0bfcbe7f74f580128,13.88821713163938,13.198394987858308,13.198394987858308,446.8309536018799,500.3537512499919,572.525121315088,0.23999489789029496,0.009166666666666667,0.07364525462962965,0.32280681918659127,2.237193180813409,0.8991228690041903,642.2735717773437,0.0,0.0,642.2735717773437,769.9735717773438,4293.93840986316,483.0478820800781,30.0,656.8309536018799,0.0,1,P01_GAMMA06_M003_00_A00,P01_GAMMA06_M003_00,P01,M003,752.875,993.8958333333334,241.02083333333337,7.198394987858308,6.0
E52_fb97bb829fc82a7376005525,12.318157877765557,12.561592200960149,12.318157877765557,483.9909817485873,542.6900133241081,615.7877740440496,0.2593375767224136,0.009166666666666667,0.07364525462962965,0.34214949801870986,2.2178505019812906,0.8930782818691532,704.38837890625,0.0,0.0,704.38837890625,832.08837890625,4618.408305330372,532.08837890625,30.0,693.9909817485873,0.0,1,P01_GAMMA06_M003_00_A00,P01_GAMMA06_M003_00,P01,M003,752.875,993.8958333333334,241.02083333333337,6.318157877765557,6.0
E52_132fcaf6d631eae41e83e018,16.277039427598496,12.621037374336296,12.621037374336296,466.52713400648173,519.919143487276,612.7022111281979,0.2526897045720101,0.009166666666666667,0.07364525462962965,0.33550162586830645,2.224498374131694,0.8951557419161542,640.7041137695312,0.0,0.0,640.7041137695312,768.4041137695312,4595.266583461484,468.40411376953125,30.0,676.5271340064817,0.0,1,P01_GAMMA06_M003_00_A01,P01_GAMMA06_M003_00,P01,M003,993.8958333333334,1234.9166666666667,241.02083333333337,6.6210373743362965,6.0
E52_154bbd26b7808edf72eaa410,13.995666599621927,13.235683344326844,13.235683344326844,444.90797820490957,498.19814035497467,570.0749835094285,0.23896400983981742,0.009166666666666667,0.07364525462962965,0.3217759311361137,2.238224068863887,0.8994450215199645,639.4819458007812,0.0,0.0,639.4819458007812,767.1819458007812,4275.562376320714,467.18194580078125,30.0,654.9079782049096,0.0,1,P01_GAMMA06_M003_00_A01,P01_GAMMA06_M003_00,P01,M003,993.8958333333334,1234.9166666666667,241.02083333333337,7.235683344326844,6.0
E52_2d291a2169e36d61d7bf7582,15.632231005935907,12.790365797832976,12.790365797832976,470.3839036593983,527.1993216484933,599.8752993842263,0.25224474652706685,0.009166666666666667,0.07364525462962965,0.3350566678233632,2.2249433321766374,0.895294791305199,681.7850158691406,0.0,0.0,681.7850158691406,809.4850158691406,4499.064745381697,509.4850158691406,30.0,680.3839036593984,0.0,1,P01_GAMMA06_M003_00_A01,P01_GAMMA06_M003_00,P01,M003,993.8958333333334,1234.9166666666667,241.02083333333337,6.790365797832976,6.0
E52_7e4744117cf2a1b6b8665ab3,16.603245099807324,12.590569849682154,12.590569849682154,474.82609328547096,530.7107225986219,614.3444106920357,0.25587373999544005,0.009166666666666667,0.07364525462962965,0.3386856612917364,2.221314338708264,0.8941607308463324,670.6155517578125,0.0,0.0,670.6155517578125,798.3155517578125,4607.5830801902675,498.3155517578125,30.0,684.826093285471,0.0,1,P01_GAMMA06_M003_00_A01,P01_GAMMA06_M003_00,P01,M003,993.8958333333334,1234.9166666666667,241.02083333333337,6.590569849682154,6.0
E52_a0032802edd73d232f2c84c2,16.578178410595456,12.395809404549922,12.395809404549922,482.4923087567502,538.5719606529091,628.5067061365473,0.26060588149401487,0.009166666666666667,0.07364525462962965,0.3434178027903112,2.2165821972096893,0.8926819366280278,672.9558227539062,0.0,0.0,672.9558227539062,800.6558227539062,4713.800296024105,500.65582275390625,30.0,692.4923087567502,0.0,1,P01_GAMMA06_M003_00_A01,P01_GAMMA06_M003_00,P01,M003,993.8958333333334,1234.9166666666667,241.02083333333337,6.395809404549922,6.0
E52_be79b94db4a0a5b6faaed631,13.11389912953588,13.435452033242427,13.11389912953588,439.28613208838135,492.92224150407145,556.7556076826221,0.23507830977561708,0.009166666666666667,0.07364525462962965,0.3178902310719134,2.242109768928087,0.900659302790027,643.6333129882812,0.0,0.0,643.6333129882812,771.3333129882812,4175.667057619666,471.33331298828125,30.0,649.2861320883814,0.0,1,P01_GAMMA06_M003_00_A01,P01_GAMMA06_M003_00,P01,M003,993.8958333333334,1234.9166666666667,241.02083333333337,7.113899129535881,6.0
E52_f4836ff0bfcbe7f74f580128,13.84134266108093,13.198394987858308,13.198394987858308,446.8309536018799,500.3537512499919,572.525121315088,0.23999489789029496,0.009166666666666667,0.07364525462962965,0.32280681918659127,2.237193180813409,0.8991228690041903,642.2735717773437,0.0,0.0,642.2735717773437,769.9735717773438,4293.93840986316,483.0478820800781,30.0,656.8309536018799,0.0,1,P01_GAMMA06_M003_00_A01,P01_GAMMA06_M003_00,P01,M003,993.8958333333334,1234.9166666666667,241.02083333333337,7.198394987858308,6.0
E52_fb97bb829fc82a7376005525,16.46353643879513,12.561592200960149,12.561592200960149,483.9909817485873,542.6900133241081,615.7877740440496,0.2593375767224136,0.009166666666666667,0.07364525462962965,0.34214949801870986,2.2178505019812906,0.8930782818691532,704.38837890625,0.0,0.0,704.38837890625,832.08837890625,4618.408305330372,532.08837890625,30.0,693.9909817485873,0.0,1,P01_GAMMA06_M003_00_A01,P01_GAMMA06_M003_00,P01,M003,993.8958333333334,1234.9166666666667,241.02083333333337,6.561592200960149,6.0
E52_132fcaf6d631eae41e83e018,12.434780671968852,12.621037374336296,12.434780671968852,466.52713400648173,519.919143487276,612.7022111281979,0.2526897045720101,0.009166666666666667,0.0736452546296296,0.3355016258683064,2.224498374131694,0.8951557419161542,640.7041137695312,0.0,0.0,640.7041137695312,768.4041137695312,4595.266583461484,468.40411376953125,30.0,676.5271340064817,0.0,1,P01_GAMMA06_M003_00_A02,P01_GAMMA06_M003_00,P01,M003,1234.9166666666667,1475.9375,241.02083333333326,6.434780671968852,6.0
E52_154bbd26b7808edf72eaa410,13.995666599621927,13.235683344326844,13.235683344326844,444.90797820490957,498.19814035497467,570.0749835094285,0.23896400983981742,0.009166666666666667,0.0736452546296296,0.3217759311361137,2.238224068863887,0.8994450215199645,639.4819458007812,0.0,0.0,639.4819458007812,767.1819458007812,4275.562376320714,467.18194580078125,30.0,654.9079782049096,0.0,1,P01_GAMMA06_M003_00_A02,P01_GAMMA06_M003_00,P01,M003,1234.9166666666667,1475.9375,241.02083333333326,7.235683344326844,6.0
E52_2d291a2169e36d61d7bf7582,13.035779200884363,12.790365797832976,12.790365797832976,470.3839036593983,527.1993216484933,599.8752993842263,0.25224474652706685,0.009166666666666667,0.0736452546296296,0.33505666782336313,2.2249433321766374,0.8952947913051991,681.7850158691406,0.0,0.0,681.7850158691406,809.4850158691406,4499.064745381697,509.4850158691406,30.0,680.3839036593984,0.0,1,P01_GAMMA06_M003_00_A02,P01_GAMMA06_M003_00,P01,M003,1234.9166666666667,1475.9375,241.02083333333326,6.790365797832976,6.0
E52_7e4744117cf2a1b6b8665ab3,12.423203856836992,12.590569849682154,12.423203856836992,474.82609328547096,530.7107225986219,614.3444106920357,0.25587373999544005,0.009166666666666667,0.0736452546296296,0.33868566129173633,2.221314338708264,0.8941607308463324,670.6155517578125,0.0,0.0,670.6155517578125,798.3155517578125,4607.5830801902675,498.3155517578125,30.0,684.826093285471,0.0,1,P01_GAMMA06_M003_00_A02,P01_GAMMA06_M003_00,P01,M003,1234.9166666666667,1475.9375,241.02083333333326,6.423203856836992,6.0
E52_a0032802edd73d232f2c84c2,11.67610762410655,12.395809404549922,11.67610762410655,482.4923087567502,538.5719606529091,628.5067061365473,0.26060588149401487,0.009166666666666667,0.0736452546296296,0.34341780279031114,2.2165821972096893,0.8926819366280278,672.9558227539062,0.0,0.0,672.9558227539062,800.6558227539062,4713.800296024105,500.65582275390625,30.0,692.4923087567502,0.0,1,P01_GAMMA06_M003_00_A02,P01_GAMMA06_M003_00,P01,M003,1234.9166666666667,1475.9375,241.02083333333326,5.67610762410655,6.0
E52_be79b94db4a0a5b6faaed631,13.11389912953588,13.435452033242427,13.11389912953588,439.28613208838135,492.92224150407145,556.7556076826221,0.23507830977561708,0.009166666666666667,0.0736452546296296,0.31789023107191333,2.242109768928087,0.9006593027900271,643.6333129882812,0.0,0.0,643.6333129882812,771.3333129882812,4175.667057619666,471.33331298828125,30.0,649.2861320883814,0.0,1,P01_GAMMA06_M003_00_A02,P01_GAMMA06_M003_00,P01,M003,1234.9166666666667,1475.9375,241.02083333333326,7.113899129535881,6.0
E52_f4836ff0bfcbe7f74f580128,13.84134266108093,13.198394987858308,13.198394987858308,446.8309536018799,500.3537512499919,572.525121315088,0.23999489789029496,0.009166666666666667,0.0736452546296296,0.3228068191865912,2.237193180813409,0.8991228690041903,642.2735717773437,0.0,0.0,642.2735717773437,769.9735717773438,4293.93840986316,483.0478820800781,30.0,656.8309536018799,0.0,1,P01_GAMMA06_M003_00_A02,P01_GAMMA06_M003_00,P01,M003,1234.9166666666667,1475.9375,241.02083333333326,7.198394987858308,6.0
E52_fb97bb829fc82a7376005525,12.317301856523585,12.561592200960149,12.317301856523585,483.9909817485873,542.6900133241081,615.7877740440496,0.2593375767224136,0.009166666666666667,0.0736452546296296,0.34214949801870986,2.2178505019812906,0.8930782818691532,704.38837890625,0.0,0.0,704.38837890625,832.08837890625,4618.408305330372,532.08837890625,30.0,693.9909817485873,0.0,1,P01_GAMMA06_M003_00_A02,P01_GAMMA06_M003_00,P01,M003,1234.9166666666667,1475.9375,241.02083333333326,6.317301856523585,6.0
E52_060143e4033ea7dfc142ce26,6.409971233526434,13.051384290227645,6.409971233526434,390.52156568077555,422.97629514244545,586.3147545915316,0.2219218246513189,0.009166666666666667,0.07382747395833335,0.3049159652763189,2.255084034723682,0.9047137608511503,389.4567535400391,0.0,0.0,389.4567535400391,517.1567535400391,4397.360659436487,293.1027526855469,30.0,600.5215656807756,31.459065680775552,0,P01_GAMMA06_M004_00_A00,P01_GAMMA06_M004_00,P01,M004,569.0625,810.6796875,241.6171875,0.4099712335264343,6.0
E52_24cc4f01335372459fb4c2ba,8.701549968317593,12.909161020133865,8.701549968317593,410.2633482290822,447.7953418407359,595.3347347882426,0.23022027843265847,0.009166666666666667,0.07382747395833335,0.31321441905765846,2.2467855809423423,0.9021204940444817,450.38392333984376,0.0,0.0,450.38392333984376,578.0839233398438,4465.010510911819,278.08392333984375,30.0,620.2633482290822,51.200848229082226,0,P01_GAMMA06_M004_00_A00,P01_GAMMA06_M004_00,P01,M004,569.0625,810.6796875,241.6171875,2.701549968317593,6.0
E52_2cea01313b8862fcfb6b2e63,6.054908696315081,16.460055432828085,6.054908696315081,259.5957489704318,280.08528245838755,396.2542970131293,0.148442074342722,0.009166666666666667,0.07382747395833335,0.231436214967722,2.3285637850322787,0.9276761828225869,245.87440185546876,0.0,0.0,245.87440185546876,373.57440185546875,2971.90722759847,231.8917236328125,30.0,469.5957489704318,0.0,1,P01_GAMMA06_M004_00_A00,P01_GAMMA06_M004_00,P01,M004,569.0625,810.6796875,241.6171875,0.05490869631508133,6.0
E52_2dadfb43d7dd9558e21effa9,8.66891394238229,12.85982438864363,8.66891394238229,396.07517918576866,428.1792069974549,599.5261915014202,0.22576797164618329,0.009166666666666667,0.07382747395833335,0.3087621122711833,2.2512378877288173,0.9035118399152552,385.2483337402344,0.0,0.0,385.2483337402344,512.9483337402344,4496.446436260651,248.30487060546875,30.0,606.0751791857687,37.01267918576866,0,P01_GAMMA06_M004_00_A00,P01_GAMMA06_M004_00,P01,M004,569.0625,810.6796875,241.6171875,2.6689139423822894,6.0
E52_357bbbd4dc4420221c875ea3,7.583959998590288,12.241245229232817,7.583959998590288,405.4327582223269,433.1514265878055,644.5535062517828,0.23547283792056264,0.009166666666666667,0.07382747395833335,0.31846697854556266,2.241533021454438,0.9004790692045117,332.6240203857422,0.0,0.0,332.6240203857422,460.3240203857422,4834.151296888371,255.67149353027344,30.0,615.4327582223269,46.370258222326925,0,P01_GAMMA06_M004_00_A00,P01_GAMMA06_M004_00,P01,M004,569.0625,810.6796875,241.6171875,1.583959998590288,6.0
E52_50c718ca7f326f764494c89d,8.598788598562123,13.080943299176411,8.598788598562123,350.85355156655817,370.1881015340061,585.6998033284289,0.20772710552759727,0.009166666666666667,0.07382747395833335,0.29072124615259726,2.269278753847403,0.9091496105773134,232.014599609375,0.0,0.0,232.014599609375,359.714599609375,4392.748524963216,275.29461669921875,30.0,560.8535515665582,0.0,1,P01_GAMMA06_M004_00_A00,P01_GAMMA06_M004_00,P01,M004,569.0625,810.6796875,241.6171875,2.5987885985621233,6.0
E52_7e5f4a4eaf9aa5b10576997a,9.130122156041338,13.086620585622072,9.130122156041338,384.11958913832314,414.7999833745699,584.1568128591658,0.21933939564120059,0.009166666666666667,0.07382747395833335,0.3023335362662006,2.2576664637337998,0.9055207699168123,368.16473083496095,0.0,0.0,368.16473083496095,495.86473083496094,4381.1760964437435,247.829345703125,30.0,594.1195891383231,25.057089138323136,0,P01_GAMMA06_M004_00_A00,P01_GAMMA06_M004_00,P01,M004,569.0625,810.6796875,241.6171875,3.130122156041338,6.0
E52_924cec2d58c933358893a332,7.671905134948588,12.302862284422105,7.671905134948588,416.670444788364,448.9844576972996,639.4568121231148,0.23874762537865796,0.009166666666666667,0.07382747395833335,0.32174176600365795,2.2382582339963424,0.8994556981238568,387.7681549072266,0.0,0.0,387.7681549072266,515.4681549072266,4795.926090923361,252.644287109375,30.0,626.670444788364,57.607944788363966,0,P01_GAMMA06_M004_00_A00,P01_GAMMA06_M004_00,P01,M004,569.0625,810.6796875,241.6171875,1.671905134948588,6.0
E52_96da4f081c74d8211b4b244f,7.930704116533448,12.47027426673894,7.930704116533448,406.4445801679392,437.368205859671,627.3474061854878,0.23339590098708082,0.009166666666666667,0.07382747395833335,0.31639004161208084,2.2436099583879194,0.9011281119962248,371.08350830078126,0.0,0.0,371.08350830078126,498.78350830078125,4705.105546391158,251.37640380859375,30.0,616.4445801679392,47.38208016793919,0,P01_GAMMA06_M004_00_A00,P01_GAMMA06_M004_00,P01,M004,569.0625,810.6796875,241.6171875,1.9307041165334482,6.0
E52_a77602565c04dca5831f9b7a,7.226847691751971,15.758600383852013,7.226847691751971,295.3505394617105,322.31471665694164,428.9160157520343,0.16578365241547813,0.009166666666666667,0.07382747395833335,0.24877779304047815,2.3112222069595223,0.9222569396748506,323.57012634277345,0.0,0.0,323.57012634277345,451.27012634277344,3216.870118140257,284.58648681640625,30.0,505.3505394617105,0.0,1,P01_GAMMA06_M004_00_A00,P01_GAMMA06_M004_00,P01,M004,569.0625,810.6796875,241.6171875,1.2268476917519706,6.0
E52_b544b4d7beda1d6ed7fbeefb,6.624489648728769,16.252686834440453,6.624489648728769,293.91354735972715,324.49113296153376,404.3615811086144,0.16179511839250177,0.009166666666666667,0.07382747395833335,0.24478925901750176,2.315210740982499,0.9235033565570308,366.9310272216797,0.0,0.0,366.9310272216797,494.6310272216797,3032.711858314608,277.91845703125,30.0,503.91354735972715,0.0,1,P01_GAMMA06_M004_00_A00,P01_GAMMA06_M004_00,P01,M004,569.0625,810.6796875,241.6171875,0.624489648728769,6.0
E52_b7c433bb400c5a28313b13f0,6.994931780108544,16.00220965111248,6.994931780108544,270.63016208552887,291.2047849391259,417.8125870494757,0.1554195344851095,0.009166666666666667,0.07382747395833335,0.23841367511010952,2.321586324889891,0.9254957265280908,246.89547424316407,0.0,0.0,246.89547424316407,374.59547424316406,3133.594402871068,284.58648681640625,30.0,480.63016208552887,0.0,1,P01_GAMMA06_M004_00_A00,P01_GAMMA06_M004_00,P01,M004,569.0625,810.6796875,241.6171875,0.9949317801085442,6.0
E52_bfffb2993ede6e2e2bd9340b,8.550811749796935,13.053008949478723,8.550811749796935,400.85355156655817,436.85476820067277,585.6998033284289,0.22550922551216515,0.009166666666666667,0.07382747395833335,0.30850336613716517,2.2514966338628355,0.9035926980821359,432.014599609375,0.0,0.0,432.014599609375,559.714599609375,4392.748524963216,275.29461669921875,30.0,610.8535515665582,41.79105156655817,0,P01_GAMMA06_M004_00_A00,P01_GAMMA06_M004_00,P01,M004,569.0625,810.6796875,241.6171875,2.550811749796935,6.0
E52_c76d93c5902d0dc017f7065c,6.872131676198748,16.05706218628906,6.872131676198748,260.86241804033426,278.57034040361555,415.47730190098105,0.1516149798935124,0.009166666666666667,0.07382747395833335,0.2346091205185124,2.325390879481488,0.9266846498379648,212.495068359375,0.0,0.0,212.495068359375,340.195068359375,3116.079764257358,277.91845703125,30.0,470.86241804033426,0.0,1,P01_GAMMA06_M004_00_A00,P01_GAMMA06_M004_00,P01,M004,569.0625,810.6796875,241.6171875,0.8721316761987481,6.0
E52_d1d4424e0dfaa7a0ce62d445,8.392947896800052,12.872868339328704,8.392947896800052,402.0751033963921,436.37951216917855,598.3237541560654,0.22773150601213982,0.009166666666666667,0.07382747395833335,0.3107256466371398,2.2492743533628605,0.9028982354258939,411.6529052734375,0.0,0.0,411.6529052734375,539.3529052734375,4487.428156170491,269.83203125,30.0,612.075103396392,43.012603396392024,0,P01_GAMMA06_M004_00_A00,P01_GAMMA06_M004_00,P01,M004,569.0625,810.6796875,241.6171875,2.3929478968000524,6.0
E52_d7f1f5d49edaa9f52000c452,8.721593957893461,12.917919470378578,8.721593957893461,397.7633482290822,431.12867517406926,595.3347347882426,0.22577474843651651,0.009166666666666667,0.07382747395833335,0.3087688890615165,2.251231110938484,0.9035097221682761,400.38392333984376,0.0,0.0,400.38392333984376,528.0839233398438,4465.010510911819,278.08392333984375,30.0,607.7633482290822,38.700848229082226,0,P01_GAMMA06_M004_00_A00,P01_GAMMA06_M004_00,P01,M004,569.0625,810.6796875,241.6171875,2.721593957893461,6.0
E52_dbe1bedc9b83d29f34556dbd,9.039121638491565,13.016499113861627,9.039121638491565,387.86022911882606,419.0031732004504,588.862793747906,0.22133620210273125,0.009166666666666667,0.07382747395833335,0.30433034272773124,2.255669657272269,0.904896767897584,373.7153289794922,0.0,0.0,373.7153289794922,501.4153289794922,4416.470953109295,232.19436645507812,30.0,597.860229118826,28.797729118826055,0,P01_GAMMA06_M004_00_A00,P01_GAMMA06_M004_00,P01,M004,569.0625,810.6796875,241.6171875,3.039121638491565,6.0
E52_dc4c132291b7b9525a26c82f,6.641381522308279,16.290878065555617,6.641381522308279,256.41354735972715,274.49113296153376,404.3615811086144,0.14845852840407586,0.009166666666666667,0.07382747395833335,0.23145266902907585,2.328547330970925,0.9276710409284138,216.9310272216797,0.0,0.0,216.9310272216797,344.6310272216797,3032.711858314608,277.91845703125,30.0,466.41354735972715,0.0,1,P01_GAMMA06_M004_00_A00,P01_GAMMA06_M004_00,P01,M004,569.0625,810.6796875,241.6171875,0.6413815223082793,6.0
E52_eb490529b308e18523949520,7.572805011676465,12.235001379754962,7.572805011676465,417.9327582223269,449.8180932544721,644.5535062517828,0.23991836791670462,0.009166666666666667,0.07382747395833335,0.3229125085417046,2.237087491458296,0.8990898410807173,382.6240203857422,0.0,0.0,382.6240203857422,510.3240203857422,4834.151296888371,255.67149353027344,30.0,627.9327582223269,58.870258222326925,0,P01_GAMMA06_M004_00_A00,P01_GAMMA06_M004_00,P01,M004,569.0625,810.6796875,241.6171875,1.572805011676465,6.0
E52_eddf192c3626d88d236d26e4,6.195787260181007,17.034187922993553,6.195787260181007,241.72684180786888,260.473536754158,370.9735139380034,0.13850678679446915,0.009166666666666667,0.07382747395833335,0.22150092741946914,2.3384990725805315,0.9307809601814159,224.96033935546876,0.0,0.0,224.96033935546876,352.66033935546875,2782.3013545350254,199.07135009765625,30.0,451.7268418078689,0.0,1,P01_GAMMA06_M004_00_A00,P01_GAMMA06_M004_00,P01,M004,569.0625,810.6796875,241.6171875,0.19578726018100667,6.0
E52_ede4029bd5e695a7a0c85289,8.73759904763891,12.925612211179384,8.73759904763891,385.2633482290822,414.4620085074026,595.3347347882426,0.22132921844037454,0.009166666666666667,0.07382747395833335,0.30432335906537455,2.255676640934626,0.9048989502920705,350.38392333984376,0.0,0.0,350.38392333984376,478.08392333984375,4465.010510911819,278.08392333984375,30.0,595.2633482290822,26.200848229082226,0,P01_GAMMA06_M004_00_A00,P01_GAMMA06_M004_00,P01,M004,569.0625,810.6796875,241.6171875,2.737599047638909,6.0
E52_24cc4f01335372459fb4c2ba,6.1310389492713,12.909161020133865,6.1310389492713,410.2633482290822,447.7953418407359,595.3347347882426,0.23022027843265847,0.009166666666666667,0.07382747395833335,0.31321441905765846,2.2467855809423423,0.9021204940444817,450.38392333984376,0.0,0.0,450.38392333984376,578.0839233398438,4465.010510911819,278.08392333984375,30.0,620.2633482290822,0.0,1,P01_GAMMA06_M004_00_A01,P01_GAMMA06_M004_00,P01,M004,810.6796875,1052.296875,241.6171875,0.1310389492713,6.0
E52_2dadfb43d7dd9558e21effa9,6.345543613126054,12.85982438864363,6.345543613126054,396.07517918576866,428.1792069974549,599.5261915014202,0.22576797164618329,0.009166666666666667,0.07382747395833335,0.3087621122711833,2.2512378877288173,0.9035118399152552,385.2483337402344,0.0,0.0,385.2483337402344,512.9483337402344,4496.446436260651,248.30487060546875,30.0,606.0751791857687,0.0,1,P01_GAMMA06_M004_00_A01,P01_GAMMA06_M004_00,P01,M004,810.6796875,1052.296875,241.6171875,0.3455436131260541,6.0
E52_2e64690809088e2a96fb2160,8.679270299878695,9.500767968691491,8.679270299878695,523.7789293194231,550.945126524013,884.5606754113072,0.31155234822715455,0.009166666666666667,0.07382747395833335,0.39454648885215454,2.165453511147846,0.8767042222337017,325.99436645507814,0.0,0.0,325.99436645507814,453.6943664550781,6634.205065584804,329.6845703125,30.0,733.7789293194231,0.0,1,P01_GAMMA06_M004_00_A01,P01_GAMMA06_M004_00,P01,M004,810.6796875,1052.296875,241.6171875,2.679270299878695,6.0
E52_357bbbd4dc4420221c875ea3,7.575644866037791,12.241245229232817,7.575644866037791,405.4327582223269,433.1514265878055,644.5535062517828,0.23547283792056264,0.009166666666666667,0.07382747395833335,0.31846697854556266,2.241533021454438,0.9004790692045117,332.6240203857422,0.0,0.0,332.6240203857422,460.3240203857422,4834.151296888371,255.67149353027344,30.0,615.4327582223269,0.0,1,P01_GAMMA06_M004_00_A01,P01_GAMMA06_M004_00,P01,M004,810.6796875,1052.296875,241.6171875,1.5756448660377913,6.0
E52_413d3eff5d481ef66f8d3068,8.633194439323105,9.493762996477216,8.633194439323105,548.7789293194231,584.2784598573463,884.5606754113072,0.3204434082194385,0.009166666666666667,0.07382747395833335,0.4034375488444385,2.156562451155562,0.873925765986113,425.99436645507814,0.0,0.0,425.99436645507814,553.6943664550781,6634.205065584804,329.6845703125,30.0,758.7789293194231,0.0,1,P01_GAMMA06_M004_00_A01,P01_GAMMA06_M004_00,P01,M004,810.6796875,1052.296875,241.6171875,2.6331944393231055,6.0
E52_7e5f4a4eaf9aa5b10576997a,6.0680963914717125,13.086620585622072,6.0680963914717125,384.11958913832314,414.7999833745699,584.1568128591658,0.21933939564120059,0.009166666666666667,0.07382747395833335,0.3023335362662006,2.2576664637337998,0.9055207699168123,368.16473083496095,0.0,0.0,368.16473083496095,495.86473083496094,4381.1760964437435,247.829345703125,30.0,594.1195891383231,0.0,1,P01_GAMMA06_M004_00_A01,P01_GAMMA06_M004_00,P01,M004,810.6796875,1052.296875,241.6171875,0.06809639147171254,6.0
E52_88c1c7aba1fcf94c58dad20e,8.658198319284566,9.497510042154289,8.658198319284566,536.2789293194231,567.6117931906797,884.5606754113072,0.3159978782232965,0.009166666666666667,0.07382747395833335,0.3989920188482965,2.161007981151704,0.8753149941099073,375.99436645507814,0.0,0.0,375.99436645507814,503.6943664550781,6634.205065584804,329.6845703125,30.0,746.2789293194231,0.0,1,P01_GAMMA06_M004_00_A01,P01_GAMMA06_M004_00,P01,M004,810.6796875,1052.296875,241.6171875,2.6581983192845655,6.0
E52_924cec2d58c933358893a332,7.352343479023318,12.302862284422105,7.352343479023318,416.670444788364,448.9844576972996,639.4568121231148,0.23874762537865796,0.009166666666666667,0.07382747395833335,0.32174176600365795,2.2382582339963424,0.8994556981238568,387.7681549072266,0.0,0.0,387.7681549072266,515.4681549072266,4795.926090923361,252.644287109375,30.0,626.670444788364,0.0,1,P01_GAMMA06_M004_00_A01,P01_GAMMA06_M004_00,P01,M004,810.6796875,1052.296875,241.6171875,1.3523434790233182,6.0
E52_96da4f081c74d8211b4b244f,6.937264214523168,12.47027426673894,6.937264214523168,406.4445801679392,437.368205859671,627.3474061854878,0.23339590098708082,0.009166666666666667,0.07382747395833335,0.31639004161208084,2.2436099583879194,0.9011281119962248,371.08350830078126,0.0,0.0,371.08350830078126,498.78350830078125,4705.105546391158,251.37640380859375,30.0,616.4445801679392,0.0,1,P01_GAMMA06_M004_00_A01,P01_GAMMA06_M004_00,P01,M004,810.6796875,1052.296875,241.6171875,0.937264214523168,6.0
E52_d7f1f5d49edaa9f52000c452,6.146184073429467,12.917919470378578,6.146184073429467,397.7633482290822,431.12867517406926,595.3347347882426,0.22577474843651651,0.009166666666666667,0.07382747395833335,0.3087688890615165,2.251231110938484,0.9035097221682761,400.38392333984376,0.0,0.0,400.38392333984376,528.0839233398438,4465.010510911819,278.08392333984375,30.0,607.7633482290822,0.0,1,P01_GAMMA06_M004_00_A01,P01_GAMMA06_M004_00,P01,M004,810.6796875,1052.296875,241.6171875,0.14618407342946682,6.0
E52_dbe1bedc9b83d29f34556dbd,6.244700193731603,13.016499113861627,6.244700193731603,387.86022911882606,419.0031732004504,588.862793747906,0.22133620210273125,0.009166666666666667,0.07382747395833335,0.30433034272773124,2.255669657272269,0.904896767897584,373.7153289794922,0.0,0.0,373.7153289794922,501.4153289794922,4416.470953109295,232.19436645507812,30.0,597.860229118826,0.0,1,P01_GAMMA06_M004_00_A01,P01_GAMMA06_M004_00,P01,M004,810.6796875,1052.296875,241.6171875,0.24470019373160312,6.0
E52_eb490529b308e18523949520,7.558875109955238,12.235001379754962,7.558875109955238,417.9327582223269,449.8180932544721,644.5535062517828,0.23991836791670462,0.009166666666666667,0.07382747395833335,0.3229125085417046,2.237087491458296,0.8990898410807173,382.6240203857422,0.0,0.0,382.6240203857422,510.3240203857422,4834.151296888371,255.67149353027344,30.0,627.9327582223269,0.0,1,P01_GAMMA06_M004_00_A01,P01_GAMMA06_M004_00,P01,M004,810.6796875,1052.296875,241.6171875,1.5588751099552383,6.0
E52_ede4029bd5e695a7a0c85289,6.159100800556587,12.925612211179384,6.159100800556587,385.2633482290822,414.4620085074026,595.3347347882426,0.22132921844037454,0.009166666666666667,0.07382747395833335,0.30432335906537455,2.255676640934626,0.9048989502920705,350.38392333984376,0.0,0.0,350.38392333984376,478.08392333984375,4465.010510911819,278.08392333984375,30.0,595.2633482290822,0.0,1,P01_GAMMA06_M004_00_A01,P01_GAMMA06_M004_00,P01,M004,810.6796875,1052.296875,241.6171875,0.15910080055658682,6.0
E52_24cc4f01335372459fb4c2ba,6.1310389492713,12.909161020133865,6.1310389492713,410.2633482290822,447.7953418407359,595.3347347882426,0.23022027843265847,0.009166666666666667,0.07382747395833335,0.31321441905765846,2.2467855809423423,0.9021204940444817,450.38392333984376,0.0,0.0,450.38392333984376,578.0839233398438,4465.010510911819,278.08392333984375,30.0,620.2633482290822,0.0,1,P01_GAMMA06_M004_00_A02,P01_GAMMA06_M004_00,P01,M004,1052.296875,1293.9140625,241.6171875,0.1310389492713,6.0
E52_2dadfb43d7dd9558e21effa9,6.345543613126054,12.85982438864363,6.345543613126054,396.07517918576866,428.1792069974549,599.5261915014202,0.22576797164618329,0.009166666666666667,0.07382747395833335,0.3087621122711833,2.2512378877288173,0.9035118399152552,385.2483337402344,0.0,0.0,385.2483337402344,512.9483337402344,4496.446436260651,248.30487060546875,30.0,606.0751791857687,0.0,1,P01_GAMMA06_M004_00_A02,P01_GAMMA06_M004_00,P01,M004,1052.296875,1293.9140625,241.6171875,0.3455436131260541,6.0
E52_2e64690809088e2a96fb2160,8.679270299878695,9.500767968691491,8.679270299878695,523.7789293194231,550.945126524013,884.5606754113072,0.31155234822715455,0.009166666666666667,0.07382747395833335,0.39454648885215454,2.165453511147846,0.8767042222337017,325.99436645507814,0.0,0.0,325.99436645507814,453.6943664550781,6634.205065584804,329.6845703125,30.0,733.7789293194231,0.0,1,P01_GAMMA06_M004_00_A02,P01_GAMMA06_M004_00,P01,M004,1052.296875,1293.9140625,241.6171875,2.679270299878695,6.0
E52_357bbbd4dc4420221c875ea3,7.575644866037791,12.241245229232817,7.575644866037791,405.4327582223269,433.1514265878055,644.5535062517828,0.23547283792056264,0.009166666666666667,0.07382747395833335,0.31846697854556266,2.241533021454438,0.9004790692045117,332.6240203857422,0.0,0.0,332.6240203857422,460.3240203857422,4834.151296888371,255.67149353027344,30.0,615.4327582223269,0.0,1,P01_GAMMA06_M004_00_A02,P01_GAMMA06_M004_00,P01,M004,1052.296875,1293.9140625,241.6171875,1.5756448660377913,6.0
E52_413d3eff5d481ef66f8d3068,8.633194439323105,9.493762996477216,8.633194439323105,548.7789293194231,584.2784598573463,884.5606754113072,0.3204434082194385,0.009166666666666667,0.07382747395833335,0.4034375488444385,2.156562451155562,0.873925765986113,425.99436645507814,0.0,0.0,425.99436645507814,553.6943664550781,6634.205065584804,329.6845703125,30.0,758.7789293194231,0.0,1,P01_GAMMA06_M004_00_A02,P01_GAMMA06_M004_00,P01,M004,1052.296875,1293.9140625,241.6171875,2.6331944393231055,6.0
E52_7e5f4a4eaf9aa5b10576997a,6.0680963914717125,13.086620585622072,6.0680963914717125,384.11958913832314,414.7999833745699,584.1568128591658,0.21933939564120059,0.009166666666666667,0.07382747395833335,0.3023335362662006,2.2576664637337998,0.9055207699168123,368.16473083496095,0.0,0.0,368.16473083496095,495.86473083496094,4381.1760964437435,247.829345703125,30.0,594.1195891383231,0.0,1,P01_GAMMA06_M004_00_A02,P01_GAMMA06_M004_00,P01,M004,1052.296875,1293.9140625,241.6171875,0.06809639147171254,6.0
E52_88c1c7aba1fcf94c58dad20e,8.658198319284566,9.497510042154289,8.658198319284566,536.2789293194231,567.6117931906797,884.5606754113072,0.3159978782232965,0.009166666666666667,0.07382747395833335,0.3989920188482965,2.161007981151704,0.8753149941099073,375.99436645507814,0.0,0.0,375.99436645507814,503.6943664550781,6634.205065584804,329.6845703125,30.0,746.2789293194231,0.0,1,P01_GAMMA06_M004_00_A02,P01_GAMMA06_M004_00,P01,M004,1052.296875,1293.9140625,241.6171875,2.6581983192845655,6.0
E52_924cec2d58c933358893a332,7.352343479023318,12.302862284422105,7.352343479023318,416.670444788364,448.9844576972996,639.4568121231148,0.23874762537865796,0.009166666666666667,0.07382747395833335,0.32174176600365795,2.2382582339963424,0.8994556981238568,387.7681549072266,0.0,0.0,387.7681549072266,515.4681549072266,4795.926090923361,252.644287109375,30.0,626.670444788364,0.0,1,P01_GAMMA06_M004_00_A02,P01_GAMMA06_M004_00,P01,M004,1052.296875,1293.9140625,241.6171875,1.3523434790233182,6.0
E52_96da4f081c74d8211b4b244f,6.937264214523168,12.47027426673894,6.937264214523168,406.4445801679392,437.368205859671,627.3474061854878,0.23339590098708082,0.009166666666666667,0.07382747395833335,0.31639004161208084,2.2436099583879194,0.9011281119962248,371.08350830078126,0.0,0.0,371.08350830078126,498.78350830078125,4705.105546391158,251.37640380859375,30.0,616.4445801679392,0.0,1,P01_GAMMA06_M004_00_A02,P01_GAMMA06_M004_00,P01,M004,1052.296875,1293.9140625,241.6171875,0.937264214523168,6.0
E52_d7f1f5d49edaa9f52000c452,6.146184073429467,12.917919470378578,6.146184073429467,397.7633482290822,431.12867517406926,595.3347347882426,0.22577474843651651,0.009166666666666667,0.07382747395833335,0.3087688890615165,2.251231110938484,0.9035097221682761,400.38392333984376,0.0,0.0,400.38392333984376,528.0839233398438,4465.010510911819,278.08392333984375,30.0,607.7633482290822,0.0,1,P01_GAMMA06_M004_00_A02,P01_GAMMA06_M004_00,P01,M004,1052.296875,1293.9140625,241.6171875,0.14618407342946682,6.0
E52_dbe1bedc9b83d29f34556dbd,6.244700193731603,13.016499113861627,6.244700193731603,387.86022911882606,419.0031732004504,588.862793747906,0.22133620210273125,0.009166666666666667,0.07382747395833335,0.30433034272773124,2.255669657272269,0.904896767897584,373.7153289794922,0.0,0.0,373.7153289794922,501.4153289794922,4416.470953109295,232.19436645507812,30.0,597.860229118826,0.0,1,P01_GAMMA06_M004_00_A02,P01_GAMMA06_M004_00,P01,M004,1052.296875,1293.9140625,241.6171875,0.24470019373160312,6.0
E52_eb490529b308e18523949520,7.558875109955238,12.235001379754962,7.558875109955238,417.9327582223269,449.8180932544721,644.5535062517828,0.23991836791670462,0.009166666666666667,0.07382747395833335,0.3229125085417046,2.237087491458296,0.8990898410807173,382.6240203857422,0.0,0.0,382.6240203857422,510.3240203857422,4834.151296888371,255.67149353027344,30.0,627.9327582223269,0.0,1,P01_GAMMA06_M004_00_A02,P01_GAMMA06_M004_00,P01,M004,1052.296875,1293.9140625,241.6171875,1.5588751099552383,6.0
E52_ede4029bd5e695a7a0c85289,6.159100800556587,12.925612211179384,6.159100800556587,385.2633482290822,414.4620085074026,595.3347347882426,0.22132921844037454,0.009166666666666667,0.07382747395833335,0.30432335906537455,2.255676640934626,0.9048989502920705,350.38392333984376,0.0,0.0,350.38392333984376,478.08392333984375,4465.010510911819,278.08392333984375,30.0,595.2633482290822,0.0,1,P01_GAMMA06_M004_00_A02,P01_GAMMA06_M004_00,P01,M004,1052.296875,1293.9140625,241.6171875,0.15910080055658682,6.0
E52_060143e4033ea7dfc142ce26,6.409481421730206,13.051384290227645,6.409481421730206,390.52156568077555,422.97629514244545,586.3147545915316,0.2219218246513189,0.009166666666666667,0.07382747395833335,0.3049159652763189,2.255084034723682,0.9047137608511503,389.4567535400391,0.0,0.0,389.4567535400391,517.1567535400391,4397.360659436487,293.1027526855469,30.0,600.5215656807756,0.0,1,P01_GAMMA06_M004_00_A03,P01_GAMMA06_M004_00,P01,M004,1293.9140625,1535.53125,241.6171875,0.40948142173020585,6.0
E52_24cc4f01335372459fb4c2ba,8.702438835023031,12.909161020133865,8.702438835023031,410.2633482290822,447.7953418407359,595.3347347882426,0.23022027843265847,0.009166666666666667,0.07382747395833335,0.31321441905765846,2.2467855809423423,0.9021204940444817,450.38392333984376,0.0,0.0,450.38392333984376,578.0839233398438,4465.010510911819,278.08392333984375,30.0,620.2633482290822,0.0,1,P01_GAMMA06_M004_00_A03,P01_GAMMA06_M004_00,P01,M004,1293.9140625,1535.53125,241.6171875,2.702438835023031,6.0
E52_2cea01313b8862fcfb6b2e63,6.054243555903682,16.460055432828085,6.054243555903682,259.5957489704318,280.08528245838755,396.2542970131293,0.148442074342722,0.009166666666666667,0.07382747395833335,0.231436214967722,2.3285637850322787,0.9276761828225869,245.87440185546876,0.0,0.0,245.87440185546876,373.57440185546875,2971.90722759847,231.8917236328125,30.0,469.5957489704318,0.0,1,P01_GAMMA06_M004_00_A03,P01_GAMMA06_M004_00,P01,M004,1293.9140625,1535.53125,241.6171875,0.054243555903681795,6.0
E52_2dadfb43d7dd9558e21effa9,8.669815268437915,12.85982438864363,8.669815268437915,396.07517918576866,428.1792069974549,599.5261915014202,0.22576797164618329,0.009166666666666667,0.07382747395833335,0.3087621122711833,2.2512378877288173,0.9035118399152552,385.2483337402344,0.0,0.0,385.2483337402344,512.9483337402344,4496.446436260651,248.30487060546875,30.0,606.0751791857687,0.0,1,P01_GAMMA06_M004_00_A03,P01_GAMMA06_M004_00,P01,M004,1293.9140625,1535.53125,241.6171875,2.6698152684379153,6.0
E52_357bbbd4dc4420221c875ea3,7.5847761664181235,12.241245229232817,7.5847761664181235,405.4327582223269,433.1514265878055,644.5535062517828,0.23547283792056264,0.009166666666666667,0.07382747395833335,0.31846697854556266,2.241533021454438,0.9004790692045117,332.6240203857422,0.0,0.0,332.6240203857422,460.3240203857422,4834.151296888371,255.67149353027344,30.0,615.4327582223269,0.0,1,P01_GAMMA06_M004_00_A03,P01_GAMMA06_M004_00,P01,M004,1293.9140625,1535.53125,241.6171875,1.5847761664181235,6.0
E52_50c718ca7f326f764494c89d,8.59958204584241,13.080943299176411,8.59958204584241,350.85355156655817,370.1881015340061,585.6998033284289,0.20772710552759727,0.009166666666666667,0.07382747395833335,0.29072124615259726,2.269278753847403,0.9091496105773134,232.014599609375,0.0,0.0,232.014599609375,359.714599609375,4392.748524963216,275.29461669921875,30.0,560.8535515665582,0.0,1,P01_GAMMA06_M004_00_A03,P01_GAMMA06_M004_00,P01,M004,1293.9140625,1535.53125,241.6171875,2.5995820458424106,6.0
E52_7e5f4a4eaf9aa5b10576997a,9.131074910817262,13.086620585622072,9.131074910817262,384.11958913832314,414.7999833745699,584.1568128591658,0.21933939564120059,0.009166666666666667,0.07382747395833335,0.3023335362662006,2.2576664637337998,0.9055207699168123,368.16473083496095,0.0,0.0,368.16473083496095,495.86473083496094,4381.1760964437435,247.829345703125,30.0,594.1195891383231,0.0,1,P01_GAMMA06_M004_00_A03,P01_GAMMA06_M004_00,P01,M004,1293.9140625,1535.53125,241.6171875,3.1310749108172615,6.0
E52_924cec2d58c933358893a332,7.672722806870354,12.302862284422105,7.672722806870354,416.670444788364,448.9844576972996,639.4568121231148,0.23874762537865796,0.009166666666666667,0.07382747395833335,0.32174176600365795,2.2382582339963424,0.8994556981238568,387.7681549072266,0.0,0.0,387.7681549072266,515.4681549072266,4795.926090923361,252.644287109375,30.0,626.670444788364,0.0,1,P01_GAMMA06_M004_00_A03,P01_GAMMA06_M004_00,P01,M004,1293.9140625,1535.53125,241.6171875,1.672722806870354,6.0
E52_96da4f081c74d8211b4b244f,7.931535241281182,12.47027426673894,7.931535241281182,406.4445801679392,437.368205859671,627.3474061854878,0.23339590098708082,0.009166666666666667,0.07382747395833335,0.31639004161208084,2.2436099583879194,0.9011281119962248,371.08350830078126,0.0,0.0,371.08350830078126,498.78350830078125,4705.105546391158,251.37640380859375,30.0,616.4445801679392,0.0,1,P01_GAMMA06_M004_00_A03,P01_GAMMA06_M004_00,P01,M004,1293.9140625,1535.53125,241.6171875,1.931535241281182,6.0
E52_a77602565c04dca5831f9b7a,7.22607156220306,15.758600383852013,7.22607156220306,295.3505394617105,322.31471665694164,428.9160157520343,0.16578365241547813,0.009166666666666667,0.07382747395833335,0.24877779304047815,2.3112222069595223,0.9222569396748506,323.57012634277345,0.0,0.0,323.57012634277345,451.27012634277344,3216.870118140257,284.58648681640625,30.0,505.3505394617105,0.0,1,P01_GAMMA06_M004_00_A03,P01_GAMMA06_M004_00,P01,M004,1293.9140625,1535.53125,241.6171875,1.2260715622030602,6.0
E52_b544b4d7beda1d6ed7fbeefb,6.6237656573800905,16.252686834440453,6.6237656573800905,293.91354735972715,324.49113296153376,404.3615811086144,0.16179511839250177,0.009166666666666667,0.07382747395833335,0.24478925901750176,2.315210740982499,0.9235033565570308,366.9310272216797,0.0,0.0,366.9310272216797,494.6310272216797,3032.711858314608,277.91845703125,30.0,503.91354735972715,0.0,1,P01_GAMMA06_M004_00_A03,P01_GAMMA06_M004_00,P01,M004,1293.9140625,1535.53125,241.6171875,0.6237656573800905,6.0
E52_b7c433bb400c5a28313b13f0,6.9941736345185745,16.00220965111248,6.9941736345185745,270.63016208552887,291.2047849391259,417.8125870494757,0.1554195344851095,0.009166666666666667,0.07382747395833335,0.23841367511010952,2.321586324889891,0.9254957265280908,246.89547424316407,0.0,0.0,246.89547424316407,374.59547424316406,3133.594402871068,284.58648681640625,30.0,480.63016208552887,0.0,1,P01_GAMMA06_M004_00_A03,P01_GAMMA06_M004_00,P01,M004,1293.9140625,1535.53125,241.6171875,0.9941736345185745,6.0
E52_bfffb2993ede6e2e2bd9340b,8.551596479253433,13.053008949478723,8.551596479253433,400.85355156655817,436.85476820067277,585.6998033284289,0.22550922551216515,0.009166666666666667,0.07382747395833335,0.30850336613716517,2.2514966338628355,0.9035926980821359,432.014599609375,0.0,0.0,432.014599609375,559.714599609375,4392.748524963216,275.29461669921875,30.0,610.8535515665582,0.0,1,P01_GAMMA06_M004_00_A03,P01_GAMMA06_M004_00,P01,M004,1293.9140625,1535.53125,241.6171875,2.5515964792534334,6.0
E52_c76d93c5902d0dc017f7065c,6.87138695316942,16.05706218628906,6.87138695316942,260.86241804033426,278.57034040361555,415.47730190098105,0.1516149798935124,0.009166666666666667,0.07382747395833335,0.2346091205185124,2.325390879481488,0.9266846498379648,212.495068359375,0.0,0.0,212.495068359375,340.195068359375,3116.079764257358,277.91845703125,30.0,470.86241804033426,0.0,1,P01_GAMMA06_M004_00_A03,P01_GAMMA06_M004_00,P01,M004,1293.9140625,1535.53125,241.6171875,0.87138695316942,6.0
E52_d1d4424e0dfaa7a0ce62d445,8.393758004242514,12.872868339328704,8.393758004242514,402.0751033963921,436.37951216917855,598.3237541560654,0.22773150601213982,0.009166666666666667,0.07382747395833335,0.3107256466371398,2.2492743533628605,0.9028982354258939,411.6529052734375,0.0,0.0,411.6529052734375,539.3529052734375,4487.428156170491,269.83203125,30.0,612.075103396392,0.0,1,P01_GAMMA06_M004_00_A03,P01_GAMMA06_M004_00,P01,M004,1293.9140625,1535.53125,241.6171875,2.393758004242514,6.0
E52_d7f1f5d49edaa9f52000c452,8.722486936888885,12.917919470378578,8.722486936888885,397.7633482290822,431.12867517406926,595.3347347882426,0.22577474843651651,0.009166666666666667,0.07382747395833335,0.3087688890615165,2.251231110938484,0.9035097221682761,400.38392333984376,0.0,0.0,400.38392333984376,528.0839233398438,4465.010510911819,278.08392333984375,30.0,607.7633482290822,0.0,1,P01_GAMMA06_M004_00_A03,P01_GAMMA06_M004_00,P01,M004,1293.9140625,1535.53125,241.6171875,2.7224869368888847,6.0
E52_dbe1bedc9b83d29f34556dbd,9.040075450846217,13.016499113861627,9.040075450846217,387.86022911882606,419.0031732004504,588.862793747906,0.22133620210273125,0.009166666666666667,0.07382747395833335,0.30433034272773124,2.255669657272269,0.904896767897584,373.7153289794922,0.0,0.0,373.7153289794922,501.4153289794922,4416.470953109295,232.19436645507812,30.0,597.860229118826,0.0,1,P01_GAMMA06_M004_00_A03,P01_GAMMA06_M004_00,P01,M004,1293.9140625,1535.53125,241.6171875,3.040075450846217,6.0
E52_dc4c132291b7b9525a26c82f,6.640654709749583,16.290878065555617,6.640654709749583,256.41354735972715,274.49113296153376,404.3615811086144,0.14845852840407586,0.009166666666666667,0.07382747395833335,0.23145266902907585,2.328547330970925,0.9276710409284138,216.9310272216797,0.0,0.0,216.9310272216797,344.6310272216797,3032.711858314608,277.91845703125,30.0,466.41354735972715,0.0,1,P01_GAMMA06_M004_00_A03,P01_GAMMA06_M004_00,P01,M004,1293.9140625,1535.53125,241.6171875,0.6406547097495832,6.0
E52_eb490529b308e18523949520,7.573619085645944,12.235001379754962,7.573619085645944,417.9327582223269,449.8180932544721,644.5535062517828,0.23991836791670462,0.009166666666666667,0.07382747395833335,0.3229125085417046,2.237087491458296,0.8990898410807173,382.6240203857422,0.0,0.0,382.6240203857422,510.3240203857422,4834.151296888371,255.67149353027344,30.0,627.9327582223269,0.0,1,P01_GAMMA06_M004_00_A03,P01_GAMMA06_M004_00,P01,M004,1293.9140625,1535.53125,241.6171875,1.5736190856459444,6.0
E52_eddf192c3626d88d236d26e4,6.19508492186074,17.034187922993553,6.19508492186074,241.72684180786888,260.473536754158,370.9735139380034,0.13850678679446915,0.009166666666666667,0.07382747395833335,0.22150092741946914,2.3384990725805315,0.9307809601814159,224.96033935546876,0.0,0.0,224.96033935546876,352.66033935546875,2782.3013545350254,199.07135009765625,30.0,451.7268418078689,0.0,1,P01_GAMMA06_M004_00_A03,P01_GAMMA06_M004_00,P01,M004,1293.9140625,1535.53125,241.6171875,0.19508492186074022,6.0
E52_ede4029bd5e695a7a0c85289,8.73849532394874,12.925612211179384,8.73849532394874,385.2633482290822,414.4620085074026,595.3347347882426,0.22132921844037454,0.009166666666666667,0.07382747395833335,0.30432335906537455,2.255676640934626,0.9048989502920705,350.38392333984376,0.0,0.0,350.38392333984376,478.08392333984375,4465.010510911819,278.08392333984375,30.0,595.2633482290822,0.0,1,P01_GAMMA06_M004_00_A03,P01_GAMMA06_M004_00,P01,M004,1293.9140625,1535.53125,241.6171875,2.73849532394874,6.0
E52_0c9d91fc306062a18ada9948,6.6994788197632005,15.697900697510477,6.6994788197632005,331.42241999480143,370.2725110389095,429.7442937249544,0.1787296459836012,0.009166666666666667,0.0874318576388889,0.27532817028915674,2.284671829710844,0.9139599467846385,466.2010925292969,0.0,0.0,466.2010925292969,593.9010925292969,3223.082202937158,326.7436828613281,30.0,541.4224199948014,0.0,1,P01_GAMMA06_M005_00_A00,P01_GAMMA06_M005_00,P01,M005,674.71875,960.859375,286.140625,0.6994788197632005,6.0
E52_231de36c6439da832299e30f,13.014831537109814,16.451156269229884,13.014831537109814,336.2639482811268,383.1573412254627,391.1675388962379,0.1749881335365896,0.009166666666666667,0.0874318576388889,0.27158665784214514,2.288413342157855,0.9151291694243296,562.7207153320312,0.0,0.0,562.7207153320312,690.4207153320312,2933.7565417217843,390.42071533203125,30.0,546.2639482811268,0.0,1,P01_GAMMA06_M005_00_A00,P01_GAMMA06_M005_00,P01,M005,674.71875,960.859375,286.140625,7.0148315371098136,6.0
E52_27bf01e9e990859ae5993708,6.99828513729183,15.932490639468014,6.99828513729183,318.6138217216496,355.0514931287134,418.60161500091635,0.17259630304263499,0.009166666666666667,0.0874318576388889,0.26919482734819056,2.29080517265181,0.9158766164536905,437.25205688476564,0.0,0.0,437.25205688476564,564.9520568847656,3139.5121125068727,326.2397766113281,30.0,528.6138217216496,0.0,1,P01_GAMMA06_M005_00_A00,P01_GAMMA06_M005_00,P01,M005,674.71875,960.859375,286.140625,0.9982851372918304,6.0
E52_27bf1882d0e1a812c8450c72,8.066473665446551,16.18675851321828,8.066473665446551,334.03154784809436,377.9609795090644,404.48650573036844,0.17608047258726683,0.009166666666666667,0.0874318576388889,0.2726789968928224,2.287321003107178,0.914787813470993,527.1531799316406,0.0,0.0,527.1531799316406,654.8531799316406,3033.648792977763,359.1753845214844,30.0,544.0315478480943,0.0,1,P01_GAMMA06_M005_00_A00,P01_GAMMA06_M005_00,P01,M005,674.71875,960.859375,286.140625,2.0664736654465514,6.0
E52_27fdcb9bc2da20af468e67a1,6.2609655221280605,15.630401191469062,6.2609655221280605,333.5201066466774,372.5049327982074,433.1312563841751,0.1799553449394086,0.009166666666666667,0.0874318576388889,0.27655386924496417,2.283446130755036,0.9135769158609487,467.8179138183594,0.0,0.0,467.8179138183594,595.5179138183594,3248.4844228813135,322.1230773925781,30.0,543.5201066466774,0.0,1,P01_GAMMA06_M005_00_A00,P01_GAMMA06_M005_00,P01,M005,674.71875,960.859375,286.140625,0.26096552212806046,6.0
E52_2d7a36258a59c18fc6a856bf,7.690788292609653,16.662039037059316,7.690788292609653,318.72117968179435,361.17160743651436,382.73979283526836,0.16755561647288383,0.009166666666666667,0.0874318576388889,0.2641541407784394,2.295845859221561,0.9174518310067377,509.40513305664064,0.0,0.0,509.40513305664064,637.1051330566406,2870.5484462645127,346.4301452636719,30.0,528.7211796817944,0.0,1,P01_GAMMA06_M005_00_A00,P01_GAMMA06_M005_00,P01,M005,674.71875,960.859375,286.140625,1.6907882926096534,6.0
E52_3a94b6482baa2cfaba8a857d,7.8848799329461485,16.425448776817632,7.8848799329461485,326.01303055755295,369.111023518165,393.4381033514341,0.17166403726355467,0.009166666666666667,0.0874318576388889,0.2682625615691102,2.29173743843089,0.9161679495096531,517.1759155273437,0.0,0.0,517.1759155273437,644.8759155273438,2950.785775135756,352.4370422363281,30.0,536.013030557553,0.0,1,P01_GAMMA06_M005_00_A00,P01_GAMMA06_M005_00,P01,M005,674.71875,960.859375,286.140625,1.8848799329461485,6.0
E52_47db2d0d55c92154c779a4c9,8.896722853409045,16.45726286038159,8.896722853409045,312.62709924858126,351.3219092257948,393.08533863388124,0.16685347284684848,0.009166666666666667,0.0874318576388889,0.263451997152404,2.2965480028475964,0.9176712508898738,464.3377197265625,0.0,0.0,464.3377197265625,592.0377197265625,2948.1400397541092,295.61395263671875,30.0,522.6270992485813,0.0,1,P01_GAMMA06_M005_00_A00,P01_GAMMA06_M005_00,P01,M005,674.71875,960.859375,286.140625,2.8967228534090452,6.0
E52_8ca7795ffa642a3b129c0a3d,6.684497330028165,15.730152054416479,6.684497330028165,330.94608252023,369.9122522589995,428.0951466078428,0.17832668261553564,0.009166666666666667,0.0874318576388889,0.2749252069210912,2.2850747930789095,0.914085872837159,467.5940368652344,0.0,0.0,467.5940368652344,595.2940368652344,3210.713599558821,335.390380859375,30.0,540.94608252023,0.0,1,P01_GAMMA06_M005_00_A00,P01_GAMMA06_M005_00,P01,M005,674.71875,960.859375,286.140625,0.6844973300281652,6.0
E52_8d375985c45fff9288668cb3,13.044785403130504,16.222123863058812,13.044785403130504,353.99602207193686,405.21742048909175,400.663653640944,0.182639281392285,0.009166666666666667,0.0874318576388889,0.27923780569784057,2.28076219430216,0.9127381857194248,614.6567810058593,0.0,0.0,614.6567810058593,742.3567810058594,3004.97740230708,442.3567810058594,30.0,563.9960220719369,0.0,1,P01_GAMMA06_M005_00_A00,P01_GAMMA06_M005_00,P01,M005,674.71875,960.859375,286.140625,7.044785403130504,6.0
E52_b60e4d2a4cdcd5801a5d757f,7.223129744899083,16.480566458341656,7.223129744899083,308.26023760270465,345.626388522301,392.32356968783114,0.16519254750221457,0.009166666666666667,0.0874318576388889,0.2617910718077701,2.2982089281922304,0.9181902900600718,448.39381103515626,0.0,0.0,448.39381103515626,576.0938110351562,2942.4267726587336,326.2397766113281,30.0,518.2602376027046,0.0,1,P01_GAMMA06_M005_00_A00,P01_GAMMA06_M005_00,P01,M005,674.71875,960.859375,286.140625,1.223129744899083,6.0
E52_c0294c7ff44d44fc4ede8d97,7.535124944898328,16.7256600789149,7.535124944898328,316.70783025924425,358.9570632507807,379.92026256926977,0.16644027302831577,0.009166666666666667,0.0874318576388889,0.2630387973338713,2.2969612026661292,0.9178003758331652,506.9907958984375,0.0,0.0,506.9907958984375,634.6907958984375,2849.4019692695233,334.6907958984375,30.0,526.7078302592442,0.0,1,P01_GAMMA06_M005_00_A00,P01_GAMMA06_M005_00,P01,M005,674.71875,960.859375,286.140625,1.5351249448983282,6.0
E52_d6d1511afdebb88632549a71,11.869874855075821,16.177909036830457,11.869874855075821,342.76879390848103,389.67749650450963,404.08537224079015,0.1791309979165653,0.009166666666666667,0.0874318576388889,0.2757295222221209,2.2842704777778797,0.9138345243055872,562.9044311523437,0.0,0.0,562.9044311523437,690.6044311523438,3030.640291805926,390.60443115234375,30.0,552.768793908481,0.0,1,P01_GAMMA06_M005_00_A00,P01_GAMMA06_M005_00,P01,M005,674.71875,960.859375,286.140625,5.869874855075821,6.0
E52_dbec4f1422e98765afb262aa,8.357466068706529,16.38523852602286,8.357466068706529,322.5402116809159,364.1002534899979,395.72017250733956,0.1707521496628321,0.009166666666666667,0.0874318576388889,0.26735067396838763,2.2926493260316128,0.9164529143848789,498.7205017089844,0.0,0.0,498.7205017089844,626.4205017089844,2967.901293805047,326.4205017089844,30.0,532.540211680916,0.0,1,P01_GAMMA06_M005_00_A00,P01_GAMMA06_M005_00,P01,M005,674.71875,960.859375,286.140625,2.357466068706529,6.0
E52_de2c36302e014a6d0284c896,7.052722412956243,15.994052628622484,7.052722412956243,325.41177480357015,364.7238282296769,414.95122905049965,0.1744969638873427,0.009166666666666667,0.0874318576388889,0.27109548819289825,2.288904511807102,0.9152826599397192,471.74464111328126,0.0,0.0,471.74464111328126,599.4446411132812,3112.134217878747,325.15069580078125,30.0,535.4117748035701,0.0,1,P01_GAMMA06_M005_00_A00,P01_GAMMA06_M005_00,P01,M005,674.71875,960.859375,286.140625,1.0527224129562427,6.0
E52_f2fabdd802684ffd17ed2273,9.21796744906014,16.925225818485302,9.21796744906014,275.2104023505881,304.60508466259984,374.0527108291059,0.15085104647056902,0.009166666666666667,0.0874318576388889,0.24744957077612456,2.312550429223876,0.9226720091324611,352.73618774414064,0.0,0.0,352.73618774414064,480.4361877441406,2805.395331218294,291.6474609375,30.0,485.2104023505881,0.0,1,P01_GAMMA06_M005_00_A00,P01_GAMMA06_M005_00,P01,M005,674.71875,960.859375,286.140625,3.21796744906014,6.0
E52_0c9d91fc306062a18ada9948,6.6994788197632005,15.697900697510477,6.6994788197632005,331.42241999480143,370.2725110389095,429.7442937249544,0.1787296459836012,0.009166666666666667,0.0874318576388889,0.27532817028915674,2.284671829710844,0.9139599467846385,466.2010925292969,0.0,0.0,466.2010925292969,593.9010925292969,3223.082202937158,326.7436828613281,30.0,541.4224199948014,0.0,1,P01_GAMMA06_M005_00_A01,P01_GAMMA06_M005_00,P01,M005,960.859375,1247.0,286.140625,0.6994788197632005,6.0
E52_231de36c6439da832299e30f,13.014882129495021,16.451156269229884,13.014882129495021,336.2639482811268,383.1573412254627,391.1675388962379,0.1749881335365896,0.009166666666666667,0.0874318576388889,0.27158665784214514,2.288413342157855,0.9151291694243296,562.7207153320312,0.0,0.0,562.7207153320312,690.4207153320312,2933.7565417217843,390.42071533203125,30.0,546.2639482811268,0.0,1,P01_GAMMA06_M005_00_A01,P01_GAMMA06_M005_00,P01,M005,960.859375,1247.0,286.140625,7.014882129495021,6.0
E52_27bf01e9e990859ae5993708,6.99828513729183,15.932490639468014,6.99828513729183,318.6138217216496,355.0514931287134,418.60161500091635,0.17259630304263499,0.009166666666666667,0.0874318576388889,0.26919482734819056,2.29080517265181,0.9158766164536905,437.25205688476564,0.0,0.0,437.25205688476564,564.9520568847656,3139.5121125068727,326.2397766113281,30.0,528.6138217216496,0.0,1,P01_GAMMA06_M005_00_A01,P01_GAMMA06_M005_00,P01,M005,960.859375,1247.0,286.140625,0.9982851372918304,6.0
E52_27bf1882d0e1a812c8450c72,8.066473665446551,16.18675851321828,8.066473665446551,334.03154784809436,377.9609795090644,404.48650573036844,0.17608047258726683,0.009166666666666667,0.0874318576388889,0.2726789968928224,2.287321003107178,0.914787813470993,527.1531799316406,0.0,0.0,527.1531799316406,654.8531799316406,3033.648792977763,359.1753845214844,30.0,544.0315478480943,0.0,1,P01_GAMMA06_M005_00_A01,P01_GAMMA06_M005_00,P01,M005,960.859375,1247.0,286.140625,2.0664736654465514,6.0
E52_27fdcb9bc2da20af468e67a1,6.2609655221280605,15.630401191469062,6.2609655221280605,333.5201066466774,372.5049327982074,433.1312563841751,0.1799553449394086,0.009166666666666667,0.0874318576388889,0.27655386924496417,2.283446130755036,0.9135769158609487,467.8179138183594,0.0,0.0,467.8179138183594,595.5179138183594,3248.4844228813135,322.1230773925781,30.0,543.5201066466774,0.0,1,P01_GAMMA06_M005_00_A01,P01_GAMMA06_M005_00,P01,M005,960.859375,1247.0,286.140625,0.26096552212806046,6.0
E52_2d7a36258a59c18fc6a856bf,7.690788292609653,16.662039037059316,7.690788292609653,318.72117968179435,361.17160743651436,382.73979283526836,0.16755561647288383,0.009166666666666667,0.0874318576388889,0.2641541407784394,2.295845859221561,0.9174518310067377,509.40513305664064,0.0,0.0,509.40513305664064,637.1051330566406,2870.5484462645127,346.4301452636719,30.0,528.7211796817944,0.0,1,P01_GAMMA06_M005_00_A01,P01_GAMMA06_M005_00,P01,M005,960.859375,1247.0,286.140625,1.6907882926096534,6.0
E52_3a94b6482baa2cfaba8a857d,7.8848799329461485,16.425448776817632,7.8848799329461485,326.01303055755295,369.111023518165,393.4381033514341,0.17166403726355467,0.009166666666666667,0.0874318576388889,0.2682625615691102,2.29173743843089,0.9161679495096531,517.1759155273437,0.0,0.0,517.1759155273437,644.8759155273438,2950.785775135756,352.4370422363281,30.0,536.013030557553,0.0,1,P01_GAMMA06_M005_00_A01,P01_GAMMA06_M005_00,P01,M005,960.859375,1247.0,286.140625,1.8848799329461485,6.0
E52_47db2d0d55c92154c779a4c9,8.896722853409045,16.45726286038159,8.896722853409045,312.62709924858126,351.3219092257948,393.08533863388124,0.16685347284684848,0.009166666666666667,0.0874318576388889,0.263451997152404,2.2965480028475964,0.9176712508898738,464.3377197265625,0.0,0.0,464.3377197265625,592.0377197265625,2948.1400397541092,295.61395263671875,30.0,522.6270992485813,0.0,1,P01_GAMMA06_M005_00_A01,P01_GAMMA06_M005_00,P01,M005,960.859375,1247.0,286.140625,2.8967228534090452,6.0
E52_8ca7795ffa642a3b129c0a3d,6.684497330028165,15.730152054416479,6.684497330028165,330.94608252023,369.9122522589995,428.0951466078428,0.17832668261553564,0.009166666666666667,0.0874318576388889,0.2749252069210912,2.2850747930789095,0.914085872837159,467.5940368652344,0.0,0.0,467.5940368652344,595.2940368652344,3210.713599558821,335.390380859375,30.0,540.94608252023,0.0,1,P01_GAMMA06_M005_00_A01,P01_GAMMA06_M005_00,P01,M005,960.859375,1247.0,286.140625,0.6844973300281652,6.0
E52_8d375985c45fff9288668cb3,13.04484442033629,16.222123863058812,13.04484442033629,353.99602207193686,405.21742048909175,400.663653640944,0.182639281392285,0.009166666666666667,0.0874318576388889,0.27923780569784057,2.28076219430216,0.9127381857194248,614.6567810058593,0.0,0.0,614.6567810058593,742.3567810058594,3004.97740230708,442.3567810058594,30.0,563.9960220719369,0.0,1,P01_GAMMA06_M005_00_A01,P01_GAMMA06_M005_00,P01,M005,960.859375,1247.0,286.140625,7.04484442033629,6.0
E52_b60e4d2a4cdcd5801a5d757f,7.223129744899083,16.480566458341656,7.223129744899083,308.26023760270465,345.626388522301,392.32356968783114,0.16519254750221457,0.009166666666666667,0.0874318576388889,0.2617910718077701,2.2982089281922304,0.9181902900600718,448.39381103515626,0.0,0.0,448.39381103515626,576.0938110351562,2942.4267726587336,326.2397766113281,30.0,518.2602376027046,0.0,1,P01_GAMMA06_M005_00_A01,P01_GAMMA06_M005_00,P01,M005,960.859375,1247.0,286.140625,1.223129744899083,6.0
E52_c0294c7ff44d44fc4ede8d97,7.535124944898328,16.7256600789149,7.535124944898328,316.70783025924425,358.9570632507807,379.92026256926977,0.16644027302831577,0.009166666666666667,0.0874318576388889,0.2630387973338713,2.2969612026661292,0.9178003758331652,506.9907958984375,0.0,0.0,506.9907958984375,634.6907958984375,2849.4019692695233,334.6907958984375,30.0,526.7078302592442,0.0,1,P01_GAMMA06_M005_00_A01,P01_GAMMA06_M005_00,P01,M005,960.859375,1247.0,286.140625,1.5351249448983282,6.0
E52_d6d1511afdebb88632549a71,11.869913534999867,16.177909036830457,11.869913534999867,342.76879390848103,389.67749650450963,404.08537224079015,0.1791309979165653,0.009166666666666667,0.0874318576388889,0.2757295222221209,2.2842704777778797,0.9138345243055872,562.9044311523437,0.0,0.0,562.9044311523437,690.6044311523438,3030.640291805926,390.60443115234375,30.0,552.768793908481,0.0,1,P01_GAMMA06_M005_00_A01,P01_GAMMA06_M005_00,P01,M005,960.859375,1247.0,286.140625,5.869913534999867,6.0
E52_dbec4f1422e98765afb262aa,8.357466068706529,16.38523852602286,8.357466068706529,322.5402116809159,364.1002534899979,395.72017250733956,0.1707521496628321,0.009166666666666667,0.0874318576388889,0.26735067396838763,2.2926493260316128,0.9164529143848789,498.7205017089844,0.0,0.0,498.7205017089844,626.4205017089844,2967.901293805047,326.4205017089844,30.0,532.540211680916,0.0,1,P01_GAMMA06_M005_00_A01,P01_GAMMA06_M005_00,P01,M005,960.859375,1247.0,286.140625,2.357466068706529,6.0
E52_de2c36302e014a6d0284c896,7.052722412956243,15.994052628622484,7.052722412956243,325.41177480357015,364.7238282296769,414.95122905049965,0.1744969638873427,0.009166666666666667,0.0874318576388889,0.27109548819289825,2.288904511807102,0.9152826599397192,471.74464111328126,0.0,0.0,471.74464111328126,599.4446411132812,3112.134217878747,325.15069580078125,30.0,535.4117748035701,0.0,1,P01_GAMMA06_M005_00_A01,P01_GAMMA06_M005_00,P01,M005,960.859375,1247.0,286.140625,1.0527224129562427,6.0
E52_f2fabdd802684ffd17ed2273,9.21796744906014,16.925225818485302,9.21796744906014,275.2104023505881,304.60508466259984,374.0527108291059,0.15085104647056902,0.009166666666666667,0.0874318576388889,0.24744957077612456,2.312550429223876,0.9226720091324611,352.73618774414064,0.0,0.0,352.73618774414064,480.4361877441406,2805.395331218294,291.6474609375,30.0,485.2104023505881,0.0,1,P01_GAMMA06_M005_00_A01,P01_GAMMA06_M005_00,P01,M005,960.859375,1247.0,286.140625,3.21796744906014,6.0
E52_060143e4033ea7dfc142ce26,7.244244246224056,13.051384290227645,7.244244246224056,390.52156568077555,422.97629514244545,586.3147545915316,0.2219218246513189,0.009166666666666667,0.07599103009259259,0.30707952141057815,2.2529204785894223,0.9040376495591943,389.4567535400391,0.0,0.0,389.4567535400391,517.1567535400391,4397.360659436487,293.1027526855469,30.0,600.5215656807756,0.0,1,P01_GAMMA06_M006_00_A00,P01_GAMMA06_M006_00,P01,M006,624.125,872.8229166666666,248.69791666666663,1.2442442462240564,6.0
E52_0f45fcab7c66cb90fa618929,7.046048890427372,12.721246579688795,7.046048890427372,427.8988653120833,469.21977900837237,607.8722484464322,0.23826781941132907,0.009166666666666667,0.07599103009259259,0.32342551617058835,2.236574483829412,0.8989295261966912,495.85096435546876,0.0,0.0,495.85096435546876,623.5509643554688,4559.041863348241,326.6978454589844,30.0,637.8988653120832,13.773865312083217,0,P01_GAMMA06_M006_00_A00,P01_GAMMA06_M006_00,P01,M006,624.125,872.8229166666666,248.69791666666663,1.0460488904273717,6.0
E52_12b142f00e8cb4e3948f96c2,7.299386145604728,12.991659521749298,7.299386145604728,402.5936730780369,438.4739485500421,589.9056933240425,0.22672373828986628,0.009166666666666667,0.07599103009259259,0.3118814350491255,2.248118564950875,0.9025370515471483,430.5633056640625,0.0,0.0,430.5633056640625,558.2633056640625,4424.292699930319,284.7546081542969,30.0,612.5936730780369,0.0,1,P01_GAMMA06_M006_00_A00,P01_GAMMA06_M006_00,P01,M006,624.125,872.8229166666666,248.69791666666663,1.2993861456047284,6.0
E52_132fcaf6d631eae41e83e018,7.019374657705171,12.621037374336296,7.019374657705171,466.52713400648173,519.919143487276,612.7022111281979,0.2526897045720101,0.009166666666666667,0.07599103009259259,0.33784740133126934,2.222152598668731,0.8944226870839783,640.7041137695312,0.0,0.0,640.7041137695312,768.4041137695312,4595.266583461484,468.40411376953125,30.0,676.5271340064817,52.402134006481674,0,P01_GAMMA06_M006_00_A00,P01_GAMMA06_M006_00,P01,M006,624.125,872.8229166666666,248.69791666666663,1.0193746577051712,6.0
E52_154bbd26b7808edf72eaa410,7.636914438980398,13.235683344326844,7.636914438980398,444.90797820490957,498.19814035497467,570.0749835094285,0.23896400983981742,0.009166666666666667,0.07599103009259259,0.3241217065990767,2.2358782934009236,0.8987119666877885,639.4819458007812,0.0,0.0,639.4819458007812,767.1819458007812,4275.562376320714,467.18194580078125,30.0,654.9079782049096,30.78297820490957,0,P01_GAMMA06_M006_00_A00,P01_GAMMA06_M006_00,P01,M006,624.125,872.8229166666666,248.69791666666663,1.6369144389803978,6.0
E52_2d291a2169e36d61d7bf7582,7.052226671728889,12.790365797832976,7.052226671728889,470.3839036593983,527.1993216484933,599.8752993842263,0.25224474652706685,0.009166666666666667,0.07599103009259259,0.33740244328632607,2.2225975567136746,0.8945617364730231,681.7850158691406,0.0,0.0,681.7850158691406,809.4850158691406,4499.064745381697,509.4850158691406,30.0,680.3839036593984,56.25890365939836,0,P01_GAMMA06_M006_00_A00,P01_GAMMA06_M006_00,P01,M006,624.125,872.8229166666666,248.69791666666663,1.0522266717288886,6.0
E52_32cd7932ac3bc8f6e82bd016,6.779850275420046,12.531399030736651,6.779850275420046,433.33722088021847,474.19552115284216,621.5246401246948,0.24213542524196421,0.009166666666666667,0.07599103009259259,0.3272931220012235,2.232706877998777,0.8977208993746176,490.2996032714844,0.0,0.0,490.2996032714844,617.9996032714844,4661.434800935211,324.9372863769531,30.0,643.3372208802184,19.21222088021841,0,P01_GAMMA06_M006_00_A00,P01_GAMMA06_M006_00,P01,M006,624.125,872.8229166666666,248.69791666666663,0.7798502754200456,6.0
E52_3322673a66874be8fb5ff9e0,7.331614987154595,12.93559360833251,7.331614987154595,392.2739001975914,423.9757012433271,594.3369941207687,0.2236811646950203,0.009166666666666667,0.07599103009259259,0.3088388614542795,2.251161138545721,0.9034878557955377,380.42161254882814,0.0,0.0,380.42161254882814,508.1216125488281,4457.527455905765,308.1216125488281,30.0,602.2739001975914,0.0,1,P01_GAMMA06_M006_00_A00,P01_GAMMA06_M006_00,P01,M006,624.125,872.8229166666666,248.69791666666663,1.3316149871545946,6.0
E52_4d215302190bc5bfb29bf912,7.6234530090939785,16.37371485667674,7.6234530090939785,307.50969179304633,343.7570581260541,397.53518558804575,0.1656637075427803,0.009166666666666667,0.07599103009259259,0.25082140430203953,2.309178595697961,0.9216183111556127,434.96839599609376,0.0,0.0,434.96839599609376,562.6683959960938,2981.5138919103433,336.56707763671875,30.0,517.5096917930464,0.0,1,P01_GAMMA06_M006_00_A00,P01_GAMMA06_M006_00,P01,M006,624.125,872.8229166666666,248.69791666666663,1.6234530090939785,6.0
E52_67646c2afbeb5602853e5a9c,7.325793749395984,12.927232110573698,7.325793749395984,404.7739001975914,440.6423679099937,594.3369941207687,0.22812669469116229,0.009166666666666667,0.07599103009259259,0.31328439145042153,2.2467156085495787,0.9020986276717433,430.42161254882814,0.0,0.0,430.42161254882814,558.1216125488281,4457.527455905765,308.1216125488281,30.0,614.7739001975914,0.0,1,P01_GAMMA06_M006_00_A00,P01_GAMMA06_M006_00,P01,M006,624.125,872.8229166666666,248.69791666666663,1.3257937493959844,6.0
E52_7e4744117cf2a1b6b8665ab3,6.82478455277564,12.590569849682154,6.82478455277564,474.82609328547096,530.7107225986219,614.3444106920357,0.25587373999544005,0.009166666666666667,0.07599103009259259,0.34103143675469927,2.2189685632453013,0.8934276760141565,670.6155517578125,0.0,0.0,670.6155517578125,798.3155517578125,4607.5830801902675,498.3155517578125,30.0,684.826093285471,60.70109328547096,0,P01_GAMMA06_M006_00_A00,P01_GAMMA06_M006_00,P01,M006,624.125,872.8229166666666,248.69791666666663,0.8247845527756397,6.0
E52_a0032802edd73d232f2c84c2,6.71723813369924,12.395809404549922,6.71723813369924,482.4923087567502,538.5719606529091,628.5067061365473,0.26060588149401487,0.009166666666666667,0.07599103009259259,0.3457635782532741,2.2142364217467265,0.8919488817958519,672.9558227539062,0.0,0.0,672.9558227539062,800.6558227539062,4713.800296024105,500.65582275390625,30.0,692.4923087567502,68.36730875675016,0,P01_GAMMA06_M006_00_A00,P01_GAMMA06_M006_00,P01,M006,624.125,872.8229166666666,248.69791666666663,0.7172381336992402,6.0
E52_aaa387ee3ee3170bd804334d,7.028339730998894,18.409477866986336,7.028339730998894,263.5215778829557,299.2286101502083,312.8009621623957,0.13801933350380158,0.009166666666666667,0.07599103009259259,0.22317703026306082,2.33682296973694,0.9302571780427935,428.48438720703126,0.0,0.0,428.48438720703126,556.1843872070312,2346.0072162179677,386.9435729980469,30.0,473.5215778829557,0.0,1,P01_GAMMA06_M006_00_A00,P01_GAMMA06_M006_00,P01,M006,624.125,872.8229166666666,248.69791666666663,1.0283397309988942,6.0
E52_b4122a9095172602242b40e3,7.317001609949983,12.917805218005896,7.317001609949983,417.2739001975914,457.30903457666045,594.3369941207687,0.23257222468730426,0.009166666666666667,0.07599103009259259,0.31772992144656353,2.242270078553437,0.9007093995479489,480.42161254882814,0.0,0.0,480.42161254882814,608.1216125488281,4457.527455905765,308.1216125488281,30.0,627.2739001975914,3.148900197591388,0,P01_GAMMA06_M006_00_A00,P01_GAMMA06_M006_00,P01,M006,624.125,872.8229166666666,248.69791666666663,1.3170016099499833,6.0
E52_be79b94db4a0a5b6faaed631,7.819018869712437,13.435452033242427,7.819018869712437,439.28613208838135,492.92224150407145,556.7556076826221,0.23507830977561708,0.009166666666666667,0.07599103009259259,0.3202360065348763,2.2397639934651243,0.8999262479578511,643.6333129882812,0.0,0.0,643.6333129882812,771.3333129882812,4175.667057619666,471.33331298828125,30.0,649.2861320883814,25.16113208838135,0,P01_GAMMA06_M006_00_A00,P01_GAMMA06_M006_00,P01,M006,624.125,872.8229166666666,248.69791666666663,1.819018869712437,6.0
E52_f4836ff0bfcbe7f74f580128,7.4664488286442605,13.198394987858308,7.4664488286442605,446.8309536018799,500.3537512499919,572.525121315088,0.23999489789029496,0.009166666666666667,0.07599103009259259,0.3251525946495542,2.2348474053504463,0.8983898141720144,642.2735717773437,0.0,0.0,642.2735717773437,769.9735717773438,4293.93840986316,483.0478820800781,30.0,656.8309536018799,32.705953601879855,0,P01_GAMMA06_M006_00_A00,P01_GAMMA06_M006_00,P01,M006,624.125,872.8229166666666,248.69791666666663,1.4664488286442605,6.0
E52_fb97bb829fc82a7376005525,6.700364073759957,12.561592200960149,6.700364073759957,483.9909817485873,542.6900133241081,615.7877740440496,0.2593375767224136,0.009166666666666667,0.07599103009259259,0.34449527348167286,2.2155047265183274,0.8923452270369773,704.38837890625,0.0,0.0,704.38837890625,832.08837890625,4618.408305330372,532.08837890625,30.0,693.9909817485873,69.86598174858727,0,P01_GAMMA06_M006_00_A00,P01_GAMMA06_M006_00,P01,M006,624.125,872.8229166666666,248.69791666666663,0.7003640737599568,6.0
E52_0f45fcab7c66cb90fa618929,12.448871869132986,12.721246579688795,12.448871869132986,427.8988653120833,469.21977900837237,607.8722484464322,0.23826781941132907,0.009166666666666667,0.07599103009259259,0.32342551617058835,2.236574483829412,0.8989295261966912,495.85096435546876,0.0,0.0,495.85096435546876,623.5509643554688,4559.041863348241,326.6978454589844,30.0,637.8988653120832,0.0,1,P01_GAMMA06_M006_00_A01,P01_GAMMA06_M006_00,P01,M006,872.8229166666666,1121.5208333333333,248.69791666666663,6.4488718691329865,6.0
E52_132fcaf6d631eae41e83e018,13.437730297187954,12.621037374336296,12.621037374336296,466.52713400648173,519.919143487276,612.7022111281979,0.2526897045720101,0.009166666666666667,0.07599103009259259,0.33784740133126934,2.222152598668731,0.8944226870839783,640.7041137695312,0.0,0.0,640.7041137695312,768.4041137695312,4595.266583461484,468.40411376953125,30.0,676.5271340064817,0.0,1,P01_GAMMA06_M006_00_A01,P01_GAMMA06_M006_00,P01,M006,872.8229166666666,1121.5208333333333,248.69791666666663,6.6210373743362965,6.0
E52_154bbd26b7808edf72eaa410,10.639890586326203,13.235683344326844,10.639890586326203,444.90797820490957,498.19814035497467,570.0749835094285,0.23896400983981742,0.009166666666666667,0.07599103009259259,0.3241217065990767,2.2358782934009236,0.8987119666877885,639.4819458007812,0.0,0.0,639.4819458007812,767.1819458007812,4275.562376320714,467.18194580078125,30.0,654.9079782049096,0.0,1,P01_GAMMA06_M006_00_A01,P01_GAMMA06_M006_00,P01,M006,872.8229166666666,1121.5208333333333,248.69791666666663,4.639890586326203,6.0
E52_2d291a2169e36d61d7bf7582,11.343100122152421,12.790365797832976,11.343100122152421,470.3839036593983,527.1993216484933,599.8752993842263,0.25224474652706685,0.009166666666666667,0.07599103009259259,0.33740244328632607,2.2225975567136746,0.8945617364730231,681.7850158691406,0.0,0.0,681.7850158691406,809.4850158691406,4499.064745381697,509.4850158691406,30.0,680.3839036593984,0.0,1,P01_GAMMA06_M006_00_A01,P01_GAMMA06_M006_00,P01,M006,872.8229166666666,1121.5208333333333,248.69791666666663,5.343100122152421,6.0
E52_32cd7932ac3bc8f6e82bd016,12.79933070136758,12.531399030736651,12.531399030736651,433.33722088021847,474.19552115284216,621.5246401246948,0.24213542524196421,0.009166666666666667,0.07599103009259259,0.3272931220012235,2.232706877998777,0.8977208993746176,490.2996032714844,0.0,0.0,490.2996032714844,617.9996032714844,4661.434800935211,324.9372863769531,30.0,643.3372208802184,0.0,1,P01_GAMMA06_M006_00_A01,P01_GAMMA06_M006_00,P01,M006,872.8229166666666,1121.5208333333333,248.69791666666663,6.531399030736651,6.0
E52_4d215302190bc5bfb29bf912,7.6104963551872515,16.37371485667674,7.6104963551872515,307.50969179304633,343.7570581260541,397.53518558804575,0.1656637075427803,0.009166666666666667,0.07599103009259259,0.25082140430203953,2.309178595697961,0.9216183111556127,434.96839599609376,0.0,0.0,434.96839599609376,562.6683959960938,2981.5138919103433,336.56707763671875,30.0,517.5096917930464,0.0,1,P01_GAMMA06_M006_00_A01,P01_GAMMA06_M006_00,P01,M006,872.8229166666666,1121.5208333333333,248.69791666666663,1.6104963551872515,6.0
E52_7e4744117cf2a1b6b8665ab3,12.013229015233236,12.590569849682154,12.013229015233236,474.82609328547096,530.7107225986219,614.3444106920357,0.25587373999544005,0.009166666666666667,0.07599103009259259,0.34103143675469927,2.2189685632453013,0.8934276760141565,670.6155517578125,0.0,0.0,670.6155517578125,798.3155517578125,4607.5830801902675,498.3155517578125,30.0,684.826093285471,0.0,1,P01_GAMMA06_M006_00_A01,P01_GAMMA06_M006_00,P01,M006,872.8229166666666,1121.5208333333333,248.69791666666663,6.013229015233236,6.0
E52_a0032802edd73d232f2c84c2,14.121140405651317,12.395809404549922,12.395809404549922,482.4923087567502,538.5719606529091,628.5067061365473,0.26060588149401487,0.009166666666666667,0.07599103009259259,0.3457635782532741,2.2142364217467265,0.8919488817958519,672.9558227539062,0.0,0.0,672.9558227539062,800.6558227539062,4713.800296024105,500.65582275390625,30.0,692.4923087567502,0.0,1,P01_GAMMA06_M006_00_A01,P01_GAMMA06_M006_00,P01,M006,872.8229166666666,1121.5208333333333,248.69791666666663,6.395809404549922,6.0
E52_aaa387ee3ee3170bd804334d,7.017439111244244,18.409477866986336,7.017439111244244,263.5215778829557,299.2286101502083,312.8009621623957,0.13801933350380158,0.009166666666666667,0.07599103009259259,0.22317703026306082,2.33682296973694,0.9302571780427935,428.48438720703126,0.0,0.0,428.48438720703126,556.1843872070312,2346.0072162179677,386.9435729980469,30.0,473.5215778829557,0.0,1,P01_GAMMA06_M006_00_A01,P01_GAMMA06_M006_00,P01,M006,872.8229166666666,1121.5208333333333,248.69791666666663,1.0174391112442436,6.0
E52_b4122a9095172602242b40e3,12.09289787926771,12.917805218005896,12.09289787926771,417.2739001975914,457.30903457666045,594.3369941207687,0.23257222468730426,0.009166666666666667,0.07599103009259259,0.31772992144656353,2.242270078553437,0.9007093995479489,480.42161254882814,0.0,0.0,480.42161254882814,608.1216125488281,4457.527455905765,308.1216125488281,30.0,627.2739001975914,0.0,1,P01_GAMMA06_M006_00_A01,P01_GAMMA06_M006_00,P01,M006,872.8229166666666,1121.5208333333333,248.69791666666663,6.09289787926771,6.0
E52_be79b94db4a0a5b6faaed631,9.987469372231445,13.435452033242427,9.987469372231445,439.28613208838135,492.92224150407145,556.7556076826221,0.23507830977561708,0.009166666666666667,0.07599103009259259,0.3202360065348763,2.2397639934651243,0.8999262479578511,643.6333129882812,0.0,0.0,643.6333129882812,771.3333129882812,4175.667057619666,471.33331298828125,30.0,649.2861320883814,0.0,1,P01_GAMMA06_M006_00_A01,P01_GAMMA06_M006_00,P01,M006,872.8229166666666,1121.5208333333333,248.69791666666663,3.9874693722314447,6.0
E52_f4836ff0bfcbe7f74f580128,10.114867033149864,13.198394987858308,10.114867033149864,446.8309536018799,500.3537512499919,572.525121315088,0.23999489789029496,0.009166666666666667,0.07599103009259259,0.3251525946495542,2.2348474053504463,0.8983898141720144,642.2735717773437,0.0,0.0,642.2735717773437,769.9735717773438,4293.93840986316,483.0478820800781,30.0,656.8309536018799,0.0,1,P01_GAMMA06_M006_00_A01,P01_GAMMA06_M006_00,P01,M006,872.8229166666666,1121.5208333333333,248.69791666666663,4.114867033149864,6.0
E52_fb97bb829fc82a7376005525,11.350987848164124,12.561592200960149,11.350987848164124,483.9909817485873,542.6900133241081,615.7877740440496,0.2593375767224136,0.009166666666666667,0.07599103009259259,0.34449527348167286,2.2155047265183274,0.8923452270369773,704.38837890625,0.0,0.0,704.38837890625,832.08837890625,4618.408305330372,532.08837890625,30.0,693.9909817485873,0.0,1,P01_GAMMA06_M006_00_A01,P01_GAMMA06_M006_00,P01,M006,872.8229166666666,1121.5208333333333,248.69791666666663,5.350987848164124,6.0
E52_060143e4033ea7dfc142ce26,7.2438454641049645,13.051384290227645,7.2438454641049645,390.52156568077555,422.97629514244545,586.3147545915316,0.2219218246513189,0.009166666666666667,0.07599103009259262,0.30707952141057815,2.2529204785894223,0.9040376495591943,389.4567535400391,0.0,0.0,389.4567535400391,517.1567535400391,4397.360659436487,293.1027526855469,30.0,600.5215656807756,0.0,1,P01_GAMMA06_M006_00_A02,P01_GAMMA06_M006_00,P01,M006,1121.5208333333333,1370.21875,248.69791666666674,1.2438454641049645,6.0
E52_0f45fcab7c66cb90fa618929,7.045615202257821,12.721246579688795,7.045615202257821,427.8988653120833,469.21977900837237,607.8722484464322,0.23826781941132907,0.009166666666666667,0.07599103009259262,0.32342551617058835,2.236574483829412,0.8989295261966912,495.85096435546876,0.0,0.0,495.85096435546876,623.5509643554688,4559.041863348241,326.6978454589844,30.0,637.8988653120832,0.0,1,P01_GAMMA06_M006_00_A02,P01_GAMMA06_M006_00,P01,M006,1121.5208333333333,1370.21875,248.69791666666674,1.045615202257821,6.0
E52_12b142f00e8cb4e3948f96c2,7.298965490593503,12.991659521749298,7.298965490593503,402.5936730780369,438.4739485500421,589.9056933240425,0.22672373828986628,0.009166666666666667,0.07599103009259262,0.3118814350491256,2.248118564950875,0.9025370515471483,430.5633056640625,0.0,0.0,430.5633056640625,558.2633056640625,4424.292699930319,284.7546081542969,30.0,612.5936730780369,0.0,1,P01_GAMMA06_M006_00_A02,P01_GAMMA06_M006_00,P01,M006,1121.5208333333333,1370.21875,248.69791666666674,1.2989654905935026,6.0
E52_132fcaf6d631eae41e83e018,7.018926983550784,12.621037374336296,7.018926983550784,466.52713400648173,519.919143487276,612.7022111281979,0.2526897045720101,0.009166666666666667,0.07599103009259262,0.3378474013312694,2.222152598668731,0.8944226870839783,640.7041137695312,0.0,0.0,640.7041137695312,768.4041137695312,4595.266583461484,468.40411376953125,30.0,676.5271340064817,0.0,1,P01_GAMMA06_M006_00_A02,P01_GAMMA06_M006_00,P01,M006,1121.5208333333333,1370.21875,248.69791666666674,1.0189269835507844,6.0
E52_154bbd26b7808edf72eaa410,7.636494584621971,13.235683344326844,7.636494584621971,444.90797820490957,498.19814035497467,570.0749835094285,0.23896400983981742,0.009166666666666667,0.07599103009259262,0.3241217065990767,2.2358782934009236,0.8987119666877885,639.4819458007812,0.0,0.0,639.4819458007812,767.1819458007812,4275.562376320714,467.18194580078125,30.0,654.9079782049096,0.0,1,P01_GAMMA06_M006_00_A02,P01_GAMMA06_M006_00,P01,M006,1121.5208333333333,1370.21875,248.69791666666674,1.6364945846219712,6.0
E52_2d291a2169e36d61d7bf7582,7.0518123353294015,12.790365797832976,7.0518123353294015,470.3839036593983,527.1993216484933,599.8752993842263,0.25224474652706685,0.009166666666666667,0.07599103009259262,0.3374024432863261,2.222597556713674,0.8945617364730231,681.7850158691406,0.0,0.0,681.7850158691406,809.4850158691406,4499.064745381697,509.4850158691406,30.0,680.3839036593984,0.0,1,P01_GAMMA06_M006_00_A02,P01_GAMMA06_M006_00,P01,M006,1121.5208333333333,1370.21875,248.69791666666674,1.0518123353294015,6.0
E52_32cd7932ac3bc8f6e82bd016,6.779422580111444,12.531399030736651,6.779422580111444,433.33722088021847,474.19552115284216,621.5246401246948,0.24213542524196421,0.009166666666666667,0.07599103009259262,0.3272931220012235,2.232706877998777,0.8977208993746176,490.2996032714844,0.0,0.0,490.2996032714844,617.9996032714844,4661.434800935211,324.9372863769531,30.0,643.3372208802184,0.0,1,P01_GAMMA06_M006_00_A02,P01_GAMMA06_M006_00,P01,M006,1121.5208333333333,1370.21875,248.69791666666674,0.7794225801114436,6.0
E52_3322673a66874be8fb5ff9e0,7.3311742965722715,12.93559360833251,7.3311742965722715,392.2739001975914,423.9757012433271,594.3369941207687,0.2236811646950203,0.009166666666666667,0.07599103009259262,0.3088388614542796,2.251161138545721,0.9034878557955377,380.42161254882814,0.0,0.0,380.42161254882814,508.1216125488281,4457.527455905765,308.1216125488281,30.0,602.2739001975914,0.0,1,P01_GAMMA06_M006_00_A02,P01_GAMMA06_M006_00,P01,M006,1121.5208333333333,1370.21875,248.69791666666674,1.3311742965722715,6.0
E52_4d215302190bc5bfb29bf912,7.622298967685239,16.37371485667674,7.622298967685239,307.50969179304633,343.7570581260541,397.53518558804575,0.1656637075427803,0.009166666666666667,0.07599103009259262,0.2508214043020396,2.309178595697961,0.9216183111556127,434.96839599609376,0.0,0.0,434.96839599609376,562.6683959960938,2981.5138919103433,336.56707763671875,30.0,517.5096917930464,0.0,1,P01_GAMMA06_M006_00_A02,P01_GAMMA06_M006_00,P01,M006,1121.5208333333333,1370.21875,248.69791666666674,1.6222989676852393,6.0
E52_67646c2afbeb5602853e5a9c,7.325353649085088,12.927232110573698,7.325353649085088,404.7739001975914,440.6423679099937,594.3369941207687,0.22812669469116229,0.009166666666666667,0.07599103009259262,0.31328439145042153,2.2467156085495787,0.9020986276717433,430.42161254882814,0.0,0.0,430.42161254882814,558.1216125488281,4457.527455905765,308.1216125488281,30.0,614.7739001975914,0.0,1,P01_GAMMA06_M006_00_A02,P01_GAMMA06_M006_00,P01,M006,1121.5208333333333,1370.21875,248.69791666666674,1.3253536490850877,6.0
E52_7e4744117cf2a1b6b8665ab3,6.824366404327918,12.590569849682154,6.824366404327918,474.82609328547096,530.7107225986219,614.3444106920357,0.25587373999544005,0.009166666666666667,0.07599103009259262,0.3410314367546993,2.2189685632453013,0.8934276760141565,670.6155517578125,0.0,0.0,670.6155517578125,798.3155517578125,4607.5830801902675,498.3155517578125,30.0,684.826093285471,0.0,1,P01_GAMMA06_M006_00_A02,P01_GAMMA06_M006_00,P01,M006,1121.5208333333333,1370.21875,248.69791666666674,0.8243664043279182,6.0
E52_a0032802edd73d232f2c84c2,6.716796202659381,12.395809404549922,6.716796202659381,482.4923087567502,538.5719606529091,628.5067061365473,0.26060588149401487,0.009166666666666667,0.07599103009259262,0.34576357825327414,2.2142364217467265,0.8919488817958519,672.9558227539062,0.0,0.0,672.9558227539062,800.6558227539062,4713.800296024105,500.65582275390625,30.0,692.4923087567502,0.0,1,P01_GAMMA06_M006_00_A02,P01_GAMMA06_M006_00,P01,M006,1121.5208333333333,1370.21875,248.69791666666674,0.7167962026593813,6.0
E52_aaa387ee3ee3170bd804334d,7.027374600092131,18.409477866986336,7.027374600092131,263.5215778829557,299.2286101502083,312.8009621623957,0.13801933350380158,0.009166666666666667,0.07599103009259262,0.22317703026306085,2.33682296973694,0.9302571780427935,428.48438720703126,0.0,0.0,428.48438720703126,556.1843872070312,2346.0072162179677,386.9435729980469,30.0,473.5215778829557,0.0,1,P01_GAMMA06_M006_00_A02,P01_GAMMA06_M006_00,P01,M006,1121.5208333333333,1370.21875,248.69791666666674,1.0273746000921307,6.0
E52_b4122a9095172602242b40e3,7.316562399660469,12.917805218005896,7.316562399660469,417.2739001975914,457.30903457666045,594.3369941207687,0.23257222468730426,0.009166666666666667,0.07599103009259262,0.31772992144656353,2.242270078553437,0.9007093995479489,480.42161254882814,0.0,0.0,480.42161254882814,608.1216125488281,4457.527455905765,308.1216125488281,30.0,627.2739001975914,0.0,1,P01_GAMMA06_M006_00_A02,P01_GAMMA06_M006_00,P01,M006,1121.5208333333333,1370.21875,248.69791666666674,1.3165623996604694,6.0
E52_be79b94db4a0a5b6faaed631,7.818612407513271,13.435452033242427,7.818612407513271,439.28613208838135,492.92224150407145,556.7556076826221,0.23507830977561708,0.009166666666666667,0.07599103009259262,0.3202360065348764,2.2397639934651243,0.8999262479578511,643.6333129882812,0.0,0.0,643.6333129882812,771.3333129882812,4175.667057619666,471.33331298828125,30.0,649.2861320883814,0.0,1,P01_GAMMA06_M006_00_A02,P01_GAMMA06_M006_00,P01,M006,1121.5208333333333,1370.21875,248.69791666666674,1.818612407513271,6.0
E52_f4836ff0bfcbe7f74f580128,7.466050878567174,13.198394987858308,7.466050878567174,446.8309536018799,500.3537512499919,572.525121315088,0.23999489789029496,0.009166666666666667,0.07599103009259262,0.32515259464955426,2.2348474053504463,0.8983898141720144,642.2735717773437,0.0,0.0,642.2735717773437,769.9735717773438,4293.93840986316,483.0478820800781,30.0,656.8309536018799,0.0,1,P01_GAMMA06_M006_00_A02,P01_GAMMA06_M006_00,P01,M006,1121.5208333333333,1370.21875,248.69791666666674,1.4660508785671738,6.0
E52_fb97bb829fc82a7376005525,6.6999625497904844,12.561592200960149,6.6999625497904844,483.9909817485873,542.6900133241081,615.7877740440496,0.2593375767224136,0.009166666666666667,0.07599103009259262,0.34449527348167286,2.2155047265183274,0.8923452270369773,704.38837890625,0.0,0.0,704.38837890625,832.08837890625,4618.408305330372,532.08837890625,30.0,693.9909817485873,0.0,1,P01_GAMMA06_M006_00_A02,P01_GAMMA06_M006_00,P01,M006,1121.5208333333333,1370.21875,248.69791666666674,0.6999625497904844,6.0
E52_060143e4033ea7dfc142ce26,13.859749667054345,13.051384290227645,13.051384290227645,390.52156568077555,422.97629514244545,586.3147545915316,0.2219218246513189,0.009166666666666667,0.07063585069444445,0.30172434201243004,2.2582756579875705,0.9057111431211156,389.4567535400391,0.0,0.0,389.4567535400391,517.1567535400391,4397.360659436487,293.1027526855469,30.0,600.5215656807756,0.0,1,P01_GAMMA06_M007_00_A00,P01_GAMMA06_M007_00,P01,M007,2420.4375,2651.609375,231.171875,7.051384290227645,6.0
E52_0f45fcab7c66cb90fa618929,13.188791804814201,12.721246579688795,12.721246579688795,427.8988653120833,469.21977900837237,607.8722484464322,0.23826781941132907,0.009166666666666667,0.07063585069444445,0.3180703367724402,2.2419296632275603,0.9006030197586125,495.85096435546876,0.0,0.0,495.85096435546876,623.5509643554688,4559.041863348241,326.6978454589844,30.0,637.8988653120832,0.0,1,P01_GAMMA06_M007_00_A00,P01_GAMMA06_M007_00,P01,M007,2420.4375,2651.609375,231.171875,6.7212465796887955,6.0
E52_0fa03b8d9ed736d48919c1b7,9.33101059716111,11.555158541579928,9.33101059716111,469.53189880990186,510.00510285042924,696.2245733766397,0.2655870342753843,0.009166666666666667,0.07063585069444445,0.34538955163649543,2.214610448363505,0.8920657651135951,485.67844848632814,0.0,0.0,485.67844848632814,613.3784484863281,5221.684300324798,318.1667785644531,30.0,679.5318988099018,0.0,1,P01_GAMMA06_M007_00_A00,P01_GAMMA06_M007_00,P01,M007,2420.4375,2651.609375,231.171875,3.331010597161111,6.0
E52_12b142f00e8cb4e3948f96c2,13.930506014888309,12.991659521749298,12.991659521749298,402.5936730780369,438.4739485500421,589.9056933240425,0.22672373828986628,0.009166666666666667,0.07063585069444445,0.30652625565097735,2.253473744349023,0.9042105451090696,430.5633056640625,0.0,0.0,430.5633056640625,558.2633056640625,4424.292699930319,284.7546081542969,30.0,612.5936730780369,0.0,1,P01_GAMMA06_M007_00_A00,P01_GAMMA06_M007_00,P01,M007,2420.4375,2651.609375,231.171875,6.991659521749298,6.0
E52_132fcaf6d631eae41e83e018,7.538592945304558,12.621037374336296,7.538592945304558,466.52713400648173,519.919143487276,612.7022111281979,0.2526897045720101,0.009166666666666667,0.07063585069444445,0.3324922219331212,2.2275077780668795,0.8960961806458996,640.7041137695312,0.0,0.0,640.7041137695312,768.4041137695312,4595.266583461484,468.40411376953125,30.0,676.5271340064817,0.0,1,P01_GAMMA06_M007_00_A00,P01_GAMMA06_M007_00,P01,M007,2420.4375,2651.609375,231.171875,1.5385929453045577,6.0
E52_154bbd26b7808edf72eaa410,6.187729331610996,13.235683344326844,6.187729331610996,444.90797820490957,498.19814035497467,570.0749835094285,0.23896400983981742,0.009166666666666667,0.07063585069444445,0.3187665272009285,2.241233472799072,0.9003854602497099,639.4819458007812,0.0,0.0,639.4819458007812,767.1819458007812,4275.562376320714,467.18194580078125,30.0,654.9079782049096,0.0,1,P01_GAMMA06_M007_00_A00,P01_GAMMA06_M007_00,P01,M007,2420.4375,2651.609375,231.171875,0.1877293316109956,6.0
E52_29c9aa5399273a7ee24bceb6,9.211166280420713,11.583777919859742,9.211166280420713,451.9321692173844,486.7995103225277,694.6602918039094,0.2591062855773863,0.009166666666666667,0.07063585069444445,0.3389088029384974,2.221091197061503,0.8940909990817196,418.40809326171876,0.0,0.0,418.40809326171876,546.1080932617188,5209.952188529321,322.9142761230469,30.0,661.9321692173844,0.0,1,P01_GAMMA06_M007_00_A00,P01_GAMMA06_M007_00,P01,M007,2420.4375,2651.609375,231.171875,3.211166280420713,6.0
E52_2d291a2169e36d61d7bf7582,6.4716668796534975,12.790365797832976,6.4716668796534975,470.3839036593983,527.1993216484933,599.8752993842263,0.25224474652706685,0.009166666666666667,0.07063585069444445,0.33204726388817796,2.2279527361118223,0.8962352300349444,681.7850158691406,0.0,0.0,681.7850158691406,809.4850158691406,4499.064745381697,509.4850158691406,30.0,680.3839036593984,0.0,1,P01_GAMMA06_M007_00_A00,P01_GAMMA06_M007_00,P01,M007,2420.4375,2651.609375,231.171875,0.4716668796534975,6.0
E52_32cd7932ac3bc8f6e82bd016,12.593208778335523,12.531399030736651,12.531399030736651,433.33722088021847,474.19552115284216,621.5246401246948,0.24213542524196421,0.009166666666666667,0.07063585069444445,0.32193794260307534,2.238062057396925,0.899394392936539,490.2996032714844,0.0,0.0,490.2996032714844,617.9996032714844,4661.434800935211,324.9372863769531,30.0,643.3372208802184,0.0,1,P01_GAMMA06_M007_00_A00,P01_GAMMA06_M007_00,P01,M007,2420.4375,2651.609375,231.171875,6.531399030736651,6.0
E52_3322673a66874be8fb5ff9e0,13.91328719437233,12.93559360833251,12.93559360833251,392.2739001975914,423.9757012433271,594.3369941207687,0.2236811646950203,0.009166666666666667,0.07063585069444445,0.3034836820561314,2.256516317943869,0.905161349357459,380.42161254882814,0.0,0.0,380.42161254882814,508.1216125488281,4457.527455905765,308.1216125488281,30.0,602.2739001975914,0.0,1,P01_GAMMA06_M007_00_A00,P01_GAMMA06_M007_00,P01,M007,2420.4375,2651.609375,231.171875,6.9355936083325105,6.0
E52_4d215302190bc5bfb29bf912,9.713639065507849,16.37371485667674,9.713639065507849,307.50969179304633,343.7570581260541,397.53518558804575,0.1656637075427803,0.009166666666666667,0.07063585069444445,0.2454662249038914,2.314533775096109,0.9232918047175339,434.96839599609376,0.0,0.0,434.96839599609376,562.6683959960938,2981.5138919103433,336.56707763671875,30.0,517.5096917930464,0.0,1,P01_GAMMA06_M007_00_A00,P01_GAMMA06_M007_00,P01,M007,2420.4375,2651.609375,231.171875,3.7136390655078486,6.0
E52_67646c2afbeb5602853e5a9c,13.87652399963973,12.927232110573698,12.927232110573698,404.7739001975914,440.6423679099937,594.3369941207687,0.22812669469116229,0.009166666666666667,0.07063585069444445,0.3079292120522734,2.2520707879477273,0.9037721212336646,430.42161254882814,0.0,0.0,430.42161254882814,558.1216125488281,4457.527455905765,308.1216125488281,30.0,614.7739001975914,0.0,1,P01_GAMMA06_M007_00_A00,P01_GAMMA06_M007_00,P01,M007,2420.4375,2651.609375,231.171875,6.927232110573698,6.0
E52_68694062ed2e2e792aeb51a9,6.028045227530427,17.695890544520793,6.028045227530427,262.3147609906027,292.8212075746684,341.5908424768108,0.1416674545099547,0.009166666666666667,0.07063585069444445,0.2214699718710658,2.3385300281289347,0.9307906337902919,366.0773590087891,0.0,0.0,366.0773590087891,493.77735900878906,2561.931318576081,213.8477783203125,30.0,472.3147609906027,0.0,1,P01_GAMMA06_M007_00_A00,P01_GAMMA06_M007_00,P01,M007,2420.4375,2651.609375,231.171875,0.02804522753042704,6.0
E52_7e4744117cf2a1b6b8665ab3,6.783735696851437,12.590569849682154,6.783735696851437,474.82609328547096,530.7107225986219,614.3444106920357,0.25587373999544005,0.009166666666666667,0.07063585069444445,0.33567625735655116,2.2243237426434495,0.8951011695760778,670.6155517578125,0.0,0.0,670.6155517578125,798.3155517578125,4607.5830801902675,498.3155517578125,30.0,684.826093285471,0.0,1,P01_GAMMA06_M007_00_A00,P01_GAMMA06_M007_00,P01,M007,2420.4375,2651.609375,231.171875,0.7837356968514371,6.0
E52_a0032802edd73d232f2c84c2,7.773847725170981,12.395809404549922,7.773847725170981,482.4923087567502,538.5719606529091,628.5067061365473,0.26060588149401487,0.009166666666666667,0.07063585069444445,0.34040839885512597,2.2195916011448746,0.8936223753577731,672.9558227539062,0.0,0.0,672.9558227539062,800.6558227539062,4713.800296024105,500.65582275390625,30.0,692.4923087567502,0.0,1,P01_GAMMA06_M007_00_A00,P01_GAMMA06_M007_00,P01,M007,2420.4375,2651.609375,231.171875,1.773847725170981,6.0
E52_a77602565c04dca5831f9b7a,8.04678301857929,15.758600383852013,8.04678301857929,295.3505394617105,322.31471665694164,428.9160157520343,0.16578365241547813,0.009166666666666667,0.07063585069444445,0.24558616977658923,2.3144138302234114,0.9232543219448158,323.57012634277345,0.0,0.0,323.57012634277345,451.27012634277344,3216.870118140257,284.58648681640625,30.0,505.3505394617105,0.0,1,P01_GAMMA06_M007_00_A00,P01_GAMMA06_M007_00,P01,M007,2420.4375,2651.609375,231.171875,2.0467830185792906,6.0
E52_b4122a9095172602242b40e3,13.82671832815491,12.917805218005896,12.917805218005896,417.2739001975914,457.30903457666045,594.3369941207687,0.23257222468730426,0.009166666666666667,0.07063585069444445,0.31237474204841537,2.247625257951585,0.9023828931098702,480.42161254882814,0.0,0.0,480.42161254882814,608.1216125488281,4457.527455905765,308.1216125488281,30.0,627.2739001975914,0.0,1,P01_GAMMA06_M007_00_A00,P01_GAMMA06_M007_00,P01,M007,2420.4375,2651.609375,231.171875,6.9178052180058955,6.0
E52_b544b4d7beda1d6ed7fbeefb,7.916047012305,16.252686834440453,7.916047012305,293.91354735972715,324.49113296153376,404.3615811086144,0.16179511839250177,0.009166666666666667,0.07063585069444445,0.24159763575361287,2.3184023642463876,0.924500738826996,366.9310272216797,0.0,0.0,366.9310272216797,494.6310272216797,3032.711858314608,277.91845703125,30.0,503.91354735972715,0.0,1,P01_GAMMA06_M007_00_A00,P01_GAMMA06_M007_00,P01,M007,2420.4375,2651.609375,231.171875,1.9160470123050004,6.0
E52_b7c433bb400c5a28313b13f0,7.90648237169664,16.00220965111248,7.90648237169664,270.63016208552887,291.2047849391259,417.8125870494757,0.1554195344851095,0.009166666666666667,0.07063585069444445,0.2352220518462206,2.32477794815378,0.926493108798056,246.89547424316407,0.0,0.0,246.89547424316407,374.59547424316406,3133.594402871068,284.58648681640625,30.0,480.63016208552887,0.0,1,P01_GAMMA06_M007_00_A00,P01_GAMMA06_M007_00,P01,M007,2420.4375,2651.609375,231.171875,1.9064823716966401,6.0
E52_c76d93c5902d0dc017f7065c,8.086972830243951,16.05706218628906,8.086972830243951,260.86241804033426,278.57034040361555,415.47730190098105,0.1516149798935124,0.009166666666666667,0.07063585069444445,0.23141749725462352,2.328582502745377,0.9276820321079302,212.495068359375,0.0,0.0,212.495068359375,340.195068359375,3116.079764257358,277.91845703125,30.0,470.86241804033426,0.0,1,P01_GAMMA06_M007_00_A00,P01_GAMMA06_M007_00,P01,M007,2420.4375,2651.609375,231.171875,2.086972830243951,6.0
E52_d1d4424e0dfaa7a0ce62d445,9.968493745354735,12.872868339328704,9.968493745354735,402.0751033963921,436.37951216917855,598.3237541560654,0.22773150601213982,0.009166666666666667,0.07063585069444445,0.3075340233732509,2.2524659766267496,0.9038956176958591,411.6529052734375,0.0,0.0,411.6529052734375,539.3529052734375,4487.428156170491,269.83203125,30.0,612.075103396392,0.0,1,P01_GAMMA06_M007_00_A00,P01_GAMMA06_M007_00,P01,M007,2420.4375,2651.609375,231.171875,3.968493745354735,6.0
E52_da1eeef61bb4fffd90feecd9,9.195192863456697,11.577048041656667,9.195192863456697,464.4321692173844,503.4661769891943,694.6602918039094,0.2635518155735283,0.009166666666666667,0.07063585069444445,0.3433543329346394,2.216645667065361,0.8927017709579252,468.40809326171876,0.0,0.0,468.40809326171876,596.1080932617188,5209.952188529321,322.9142761230469,30.0,674.4321692173844,0.0,1,P01_GAMMA06_M007_00_A00,P01_GAMMA06_M007_00,P01,M007,2420.4375,2651.609375,231.171875,3.195192863456697,6.0
E52_dc4c132291b7b9525a26c82f,7.928127524284349,16.290878065555617,7.928127524284349,256.41354735972715,274.49113296153376,404.3615811086144,0.14845852840407586,0.009166666666666667,0.07063585069444445,0.22826104576518697,2.3317389542348135,0.9286684231983791,216.9310272216797,0.0,0.0,216.9310272216797,344.6310272216797,3032.711858314608,277.91845703125,30.0,466.41354735972715,0.0,1,P01_GAMMA06_M007_00_A00,P01_GAMMA06_M007_00,P01,M007,2420.4375,2651.609375,231.171875,1.9281275242843492,6.0
E52_eab18c460278cfbad2c20da0,6.032231025717834,7.760329046990023,6.032231025717834,212.31476099060268,226.15454090800176,341.5908424768108,0.12388533452538679,0.009166666666666667,0.07063585069444445,0.2036878518864979,2.3563121481135028,0.9363475462854695,166.07735900878907,0.0,0.0,166.07735900878907,293.77735900878906,2561.931318576081,213.8477783203125,30.0,422.3147609906027,0.0,1,P01_GAMMA06_M007_00_A00,P01_GAMMA06_M007_00,P01,M007,2420.4375,2651.609375,231.171875,0.03223102571783443,6.0
E52_eddf192c3626d88d236d26e4,6.035486968978105,17.034187922993553,6.035486968978105,241.72684180786888,260.473536754158,370.9735139380034,0.13850678679446915,0.009166666666666667,0.07063585069444445,0.21830930415558025,2.34169069584442,0.9317783424513811,224.96033935546876,0.0,0.0,224.96033935546876,352.66033935546875,2782.3013545350254,199.07135009765625,30.0,451.7268418078689,0.0,1,P01_GAMMA06_M007_00_A00,P01_GAMMA06_M007_00,P01,M007,2420.4375,2651.609375,231.171875,0.03548696897810544,6.0
E52_fb97bb829fc82a7376005525,6.420468847062537,12.561592200960149,6.420468847062537,483.9909817485873,542.6900133241081,615.7877740440496,0.2593375767224136,0.009166666666666667,0.07063585069444445,0.3391400940835247,2.220859905916476,0.8940187205988985,704.38837890625,0.0,0.0,704.38837890625,832.08837890625,4618.408305330372,532.08837890625,30.0,693.9909817485873,0.0,1,P01_GAMMA06_M007_00_A00,P01_GAMMA06_M007_00,P01,M007,2420.4375,2651.609375,231.171875,0.42046884706253707,6.0
E52_060143e4033ea7dfc142ce26,13.861267330114245,13.051384290227645,13.051384290227645,390.52156568077555,422.97629514244545,586.3147545915316,0.2219218246513189,0.009166666666666667,0.07063585069444445,0.30172434201243004,2.2582756579875705,0.9057111431211156,389.4567535400391,0.0,0.0,389.4567535400391,517.1567535400391,4397.360659436487,293.1027526855469,30.0,600.5215656807756,0.0,1,P01_GAMMA06_M007_00_A01,P01_GAMMA06_M007_00,P01,M007,2651.609375,2882.78125,231.171875,7.051384290227645,6.0
E52_0f45fcab7c66cb90fa618929,13.19030442856375,12.721246579688795,12.721246579688795,427.8988653120833,469.21977900837237,607.8722484464322,0.23826781941132907,0.009166666666666667,0.07063585069444445,0.3180703367724402,2.2419296632275603,0.9006030197586125,495.85096435546876,0.0,0.0,495.85096435546876,623.5509643554688,4559.041863348241,326.6978454589844,30.0,637.8988653120832,0.0,1,P01_GAMMA06_M007_00_A01,P01_GAMMA06_M007_00,P01,M007,2651.609375,2882.78125,231.171875,6.7212465796887955,6.0
E52_0fa03b8d9ed736d48919c1b7,9.331904175143308,11.555158541579928,9.331904175143308,469.53189880990186,510.00510285042924,696.2245733766397,0.2655870342753843,0.009166666666666667,0.07063585069444445,0.34538955163649543,2.214610448363505,0.8920657651135951,485.67844848632814,0.0,0.0,485.67844848632814,613.3784484863281,5221.684300324798,318.1667785644531,30.0,679.5318988099018,0.0,1,P01_GAMMA06_M007_00_A01,P01_GAMMA06_M007_00,P01,M007,2651.609375,2882.78125,231.171875,3.3319041751433076,6.0
E52_12b142f00e8cb4e3948f96c2,13.932105659898212,12.991659521749298,12.991659521749298,402.5936730780369,438.4739485500421,589.9056933240425,0.22672373828986628,0.009166666666666667,0.07063585069444445,0.30652625565097735,2.253473744349023,0.9042105451090696,430.5633056640625,0.0,0.0,430.5633056640625,558.2633056640625,4424.292699930319,284.7546081542969,30.0,612.5936730780369,0.0,1,P01_GAMMA06_M007_00_A01,P01_GAMMA06_M007_00,P01,M007,2651.609375,2882.78125,231.171875,6.991659521749298,6.0
E52_132fcaf6d631eae41e83e018,7.538592945304558,12.621037374336296,7.538592945304558,466.52713400648173,519.919143487276,612.7022111281979,0.2526897045720101,0.009166666666666667,0.07063585069444445,0.3324922219331212,2.2275077780668795,0.8960961806458996,640.7041137695312,0.0,0.0,640.7041137695312,768.4041137695312,4595.266583461484,468.40411376953125,30.0,676.5271340064817,0.0,1,P01_GAMMA06_M007_00_A01,P01_GAMMA06_M007_00,P01,M007,2651.609375,2882.78125,231.171875,1.5385929453045577,6.0
E52_154bbd26b7808edf72eaa410,6.187729331610996,13.235683344326844,6.187729331610996,444.90797820490957,498.19814035497467,570.0749835094285,0.23896400983981742,0.009166666666666667,0.07063585069444445,0.3187665272009285,2.241233472799072,0.9003854602497099,639.4819458007812,0.0,0.0,639.4819458007812,767.1819458007812,4275.562376320714,467.18194580078125,30.0,654.9079782049096,0.0,1,P01_GAMMA06_M007_00_A01,P01_GAMMA06_M007_00,P01,M007,2651.609375,2882.78125,231.171875,0.1877293316109956,6.0
E52_29c9aa5399273a7ee24bceb6,9.212016293020568,11.583777919859742,9.212016293020568,451.9321692173844,486.7995103225277,694.6602918039094,0.2591062855773863,0.009166666666666667,0.07063585069444445,0.3389088029384974,2.221091197061503,0.8940909990817196,418.40809326171876,0.0,0.0,418.40809326171876,546.1080932617188,5209.952188529321,322.9142761230469,30.0,661.9321692173844,0.0,1,P01_GAMMA06_M007_00_A01,P01_GAMMA06_M007_00,P01,M007,2651.609375,2882.78125,231.171875,3.212016293020568,6.0
E52_2d291a2169e36d61d7bf7582,6.4716668796534975,12.790365797832976,6.4716668796534975,470.3839036593983,527.1993216484933,599.8752993842263,0.25224474652706685,0.009166666666666667,0.07063585069444445,0.33204726388817796,2.2279527361118223,0.8962352300349444,681.7850158691406,0.0,0.0,681.7850158691406,809.4850158691406,4499.064745381697,509.4850158691406,30.0,680.3839036593984,0.0,1,P01_GAMMA06_M007_00_A01,P01_GAMMA06_M007_00,P01,M007,2651.609375,2882.78125,231.171875,0.4716668796534975,6.0
E52_32cd7932ac3bc8f6e82bd016,12.594628722258491,12.531399030736651,12.531399030736651,433.33722088021847,474.19552115284216,621.5246401246948,0.24213542524196421,0.009166666666666667,0.07063585069444445,0.32193794260307534,2.238062057396925,0.899394392936539,490.2996032714844,0.0,0.0,490.2996032714844,617.9996032714844,4661.434800935211,324.9372863769531,30.0,643.3372208802184,0.0,1,P01_GAMMA06_M007_00_A01,P01_GAMMA06_M007_00,P01,M007,2651.609375,2882.78125,231.171875,6.531399030736651,6.0
E52_3322673a66874be8fb5ff9e0,13.914937332314295,12.93559360833251,12.93559360833251,392.2739001975914,423.9757012433271,594.3369941207687,0.2236811646950203,0.009166666666666667,0.07063585069444445,0.3034836820561314,2.256516317943869,0.905161349357459,380.42161254882814,0.0,0.0,380.42161254882814,508.1216125488281,4457.527455905765,308.1216125488281,30.0,602.2739001975914,0.0,1,P01_GAMMA06_M007_00_A01,P01_GAMMA06_M007_00,P01,M007,2651.609375,2882.78125,231.171875,6.9355936083325105,6.0
E52_4d215302190bc5bfb29bf912,9.713639065507849,16.37371485667674,9.713639065507849,307.50969179304633,343.7570581260541,397.53518558804575,0.1656637075427803,0.009166666666666667,0.07063585069444445,0.2454662249038914,2.314533775096109,0.9232918047175339,434.96839599609376,0.0,0.0,434.96839599609376,562.6683959960938,2981.5138919103433,336.56707763671875,30.0,517.5096917930464,0.0,1,P01_GAMMA06_M007_00_A01,P01_GAMMA06_M007_00,P01,M007,2651.609375,2882.78125,231.171875,3.7136390655078486,6.0
E52_67646c2afbeb5602853e5a9c,13.878160225435437,12.927232110573698,12.927232110573698,404.7739001975914,440.6423679099937,594.3369941207687,0.22812669469116229,0.009166666666666667,0.07063585069444445,0.3079292120522734,2.2520707879477273,0.9037721212336646,430.42161254882814,0.0,0.0,430.42161254882814,558.1216125488281,4457.527455905765,308.1216125488281,30.0,614.7739001975914,0.0,1,P01_GAMMA06_M007_00_A01,P01_GAMMA06_M007_00,P01,M007,2651.609375,2882.78125,231.171875,6.927232110573698,6.0
E52_68694062ed2e2e792aeb51a9,6.028045227530427,17.695890544520793,6.028045227530427,262.3147609906027,292.8212075746684,341.5908424768108,0.1416674545099547,0.009166666666666667,0.07063585069444445,0.2214699718710658,2.3385300281289347,0.9307906337902919,366.0773590087891,0.0,0.0,366.0773590087891,493.77735900878906,2561.931318576081,213.8477783203125,30.0,472.3147609906027,0.0,1,P01_GAMMA06_M007_00_A01,P01_GAMMA06_M007_00,P01,M007,2651.609375,2882.78125,231.171875,0.02804522753042704,6.0
E52_7e4744117cf2a1b6b8665ab3,6.783735696851437,12.590569849682154,6.783735696851437,474.82609328547096,530.7107225986219,614.3444106920357,0.25587373999544005,0.009166666666666667,0.07063585069444445,0.33567625735655116,2.2243237426434495,0.8951011695760778,670.6155517578125,0.0,0.0,670.6155517578125,798.3155517578125,4607.5830801902675,498.3155517578125,30.0,684.826093285471,0.0,1,P01_GAMMA06_M007_00_A01,P01_GAMMA06_M007_00,P01,M007,2651.609375,2882.78125,231.171875,0.7837356968514371,6.0
E52_a0032802edd73d232f2c84c2,7.774125221983937,12.395809404549922,7.774125221983937,482.4923087567502,538.5719606529091,628.5067061365473,0.26060588149401487,0.009166666666666667,0.07063585069444445,0.34040839885512597,2.2195916011448746,0.8936223753577731,672.9558227539062,0.0,0.0,672.9558227539062,800.6558227539062,4713.800296024105,500.65582275390625,30.0,692.4923087567502,0.0,1,P01_GAMMA06_M007_00_A01,P01_GAMMA06_M007_00,P01,M007,2651.609375,2882.78125,231.171875,1.7741252219839367,6.0
E52_a77602565c04dca5831f9b7a,8.04678301857929,15.758600383852013,8.04678301857929,295.3505394617105,322.31471665694164,428.9160157520343,0.16578365241547813,0.009166666666666667,0.07063585069444445,0.24558616977658923,2.3144138302234114,0.9232543219448158,323.57012634277345,0.0,0.0,323.57012634277345,451.27012634277344,3216.870118140257,284.58648681640625,30.0,505.3505394617105,0.0,1,P01_GAMMA06_M007_00_A01,P01_GAMMA06_M007_00,P01,M007,2651.609375,2882.78125,231.171875,2.0467830185792906,6.0
E52_b4122a9095172602242b40e3,13.828335893131609,12.917805218005896,12.917805218005896,417.2739001975914,457.30903457666045,594.3369941207687,0.23257222468730426,0.009166666666666667,0.07063585069444445,0.31237474204841537,2.247625257951585,0.9023828931098702,480.42161254882814,0.0,0.0,480.42161254882814,608.1216125488281,4457.527455905765,308.1216125488281,30.0,627.2739001975914,0.0,1,P01_GAMMA06_M007_00_A01,P01_GAMMA06_M007_00,P01,M007,2651.609375,2882.78125,231.171875,6.9178052180058955,6.0
E52_b544b4d7beda1d6ed7fbeefb,7.916047012305,16.252686834440453,7.916047012305,293.91354735972715,324.49113296153376,404.3615811086144,0.16179511839250177,0.009166666666666667,0.07063585069444445,0.24159763575361287,2.3184023642463876,0.924500738826996,366.9310272216797,0.0,0.0,366.9310272216797,494.6310272216797,3032.711858314608,277.91845703125,30.0,503.91354735972715,0.0,1,P01_GAMMA06_M007_00_A01,P01_GAMMA06_M007_00,P01,M007,2651.609375,2882.78125,231.171875,1.9160470123050004,6.0
E52_b7c433bb400c5a28313b13f0,7.90648237169664,16.00220965111248,7.90648237169664,270.63016208552887,291.2047849391259,417.8125870494757,0.1554195344851095,0.009166666666666667,0.07063585069444445,0.2352220518462206,2.32477794815378,0.926493108798056,246.89547424316407,0.0,0.0,246.89547424316407,374.59547424316406,3133.594402871068,284.58648681640625,30.0,480.63016208552887,0.0,1,P01_GAMMA06_M007_00_A01,P01_GAMMA06_M007_00,P01,M007,2651.609375,2882.78125,231.171875,1.9064823716966401,6.0
E52_c76d93c5902d0dc017f7065c,8.086972830243951,16.05706218628906,8.086972830243951,260.86241804033426,278.57034040361555,415.47730190098105,0.1516149798935124,0.009166666666666667,0.07063585069444445,0.23141749725462352,2.328582502745377,0.9276820321079302,212.495068359375,0.0,0.0,212.495068359375,340.195068359375,3116.079764257358,277.91845703125,30.0,470.86241804033426,0.0,1,P01_GAMMA06_M007_00_A01,P01_GAMMA06_M007_00,P01,M007,2651.609375,2882.78125,231.171875,2.086972830243951,6.0
E52_d1d4424e0dfaa7a0ce62d445,9.968985231052258,12.872868339328704,9.968985231052258,402.0751033963921,436.37951216917855,598.3237541560654,0.22773150601213982,0.009166666666666667,0.07063585069444445,0.3075340233732509,2.2524659766267496,0.9038956176958591,411.6529052734375,0.0,0.0,411.6529052734375,539.3529052734375,4487.428156170491,269.83203125,30.0,612.075103396392,0.0,1,P01_GAMMA06_M007_00_A01,P01_GAMMA06_M007_00,P01,M007,2651.609375,2882.78125,231.171875,3.968985231052258,6.0
E52_da1eeef61bb4fffd90feecd9,9.196039755135388,11.577048041656667,9.196039755135388,464.4321692173844,503.4661769891943,694.6602918039094,0.2635518155735283,0.009166666666666667,0.07063585069444445,0.3433543329346394,2.216645667065361,0.8927017709579252,468.40809326171876,0.0,0.0,468.40809326171876,596.1080932617188,5209.952188529321,322.9142761230469,30.0,674.4321692173844,0.0,1,P01_GAMMA06_M007_00_A01,P01_GAMMA06_M007_00,P01,M007,2651.609375,2882.78125,231.171875,3.196039755135388,6.0
E52_dc4c132291b7b9525a26c82f,7.928127524284349,16.290878065555617,7.928127524284349,256.41354735972715,274.49113296153376,404.3615811086144,0.14845852840407586,0.009166666666666667,0.07063585069444445,0.22826104576518697,2.3317389542348135,0.9286684231983791,216.9310272216797,0.0,0.0,216.9310272216797,344.6310272216797,3032.711858314608,277.91845703125,30.0,466.41354735972715,0.0,1,P01_GAMMA06_M007_00_A01,P01_GAMMA06_M007_00,P01,M007,2651.609375,2882.78125,231.171875,1.9281275242843492,6.0
E52_eab18c460278cfbad2c20da0,6.032231025717834,7.760329046990023,6.032231025717834,212.31476099060268,226.15454090800176,341.5908424768108,0.12388533452538679,0.009166666666666667,0.07063585069444445,0.2036878518864979,2.3563121481135028,0.9363475462854695,166.07735900878907,0.0,0.0,166.07735900878907,293.77735900878906,2561.931318576081,213.8477783203125,30.0,422.3147609906027,0.0,1,P01_GAMMA06_M007_00_A01,P01_GAMMA06_M007_00,P01,M007,2651.609375,2882.78125,231.171875,0.03223102571783443,6.0
E52_eddf192c3626d88d236d26e4,6.035486968978105,17.034187922993553,6.035486968978105,241.72684180786888,260.473536754158,370.9735139380034,0.13850678679446915,0.009166666666666667,0.07063585069444445,0.21830930415558025,2.34169069584442,0.9317783424513811,224.96033935546876,0.0,0.0,224.96033935546876,352.66033935546875,2782.3013545350254,199.07135009765625,30.0,451.7268418078689,0.0,1,P01_GAMMA06_M007_00_A01,P01_GAMMA06_M007_00,P01,M007,2651.609375,2882.78125,231.171875,0.03548696897810544,6.0
E52_fb97bb829fc82a7376005525,6.420468847062537,12.561592200960149,6.420468847062537,483.9909817485873,542.6900133241081,615.7877740440496,0.2593375767224136,0.009166666666666667,0.07063585069444445,0.3391400940835247,2.220859905916476,0.8940187205988985,704.38837890625,0.0,0.0,704.38837890625,832.08837890625,4618.408305330372,532.08837890625,30.0,693.9909817485873,0.0,1,P01_GAMMA06_M007_00_A01,P01_GAMMA06_M007_00,P01,M007,2651.609375,2882.78125,231.171875,0.42046884706253707,6.0
E52_060143e4033ea7dfc142ce26,6.897020456963432,13.051384290227645,6.897020456963432,390.52156568077555,422.97629514244545,586.3147545915316,0.2219218246513189,0.009166666666666667,0.06916059027777778,0.30024908159576336,2.259750918404237,0.906172162001324,389.4567535400391,0.0,0.0,389.4567535400391,517.1567535400391,4397.360659436487,293.1027526855469,30.0,600.5215656807756,0.0,1,P01_GAMMA06_M008_00_A00,P01_GAMMA06_M008_00,P01,M008,2438.125,2664.46875,226.34375,0.8970204569634319,6.0
E52_0f45fcab7c66cb90fa618929,6.037051825212572,12.721246579688795,6.037051825212572,427.8988653120833,469.21977900837237,607.8722484464322,0.23826781941132907,0.009166666666666667,0.06916059027777778,0.3165950763557735,2.243404923644227,0.9010640386388208,495.85096435546876,0.0,0.0,495.85096435546876,623.5509643554688,4559.041863348241,326.6978454589844,30.0,637.8988653120832,0.0,1,P01_GAMMA06_M008_00_A00,P01_GAMMA06_M008_00,P01,M008,2438.125,2664.46875,226.34375,0.037051825212572,6.0
E52_12b142f00e8cb4e3948f96c2,6.643474254277734,12.991659521749298,6.643474254277734,402.5936730780369,438.4739485500421,589.9056933240425,0.22672373828986628,0.009166666666666667,0.06916059027777778,0.30505099523431073,2.25494900476569,0.904671563989278,430.5633056640625,0.0,0.0,430.5633056640625,558.2633056640625,4424.292699930319,284.7546081542969,30.0,612.5936730780369,0.0,1,P01_GAMMA06_M008_00_A00,P01_GAMMA06_M008_00,P01,M008,2438.125,2664.46875,226.34375,0.6434742542777343,6.0
E52_24cc4f01335372459fb4c2ba,7.664042903728287,12.909161020133865,7.664042903728287,410.2633482290822,447.7953418407359,595.3347347882426,0.23022027843265847,0.009166666666666667,0.06916059027777778,0.3085475353771029,2.2514524646228975,0.9035788951946554,450.38392333984376,0.0,0.0,450.38392333984376,578.0839233398438,4465.010510911819,278.08392333984375,30.0,620.2633482290822,0.0,1,P01_GAMMA06_M008_00_A00,P01_GAMMA06_M008_00,P01,M008,2438.125,2664.46875,226.34375,1.6640429037282871,6.0
E52_2cea01313b8862fcfb6b2e63,13.742781725469456,16.460055432828085,13.742781725469456,259.5957489704318,280.08528245838755,396.2542970131293,0.148442074342722,0.009166666666666667,0.06916059027777778,0.22676933128716642,2.333230668712834,0.9291345839727605,245.87440185546876,0.0,0.0,245.87440185546876,373.57440185546875,2971.90722759847,231.8917236328125,30.0,469.5957489704318,0.0,1,P01_GAMMA06_M008_00_A00,P01_GAMMA06_M008_00,P01,M008,2438.125,2664.46875,226.34375,7.742781725469456,6.0
E52_2dadfb43d7dd9558e21effa9,7.633984994637132,12.85982438864363,7.633984994637132,396.07517918576866,428.1792069974549,599.5261915014202,0.22576797164618329,0.009166666666666667,0.06916059027777778,0.3040952285906277,2.255904771409373,0.9049702410654289,385.2483337402344,0.0,0.0,385.2483337402344,512.9483337402344,4496.446436260651,248.30487060546875,30.0,606.0751791857687,0.0,1,P01_GAMMA06_M008_00_A00,P01_GAMMA06_M008_00,P01,M008,2438.125,2664.46875,226.34375,1.6339849946371316,6.0
E52_3322673a66874be8fb5ff9e0,6.399212215651673,12.93559360833251,6.399212215651673,392.2739001975914,423.9757012433271,594.3369941207687,0.2236811646950203,0.009166666666666667,0.06916059027777778,0.30200842163946473,2.257991578360536,0.9056223682376673,380.42161254882814,0.0,0.0,380.42161254882814,508.1216125488281,4457.527455905765,308.1216125488281,30.0,602.2739001975914,0.0,1,P01_GAMMA06_M008_00_A00,P01_GAMMA06_M008_00,P01,M008,2438.125,2664.46875,226.34375,0.39921221565167286,6.0
E52_357bbbd4dc4420221c875ea3,6.670411277030368,12.241245229232817,6.670411277030368,405.4327582223269,433.1514265878055,644.5535062517828,0.23547283792056264,0.009166666666666667,0.06916059027777778,0.3138000948650071,2.2461999051349935,0.9019374703546853,332.6240203857422,0.0,0.0,332.6240203857422,460.3240203857422,4834.151296888371,255.67149353027344,30.0,615.4327582223269,0.0,1,P01_GAMMA06_M008_00_A00,P01_GAMMA06_M008_00,P01,M008,2438.125,2664.46875,226.34375,0.6704112770303681,6.0
E52_44ed69e1d99dc074a7941a18,13.73006539249505,8.900383690419545,8.900383690419545,188.27556058823757,199.0276355292369,299.7078152072368,0.1090911242968749,0.009166666666666667,0.06916059027777778,0.18741838124131935,2.372581618758681,0.9414317558620877,139.59420471191407,10.569305419921875,10.569305419921875,139.59420471191407,267.29420471191406,2247.808614054276,217.29420471191406,30.0,398.27556058823757,0.0,1,P01_GAMMA06_M008_00_A00,P01_GAMMA06_M008_00,P01,M008,2438.125,2664.46875,226.34375,2.9003836904195452,6.0
E52_4cf0fac9feb721651efb2830,10.980589096831551,17.82597875173802,10.980589096831551,242.69354898018014,267.32891198677197,337.5749199208095,0.13412057160327687,0.009166666666666667,0.06916059027777778,0.21244782854772132,2.3475521714522793,0.9336100535788371,295.6243560791016,0.0,0.0,295.6243560791016,423.32435607910156,2531.8118994060715,217.31182861328125,30.0,452.69354898018014,0.0,1,P01_GAMMA06_M008_00_A00,P01_GAMMA06_M008_00,P01,M008,2438.125,2664.46875,226.34375,4.980589096831551,6.0
E52_4d215302190bc5bfb29bf912,12.931004388526858,16.37371485667674,12.931004388526858,307.50969179304633,343.7570581260541,397.53518558804575,0.1656637075427803,0.009166666666666667,0.06916059027777778,0.24399096448722474,2.3160090355127756,0.9237528235977422,434.96839599609376,0.0,0.0,434.96839599609376,562.6683959960938,2981.5138919103433,336.56707763671875,30.0,517.5096917930464,0.0,1,P01_GAMMA06_M008_00_A00,P01_GAMMA06_M008_00,P01,M008,2438.125,2664.46875,226.34375,6.931004388526858,6.0
E52_50c718ca7f326f764494c89d,7.61439073138807,13.080943299176411,7.61439073138807,350.85355156655817,370.1881015340061,585.6998033284289,0.20772710552759727,0.009166666666666667,0.06916059027777778,0.2860543624720417,2.2739456375279588,0.910608011727487,232.014599609375,0.0,0.0,232.014599609375,359.714599609375,4392.748524963216,275.29461669921875,30.0,560.8535515665582,0.0,1,P01_GAMMA06_M008_00_A00,P01_GAMMA06_M008_00,P01,M008,2438.125,2664.46875,226.34375,1.6143907313880703,6.0
E52_515a3b7c8d98426ee13f2b4e,11.117181326075738,17.07508762021844,11.117181326075738,242.68536134104386,262.0561394884234,369.14605379781034,0.13858886614696947,0.009166666666666667,0.06916059027777778,0.2169161230914139,2.3430838769085867,0.9322137115339332,232.4493377685547,0.0,0.0,232.4493377685547,360.1493377685547,2768.5954034835777,210.1493377685547,30.0,452.68536134104386,0.0,1,P01_GAMMA06_M008_00_A00,P01_GAMMA06_M008_00,P01,M008,2438.125,2664.46875,226.34375,5.1171813260757375,6.0
E52_60b76d98beea93305f35c25d,14.445816948299523,16.79058398580294,14.445816948299523,271.8613885249859,299.0873836523459,380.3668062858116,0.15055421784231732,0.009166666666666667,0.06916059027777778,0.22888147478676174,2.3311185252132387,0.9284745391291369,326.7119415283203,0.0,0.0,326.7119415283203,454.4119415283203,2852.751047143587,241.2421875,30.0,481.8613885249859,0.0,1,P01_GAMMA06_M008_00_A00,P01_GAMMA06_M008_00,P01,M008,2438.125,2664.46875,226.34375,8.445816948299523,6.0
E52_67646c2afbeb5602853e5a9c,6.386692807232691,12.927232110573698,6.386692807232691,404.7739001975914,440.6423679099937,594.3369941207687,0.22812669469116229,0.009166666666666667,0.06916059027777778,0.30645395163560674,2.253546048364394,0.9042331401138729,430.42161254882814,0.0,0.0,430.42161254882814,558.1216125488281,4457.527455905765,308.1216125488281,30.0,614.7739001975914,0.0,1,P01_GAMMA06_M008_00_A00,P01_GAMMA06_M008_00,P01,M008,2438.125,2664.46875,226.34375,0.3866928072326914,6.0
E52_68694062ed2e2e792aeb51a9,19.65391343939737,17.695890544520793,17.695890544520793,262.3147609906027,292.8212075746684,341.5908424768108,0.1416674545099547,0.009166666666666667,0.06916059027777778,0.21999471145439914,2.3400052885456013,0.9312516526705003,366.0773590087891,0.0,0.0,366.0773590087891,493.77735900878906,2561.931318576081,213.8477783203125,30.0,472.3147609906027,0.0,1,P01_GAMMA06_M008_00_A00,P01_GAMMA06_M008_00,P01,M008,2438.125,2664.46875,226.34375,11.695890544520793,6.0
E52_76b4f0bdabd1ccab126282dd,15.344805209211614,17.180198899819032,15.344805209211614,244.7670432960008,265.6078646257534,364.489158613486,0.13866967590706417,0.009166666666666667,0.06916059027777778,0.21699693285150862,2.343003067148492,0.9321884584839035,250.08985595703126,0.0,0.0,250.08985595703126,377.78985595703125,2733.6686896011447,241.2421875,30.0,454.7670432960008,0.0,1,P01_GAMMA06_M008_00_A00,P01_GAMMA06_M008_00,P01,M008,2438.125,2664.46875,226.34375,9.344805209211614,6.0
E52_7e5f4a4eaf9aa5b10576997a,8.042199560774549,13.086620585622072,8.042199560774549,384.11958913832314,414.7999833745699,584.1568128591658,0.21933939564120059,0.009166666666666667,0.06916059027777778,0.297666652585645,2.2623333474143554,0.9069791710669859,368.16473083496095,0.0,0.0,368.16473083496095,495.86473083496094,4381.1760964437435,247.829345703125,30.0,594.1195891383231,0.0,1,P01_GAMMA06_M008_00_A00,P01_GAMMA06_M008_00,P01,M008,2438.125,2664.46875,226.34375,2.0421995607745487,6.0
E52_924cec2d58c933358893a332,6.745440905136206,12.302862284422105,6.745440905136206,416.670444788364,448.9844576972996,639.4568121231148,0.23874762537865796,0.009166666666666667,0.06916059027777778,0.3170748823231024,2.242925117676898,0.9009140992740305,387.7681549072266,0.0,0.0,387.7681549072266,515.4681549072266,4795.926090923361,252.644287109375,30.0,626.670444788364,0.0,1,P01_GAMMA06_M008_00_A00,P01_GAMMA06_M008_00,P01,M008,2438.125,2664.46875,226.34375,0.7454409051362063,6.0
E52_96da4f081c74d8211b4b244f,6.976028036959022,12.47027426673894,6.976028036959022,406.4445801679392,437.368205859671,627.3474061854878,0.23339590098708082,0.009166666666666667,0.06916059027777778,0.3117231579315253,2.248276842068475,0.9025865131463984,371.08350830078126,0.0,0.0,371.08350830078126,498.78350830078125,4705.105546391158,251.37640380859375,30.0,616.4445801679392,0.0,1,P01_GAMMA06_M008_00_A00,P01_GAMMA06_M008_00,P01,M008,2438.125,2664.46875,226.34375,0.976028036959022,6.0
E52_a3836b1674b2d70f748125c1,13.845454383685947,18.388582284998307,13.845454383685947,238.77143733771516,265.74771093797557,315.68523307386783,0.1296256139323784,0.009166666666666667,0.06916059027777778,0.20795287087682285,2.3520471291231777,0.9350147278509928,323.715283203125,0.0,0.0,323.715283203125,451.415283203125,2367.639248054009,217.29420471191406,30.0,448.77143733771516,0.0,1,P01_GAMMA06_M008_00_A00,P01_GAMMA06_M008_00,P01,M008,2438.125,2664.46875,226.34375,7.845454383685947,6.0
E52_a77602565c04dca5831f9b7a,13.554566202109356,15.758600383852013,13.554566202109356,295.3505394617105,322.31471665694164,428.9160157520343,0.16578365241547813,0.009166666666666667,0.06916059027777778,0.24411090935992258,2.315889090640078,0.9237153408250242,323.57012634277345,0.0,0.0,323.57012634277345,451.27012634277344,3216.870118140257,284.58648681640625,30.0,505.3505394617105,0.0,1,P01_GAMMA06_M008_00_A00,P01_GAMMA06_M008_00,P01,M008,2438.125,2664.46875,226.34375,7.554566202109356,6.0
E52_b4122a9095172602242b40e3,6.371813433790578,12.917805218005896,6.371813433790578,417.2739001975914,457.30903457666045,594.3369941207687,0.23257222468730426,0.009166666666666667,0.06916059027777778,0.3108994816317487,2.2491005183682518,0.9028439119900785,480.42161254882814,0.0,0.0,480.42161254882814,608.1216125488281,4457.527455905765,308.1216125488281,30.0,627.2739001975914,0.0,1,P01_GAMMA06_M008_00_A00,P01_GAMMA06_M008_00,P01,M008,2438.125,2664.46875,226.34375,0.3718134337905781,6.0
E52_b544b4d7beda1d6ed7fbeefb,14.663688658394861,16.252686834440453,14.663688658394861,293.91354735972715,324.49113296153376,404.3615811086144,0.16179511839250177,0.009166666666666667,0.06916059027777778,0.2401223753369462,2.319877624663054,0.9249617577072043,366.9310272216797,0.0,0.0,366.9310272216797,494.6310272216797,3032.711858314608,277.91845703125,30.0,503.91354735972715,0.0,1,P01_GAMMA06_M008_00_A00,P01_GAMMA06_M008_00,P01,M008,2438.125,2664.46875,226.34375,8.663688658394861,6.0
E52_b7c433bb400c5a28313b13f0,14.174316379984887,16.00220965111248,14.174316379984887,270.63016208552887,291.2047849391259,417.8125870494757,0.1554195344851095,0.009166666666666667,0.06916059027777778,0.23374679142955396,2.3262532085704466,0.9269541276782644,246.89547424316407,0.0,0.0,246.89547424316407,374.59547424316406,3133.594402871068,284.58648681640625,30.0,480.63016208552887,0.0,1,P01_GAMMA06_M008_00_A00,P01_GAMMA06_M008_00,P01,M008,2438.125,2664.46875,226.34375,8.174316379984887,6.0
E52_bfffb2993ede6e2e2bd9340b,7.567033920242196,13.053008949478723,7.567033920242196,400.85355156655817,436.85476820067277,585.6998033284289,0.22550922551216515,0.009166666666666667,0.06916059027777778,0.3038364824566096,2.2561635175433907,0.9050510992323095,432.014599609375,0.0,0.0,432.014599609375,559.714599609375,4392.748524963216,275.29461669921875,30.0,610.8535515665582,0.0,1,P01_GAMMA06_M008_00_A00,P01_GAMMA06_M008_00,P01,M008,2438.125,2664.46875,226.34375,1.5670339202421957,6.0
E52_c76d93c5902d0dc017f7065c,14.20871330905004,16.05706218628906,14.20871330905004,260.86241804033426,278.57034040361555,415.47730190098105,0.1516149798935124,0.009166666666666667,0.06916059027777778,0.22994223683795684,2.330057763162044,0.9281430509881385,212.495068359375,0.0,0.0,212.495068359375,340.195068359375,3116.079764257358,277.91845703125,30.0,470.86241804033426,0.0,1,P01_GAMMA06_M008_00_A00,P01_GAMMA06_M008_00,P01,M008,2438.125,2664.46875,226.34375,8.20871330905004,6.0
E52_d1d4424e0dfaa7a0ce62d445,7.584855489570586,12.872868339328704,7.584855489570586,402.0751033963921,436.37951216917855,598.3237541560654,0.22773150601213982,0.009166666666666667,0.06916059027777778,0.30605876295658424,2.253941237043416,0.9043566365760675,411.6529052734375,0.0,0.0,411.6529052734375,539.3529052734375,4487.428156170491,269.83203125,30.0,612.075103396392,0.0,1,P01_GAMMA06_M008_00_A00,P01_GAMMA06_M008_00,P01,M008,2438.125,2664.46875,226.34375,1.584855489570586,6.0
E52_d7f1f5d49edaa9f52000c452,7.682144473672281,12.917919470378578,7.682144473672281,397.7633482290822,431.12867517406926,595.3347347882426,0.22577474843651651,0.009166666666666667,0.06916059027777778,0.30410200538096094,2.2558979946190396,0.9049681233184497,400.38392333984376,0.0,0.0,400.38392333984376,528.0839233398438,4465.010510911819,278.08392333984375,30.0,607.7633482290822,0.0,1,P01_GAMMA06_M008_00_A00,P01_GAMMA06_M008_00,P01,M008,2438.125,2664.46875,226.34375,1.682144473672281,6.0
E52_dbe1bedc9b83d29f34556dbd,7.963009808504495,13.016499113861627,7.963009808504495,387.86022911882606,419.0031732004504,588.862793747906,0.22133620210273125,0.009166666666666667,0.06916059027777778,0.2996634590471757,2.260336540952825,0.9063551690477576,373.7153289794922,0.0,0.0,373.7153289794922,501.4153289794922,4416.470953109295,232.19436645507812,30.0,597.860229118826,0.0,1,P01_GAMMA06_M008_00_A00,P01_GAMMA06_M008_00,P01,M008,2438.125,2664.46875,226.34375,1.963009808504495,6.0
E52_dc4c132291b7b9525a26c82f,14.80821985885676,16.290878065555617,14.80821985885676,256.41354735972715,274.49113296153376,404.3615811086144,0.14845852840407586,0.009166666666666667,0.06916059027777778,0.22678578534852029,2.33321421465148,0.9291294420785874,216.9310272216797,0.0,0.0,216.9310272216797,344.6310272216797,3032.711858314608,277.91845703125,30.0,466.41354735972715,0.0,1,P01_GAMMA06_M008_00_A00,P01_GAMMA06_M008_00,P01,M008,2438.125,2664.46875,226.34375,8.80821985885676,6.0
E52_eab18c460278cfbad2c20da0,20.17669076888214,7.760329046990023,7.760329046990023,212.31476099060268,226.15454090800176,341.5908424768108,0.12388533452538679,0.009166666666666667,0.06916059027777778,0.20221259146983123,2.3577874085301693,0.9368085651656778,166.07735900878907,0.0,0.0,166.07735900878907,293.77735900878906,2561.931318576081,213.8477783203125,30.0,422.3147609906027,0.0,1,P01_GAMMA06_M008_00_A00,P01_GAMMA06_M008_00,P01,M008,2438.125,2664.46875,226.34375,1.760329046990023,6.0
E52_eb490529b308e18523949520,6.659532321974751,12.235001379754962,6.659532321974751,417.9327582223269,449.8180932544721,644.5535062517828,0.23991836791670462,0.009166666666666667,0.06916059027777778,0.31824562486114905,2.2417543751388513,0.9005482422308909,382.6240203857422,0.0,0.0,382.6240203857422,510.3240203857422,4834.151296888371,255.67149353027344,30.0,627.9327582223269,0.0,1,P01_GAMMA06_M008_00_A00,P01_GAMMA06_M008_00,P01,M008,2438.125,2664.46875,226.34375,0.6595323219747513,6.0
E52_eddf192c3626d88d236d26e4,17.402672065805817,17.034187922993553,17.034187922993553,241.72684180786888,260.473536754158,370.9735139380034,0.13850678679446915,0.009166666666666667,0.06916059027777778,0.21683404373891357,2.343165956261087,0.9322393613315895,224.96033935546876,0.0,0.0,224.96033935546876,352.66033935546875,2782.3013545350254,199.07135009765625,30.0,451.7268418078689,0.0,1,P01_GAMMA06_M008_00_A00,P01_GAMMA06_M008_00,P01,M008,2438.125,2664.46875,226.34375,11.034187922993553,6.0
E52_ede4029bd5e695a7a0c85289,7.6970705872102485,12.925612211179384,7.6970705872102485,385.2633482290822,414.4620085074026,595.3347347882426,0.22132921844037454,0.009166666666666667,0.06916059027777778,0.299656475384819,2.2603435246151813,0.906357351442244,350.38392333984376,0.0,0.0,350.38392333984376,478.08392333984375,4465.010510911819,278.08392333984375,30.0,595.2633482290822,0.0,1,P01_GAMMA06_M008_00_A00,P01_GAMMA06_M008_00,P01,M008,2438.125,2664.46875,226.34375,1.6970705872102485,6.0
E52_060143e4033ea7dfc142ce26,6.896326903155554,13.051384290227645,6.896326903155554,390.52156568077555,422.97629514244545,586.3147545915316,0.2219218246513189,0.009166666666666667,0.06916059027777778,0.30024908159576336,2.259750918404237,0.906172162001324,389.4567535400391,0.0,0.0,389.4567535400391,517.1567535400391,4397.360659436487,293.1027526855469,30.0,600.5215656807756,0.0,1,P01_GAMMA06_M008_00_A01,P01_GAMMA06_M008_00,P01,M008,2664.46875,2890.8125,226.34375,0.8963269031555541,6.0
E52_0f45fcab7c66cb90fa618929,6.0365014821216505,12.721246579688795,6.0365014821216505,427.8988653120833,469.21977900837237,607.8722484464322,0.23826781941132907,0.009166666666666667,0.06916059027777778,0.3165950763557735,2.243404923644227,0.9010640386388208,495.85096435546876,0.0,0.0,495.85096435546876,623.5509643554688,4559.041863348241,326.6978454589844,30.0,637.8988653120832,0.0,1,P01_GAMMA06_M008_00_A01,P01_GAMMA06_M008_00,P01,M008,2664.46875,2890.8125,226.34375,0.0365014821216505,6.0
E52_12b142f00e8cb4e3948f96c2,6.6428393604696225,12.991659521749298,6.6428393604696225,402.5936730780369,438.4739485500421,589.9056933240425,0.22672373828986628,0.009166666666666667,0.06916059027777778,0.30505099523431073,2.25494900476569,0.904671563989278,430.5633056640625,0.0,0.0,430.5633056640625,558.2633056640625,4424.292699930319,284.7546081542969,30.0,612.5936730780369,0.0,1,P01_GAMMA06_M008_00_A01,P01_GAMMA06_M008_00,P01,M008,2664.46875,2890.8125,226.34375,0.6428393604696225,6.0
E52_24cc4f01335372459fb4c2ba,7.663003947364601,12.909161020133865,7.663003947364601,410.2633482290822,447.7953418407359,595.3347347882426,0.23022027843265847,0.009166666666666667,0.06916059027777778,0.3085475353771029,2.2514524646228975,0.9035788951946554,450.38392333984376,0.0,0.0,450.38392333984376,578.0839233398438,4465.010510911819,278.08392333984375,30.0,620.2633482290822,0.0,1,P01_GAMMA06_M008_00_A01,P01_GAMMA06_M008_00,P01,M008,2664.46875,2890.8125,226.34375,1.6630039473646008,6.0
E52_2cea01313b8862fcfb6b2e63,13.741281283811347,16.460055432828085,13.741281283811347,259.5957489704318,280.08528245838755,396.2542970131293,0.148442074342722,0.009166666666666667,0.06916059027777778,0.22676933128716642,2.333230668712834,0.9291345839727605,245.87440185546876,0.0,0.0,245.87440185546876,373.57440185546875,2971.90722759847,231.8917236328125,30.0,469.5957489704318,0.0,1,P01_GAMMA06_M008_00_A01,P01_GAMMA06_M008_00,P01,M008,2664.46875,2890.8125,226.34375,7.741281283811347,6.0
E52_2dadfb43d7dd9558e21effa9,7.632931541907254,12.85982438864363,7.632931541907254,396.07517918576866,428.1792069974549,599.5261915014202,0.22576797164618329,0.009166666666666667,0.06916059027777778,0.3040952285906277,2.255904771409373,0.9049702410654289,385.2483337402344,0.0,0.0,385.2483337402344,512.9483337402344,4496.446436260651,248.30487060546875,30.0,606.0751791857687,0.0,1,P01_GAMMA06_M008_00_A01,P01_GAMMA06_M008_00,P01,M008,2664.46875,2890.8125,226.34375,1.6329315419072543,6.0
E52_3322673a66874be8fb5ff9e0,6.398630317120052,12.93559360833251,6.398630317120052,392.2739001975914,423.9757012433271,594.3369941207687,0.2236811646950203,0.009166666666666667,0.06916059027777778,0.30200842163946473,2.257991578360536,0.9056223682376673,380.42161254882814,0.0,0.0,380.42161254882814,508.1216125488281,4457.527455905765,308.1216125488281,30.0,602.2739001975914,0.0,1,P01_GAMMA06_M008_00_A01,P01_GAMMA06_M008_00,P01,M008,2664.46875,2890.8125,226.34375,0.3986303171200518,6.0
E52_357bbbd4dc4420221c875ea3,6.669441761038755,12.241245229232817,6.669441761038755,405.4327582223269,433.1514265878055,644.5535062517828,0.23547283792056264,0.009166666666666667,0.06916059027777778,0.3138000948650071,2.2461999051349935,0.9019374703546853,332.6240203857422,0.0,0.0,332.6240203857422,460.3240203857422,4834.151296888371,255.67149353027344,30.0,615.4327582223269,0.0,1,P01_GAMMA06_M008_00_A01,P01_GAMMA06_M008_00,P01,M008,2664.46875,2890.8125,226.34375,0.6694417610387546,6.0
E52_44ed69e1d99dc074a7941a18,13.73006539249505,8.900383690419545,8.900383690419545,188.27556058823757,199.0276355292369,299.7078152072368,0.1090911242968749,0.009166666666666667,0.06916059027777778,0.18741838124131935,2.372581618758681,0.9414317558620877,139.59420471191407,10.569305419921875,10.569305419921875,139.59420471191407,267.29420471191406,2247.808614054276,217.29420471191406,30.0,398.27556058823757,0.0,1,P01_GAMMA06_M008_00_A01,P01_GAMMA06_M008_00,P01,M008,2664.46875,2890.8125,226.34375,2.9003836904195452,6.0
E52_4cf0fac9feb721651efb2830,10.980589096831551,17.82597875173802,10.980589096831551,242.69354898018014,267.32891198677197,337.5749199208095,0.13412057160327687,0.009166666666666667,0.06916059027777778,0.21244782854772132,2.3475521714522793,0.9336100535788371,295.6243560791016,0.0,0.0,295.6243560791016,423.32435607910156,2531.8118994060715,217.31182861328125,30.0,452.69354898018014,0.0,1,P01_GAMMA06_M008_00_A01,P01_GAMMA06_M008_00,P01,M008,2664.46875,2890.8125,226.34375,4.980589096831551,6.0
E52_4d215302190bc5bfb29bf912,12.929837073735555,16.37371485667674,12.929837073735555,307.50969179304633,343.7570581260541,397.53518558804575,0.1656637075427803,0.009166666666666667,0.06916059027777778,0.24399096448722474,2.3160090355127756,0.9237528235977422,434.96839599609376,0.0,0.0,434.96839599609376,562.6683959960938,2981.5138919103433,336.56707763671875,30.0,517.5096917930464,0.0,1,P01_GAMMA06_M008_00_A01,P01_GAMMA06_M008_00,P01,M008,2664.46875,2890.8125,226.34375,6.9298370737355555,6.0
E52_50c718ca7f326f764494c89d,7.613450401139417,13.080943299176411,7.613450401139417,350.85355156655817,370.1881015340061,585.6998033284289,0.20772710552759727,0.009166666666666667,0.06916059027777778,0.2860543624720417,2.2739456375279588,0.910608011727487,232.014599609375,0.0,0.0,232.014599609375,359.714599609375,4392.748524963216,275.29461669921875,30.0,560.8535515665582,0.0,1,P01_GAMMA06_M008_00_A01,P01_GAMMA06_M008_00,P01,M008,2664.46875,2890.8125,226.34375,1.613450401139417,6.0
E52_515a3b7c8d98426ee13f2b4e,11.117181326075738,17.07508762021844,11.117181326075738,242.68536134104386,262.0561394884234,369.14605379781034,0.13858886614696947,0.009166666666666667,0.06916059027777778,0.2169161230914139,2.3430838769085867,0.9322137115339332,232.4493377685547,0.0,0.0,232.4493377685547,360.1493377685547,2768.5954034835777,210.1493377685547,30.0,452.68536134104386,0.0,1,P01_GAMMA06_M008_00_A01,P01_GAMMA06_M008_00,P01,M008,2664.46875,2890.8125,226.34375,5.1171813260757375,6.0
E52_60b76d98beea93305f35c25d,14.444273371406354,16.79058398580294,14.444273371406354,271.8613885249859,299.0873836523459,380.3668062858116,0.15055421784231732,0.009166666666666667,0.06916059027777778,0.22888147478676174,2.3311185252132387,0.9284745391291369,326.7119415283203,0.0,0.0,326.7119415283203,454.4119415283203,2852.751047143587,241.2421875,30.0,481.8613885249859,0.0,1,P01_GAMMA06_M008_00_A01,P01_GAMMA06_M008_00,P01,M008,2664.46875,2890.8125,226.34375,8.444273371406354,6.0
E52_67646c2afbeb5602853e5a9c,6.386112583612814,12.927232110573698,6.386112583612814,404.7739001975914,440.6423679099937,594.3369941207687,0.22812669469116229,0.009166666666666667,0.06916059027777778,0.30645395163560674,2.253546048364394,0.9042331401138729,430.42161254882814,0.0,0.0,430.42161254882814,558.1216125488281,4457.527455905765,308.1216125488281,30.0,614.7739001975914,0.0,1,P01_GAMMA06_M008_00_A01,P01_GAMMA06_M008_00,P01,M008,2664.46875,2890.8125,226.34375,0.38611258361281386,6.0
E52_68694062ed2e2e792aeb51a9,19.649783197409562,17.695890544520793,17.695890544520793,262.3147609906027,292.8212075746684,341.5908424768108,0.1416674545099547,0.009166666666666667,0.06916059027777778,0.21999471145439914,2.3400052885456013,0.9312516526705003,366.0773590087891,0.0,0.0,366.0773590087891,493.77735900878906,2561.931318576081,213.8477783203125,30.0,472.3147609906027,0.0,1,P01_GAMMA06_M008_00_A01,P01_GAMMA06_M008_00,P01,M008,2664.46875,2890.8125,226.34375,11.695890544520793,6.0
E52_76b4f0bdabd1ccab126282dd,15.343177878703173,17.180198899819032,15.343177878703173,244.7670432960008,265.6078646257534,364.489158613486,0.13866967590706417,0.009166666666666667,0.06916059027777778,0.21699693285150862,2.343003067148492,0.9321884584839035,250.08985595703126,0.0,0.0,250.08985595703126,377.78985595703125,2733.6686896011447,241.2421875,30.0,454.7670432960008,0.0,1,P01_GAMMA06_M008_00_A01,P01_GAMMA06_M008_00,P01,M008,2664.46875,2890.8125,226.34375,9.343177878703173,6.0
E52_7e5f4a4eaf9aa5b10576997a,8.041092769918379,13.086620585622072,8.041092769918379,384.11958913832314,414.7999833745699,584.1568128591658,0.21933939564120059,0.009166666666666667,0.06916059027777778,0.297666652585645,2.2623333474143554,0.9069791710669859,368.16473083496095,0.0,0.0,368.16473083496095,495.86473083496094,4381.1760964437435,247.829345703125,30.0,594.1195891383231,0.0,1,P01_GAMMA06_M008_00_A01,P01_GAMMA06_M008_00,P01,M008,2664.46875,2890.8125,226.34375,2.0410927699183787,6.0
E52_924cec2d58c933358893a332,6.7444721497952,12.302862284422105,6.7444721497952,416.670444788364,448.9844576972996,639.4568121231148,0.23874762537865796,0.009166666666666667,0.06916059027777778,0.3170748823231024,2.242925117676898,0.9009140992740305,387.7681549072266,0.0,0.0,387.7681549072266,515.4681549072266,4795.926090923361,252.644287109375,30.0,626.670444788364,0.0,1,P01_GAMMA06_M008_00_A01,P01_GAMMA06_M008_00,P01,M008,2664.46875,2890.8125,226.34375,0.7444721497952003,6.0
E52_96da4f081c74d8211b4b244f,6.975047581508321,12.47027426673894,6.975047581508321,406.4445801679392,437.368205859671,627.3474061854878,0.23339590098708082,0.009166666666666667,0.06916059027777778,0.3117231579315253,2.248276842068475,0.9025865131463984,371.08350830078126,0.0,0.0,371.08350830078126,498.78350830078125,4705.105546391158,251.37640380859375,30.0,616.4445801679392,0.0,1,P01_GAMMA06_M008_00_A01,P01_GAMMA06_M008_00,P01,M008,2664.46875,2890.8125,226.34375,0.9750475815083206,6.0
E52_a3836b1674b2d70f748125c1,13.845454383685947,18.388582284998307,13.845454383685947,238.77143733771516,265.74771093797557,315.68523307386783,0.1296256139323784,0.009166666666666667,0.06916059027777778,0.20795287087682285,2.3520471291231777,0.9350147278509928,323.715283203125,0.0,0.0,323.715283203125,451.415283203125,2367.639248054009,217.29420471191406,30.0,448.77143733771516,0.0,1,P01_GAMMA06_M008_00_A01,P01_GAMMA06_M008_00,P01,M008,2664.46875,2890.8125,226.34375,7.845454383685947,6.0
E52_a77602565c04dca5831f9b7a,13.552507954602433,15.758600383852013,13.552507954602433,295.3505394617105,322.31471665694164,428.9160157520343,0.16578365241547813,0.009166666666666667,0.06916059027777778,0.24411090935992258,2.315889090640078,0.9237153408250242,323.57012634277345,0.0,0.0,323.57012634277345,451.27012634277344,3216.870118140257,284.58648681640625,30.0,505.3505394617105,0.0,1,P01_GAMMA06_M008_00_A01,P01_GAMMA06_M008_00,P01,M008,2664.46875,2890.8125,226.34375,7.552507954602433,6.0
E52_b4122a9095172602242b40e3,6.3712351945426065,12.917805218005896,6.3712351945426065,417.2739001975914,457.30903457666045,594.3369941207687,0.23257222468730426,0.009166666666666667,0.06916059027777778,0.3108994816317487,2.2491005183682518,0.9028439119900785,480.42161254882814,0.0,0.0,480.42161254882814,608.1216125488281,4457.527455905765,308.1216125488281,30.0,627.2739001975914,0.0,1,P01_GAMMA06_M008_00_A01,P01_GAMMA06_M008_00,P01,M008,2664.46875,2890.8125,226.34375,0.37123519454260645,6.0
E52_b544b4d7beda1d6ed7fbeefb,14.661438615390352,16.252686834440453,14.661438615390352,293.91354735972715,324.49113296153376,404.3615811086144,0.16179511839250177,0.009166666666666667,0.06916059027777778,0.2401223753369462,2.319877624663054,0.9249617577072043,366.9310272216797,0.0,0.0,366.9310272216797,494.6310272216797,3032.711858314608,277.91845703125,30.0,503.91354735972715,0.0,1,P01_GAMMA06_M008_00_A01,P01_GAMMA06_M008_00,P01,M008,2664.46875,2890.8125,226.34375,8.661438615390352,6.0
E52_b7c433bb400c5a28313b13f0,14.172098973476878,16.00220965111248,14.172098973476878,270.63016208552887,291.2047849391259,417.8125870494757,0.1554195344851095,0.009166666666666667,0.06916059027777778,0.23374679142955396,2.3262532085704466,0.9269541276782644,246.89547424316407,0.0,0.0,246.89547424316407,374.59547424316406,3133.594402871068,284.58648681640625,30.0,480.63016208552887,0.0,1,P01_GAMMA06_M008_00_A01,P01_GAMMA06_M008_00,P01,M008,2664.46875,2890.8125,226.34375,8.172098973476878,6.0
E52_bfffb2993ede6e2e2bd9340b,7.566103786851073,13.053008949478723,7.566103786851073,400.85355156655817,436.85476820067277,585.6998033284289,0.22550922551216515,0.009166666666666667,0.06916059027777778,0.3038364824566096,2.2561635175433907,0.9050510992323095,432.014599609375,0.0,0.0,432.014599609375,559.714599609375,4392.748524963216,275.29461669921875,30.0,610.8535515665582,0.0,1,P01_GAMMA06_M008_00_A01,P01_GAMMA06_M008_00,P01,M008,2664.46875,2890.8125,226.34375,1.5661037868510732,6.0
E52_c76d93c5902d0dc017f7065c,14.206529291650938,16.05706218628906,14.206529291650938,260.86241804033426,278.57034040361555,415.47730190098105,0.1516149798935124,0.009166666666666667,0.06916059027777778,0.22994223683795684,2.330057763162044,0.9281430509881385,212.495068359375,0.0,0.0,212.495068359375,340.195068359375,3116.079764257358,277.91845703125,30.0,470.86241804033426,0.0,1,P01_GAMMA06_M008_00_A01,P01_GAMMA06_M008_00,P01,M008,2664.46875,2890.8125,226.34375,8.206529291650938,6.0
E52_d1d4424e0dfaa7a0ce62d445,7.583829431542057,12.872868339328704,7.583829431542057,402.0751033963921,436.37951216917855,598.3237541560654,0.22773150601213982,0.009166666666666667,0.06916059027777778,0.30605876295658424,2.253941237043416,0.9043566365760675,411.6529052734375,0.0,0.0,411.6529052734375,539.3529052734375,4487.428156170491,269.83203125,30.0,612.075103396392,0.0,1,P01_GAMMA06_M008_00_A01,P01_GAMMA06_M008_00,P01,M008,2664.46875,2890.8125,226.34375,1.583829431542057,6.0
E52_d7f1f5d49edaa9f52000c452,7.681101178380345,12.917919470378578,7.681101178380345,397.7633482290822,431.12867517406926,595.3347347882426,0.22577474843651651,0.009166666666666667,0.06916059027777778,0.30410200538096094,2.2558979946190396,0.9049681233184497,400.38392333984376,0.0,0.0,400.38392333984376,528.0839233398438,4465.010510911819,278.08392333984375,30.0,607.7633482290822,0.0,1,P01_GAMMA06_M008_00_A01,P01_GAMMA06_M008_00,P01,M008,2664.46875,2890.8125,226.34375,1.6811011783803451,6.0
E52_dbe1bedc9b83d29f34556dbd,7.961899647669071,13.016499113861627,7.961899647669071,387.86022911882606,419.0031732004504,588.862793747906,0.22133620210273125,0.009166666666666667,0.06916059027777778,0.2996634590471757,2.260336540952825,0.9063551690477576,373.7153289794922,0.0,0.0,373.7153289794922,501.4153289794922,4416.470953109295,232.19436645507812,30.0,597.860229118826,0.0,1,P01_GAMMA06_M008_00_A01,P01_GAMMA06_M008_00,P01,M008,2664.46875,2890.8125,226.34375,1.961899647669071,6.0
E52_dc4c132291b7b9525a26c82f,14.805893695916112,16.290878065555617,14.805893695916112,256.41354735972715,274.49113296153376,404.3615811086144,0.14845852840407586,0.009166666666666667,0.06916059027777778,0.22678578534852029,2.33321421465148,0.9291294420785874,216.9310272216797,0.0,0.0,216.9310272216797,344.6310272216797,3032.711858314608,277.91845703125,30.0,466.41354735972715,0.0,1,P01_GAMMA06_M008_00_A01,P01_GAMMA06_M008_00,P01,M008,2664.46875,2890.8125,226.34375,8.805893695916112,6.0
E52_eab18c460278cfbad2c20da0,20.17203247564869,7.760329046990023,7.760329046990023,212.31476099060268,226.15454090800176,341.5908424768108,0.12388533452538679,0.009166666666666667,0.06916059027777778,0.20221259146983123,2.3577874085301693,0.9368085651656778,166.07735900878907,0.0,0.0,166.07735900878907,293.77735900878906,2561.931318576081,213.8477783203125,30.0,422.3147609906027,0.0,1,P01_GAMMA06_M008_00_A01,P01_GAMMA06_M008_00,P01,M008,2664.46875,2890.8125,226.34375,1.760329046990023,6.0
E52_eb490529b308e18523949520,6.658565231284214,12.235001379754962,6.658565231284214,417.9327582223269,449.8180932544721,644.5535062517828,0.23991836791670462,0.009166666666666667,0.06916059027777778,0.31824562486114905,2.2417543751388513,0.9005482422308909,382.6240203857422,0.0,0.0,382.6240203857422,510.3240203857422,4834.151296888371,255.67149353027344,30.0,627.9327582223269,0.0,1,P01_GAMMA06_M008_00_A01,P01_GAMMA06_M008_00,P01,M008,2664.46875,2890.8125,226.34375,0.6585652312842143,6.0
E52_eddf192c3626d88d236d26e4,17.399341232870853,17.034187922993553,17.034187922993553,241.72684180786888,260.473536754158,370.9735139380034,0.13850678679446915,0.009166666666666667,0.06916059027777778,0.21683404373891357,2.343165956261087,0.9322393613315895,224.96033935546876,0.0,0.0,224.96033935546876,352.66033935546875,2782.3013545350254,199.07135009765625,30.0,451.7268418078689,0.0,1,P01_GAMMA06_M008_00_A01,P01_GAMMA06_M008_00,P01,M008,2664.46875,2890.8125,226.34375,11.034187922993553,6.0
E52_ede4029bd5e695a7a0c85289,7.696023700517699,12.925612211179384,7.696023700517699,385.2633482290822,414.4620085074026,595.3347347882426,0.22132921844037454,0.009166666666666667,0.06916059027777778,0.299656475384819,2.2603435246151813,0.906357351442244,350.38392333984376,0.0,0.0,350.38392333984376,478.08392333984375,4465.010510911819,278.08392333984375,30.0,595.2633482290822,0.0,1,P01_GAMMA06_M008_00_A01,P01_GAMMA06_M008_00,P01,M008,2664.46875,2890.8125,226.34375,1.6960237005176992,6.0
E52_2e64690809088e2a96fb2160,6.76335636971038,9.500767968691491,6.76335636971038,523.7789293194231,550.945126524013,884.5606754113072,0.31155234822715455,0.009166666666666667,0.2921875,0.6129065148938212,1.9470934851061794,0.8084667140956809,325.99436645507814,0.0,0.0,325.99436645507814,453.6943664550781,6634.205065584804,329.6845703125,30.0,733.7789293194231,0.0,1,P01_GAMMA06_M009_00_A00,P01_GAMMA06_M009_00,P01,M009,834.46875,1790.71875,956.25,0.7633563697103796,6.0
E52_413d3eff5d481ef66f8d3068,6.749665036785743,9.493762996477216,6.749665036785743,548.7789293194231,584.2784598573463,884.5606754113072,0.3204434082194385,0.009166666666666667,0.2921875,0.6217975748861051,1.9382024251138954,0.8056882578480922,425.99436645507814,0.0,0.0,425.99436645507814,553.6943664550781,6634.205065584804,329.6845703125,30.0,758.7789293194231,0.0,1,P01_GAMMA06_M009_00_A00,P01_GAMMA06_M009_00,P01,M009,834.46875,1790.71875,956.25,0.7496650367857427,6.0
E52_831cee7e7a3a549796e42b18,10.12243456287564,10.042846261792022,10.042846261792022,524.445203057942,560.9167693217765,830.061008532876,0.3040708837654974,0.009166666666666667,0.2921875,0.6054250504321641,1.9545749495678364,0.8108046717399487,437.65879516601564,0.0,0.0,437.65879516601564,565.3587951660156,6225.457563996571,359.5916748046875,30.0,734.445203057942,0.0,1,P01_GAMMA06_M009_00_A00,P01_GAMMA06_M009_00,P01,M009,834.46875,1790.71875,956.25,4.042846261792022,6.0
E52_88c1c7aba1fcf94c58dad20e,6.757814076241871,9.497510042154289,6.757814076241871,536.2789293194231,567.6117931906797,884.5606754113072,0.3159978782232965,0.009166666666666667,0.2921875,0.6173520448899632,1.9426479551100373,0.8070774859718866,375.99436645507814,0.0,0.0,375.99436645507814,503.6943664550781,6634.205065584804,329.6845703125,30.0,746.2789293194231,0.0,1,P01_GAMMA06_M009_00_A00,P01_GAMMA06_M009_00,P01,M009,834.46875,1790.71875,956.25,0.7578140762418712,6.0
E52_c98d1e580ba9a8920eeacbdb,9.909069879097373,9.995636820319618,9.909069879097373,531.3190315479533,569.3529452238973,834.4345810402425,0.30713490815373307,0.009166666666666667,0.2921875,0.6084890748203997,1.9515109251796008,0.8098471641186251,456.40696411132814,0.0,0.0,456.40696411132814,584.1069641113281,6258.259357801819,362.73199462890625,30.0,741.3190315479533,0.0,1,P01_GAMMA06_M009_00_A00,P01_GAMMA06_M009_00,P01,M009,834.46875,1790.71875,956.25,3.9090698790973732,6.0
E52_d3460088443e86b69235cf2f,9.820370805240273,10.110906533633653,9.820370805240273,520.9986937965015,557.4049117530444,823.5600798537452,0.3019244763287566,0.009166666666666667,0.2921875,0.6032786429954232,1.9567213570045774,0.8114754240639303,436.87461547851564,0.0,0.0,436.87461547851564,564.5746154785156,6176.700598903089,276.8628845214844,30.0,730.9986937965015,0.0,1,P01_GAMMA06_M009_00_A00,P01_GAMMA06_M009_00,P01,M009,834.46875,1790.71875,956.25,3.820370805240273,6.0
E52_246111a1ef063bec9e89ec9e,6.759696504692187,13.03223549741864,6.759696504692187,413.11352328410356,453.07003166626504,586.4879962752384,0.22998101771643822,0.009166666666666667,0.26891753472222224,0.5080652191053271,2.0519347808946735,0.8412296190295853,479.4781005859375,0.0,0.0,479.4781005859375,607.1781005859375,4398.659972064288,469.28277587890625,30.0,623.1135232841036,0.0,1,P01_GAMMA06_M010_00_A00,P01_GAMMA06_M010_00,P01,M010,3852.34375,4732.4375,880.09375,0.7596965046921866,6.0
E52_347c51b45a583dd4c5a4aad0,8.389685856366597,10.359339260709504,8.389685856366597,545.8106765870443,594.6474365357748,798.6007934817058,0.3072138543106079,0.009166666666666667,0.26891753472222224,0.5852980556994968,1.9747019443005036,0.8170943575939073,586.0411193847656,0.0,0.0,586.0411193847656,713.7411193847656,5989.505951112793,425.30462646484375,30.0,755.8106765870443,0.0,1,P01_GAMMA06_M010_00_A00,P01_GAMMA06_M010_00,P01,M010,3852.34375,4732.4375,880.09375,2.3896858563665972,6.0
E52_6dc095df8eb6475486134b5c,6.915729524772303,12.905188948092743,6.915729524772303,424.06014837873875,466.2734748964797,594.8403376510322,0.23505698741925235,0.009166666666666667,0.26891753472222224,0.5131411888081412,2.0468588111918593,0.8396433784974559,506.55991821289064,0.0,0.0,506.55991821289064,634.2599182128906,4461.302532382741,440.2059631347656,30.0,634.0601483787387,0.0,1,P01_GAMMA06_M010_00_A00,P01_GAMMA06_M010_00,P01,M010,3852.34375,4732.4375,880.09375,0.9157295247723027,6.0
E52_2e64690809088e2a96fb2160,14.804533775893177,9.500767968691491,9.500767968691491,523.7789293194231,550.945126524013,884.5606754113072,0.31155234822715455,0.009166666666666667,0.19254774305555555,0.5132667579493768,2.0467332420506237,0.8396041381408197,325.99436645507814,0.0,0.0,325.99436645507814,453.6943664550781,6634.205065584804,329.6845703125,30.0,733.7789293194231,0.0,1,P01_GAMMA06_M011_00_A00,P01_GAMMA06_M011_00,P01,M011,4021.25,4651.40625,630.15625,3.500767968691491,6.0
E52_413d3eff5d481ef66f8d3068,14.734668684597764,9.493762996477216,9.493762996477216,548.7789293194231,584.2784598573463,884.5606754113072,0.3204434082194385,0.009166666666666667,0.19254774305555555,0.5221578179416607,2.03784218205834,0.836825681893231,425.99436645507814,0.0,0.0,425.99436645507814,553.6943664550781,6634.205065584804,329.6845703125,30.0,758.7789293194231,0.0,1,P01_GAMMA06_M011_00_A00,P01_GAMMA06_M011_00,P01,M011,4021.25,4651.40625,630.15625,3.4937629964772157,6.0
E52_88c1c7aba1fcf94c58dad20e,14.777749839370344,9.497510042154289,9.497510042154289,536.2789293194231,567.6117931906797,884.5606754113072,0.3159978782232965,0.009166666666666667,0.19254774305555555,0.5177122879455187,2.042287712054482,0.8382149100170254,375.99436645507814,0.0,0.0,375.99436645507814,503.6943664550781,6634.205065584804,329.6845703125,30.0,746.2789293194231,0.0,1,P01_GAMMA06_M011_00_A00,P01_GAMMA06_M011_00,P01,M011,4021.25,4651.40625,630.15625,3.497510042154289,6.0
E52_0c9d91fc306062a18ada9948,7.0084862389900024,15.697900697510477,7.0084862389900024,331.42241999480143,370.2725110389095,429.7442937249544,0.1787296459836012,0.009166666666666667,0.20738628472222223,0.39528259737249005,2.1647174026275104,0.8764741883210969,466.2010925292969,0.0,0.0,466.2010925292969,593.9010925292969,3223.082202937158,326.7436828613281,30.0,541.4224199948014,0.0,1,P01_GAMMA06_M012_00_A00,P01_GAMMA06_M012_00,P01,M012,5880.5,6559.21875,678.71875,1.0084862389900024,6.0
E52_246111a1ef063bec9e89ec9e,8.575691888014816,13.03223549741864,8.575691888014816,413.11352328410356,453.07003166626504,586.4879962752384,0.22998101771643822,0.009166666666666667,0.20738628472222223,0.4465339691053271,2.1134660308946733,0.8604581346545853,479.4781005859375,0.0,0.0,479.4781005859375,607.1781005859375,4398.659972064288,469.28277587890625,30.0,623.1135232841036,0.0,1,P01_GAMMA06_M012_00_A00,P01_GAMMA06_M012_00,P01,M012,5880.5,6559.21875,678.71875,2.5756918880148163,6.0
E52_27bf1882d0e1a812c8450c72,6.4104812089145184,16.18675851321828,6.4104812089145184,334.03154784809436,377.9609795090644,404.48650573036844,0.17608047258726683,0.009166666666666667,0.20738628472222223,0.39263342397615575,2.167366576023845,0.8773020550074513,527.1531799316406,0.0,0.0,527.1531799316406,654.8531799316406,3033.648792977763,359.1753845214844,30.0,544.0315478480943,0.0,1,P01_GAMMA06_M012_00_A00,P01_GAMMA06_M012_00,P01,M012,5880.5,6559.21875,678.71875,0.41048120891451845,6.0
E52_27fdcb9bc2da20af468e67a1,7.006487078186609,15.630401191469062,7.006487078186609,333.5201066466774,372.5049327982074,433.1312563841751,0.1799553449394086,0.009166666666666667,0.20738628472222223,0.3965082963282975,2.163491703671703,0.8760911573974071,467.8179138183594,0.0,0.0,467.8179138183594,595.5179138183594,3248.4844228813135,322.1230773925781,30.0,543.5201066466774,0.0,1,P01_GAMMA06_M012_00_A00,P01_GAMMA06_M012_00,P01,M012,5880.5,6559.21875,678.71875,1.006487078186609,6.0
E52_347c51b45a583dd4c5a4aad0,6.4070077395219585,10.359339260709504,6.4070077395219585,545.8106765870443,594.6474365357748,798.6007934817058,0.3072138543106079,0.009166666666666667,0.20738628472222223,0.5237668056994967,2.036233194300504,0.8363228732189073,586.0411193847656,0.0,0.0,586.0411193847656,713.7411193847656,5989.505951112793,425.30462646484375,30.0,755.8106765870443,0.0,1,P01_GAMMA06_M012_00_A00,P01_GAMMA06_M012_00,P01,M012,5880.5,6559.21875,678.71875,0.40700773952195846,6.0
E52_3a94b6482baa2cfaba8a857d,6.205753892012169,16.425448776817632,6.205753892012169,326.01303055755295,369.111023518165,393.4381033514341,0.17166403726355467,0.009166666666666667,0.20738628472222223,0.3882169886524436,2.171783011347557,0.8786821910461113,517.1759155273437,0.0,0.0,517.1759155273437,644.8759155273438,2950.785775135756,352.4370422363281,30.0,536.013030557553,0.0,1,P01_GAMMA06_M012_00_A00,P01_GAMMA06_M012_00,P01,M012,5880.5,6559.21875,678.71875,0.20575389201216865,6.0
E52_47db2d0d55c92154c779a4c9,6.061526749283374,16.45726286038159,6.061526749283374,312.62709924858126,351.3219092257948,393.08533863388124,0.16685347284684848,0.009166666666666667,0.20738628472222223,0.38340642423573734,2.1765935757642634,0.880185492426332,464.3377197265625,0.0,0.0,464.3377197265625,592.0377197265625,2948.1400397541092,295.61395263671875,30.0,522.6270992485813,0.0,1,P01_GAMMA06_M012_00_A00,P01_GAMMA06_M012_00,P01,M012,5880.5,6559.21875,678.71875,0.06152674928337376,6.0
E52_6dc095df8eb6475486134b5c,9.025375827509535,12.905188948092743,9.025375827509535,424.06014837873875,466.2734748964797,594.8403376510322,0.23505698741925235,0.009166666666666667,0.20738628472222223,0.45160993880814126,2.108390061191859,0.8588718941224559,506.55991821289064,0.0,0.0,506.55991821289064,634.2599182128906,4461.302532382741,440.2059631347656,30.0,634.0601483787387,0.0,1,P01_GAMMA06_M012_00_A00,P01_GAMMA06_M012_00,P01,M012,5880.5,6559.21875,678.71875,3.025375827509535,6.0
E52_82c821a5773d0bfbe554f10a,8.909937844984327,11.397135806608844,8.909937844984327,512.9354114719376,566.0737563002253,707.0407539741487,0.2825549862639304,0.009166666666666667,0.20738628472222223,0.49910793765281924,2.060892062347181,0.844028769483494,637.6601379394531,0.0,0.0,637.6601379394531,765.3601379394531,5302.805654806116,465.3601379394531,30.0,722.9354114719376,0.0,1,P01_GAMMA06_M012_00_A00,P01_GAMMA06_M012_00,P01,M012,5880.5,6559.21875,678.71875,2.909937844984327,6.0
E52_8ca7795ffa642a3b129c0a3d,6.966080081699303,15.730152054416479,6.966080081699303,330.94608252023,369.9122522589995,428.0951466078428,0.17832668261553564,0.009166666666666667,0.20738628472222223,0.3948796340044245,2.165120365995576,0.8766001143736173,467.5940368652344,0.0,0.0,467.5940368652344,595.2940368652344,3210.713599558821,335.390380859375,30.0,540.94608252023,0.0,1,P01_GAMMA06_M012_00_A00,P01_GAMMA06_M012_00,P01,M012,5880.5,6559.21875,678.71875,0.9660800816993032,6.0
E52_be69bdf55826f2eb34075d09,8.607486198729944,12.029424972929434,8.607486198729944,457.6877788138426,500.48965717077624,658.5642874860837,0.25604119113741575,0.009166666666666667,0.20738628472222223,0.4725941425263046,2.087405857473696,0.8523143304605298,513.6225402832031,0.0,0.0,513.6225402832031,641.3225402832031,4939.232156145627,341.3225402832031,30.0,667.6877788138427,0.0,1,P01_GAMMA06_M012_00_A00,P01_GAMMA06_M012_00,P01,M012,5880.5,6559.21875,678.71875,2.6074861987299442,6.0
E52_dbec4f1422e98765afb262aa,6.201096709067627,16.38523852602286,6.201096709067627,322.5402116809159,364.1002534899979,395.72017250733956,0.1707521496628321,0.009166666666666667,0.20738628472222223,0.387305101051721,2.1726948989482793,0.8789671559213372,498.7205017089844,0.0,0.0,498.7205017089844,626.4205017089844,2967.901293805047,326.4205017089844,30.0,532.540211680916,0.0,1,P01_GAMMA06_M012_00_A00,P01_GAMMA06_M012_00,P01,M012,5880.5,6559.21875,678.71875,0.20109670906762744,6.0
E52_de2c36302e014a6d0284c896,6.690406713655818,15.994052628622484,6.690406713655818,325.41177480357015,364.7238282296769,414.95122905049965,0.1744969638873427,0.009166666666666667,0.20738628472222223,0.39104991527623156,2.168950084723769,0.8777969014761776,471.74464111328126,0.0,0.0,471.74464111328126,599.4446411132812,3112.134217878747,325.15069580078125,30.0,535.4117748035701,0.0,1,P01_GAMMA06_M012_00_A00,P01_GAMMA06_M012_00,P01,M012,5880.5,6559.21875,678.71875,0.6904067136558183,6.0
E52_060143e4033ea7dfc142ce26,6.924917331049926,13.051384290227645,6.924917331049926,390.52156568077555,422.97629514244545,586.3147545915316,0.2219218246513189,0.009166666666666667,0.2694045138888889,0.5004930052068745,2.059506994793126,0.8435959358728518,389.4567535400391,0.0,0.0,389.4567535400391,517.1567535400391,4397.360659436487,293.1027526855469,30.0,600.5215656807756,22.584065680775552,0,P01_GAMMA06_M013_00_A00,P01_GAMMA06_M013_00,P01,M013,577.9375,1459.625,881.6875,0.9249173310499259,6.0
E52_0f45fcab7c66cb90fa618929,6.060232928981648,12.721246579688795,6.060232928981648,427.8988653120833,469.21977900837237,607.8722484464322,0.23826781941132907,0.009166666666666667,0.2694045138888889,0.5168389999668846,2.0431610000331157,0.8384878125103485,495.85096435546876,0.0,0.0,495.85096435546876,623.5509643554688,4559.041863348241,326.6978454589844,30.0,637.8988653120832,59.96136531208322,0,P01_GAMMA06_M013_00_A00,P01_GAMMA06_M013_00,P01,M013,577.9375,1459.625,881.6875,0.060232928981648115,6.0
E52_12b142f00e8cb4e3948f96c2,6.671392276797519,12.991659521749298,6.671392276797519,402.5936730780369,438.4739485500421,589.9056933240425,0.22672373828986628,0.009166666666666667,0.2694045138888889,0.5052949188454219,2.0547050811545784,0.8420953378608057,430.5633056640625,0.0,0.0,430.5633056640625,558.2633056640625,4424.292699930319,284.7546081542969,30.0,612.5936730780369,34.656173078036886,0,P01_GAMMA06_M013_00_A00,P01_GAMMA06_M013_00,P01,M013,577.9375,1459.625,881.6875,0.6713922767975191,6.0
E52_24cc4f01335372459fb4c2ba,7.678620090160436,12.909161020133865,7.678620090160436,410.2633482290822,447.7953418407359,595.3347347882426,0.23022027843265847,0.009166666666666667,0.2694045138888889,0.5087914589882141,2.0512085410117864,0.8410026690661832,450.38392333984376,0.0,0.0,450.38392333984376,578.0839233398438,4465.010510911819,278.08392333984375,30.0,620.2633482290822,42.325848229082226,0,P01_GAMMA06_M013_00_A00,P01_GAMMA06_M013_00,P01,M013,577.9375,1459.625,881.6875,1.678620090160436,6.0
E52_2cea01313b8862fcfb6b2e63,6.264019617413027,16.460055432828085,6.264019617413027,259.5957489704318,280.08528245838755,396.2542970131293,0.148442074342722,0.009166666666666667,0.2694045138888889,0.42701325489827757,2.132986745101723,0.8665583578442883,245.87440185546876,0.0,0.0,245.87440185546876,373.57440185546875,2971.90722759847,231.8917236328125,30.0,469.5957489704318,0.0,1,P01_GAMMA06_M013_00_A00,P01_GAMMA06_M013_00,P01,M013,577.9375,1459.625,881.6875,0.2640196174130267,6.0
E52_2dadfb43d7dd9558e21effa9,7.647916875125034,12.85982438864363,7.647916875125034,396.07517918576866,428.1792069974549,599.5261915014202,0.22576797164618329,0.009166666666666667,0.2694045138888889,0.5043391522017389,2.0556608477982614,0.8423940149369566,385.2483337402344,0.0,0.0,385.2483337402344,512.9483337402344,4496.446436260651,248.30487060546875,30.0,606.0751791857687,28.13767918576866,0,P01_GAMMA06_M013_00_A00,P01_GAMMA06_M013_00,P01,M013,577.9375,1459.625,881.6875,1.6479168751250342,6.0
E52_3322673a66874be8fb5ff9e0,6.24468723940268,12.93559360833251,6.24468723940268,392.2739001975914,423.9757012433271,594.3369941207687,0.2236811646950203,0.009166666666666667,0.2694045138888889,0.5022523452505758,2.0577476547494244,0.843046142109195,380.42161254882814,0.0,0.0,380.42161254882814,508.1216125488281,4457.527455905765,308.1216125488281,30.0,602.2739001975914,24.336400197591388,0,P01_GAMMA06_M013_00_A00,P01_GAMMA06_M013_00,P01,M013,577.9375,1459.625,881.6875,0.24468723940267978,6.0
E52_357bbbd4dc4420221c875ea3,6.6835381471092035,12.241245229232817,6.6835381471092035,405.4327582223269,433.1514265878055,644.5535062517828,0.23547283792056264,0.009166666666666667,0.2694045138888889,0.5140440184761182,2.0459559815238824,0.839361244226213,332.6240203857422,0.0,0.0,332.6240203857422,460.3240203857422,4834.151296888371,255.67149353027344,30.0,615.4327582223269,37.495258222326925,0,P01_GAMMA06_M013_00_A00,P01_GAMMA06_M013_00,P01,M013,577.9375,1459.625,881.6875,0.6835381471092035,6.0
E52_50c718ca7f326f764494c89d,7.617981720599559,13.080943299176411,7.617981720599559,350.85355156655817,370.1881015340061,585.6998033284289,0.20772710552759727,0.009166666666666667,0.2694045138888889,0.48629828608315284,2.0737017139168477,0.8480317855990147,232.014599609375,0.0,0.0,232.014599609375,359.714599609375,4392.748524963216,275.29461669921875,30.0,560.8535515665582,0.0,1,P01_GAMMA06_M013_00_A00,P01_GAMMA06_M013_00,P01,M013,577.9375,1459.625,881.6875,1.617981720599559,6.0
E52_60b76d98beea93305f35c25d,6.004471256022072,16.79058398580294,6.004471256022072,271.8613885249859,299.0873836523459,380.3668062858116,0.15055421784231732,0.009166666666666667,0.2694045138888889,0.4291253983978729,2.1308746016021276,0.8658983130006648,326.7119415283203,0.0,0.0,326.7119415283203,454.4119415283203,2852.751047143587,241.2421875,30.0,481.8613885249859,0.0,1,P01_GAMMA06_M013_00_A00,P01_GAMMA06_M013_00,P01,M013,577.9375,1459.625,881.6875,0.004471256022071657,6.0
E52_67646c2afbeb5602853e5a9c,6.230607706260017,12.927232110573698,6.230607706260017,404.7739001975914,440.6423679099937,594.3369941207687,0.22812669469116229,0.009166666666666667,0.2694045138888889,0.5066978752467178,2.0533021247532828,0.8416569139854007,430.42161254882814,0.0,0.0,430.42161254882814,558.1216125488281,4457.527455905765,308.1216125488281,30.0,614.7739001975914,36.83640019759139,0,P01_GAMMA06_M013_00_A00,P01_GAMMA06_M013_00,P01,M013,577.9375,1459.625,881.6875,0.2306077062600167,6.0
E52_7e5f4a4eaf9aa5b10576997a,8.056804371613424,13.086620585622072,8.056804371613424,384.11958913832314,414.7999833745699,584.1568128591658,0.21933939564120059,0.009166666666666667,0.2694045138888889,0.49791057619675616,2.0620894238032443,0.8444029449385138,368.16473083496095,0.0,0.0,368.16473083496095,495.86473083496094,4381.1760964437435,247.829345703125,30.0,594.1195891383231,16.182089138323136,0,P01_GAMMA06_M013_00_A00,P01_GAMMA06_M013_00,P01,M013,577.9375,1459.625,881.6875,2.056804371613424,6.0
E52_924cec2d58c933358893a332,6.759029527564337,12.302862284422105,6.759029527564337,416.670444788364,448.9844576972996,639.4568121231148,0.23874762537865796,0.009166666666666667,0.2694045138888889,0.5173188059342135,2.042681194065787,0.8383378731455583,387.7681549072266,0.0,0.0,387.7681549072266,515.4681549072266,4795.926090923361,252.644287109375,30.0,626.670444788364,48.732944788363966,0,P01_GAMMA06_M013_00_A00,P01_GAMMA06_M013_00,P01,M013,577.9375,1459.625,881.6875,0.7590295275643371,6.0
E52_96da4f081c74d8211b4b244f,6.988457059748754,12.47027426673894,6.988457059748754,406.4445801679392,437.368205859671,627.3474061854878,0.23339590098708082,0.009166666666666667,0.2694045138888889,0.5119670815426364,2.048032918457364,0.8400102870179261,371.08350830078126,0.0,0.0,371.08350830078126,498.78350830078125,4705.105546391158,251.37640380859375,30.0,616.4445801679392,38.50708016793919,0,P01_GAMMA06_M013_00_A00,P01_GAMMA06_M013_00,P01,M013,577.9375,1459.625,881.6875,0.9884570597487539,6.0
E52_a77602565c04dca5831f9b7a,7.81446751050494,15.758600383852013,7.81446751050494,295.3505394617105,322.31471665694164,428.9160157520343,0.16578365241547813,0.009166666666666667,0.2694045138888889,0.44435483297103373,2.115645167028967,0.8611391146965519,323.57012634277345,0.0,0.0,323.57012634277345,451.27012634277344,3216.870118140257,284.58648681640625,30.0,505.3505394617105,0.0,1,P01_GAMMA06_M013_00_A00,P01_GAMMA06_M013_00,P01,M013,577.9375,1459.625,881.6875,1.8144675105049402,6.0
E52_b4122a9095172602242b40e3,6.214263103198391,12.917805218005896,6.214263103198391,417.2739001975914,457.30903457666045,594.3369941207687,0.23257222468730426,0.009166666666666667,0.2694045138888889,0.5111434052428598,2.0488565947571407,0.8402676858616063,480.42161254882814,0.0,0.0,480.42161254882814,608.1216125488281,4457.527455905765,308.1216125488281,30.0,627.2739001975914,49.33640019759139,0,P01_GAMMA06_M013_00_A00,P01_GAMMA06_M013_00,P01,M013,577.9375,1459.625,881.6875,0.21426310319839104,6.0
E52_b544b4d7beda1d6ed7fbeefb,7.168393459732144,16.252686834440453,7.168393459732144,293.91354735972715,324.49113296153376,404.3615811086144,0.16179511839250177,0.009166666666666667,0.2694045138888889,0.44036629894805734,2.119633701051943,0.8623855315787321,366.9310272216797,0.0,0.0,366.9310272216797,494.6310272216797,3032.711858314608,277.91845703125,30.0,503.91354735972715,0.0,1,P01_GAMMA06_M013_00_A00,P01_GAMMA06_M013_00,P01,M013,577.9375,1459.625,881.6875,1.168393459732144,6.0
E52_b7c433bb400c5a28313b13f0,7.568193928118205,16.00220965111248,7.568193928118205,270.63016208552887,291.2047849391259,417.8125870494757,0.1554195344851095,0.009166666666666667,0.2694045138888889,0.4339907150406651,2.1260092849593355,0.8643779015497921,246.89547424316407,0.0,0.0,246.89547424316407,374.59547424316406,3133.594402871068,284.58648681640625,30.0,480.63016208552887,0.0,1,P01_GAMMA06_M013_00_A00,P01_GAMMA06_M013_00,P01,M013,577.9375,1459.625,881.6875,1.5681939281182053,6.0
E52_bfffb2993ede6e2e2bd9340b,7.575683196057383,13.053008949478723,7.575683196057383,400.85355156655817,436.85476820067277,585.6998033284289,0.22550922551216515,0.009166666666666667,0.2694045138888889,0.5040804060677208,2.0559195939322796,0.8424748731038373,432.014599609375,0.0,0.0,432.014599609375,559.714599609375,4392.748524963216,275.29461669921875,30.0,610.8535515665582,32.91605156655817,0,P01_GAMMA06_M013_00_A00,P01_GAMMA06_M013_00,P01,M013,577.9375,1459.625,881.6875,1.5756831960573834,6.0
E52_c76d93c5902d0dc017f7065c,7.454794546037789,16.05706218628906,7.454794546037789,260.86241804033426,278.57034040361555,415.47730190098105,0.1516149798935124,0.009166666666666667,0.2694045138888889,0.430186160449068,2.1298138395509323,0.8655668248596663,212.495068359375,0.0,0.0,212.495068359375,340.195068359375,3116.079764257358,277.91845703125,30.0,470.86241804033426,0.0,1,P01_GAMMA06_M013_00_A00,P01_GAMMA06_M013_00,P01,M013,577.9375,1459.625,881.6875,1.454794546037789,6.0
E52_d1d4424e0dfaa7a0ce62d445,7.611738996657365,12.872868339328704,7.611738996657365,402.0751033963921,436.37951216917855,598.3237541560654,0.22773150601213982,0.009166666666666667,0.2694045138888889,0.5063026865676954,2.053697313432305,0.8417804104475952,411.6529052734375,0.0,0.0,411.6529052734375,539.3529052734375,4487.428156170491,269.83203125,30.0,612.075103396392,34.137603396392024,0,P01_GAMMA06_M013_00_A00,P01_GAMMA06_M013_00,P01,M013,577.9375,1459.625,881.6875,1.6117389966573654,6.0
E52_d7f1f5d49edaa9f52000c452,7.695471731583552,12.917919470378578,7.695471731583552,397.7633482290822,431.12867517406926,595.3347347882426,0.22577474843651651,0.009166666666666667,0.2694045138888889,0.5043459289920721,2.0556540710079285,0.8423918971899775,400.38392333984376,0.0,0.0,400.38392333984376,528.0839233398438,4465.010510911819,278.08392333984375,30.0,607.7633482290822,29.825848229082226,0,P01_GAMMA06_M013_00_A00,P01_GAMMA06_M013_00,P01,M013,577.9375,1459.625,881.6875,1.6954717315835524,6.0
E52_dbe1bedc9b83d29f34556dbd,7.978740287092734,13.016499113861627,7.978740287092734,387.86022911882606,419.0031732004504,588.862793747906,0.22133620210273125,0.009166666666666667,0.2694045138888889,0.4999073826582868,2.060092617341714,0.8437789429192853,373.7153289794922,0.0,0.0,373.7153289794922,501.4153289794922,4416.470953109295,232.19436645507812,30.0,597.860229118826,19.922729118826055,0,P01_GAMMA06_M013_00_A00,P01_GAMMA06_M013_00,P01,M013,577.9375,1459.625,881.6875,1.9787402870927338,6.0
E52_dc4c132291b7b9525a26c82f,7.201257348444585,16.290878065555617,7.201257348444585,256.41354735972715,274.49113296153376,404.3615811086144,0.14845852840407586,0.009166666666666667,0.2694045138888889,0.42702970895963144,2.132970291040369,0.8665532159501153,216.9310272216797,0.0,0.0,216.9310272216797,344.6310272216797,3032.711858314608,277.91845703125,30.0,466.41354735972715,0.0,1,P01_GAMMA06_M013_00_A00,P01_GAMMA06_M013_00,P01,M013,577.9375,1459.625,881.6875,1.2012573484445852,6.0
E52_eb490529b308e18523949520,6.673662103050006,12.235001379754962,6.673662103050006,417.9327582223269,449.8180932544721,644.5535062517828,0.23991836791670462,0.009166666666666667,0.2694045138888889,0.5184895484722603,2.0415104515277402,0.8379720161024187,382.6240203857422,0.0,0.0,382.6240203857422,510.3240203857422,4834.151296888371,255.67149353027344,30.0,627.9327582223269,49.995258222326925,0,P01_GAMMA06_M013_00_A00,P01_GAMMA06_M013_00,P01,M013,577.9375,1459.625,881.6875,0.6736621030500061,6.0
E52_eddf192c3626d88d236d26e4,6.598671975907564,17.034187922993553,6.598671975907564,241.72684180786888,260.473536754158,370.9735139380034,0.13850678679446915,0.009166666666666667,0.2694045138888889,0.4170779673500247,2.1429220326499756,0.8696631352031172,224.96033935546876,0.0,0.0,224.96033935546876,352.66033935546875,2782.3013545350254,199.07135009765625,30.0,451.7268418078689,0.0,1,P01_GAMMA06_M013_00_A00,P01_GAMMA06_M013_00,P01,M013,577.9375,1459.625,881.6875,0.598671975907564,6.0
E52_ede4029bd5e695a7a0c85289,7.709128752793745,12.925612211179384,7.709128752793745,385.2633482290822,414.4620085074026,595.3347347882426,0.22132921844037454,0.009166666666666667,0.2694045138888889,0.4999003989959301,2.0600996010040706,0.8437811253137719,350.38392333984376,0.0,0.0,350.38392333984376,478.08392333984375,4465.010510911819,278.08392333984375,30.0,595.2633482290822,17.325848229082226,0,P01_GAMMA06_M013_00_A00,P01_GAMMA06_M013_00,P01,M013,577.9375,1459.625,881.6875,1.7091287527937453,6.0
E52_06eb0baa948af7ff52881bcf,7.336563929830248,16.258674653736037,7.336563929830248,296.7597053393259,328.36499963050426,403.88764493158146,0.16274021246714285,0.009166666666666667,0.002301215277777778,0.17420809441158727,2.3857919055884134,0.945559970496379,379.26353149414064,0.0,0.0,379.26353149414064,506.9635314941406,3029.157336986861,306.9635314941406,30.0,506.7597053393259,0.0,1,P01_GAMMA06_M014_00_A00,P01_GAMMA06_M014_00,P01,M014,5816.59375,5824.125,7.53125,1.3365639298302483,6.0
E52_0c9d91fc306062a18ada9948,9.042018456600715,15.697900697510477,9.042018456600715,331.42241999480143,370.2725110389095,429.7442937249544,0.1787296459836012,0.009166666666666667,0.002301215277777778,0.19019752792804562,2.369802472071955,0.9405632725224857,466.2010925292969,0.0,0.0,466.2010925292969,593.9010925292969,3223.082202937158,326.7436828613281,30.0,541.4224199948014,0.0,1,P01_GAMMA06_M014_00_A00,P01_GAMMA06_M014_00,P01,M014,5816.59375,5824.125,7.53125,3.042018456600715,6.0
E52_1eac4bbcd37cec5d48241661,8.875129228634151,6.04580255430777,6.04580255430777,275.66392246828667,298.30930922772677,415.4555243799327,0.1568759382441215,0.009166666666666667,0.002301215277777778,0.16834382018856592,2.3916561798114344,0.9473925561910732,271.74464111328126,0.0,0.0,271.74464111328126,399.44464111328125,3115.9164328494953,326.2397766113281,30.0,485.66392246828667,0.0,1,P01_GAMMA06_M014_00_A00,P01_GAMMA06_M014_00,P01,M014,5816.59375,5824.125,7.53125,0.04580255430776958,6.0
E52_1ef47ef68c1879e18ddbb164,6.653106987266398,9.684707827919368,6.653106987266398,525.9457118932837,556.9823492630754,865.6715995678175,0.30964781577290457,0.009166666666666667,0.002301215277777778,0.321115697717349,2.2388843022826515,0.8996513444633285,372.4396484375,0.0,0.0,372.4396484375,500.1396484375,6492.536996758631,304.7821350097656,30.0,735.9457118932837,0.0,1,P01_GAMMA06_M014_00_A00,P01_GAMMA06_M014_00,P01,M014,5816.59375,5824.125,7.53125,0.6531069872663977,6.0
E52_214ce9a3b3bd3fa9c582335a,10.233011408195821,15.138353346483314,10.233011408195821,331.46735474952504,365.31699057309277,459.8368945576438,0.1830074384559416,0.009166666666666667,0.002301215277777778,0.19447532040038604,2.3655246795996145,0.9392264623748794,406.1956298828125,0.0,0.0,406.1956298828125,533.8956298828125,3448.7767091823284,283.8956298828125,30.0,541.467354749525,0.0,1,P01_GAMMA06_M014_00_A00,P01_GAMMA06_M014_00,P01,M014,5816.59375,5824.125,7.53125,4.2330114081958214,6.0
E52_24cc4f01335372459fb4c2ba,12.865116412700758,12.909161020133865,12.865116412700758,410.2633482290822,447.7953418407359,595.3347347882426,0.23022027843265847,0.009166666666666667,0.002301215277777778,0.2416881603771029,2.3183118396228974,0.9244724498821554,450.38392333984376,0.0,0.0,450.38392333984376,578.0839233398438,4465.010510911819,278.08392333984375,30.0,620.2633482290822,0.0,1,P01_GAMMA06_M014_00_A00,P01_GAMMA06_M014_00,P01,M014,5816.59375,5824.125,7.53125,6.865116412700758,6.0
E52_27bf01e9e990859ae5993708,8.816713021720531,15.932490639468014,8.816713021720531,318.6138217216496,355.0514931287134,418.60161500091635,0.17259630304263499,0.009166666666666667,0.002301215277777778,0.1840641849870794,2.3759358150129213,0.9424799421915377,437.25205688476564,0.0,0.0,437.25205688476564,564.9520568847656,3139.5121125068727,326.2397766113281,30.0,528.6138217216496,0.0,1,P01_GAMMA06_M014_00_A00,P01_GAMMA06_M014_00,P01,M014,5816.59375,5824.125,7.53125,2.816713021720531,6.0
E52_27bf1882d0e1a812c8450c72,7.665834438834196,16.18675851321828,7.665834438834196,334.03154784809436,377.9609795090644,404.48650573036844,0.17608047258726683,0.009166666666666667,0.002301215277777778,0.18754835453171126,2.3724516454682893,0.9413911392088402,527.1531799316406,0.0,0.0,527.1531799316406,654.8531799316406,3033.648792977763,359.1753845214844,30.0,544.0315478480943,0.0,1,P01_GAMMA06_M014_00_A00,P01_GAMMA06_M014_00,P01,M014,5816.59375,5824.125,7.53125,1.665834438834196,6.0
E52_27fdcb9bc2da20af468e67a1,9.67245011455303,15.630401191469062,9.67245011455303,333.5201066466774,372.5049327982074,433.1312563841751,0.1799553449394086,0.009166666666666667,0.002301215277777778,0.19142322688385302,2.3685767731161476,0.940180241598796,467.8179138183594,0.0,0.0,467.8179138183594,595.5179138183594,3248.4844228813135,322.1230773925781,30.0,543.5201066466774,0.0,1,P01_GAMMA06_M014_00_A00,P01_GAMMA06_M014_00,P01,M014,5816.59375,5824.125,7.53125,3.6724501145530297,6.0
E52_2cea01313b8862fcfb6b2e63,16.10506837356327,16.460055432828085,16.10506837356327,259.5957489704318,280.08528245838755,396.2542970131293,0.148442074342722,0.009166666666666667,0.002301215277777778,0.15990995628716642,2.400090043712834,0.9500281386602605,245.87440185546876,0.0,0.0,245.87440185546876,373.57440185546875,2971.90722759847,231.8917236328125,30.0,469.5957489704318,0.0,1,P01_GAMMA06_M014_00_A00,P01_GAMMA06_M014_00,P01,M014,5816.59375,5824.125,7.53125,10.10506837356327,6.0
E52_2d7a36258a59c18fc6a856bf,8.293747603759343,16.662039037059316,8.293747603759343,318.72117968179435,361.17160743651436,382.73979283526836,0.16755561647288383,0.009166666666666667,0.002301215277777778,0.17902349841732826,2.3809765015826723,0.944055156744585,509.40513305664064,0.0,0.0,509.40513305664064,637.1051330566406,2870.5484462645127,346.4301452636719,30.0,528.7211796817944,0.0,1,P01_GAMMA06_M014_00_A00,P01_GAMMA06_M014_00,P01,M014,5816.59375,5824.125,7.53125,2.2937476037593427,6.0
E52_2dadfb43d7dd9558e21effa9,12.29273652067026,12.85982438864363,12.29273652067026,396.07517918576866,428.1792069974549,599.5261915014202,0.22576797164618329,0.009166666666666667,0.002301215277777778,0.2372358535906277,2.322764146409373,0.9258637957529289,385.2483337402344,0.0,0.0,385.2483337402344,512.9483337402344,4496.446436260651,248.30487060546875,30.0,606.0751791857687,0.0,1,P01_GAMMA06_M014_00_A00,P01_GAMMA06_M014_00,P01,M014,5816.59375,5824.125,7.53125,6.29273652067026,6.0
E52_2e64690809088e2a96fb2160,6.354232238292823,9.500767968691491,6.354232238292823,523.7789293194231,550.945126524013,884.5606754113072,0.31155234822715455,0.009166666666666667,0.002301215277777778,0.323020230171599,2.2369797698284017,0.8990561780713753,325.99436645507814,0.0,0.0,325.99436645507814,453.6943664550781,6634.205065584804,329.6845703125,30.0,733.7789293194231,0.0,1,P01_GAMMA06_M014_00_A00,P01_GAMMA06_M014_00,P01,M014,5816.59375,5824.125,7.53125,0.35423223829282335,6.0
E52_326bd9096774308657b14836,8.56931897887796,6.820761438549596,6.820761438549596,254.20783025924425,275.6237299174474,379.92026256926977,0.1442126230476059,0.009166666666666667,0.002301215277777778,0.15568050499205033,2.4043194950079503,0.9513498421899843,256.9907958984375,0.0,0.0,256.9907958984375,384.6907958984375,2849.4019692695233,334.6907958984375,30.0,464.20783025924425,0.0,1,P01_GAMMA06_M014_00_A00,P01_GAMMA06_M014_00,P01,M014,5816.59375,5824.125,7.53125,0.8207614385495958,6.0
E52_357bbbd4dc4420221c875ea3,10.169193036228322,12.241245229232817,10.169193036228322,405.4327582223269,433.1514265878055,644.5535062517828,0.23547283792056264,0.009166666666666667,0.002301215277777778,0.24694071986500707,2.3130592801349934,0.9228310250421853,332.6240203857422,0.0,0.0,332.6240203857422,460.3240203857422,4834.151296888371,255.67149353027344,30.0,615.4327582223269,0.0,1,P01_GAMMA06_M014_00_A00,P01_GAMMA06_M014_00,P01,M014,5816.59375,5824.125,7.53125,4.169193036228322,6.0
E52_3a94b6482baa2cfaba8a857d,7.9789705613918045,16.425448776817632,7.9789705613918045,326.01303055755295,369.111023518165,393.4381033514341,0.17166403726355467,0.009166666666666667,0.002301215277777778,0.1831319192079991,2.3768680807920015,0.9427712752475003,517.1759155273437,0.0,0.0,517.1759155273437,644.8759155273438,2950.785775135756,352.4370422363281,30.0,536.013030557553,0.0,1,P01_GAMMA06_M014_00_A00,P01_GAMMA06_M014_00,P01,M014,5816.59375,5824.125,7.53125,1.9789705613918045,6.0
E52_413d3eff5d481ef66f8d3068,6.3373479100317525,9.493762996477216,6.3373479100317525,548.7789293194231,584.2784598573463,884.5606754113072,0.3204434082194385,0.009166666666666667,0.002301215277777778,0.33191129016388293,2.2280887098361175,0.8962777218237866,425.99436645507814,0.0,0.0,425.99436645507814,553.6943664550781,6634.205065584804,329.6845703125,30.0,758.7789293194231,0.0,1,P01_GAMMA06_M014_00_A00,P01_GAMMA06_M014_00,P01,M014,5816.59375,5824.125,7.53125,0.33734791003175246,6.0
E52_437c6a333219b14c3939f26c,8.832976230142648,6.0194831627628105,6.0194831627628105,277.09771274073506,296.211315442558,417.14117438283733,0.1570562493971614,0.009166666666666667,0.002301215277777778,0.16852413134160582,2.391475868658395,0.9473362089557482,248.53977661132814,19.176544189453125,19.176544189453125,248.53977661132814,376.2397766113281,3128.55880787128,326.2397766113281,30.0,487.09771274073506,0.0,1,P01_GAMMA06_M014_00_A00,P01_GAMMA06_M014_00,P01,M014,5816.59375,5824.125,7.53125,0.01948316276281048,6.0
E52_44ed69e1d99dc074a7941a18,11.95936985462265,8.900383690419545,8.900383690419545,188.27556058823757,199.0276355292369,299.7078152072368,0.1090911242968749,0.009166666666666667,0.002301215277777778,0.12055900624131935,2.439440993758681,0.9623253105495877,139.59420471191407,10.569305419921875,10.569305419921875,139.59420471191407,267.29420471191406,2247.808614054276,217.29420471191406,30.0,398.27556058823757,0.0,1,P01_GAMMA06_M014_00_A00,P01_GAMMA06_M014_00,P01,M014,5816.59375,5824.125,7.53125,2.9003836904195452,6.0
E52_47db2d0d55c92154c779a4c9,7.066144518945961,16.45726286038159,7.066144518945961,312.62709924858126,351.3219092257948,393.08533863388124,0.16685347284684848,0.009166666666666667,0.002301215277777778,0.1783213547912929,2.3816786452087078,0.944274576627721,464.3377197265625,0.0,0.0,464.3377197265625,592.0377197265625,2948.1400397541092,295.61395263671875,30.0,522.6270992485813,0.0,1,P01_GAMMA06_M014_00_A00,P01_GAMMA06_M014_00,P01,M014,5816.59375,5824.125,7.53125,1.0661445189459613,6.0
E52_4cf0fac9feb721651efb2830,13.381429260119987,17.82597875173802,13.381429260119987,242.69354898018014,267.32891198677197,337.5749199208095,0.13412057160327687,0.009166666666666667,0.002301215277777778,0.1455884535477213,2.4144115464522793,0.9545036082663371,295.6243560791016,0.0,0.0,295.6243560791016,423.32435607910156,2531.8118994060715,217.31182861328125,30.0,452.69354898018014,0.0,1,P01_GAMMA06_M014_00_A00,P01_GAMMA06_M014_00,P01,M014,5816.59375,5824.125,7.53125,7.381429260119987,6.0
E52_4d215302190bc5bfb29bf912,6.5613271779133555,16.37371485667674,6.5613271779133555,307.50969179304633,343.7570581260541,397.53518558804575,0.1656637075427803,0.009166666666666667,0.002301215277777778,0.1771315894872247,2.382868410512776,0.9446463782852423,434.96839599609376,0.0,0.0,434.96839599609376,562.6683959960938,2981.5138919103433,336.56707763671875,30.0,517.5096917930464,0.0,1,P01_GAMMA06_M014_00_A00,P01_GAMMA06_M014_00,P01,M014,5816.59375,5824.125,7.53125,0.5613271779133555,6.0
E52_50c718ca7f326f764494c89d,16.24079439072942,13.080943299176411,13.080943299176411,350.85355156655817,370.1881015340061,585.6998033284289,0.20772710552759727,0.009166666666666667,0.002301215277777778,0.2191949874720417,2.3408050125279587,0.9315015664149869,232.014599609375,0.0,0.0,232.014599609375,359.714599609375,4392.748524963216,275.29461669921875,30.0,560.8535515665582,0.0,1,P01_GAMMA06_M014_00_A00,P01_GAMMA06_M014_00,P01,M014,5816.59375,5824.125,7.53125,7.080943299176411,6.0
E52_515a3b7c8d98426ee13f2b4e,15.06019699922912,17.07508762021844,15.06019699922912,242.68536134104386,262.0561394884234,369.14605379781034,0.13858886614696947,0.009166666666666667,0.002301215277777778,0.1500567480914139,2.4099432519085866,0.9531072662214332,232.4493377685547,0.0,0.0,232.4493377685547,360.1493377685547,2768.5954034835777,210.1493377685547,30.0,452.68536134104386,0.0,1,P01_GAMMA06_M014_00_A00,P01_GAMMA06_M014_00,P01,M014,5816.59375,5824.125,7.53125,9.06019699922912,6.0
E52_60b76d98beea93305f35c25d,15.165502560112557,16.79058398580294,15.165502560112557,271.8613885249859,299.0873836523459,380.3668062858116,0.15055421784231732,0.009166666666666667,0.002301215277777778,0.16202209978676174,2.3979779002132386,0.949368093816637,326.7119415283203,0.0,0.0,326.7119415283203,454.4119415283203,2852.751047143587,241.2421875,30.0,481.8613885249859,0.0,1,P01_GAMMA06_M014_00_A00,P01_GAMMA06_M014_00,P01,M014,5816.59375,5824.125,7.53125,9.165502560112557,6.0
E52_68694062ed2e2e792aeb51a9,10.350525154193718,17.695890544520793,10.350525154193718,262.3147609906027,292.8212075746684,341.5908424768108,0.1416674545099547,0.009166666666666667,0.002301215277777778,0.1531353364543991,2.4068646635456012,0.9521452073580002,366.0773590087891,0.0,0.0,366.0773590087891,493.77735900878906,2561.931318576081,213.8477783203125,30.0,472.3147609906027,0.0,1,P01_GAMMA06_M014_00_A00,P01_GAMMA06_M014_00,P01,M014,5816.59375,5824.125,7.53125,4.350525154193718,6.0
E52_6aa461eda22a4c53e6730e81,8.351018769525211,6.478254834226846,6.478254834226846,265.8104536255181,288.3542041341444,395.1560268799425,0.15046620221455187,0.009166666666666667,0.002301215277777778,0.1619340841589963,2.3980659158410043,0.9493955987003136,271.555615234375,1.030609130859375,1.030609130859375,271.555615234375,399.255615234375,2963.670201599569,349.255615234375,30.0,475.8104536255181,0.0,1,P01_GAMMA06_M014_00_A00,P01_GAMMA06_M014_00,P01,M014,5816.59375,5824.125,7.53125,0.47825483422684556,6.0
E52_74b3fb0a4920873efc33101b,7.103545296168392,6.525083879148042,6.525083879148042,262.62709924858126,284.6552425591281,393.08533863388124,0.14907135286228057,0.009166666666666667,0.002301215277777778,0.160539234806725,2.3994607651932753,0.9498314891228985,264.3377197265625,0.0,0.0,264.3377197265625,392.0377197265625,2948.1400397541092,295.61395263671875,30.0,472.62709924858126,0.0,1,P01_GAMMA06_M014_00_A00,P01_GAMMA06_M014_00,P01,M014,5816.59375,5824.125,7.53125,0.5250838791480419,6.0
E52_76b4f0bdabd1ccab126282dd,14.390771867910388,17.180198899819032,14.390771867910388,244.7670432960008,265.6078646257534,364.489158613486,0.13866967590706417,0.009166666666666667,0.002301215277777778,0.1501375578515086,2.409862442148492,0.9530820131714036,250.08985595703126,0.0,0.0,250.08985595703126,377.78985595703125,2733.6686896011447,241.2421875,30.0,454.7670432960008,0.0,1,P01_GAMMA06_M014_00_A00,P01_GAMMA06_M014_00,P01,M014,5816.59375,5824.125,7.53125,8.390771867910388,6.0
E52_7e5f4a4eaf9aa5b10576997a,12.570725544753202,13.086620585622072,12.570725544753202,384.11958913832314,414.7999833745699,584.1568128591658,0.21933939564120059,0.009166666666666667,0.002301215277777778,0.230807277585645,2.3291927224143554,0.927872725754486,368.16473083496095,0.0,0.0,368.16473083496095,495.86473083496094,4381.1760964437435,247.829345703125,30.0,594.1195891383231,0.0,1,P01_GAMMA06_M014_00_A00,P01_GAMMA06_M014_00,P01,M014,5816.59375,5824.125,7.53125,6.570725544753202,6.0
E52_82c821a5773d0bfbe554f10a,7.689509781038993,11.397135806608844,7.689509781038993,512.9354114719376,566.0737563002253,707.0407539741487,0.2825549862639304,0.009166666666666667,0.002301215277777778,0.2940228682083748,2.2659771317916255,0.9081178536848828,637.6601379394531,0.0,0.0,637.6601379394531,765.3601379394531,5302.805654806116,465.3601379394531,30.0,722.9354114719376,0.0,1,P01_GAMMA06_M014_00_A00,P01_GAMMA06_M014_00,P01,M014,5816.59375,5824.125,7.53125,1.6895097810389927,6.0
E52_831cee7e7a3a549796e42b18,7.08959855755154,10.042846261792022,7.08959855755154,524.445203057942,560.9167693217765,830.061008532876,0.3040708837654974,0.009166666666666667,0.002301215277777778,0.3155387657099418,2.2444612342900587,0.9013941357156432,437.65879516601564,0.0,0.0,437.65879516601564,565.3587951660156,6225.457563996571,359.5916748046875,30.0,734.445203057942,0.0,1,P01_GAMMA06_M014_00_A00,P01_GAMMA06_M014_00,P01,M014,5816.59375,5824.125,7.53125,1.0895985575515397,6.0
E52_88c1c7aba1fcf94c58dad20e,6.346972520000719,9.497510042154289,6.346972520000719,536.2789293194231,567.6117931906797,884.5606754113072,0.3159978782232965,0.009166666666666667,0.002301215277777778,0.3274657601677409,2.2325342398322596,0.897666949947581,375.99436645507814,0.0,0.0,375.99436645507814,503.6943664550781,6634.205065584804,329.6845703125,30.0,746.2789293194231,0.0,1,P01_GAMMA06_M014_00_A00,P01_GAMMA06_M014_00,P01,M014,5816.59375,5824.125,7.53125,0.346972520000719,6.0
E52_8ca7795ffa642a3b129c0a3d,9.090092429838677,15.730152054416479,9.090092429838677,330.94608252023,369.9122522589995,428.0951466078428,0.17832668261553564,0.009166666666666667,0.002301215277777778,0.18979456455998006,2.3702054354400204,0.9406891985750062,467.5940368652344,0.0,0.0,467.5940368652344,595.2940368652344,3210.713599558821,335.390380859375,30.0,540.94608252023,0.0,1,P01_GAMMA06_M014_00_A00,P01_GAMMA06_M014_00,P01,M014,5816.59375,5824.125,7.53125,3.090092429838677,6.0
E52_9026ce0d2a5dd9a75ef73c8e,7.290398690434131,6.720084116703532,6.720084116703532,248.61637070099954,267.37077642202814,384.70630707582717,0.14290187810434732,0.009166666666666667,0.002301215277777778,0.15436976004879174,2.4056302399512086,0.9517594499847526,225.05286865234376,0.0,0.0,225.05286865234376,352.75286865234375,2885.297303068704,302.75286865234375,30.0,458.61637070099954,0.0,1,P01_GAMMA06_M014_00_A00,P01_GAMMA06_M014_00,P01,M014,5816.59375,5824.125,7.53125,0.7200841167035321,6.0
E52_924cec2d58c933358893a332,10.633587181503728,12.302862284422105,10.633587181503728,416.670444788364,448.9844576972996,639.4568121231148,0.23874762537865796,0.009166666666666667,0.002301215277777778,0.2502155073231024,2.309784492676898,0.9218076539615305,387.7681549072266,0.0,0.0,387.7681549072266,515.4681549072266,4795.926090923361,252.644287109375,30.0,626.670444788364,0.0,1,P01_GAMMA06_M014_00_A00,P01_GAMMA06_M014_00,P01,M014,5816.59375,5824.125,7.53125,4.633587181503728,6.0
E52_96da4f081c74d8211b4b244f,11.511748287092388,12.47027426673894,11.511748287092388,406.4445801679392,437.368205859671,627.3474061854878,0.23339590098708082,0.009166666666666667,0.002301215277777778,0.24486378293152525,2.315136217068475,0.9234800678338984,371.08350830078126,0.0,0.0,371.08350830078126,498.78350830078125,4705.105546391158,251.37640380859375,30.0,616.4445801679392,0.0,1,P01_GAMMA06_M014_00_A00,P01_GAMMA06_M014_00,P01,M014,5816.59375,5824.125,7.53125,5.511748287092388,6.0
E52_a3836b1674b2d70f748125c1,12.61097218345084,18.388582284998307,12.61097218345084,238.77143733771516,265.74771093797557,315.68523307386783,0.1296256139323784,0.009166666666666667,0.002301215277777778,0.14109349587682282,2.4189065041231776,0.9559082825384929,323.715283203125,0.0,0.0,323.715283203125,451.415283203125,2367.639248054009,217.29420471191406,30.0,448.77143733771516,0.0,1,P01_GAMMA06_M014_00_A00,P01_GAMMA06_M014_00,P01,M014,5816.59375,5824.125,7.53125,6.610972183450841,6.0
E52_a77602565c04dca5831f9b7a,9.269947085352001,15.758600383852013,9.269947085352001,295.3505394617105,322.31471665694164,428.9160157520343,0.16578365241547813,0.009166666666666667,0.002301215277777778,0.17725153435992255,2.382748465640078,0.9446088955125242,323.57012634277345,0.0,0.0,323.57012634277345,451.27012634277344,3216.870118140257,284.58648681640625,30.0,505.3505394617105,0.0,1,P01_GAMMA06_M014_00_A00,P01_GAMMA06_M014_00,P01,M014,5816.59375,5824.125,7.53125,3.269947085352001,6.0
E52_afb1e3673ff3adbe9c45b8fc,7.026185489183476,6.956106286850726,6.956106286850726,250.21040235058808,271.27175132926646,374.0527108291059,0.1419599864782851,0.009166666666666667,0.002301215277777778,0.1534278684227295,2.406572131577271,0.952053791117897,252.73618774414064,0.0,0.0,252.73618774414064,380.4361877441406,2805.395331218294,291.6474609375,30.0,460.2104023505881,0.0,1,P01_GAMMA06_M014_00_A00,P01_GAMMA06_M014_00,P01,M014,5816.59375,5824.125,7.53125,0.9561062868507264,6.0
E52_b544b4d7beda1d6ed7fbeefb,9.020618361013717,16.252686834440453,9.020618361013717,293.91354735972715,324.49113296153376,404.3615811086144,0.16179511839250177,0.009166666666666667,0.002301215277777778,0.1732630003369462,2.3867369996630545,0.9458553123947043,366.9310272216797,0.0,0.0,366.9310272216797,494.6310272216797,3032.711858314608,277.91845703125,30.0,503.91354735972715,0.0,1,P01_GAMMA06_M014_00_A00,P01_GAMMA06_M014_00,P01,M014,5816.59375,5824.125,7.53125,3.0206183610137174,6.0
E52_b60e4d2a4cdcd5801a5d757f,8.827101935163839,16.480566458341656,8.827101935163839,308.26023760270465,345.626388522301,392.32356968783114,0.16519254750221457,0.009166666666666667,0.002301215277777778,0.176660429446659,2.3833395705533413,0.9447936157979191,448.39381103515626,0.0,0.0,448.39381103515626,576.0938110351562,2942.4267726587336,326.2397766113281,30.0,518.2602376027046,0.0,1,P01_GAMMA06_M014_00_A00,P01_GAMMA06_M014_00,P01,M014,5816.59375,5824.125,7.53125,2.8271019351638387,6.0
E52_b7c433bb400c5a28313b13f0,9.309120349543974,16.00220965111248,9.309120349543974,270.63016208552887,291.2047849391259,417.8125870494757,0.1554195344851095,0.009166666666666667,0.002301215277777778,0.16688741642955393,2.3931125835704465,0.9478476823657644,246.89547424316407,0.0,0.0,246.89547424316407,374.59547424316406,3133.594402871068,284.58648681640625,30.0,480.63016208552887,0.0,1,P01_GAMMA06_M014_00_A00,P01_GAMMA06_M014_00,P01,M014,5816.59375,5824.125,7.53125,3.3091203495439743,6.0
E52_be69bdf55826f2eb34075d09,10.988010065043696,12.029424972929434,10.988010065043696,457.6877788138426,500.48965717077624,658.5642874860837,0.25604119113741575,0.009166666666666667,0.002301215277777778,0.26750907308186017,2.2924909269181404,0.9164034146619187,513.6225402832031,0.0,0.0,513.6225402832031,641.3225402832031,4939.232156145627,341.3225402832031,30.0,667.6877788138427,0.0,1,P01_GAMMA06_M014_00_A00,P01_GAMMA06_M014_00,P01,M014,5816.59375,5824.125,7.53125,4.988010065043696,6.0
E52_bfffb2993ede6e2e2bd9340b,15.999758922861972,13.053008949478723,13.053008949478723,400.85355156655817,436.85476820067277,585.6998033284289,0.22550922551216515,0.009166666666666667,0.002301215277777778,0.23697710745660958,2.323022892543391,0.9259446539198095,432.014599609375,0.0,0.0,432.014599609375,559.714599609375,4392.748524963216,275.29461669921875,30.0,610.8535515665582,0.0,1,P01_GAMMA06_M014_00_A00,P01_GAMMA06_M014_00,P01,M014,5816.59375,5824.125,7.53125,7.053008949478723,6.0
E52_c0294c7ff44d44fc4ede8d97,8.49710721354424,16.7256600789149,8.49710721354424,316.70783025924425,358.9570632507807,379.92026256926977,0.16644027302831577,0.009166666666666667,0.002301215277777778,0.1779081549727602,2.38209184502724,0.9444037015710125,506.9907958984375,0.0,0.0,506.9907958984375,634.6907958984375,2849.4019692695233,334.6907958984375,30.0,526.7078302592442,0.0,1,P01_GAMMA06_M014_00_A00,P01_GAMMA06_M014_00,P01,M014,5816.59375,5824.125,7.53125,2.49710721354424,6.0
E52_c76d93c5902d0dc017f7065c,9.034602561303402,16.05706218628906,9.034602561303402,260.86241804033426,278.57034040361555,415.47730190098105,0.1516149798935124,0.009166666666666667,0.002301215277777778,0.16308286183795684,2.3969171381620438,0.9490366056756385,212.495068359375,0.0,0.0,212.495068359375,340.195068359375,3116.079764257358,277.91845703125,30.0,470.86241804033426,0.0,1,P01_GAMMA06_M014_00_A00,P01_GAMMA06_M014_00,P01,M014,5816.59375,5824.125,7.53125,3.0346025613034016,6.0
E52_c98d1e580ba9a8920eeacbdb,6.876957513642196,9.995636820319618,6.876957513642196,531.3190315479533,569.3529452238973,834.4345810402425,0.30713490815373307,0.009166666666666667,0.002301215277777778,0.3186027900981775,2.241397209901823,0.9004366280943196,456.40696411132814,0.0,0.0,456.40696411132814,584.1069641113281,6258.259357801819,362.73199462890625,30.0,741.3190315479533,0.0,1,P01_GAMMA06_M014_00_A00,P01_GAMMA06_M014_00,P01,M014,5816.59375,5824.125,7.53125,0.8769575136421963,6.0
E52_d1d4424e0dfaa7a0ce62d445,6.905938331907009,12.872868339328704,6.905938331907009,402.0751033963921,436.37951216917855,598.3237541560654,0.22773150601213982,0.009166666666666667,0.002301215277777778,0.23919938795658424,2.320800612043416,0.9252501912635674,411.6529052734375,0.0,0.0,411.6529052734375,539.3529052734375,4487.428156170491,269.83203125,30.0,612.075103396392,0.0,1,P01_GAMMA06_M014_00_A00,P01_GAMMA06_M014_00,P01,M014,5816.59375,5824.125,7.53125,0.9059383319070093,6.0
E52_d22cbe82615c6d2ee0ebf49f,9.060393389197614,15.758568264926964,9.060393389197614,318.17309843891866,352.9726015110215,427.5491784452201,0.1737067461230003,0.009166666666666667,0.002301215277777778,0.18517462806744472,2.374825371932556,0.9421329287289235,417.5940368652344,0.0,0.0,417.5940368652344,545.2940368652344,3206.618838339151,335.390380859375,30.0,528.1730984389187,0.0,1,P01_GAMMA06_M014_00_A00,P01_GAMMA06_M014_00,P01,M014,5816.59375,5824.125,7.53125,3.060393389197614,6.0
E52_d3460088443e86b69235cf2f,7.866280648564313,10.110906533633653,7.866280648564313,520.9986937965015,557.4049117530444,823.5600798537452,0.3019244763287566,0.009166666666666667,0.002301215277777778,0.313392358273201,2.2466076417267997,0.9020648880396247,436.87461547851564,0.0,0.0,436.87461547851564,564.5746154785156,6176.700598903089,276.8628845214844,30.0,730.9986937965015,0.0,1,P01_GAMMA06_M014_00_A00,P01_GAMMA06_M014_00,P01,M014,5816.59375,5824.125,7.53125,1.866280648564313,6.0
E52_d7f1f5d49edaa9f52000c452,12.91381890021185,12.917919470378578,12.91381890021185,397.7633482290822,431.12867517406926,595.3347347882426,0.22577474843651651,0.009166666666666667,0.002301215277777778,0.23724263038096094,2.3227573696190396,0.9258616780059497,400.38392333984376,0.0,0.0,400.38392333984376,528.0839233398438,4465.010510911819,278.08392333984375,30.0,607.7633482290822,0.0,1,P01_GAMMA06_M014_00_A00,P01_GAMMA06_M014_00,P01,M014,5816.59375,5824.125,7.53125,6.913818900211851,6.0
E52_dbe1bedc9b83d29f34556dbd,11.930330511375857,13.016499113861627,11.930330511375857,387.86022911882606,419.0031732004504,588.862793747906,0.22133620210273125,0.009166666666666667,0.002301215277777778,0.23280408404717567,2.327195915952825,0.9272487237352576,373.7153289794922,0.0,0.0,373.7153289794922,501.4153289794922,4416.470953109295,232.19436645507812,30.0,597.860229118826,0.0,1,P01_GAMMA06_M014_00_A00,P01_GAMMA06_M014_00,P01,M014,5816.59375,5824.125,7.53125,5.930330511375857,6.0
E52_dbec4f1422e98765afb262aa,7.496396567047611,16.38523852602286,7.496396567047611,322.5402116809159,364.1002534899979,395.72017250733956,0.1707521496628321,0.009166666666666667,0.002301215277777778,0.1822200316072765,2.377779968392724,0.943056240122726,498.7205017089844,0.0,0.0,498.7205017089844,626.4205017089844,2967.901293805047,326.4205017089844,30.0,532.540211680916,0.0,1,P01_GAMMA06_M014_00_A00,P01_GAMMA06_M014_00,P01,M014,5816.59375,5824.125,7.53125,1.4963965670476114,6.0
E52_dc4c132291b7b9525a26c82f,9.045343303511046,16.290878065555617,9.045343303511046,256.41354735972715,274.49113296153376,404.3615811086144,0.14845852840407586,0.009166666666666667,0.002301215277777778,0.1599264103485203,2.4000735896514804,0.9500229967660874,216.9310272216797,0.0,0.0,216.9310272216797,344.6310272216797,3032.711858314608,277.91845703125,30.0,466.41354735972715,0.0,1,P01_GAMMA06_M014_00_A00,P01_GAMMA06_M014_00,P01,M014,5816.59375,5824.125,7.53125,3.0453433035110464,6.0
E52_de2c36302e014a6d0284c896,8.766028951865025,15.994052628622484,8.766028951865025,325.41177480357015,364.7238282296769,414.95122905049965,0.1744969638873427,0.009166666666666667,0.002301215277777778,0.18596484583178713,2.3740351541682134,0.9418859856775665,471.74464111328126,0.0,0.0,471.74464111328126,599.4446411132812,3112.134217878747,325.15069580078125,30.0,535.4117748035701,0.0,1,P01_GAMMA06_M014_00_A00,P01_GAMMA06_M014_00,P01,M014,5816.59375,5824.125,7.53125,2.7660289518650245,6.0
E52_e0cd6bab1a22c4530d9a254c,7.551048824757331,6.471069764274475,6.471069764274475,260.0402116809159,280.7669201566646,395.72017250733956,0.14852449968212222,0.009166666666666667,0.002301215277777778,0.15999238162656665,2.400007618373434,0.950002380741698,248.7205017089844,0.0,0.0,248.7205017089844,376.4205017089844,2967.901293805047,326.4205017089844,30.0,470.0402116809159,0.0,1,P01_GAMMA06_M014_00_A00,P01_GAMMA06_M014_00,P01,M014,5816.59375,5824.125,7.53125,0.4710697642744748,6.0
E52_ea76d341ab82f2ebc1fa1efe,8.823957643855067,6.056283714240493,6.056283714240493,275.41177480357015,298.05716156301025,414.95122905049965,0.15671484390277482,0.009166666666666667,0.002301215277777778,0.16818272584721924,2.3918172741527814,0.947442898172744,271.74464111328126,0.0,0.0,271.74464111328126,399.44464111328125,3112.134217878747,325.15069580078125,30.0,485.41177480357015,0.0,1,P01_GAMMA06_M014_00_A00,P01_GAMMA06_M014_00,P01,M014,5816.59375,5824.125,7.53125,0.056283714240493055,6.0
E52_eab18c460278cfbad2c20da0,10.382912956395657,7.760329046990023,7.760329046990023,212.31476099060268,226.15454090800176,341.5908424768108,0.12388533452538679,0.009166666666666667,0.002301215277777778,0.13535321646983123,2.4246467835301693,0.9577021198531778,166.07735900878907,0.0,0.0,166.07735900878907,293.77735900878906,2561.931318576081,213.8477783203125,30.0,422.3147609906027,0.0,1,P01_GAMMA06_M014_00_A00,P01_GAMMA06_M014_00,P01,M014,5816.59375,5824.125,7.53125,1.760329046990023,6.0
E52_eb490529b308e18523949520,10.150980311220465,12.235001379754962,10.150980311220465,417.9327582223269,449.8180932544721,644.5535062517828,0.23991836791670462,0.009166666666666667,0.002301215277777778,0.25138624986114905,2.3086137501388513,0.9214417969183909,382.6240203857422,0.0,0.0,382.6240203857422,510.3240203857422,4834.151296888371,255.67149353027344,30.0,627.9327582223269,0.0,1,P01_GAMMA06_M014_00_A00,P01_GAMMA06_M014_00,P01,M014,5816.59375,5824.125,7.53125,4.150980311220465,6.0
E52_eddf192c3626d88d236d26e4,11.244949945935446,17.034187922993553,11.244949945935446,241.72684180786888,260.473536754158,370.9735139380034,0.13850678679446915,0.009166666666666667,0.002301215277777778,0.14997466873891357,2.410025331261087,0.9531329160190896,224.96033935546876,0.0,0.0,224.96033935546876,352.66033935546875,2782.3013545350254,199.07135009765625,30.0,451.7268418078689,0.0,1,P01_GAMMA06_M014_00_A00,P01_GAMMA06_M014_00,P01,M014,5816.59375,5824.125,7.53125,5.244949945935446,6.0
E52_ede4029bd5e695a7a0c85289,12.952160889599384,12.925612211179384,12.925612211179384,385.2633482290822,414.4620085074026,595.3347347882426,0.22132921844037454,0.009166666666666667,0.002301215277777778,0.23279710038481896,2.3272028996151817,0.927250906129744,350.38392333984376,0.0,0.0,350.38392333984376,478.08392333984375,4465.010510911819,278.08392333984375,30.0,595.2633482290822,0.0,1,P01_GAMMA06_M014_00_A00,P01_GAMMA06_M014_00,P01,M014,5816.59375,5824.125,7.53125,6.925612211179384,6.0
E52_f2fabdd802684ffd17ed2273,7.014613298682818,16.925225818485302,7.014613298682818,275.2104023505881,304.60508466259984,374.0527108291059,0.15085104647056902,0.009166666666666667,0.002301215277777778,0.16231892841501344,2.3976810715849872,0.9492753348703084,352.73618774414064,0.0,0.0,352.73618774414064,480.4361877441406,2805.395331218294,291.6474609375,30.0,485.2104023505881,0.0,1,P01_GAMMA06_M014_00_A00,P01_GAMMA06_M014_00,P01,M014,5816.59375,5824.125,7.53125,1.0146132986828178,6.0
E52_fd527d975e1813662620f82c,11.696047822711392,12.45056667278017,11.696047822711392,418.2192341110554,452.9085204066283,628.3027504486734,0.23771876612520712,0.009166666666666667,0.002301215277777778,0.24918664806965155,2.310813351930349,0.9221291724782339,416.271435546875,0.0,0.0,416.271435546875,543.971435546875,4712.2706283650505,306.8754577636719,30.0,628.2192341110554,0.0,1,P01_GAMMA06_M014_00_A00,P01_GAMMA06_M014_00,P01,M014,5816.59375,5824.125,7.53125,5.696047822711392,6.0
E52_06eb0baa948af7ff52881bcf,6.175456552024414,16.258674653736037,6.175456552024414,296.7597053393259,328.36499963050426,403.88764493158146,0.16274021246714285,0.009166666666666667,0.007743923611111111,0.17965080274492062,2.3803491972550797,0.9438591241422123,379.26353149414064,0.0,0.0,379.26353149414064,506.9635314941406,3029.157336986861,306.9635314941406,30.0,506.7597053393259,0.0,1,P01_GAMMA06_M014_01_A00,P01_GAMMA06_M014_01,P01,M014,5837.125,5862.46875,25.34375,0.17545655202441424,6.0
E52_0c9d91fc306062a18ada9948,7.762388165126723,15.697900697510477,7.762388165126723,331.42241999480143,370.2725110389095,429.7442937249544,0.1787296459836012,0.009166666666666667,0.007743923611111111,0.19564023626137897,2.3643597637386216,0.938862426168319,466.2010925292969,0.0,0.0,466.2010925292969,593.9010925292969,3223.082202937158,326.7436828613281,30.0,541.4224199948014,0.0,1,P01_GAMMA06_M014_01_A00,P01_GAMMA06_M014_01,P01,M014,5837.125,5862.46875,25.34375,1.7623881651267226,6.0
E52_1eac4bbcd37cec5d48241661,7.547572081514133,6.04580255430777,6.04580255430777,275.66392246828667,298.30930922772677,415.4555243799327,0.1568759382441215,0.009166666666666667,0.007743923611111111,0.17378652852189927,2.386213471478101,0.9456917098369064,271.74464111328126,0.0,0.0,271.74464111328126,399.44464111328125,3115.9164328494953,326.2397766113281,30.0,485.66392246828667,0.0,1,P01_GAMMA06_M014_01_A00,P01_GAMMA06_M014_01,P01,M014,5837.125,5862.46875,25.34375,0.04580255430776958,6.0
E52_1ef47ef68c1879e18ddbb164,7.544920950304245,9.684707827919368,7.544920950304245,525.9457118932837,556.9823492630754,865.6715995678175,0.30964781577290457,0.009166666666666667,0.007743923611111111,0.3265584060506823,2.233441593949318,0.8979504981091617,372.4396484375,0.0,0.0,372.4396484375,500.1396484375,6492.536996758631,304.7821350097656,30.0,735.9457118932837,0.0,1,P01_GAMMA06_M014_01_A00,P01_GAMMA06_M014_01,P01,M014,5837.125,5862.46875,25.34375,1.5449209503042454,6.0
E52_214ce9a3b3bd3fa9c582335a,8.951725805391135,15.138353346483314,8.951725805391135,331.46735474952504,365.31699057309277,459.8368945576438,0.1830074384559416,0.009166666666666667,0.007743923611111111,0.1999180287337194,2.3600819712662813,0.9375256160207127,406.1956298828125,0.0,0.0,406.1956298828125,533.8956298828125,3448.7767091823284,283.8956298828125,30.0,541.467354749525,0.0,1,P01_GAMMA06_M014_01_A00,P01_GAMMA06_M014_01,P01,M014,5837.125,5862.46875,25.34375,2.951725805391135,6.0
E52_24cc4f01335372459fb4c2ba,13.47514860146967,12.909161020133865,12.909161020133865,410.2633482290822,447.7953418407359,595.3347347882426,0.23022027843265847,0.009166666666666667,0.007743923611111111,0.24713086871043624,2.312869131289564,0.9227716035279887,450.38392333984376,0.0,0.0,450.38392333984376,578.0839233398438,4465.010510911819,278.08392333984375,30.0,620.2633482290822,0.0,1,P01_GAMMA06_M014_01_A00,P01_GAMMA06_M014_01,P01,M014,5837.125,5862.46875,25.34375,6.909161020133865,6.0
E52_27bf01e9e990859ae5993708,7.516716927564616,15.932490639468014,7.516716927564616,318.6138217216496,355.0514931287134,418.60161500091635,0.17259630304263499,0.009166666666666667,0.007743923611111111,0.18950689332041276,2.3704931066795876,0.940779095837371,437.25205688476564,0.0,0.0,437.25205688476564,564.9520568847656,3139.5121125068727,326.2397766113281,30.0,528.6138217216496,0.0,1,P01_GAMMA06_M014_01_A00,P01_GAMMA06_M014_01,P01,M014,5837.125,5862.46875,25.34375,1.516716927564616,6.0
E52_27bf1882d0e1a812c8450c72,6.471824204595137,16.18675851321828,6.471824204595137,334.03154784809436,377.9609795090644,404.48650573036844,0.17608047258726683,0.009166666666666667,0.007743923611111111,0.1929910628650446,2.367008937134956,0.9396902928546735,527.1531799316406,0.0,0.0,527.1531799316406,654.8531799316406,3033.648792977763,359.1753845214844,30.0,544.0315478480943,0.0,1,P01_GAMMA06_M014_01_A00,P01_GAMMA06_M014_01,P01,M014,5837.125,5862.46875,25.34375,0.4718242045951371,6.0
E52_27fdcb9bc2da20af468e67a1,8.315781865427141,15.630401191469062,8.315781865427141,333.5201066466774,372.5049327982074,433.1312563841751,0.1799553449394086,0.009166666666666667,0.007743923611111111,0.19686593521718637,2.3631340647828143,0.9384793952446293,467.8179138183594,0.0,0.0,467.8179138183594,595.5179138183594,3248.4844228813135,322.1230773925781,30.0,543.5201066466774,0.0,1,P01_GAMMA06_M014_01_A00,P01_GAMMA06_M014_01,P01,M014,5837.125,5862.46875,25.34375,2.315781865427141,6.0
E52_2cea01313b8862fcfb6b2e63,12.339563994220242,16.460055432828085,12.339563994220242,259.5957489704318,280.08528245838755,396.2542970131293,0.148442074342722,0.009166666666666667,0.007743923611111111,0.16535266462049977,2.3946473353795006,0.9483272923060938,245.87440185546876,0.0,0.0,245.87440185546876,373.57440185546875,2971.90722759847,231.8917236328125,30.0,469.5957489704318,0.0,1,P01_GAMMA06_M014_01_A00,P01_GAMMA06_M014_01,P01,M014,5837.125,5862.46875,25.34375,6.339563994220242,6.0
E52_2d7a36258a59c18fc6a856bf,6.934667381950959,16.662039037059316,6.934667381950959,318.72117968179435,361.17160743651436,382.73979283526836,0.16755561647288383,0.009166666666666667,0.007743923611111111,0.1844662067506616,2.375533793249339,0.9423543103904183,509.40513305664064,0.0,0.0,509.40513305664064,637.1051330566406,2870.5484462645127,346.4301452636719,30.0,528.7211796817944,0.0,1,P01_GAMMA06_M014_01_A00,P01_GAMMA06_M014_01,P01,M014,5837.125,5862.46875,25.34375,0.934667381950959,6.0
E52_2dadfb43d7dd9558e21effa9,12.81678756819987,12.85982438864363,12.81678756819987,396.07517918576866,428.1792069974549,599.5261915014202,0.22576797164618329,0.009166666666666667,0.007743923611111111,0.24267856192396106,2.3173214380760396,0.9241629493987622,385.2483337402344,0.0,0.0,385.2483337402344,512.9483337402344,4496.446436260651,248.30487060546875,30.0,606.0751791857687,0.0,1,P01_GAMMA06_M014_01_A00,P01_GAMMA06_M014_01,P01,M014,5837.125,5862.46875,25.34375,6.816787568199871,6.0
E52_2e64690809088e2a96fb2160,7.240816840027577,9.500767968691491,7.240816840027577,523.7789293194231,550.945126524013,884.5606754113072,0.31155234822715455,0.009166666666666667,0.007743923611111111,0.3284629385049323,2.231537061495068,0.8973553317172087,325.99436645507814,0.0,0.0,325.99436645507814,453.6943664550781,6634.205065584804,329.6845703125,30.0,733.7789293194231,0.0,1,P01_GAMMA06_M014_01_A00,P01_GAMMA06_M014_01,P01,M014,5837.125,5862.46875,25.34375,1.240816840027577,6.0
E52_326bd9096774308657b14836,7.146898017651779,6.820761438549596,6.820761438549596,254.20783025924425,275.6237299174474,379.92026256926977,0.1442126230476059,0.009166666666666667,0.007743923611111111,0.16112321332538368,2.398876786674617,0.9496489958358176,256.9907958984375,0.0,0.0,256.9907958984375,384.6907958984375,2849.4019692695233,334.6907958984375,30.0,464.20783025924425,0.0,1,P01_GAMMA06_M014_01_A00,P01_GAMMA06_M014_01,P01,M014,5837.125,5862.46875,25.34375,0.8207614385495958,6.0
E52_357bbbd4dc4420221c875ea3,10.658633085816234,12.241245229232817,10.658633085816234,405.4327582223269,433.1514265878055,644.5535062517828,0.23547283792056264,0.009166666666666667,0.007743923611111111,0.2523834281983404,2.30761657180166,0.9211301786880186,332.6240203857422,0.0,0.0,332.6240203857422,460.3240203857422,4834.151296888371,255.67149353027344,30.0,615.4327582223269,0.0,1,P01_GAMMA06_M014_01_A00,P01_GAMMA06_M014_01,P01,M014,5837.125,5862.46875,25.34375,4.658633085816234,6.0
E52_3a94b6482baa2cfaba8a857d,6.704928972966314,16.425448776817632,6.704928972966314,326.01303055755295,369.111023518165,393.4381033514341,0.17166403726355467,0.009166666666666667,0.007743923611111111,0.18857462754133245,2.3714253724586682,0.9410704288933336,517.1759155273437,0.0,0.0,517.1759155273437,644.8759155273438,2950.785775135756,352.4370422363281,30.0,536.013030557553,0.0,1,P01_GAMMA06_M014_01_A00,P01_GAMMA06_M014_01,P01,M014,5837.125,5862.46875,25.34375,0.7049289729663144,6.0
E52_413d3eff5d481ef66f8d3068,7.220117744384396,9.493762996477216,7.220117744384396,548.7789293194231,584.2784598573463,884.5606754113072,0.3204434082194385,0.009166666666666667,0.007743923611111111,0.33735399849721626,2.2226460015027842,0.89457687546962,425.99436645507814,0.0,0.0,425.99436645507814,553.6943664550781,6634.205065584804,329.6845703125,30.0,758.7789293194231,0.0,1,P01_GAMMA06_M014_01_A00,P01_GAMMA06_M014_01,P01,M014,5837.125,5862.46875,25.34375,1.220117744384396,6.0
E52_437c6a333219b14c3939f26c,7.518825581805942,6.0194831627628105,6.0194831627628105,277.09771274073506,296.211315442558,417.14117438283733,0.1570562493971614,0.009166666666666667,0.007743923611111111,0.17396683967493917,2.3860331603250615,0.9456353626015815,248.53977661132814,19.176544189453125,19.176544189453125,248.53977661132814,376.2397766113281,3128.55880787128,326.2397766113281,30.0,487.09771274073506,0.0,1,P01_GAMMA06_M014_01_A00,P01_GAMMA06_M014_01,P01,M014,5837.125,5862.46875,25.34375,0.01948316276281048,6.0
E52_44ed69e1d99dc074a7941a18,9.282684361283344,8.900383690419545,8.900383690419545,188.27556058823757,199.0276355292369,299.7078152072368,0.1090911242968749,0.009166666666666667,0.007743923611111111,0.12600171457465267,2.4339982854253477,0.960624464195421,139.59420471191407,10.569305419921875,10.569305419921875,139.59420471191407,267.29420471191406,2247.808614054276,217.29420471191406,30.0,398.27556058823757,0.0,1,P01_GAMMA06_M014_01_A00,P01_GAMMA06_M014_01,P01,M014,5837.125,5862.46875,25.34375,2.9003836904195452,6.0
E52_4cf0fac9feb721651efb2830,10.350245728335949,17.82597875173802,10.350245728335949,242.69354898018014,267.32891198677197,337.5749199208095,0.13412057160327687,0.009166666666666667,0.007743923611111111,0.15103116188105464,2.408968838118946,0.9528027619121704,295.6243560791016,0.0,0.0,295.6243560791016,423.32435607910156,2531.8118994060715,217.31182861328125,30.0,452.69354898018014,0.0,1,P01_GAMMA06_M014_01_A00,P01_GAMMA06_M014_01,P01,M014,5837.125,5862.46875,25.34375,4.350245728335949,6.0
E52_50c718ca7f326f764494c89d,17.918560274235972,13.080943299176411,13.080943299176411,350.85355156655817,370.1881015340061,585.6998033284289,0.20772710552759727,0.009166666666666667,0.007743923611111111,0.22463769580537504,2.3353623041946254,0.9298007200608203,232.014599609375,0.0,0.0,232.014599609375,359.714599609375,4392.748524963216,275.29461669921875,30.0,560.8535515665582,0.0,1,P01_GAMMA06_M014_01_A00,P01_GAMMA06_M014_01,P01,M014,5837.125,5862.46875,25.34375,7.080943299176411,6.0
E52_515a3b7c8d98426ee13f2b4e,11.517011333697667,17.07508762021844,11.517011333697667,242.68536134104386,262.0561394884234,369.14605379781034,0.13858886614696947,0.009166666666666667,0.007743923611111111,0.15549945642474725,2.4045005435752533,0.9514064198672665,232.4493377685547,0.0,0.0,232.4493377685547,360.1493377685547,2768.5954034835777,210.1493377685547,30.0,452.68536134104386,0.0,1,P01_GAMMA06_M014_01_A00,P01_GAMMA06_M014_01,P01,M014,5837.125,5862.46875,25.34375,5.517011333697667,6.0
E52_60b76d98beea93305f35c25d,11.688938611022635,16.79058398580294,11.688938611022635,271.8613885249859,299.0873836523459,380.3668062858116,0.15055421784231732,0.009166666666666667,0.007743923611111111,0.1674648081200951,2.3925351918799054,0.9476672474624703,326.7119415283203,0.0,0.0,326.7119415283203,454.4119415283203,2852.751047143587,241.2421875,30.0,481.8613885249859,0.0,1,P01_GAMMA06_M014_01_A00,P01_GAMMA06_M014_01,P01,M014,5837.125,5862.46875,25.34375,5.688938611022635,6.0
E52_68694062ed2e2e792aeb51a9,8.38824997234805,17.695890544520793,8.38824997234805,262.3147609906027,292.8212075746684,341.5908424768108,0.1416674545099547,0.009166666666666667,0.007743923611111111,0.15857804478773246,2.401421955212268,0.9504443610038336,366.0773590087891,0.0,0.0,366.0773590087891,493.77735900878906,2561.931318576081,213.8477783203125,30.0,472.3147609906027,0.0,1,P01_GAMMA06_M014_01_A00,P01_GAMMA06_M014_01,P01,M014,5837.125,5862.46875,25.34375,2.3882499723480493,6.0
E52_6aa461eda22a4c53e6730e81,7.02065540529361,6.478254834226846,6.478254834226846,265.8104536255181,288.3542041341444,395.1560268799425,0.15046620221455187,0.009166666666666667,0.007743923611111111,0.16737679249232965,2.392623207507671,0.947694752346147,271.555615234375,1.030609130859375,1.030609130859375,271.555615234375,399.255615234375,2963.670201599569,349.255615234375,30.0,475.8104536255181,0.0,1,P01_GAMMA06_M014_01_A00,P01_GAMMA06_M014_01,P01,M014,5837.125,5862.46875,25.34375,0.47825483422684556,6.0
E52_76b4f0bdabd1ccab126282dd,11.121923706434401,17.180198899819032,11.121923706434401,244.7670432960008,265.6078646257534,364.489158613486,0.13866967590706417,0.009166666666666667,0.007743923611111111,0.15558026618484194,2.4044197338151587,0.951381166817237,250.08985595703126,0.0,0.0,250.08985595703126,377.78985595703125,2733.6686896011447,241.2421875,30.0,454.7670432960008,0.0,1,P01_GAMMA06_M014_01_A00,P01_GAMMA06_M014_01,P01,M014,5837.125,5862.46875,25.34375,5.121923706434401,6.0
E52_7e5f4a4eaf9aa5b10576997a,12.907641911413222,13.086620585622072,12.907641911413222,384.11958913832314,414.7999833745699,584.1568128591658,0.21933939564120059,0.009166666666666667,0.007743923611111111,0.23624998591897836,2.323750014081022,0.9261718794003193,368.16473083496095,0.0,0.0,368.16473083496095,495.86473083496094,4381.1760964437435,247.829345703125,30.0,594.1195891383231,0.0,1,P01_GAMMA06_M014_01_A00,P01_GAMMA06_M014_01,P01,M014,5837.125,5862.46875,25.34375,6.907641911413222,6.0
E52_82c821a5773d0bfbe554f10a,8.076763716035032,11.397135806608844,8.076763716035032,512.9354114719376,566.0737563002253,707.0407539741487,0.2825549862639304,0.009166666666666667,0.007743923611111111,0.29946557654170813,2.2605344234582923,0.9064170073307162,637.6601379394531,0.0,0.0,637.6601379394531,765.3601379394531,5302.805654806116,465.3601379394531,30.0,722.9354114719376,0.0,1,P01_GAMMA06_M014_01_A00,P01_GAMMA06_M014_01,P01,M014,5837.125,5862.46875,25.34375,2.076763716035032,6.0
E52_831cee7e7a3a549796e42b18,7.93828620271259,10.042846261792022,7.93828620271259,524.445203057942,560.9167693217765,830.061008532876,0.3040708837654974,0.009166666666666667,0.007743923611111111,0.32098147404327515,2.2390185259567255,0.8996932893614765,437.65879516601564,0.0,0.0,437.65879516601564,565.3587951660156,6225.457563996571,359.5916748046875,30.0,734.445203057942,0.0,1,P01_GAMMA06_M014_01_A00,P01_GAMMA06_M014_01,P01,M014,5837.125,5862.46875,25.34375,1.9382862027125896,6.0
E52_88c1c7aba1fcf94c58dad20e,7.231914665990317,9.497510042154289,7.231914665990317,536.2789293194231,567.6117931906797,884.5606754113072,0.3159978782232965,0.009166666666666667,0.007743923611111111,0.33290846850107425,2.2270915314989264,0.8959661035934143,375.99436645507814,0.0,0.0,375.99436645507814,503.6943664550781,6634.205065584804,329.6845703125,30.0,746.2789293194231,0.0,1,P01_GAMMA06_M014_01_A00,P01_GAMMA06_M014_01,P01,M014,5837.125,5862.46875,25.34375,1.2319146659903168,6.0
E52_8ca7795ffa642a3b129c0a3d,7.795643188068894,15.730152054416479,7.795643188068894,330.94608252023,369.9122522589995,428.0951466078428,0.17832668261553564,0.009166666666666667,0.007743923611111111,0.1952372728933134,2.364762727106687,0.9389883522208395,467.5940368652344,0.0,0.0,467.5940368652344,595.2940368652344,3210.713599558821,335.390380859375,30.0,540.94608252023,0.0,1,P01_GAMMA06_M014_01_A00,P01_GAMMA06_M014_01,P01,M014,5837.125,5862.46875,25.34375,1.795643188068894,6.0
E52_9026ce0d2a5dd9a75ef73c8e,6.0746558033862215,6.720084116703532,6.0746558033862215,248.61637070099954,267.37077642202814,384.70630707582717,0.14290187810434732,0.009166666666666667,0.007743923611111111,0.1598124683821251,2.4001875316178753,0.9500586036305859,225.05286865234376,0.0,0.0,225.05286865234376,352.75286865234375,2885.297303068704,302.75286865234375,30.0,458.61637070099954,0.0,1,P01_GAMMA06_M014_01_A00,P01_GAMMA06_M014_01,P01,M014,5837.125,5862.46875,25.34375,0.07465580338622146,6.0
E52_924cec2d58c933358893a332,11.185908919873043,12.302862284422105,11.185908919873043,416.670444788364,448.9844576972996,639.4568121231148,0.23874762537865796,0.009166666666666667,0.007743923611111111,0.2556582156564357,2.3043417843435647,0.9201068076073639,387.7681549072266,0.0,0.0,387.7681549072266,515.4681549072266,4795.926090923361,252.644287109375,30.0,626.670444788364,0.0,1,P01_GAMMA06_M014_01_A00,P01_GAMMA06_M014_01,P01,M014,5837.125,5862.46875,25.34375,5.185908919873043,6.0
E52_96da4f081c74d8211b4b244f,12.160545867489773,12.47027426673894,12.160545867489773,406.4445801679392,437.368205859671,627.3474061854878,0.23339590098708082,0.009166666666666667,0.007743923611111111,0.2503064912648586,2.309693508735142,0.9217792214797317,371.08350830078126,0.0,0.0,371.08350830078126,498.78350830078125,4705.105546391158,251.37640380859375,30.0,616.4445801679392,0.0,1,P01_GAMMA06_M014_01_A00,P01_GAMMA06_M014_01,P01,M014,5837.125,5862.46875,25.34375,6.160545867489773,6.0
E52_a3836b1674b2d70f748125c1,9.76429383753947,18.388582284998307,9.76429383753947,238.77143733771516,265.74771093797557,315.68523307386783,0.1296256139323784,0.009166666666666667,0.007743923611111111,0.14653620421015617,2.4134637957898444,0.9542074361843262,323.715283203125,0.0,0.0,323.715283203125,451.415283203125,2367.639248054009,217.29420471191406,30.0,448.77143733771516,0.0,1,P01_GAMMA06_M014_01_A00,P01_GAMMA06_M014_01,P01,M014,5837.125,5862.46875,25.34375,3.7642938375394692,6.0
E52_a77602565c04dca5831f9b7a,7.947066472114557,15.758600383852013,7.947066472114557,295.3505394617105,322.31471665694164,428.9160157520343,0.16578365241547813,0.009166666666666667,0.007743923611111111,0.1826942426932559,2.3773057573067446,0.9429080491583576,323.57012634277345,0.0,0.0,323.57012634277345,451.27012634277344,3216.870118140257,284.58648681640625,30.0,505.3505394617105,0.0,1,P01_GAMMA06_M014_01_A00,P01_GAMMA06_M014_01,P01,M014,5837.125,5862.46875,25.34375,1.9470664721145567,6.0
E52_b544b4d7beda1d6ed7fbeefb,7.6231731889050565,16.252686834440453,7.6231731889050565,293.91354735972715,324.49113296153376,404.3615811086144,0.16179511839250177,0.009166666666666667,0.007743923611111111,0.17870570867027954,2.381294291329721,0.9441544660405377,366.9310272216797,0.0,0.0,366.9310272216797,494.6310272216797,3032.711858314608,277.91845703125,30.0,503.91354735972715,0.0,1,P01_GAMMA06_M014_01_A00,P01_GAMMA06_M014_01,P01,M014,5837.125,5862.46875,25.34375,1.6231731889050565,6.0
E52_b60e4d2a4cdcd5801a5d757f,7.414338495773734,16.480566458341656,7.414338495773734,308.26023760270465,345.626388522301,392.32356968783114,0.16519254750221457,0.009166666666666667,0.007743923611111111,0.18210313777999235,2.377896862220008,0.9430927694437524,448.39381103515626,0.0,0.0,448.39381103515626,576.0938110351562,2942.4267726587336,326.2397766113281,30.0,518.2602376027046,0.0,1,P01_GAMMA06_M014_01_A00,P01_GAMMA06_M014_01,P01,M014,5837.125,5862.46875,25.34375,1.414338495773734,6.0
E52_b7c433bb400c5a28313b13f0,7.923821901374268,16.00220965111248,7.923821901374268,270.63016208552887,291.2047849391259,417.8125870494757,0.1554195344851095,0.009166666666666667,0.007743923611111111,0.17233012476288728,2.3876698752371133,0.9461468360115978,246.89547424316407,0.0,0.0,246.89547424316407,374.59547424316406,3133.594402871068,284.58648681640625,30.0,480.63016208552887,0.0,1,P01_GAMMA06_M014_01_A00,P01_GAMMA06_M014_01,P01,M014,5837.125,5862.46875,25.34375,1.923821901374268,6.0
E52_be69bdf55826f2eb34075d09,11.826159285983962,12.029424972929434,11.826159285983962,457.6877788138426,500.48965717077624,658.5642874860837,0.25604119113741575,0.009166666666666667,0.007743923611111111,0.2729517814151935,2.287048218584807,0.9147025683077521,513.6225402832031,0.0,0.0,513.6225402832031,641.3225402832031,4939.232156145627,341.3225402832031,30.0,667.6877788138427,0.0,1,P01_GAMMA06_M014_01_A00,P01_GAMMA06_M014_01,P01,M014,5837.125,5862.46875,25.34375,5.826159285983962,6.0
E52_bfffb2993ede6e2e2bd9340b,17.568343806978802,13.053008949478723,13.053008949478723,400.85355156655817,436.85476820067277,585.6998033284289,0.22550922551216515,0.009166666666666667,0.007743923611111111,0.24241981578994293,2.3175801842100574,0.9242438075656428,432.014599609375,0.0,0.0,432.014599609375,559.714599609375,4392.748524963216,275.29461669921875,30.0,610.8535515665582,0.0,1,P01_GAMMA06_M014_01_A00,P01_GAMMA06_M014_01,P01,M014,5837.125,5862.46875,25.34375,7.053008949478723,6.0
E52_c0294c7ff44d44fc4ede8d97,7.094734046270119,16.7256600789149,7.094734046270119,316.70783025924425,358.9570632507807,379.92026256926977,0.16644027302831577,0.009166666666666667,0.007743923611111111,0.18335086330609354,2.376649136693907,0.9427028552168457,506.9907958984375,0.0,0.0,506.9907958984375,634.6907958984375,2849.4019692695233,334.6907958984375,30.0,526.7078302592442,0.0,1,P01_GAMMA06_M014_01_A00,P01_GAMMA06_M014_01,P01,M014,5837.125,5862.46875,25.34375,1.0947340462701192,6.0
E52_c76d93c5902d0dc017f7065c,7.682012618087768,16.05706218628906,7.682012618087768,260.86241804033426,278.57034040361555,415.47730190098105,0.1516149798935124,0.009166666666666667,0.007743923611111111,0.1685255701712902,2.3914744298287105,0.9473357593214718,212.495068359375,0.0,0.0,212.495068359375,340.195068359375,3116.079764257358,277.91845703125,30.0,470.86241804033426,0.0,1,P01_GAMMA06_M014_01_A00,P01_GAMMA06_M014_01,P01,M014,5837.125,5862.46875,25.34375,1.682012618087768,6.0
E52_c98d1e580ba9a8920eeacbdb,7.682880604936372,9.995636820319618,7.682880604936372,531.3190315479533,569.3529452238973,834.4345810402425,0.30713490815373307,0.009166666666666667,0.007743923611111111,0.3240454984315108,2.23595450156849,0.8987357817401529,456.40696411132814,0.0,0.0,456.40696411132814,584.1069641113281,6258.259357801819,362.73199462890625,30.0,741.3190315479533,0.0,1,P01_GAMMA06_M014_01_A00,P01_GAMMA06_M014_01,P01,M014,5837.125,5862.46875,25.34375,1.682880604936372,6.0
E52_d1d4424e0dfaa7a0ce62d445,6.551848423143966,12.872868339328704,6.551848423143966,402.0751033963921,436.37951216917855,598.3237541560654,0.22773150601213982,0.009166666666666667,0.007743923611111111,0.2446420962899176,2.315357903710083,0.9235493449094008,411.6529052734375,0.0,0.0,411.6529052734375,539.3529052734375,4487.428156170491,269.83203125,30.0,612.075103396392,0.0,1,P01_GAMMA06_M014_01_A00,P01_GAMMA06_M014_01,P01,M014,5837.125,5862.46875,25.34375,0.5518484231439658,6.0
E52_d22cbe82615c6d2ee0ebf49f,7.765195752063562,15.758568264926964,7.765195752063562,318.17309843891866,352.9726015110215,427.5491784452201,0.1737067461230003,0.009166666666666667,0.007743923611111111,0.19061733640077808,2.3693826635992226,0.9404320823747568,417.5940368652344,0.0,0.0,417.5940368652344,545.2940368652344,3206.618838339151,335.390380859375,30.0,528.1730984389187,0.0,1,P01_GAMMA06_M014_01_A00,P01_GAMMA06_M014_01,P01,M014,5837.125,5862.46875,25.34375,1.765195752063562,6.0
E52_d3460088443e86b69235cf2f,8.949507119210296,10.110906533633653,8.949507119210296,520.9986937965015,557.4049117530444,823.5600798537452,0.3019244763287566,0.009166666666666667,0.007743923611111111,0.3188350666065343,2.241164933393466,0.900364041685458,436.87461547851564,0.0,0.0,436.87461547851564,564.5746154785156,6176.700598903089,276.8628845214844,30.0,730.9986937965015,0.0,1,P01_GAMMA06_M014_01_A00,P01_GAMMA06_M014_01,P01,M014,5837.125,5862.46875,25.34375,2.9495071192102955,6.0
E52_d7f1f5d49edaa9f52000c452,13.531243483497121,12.917919470378578,12.917919470378578,397.7633482290822,431.12867517406926,595.3347347882426,0.22577474843651651,0.009166666666666667,0.007743923611111111,0.2426853387142943,2.3173146612857063,0.9241608316517831,400.38392333984376,0.0,0.0,400.38392333984376,528.0839233398438,4465.010510911819,278.08392333984375,30.0,607.7633482290822,0.0,1,P01_GAMMA06_M014_01_A00,P01_GAMMA06_M014_01,P01,M014,5837.125,5862.46875,25.34375,6.917919470378578,6.0
E52_dbe1bedc9b83d29f34556dbd,12.208108679457666,13.016499113861627,12.208108679457666,387.86022911882606,419.0031732004504,588.862793747906,0.22133620210273125,0.009166666666666667,0.007743923611111111,0.23824679238050903,2.3217532076194916,0.9255478773810909,373.7153289794922,0.0,0.0,373.7153289794922,501.4153289794922,4416.470953109295,232.19436645507812,30.0,597.860229118826,0.0,1,P01_GAMMA06_M014_01_A00,P01_GAMMA06_M014_01,P01,M014,5837.125,5862.46875,25.34375,6.208108679457666,6.0
E52_dbec4f1422e98765afb262aa,6.29387286245661,16.38523852602286,6.29387286245661,322.5402116809159,364.1002534899979,395.72017250733956,0.1707521496628321,0.009166666666666667,0.007743923611111111,0.18766273994060986,2.372337260059391,0.9413553937685595,498.7205017089844,0.0,0.0,498.7205017089844,626.4205017089844,2967.901293805047,326.4205017089844,30.0,532.540211680916,0.0,1,P01_GAMMA06_M014_01_A00,P01_GAMMA06_M014_01,P01,M014,5837.125,5862.46875,25.34375,0.2938728624566096,6.0
E52_dc4c132291b7b9525a26c82f,7.641081317782749,16.290878065555617,7.641081317782749,256.41354735972715,274.49113296153376,404.3615811086144,0.14845852840407586,0.009166666666666667,0.007743923611111111,0.16536911868185364,2.3946308813181467,0.9483221504119207,216.9310272216797,0.0,0.0,216.9310272216797,344.6310272216797,3032.711858314608,277.91845703125,30.0,466.41354735972715,0.0,1,P01_GAMMA06_M014_01_A00,P01_GAMMA06_M014_01,P01,M014,5837.125,5862.46875,25.34375,1.6410813177827492,6.0
E52_de2c36302e014a6d0284c896,7.459129020797562,15.994052628622484,7.459129020797562,325.41177480357015,364.7238282296769,414.95122905049965,0.1744969638873427,0.009166666666666667,0.007743923611111111,0.19140755416512048,2.36859244583488,0.9401851393233999,471.74464111328126,0.0,0.0,471.74464111328126,599.4446411132812,3112.134217878747,325.15069580078125,30.0,535.4117748035701,0.0,1,P01_GAMMA06_M014_01_A00,P01_GAMMA06_M014_01,P01,M014,5837.125,5862.46875,25.34375,1.4591290207975618,6.0
E52_e0cd6bab1a22c4530d9a254c,6.335243563746843,6.471069764274475,6.335243563746843,260.0402116809159,280.7669201566646,395.72017250733956,0.14852449968212222,0.009166666666666667,0.007743923611111111,0.1654350899599,2.3945649100401005,0.9483015343875313,248.7205017089844,0.0,0.0,248.7205017089844,376.4205017089844,2967.901293805047,326.4205017089844,30.0,470.0402116809159,0.0,1,P01_GAMMA06_M014_01_A00,P01_GAMMA06_M014_01,P01,M014,5837.125,5862.46875,25.34375,0.33524356374684317,6.0
E52_ea76d341ab82f2ebc1fa1efe,7.501929514772115,6.056283714240493,6.056283714240493,275.41177480357015,298.05716156301025,414.95122905049965,0.15671484390277482,0.009166666666666667,0.007743923611111111,0.1736254341805526,2.3863745658194477,0.9457420518185773,271.74464111328126,0.0,0.0,271.74464111328126,399.44464111328125,3112.134217878747,325.15069580078125,30.0,485.41177480357015,0.0,1,P01_GAMMA06_M014_01_A00,P01_GAMMA06_M014_01,P01,M014,5837.125,5862.46875,25.34375,0.056283714240493055,6.0
E52_eab18c460278cfbad2c20da0,8.408835616064906,7.760329046990023,7.760329046990023,212.31476099060268,226.15454090800176,341.5908424768108,0.12388533452538679,0.009166666666666667,0.007743923611111111,0.14079592480316458,2.419204075196836,0.9560012734990111,166.07735900878907,0.0,0.0,166.07735900878907,293.77735900878906,2561.931318576081,213.8477783203125,30.0,422.3147609906027,0.0,1,P01_GAMMA06_M014_01_A00,P01_GAMMA06_M014_01,P01,M014,5837.125,5862.46875,25.34375,1.760329046990023,6.0
E52_eb490529b308e18523949520,10.63825279032713,12.235001379754962,10.63825279032713,417.9327582223269,449.8180932544721,644.5535062517828,0.23991836791670462,0.009166666666666667,0.007743923611111111,0.25682895819448237,2.303171041805518,0.9197409505642242,382.6240203857422,0.0,0.0,382.6240203857422,510.3240203857422,4834.151296888371,255.67149353027344,30.0,627.9327582223269,0.0,1,P01_GAMMA06_M014_01_A00,P01_GAMMA06_M014_01,P01,M014,5837.125,5862.46875,25.34375,4.63825279032713,6.0
E52_eddf192c3626d88d236d26e4,9.181151423914486,17.034187922993553,9.181151423914486,241.72684180786888,260.473536754158,370.9735139380034,0.13850678679446915,0.009166666666666667,0.007743923611111111,0.15541737707224693,2.4045826229277534,0.9514320696649229,224.96033935546876,0.0,0.0,224.96033935546876,352.66033935546875,2782.3013545350254,199.07135009765625,30.0,451.7268418078689,0.0,1,P01_GAMMA06_M014_01_A00,P01_GAMMA06_M014_01,P01,M014,5837.125,5862.46875,25.34375,3.1811514239144856,6.0
E52_ede4029bd5e695a7a0c85289,13.575472879113946,12.925612211179384,12.925612211179384,385.2633482290822,414.4620085074026,595.3347347882426,0.22132921844037454,0.009166666666666667,0.007743923611111111,0.2382398087181523,2.3217601912818484,0.9255500597755774,350.38392333984376,0.0,0.0,350.38392333984376,478.08392333984375,4465.010510911819,278.08392333984375,30.0,595.2633482290822,0.0,1,P01_GAMMA06_M014_01_A00,P01_GAMMA06_M014_01,P01,M014,5837.125,5862.46875,25.34375,6.925612211179384,6.0
E52_fd527d975e1813662620f82c,12.407309942027979,12.45056667278017,12.407309942027979,418.2192341110554,452.9085204066283,628.3027504486734,0.23771876612520712,0.009166666666666667,0.007743923611111111,0.2546293564029849,2.3053706435970156,0.9204283261240672,416.271435546875,0.0,0.0,416.271435546875,543.971435546875,4712.2706283650505,306.8754577636719,30.0,628.2192341110554,0.0,1,P01_GAMMA06_M014_01_A00,P01_GAMMA06_M014_01,P01,M014,5837.125,5862.46875,25.34375,6.407309942027979,6.0
E52_1ef47ef68c1879e18ddbb164,9.141677436273,9.684707827919368,9.141677436273,525.9457118932837,556.9823492630754,865.6715995678175,0.30964781577290457,0.009166666666666667,0.12568836805555555,0.4445028504951268,2.1154971495048738,0.8610928592202729,372.4396484375,0.0,0.0,372.4396484375,500.1396484375,6492.536996758631,304.7821350097656,30.0,735.9457118932837,0.0,1,P01_GAMMA06_M014_02_A00,P01_GAMMA06_M014_02,P01,M014,5869.96875,6281.3125,411.34375,3.1416774362729996,6.0
E52_214ce9a3b3bd3fa9c582335a,6.700573680437259,15.138353346483314,6.700573680437259,331.46735474952504,365.31699057309277,459.8368945576438,0.1830074384559416,0.009166666666666667,0.12568836805555555,0.31786247317816385,2.2421375268218364,0.9006679771318238,406.1956298828125,0.0,0.0,406.1956298828125,533.8956298828125,3448.7767091823284,283.8956298828125,30.0,541.467354749525,0.0,1,P01_GAMMA06_M014_02_A00,P01_GAMMA06_M014_02,P01,M014,5869.96875,6281.3125,411.34375,0.7005736804372589,6.0
E52_24cc4f01335372459fb4c2ba,11.512851159871033,12.909161020133865,11.512851159871033,410.2633482290822,447.7953418407359,595.3347347882426,0.23022027843265847,0.009166666666666667,0.12568836805555555,0.3650753131548807,2.1949246868451198,0.8859139646390998,450.38392333984376,0.0,0.0,450.38392333984376,578.0839233398438,4465.010510911819,278.08392333984375,30.0,620.2633482290822,0.0,1,P01_GAMMA06_M014_02_A00,P01_GAMMA06_M014_02,P01,M014,5869.96875,6281.3125,411.34375,5.512851159871033,6.0
E52_27fdcb9bc2da20af468e67a1,6.104218633281988,15.630401191469062,6.104218633281988,333.5201066466774,372.5049327982074,433.1312563841751,0.1799553449394086,0.009166666666666667,0.12568836805555555,0.31481037966163083,2.24518962033837,0.9016217563557404,467.8179138183594,0.0,0.0,467.8179138183594,595.5179138183594,3248.4844228813135,322.1230773925781,30.0,543.5201066466774,0.0,1,P01_GAMMA06_M014_02_A00,P01_GAMMA06_M014_02,P01,M014,5869.96875,6281.3125,411.34375,0.1042186332819881,6.0
E52_2cea01313b8862fcfb6b2e63,8.362609841558438,16.460055432828085,8.362609841558438,259.5957489704318,280.08528245838755,396.2542970131293,0.148442074342722,0.009166666666666667,0.12568836805555555,0.2832971090649442,2.276702890935056,0.911469653417205,245.87440185546876,0.0,0.0,245.87440185546876,373.57440185546875,2971.90722759847,231.8917236328125,30.0,469.5957489704318,0.0,1,P01_GAMMA06_M014_02_A00,P01_GAMMA06_M014_02,P01,M014,5869.96875,6281.3125,411.34375,2.362609841558438,6.0
E52_2dadfb43d7dd9558e21effa9,11.090420741642077,12.85982438864363,11.090420741642077,396.07517918576866,428.1792069974549,599.5261915014202,0.22576797164618329,0.009166666666666667,0.12568836805555555,0.3606230063684055,2.199376993631595,0.8873053105098733,385.2483337402344,0.0,0.0,385.2483337402344,512.9483337402344,4496.446436260651,248.30487060546875,30.0,606.0751791857687,0.0,1,P01_GAMMA06_M014_02_A00,P01_GAMMA06_M014_02,P01,M014,5869.96875,6281.3125,411.34375,5.0904207416420775,6.0
E52_2e64690809088e2a96fb2160,8.846936161892572,9.500767968691491,8.846936161892572,523.7789293194231,550.945126524013,884.5606754113072,0.31155234822715455,0.009166666666666667,0.12568836805555555,0.44640738294937676,2.1135926170506236,0.8604976928283198,325.99436645507814,0.0,0.0,325.99436645507814,453.6943664550781,6634.205065584804,329.6845703125,30.0,733.7789293194231,0.0,1,P01_GAMMA06_M014_02_A00,P01_GAMMA06_M014_02,P01,M014,5869.96875,6281.3125,411.34375,2.8469361618925717,6.0
E52_357bbbd4dc4420221c875ea3,10.161205222688423,12.241245229232817,10.161205222688423,405.4327582223269,433.1514265878055,644.5535062517828,0.23547283792056264,0.009166666666666667,0.12568836805555555,0.3703278726427849,2.1896721273572157,0.8842725397991298,332.6240203857422,0.0,0.0,332.6240203857422,460.3240203857422,4834.151296888371,255.67149353027344,30.0,615.4327582223269,0.0,1,P01_GAMMA06_M014_02_A00,P01_GAMMA06_M014_02,P01,M014,5869.96875,6281.3125,411.34375,4.161205222688423,6.0
E52_413d3eff5d481ef66f8d3068,8.817006533239223,9.493762996477216,8.817006533239223,548.7789293194231,584.2784598573463,884.5606754113072,0.3204434082194385,0.009166666666666667,0.12568836805555555,0.4552984429416607,2.10470155705834,0.857719236580731,425.99436645507814,0.0,0.0,425.99436645507814,553.6943664550781,6634.205065584804,329.6845703125,30.0,758.7789293194231,0.0,1,P01_GAMMA06_M014_02_A00,P01_GAMMA06_M014_02,P01,M014,5869.96875,6281.3125,411.34375,2.8170065332392227,6.0
E52_4cf0fac9feb721651efb2830,6.998212924039663,17.82597875173802,6.998212924039663,242.69354898018014,267.32891198677197,337.5749199208095,0.13412057160327687,0.009166666666666667,0.12568836805555555,0.2689756063254991,2.291024393674501,0.9159451230232816,295.6243560791016,0.0,0.0,295.6243560791016,423.32435607910156,2531.8118994060715,217.31182861328125,30.0,452.69354898018014,0.0,1,P01_GAMMA06_M014_02_A00,P01_GAMMA06_M014_02,P01,M014,5869.96875,6281.3125,411.34375,0.9982129240396631,6.0
E52_50c718ca7f326f764494c89d,14.334642037780668,13.080943299176411,13.080943299176411,350.85355156655817,370.1881015340061,585.6998033284289,0.20772710552759727,0.009166666666666667,0.12568836805555555,0.3425821402498195,2.217417859750181,0.8929430811719314,232.014599609375,0.0,0.0,232.014599609375,359.714599609375,4392.748524963216,275.29461669921875,30.0,560.8535515665582,0.0,1,P01_GAMMA06_M014_02_A00,P01_GAMMA06_M014_02,P01,M014,5869.96875,6281.3125,411.34375,7.080943299176411,6.0
E52_515a3b7c8d98426ee13f2b4e,7.786538932173912,17.07508762021844,7.786538932173912,242.68536134104386,262.0561394884234,369.14605379781034,0.13858886614696947,0.009166666666666667,0.12568836805555555,0.2734439008691917,2.286556099130809,0.9145487809783777,232.4493377685547,0.0,0.0,232.4493377685547,360.1493377685547,2768.5954034835777,210.1493377685547,30.0,452.68536134104386,0.0,1,P01_GAMMA06_M014_02_A00,P01_GAMMA06_M014_02,P01,M014,5869.96875,6281.3125,411.34375,1.7865389321739116,6.0
E52_60b76d98beea93305f35c25d,7.924907482409168,16.79058398580294,7.924907482409168,271.8613885249859,299.0873836523459,380.3668062858116,0.15055421784231732,0.009166666666666667,0.12568836805555555,0.28540925256453953,2.274590747435461,0.9108096085735814,326.7119415283203,0.0,0.0,326.7119415283203,454.4119415283203,2852.751047143587,241.2421875,30.0,481.8613885249859,0.0,1,P01_GAMMA06_M014_02_A00,P01_GAMMA06_M014_02,P01,M014,5869.96875,6281.3125,411.34375,1.9249074824091679,6.0
E52_76b4f0bdabd1ccab126282dd,7.552690382552015,17.180198899819032,7.552690382552015,244.7670432960008,265.6078646257534,364.489158613486,0.13866967590706417,0.009166666666666667,0.12568836805555555,0.2735247106292864,2.2864752893707143,0.914523527928348,250.08985595703126,0.0,0.0,250.08985595703126,377.78985595703125,2733.6686896011447,241.2421875,30.0,454.7670432960008,0.0,1,P01_GAMMA06_M014_02_A00,P01_GAMMA06_M014_02,P01,M014,5869.96875,6281.3125,411.34375,1.552690382552015,6.0
E52_7e5f4a4eaf9aa5b10576997a,10.7721571193441,13.086620585622072,10.7721571193441,384.11958913832314,414.7999833745699,584.1568128591658,0.21933939564120059,0.009166666666666667,0.12568836805555555,0.3541944303634228,2.2058055696365777,0.8893142405114304,368.16473083496095,0.0,0.0,368.16473083496095,495.86473083496094,4381.1760964437435,247.829345703125,30.0,594.1195891383231,0.0,1,P01_GAMMA06_M014_02_A00,P01_GAMMA06_M014_02,P01,M014,5869.96875,6281.3125,411.34375,4.772157119344101,6.0
E52_82c821a5773d0bfbe554f10a,8.226809702901718,11.397135806608844,8.226809702901718,512.9354114719376,566.0737563002253,707.0407539741487,0.2825549862639304,0.009166666666666667,0.12568836805555555,0.4174100209861526,2.142589979013848,0.8695593684418274,637.6601379394531,0.0,0.0,637.6601379394531,765.3601379394531,5302.805654806116,465.3601379394531,30.0,722.9354114719376,0.0,1,P01_GAMMA06_M014_02_A00,P01_GAMMA06_M014_02,P01,M014,5869.96875,6281.3125,411.34375,2.2268097029017184,6.0
E52_831cee7e7a3a549796e42b18,9.382115203151514,10.042846261792022,9.382115203151514,524.445203057942,560.9167693217765,830.061008532876,0.3040708837654974,0.009166666666666667,0.12568836805555555,0.4389259184877196,2.121074081512281,0.8628356504725876,437.65879516601564,0.0,0.0,437.65879516601564,565.3587951660156,6225.457563996571,359.5916748046875,30.0,734.445203057942,0.0,1,P01_GAMMA06_M014_02_A00,P01_GAMMA06_M014_02,P01,M014,5869.96875,6281.3125,411.34375,3.382115203151514,6.0
E52_88c1c7aba1fcf94c58dad20e,8.834056363995956,9.497510042154289,8.834056363995956,536.2789293194231,567.6117931906797,884.5606754113072,0.3159978782232965,0.009166666666666667,0.12568836805555555,0.4508529129455187,2.109147087054482,0.8591084647045254,375.99436645507814,0.0,0.0,375.99436645507814,503.6943664550781,6634.205065584804,329.6845703125,30.0,746.2789293194231,0.0,1,P01_GAMMA06_M014_02_A00,P01_GAMMA06_M014_02,P01,M014,5869.96875,6281.3125,411.34375,2.8340563639959555,6.0
E52_924cec2d58c933358893a332,10.624413809800686,12.302862284422105,10.624413809800686,416.670444788364,448.9844576972996,639.4568121231148,0.23874762537865796,0.009166666666666667,0.12568836805555555,0.37360266010088017,2.1863973398991203,0.8832491687184749,387.7681549072266,0.0,0.0,387.7681549072266,515.4681549072266,4795.926090923361,252.644287109375,30.0,626.670444788364,0.0,1,P01_GAMMA06_M014_02_A00,P01_GAMMA06_M014_02,P01,M014,5869.96875,6281.3125,411.34375,4.624413809800686,6.0
E52_96da4f081c74d8211b4b244f,11.344550318144897,12.47027426673894,11.344550318144897,406.4445801679392,437.368205859671,627.3474061854878,0.23339590098708082,0.009166666666666667,0.12568836805555555,0.368250935709303,2.1917490642906974,0.8849215825908429,371.08350830078126,0.0,0.0,371.08350830078126,498.78350830078125,4705.105546391158,251.37640380859375,30.0,616.4445801679392,0.0,1,P01_GAMMA06_M014_02_A00,P01_GAMMA06_M014_02,P01,M014,5869.96875,6281.3125,411.34375,5.344550318144897,6.0
E52_a3836b1674b2d70f748125c1,6.57521379218305,18.388582284998307,6.57521379218305,238.77143733771516,265.74771093797557,315.68523307386783,0.1296256139323784,0.009166666666666667,0.12568836805555555,0.26448064865460064,2.2955193513454,0.9173497972954373,323.715283203125,0.0,0.0,323.715283203125,451.415283203125,2367.639248054009,217.29420471191406,30.0,448.77143733771516,0.0,1,P01_GAMMA06_M014_02_A00,P01_GAMMA06_M014_02,P01,M014,5869.96875,6281.3125,411.34375,0.5752137921830496,6.0
E52_be69bdf55826f2eb34075d09,12.089343064167153,12.029424972929434,12.029424972929434,457.6877788138426,500.48965717077624,658.5642874860837,0.25604119113741575,0.009166666666666667,0.12568836805555555,0.39089622585963796,2.1691037741403627,0.8778449294188632,513.6225402832031,0.0,0.0,513.6225402832031,641.3225402832031,4939.232156145627,341.3225402832031,30.0,667.6877788138427,0.0,1,P01_GAMMA06_M014_02_A00,P01_GAMMA06_M014_02,P01,M014,5869.96875,6281.3125,411.34375,6.029424972929434,6.0
E52_bfffb2993ede6e2e2bd9340b,14.028371400881156,13.053008949478723,13.053008949478723,400.85355156655817,436.85476820067277,585.6998033284289,0.22550922551216515,0.009166666666666667,0.12568836805555555,0.3603642602343874,2.199635739765613,0.8873861686767539,432.014599609375,0.0,0.0,432.014599609375,559.714599609375,4392.748524963216,275.29461669921875,30.0,610.8535515665582,0.0,1,P01_GAMMA06_M014_02_A00,P01_GAMMA06_M014_02,P01,M014,5869.96875,6281.3125,411.34375,7.053008949478723,6.0
E52_c98d1e580ba9a8920eeacbdb,9.03388446884766,9.995636820319618,9.03388446884766,531.3190315479533,569.3529452238973,834.4345810402425,0.30713490815373307,0.009166666666666667,0.12568836805555555,0.4419899428759553,2.118010057124045,0.861878142851264,456.40696411132814,0.0,0.0,456.40696411132814,584.1069641113281,6258.259357801819,362.73199462890625,30.0,741.3190315479533,0.0,1,P01_GAMMA06_M014_02_A00,P01_GAMMA06_M014_02,P01,M014,5869.96875,6281.3125,411.34375,3.03388446884766,6.0
E52_d3460088443e86b69235cf2f,10.9865408943147,10.110906533633653,10.110906533633653,520.9986937965015,557.4049117530444,823.5600798537452,0.3019244763287566,0.009166666666666667,0.12568836805555555,0.4367795110509788,2.1232204889490216,0.8635064027965691,436.87461547851564,0.0,0.0,436.87461547851564,564.5746154785156,6176.700598903089,276.8628845214844,30.0,730.9986937965015,0.0,1,P01_GAMMA06_M014_02_A00,P01_GAMMA06_M014_02,P01,M014,5869.96875,6281.3125,411.34375,4.110906533633653,6.0
E52_d7f1f5d49edaa9f52000c452,11.569253065446404,12.917919470378578,11.569253065446404,397.7633482290822,431.12867517406926,595.3347347882426,0.22577474843651651,0.009166666666666667,0.12568836805555555,0.3606297831587387,2.199370216841262,0.8873031927628942,400.38392333984376,0.0,0.0,400.38392333984376,528.0839233398438,4465.010510911819,278.08392333984375,30.0,607.7633482290822,0.0,1,P01_GAMMA06_M014_02_A00,P01_GAMMA06_M014_02,P01,M014,5869.96875,6281.3125,411.34375,5.569253065446404,6.0
E52_dbe1bedc9b83d29f34556dbd,10.319763659808586,13.016499113861627,10.319763659808586,387.86022911882606,419.0031732004504,588.862793747906,0.22133620210273125,0.009166666666666667,0.12568836805555555,0.35619123682495346,2.203808763175047,0.8886902384922021,373.7153289794922,0.0,0.0,373.7153289794922,501.4153289794922,4416.470953109295,232.19436645507812,30.0,597.860229118826,0.0,1,P01_GAMMA06_M014_02_A00,P01_GAMMA06_M014_02,P01,M014,5869.96875,6281.3125,411.34375,4.3197636598085865,6.0
E52_eb490529b308e18523949520,10.128050036405611,12.235001379754962,10.128050036405611,417.9327582223269,449.8180932544721,644.5535062517828,0.23991836791670462,0.009166666666666667,0.12568836805555555,0.37477340263892683,2.1852265973610736,0.8828833116753354,382.6240203857422,0.0,0.0,382.6240203857422,510.3240203857422,4834.151296888371,255.67149353027344,30.0,627.9327582223269,0.0,1,P01_GAMMA06_M014_02_A00,P01_GAMMA06_M014_02,P01,M014,5869.96875,6281.3125,411.34375,4.128050036405611,6.0
E52_eddf192c3626d88d236d26e4,6.44782069450909,17.034187922993553,6.44782069450909,241.72684180786888,260.473536754158,370.9735139380034,0.13850678679446915,0.009166666666666667,0.12568836805555555,0.27336182151669136,2.286638178483309,0.914574430776034,224.96033935546876,0.0,0.0,224.96033935546876,352.66033935546875,2782.3013545350254,199.07135009765625,30.0,451.7268418078689,0.0,1,P01_GAMMA06_M014_02_A00,P01_GAMMA06_M014_02,P01,M014,5869.96875,6281.3125,411.34375,0.44782069450909034,6.0
E52_ede4029bd5e695a7a0c85289,11.61837266330636,12.925612211179384,11.61837266330636,385.2633482290822,414.4620085074026,595.3347347882426,0.22132921844037454,0.009166666666666667,0.12568836805555555,0.3561842531625967,2.203815746837404,0.8886924208866885,350.38392333984376,0.0,0.0,350.38392333984376,478.08392333984375,4465.010510911819,278.08392333984375,30.0,595.2633482290822,0.0,1,P01_GAMMA06_M014_02_A00,P01_GAMMA06_M014_02,P01,M014,5869.96875,6281.3125,411.34375,5.61837266330636,6.0
E52_fd527d975e1813662620f82c,11.639873585239812,12.45056667278017,11.639873585239812,418.2192341110554,452.9085204066283,628.3027504486734,0.23771876612520712,0.009166666666666667,0.12568836805555555,0.3725738008474293,2.187426199152571,0.8835706872351783,416.271435546875,0.0,0.0,416.271435546875,543.971435546875,4712.2706283650505,306.8754577636719,30.0,628.2192341110554,0.0,1,P01_GAMMA06_M014_02_A00,P01_GAMMA06_M014_02,P01,M014,5869.96875,6281.3125,411.34375,5.639873585239812,6.0
E52_06eb0baa948af7ff52881bcf,6.176312587444357,16.258674653736037,6.176312587444357,296.7597053393259,328.36499963050426,403.88764493158146,0.16274021246714285,0.009166666666666667,0.007734375000000001,0.1796412541338095,2.3803587458661912,0.9438621080831845,379.26353149414064,0.0,0.0,379.26353149414064,506.9635314941406,3029.157336986861,306.9635314941406,30.0,506.7597053393259,0.0,1,P01_GAMMA06_M014_03_A00,P01_GAMMA06_M014_03,P01,M014,6288.84375,6314.15625,25.3125,0.1763125874443574,6.0
E52_0c9d91fc306062a18ada9948,7.76335851741878,15.697900697510477,7.76335851741878,331.42241999480143,370.2725110389095,429.7442937249544,0.1787296459836012,0.009166666666666667,0.007734375000000001,0.19563068765026784,2.3643693123497327,0.9388654101092913,466.2010925292969,0.0,0.0,466.2010925292969,593.9010925292969,3223.082202937158,326.7436828613281,30.0,541.4224199948014,0.0,1,P01_GAMMA06_M014_03_A00,P01_GAMMA06_M014_03,P01,M014,6288.84375,6314.15625,25.3125,1.76335851741878,6.0
E52_1eac4bbcd37cec5d48241661,7.548560704439822,6.04580255430777,6.04580255430777,275.66392246828667,298.30930922772677,415.4555243799327,0.1568759382441215,0.009166666666666667,0.007734375000000001,0.17377697991078814,2.3862230200892123,0.9456946937778787,271.74464111328126,0.0,0.0,271.74464111328126,399.44464111328125,3115.9164328494953,326.2397766113281,30.0,485.66392246828667,0.0,1,P01_GAMMA06_M014_03_A00,P01_GAMMA06_M014_03,P01,M014,6288.84375,6314.15625,25.3125,0.04580255430776958,6.0
E52_1ef47ef68c1879e18ddbb164,7.5450661245197495,9.684707827919368,7.5450661245197495,525.9457118932837,556.9823492630754,865.6715995678175,0.30964781577290457,0.009166666666666667,0.007734375000000001,0.32654885743957124,2.2334511425604293,0.897953482050134,372.4396484375,0.0,0.0,372.4396484375,500.1396484375,6492.536996758631,304.7821350097656,30.0,735.9457118932837,0.0,1,P01_GAMMA06_M014_03_A00,P01_GAMMA06_M014_03,P01,M014,6288.84375,6314.15625,25.3125,1.5450661245197495,6.0
E52_214ce9a3b3bd3fa9c582335a,8.952747331869944,15.138353346483314,8.952747331869944,331.46735474952504,365.31699057309277,459.8368945576438,0.1830074384559416,0.009166666666666667,0.007734375000000001,0.19990848012260826,2.3600915198773924,0.9375285999616849,406.1956298828125,0.0,0.0,406.1956298828125,533.8956298828125,3448.7767091823284,283.8956298828125,30.0,541.467354749525,0.0,1,P01_GAMMA06_M014_03_A00,P01_GAMMA06_M014_03,P01,M014,6288.84375,6314.15625,25.3125,2.9527473318699435,6.0
E52_24cc4f01335372459fb4c2ba,13.475214399503813,12.909161020133865,12.909161020133865,410.2633482290822,447.7953418407359,595.3347347882426,0.23022027843265847,0.009166666666666667,0.007734375000000001,0.2471213200993251,2.3128786799006753,0.9227745874689609,450.38392333984376,0.0,0.0,450.38392333984376,578.0839233398438,4465.010510911819,278.08392333984375,30.0,620.2633482290822,0.0,1,P01_GAMMA06_M014_03_A00,P01_GAMMA06_M014_03,P01,M014,6288.84375,6314.15625,25.3125,6.909161020133865,6.0
E52_27bf01e9e990859ae5993708,7.517689574674719,15.932490639468014,7.517689574674719,318.6138217216496,355.0514931287134,418.60161500091635,0.17259630304263499,0.009166666666666667,0.007734375000000001,0.18949734470930163,2.3705026552906987,0.9407820797783433,437.25205688476564,0.0,0.0,437.25205688476564,564.9520568847656,3139.5121125068727,326.2397766113281,30.0,528.6138217216496,0.0,1,P01_GAMMA06_M014_03_A00,P01_GAMMA06_M014_03,P01,M014,6288.84375,6314.15625,25.3125,1.5176895746747192,6.0
E52_27bf1882d0e1a812c8450c72,6.47270641530389,16.18675851321828,6.47270641530389,334.03154784809436,377.9609795090644,404.48650573036844,0.17608047258726683,0.009166666666666667,0.007734375000000001,0.19298151425393348,2.367018485746067,0.9396932767956458,527.1531799316406,0.0,0.0,527.1531799316406,654.8531799316406,3033.648792977763,359.1753845214844,30.0,544.0315478480943,0.0,1,P01_GAMMA06_M014_03_A00,P01_GAMMA06_M014_03,P01,M014,6288.84375,6314.15625,25.3125,0.47270641530388957,6.0
E52_27fdcb9bc2da20af468e67a1,8.316815513200439,15.630401191469062,8.316815513200439,333.5201066466774,372.5049327982074,433.1312563841751,0.1799553449394086,0.009166666666666667,0.007734375000000001,0.19685638660607524,2.3631436133939254,0.9384823791856015,467.8179138183594,0.0,0.0,467.8179138183594,595.5179138183594,3248.4844228813135,322.1230773925781,30.0,543.5201066466774,0.0,1,P01_GAMMA06_M014_03_A00,P01_GAMMA06_M014_03,P01,M014,6288.84375,6314.15625,25.3125,2.3168155132004387,6.0
E52_2cea01313b8862fcfb6b2e63,12.341864173439873,16.460055432828085,12.341864173439873,259.5957489704318,280.08528245838755,396.2542970131293,0.148442074342722,0.009166666666666667,0.007734375000000001,0.16534311600938864,2.3946568839906117,0.948330276247066,245.87440185546876,0.0,0.0,245.87440185546876,373.57440185546875,2971.90722759847,231.8917236328125,30.0,469.5957489704318,0.0,1,P01_GAMMA06_M014_03_A00,P01_GAMMA06_M014_03,P01,M014,6288.84375,6314.15625,25.3125,6.341864173439873,6.0
E52_2d7a36258a59c18fc6a856bf,6.935652941342724,16.662039037059316,6.935652941342724,318.72117968179435,361.17160743651436,382.73979283526836,0.16755561647288383,0.009166666666666667,0.007734375000000001,0.18445665813955048,2.37554334186045,0.9423572943313905,509.40513305664064,0.0,0.0,509.40513305664064,637.1051330566406,2870.5484462645127,346.4301452636719,30.0,528.7211796817944,0.0,1,P01_GAMMA06_M014_03_A00,P01_GAMMA06_M014_03,P01,M014,6288.84375,6314.15625,25.3125,0.9356529413427239,6.0
E52_2dadfb43d7dd9558e21effa9,12.816843198529085,12.85982438864363,12.816843198529085,396.07517918576866,428.1792069974549,599.5261915014202,0.22576797164618329,0.009166666666666667,0.007734375000000001,0.24266901331284993,2.3173309866871508,0.9241659333397344,385.2483337402344,0.0,0.0,385.2483337402344,512.9483337402344,4496.446436260651,248.30487060546875,30.0,606.0751791857687,0.0,1,P01_GAMMA06_M014_03_A00,P01_GAMMA06_M014_03,P01,M014,6288.84375,6314.15625,25.3125,6.816843198529085,6.0
E52_2e64690809088e2a96fb2160,7.240961641133666,9.500767968691491,7.240961641133666,523.7789293194231,550.945126524013,884.5606754113072,0.31155234822715455,0.009166666666666667,0.007734375000000001,0.3284533898938212,2.231546610106179,0.8973583156581809,325.99436645507814,0.0,0.0,325.99436645507814,453.6943664550781,6634.205065584804,329.6845703125,30.0,733.7789293194231,0.0,1,P01_GAMMA06_M014_03_A00,P01_GAMMA06_M014_03,P01,M014,6288.84375,6314.15625,25.3125,1.2409616411336657,6.0
E52_326bd9096774308657b14836,7.147923825656349,6.820761438549596,6.820761438549596,254.20783025924425,275.6237299174474,379.92026256926977,0.1442126230476059,0.009166666666666667,0.007734375000000001,0.16111366471427255,2.398886335285728,0.9496519797767898,256.9907958984375,0.0,0.0,256.9907958984375,384.6907958984375,2849.4019692695233,334.6907958984375,30.0,464.20783025924425,0.0,1,P01_GAMMA06_M014_03_A00,P01_GAMMA06_M014_03,P01,M014,6288.84375,6314.15625,25.3125,0.8207614385495958,6.0
E52_357bbbd4dc4420221c875ea3,10.658694894104684,12.241245229232817,10.658694894104684,405.4327582223269,433.1514265878055,644.5535062517828,0.23547283792056264,0.009166666666666667,0.007734375000000001,0.2523738795872293,2.3076261204127713,0.9211331626289908,332.6240203857422,0.0,0.0,332.6240203857422,460.3240203857422,4834.151296888371,255.67149353027344,30.0,615.4327582223269,0.0,1,P01_GAMMA06_M014_03_A00,P01_GAMMA06_M014_03,P01,M014,6288.84375,6314.15625,25.3125,4.658694894104684,6.0
E52_3a94b6482baa2cfaba8a857d,6.705861790674717,16.425448776817632,6.705861790674717,326.01303055755295,369.111023518165,393.4381033514341,0.17166403726355467,0.009166666666666667,0.007734375000000001,0.1885650789302213,2.3714349210697794,0.9410734128343059,517.1759155273437,0.0,0.0,517.1759155273437,644.8759155273438,2950.785775135756,352.4370422363281,30.0,536.013030557553,0.0,1,P01_GAMMA06_M014_03_A00,P01_GAMMA06_M014_03,P01,M014,6288.84375,6314.15625,25.3125,0.7058617906747173,6.0
E52_413d3eff5d481ef66f8d3068,7.22026185697834,9.493762996477216,7.22026185697834,548.7789293194231,584.2784598573463,884.5606754113072,0.3204434082194385,0.009166666666666667,0.007734375000000001,0.3373444498861052,2.2226555501138954,0.8945798594105921,425.99436645507814,0.0,0.0,425.99436645507814,553.6943664550781,6634.205065584804,329.6845703125,30.0,758.7789293194231,0.0,1,P01_GAMMA06_M014_03_A00,P01_GAMMA06_M014_03,P01,M014,6288.84375,6314.15625,25.3125,1.2202618569783397,6.0
E52_437c6a333219b14c3939f26c,7.519805966462769,6.0194831627628105,6.0194831627628105,277.09771274073506,296.211315442558,417.14117438283733,0.1570562493971614,0.009166666666666667,0.007734375000000001,0.17395729106382804,2.3860427089361727,0.9456383465425537,248.53977661132814,19.176544189453125,19.176544189453125,248.53977661132814,376.2397766113281,3128.55880787128,326.2397766113281,30.0,487.09771274073506,0.0,1,P01_GAMMA06_M014_03_A00,P01_GAMMA06_M014_03,P01,M014,6288.84375,6314.15625,25.3125,0.01948316276281048,6.0
E52_44ed69e1d99dc074a7941a18,9.284372618722031,8.900383690419545,8.900383690419545,188.27556058823757,199.0276355292369,299.7078152072368,0.1090911242968749,0.009166666666666667,0.007734375000000001,0.12599216596354157,2.434007834036459,0.9606274481363932,139.59420471191407,10.569305419921875,10.569305419921875,139.59420471191407,267.29420471191406,2247.808614054276,217.29420471191406,30.0,398.27556058823757,0.0,1,P01_GAMMA06_M014_03_A00,P01_GAMMA06_M014_03,P01,M014,6288.84375,6314.15625,25.3125,2.9003836904195452,6.0
E52_4cf0fac9feb721651efb2830,10.35213160164865,17.82597875173802,10.35213160164865,242.69354898018014,267.32891198677197,337.5749199208095,0.13412057160327687,0.009166666666666667,0.007734375000000001,0.1510216132699435,2.408978386730057,0.9528057458531427,295.6243560791016,0.0,0.0,295.6243560791016,423.32435607910156,2531.8118994060715,217.31182861328125,30.0,452.69354898018014,0.0,1,P01_GAMMA06_M014_03_A00,P01_GAMMA06_M014_03,P01,M014,6288.84375,6314.15625,25.3125,4.352131601648651,6.0
E52_50c718ca7f326f764494c89d,17.918778570824486,13.080943299176411,13.080943299176411,350.85355156655817,370.1881015340061,585.6998033284289,0.20772710552759727,0.009166666666666667,0.007734375000000001,0.2246281471942639,2.3353718528057366,0.9298037040017926,232.014599609375,0.0,0.0,232.014599609375,359.714599609375,4392.748524963216,275.29461669921875,30.0,560.8535515665582,0.0,1,P01_GAMMA06_M014_03_A00,P01_GAMMA06_M014_03,P01,M014,6288.84375,6314.15625,25.3125,7.080943299176411,6.0
E52_515a3b7c8d98426ee13f2b4e,11.519162349653456,17.07508762021844,11.519162349653456,242.68536134104386,262.0561394884234,369.14605379781034,0.13858886614696947,0.009166666666666667,0.007734375000000001,0.1554899078136361,2.4045100921863645,0.9514094038082387,232.4493377685547,0.0,0.0,232.4493377685547,360.1493377685547,2768.5954034835777,210.1493377685547,30.0,452.68536134104386,0.0,1,P01_GAMMA06_M014_03_A00,P01_GAMMA06_M014_03,P01,M014,6288.84375,6314.15625,25.3125,5.519162349653456,6.0
E52_60b76d98beea93305f35c25d,11.691083200279905,16.79058398580294,11.691083200279905,271.8613885249859,299.0873836523459,380.3668062858116,0.15055421784231732,0.009166666666666667,0.007734375000000001,0.16745525950898396,2.3925447404910165,0.9476702314034425,326.7119415283203,0.0,0.0,326.7119415283203,454.4119415283203,2852.751047143587,241.2421875,30.0,481.8613885249859,0.0,1,P01_GAMMA06_M014_03_A00,P01_GAMMA06_M014_03,P01,M014,6288.84375,6314.15625,25.3125,5.691083200279905,6.0
E52_68694062ed2e2e792aeb51a9,8.389589292270841,17.695890544520793,8.389589292270841,262.3147609906027,292.8212075746684,341.5908424768108,0.1416674545099547,0.009166666666666667,0.007734375000000001,0.15856849617662133,2.401431503823379,0.9504473449448059,366.0773590087891,0.0,0.0,366.0773590087891,493.77735900878906,2561.931318576081,213.8477783203125,30.0,472.3147609906027,0.0,1,P01_GAMMA06_M014_03_A00,P01_GAMMA06_M014_03,P01,M014,6288.84375,6314.15625,25.3125,2.3895892922708413,6.0
E52_6aa461eda22a4c53e6730e81,7.021628186841426,6.478254834226846,6.478254834226846,265.8104536255181,288.3542041341444,395.1560268799425,0.15046620221455187,0.009166666666666667,0.007734375000000001,0.1673672438812185,2.392632756118782,0.9476977362871192,271.555615234375,1.030609130859375,1.030609130859375,271.555615234375,399.255615234375,2963.670201599569,349.255615234375,30.0,475.8104536255181,0.0,1,P01_GAMMA06_M014_03_A00,P01_GAMMA06_M014_03,P01,M014,6288.84375,6314.15625,25.3125,0.47825483422684556,6.0
E52_76b4f0bdabd1ccab126282dd,11.123950118067796,17.180198899819032,11.123950118067796,244.7670432960008,265.6078646257534,364.489158613486,0.13866967590706417,0.009166666666666667,0.007734375000000001,0.1555707175737308,2.40442928242627,0.9513841507582091,250.08985595703126,0.0,0.0,250.08985595703126,377.78985595703125,2733.6686896011447,241.2421875,30.0,454.7670432960008,0.0,1,P01_GAMMA06_M014_03_A00,P01_GAMMA06_M014_03,P01,M014,6288.84375,6314.15625,25.3125,5.123950118067796,6.0
E52_7e5f4a4eaf9aa5b10576997a,12.908051979697845,13.086620585622072,12.908051979697845,384.11958913832314,414.7999833745699,584.1568128591658,0.21933939564120059,0.009166666666666667,0.007734375000000001,0.23624043730786723,2.3237595626921332,0.9261748633412915,368.16473083496095,0.0,0.0,368.16473083496095,495.86473083496094,4381.1760964437435,247.829345703125,30.0,594.1195891383231,0.0,1,P01_GAMMA06_M014_03_A00,P01_GAMMA06_M014_03,P01,M014,6288.84375,6314.15625,25.3125,6.908051979697845,6.0
E52_82c821a5773d0bfbe554f10a,8.076816413684725,11.397135806608844,8.076816413684725,512.9354114719376,566.0737563002253,707.0407539741487,0.2825549862639304,0.009166666666666667,0.007734375000000001,0.29945602793059706,2.2605439720694034,0.9064199912716884,637.6601379394531,0.0,0.0,637.6601379394531,765.3601379394531,5302.805654806116,465.3601379394531,30.0,722.9354114719376,0.0,1,P01_GAMMA06_M014_03_A00,P01_GAMMA06_M014_03,P01,M014,6288.84375,6314.15625,25.3125,2.0768164136847247,6.0
E52_831cee7e7a3a549796e42b18,7.938422274326086,10.042846261792022,7.938422274326086,524.445203057942,560.9167693217765,830.061008532876,0.3040708837654974,0.009166666666666667,0.007734375000000001,0.3209719254321641,2.2390280745678366,0.8996962733024487,437.65879516601564,0.0,0.0,437.65879516601564,565.3587951660156,6225.457563996571,359.5916748046875,30.0,734.445203057942,0.0,1,P01_GAMMA06_M014_03_A00,P01_GAMMA06_M014_03,P01,M014,6288.84375,6314.15625,25.3125,1.9384222743260864,6.0
E52_88c1c7aba1fcf94c58dad20e,7.232059170581962,9.497510042154289,7.232059170581962,536.2789293194231,567.6117931906797,884.5606754113072,0.3159978782232965,0.009166666666666667,0.007734375000000001,0.3328989198899632,2.2271010801100375,0.8959690875343865,375.99436645507814,0.0,0.0,375.99436645507814,503.6943664550781,6634.205065584804,329.6845703125,30.0,746.2789293194231,0.0,1,P01_GAMMA06_M014_03_A00,P01_GAMMA06_M014_03,P01,M014,6288.84375,6314.15625,25.3125,1.2320591705819623,6.0
E52_8ca7795ffa642a3b129c0a3d,7.796622828166505,15.730152054416479,7.796622828166505,330.94608252023,369.9122522589995,428.0951466078428,0.17832668261553564,0.009166666666666667,0.007734375000000001,0.19522772428220228,2.3647722757177982,0.9389913361618117,467.5940368652344,0.0,0.0,467.5940368652344,595.2940368652344,3210.713599558821,335.390380859375,30.0,540.94608252023,0.0,1,P01_GAMMA06_M014_03_A00,P01_GAMMA06_M014_03,P01,M014,6288.84375,6314.15625,25.3125,1.7966228281665053,6.0
E52_9026ce0d2a5dd9a75ef73c8e,6.075539700699522,6.720084116703532,6.075539700699522,248.61637070099954,267.37077642202814,384.70630707582717,0.14290187810434732,0.009166666666666667,0.007734375000000001,0.15980291977101396,2.4001970802289865,0.9500615875715581,225.05286865234376,0.0,0.0,225.05286865234376,352.75286865234375,2885.297303068704,302.75286865234375,30.0,458.61637070099954,0.0,1,P01_GAMMA06_M014_03_A00,P01_GAMMA06_M014_03,P01,M014,6288.84375,6314.15625,25.3125,0.07553970069952243,6.0
E52_924cec2d58c933358893a332,11.185979333619798,12.302862284422105,11.185979333619798,416.670444788364,448.9844576972996,639.4568121231148,0.23874762537865796,0.009166666666666667,0.007734375000000001,0.25564866704532463,2.304351332954676,0.920109791548336,387.7681549072266,0.0,0.0,387.7681549072266,515.4681549072266,4795.926090923361,252.644287109375,30.0,626.670444788364,0.0,1,P01_GAMMA06_M014_03_A00,P01_GAMMA06_M014_03,P01,M014,6288.84375,6314.15625,25.3125,5.185979333619798,6.0
E52_96da4f081c74d8211b4b244f,12.160628161942725,12.47027426673894,12.160628161942725,406.4445801679392,437.368205859671,627.3474061854878,0.23339590098708082,0.009166666666666667,0.007734375000000001,0.25029694265374747,2.309703057346253,0.9217822054207039,371.08350830078126,0.0,0.0,371.08350830078126,498.78350830078125,4705.105546391158,251.37640380859375,30.0,616.4445801679392,0.0,1,P01_GAMMA06_M014_03_A00,P01_GAMMA06_M014_03,P01,M014,6288.84375,6314.15625,25.3125,6.160628161942725,6.0
E52_a3836b1674b2d70f748125c1,9.766074523798764,18.388582284998307,9.766074523798764,238.77143733771516,265.74771093797557,315.68523307386783,0.1296256139323784,0.009166666666666667,0.007734375000000001,0.14652665559904504,2.4134733444009555,0.9542104201252984,323.715283203125,0.0,0.0,323.715283203125,451.415283203125,2367.639248054009,217.29420471191406,30.0,448.77143733771516,0.0,1,P01_GAMMA06_M014_03_A00,P01_GAMMA06_M014_03,P01,M014,6288.84375,6314.15625,25.3125,3.766074523798764,6.0
E52_a77602565c04dca5831f9b7a,7.94806720719555,15.758600383852013,7.94806720719555,295.3505394617105,322.31471665694164,428.9160157520343,0.16578365241547813,0.009166666666666667,0.007734375000000001,0.18268469408214477,2.377315305917856,0.9429110330993298,323.57012634277345,0.0,0.0,323.57012634277345,451.27012634277344,3216.870118140257,284.58648681640625,30.0,505.3505394617105,0.0,1,P01_GAMMA06_M014_03_A00,P01_GAMMA06_M014_03,P01,M014,6288.84375,6314.15625,25.3125,1.9480672071955496,6.0
E52_b544b4d7beda1d6ed7fbeefb,7.624201842132081,16.252686834440453,7.624201842132081,293.91354735972715,324.49113296153376,404.3615811086144,0.16179511839250177,0.009166666666666667,0.007734375000000001,0.1786961600591684,2.381303839940832,0.9441574499815099,366.9310272216797,0.0,0.0,366.9310272216797,494.6310272216797,3032.711858314608,277.91845703125,30.0,503.91354735972715,0.0,1,P01_GAMMA06_M014_03_A00,P01_GAMMA06_M014_03,P01,M014,6288.84375,6314.15625,25.3125,1.6242018421320807,6.0
E52_b60e4d2a4cdcd5801a5d757f,7.415368002592942,16.480566458341656,7.415368002592942,308.26023760270465,345.626388522301,392.32356968783114,0.16519254750221457,0.009166666666666667,0.007734375000000001,0.18209358916888121,2.377906410831119,0.9430957533847246,448.39381103515626,0.0,0.0,448.39381103515626,576.0938110351562,2942.4267726587336,326.2397766113281,30.0,518.2602376027046,0.0,1,P01_GAMMA06_M014_03_A00,P01_GAMMA06_M014_03,P01,M014,6288.84375,6314.15625,25.3125,1.4153680025929418,6.0
E52_b7c433bb400c5a28313b13f0,7.92485518183733,16.00220965111248,7.92485518183733,270.63016208552887,291.2047849391259,417.8125870494757,0.1554195344851095,0.009166666666666667,0.007734375000000001,0.17232057615177615,2.3876794238482244,0.94614981995257,246.89547424316407,0.0,0.0,246.89547424316407,374.59547424316406,3133.594402871068,284.58648681640625,30.0,480.63016208552887,0.0,1,P01_GAMMA06_M014_03_A00,P01_GAMMA06_M014_03,P01,M014,6288.84375,6314.15625,25.3125,1.92485518183733,6.0
E52_be69bdf55826f2eb34075d09,11.826278636119483,12.029424972929434,11.826278636119483,457.6877788138426,500.48965717077624,658.5642874860837,0.25604119113741575,0.009166666666666667,0.007734375000000001,0.2729422328040824,2.2870577671959182,0.9147055522487243,513.6225402832031,0.0,0.0,513.6225402832031,641.3225402832031,4939.232156145627,341.3225402832031,30.0,667.6877788138427,0.0,1,P01_GAMMA06_M014_03_A00,P01_GAMMA06_M014_03,P01,M014,6288.84375,6314.15625,25.3125,5.826278636119483,6.0
E52_bfffb2993ede6e2e2bd9340b,17.56854519074396,13.053008949478723,13.053008949478723,400.85355156655817,436.85476820067277,585.6998033284289,0.22550922551216515,0.009166666666666667,0.007734375000000001,0.2424102671788318,2.3175897328211685,0.924246791506615,432.014599609375,0.0,0.0,432.014599609375,559.714599609375,4392.748524963216,275.29461669921875,30.0,610.8535515665582,0.0,1,P01_GAMMA06_M014_03_A00,P01_GAMMA06_M014_03,P01,M014,6288.84375,6314.15625,25.3125,7.053008949478723,6.0
E52_c0294c7ff44d44fc4ede8d97,7.095747605362774,16.7256600789149,7.095747605362774,316.70783025924425,358.9570632507807,379.92026256926977,0.16644027302831577,0.009166666666666667,0.007734375000000001,0.1833413146949824,2.376658685305018,0.942705839157818,506.9907958984375,0.0,0.0,506.9907958984375,634.6907958984375,2849.4019692695233,334.6907958984375,30.0,526.7078302592442,0.0,1,P01_GAMMA06_M014_03_A00,P01_GAMMA06_M014_03,P01,M014,6288.84375,6314.15625,25.3125,1.0957476053627744,6.0
E52_c76d93c5902d0dc017f7065c,7.683019468241852,16.05706218628906,7.683019468241852,260.86241804033426,278.57034040361555,415.47730190098105,0.1516149798935124,0.009166666666666667,0.007734375000000001,0.16851602156017906,2.3914839784398216,0.947338743262444,212.495068359375,0.0,0.0,212.495068359375,340.195068359375,3116.079764257358,277.91845703125,30.0,470.86241804033426,0.0,1,P01_GAMMA06_M014_03_A00,P01_GAMMA06_M014_03,P01,M014,6288.84375,6314.15625,25.3125,1.6830194682418522,6.0
E52_c98d1e580ba9a8920eeacbdb,7.683009184669515,9.995636820319618,7.683009184669515,531.3190315479533,569.3529452238973,834.4345810402425,0.30713490815373307,0.009166666666666667,0.007734375000000001,0.32403594982039974,2.235964050179601,0.8987387656811251,456.40696411132814,0.0,0.0,456.40696411132814,584.1069641113281,6258.259357801819,362.73199462890625,30.0,741.3190315479533,0.0,1,P01_GAMMA06_M014_03_A00,P01_GAMMA06_M014_03,P01,M014,6288.84375,6314.15625,25.3125,1.6830091846695154,6.0
E52_d1d4424e0dfaa7a0ce62d445,6.552217896247953,12.872868339328704,6.552217896247953,402.0751033963921,436.37951216917855,598.3237541560654,0.22773150601213982,0.009166666666666667,0.007734375000000001,0.24463254767880646,2.315367452321194,0.923552328850373,411.6529052734375,0.0,0.0,411.6529052734375,539.3529052734375,4487.428156170491,269.83203125,30.0,612.075103396392,0.0,1,P01_GAMMA06_M014_03_A00,P01_GAMMA06_M014_03,P01,M014,6288.84375,6314.15625,25.3125,0.5522178962479529,6.0
E52_d22cbe82615c6d2ee0ebf49f,7.766174675090795,15.758568264926964,7.766174675090795,318.17309843891866,352.9726015110215,427.5491784452201,0.1737067461230003,0.009166666666666667,0.007734375000000001,0.19060778778966694,2.3693922122103337,0.940435066315729,417.5940368652344,0.0,0.0,417.5940368652344,545.2940368652344,3206.618838339151,335.390380859375,30.0,528.1730984389187,0.0,1,P01_GAMMA06_M014_03_A00,P01_GAMMA06_M014_03,P01,M014,6288.84375,6314.15625,25.3125,1.7661746750907952,6.0
E52_d3460088443e86b69235cf2f,8.949686240561078,10.110906533633653,8.949686240561078,520.9986937965015,557.4049117530444,823.5600798537452,0.3019244763287566,0.009166666666666667,0.007734375000000001,0.31882551799542325,2.241174482004577,0.9003670256264302,436.87461547851564,0.0,0.0,436.87461547851564,564.5746154785156,6176.700598903089,276.8628845214844,30.0,730.9986937965015,0.0,1,P01_GAMMA06_M014_03_A00,P01_GAMMA06_M014_03,P01,M014,6288.84375,6314.15625,25.3125,2.9496862405610784,6.0
E52_d7f1f5d49edaa9f52000c452,13.531310136918862,12.917919470378578,12.917919470378578,397.7633482290822,431.12867517406926,595.3347347882426,0.22577474843651651,0.009166666666666667,0.007734375000000001,0.24267579010318316,2.3173242098968174,0.9241638155927553,400.38392333984376,0.0,0.0,400.38392333984376,528.0839233398438,4465.010510911819,278.08392333984375,30.0,607.7633482290822,0.0,1,P01_GAMMA06_M014_03_A00,P01_GAMMA06_M014_03,P01,M014,6288.84375,6314.15625,25.3125,6.917919470378578,6.0
E52_dbe1bedc9b83d29f34556dbd,12.208464683018605,13.016499113861627,12.208464683018605,387.86022911882606,419.0031732004504,588.862793747906,0.22133620210273125,0.009166666666666667,0.007734375000000001,0.2382372437693979,2.3217627562306027,0.9255508613220631,373.7153289794922,0.0,0.0,373.7153289794922,501.4153289794922,4416.470953109295,232.19436645507812,30.0,597.860229118826,0.0,1,P01_GAMMA06_M014_03_A00,P01_GAMMA06_M014_03,P01,M014,6288.84375,6314.15625,25.3125,6.2084646830186045,6.0
E52_dbec4f1422e98765afb262aa,6.294755040260455,16.38523852602286,6.294755040260455,322.5402116809159,364.1002534899979,395.72017250733956,0.1707521496628321,0.009166666666666667,0.007734375000000001,0.18765319132949873,2.372346808670502,0.9413583777095317,498.7205017089844,0.0,0.0,498.7205017089844,626.4205017089844,2967.901293805047,326.4205017089844,30.0,532.540211680916,0.0,1,P01_GAMMA06_M014_03_A00,P01_GAMMA06_M014_03,P01,M014,6288.84375,6314.15625,25.3125,0.29475504026045485,6.0
E52_dc4c132291b7b9525a26c82f,7.642114221923123,16.290878065555617,7.642114221923123,256.41354735972715,274.49113296153376,404.3615811086144,0.14845852840407586,0.009166666666666667,0.007734375000000001,0.1653595700707425,2.394640429929258,0.948325134352893,216.9310272216797,0.0,0.0,216.9310272216797,344.6310272216797,3032.711858314608,277.91845703125,30.0,466.41354735972715,0.0,1,P01_GAMMA06_M014_03_A00,P01_GAMMA06_M014_03,P01,M014,6288.84375,6314.15625,25.3125,1.6421142219231228,6.0
E52_de2c36302e014a6d0284c896,7.460103422774736,15.994052628622484,7.460103422774736,325.41177480357015,364.7238282296769,414.95122905049965,0.1744969638873427,0.009166666666666667,0.007734375000000001,0.19139800555400935,2.3686019944459913,0.9401881232643721,471.74464111328126,0.0,0.0,471.74464111328126,599.4446411132812,3112.134217878747,325.15069580078125,30.0,535.4117748035701,0.0,1,P01_GAMMA06_M014_03_A00,P01_GAMMA06_M014_03,P01,M014,6288.84375,6314.15625,25.3125,1.4601034227747363,6.0
E52_e0cd6bab1a22c4530d9a254c,6.336134186156997,6.471069764274475,6.336134186156997,260.0402116809159,280.7669201566646,395.72017250733956,0.14852449968212222,0.009166666666666667,0.007734375000000001,0.16542554134878887,2.3945744586512117,0.9483045183285035,248.7205017089844,0.0,0.0,248.7205017089844,376.4205017089844,2967.901293805047,326.4205017089844,30.0,470.0402116809159,0.0,1,P01_GAMMA06_M014_03_A00,P01_GAMMA06_M014_03,P01,M014,6288.84375,6314.15625,25.3125,0.33613418615699686,6.0
E52_ea76d341ab82f2ebc1fa1efe,7.502913568222567,6.056283714240493,6.056283714240493,275.41177480357015,298.05716156301025,414.95122905049965,0.15671484390277482,0.009166666666666667,0.007734375000000001,0.17361588556944146,2.386384114430559,0.9457450357595496,271.74464111328126,0.0,0.0,271.74464111328126,399.44464111328125,3112.134217878747,325.15069580078125,30.0,485.41177480357015,0.0,1,P01_GAMMA06_M014_03_A00,P01_GAMMA06_M014_03,P01,M014,6288.84375,6314.15625,25.3125,0.056283714240493055,6.0
E52_eab18c460278cfbad2c20da0,8.41018130044597,7.760329046990023,7.760329046990023,212.31476099060268,226.15454090800176,341.5908424768108,0.12388533452538679,0.009166666666666667,0.007734375000000001,0.14078637619205345,2.419213623807947,0.9560042574399833,166.07735900878907,0.0,0.0,166.07735900878907,293.77735900878906,2561.931318576081,213.8477783203125,30.0,422.3147609906027,0.0,1,P01_GAMMA06_M014_03_A00,P01_GAMMA06_M014_03,P01,M014,6288.84375,6314.15625,25.3125,1.760329046990023,6.0
E52_eb490529b308e18523949520,10.638314309243015,12.235001379754962,10.638314309243015,417.9327582223269,449.8180932544721,644.5535062517828,0.23991836791670462,0.009166666666666667,0.007734375000000001,0.2568194095833713,2.303180590416629,0.9197439345051965,382.6240203857422,0.0,0.0,382.6240203857422,510.3240203857422,4834.151296888371,255.67149353027344,30.0,627.9327582223269,0.0,1,P01_GAMMA06_M014_03_A00,P01_GAMMA06_M014_03,P01,M014,6288.84375,6314.15625,25.3125,4.638314309243015,6.0
E52_eddf192c3626d88d236d26e4,9.182574396571937,17.034187922993553,9.182574396571937,241.72684180786888,260.473536754158,370.9735139380034,0.13850678679446915,0.009166666666666667,0.007734375000000001,0.1554078284611358,2.4045921715388645,0.9514350536058951,224.96033935546876,0.0,0.0,224.96033935546876,352.66033935546875,2782.3013545350254,199.07135009765625,30.0,451.7268418078689,0.0,1,P01_GAMMA06_M014_03_A00,P01_GAMMA06_M014_03,P01,M014,6288.84375,6314.15625,25.3125,3.182574396571937,6.0
E52_ede4029bd5e695a7a0c85289,13.57554021482072,12.925612211179384,12.925612211179384,385.2633482290822,414.4620085074026,595.3347347882426,0.22132921844037454,0.009166666666666667,0.007734375000000001,0.23823026010704118,2.321769739892959,0.9255530437165497,350.38392333984376,0.0,0.0,350.38392333984376,478.08392333984375,4465.010510911819,278.08392333984375,30.0,595.2633482290822,0.0,1,P01_GAMMA06_M014_03_A00,P01_GAMMA06_M014_03,P01,M014,6288.84375,6314.15625,25.3125,6.925612211179384,6.0
E52_fd527d975e1813662620f82c,12.407402062827686,12.45056667278017,12.407402062827686,418.2192341110554,452.9085204066283,628.3027504486734,0.23771876612520712,0.009166666666666667,0.007734375000000001,0.25461980779187376,2.3053801922081267,0.9204313100650394,416.271435546875,0.0,0.0,416.271435546875,543.971435546875,4712.2706283650505,306.8754577636719,30.0,628.2192341110554,0.0,1,P01_GAMMA06_M014_03_A00,P01_GAMMA06_M014_03,P01,M014,6288.84375,6314.15625,25.3125,6.4074020628276855,6.0
E52_06eb0baa948af7ff52881bcf,7.336469255349954,16.258674653736037,7.336469255349954,296.7597053393259,328.36499963050426,403.88764493158146,0.16274021246714285,0.009166666666666667,0.002310763888888889,0.1742176430226984,2.3857823569773022,0.9455569865554068,379.26353149414064,0.0,0.0,379.26353149414064,506.9635314941406,3029.157336986861,306.9635314941406,30.0,506.7597053393259,0.0,1,P01_GAMMA06_M014_04_A00,P01_GAMMA06_M014_04,P01,M014,6327.15625,6334.71875,7.5625,1.3364692553499538,6.0
E52_0c9d91fc306062a18ada9948,9.041918618431708,15.697900697510477,9.041918618431708,331.42241999480143,370.2725110389095,429.7442937249544,0.1787296459836012,0.009166666666666667,0.002310763888888889,0.19020707653915675,2.3697929234608437,0.9405602885815135,466.2010925292969,0.0,0.0,466.2010925292969,593.9010925292969,3223.082202937158,326.7436828613281,30.0,541.4224199948014,0.0,1,P01_GAMMA06_M014_04_A00,P01_GAMMA06_M014_04,P01,M014,6327.15625,6334.71875,7.5625,3.0419186184317084,6.0
E52_1eac4bbcd37cec5d48241661,8.875023061958046,6.04580255430777,6.04580255430777,275.66392246828667,298.30930922772677,415.4555243799327,0.1568759382441215,0.009166666666666667,0.002310763888888889,0.16835336879967705,2.3916466312003233,0.9473895722501009,271.74464111328126,0.0,0.0,271.74464111328126,399.44464111328125,3115.9164328494953,326.2397766113281,30.0,485.66392246828667,0.0,1,P01_GAMMA06_M014_04_A00,P01_GAMMA06_M014_04,P01,M014,6327.15625,6334.71875,7.5625,0.04580255430776958,6.0
E52_1ef47ef68c1879e18ddbb164,6.651939517111899,9.684707827919368,6.651939517111899,525.9457118932837,556.9823492630754,865.6715995678175,0.30964781577290457,0.009166666666666667,0.002310763888888889,0.3211252463284601,2.2388747536715403,0.8996483605223562,372.4396484375,0.0,0.0,372.4396484375,500.1396484375,6492.536996758631,304.7821350097656,30.0,735.9457118932837,0.0,1,P01_GAMMA06_M014_04_A00,P01_GAMMA06_M014_04,P01,M014,6327.15625,6334.71875,7.5625,0.6519395171118987,6.0
E52_214ce9a3b3bd3fa9c582335a,10.232919108998587,15.138353346483314,10.232919108998587,331.46735474952504,365.31699057309277,459.8368945576438,0.1830074384559416,0.009166666666666667,0.002310763888888889,0.19448486901149717,2.3655151309885034,0.9392234784339072,406.1956298828125,0.0,0.0,406.1956298828125,533.8956298828125,3448.7767091823284,283.8956298828125,30.0,541.467354749525,0.0,1,P01_GAMMA06_M014_04_A00,P01_GAMMA06_M014_04,P01,M014,6327.15625,6334.71875,7.5625,4.232919108998587,6.0
E52_24cc4f01335372459fb4c2ba,12.86406189086614,12.909161020133865,12.86406189086614,410.2633482290822,447.7953418407359,595.3347347882426,0.23022027843265847,0.009166666666666667,0.002310763888888889,0.24169770898821402,2.3183022910117863,0.9244694659411832,450.38392333984376,0.0,0.0,450.38392333984376,578.0839233398438,4465.010510911819,278.08392333984375,30.0,620.2633482290822,0.0,1,P01_GAMMA06_M014_04_A00,P01_GAMMA06_M014_04,P01,M014,6327.15625,6334.71875,7.5625,6.8640618908661395,6.0
E52_27bf01e9e990859ae5993708,8.816609656118445,15.932490639468014,8.816609656118445,318.6138217216496,355.0514931287134,418.60161500091635,0.17259630304263499,0.009166666666666667,0.002310763888888889,0.18407373359819054,2.37592626640181,0.9424769582505654,437.25205688476564,0.0,0.0,437.25205688476564,564.9520568847656,3139.5121125068727,326.2397766113281,30.0,528.6138217216496,0.0,1,P01_GAMMA06_M014_04_A00,P01_GAMMA06_M014_04,P01,M014,6327.15625,6334.71875,7.5625,2.8166096561184446,6.0
E52_27bf1882d0e1a812c8450c72,7.665737461537617,16.18675851321828,7.665737461537617,334.03154784809436,377.9609795090644,404.48650573036844,0.17608047258726683,0.009166666666666667,0.002310763888888889,0.1875579031428224,2.372442096857178,0.941388155267868,527.1531799316406,0.0,0.0,527.1531799316406,654.8531799316406,3033.648792977763,359.1753845214844,30.0,544.0315478480943,0.0,1,P01_GAMMA06_M014_04_A00,P01_GAMMA06_M014_04,P01,M014,6327.15625,6334.71875,7.5625,1.665737461537617,6.0
E52_27fdcb9bc2da20af468e67a1,9.672345382927986,15.630401191469062,9.672345382927986,333.5201066466774,372.5049327982074,433.1312563841751,0.1799553449394086,0.009166666666666667,0.002310763888888889,0.19143277549496415,2.3685672245050364,0.9401772576578237,467.8179138183594,0.0,0.0,467.8179138183594,595.5179138183594,3248.4844228813135,322.1230773925781,30.0,543.5201066466774,0.0,1,P01_GAMMA06_M014_04_A00,P01_GAMMA06_M014_04,P01,M014,6327.15625,6334.71875,7.5625,3.672345382927986,6.0
E52_2cea01313b8862fcfb6b2e63,16.104692243240834,16.460055432828085,16.104692243240834,259.5957489704318,280.08528245838755,396.2542970131293,0.148442074342722,0.009166666666666667,0.002310763888888889,0.15991950489827755,2.400080495101723,0.9500251547192883,245.87440185546876,0.0,0.0,245.87440185546876,373.57440185546875,2971.90722759847,231.8917236328125,30.0,469.5957489704318,0.0,1,P01_GAMMA06_M014_04_A00,P01_GAMMA06_M014_04,P01,M014,6327.15625,6334.71875,7.5625,10.104692243240834,6.0
E52_2d7a36258a59c18fc6a856bf,8.293634897200008,16.662039037059316,8.293634897200008,318.72117968179435,361.17160743651436,382.73979283526836,0.16755561647288383,0.009166666666666667,0.002310763888888889,0.1790330470284394,2.380966952971561,0.9440521728036126,509.40513305664064,0.0,0.0,509.40513305664064,637.1051330566406,2870.5484462645127,346.4301452636719,30.0,528.7211796817944,0.0,1,P01_GAMMA06_M014_04_A00,P01_GAMMA06_M014_04,P01,M014,6327.15625,6334.71875,7.5625,2.2936348972000076,6.0
E52_2dadfb43d7dd9558e21effa9,12.291819275294344,12.85982438864363,12.291819275294344,396.07517918576866,428.1792069974549,599.5261915014202,0.22576797164618329,0.009166666666666667,0.002310763888888889,0.23724540220173884,2.3227545977982618,0.9258608118119567,385.2483337402344,0.0,0.0,385.2483337402344,512.9483337402344,4496.446436260651,248.30487060546875,30.0,606.0751791857687,0.0,1,P01_GAMMA06_M014_04_A00,P01_GAMMA06_M014_04,P01,M014,6327.15625,6334.71875,7.5625,6.291819275294344,6.0
E52_2e64690809088e2a96fb2160,6.353074996327592,9.500767968691491,6.353074996327592,523.7789293194231,550.945126524013,884.5606754113072,0.31155234822715455,0.009166666666666667,0.002310763888888889,0.3230297787827101,2.23697022121729,0.8990531941304031,325.99436645507814,0.0,0.0,325.99436645507814,453.6943664550781,6634.205065584804,329.6845703125,30.0,733.7789293194231,0.0,1,P01_GAMMA06_M014_04_A00,P01_GAMMA06_M014_04,P01,M014,6327.15625,6334.71875,7.5625,0.3530749963275923,6.0
E52_326bd9096774308657b14836,8.56920033337164,6.820761438549596,6.820761438549596,254.20783025924425,275.6237299174474,379.92026256926977,0.1442126230476059,0.009166666666666667,0.002310763888888889,0.15569005360316146,2.404309946396839,0.951346858249012,256.9907958984375,0.0,0.0,256.9907958984375,384.6907958984375,2849.4019692695233,334.6907958984375,30.0,464.20783025924425,0.0,1,P01_GAMMA06_M014_04_A00,P01_GAMMA06_M014_04,P01,M014,6327.15625,6334.71875,7.5625,0.8207614385495958,6.0
E52_357bbbd4dc4420221c875ea3,10.168411803246101,12.241245229232817,10.168411803246101,405.4327582223269,433.1514265878055,644.5535062517828,0.23547283792056264,0.009166666666666667,0.002310763888888889,0.2469502684761182,2.3130497315238823,0.9228280411012131,332.6240203857422,0.0,0.0,332.6240203857422,460.3240203857422,4834.151296888371,255.67149353027344,30.0,615.4327582223269,0.0,1,P01_GAMMA06_M014_04_A00,P01_GAMMA06_M014_04,P01,M014,6327.15625,6334.71875,7.5625,4.1684118032461015,6.0
E52_3a94b6482baa2cfaba8a857d,7.978866034175482,16.425448776817632,7.978866034175482,326.01303055755295,369.111023518165,393.4381033514341,0.17166403726355467,0.009166666666666667,0.002310763888888889,0.18314146781911023,2.3768585321808904,0.9427682913065281,517.1759155273437,0.0,0.0,517.1759155273437,644.8759155273438,2950.785775135756,352.4370422363281,30.0,536.013030557553,0.0,1,P01_GAMMA06_M014_04_A00,P01_GAMMA06_M014_04,P01,M014,6327.15625,6334.71875,7.5625,1.978866034175482,6.0
E52_413d3eff5d481ef66f8d3068,6.3361951578156095,9.493762996477216,6.3361951578156095,548.7789293194231,584.2784598573463,884.5606754113072,0.3204434082194385,0.009166666666666667,0.002310763888888889,0.33192083877499406,2.2280791612250064,0.8962747378828144,425.99436645507814,0.0,0.0,425.99436645507814,553.6943664550781,6634.205065584804,329.6845703125,30.0,758.7789293194231,0.0,1,P01_GAMMA06_M014_04_A00,P01_GAMMA06_M014_04,P01,M014,6327.15625,6334.71875,7.5625,0.3361951578156095,6.0
E52_437c6a333219b14c3939f26c,8.832871354012369,6.0194831627628105,6.0194831627628105,277.09771274073506,296.211315442558,417.14117438283733,0.1570562493971614,0.009166666666666667,0.002310763888888889,0.16853367995271695,2.3914663200472837,0.9473332250147759,248.53977661132814,19.176544189453125,19.176544189453125,248.53977661132814,376.2397766113281,3128.55880787128,326.2397766113281,30.0,487.09771274073506,0.0,1,P01_GAMMA06_M014_04_A00,P01_GAMMA06_M014_04,P01,M014,6327.15625,6334.71875,7.5625,0.01948316276281048,6.0
E52_44ed69e1d99dc074a7941a18,11.959108622127403,8.900383690419545,8.900383690419545,188.27556058823757,199.0276355292369,299.7078152072368,0.1090911242968749,0.009166666666666667,0.002310763888888889,0.12056855485243045,2.4394314451475703,0.9623223266086155,139.59420471191407,10.569305419921875,10.569305419921875,139.59420471191407,267.29420471191406,2247.808614054276,217.29420471191406,30.0,398.27556058823757,0.0,1,P01_GAMMA06_M014_04_A00,P01_GAMMA06_M014_04,P01,M014,6327.15625,6334.71875,7.5625,2.9003836904195452,6.0
E52_47db2d0d55c92154c779a4c9,7.06604908203667,16.45726286038159,7.06604908203667,312.62709924858126,351.3219092257948,393.08533863388124,0.16685347284684848,0.009166666666666667,0.002310763888888889,0.17833090340240404,2.3816690965975966,0.9442715926867488,464.3377197265625,0.0,0.0,464.3377197265625,592.0377197265625,2948.1400397541092,295.61395263671875,30.0,522.6270992485813,0.0,1,P01_GAMMA06_M014_04_A00,P01_GAMMA06_M014_04,P01,M014,6327.15625,6334.71875,7.5625,1.0660490820366704,6.0
E52_4cf0fac9feb721651efb2830,13.381129445100683,17.82597875173802,13.381129445100683,242.69354898018014,267.32891198677197,337.5749199208095,0.13412057160327687,0.009166666666666667,0.002310763888888889,0.14559800215883242,2.414401997841168,0.9545006243253649,295.6243560791016,0.0,0.0,295.6243560791016,423.32435607910156,2531.8118994060715,217.31182861328125,30.0,452.69354898018014,0.0,1,P01_GAMMA06_M014_04_A00,P01_GAMMA06_M014_04,P01,M014,6327.15625,6334.71875,7.5625,7.381129445100683,6.0
E52_4d215302190bc5bfb29bf912,6.561237353849563,16.37371485667674,6.561237353849563,307.50969179304633,343.7570581260541,397.53518558804575,0.1656637075427803,0.009166666666666667,0.002310763888888889,0.17714113809833584,2.382858861901665,0.94464339434427,434.96839599609376,0.0,0.0,434.96839599609376,562.6683959960938,2981.5138919103433,336.56707763671875,30.0,517.5096917930464,0.0,1,P01_GAMMA06_M014_04_A00,P01_GAMMA06_M014_04,P01,M014,6327.15625,6334.71875,7.5625,0.5612373538495632,6.0
E52_50c718ca7f326f764494c89d,16.238290952591086,13.080943299176411,13.080943299176411,350.85355156655817,370.1881015340061,585.6998033284289,0.20772710552759727,0.009166666666666667,0.002310763888888889,0.21920453608315282,2.3407954639168476,0.9314985824740147,232.014599609375,0.0,0.0,232.014599609375,359.714599609375,4392.748524963216,275.29461669921875,30.0,560.8535515665582,0.0,1,P01_GAMMA06_M014_04_A00,P01_GAMMA06_M014_04,P01,M014,6327.15625,6334.71875,7.5625,7.080943299176411,6.0
E52_515a3b7c8d98426ee13f2b4e,15.059837334701442,17.07508762021844,15.059837334701442,242.68536134104386,262.0561394884234,369.14605379781034,0.13858886614696947,0.009166666666666667,0.002310763888888889,0.15006629670252503,2.4099337032974755,0.953104282280461,232.4493377685547,0.0,0.0,232.4493377685547,360.1493377685547,2768.5954034835777,210.1493377685547,30.0,452.68536134104386,0.0,1,P01_GAMMA06_M014_04_A00,P01_GAMMA06_M014_04,P01,M014,6327.15625,6334.71875,7.5625,9.059837334701442,6.0
E52_60b76d98beea93305f35c25d,15.165157785365892,16.79058398580294,15.165157785365892,271.8613885249859,299.0873836523459,380.3668062858116,0.15055421784231732,0.009166666666666667,0.002310763888888889,0.16203164839787287,2.3979683516021275,0.9493651098756647,326.7119415283203,0.0,0.0,326.7119415283203,454.4119415283203,2852.751047143587,241.2421875,30.0,481.8613885249859,0.0,1,P01_GAMMA06_M014_04_A00,P01_GAMMA06_M014_04,P01,M014,6327.15625,6334.71875,7.5625,9.165157785365892,6.0
E52_68694062ed2e2e792aeb51a9,10.350351008656233,17.695890544520793,10.350351008656233,262.3147609906027,292.8212075746684,341.5908424768108,0.1416674545099547,0.009166666666666667,0.002310763888888889,0.15314488506551024,2.40685511493449,0.952142223417028,366.0773590087891,0.0,0.0,366.0773590087891,493.77735900878906,2561.931318576081,213.8477783203125,30.0,472.3147609906027,0.0,1,P01_GAMMA06_M014_04_A00,P01_GAMMA06_M014_04,P01,M014,6327.15625,6334.71875,7.5625,4.350351008656233,6.0
E52_6aa461eda22a4c53e6730e81,8.350909606232449,6.478254834226846,6.478254834226846,265.8104536255181,288.3542041341444,395.1560268799425,0.15046620221455187,0.009166666666666667,0.002310763888888889,0.16194363277010743,2.398056367229893,0.9493926147593414,271.555615234375,1.030609130859375,1.030609130859375,271.555615234375,399.255615234375,2963.670201599569,349.255615234375,30.0,475.8104536255181,0.0,1,P01_GAMMA06_M014_04_A00,P01_GAMMA06_M014_04,P01,M014,6327.15625,6334.71875,7.5625,0.47825483422684556,6.0
E52_74b3fb0a4920873efc33101b,7.103449033831012,6.525083879148042,6.525083879148042,262.62709924858126,284.6552425591281,393.08533863388124,0.14907135286228057,0.009166666666666667,0.002310763888888889,0.16054878341783613,2.399451216582164,0.9498285051819262,264.3377197265625,0.0,0.0,264.3377197265625,392.0377197265625,2948.1400397541092,295.61395263671875,30.0,472.62709924858126,0.0,1,P01_GAMMA06_M014_04_A00,P01_GAMMA06_M014_04,P01,M014,6327.15625,6334.71875,7.5625,0.5250838791480419,6.0
E52_76b4f0bdabd1ccab126282dd,14.390448438446981,17.180198899819032,14.390448438446981,244.7670432960008,265.6078646257534,364.489158613486,0.13866967590706417,0.009166666666666667,0.002310763888888889,0.15014710646261972,2.409852893537381,0.9530790292304313,250.08985595703126,0.0,0.0,250.08985595703126,377.78985595703125,2733.6686896011447,241.2421875,30.0,454.7670432960008,0.0,1,P01_GAMMA06_M014_04_A00,P01_GAMMA06_M014_04,P01,M014,6327.15625,6334.71875,7.5625,8.390448438446981,6.0
E52_7e5f4a4eaf9aa5b10576997a,12.569949079153389,13.086620585622072,12.569949079153389,384.11958913832314,414.7999833745699,584.1568128591658,0.21933939564120059,0.009166666666666667,0.002310763888888889,0.23081682619675614,2.3291831738032442,0.9278697418135137,368.16473083496095,0.0,0.0,368.16473083496095,495.86473083496094,4381.1760964437435,247.829345703125,30.0,594.1195891383231,0.0,1,P01_GAMMA06_M014_04_A00,P01_GAMMA06_M014_04,P01,M014,6327.15625,6334.71875,7.5625,6.569949079153389,6.0
E52_82c821a5773d0bfbe554f10a,7.68891953008702,11.397135806608844,7.68891953008702,512.9354114719376,566.0737563002253,707.0407539741487,0.2825549862639304,0.009166666666666667,0.002310763888888889,0.29403241681948594,2.2659675831805144,0.9081148697439106,637.6601379394531,0.0,0.0,637.6601379394531,765.3601379394531,5302.805654806116,465.3601379394531,30.0,722.9354114719376,0.0,1,P01_GAMMA06_M014_04_A00,P01_GAMMA06_M014_04,P01,M014,6327.15625,6334.71875,7.5625,1.68891953008702,6.0
E52_831cee7e7a3a549796e42b18,7.088472280647139,10.042846261792022,7.088472280647139,524.445203057942,560.9167693217765,830.061008532876,0.3040708837654974,0.009166666666666667,0.002310763888888889,0.31554831432105296,2.2444516856789476,0.901391151774671,437.65879516601564,0.0,0.0,437.65879516601564,565.3587951660156,6225.457563996571,359.5916748046875,30.0,734.445203057942,0.0,1,P01_GAMMA06_M014_04_A00,P01_GAMMA06_M014_04,P01,M014,6327.15625,6334.71875,7.5625,1.0884722806471387,6.0
E52_88c1c7aba1fcf94c58dad20e,6.345817210621959,9.497510042154289,6.345817210621959,536.2789293194231,567.6117931906797,884.5606754113072,0.3159978782232965,0.009166666666666667,0.002310763888888889,0.32747530877885206,2.2325246912211485,0.8976639660066087,375.99436645507814,0.0,0.0,375.99436645507814,503.6943664550781,6634.205065584804,329.6845703125,30.0,746.2789293194231,0.0,1,P01_GAMMA06_M014_04_A00,P01_GAMMA06_M014_04,P01,M014,6327.15625,6334.71875,7.5625,0.34581721062195925,6.0
E52_8ca7795ffa642a3b129c0a3d,9.089991199142759,15.730152054416479,9.089991199142759,330.94608252023,369.9122522589995,428.0951466078428,0.17832668261553564,0.009166666666666667,0.002310763888888889,0.1898041131710912,2.3701958868289092,0.940686214634034,467.5940368652344,0.0,0.0,467.5940368652344,595.2940368652344,3210.713599558821,335.390380859375,30.0,540.94608252023,0.0,1,P01_GAMMA06_M014_04_A00,P01_GAMMA06_M014_04,P01,M014,6327.15625,6334.71875,7.5625,3.0899911991427587,6.0
E52_9026ce0d2a5dd9a75ef73c8e,7.29029784018303,6.720084116703532,6.720084116703532,248.61637070099954,267.37077642202814,384.70630707582717,0.14290187810434732,0.009166666666666667,0.002310763888888889,0.15437930865990288,2.4056206913400975,0.9517564660437804,225.05286865234376,0.0,0.0,225.05286865234376,352.75286865234375,2885.297303068704,302.75286865234375,30.0,458.61637070099954,0.0,1,P01_GAMMA06_M014_04_A00,P01_GAMMA06_M014_04,P01,M014,6327.15625,6334.71875,7.5625,0.7200841167035321,6.0
E52_924cec2d58c933358893a332,10.632712958802017,12.302862284422105,10.632712958802017,416.670444788364,448.9844576972996,639.4568121231148,0.23874762537865796,0.009166666666666667,0.002310763888888889,0.2502250559342135,2.309774944065787,0.9218046700205583,387.7681549072266,0.0,0.0,387.7681549072266,515.4681549072266,4795.926090923361,252.644287109375,30.0,626.670444788364,0.0,1,P01_GAMMA06_M014_04_A00,P01_GAMMA06_M014_04,P01,M014,6327.15625,6334.71875,7.5625,4.632712958802017,6.0
E52_96da4f081c74d8211b4b244f,11.510722165449977,12.47027426673894,11.510722165449977,406.4445801679392,437.368205859671,627.3474061854878,0.23339590098708082,0.009166666666666667,0.002310763888888889,0.24487333154263638,2.315126668457364,0.9234770838929262,371.08350830078126,0.0,0.0,371.08350830078126,498.78350830078125,4705.105546391158,251.37640380859375,30.0,616.4445801679392,0.0,1,P01_GAMMA06_M014_04_A00,P01_GAMMA06_M014_04,P01,M014,6327.15625,6334.71875,7.5625,5.510722165449977,6.0
E52_a3836b1674b2d70f748125c1,12.610691885726084,18.388582284998307,12.610691885726084,238.77143733771516,265.74771093797557,315.68523307386783,0.1296256139323784,0.009166666666666667,0.002310763888888889,0.14110304448793395,2.4188969555120665,0.9559052985975206,323.715283203125,0.0,0.0,323.715283203125,451.415283203125,2367.639248054009,217.29420471191406,30.0,448.77143733771516,0.0,1,P01_GAMMA06_M014_04_A00,P01_GAMMA06_M014_04,P01,M014,6327.15625,6334.71875,7.5625,6.610691885726084,6.0
E52_a77602565c04dca5831f9b7a,9.269843690883164,15.758600383852013,9.269843690883164,295.3505394617105,322.31471665694164,428.9160157520343,0.16578365241547813,0.009166666666666667,0.002310763888888889,0.17726108297103368,2.382738917028967,0.9446059115715519,323.57012634277345,0.0,0.0,323.57012634277345,451.27012634277344,3216.870118140257,284.58648681640625,30.0,505.3505394617105,0.0,1,P01_GAMMA06_M014_04_A00,P01_GAMMA06_M014_04,P01,M014,6327.15625,6334.71875,7.5625,3.269843690883164,6.0
E52_afb1e3673ff3adbe9c45b8fc,7.026084173132702,6.956106286850726,6.956106286850726,250.21040235058808,271.27175132926646,374.0527108291059,0.1419599864782851,0.009166666666666667,0.002310763888888889,0.15343741703384065,2.40656258296616,0.9520508071769248,252.73618774414064,0.0,0.0,252.73618774414064,380.4361877441406,2805.395331218294,291.6474609375,30.0,460.2104023505881,0.0,1,P01_GAMMA06_M014_04_A00,P01_GAMMA06_M014_04,P01,M014,6327.15625,6334.71875,7.5625,0.9561062868507264,6.0
E52_b544b4d7beda1d6ed7fbeefb,9.020505006726438,16.252686834440453,9.020505006726438,293.91354735972715,324.49113296153376,404.3615811086144,0.16179511839250177,0.009166666666666667,0.002310763888888889,0.17327254894805733,2.386727451051943,0.9458523284537321,366.9310272216797,0.0,0.0,366.9310272216797,494.6310272216797,3032.711858314608,277.91845703125,30.0,503.91354735972715,0.0,1,P01_GAMMA06_M014_04_A00,P01_GAMMA06_M014_04,P01,M014,6327.15625,6334.71875,7.5625,3.020505006726438,6.0
E52_b60e4d2a4cdcd5801a5d757f,8.826985750625141,16.480566458341656,8.826985750625141,308.26023760270465,345.626388522301,392.32356968783114,0.16519254750221457,0.009166666666666667,0.002310763888888889,0.17666997805777013,2.38333002194223,0.9447906318569468,448.39381103515626,0.0,0.0,448.39381103515626,576.0938110351562,2942.4267726587336,326.2397766113281,30.0,518.2602376027046,0.0,1,P01_GAMMA06_M014_04_A00,P01_GAMMA06_M014_04,P01,M014,6327.15625,6334.71875,7.5625,2.8269857506251412,6.0
E52_b7c433bb400c5a28313b13f0,9.309010066522589,16.00220965111248,9.309010066522589,270.63016208552887,291.2047849391259,417.8125870494757,0.1554195344851095,0.009166666666666667,0.002310763888888889,0.16689696504066506,2.3931030349593354,0.9478446984247921,246.89547424316407,0.0,0.0,246.89547424316407,374.59547424316406,3133.594402871068,284.58648681640625,30.0,480.63016208552887,0.0,1,P01_GAMMA06_M014_04_A00,P01_GAMMA06_M014_04,P01,M014,6327.15625,6334.71875,7.5625,3.309010066522589,6.0
E52_be69bdf55826f2eb34075d09,10.986789071366744,12.029424972929434,10.986789071366744,457.6877788138426,500.48965717077624,658.5642874860837,0.25604119113741575,0.009166666666666667,0.002310763888888889,0.2675186216929713,2.2924813783070292,0.9164004307209465,513.6225402832031,0.0,0.0,513.6225402832031,641.3225402832031,4939.232156145627,341.3225402832031,30.0,667.6877788138427,0.0,1,P01_GAMMA06_M014_04_A00,P01_GAMMA06_M014_04,P01,M014,6327.15625,6334.71875,7.5625,4.9867890713667435,6.0
E52_bfffb2993ede6e2e2bd9340b,15.997390604544506,13.053008949478723,13.053008949478723,400.85355156655817,436.85476820067277,585.6998033284289,0.22550922551216515,0.009166666666666667,0.002310763888888889,0.2369866560677207,2.32301334393228,0.9259416699788373,432.014599609375,0.0,0.0,432.014599609375,559.714599609375,4392.748524963216,275.29461669921875,30.0,610.8535515665582,0.0,1,P01_GAMMA06_M014_04_A00,P01_GAMMA06_M014_04,P01,M014,6327.15625,6334.71875,7.5625,7.053008949478723,6.0
E52_c0294c7ff44d44fc4ede8d97,8.49699052446438,16.7256600789149,8.49699052446438,316.70783025924425,358.9570632507807,379.92026256926977,0.16644027302831577,0.009166666666666667,0.002310763888888889,0.17791770358387132,2.382082296416129,0.9444007176300402,506.9907958984375,0.0,0.0,506.9907958984375,634.6907958984375,2849.4019692695233,334.6907958984375,30.0,526.7078302592442,0.0,1,P01_GAMMA06_M014_04_A00,P01_GAMMA06_M014_04,P01,M014,6327.15625,6334.71875,7.5625,2.4969905244643797,6.0
E52_c76d93c5902d0dc017f7065c,9.034494428592893,16.05706218628906,9.034494428592893,260.86241804033426,278.57034040361555,415.47730190098105,0.1516149798935124,0.009166666666666667,0.002310763888888889,0.16309241044906797,2.3969075895509326,0.9490336217346662,212.495068359375,0.0,0.0,212.495068359375,340.195068359375,3116.079764257358,277.91845703125,30.0,470.86241804033426,0.0,1,P01_GAMMA06_M014_04_A00,P01_GAMMA06_M014_04,P01,M014,6327.15625,6334.71875,7.5625,3.034494428592893,6.0
E52_c98d1e580ba9a8920eeacbdb,6.87588301312806,9.995636820319618,6.87588301312806,531.3190315479533,569.3529452238973,834.4345810402425,0.30713490815373307,0.009166666666666667,0.002310763888888889,0.3186123387092886,2.241387661290712,0.9004336441533474,456.40696411132814,0.0,0.0,456.40696411132814,584.1069641113281,6258.259357801819,362.73199462890625,30.0,741.3190315479533,0.0,1,P01_GAMMA06_M014_04_A00,P01_GAMMA06_M014_04,P01,M014,6327.15625,6334.71875,7.5625,0.8758830131280604,6.0
E52_d1d4424e0dfaa7a0ce62d445,6.905922481606154,12.872868339328704,6.905922481606154,402.0751033963921,436.37951216917855,598.3237541560654,0.22773150601213982,0.009166666666666667,0.002310763888888889,0.23920893656769537,2.320791063432305,0.9252472073225952,411.6529052734375,0.0,0.0,411.6529052734375,539.3529052734375,4487.428156170491,269.83203125,30.0,612.075103396392,0.0,1,P01_GAMMA06_M014_04_A00,P01_GAMMA06_M014_04,P01,M014,6327.15625,6334.71875,7.5625,0.9059224816061544,6.0
E52_d22cbe82615c6d2ee0ebf49f,9.060291905557875,15.758568264926964,9.060291905557875,318.17309843891866,352.9726015110215,427.5491784452201,0.1737067461230003,0.009166666666666667,0.002310763888888889,0.18518417667855586,2.3748158233214447,0.9421299447879513,417.5940368652344,0.0,0.0,417.5940368652344,545.2940368652344,3206.618838339151,335.390380859375,30.0,528.1730984389187,0.0,1,P01_GAMMA06_M014_04_A00,P01_GAMMA06_M014_04,P01,M014,6327.15625,6334.71875,7.5625,3.0602919055578752,6.0
E52_d3460088443e86b69235cf2f,7.86488356236373,10.110906533633653,7.86488356236373,520.9986937965015,557.4049117530444,823.5600798537452,0.3019244763287566,0.009166666666666667,0.002310763888888889,0.31340190688431213,2.246598093115688,0.9020619040986525,436.87461547851564,0.0,0.0,436.87461547851564,564.5746154785156,6176.700598903089,276.8628845214844,30.0,730.9986937965015,0.0,1,P01_GAMMA06_M014_04_A00,P01_GAMMA06_M014_04,P01,M014,6327.15625,6334.71875,7.5625,1.8648835623637297,6.0
E52_d7f1f5d49edaa9f52000c452,12.912752487702775,12.917919470378578,12.912752487702775,397.7633482290822,431.12867517406926,595.3347347882426,0.22577474843651651,0.009166666666666667,0.002310763888888889,0.23725217899207207,2.3227478210079284,0.9258586940649774,400.38392333984376,0.0,0.0,400.38392333984376,528.0839233398438,4465.010510911819,278.08392333984375,30.0,607.7633482290822,0.0,1,P01_GAMMA06_M014_04_A00,P01_GAMMA06_M014_04,P01,M014,6327.15625,6334.71875,7.5625,6.912752487702775,6.0
E52_dbe1bedc9b83d29f34556dbd,11.929667002985937,13.016499113861627,11.929667002985937,387.86022911882606,419.0031732004504,588.862793747906,0.22133620210273125,0.009166666666666667,0.002310763888888889,0.2328136326582868,2.3271863673417137,0.9272457397942854,373.7153289794922,0.0,0.0,373.7153289794922,501.4153289794922,4416.470953109295,232.19436645507812,30.0,597.860229118826,0.0,1,P01_GAMMA06_M014_04_A00,P01_GAMMA06_M014_04,P01,M014,6327.15625,6334.71875,7.5625,5.929667002985937,6.0
E52_dbec4f1422e98765afb262aa,7.4962979701921455,16.38523852602286,7.4962979701921455,322.5402116809159,364.1002534899979,395.72017250733956,0.1707521496628321,0.009166666666666667,0.002310763888888889,0.18222958021838764,2.377770419781613,0.9430532561817538,498.7205017089844,0.0,0.0,498.7205017089844,626.4205017089844,2967.901293805047,326.4205017089844,30.0,532.540211680916,0.0,1,P01_GAMMA06_M014_04_A00,P01_GAMMA06_M014_04,P01,M014,6327.15625,6334.71875,7.5625,1.4962979701921455,6.0
E52_dc4c132291b7b9525a26c82f,9.045229302051254,16.290878065555617,9.045229302051254,256.41354735972715,274.49113296153376,404.3615811086144,0.14845852840407586,0.009166666666666667,0.002310763888888889,0.15993595895963142,2.400064041040369,0.9500200128251152,216.9310272216797,0.0,0.0,216.9310272216797,344.6310272216797,3032.711858314608,277.91845703125,30.0,466.41354735972715,0.0,1,P01_GAMMA06_M014_04_A00,P01_GAMMA06_M014_04,P01,M014,6327.15625,6334.71875,7.5625,3.045229302051254,6.0
E52_de2c36302e014a6d0284c896,8.76592453793036,15.994052628622484,8.76592453793036,325.41177480357015,364.7238282296769,414.95122905049965,0.1744969638873427,0.009166666666666667,0.002310763888888889,0.18597439444289826,2.3740256055571023,0.9418830017365943,471.74464111328126,0.0,0.0,471.74464111328126,599.4446411132812,3112.134217878747,325.15069580078125,30.0,535.4117748035701,0.0,1,P01_GAMMA06_M014_04_A00,P01_GAMMA06_M014_04,P01,M014,6327.15625,6334.71875,7.5625,2.76592453793036,6.0
E52_e0cd6bab1a22c4530d9a254c,7.550948979319074,6.471069764274475,6.471069764274475,260.0402116809159,280.7669201566646,395.72017250733956,0.14852449968212222,0.009166666666666667,0.002310763888888889,0.16000193023767778,2.3999980697623227,0.9499993968007256,248.7205017089844,0.0,0.0,248.7205017089844,376.4205017089844,2967.901293805047,326.4205017089844,30.0,470.0402116809159,0.0,1,P01_GAMMA06_M014_04_A00,P01_GAMMA06_M014_04,P01,M014,6327.15625,6334.71875,7.5625,0.4710697642744748,6.0
E52_ea76d341ab82f2ebc1fa1efe,8.823851827874478,6.056283714240493,6.056283714240493,275.41177480357015,298.05716156301025,414.95122905049965,0.15671484390277482,0.009166666666666667,0.002310763888888889,0.16819227445833038,2.3918077255416703,0.9474399142317718,271.74464111328126,0.0,0.0,271.74464111328126,399.44464111328125,3112.134217878747,325.15069580078125,30.0,485.41177480357015,0.0,1,P01_GAMMA06_M014_04_A00,P01_GAMMA06_M014_04,P01,M014,6327.15625,6334.71875,7.5625,0.056283714240493055,6.0
E52_eab18c460278cfbad2c20da0,10.382737507327846,7.760329046990023,7.760329046990023,212.31476099060268,226.15454090800176,341.5908424768108,0.12388533452538679,0.009166666666666667,0.002310763888888889,0.13536276508094236,2.424637234919058,0.9576991359122056,166.07735900878907,0.0,0.0,166.07735900878907,293.77735900878906,2561.931318576081,213.8477783203125,30.0,422.3147609906027,0.0,1,P01_GAMMA06_M014_04_A00,P01_GAMMA06_M014_04,P01,M014,6327.15625,6334.71875,7.5625,1.760329046990023,6.0
E52_eb490529b308e18523949520,10.15020234729134,12.235001379754962,10.15020234729134,417.9327582223269,449.8180932544721,644.5535062517828,0.23991836791670462,0.009166666666666667,0.002310763888888889,0.2513957984722602,2.30860420152774,0.9214388129774187,382.6240203857422,0.0,0.0,382.6240203857422,510.3240203857422,4834.151296888371,255.67149353027344,30.0,627.9327582223269,0.0,1,P01_GAMMA06_M014_04_A00,P01_GAMMA06_M014_04,P01,M014,6327.15625,6334.71875,7.5625,4.150202347291341,6.0
E52_eddf192c3626d88d236d26e4,11.244769885034003,17.034187922993553,11.244769885034003,241.72684180786888,260.473536754158,370.9735139380034,0.13850678679446915,0.009166666666666667,0.002310763888888889,0.1499842173500247,2.410015782649976,0.9531299320781172,224.96033935546876,0.0,0.0,224.96033935546876,352.66033935546875,2782.3013545350254,199.07135009765625,30.0,451.7268418078689,0.0,1,P01_GAMMA06_M014_04_A00,P01_GAMMA06_M014_04,P01,M014,6327.15625,6334.71875,7.5625,5.244769885034003,6.0
E52_ede4029bd5e695a7a0c85289,12.951085021682175,12.925612211179384,12.925612211179384,385.2633482290822,414.4620085074026,595.3347347882426,0.22132921844037454,0.009166666666666667,0.002310763888888889,0.2328066489959301,2.3271933510040705,0.9272479221887718,350.38392333984376,0.0,0.0,350.38392333984376,478.08392333984375,4465.010510911819,278.08392333984375,30.0,595.2633482290822,0.0,1,P01_GAMMA06_M014_04_A00,P01_GAMMA06_M014_04,P01,M014,6327.15625,6334.71875,7.5625,6.925612211179384,6.0
E52_f2fabdd802684ffd17ed2273,7.014512252235832,16.925225818485302,7.014512252235832,275.2104023505881,304.60508466259984,374.0527108291059,0.15085104647056902,0.009166666666666667,0.002310763888888889,0.16232847702612457,2.397671522973876,0.949272350929336,352.73618774414064,0.0,0.0,352.73618774414064,480.4361877441406,2805.395331218294,291.6474609375,30.0,485.2104023505881,0.0,1,P01_GAMMA06_M014_04_A00,P01_GAMMA06_M014_04,P01,M014,6327.15625,6334.71875,7.5625,1.014512252235832,6.0
E52_fd527d975e1813662620f82c,11.694939959502747,12.45056667278017,11.694939959502747,418.2192341110554,452.9085204066283,628.3027504486734,0.23771876612520712,0.009166666666666667,0.002310763888888889,0.24919619668076268,2.3108038033192377,0.9221261885372617,416.271435546875,0.0,0.0,416.271435546875,543.971435546875,4712.2706283650505,306.8754577636719,30.0,628.2192341110554,0.0,1,P01_GAMMA06_M014_04_A00,P01_GAMMA06_M014_04,P01,M014,6327.15625,6334.71875,7.5625,5.694939959502747,6.0
E52_06eb0baa948af7ff52881bcf,12.336908164104841,16.258674653736037,12.336908164104841,296.7597053393259,328.36499963050426,403.88764493158146,0.16274021246714285,0.009166666666666667,0.12590798611111112,0.2978148652449206,2.2621851347550797,0.9069328546109623,379.26353149414064,0.0,0.0,379.26353149414064,506.9635314941406,3029.157336986861,306.9635314941406,30.0,506.7597053393259,0.0,1,P01_GAMMA06_M015_00_A00,P01_GAMMA06_M015_00,P01,M015,2232.84375,2644.90625,412.0625,6.336908164104841,6.0
E52_0c9d91fc306062a18ada9948,12.601146949060592,15.697900697510477,12.601146949060592,331.42241999480143,370.2725110389095,429.7442937249544,0.1787296459836012,0.009166666666666667,0.12590798611111112,0.31380429876137894,2.2461957012386216,0.901936156637069,466.2010925292969,0.0,0.0,466.2010925292969,593.9010925292969,3223.082202937158,326.7436828613281,30.0,541.4224199948014,0.0,1,P01_GAMMA06_M015_00_A00,P01_GAMMA06_M015_00,P01,M015,2232.84375,2644.90625,412.0625,6.601146949060592,6.0
E52_1eac4bbcd37cec5d48241661,13.225276947826742,6.04580255430777,6.04580255430777,275.66392246828667,298.30930922772677,415.4555243799327,0.1568759382441215,0.009166666666666667,0.12590798611111112,0.29195059102189924,2.268049408978101,0.9087654403056565,271.74464111328126,0.0,0.0,271.74464111328126,399.44464111328125,3115.9164328494953,326.2397766113281,30.0,485.66392246828667,0.0,1,P01_GAMMA06_M015_00_A00,P01_GAMMA06_M015_00,P01,M015,2232.84375,2644.90625,412.0625,0.04580255430776958,6.0
E52_214ce9a3b3bd3fa9c582335a,11.936236190692554,15.138353346483314,11.936236190692554,331.46735474952504,365.31699057309277,459.8368945576438,0.1830074384559416,0.009166666666666667,0.12590798611111112,0.3180820912337194,2.2419179087662813,0.9005993464894627,406.1956298828125,0.0,0.0,406.1956298828125,533.8956298828125,3448.7767091823284,283.8956298828125,30.0,541.467354749525,0.0,1,P01_GAMMA06_M015_00_A00,P01_GAMMA06_M015_00,P01,M015,2232.84375,2644.90625,412.0625,5.936236190692554,6.0
E52_231de36c6439da832299e30f,8.648833627282826,16.451156269229884,8.648833627282826,336.2639482811268,383.1573412254627,391.1675388962379,0.1749881335365896,0.009166666666666667,0.12590798611111112,0.31006278631436734,2.2499372136856333,0.9031053792767603,562.7207153320312,0.0,0.0,562.7207153320312,690.4207153320312,2933.7565417217843,390.42071533203125,30.0,546.2639482811268,0.0,1,P01_GAMMA06_M015_00_A00,P01_GAMMA06_M015_00,P01,M015,2232.84375,2644.90625,412.0625,2.6488336272828263,6.0
E52_246111a1ef063bec9e89ec9e,6.1248880273221005,13.03223549741864,6.1248880273221005,413.11352328410356,453.07003166626504,586.4879962752384,0.22998101771643822,0.009166666666666667,0.12590798611111112,0.365055670494216,2.1949443295057844,0.8859201029705575,479.4781005859375,0.0,0.0,479.4781005859375,607.1781005859375,4398.659972064288,469.28277587890625,30.0,623.1135232841036,0.0,1,P01_GAMMA06_M015_00_A00,P01_GAMMA06_M015_00,P01,M015,2232.84375,2644.90625,412.0625,0.12488802732210047,6.0
E52_24cc4f01335372459fb4c2ba,6.042467352925229,12.909161020133865,6.042467352925229,410.2633482290822,447.7953418407359,595.3347347882426,0.23022027843265847,0.009166666666666667,0.12590798611111112,0.3652949312104362,2.194705068789564,0.8858453339967387,450.38392333984376,0.0,0.0,450.38392333984376,578.0839233398438,4465.010510911819,278.08392333984375,30.0,620.2633482290822,0.0,1,P01_GAMMA06_M015_00_A00,P01_GAMMA06_M015_00,P01,M015,2232.84375,2644.90625,412.0625,0.04246735292522885,6.0
E52_27bf01e9e990859ae5993708,12.943589911098712,15.932490639468014,12.943589911098712,318.6138217216496,355.0514931287134,418.60161500091635,0.17259630304263499,0.009166666666666667,0.12590798611111112,0.30767095582041276,2.2523290441795876,0.903852826306121,437.25205688476564,0.0,0.0,437.25205688476564,564.9520568847656,3139.5121125068727,326.2397766113281,30.0,528.6138217216496,0.0,1,P01_GAMMA06_M015_00_A00,P01_GAMMA06_M015_00,P01,M015,2232.84375,2644.90625,412.0625,6.943589911098712,6.0
E52_27bf1882d0e1a812c8450c72,12.503114783569174,16.18675851321828,12.503114783569174,334.03154784809436,377.9609795090644,404.48650573036844,0.17608047258726683,0.009166666666666667,0.12590798611111112,0.31115512536504464,2.2488448746349556,0.9027640233234235,527.1531799316406,0.0,0.0,527.1531799316406,654.8531799316406,3033.648792977763,359.1753845214844,30.0,544.0315478480943,0.0,1,P01_GAMMA06_M015_00_A00,P01_GAMMA06_M015_00,P01,M015,2232.84375,2644.90625,412.0625,6.503114783569174,6.0
E52_27fdcb9bc2da20af468e67a1,12.766290884070187,15.630401191469062,12.766290884070187,333.5201066466774,372.5049327982074,433.1312563841751,0.1799553449394086,0.009166666666666667,0.12590798611111112,0.31502999771718637,2.2449700022828143,0.9015531257133793,467.8179138183594,0.0,0.0,467.8179138183594,595.5179138183594,3248.4844228813135,322.1230773925781,30.0,543.5201066466774,0.0,1,P01_GAMMA06_M015_00_A00,P01_GAMMA06_M015_00,P01,M015,2232.84375,2644.90625,412.0625,6.766290884070187,6.0
E52_2cea01313b8862fcfb6b2e63,12.045269407597743,16.460055432828085,12.045269407597743,259.5957489704318,280.08528245838755,396.2542970131293,0.148442074342722,0.009166666666666667,0.12590798611111112,0.2835167271204998,2.2764832728795006,0.9114010227748438,245.87440185546876,0.0,0.0,245.87440185546876,373.57440185546875,2971.90722759847,231.8917236328125,30.0,469.5957489704318,0.0,1,P01_GAMMA06_M015_00_A00,P01_GAMMA06_M015_00,P01,M015,2232.84375,2644.90625,412.0625,6.045269407597743,6.0
E52_2d7a36258a59c18fc6a856bf,13.950254532281662,16.662039037059316,13.950254532281662,318.72117968179435,361.17160743651436,382.73979283526836,0.16755561647288383,0.009166666666666667,0.12590798611111112,0.3026302692506616,2.257369730749339,0.9054280408591683,509.40513305664064,0.0,0.0,509.40513305664064,637.1051330566406,2870.5484462645127,346.4301452636719,30.0,528.7211796817944,0.0,1,P01_GAMMA06_M015_00_A00,P01_GAMMA06_M015_00,P01,M015,2232.84375,2644.90625,412.0625,7.950254532281662,6.0
E52_326bd9096774308657b14836,14.612307872547305,6.820761438549596,6.820761438549596,254.20783025924425,275.6237299174474,379.92026256926977,0.1442126230476059,0.009166666666666667,0.12590798611111112,0.2792872758253837,2.2807127241746166,0.9127227263045676,256.9907958984375,0.0,0.0,256.9907958984375,384.6907958984375,2849.4019692695233,334.6907958984375,30.0,464.20783025924425,0.0,1,P01_GAMMA06_M015_00_A00,P01_GAMMA06_M015_00,P01,M015,2232.84375,2644.90625,412.0625,0.8207614385495958,6.0
E52_3a94b6482baa2cfaba8a857d,13.201764995490137,16.425448776817632,13.201764995490137,326.01303055755295,369.111023518165,393.4381033514341,0.17166403726355467,0.009166666666666667,0.12590798611111112,0.3067386900413325,2.253261309958668,0.9041441593620836,517.1759155273437,0.0,0.0,517.1759155273437,644.8759155273438,2950.785775135756,352.4370422363281,30.0,536.013030557553,0.0,1,P01_GAMMA06_M015_00_A00,P01_GAMMA06_M015_00,P01,M015,2232.84375,2644.90625,412.0625,7.201764995490137,6.0
E52_437c6a333219b14c3939f26c,13.139086508748633,6.0194831627628105,6.0194831627628105,277.09771274073506,296.211315442558,417.14117438283733,0.1570562493971614,0.009166666666666667,0.12590798611111112,0.2921309021749392,2.267869097825061,0.9087090930703315,248.53977661132814,19.176544189453125,19.176544189453125,248.53977661132814,376.2397766113281,3128.55880787128,326.2397766113281,30.0,487.09771274073506,0.0,1,P01_GAMMA06_M015_00_A00,P01_GAMMA06_M015_00,P01,M015,2232.84375,2644.90625,412.0625,0.01948316276281048,6.0
E52_44ed69e1d99dc074a7941a18,14.187263646345983,8.900383690419545,8.900383690419545,188.27556058823757,199.0276355292369,299.7078152072368,0.1090911242968749,0.009166666666666667,0.12590798611111112,0.2441657770746527,2.3158342229253477,0.923698194664171,139.59420471191407,10.569305419921875,10.569305419921875,139.59420471191407,267.29420471191406,2247.808614054276,217.29420471191406,30.0,398.27556058823757,0.0,1,P01_GAMMA06_M015_00_A00,P01_GAMMA06_M015_00,P01,M015,2232.84375,2644.90625,412.0625,2.9003836904195452,6.0
E52_47db2d0d55c92154c779a4c9,12.34766268024346,16.45726286038159,12.34766268024346,312.62709924858126,351.3219092257948,393.08533863388124,0.16685347284684848,0.009166666666666667,0.12590798611111112,0.30192812562462623,2.258071874375374,0.9056474607423043,464.3377197265625,0.0,0.0,464.3377197265625,592.0377197265625,2948.1400397541092,295.61395263671875,30.0,522.6270992485813,0.0,1,P01_GAMMA06_M015_00_A00,P01_GAMMA06_M015_00,P01,M015,2232.84375,2644.90625,412.0625,6.3476626802434595,6.0
E52_4cf0fac9feb721651efb2830,18.388409342719598,17.82597875173802,17.82597875173802,242.69354898018014,267.32891198677197,337.5749199208095,0.13412057160327687,0.009166666666666667,0.12590798611111112,0.26919522438105464,2.290804775618946,0.9158764923809204,295.6243560791016,0.0,0.0,295.6243560791016,423.32435607910156,2531.8118994060715,217.31182861328125,30.0,452.69354898018014,0.0,1,P01_GAMMA06_M015_00_A00,P01_GAMMA06_M015_00,P01,M015,2232.84375,2644.90625,412.0625,11.82597875173802,6.0
E52_515a3b7c8d98426ee13f2b4e,16.203284973405815,17.07508762021844,16.203284973405815,242.68536134104386,262.0561394884234,369.14605379781034,0.13858886614696947,0.009166666666666667,0.12590798611111112,0.2736635189247473,2.2863364810752533,0.9144801503360165,232.4493377685547,0.0,0.0,232.4493377685547,360.1493377685547,2768.5954034835777,210.1493377685547,30.0,452.68536134104386,0.0,1,P01_GAMMA06_M015_00_A00,P01_GAMMA06_M015_00,P01,M015,2232.84375,2644.90625,412.0625,10.203284973405815,6.0
E52_60b76d98beea93305f35c25d,12.491137730451015,16.79058398580294,12.491137730451015,271.8613885249859,299.0873836523459,380.3668062858116,0.15055421784231732,0.009166666666666667,0.12590798611111112,0.2856288706200951,2.2743711293799054,0.9107409779312203,326.7119415283203,0.0,0.0,326.7119415283203,454.4119415283203,2852.751047143587,241.2421875,30.0,481.8613885249859,0.0,1,P01_GAMMA06_M015_00_A00,P01_GAMMA06_M015_00,P01,M015,2232.84375,2644.90625,412.0625,6.491137730451015,6.0
E52_68694062ed2e2e792aeb51a9,9.337465598107826,17.695890544520793,9.337465598107826,262.3147609906027,292.8212075746684,341.5908424768108,0.1416674545099547,0.009166666666666667,0.12590798611111112,0.27674210728773246,2.283257892712268,0.9135180914725836,366.0773590087891,0.0,0.0,366.0773590087891,493.77735900878906,2561.931318576081,213.8477783203125,30.0,472.3147609906027,0.0,1,P01_GAMMA06_M015_00_A00,P01_GAMMA06_M015_00,P01,M015,2232.84375,2644.90625,412.0625,3.3374655981078263,6.0
E52_6aa461eda22a4c53e6730e81,13.68735985509295,6.478254834226846,6.478254834226846,265.8104536255181,288.3542041341444,395.1560268799425,0.15046620221455187,0.009166666666666667,0.12590798611111112,0.2855408549923296,2.274459145007671,0.910768482814897,271.555615234375,1.030609130859375,1.030609130859375,271.555615234375,399.255615234375,2963.670201599569,349.255615234375,30.0,475.8104536255181,0.0,1,P01_GAMMA06_M015_00_A00,P01_GAMMA06_M015_00,P01,M015,2232.84375,2644.90625,412.0625,0.47825483422684556,6.0
E52_6dc095df8eb6475486134b5c,6.0629932066265155,12.905188948092743,6.0629932066265155,424.06014837873875,466.2734748964797,594.8403376510322,0.23505698741925235,0.009166666666666667,0.12590798611111112,0.37013164019703015,2.1898683598029702,0.884333862438428,506.55991821289064,0.0,0.0,506.55991821289064,634.2599182128906,4461.302532382741,440.2059631347656,30.0,634.0601483787387,0.0,1,P01_GAMMA06_M015_00_A00,P01_GAMMA06_M015_00,P01,M015,2232.84375,2644.90625,412.0625,0.06299320662651553,6.0
E52_76b4f0bdabd1ccab126282dd,12.992072030643726,17.180198899819032,12.992072030643726,244.7670432960008,265.6078646257534,364.489158613486,0.13866967590706417,0.009166666666666667,0.12590798611111112,0.27374432868484194,2.2862556713151587,0.914454897285987,250.08985595703126,0.0,0.0,250.08985595703126,377.78985595703125,2733.6686896011447,241.2421875,30.0,454.7670432960008,0.0,1,P01_GAMMA06_M015_00_A00,P01_GAMMA06_M015_00,P01,M015,2232.84375,2644.90625,412.0625,6.992072030643726,6.0
E52_7e5f4a4eaf9aa5b10576997a,6.1195162739441145,13.086620585622072,6.1195162739441145,384.11958913832314,414.7999833745699,584.1568128591658,0.21933939564120059,0.009166666666666667,0.12590798611111112,0.3544140484189784,2.205585951581022,0.8892456098690693,368.16473083496095,0.0,0.0,368.16473083496095,495.86473083496094,4381.1760964437435,247.829345703125,30.0,594.1195891383231,0.0,1,P01_GAMMA06_M015_00_A00,P01_GAMMA06_M015_00,P01,M015,2232.84375,2644.90625,412.0625,0.11951627394411446,6.0
E52_8ca7795ffa642a3b129c0a3d,12.691532686225003,15.730152054416479,12.691532686225003,330.94608252023,369.9122522589995,428.0951466078428,0.17832668261553564,0.009166666666666667,0.12590798611111112,0.3134013353933134,2.246598664606687,0.9020620826895895,467.5940368652344,0.0,0.0,467.5940368652344,595.2940368652344,3210.713599558821,335.390380859375,30.0,540.94608252023,0.0,1,P01_GAMMA06_M015_00_A00,P01_GAMMA06_M015_00,P01,M015,2232.84375,2644.90625,412.0625,6.691532686225003,6.0
E52_8d375985c45fff9288668cb3,8.010583688037713,16.222123863058812,8.010583688037713,353.99602207193686,405.21742048909175,400.663653640944,0.182639281392285,0.009166666666666667,0.12590798611111112,0.3177139341700628,2.242286065829938,0.9007143955718554,614.6567810058593,0.0,0.0,614.6567810058593,742.3567810058594,3004.97740230708,442.3567810058594,30.0,563.9960220719369,0.0,1,P01_GAMMA06_M015_00_A00,P01_GAMMA06_M015_00,P01,M015,2232.84375,2644.90625,412.0625,2.0105836880377126,6.0
E52_a3836b1674b2d70f748125c1,14.236917061805343,18.388582284998307,14.236917061805343,238.77143733771516,265.74771093797557,315.68523307386783,0.1296256139323784,0.009166666666666667,0.12590798611111112,0.2647002667101562,2.2952997332898444,0.9172811666530762,323.715283203125,0.0,0.0,323.715283203125,451.415283203125,2367.639248054009,217.29420471191406,30.0,448.77143733771516,0.0,1,P01_GAMMA06_M015_00_A00,P01_GAMMA06_M015_00,P01,M015,2232.84375,2644.90625,412.0625,8.236917061805343,6.0
E52_a77602565c04dca5831f9b7a,7.073240109220848,15.758600383852013,7.073240109220848,295.3505394617105,322.31471665694164,428.9160157520343,0.16578365241547813,0.009166666666666667,0.12590798611111112,0.3008583051932559,2.2591416948067446,0.9059817796271076,323.57012634277345,0.0,0.0,323.57012634277345,451.27012634277344,3216.870118140257,284.58648681640625,30.0,505.3505394617105,0.0,1,P01_GAMMA06_M015_00_A00,P01_GAMMA06_M015_00,P01,M015,2232.84375,2644.90625,412.0625,1.0732401092208477,6.0
E52_b544b4d7beda1d6ed7fbeefb,7.2179914299343295,16.252686834440453,7.2179914299343295,293.91354735972715,324.49113296153376,404.3615811086144,0.16179511839250177,0.009166666666666667,0.12590798611111112,0.2968697711702796,2.263130228829721,0.9072281965092877,366.9310272216797,0.0,0.0,366.9310272216797,494.6310272216797,3032.711858314608,277.91845703125,30.0,503.91354735972715,0.0,1,P01_GAMMA06_M015_00_A00,P01_GAMMA06_M015_00,P01,M015,2232.84375,2644.90625,412.0625,1.2179914299343295,6.0
E52_b60e4d2a4cdcd5801a5d757f,14.085313500012745,16.480566458341656,14.085313500012745,308.26023760270465,345.626388522301,392.32356968783114,0.16519254750221457,0.009166666666666667,0.12590798611111112,0.3002672002799923,2.259732799720008,0.9061664999125024,448.39381103515626,0.0,0.0,448.39381103515626,576.0938110351562,2942.4267726587336,326.2397766113281,30.0,518.2602376027046,0.0,1,P01_GAMMA06_M015_00_A00,P01_GAMMA06_M015_00,P01,M015,2232.84375,2644.90625,412.0625,8.085313500012745,6.0
E52_b7c433bb400c5a28313b13f0,7.251147473094576,16.00220965111248,7.251147473094576,270.63016208552887,291.2047849391259,417.8125870494757,0.1554195344851095,0.009166666666666667,0.12590798611111112,0.2904941872628873,2.2695058127371133,0.9092205664803478,246.89547424316407,0.0,0.0,246.89547424316407,374.59547424316406,3133.594402871068,284.58648681640625,30.0,480.63016208552887,0.0,1,P01_GAMMA06_M015_00_A00,P01_GAMMA06_M015_00,P01,M015,2232.84375,2644.90625,412.0625,1.2511474730945764,6.0
E52_be69bdf55826f2eb34075d09,6.369388842401278,12.029424972929434,6.369388842401278,457.6877788138426,500.48965717077624,658.5642874860837,0.25604119113741575,0.009166666666666667,0.12590798611111112,0.3911158439151935,2.168884156084807,0.8777762987765021,513.6225402832031,0.0,0.0,513.6225402832031,641.3225402832031,4939.232156145627,341.3225402832031,30.0,667.6877788138427,0.0,1,P01_GAMMA06_M015_00_A00,P01_GAMMA06_M015_00,P01,M015,2232.84375,2644.90625,412.0625,0.36938884240127834,6.0
E52_bfffb2993ede6e2e2bd9340b,6.804907377410558,13.053008949478723,6.804907377410558,400.85355156655817,436.85476820067277,585.6998033284289,0.22550922551216515,0.009166666666666667,0.12590798611111112,0.3605838782899429,2.1994161217100574,0.8873175380343928,432.014599609375,0.0,0.0,432.014599609375,559.714599609375,4392.748524963216,275.29461669921875,30.0,610.8535515665582,0.0,1,P01_GAMMA06_M015_00_A00,P01_GAMMA06_M015_00,P01,M015,2232.84375,2644.90625,412.0625,0.804907377410558,6.0
E52_c0294c7ff44d44fc4ede8d97,14.279789266110441,16.7256600789149,14.279789266110441,316.70783025924425,358.9570632507807,379.92026256926977,0.16644027302831577,0.009166666666666667,0.12590798611111112,0.3015149258060935,2.258485074193907,0.9057765856855958,506.9907958984375,0.0,0.0,506.9907958984375,634.6907958984375,2849.4019692695233,334.6907958984375,30.0,526.7078302592442,0.0,1,P01_GAMMA06_M015_00_A00,P01_GAMMA06_M015_00,P01,M015,2232.84375,2644.90625,412.0625,8.279789266110441,6.0
E52_c76d93c5902d0dc017f7065c,7.103580052335786,16.05706218628906,7.103580052335786,260.86241804033426,278.57034040361555,415.47730190098105,0.1516149798935124,0.009166666666666667,0.12590798611111112,0.2866896326712902,2.27331036732871,0.9104094897902218,212.495068359375,0.0,0.0,212.495068359375,340.195068359375,3116.079764257358,277.91845703125,30.0,470.86241804033426,0.0,1,P01_GAMMA06_M015_00_A00,P01_GAMMA06_M015_00,P01,M015,2232.84375,2644.90625,412.0625,1.1035800523357864,6.0
E52_d22cbe82615c6d2ee0ebf49f,12.74256219058637,15.758568264926964,12.74256219058637,318.17309843891866,352.9726015110215,427.5491784452201,0.1737067461230003,0.009166666666666667,0.12590798611111112,0.30878139890077805,2.2512186010992226,0.9035058128435068,417.5940368652344,0.0,0.0,417.5940368652344,545.2940368652344,3206.618838339151,335.390380859375,30.0,528.1730984389187,0.0,1,P01_GAMMA06_M015_00_A00,P01_GAMMA06_M015_00,P01,M015,2232.84375,2644.90625,412.0625,6.742562190586369,6.0
E52_d6d1511afdebb88632549a71,9.230551457073588,16.177909036830457,9.230551457073588,342.76879390848103,389.67749650450963,404.08537224079015,0.1791309979165653,0.009166666666666667,0.12590798611111112,0.3142056506943431,2.2457943493056574,0.9018107341580178,562.9044311523437,0.0,0.0,562.9044311523437,690.6044311523438,3030.640291805926,390.60443115234375,30.0,552.768793908481,0.0,1,P01_GAMMA06_M015_00_A00,P01_GAMMA06_M015_00,P01,M015,2232.84375,2644.90625,412.0625,3.230551457073588,6.0
E52_d7f1f5d49edaa9f52000c452,6.054016799459674,12.917919470378578,6.054016799459674,397.7633482290822,431.12867517406926,595.3347347882426,0.22577474843651651,0.009166666666666667,0.12590798611111112,0.3608494012142943,2.1991505987857063,0.8872345621205331,400.38392333984376,0.0,0.0,400.38392333984376,528.0839233398438,4465.010510911819,278.08392333984375,30.0,607.7633482290822,0.0,1,P01_GAMMA06_M015_00_A00,P01_GAMMA06_M015_00,P01,M015,2232.84375,2644.90625,412.0625,0.0540167994596743,6.0
E52_dbec4f1422e98765afb262aa,12.673770179610855,16.38523852602286,12.673770179610855,322.5402116809159,364.1002534899979,395.72017250733956,0.1707521496628321,0.009166666666666667,0.12590798611111112,0.3058268024406099,2.254173197559391,0.9044291242373094,498.7205017089844,0.0,0.0,498.7205017089844,626.4205017089844,2967.901293805047,326.4205017089844,30.0,532.540211680916,0.0,1,P01_GAMMA06_M015_00_A00,P01_GAMMA06_M015_00,P01,M015,2232.84375,2644.90625,412.0625,6.673770179610855,6.0
E52_dc4c132291b7b9525a26c82f,7.254385334560126,16.290878065555617,7.254385334560126,256.41354735972715,274.49113296153376,404.3615811086144,0.14845852840407586,0.009166666666666667,0.12590798611111112,0.28353318118185367,2.2764668188181467,0.9113958808806707,216.9310272216797,0.0,0.0,216.9310272216797,344.6310272216797,3032.711858314608,277.91845703125,30.0,466.41354735972715,0.0,1,P01_GAMMA06_M015_00_A00,P01_GAMMA06_M015_00,P01,M015,2232.84375,2644.90625,412.0625,1.2543853345601264,6.0
E52_de2c36302e014a6d0284c896,13.025344641530637,15.994052628622484,13.025344641530637,325.41177480357015,364.7238282296769,414.95122905049965,0.1744969638873427,0.009166666666666667,0.12590798611111112,0.30957161666512045,2.25042838333488,0.9032588697921499,471.74464111328126,0.0,0.0,471.74464111328126,599.4446411132812,3112.134217878747,325.15069580078125,30.0,535.4117748035701,0.0,1,P01_GAMMA06_M015_00_A00,P01_GAMMA06_M015_00,P01,M015,2232.84375,2644.90625,412.0625,7.025344641530637,6.0
E52_ea76d341ab82f2ebc1fa1efe,13.2120566053905,6.056283714240493,6.056283714240493,275.41177480357015,298.05716156301025,414.95122905049965,0.15671484390277482,0.009166666666666667,0.12590798611111112,0.2917894966805526,2.2682105033194477,0.9088157822873273,271.74464111328126,0.0,0.0,271.74464111328126,399.44464111328125,3112.134217878747,325.15069580078125,30.0,485.41177480357015,0.0,1,P01_GAMMA06_M015_00_A00,P01_GAMMA06_M015_00,P01,M015,2232.84375,2644.90625,412.0625,0.056283714240493055,6.0
E52_eab18c460278cfbad2c20da0,9.406933296323913,7.760329046990023,7.760329046990023,212.31476099060268,226.15454090800176,341.5908424768108,0.12388533452538679,0.009166666666666667,0.12590798611111112,0.2589599873031646,2.301040012696836,0.9190750039677611,166.07735900878907,0.0,0.0,166.07735900878907,293.77735900878906,2561.931318576081,213.8477783203125,30.0,422.3147609906027,0.0,1,P01_GAMMA06_M015_00_A00,P01_GAMMA06_M015_00,P01,M015,2232.84375,2644.90625,412.0625,1.760329046990023,6.0
E52_eddf192c3626d88d236d26e4,9.46513350019191,17.034187922993553,9.46513350019191,241.72684180786888,260.473536754158,370.9735139380034,0.13850678679446915,0.009166666666666667,0.12590798611111112,0.2735814395722469,2.2864185604277534,0.9145058001336729,224.96033935546876,0.0,0.0,224.96033935546876,352.66033935546875,2782.3013545350254,199.07135009765625,30.0,451.7268418078689,0.0,1,P01_GAMMA06_M015_00_A00,P01_GAMMA06_M015_00,P01,M015,2232.84375,2644.90625,412.0625,3.465133500191911,6.0
E52_f2fabdd802684ffd17ed2273,12.978901232162329,16.925225818485302,12.978901232162329,275.2104023505881,304.60508466259984,374.0527108291059,0.15085104647056902,0.009166666666666667,0.12590798611111112,0.28592569924834677,2.2740743007516535,0.9106482189848917,352.73618774414064,0.0,0.0,352.73618774414064,480.4361877441406,2805.395331218294,291.6474609375,30.0,485.2104023505881,0.0,1,P01_GAMMA06_M015_00_A00,P01_GAMMA06_M015_00,P01,M015,2232.84375,2644.90625,412.0625,6.978901232162329,6.0
E52_fd527d975e1813662620f82c,7.085457333701385,12.45056667278017,7.085457333701385,418.2192341110554,452.9085204066283,628.3027504486734,0.23771876612520712,0.009166666666666667,0.12590798611111112,0.3727934189029849,2.1872065810970156,0.8835020565928172,416.271435546875,0.0,0.0,416.271435546875,543.971435546875,4712.2706283650505,306.8754577636719,30.0,628.2192341110554,0.0,1,P01_GAMMA06_M015_00_A00,P01_GAMMA06_M015_00,P01,M015,2232.84375,2644.90625,412.0625,1.0854573337013846,6.0
E52_060143e4033ea7dfc142ce26,6.896225853583857,13.051384290227645,6.896225853583857,390.52156568077555,422.97629514244545,586.3147545915316,0.2219218246513189,0.009166666666666667,0.19052343750000003,0.4216119288179856,2.138388071182015,0.8682462722443796,389.4567535400391,0.0,0.0,389.4567535400391,517.1567535400391,4397.360659436487,293.1027526855469,30.0,600.5215656807756,0.0,1,P01_GAMMA06_M016_00_A00,P01_GAMMA06_M016_00,P01,M016,2163.625,2787.15625,623.53125,0.8962258535838572,6.0
E52_0f45fcab7c66cb90fa618929,6.036421296320697,12.721246579688795,6.036421296320697,427.8988653120833,469.21977900837237,607.8722484464322,0.23826781941132907,0.009166666666666667,0.19052343750000003,0.4379579235779958,2.1220420764220047,0.8631381488818763,495.85096435546876,0.0,0.0,495.85096435546876,623.5509643554688,4559.041863348241,326.6978454589844,30.0,637.8988653120832,0.0,1,P01_GAMMA06_M016_00_A00,P01_GAMMA06_M016_00,P01,M016,2163.625,2787.15625,623.53125,0.03642129632069668,6.0
E52_12b142f00e8cb4e3948f96c2,6.642746856566561,12.991659521749298,6.642746856566561,402.5936730780369,438.4739485500421,589.9056933240425,0.22672373828986628,0.009166666666666667,0.19052343750000003,0.42641384245653297,2.1335861575434674,0.8667456742323334,430.5633056640625,0.0,0.0,430.5633056640625,558.2633056640625,4424.292699930319,284.7546081542969,30.0,612.5936730780369,0.0,1,P01_GAMMA06_M016_00_A00,P01_GAMMA06_M016_00,P01,M016,2163.625,2787.15625,623.53125,0.6427468565665606,6.0
E52_24cc4f01335372459fb4c2ba,7.662852583146076,12.909161020133865,7.662852583146076,410.2633482290822,447.7953418407359,595.3347347882426,0.23022027843265847,0.009166666666666667,0.19052343750000003,0.4299103825993251,2.1300896174006754,0.865653005437711,450.38392333984376,0.0,0.0,450.38392333984376,578.0839233398438,4465.010510911819,278.08392333984375,30.0,620.2633482290822,0.0,1,P01_GAMMA06_M016_00_A00,P01_GAMMA06_M016_00,P01,M016,2163.625,2787.15625,623.53125,1.6628525831460763,6.0
E52_2cea01313b8862fcfb6b2e63,13.741062669025283,16.460055432828085,13.741062669025283,259.5957489704318,280.08528245838755,396.2542970131293,0.148442074342722,0.009166666666666667,0.19052343750000003,0.3481321785093887,2.211867821490612,0.891208694215816,245.87440185546876,0.0,0.0,245.87440185546876,373.57440185546875,2971.90722759847,231.8917236328125,30.0,469.5957489704318,0.0,1,P01_GAMMA06_M016_00_A00,P01_GAMMA06_M016_00,P01,M016,2163.625,2787.15625,623.53125,7.741062669025283,6.0
E52_2dadfb43d7dd9558e21effa9,7.632778066270333,12.85982438864363,7.632778066270333,396.07517918576866,428.1792069974549,599.5261915014202,0.22576797164618329,0.009166666666666667,0.19052343750000003,0.42545807581285,2.1345419241871504,0.8670443513084845,385.2483337402344,0.0,0.0,385.2483337402344,512.9483337402344,4496.446436260651,248.30487060546875,30.0,606.0751791857687,0.0,1,P01_GAMMA06_M016_00_A00,P01_GAMMA06_M016_00,P01,M016,2163.625,2787.15625,623.53125,1.6327780662703333,6.0
E52_3322673a66874be8fb5ff9e0,6.398545533758224,12.93559360833251,6.398545533758224,392.2739001975914,423.9757012433271,594.3369941207687,0.2236811646950203,0.009166666666666667,0.19052343750000003,0.42337126886168697,2.1366287311383134,0.8676964784807228,380.42161254882814,0.0,0.0,380.42161254882814,508.1216125488281,4457.527455905765,308.1216125488281,30.0,602.2739001975914,0.0,1,P01_GAMMA06_M016_00_A00,P01_GAMMA06_M016_00,P01,M016,2163.625,2787.15625,623.53125,0.39854553375822377,6.0
E52_357bbbd4dc4420221c875ea3,6.669300513823501,12.241245229232817,6.669300513823501,405.4327582223269,433.1514265878055,644.5535062517828,0.23547283792056264,0.009166666666666667,0.19052343750000003,0.43516294208722933,2.1248370579127713,0.8640115805977409,332.6240203857422,0.0,0.0,332.6240203857422,460.3240203857422,4834.151296888371,255.67149353027344,30.0,615.4327582223269,0.0,1,P01_GAMMA06_M016_00_A00,P01_GAMMA06_M016_00,P01,M016,2163.625,2787.15625,623.53125,0.6693005138235009,6.0
E52_44ed69e1d99dc074a7941a18,13.73006539249505,8.900383690419545,8.900383690419545,188.27556058823757,199.0276355292369,299.7078152072368,0.1090911242968749,0.009166666666666667,0.19052343750000003,0.3087812284635416,2.251218771536459,0.9035058661051433,139.59420471191407,10.569305419921875,10.569305419921875,139.59420471191407,267.29420471191406,2247.808614054276,217.29420471191406,30.0,398.27556058823757,0.0,1,P01_GAMMA06_M016_00_A00,P01_GAMMA06_M016_00,P01,M016,2163.625,2787.15625,623.53125,2.9003836904195452,6.0
E52_4cf0fac9feb721651efb2830,10.980589096831551,17.82597875173802,10.980589096831551,242.69354898018014,267.32891198677197,337.5749199208095,0.13412057160327687,0.009166666666666667,0.19052343750000003,0.33381067576994355,2.2261893242300568,0.8956841638218926,295.6243560791016,0.0,0.0,295.6243560791016,423.32435607910156,2531.8118994060715,217.31182861328125,30.0,452.69354898018014,0.0,1,P01_GAMMA06_M016_00_A00,P01_GAMMA06_M016_00,P01,M016,2163.625,2787.15625,623.53125,4.980589096831551,6.0
E52_4d215302190bc5bfb29bf912,12.92966698570298,16.37371485667674,12.92966698570298,307.50969179304633,343.7570581260541,397.53518558804575,0.1656637075427803,0.009166666666666667,0.19052343750000003,0.365353811709447,2.1946461882905535,0.8858269338407978,434.96839599609376,0.0,0.0,434.96839599609376,562.6683959960938,2981.5138919103433,336.56707763671875,30.0,517.5096917930464,0.0,1,P01_GAMMA06_M016_00_A00,P01_GAMMA06_M016_00,P01,M016,2163.625,2787.15625,623.53125,6.92966698570298,6.0
E52_50c718ca7f326f764494c89d,7.6133134028683145,13.080943299176411,7.6133134028683145,350.85355156655817,370.1881015340061,585.6998033284289,0.20772710552759727,0.009166666666666667,0.19052343750000003,0.407417209694264,2.1525827903057366,0.8726821219705425,232.014599609375,0.0,0.0,232.014599609375,359.714599609375,4392.748524963216,275.29461669921875,30.0,560.8535515665582,0.0,1,P01_GAMMA06_M016_00_A00,P01_GAMMA06_M016_00,P01,M016,2163.625,2787.15625,623.53125,1.6133134028683145,6.0
E52_515a3b7c8d98426ee13f2b4e,11.117181326075738,17.07508762021844,11.117181326075738,242.68536134104386,262.0561394884234,369.14605379781034,0.13858886614696947,0.009166666666666667,0.19052343750000003,0.3382789703136362,2.221721029686364,0.8942878217769887,232.4493377685547,0.0,0.0,232.4493377685547,360.1493377685547,2768.5954034835777,210.1493377685547,30.0,452.68536134104386,0.0,1,P01_GAMMA06_M016_00_A00,P01_GAMMA06_M016_00,P01,M016,2163.625,2787.15625,623.53125,5.1171813260757375,6.0
E52_60b76d98beea93305f35c25d,14.444048466081128,16.79058398580294,14.444048466081128,271.8613885249859,299.0873836523459,380.3668062858116,0.15055421784231732,0.009166666666666667,0.19052343750000003,0.35024432200898403,2.2097556779910166,0.8905486493721925,326.7119415283203,0.0,0.0,326.7119415283203,454.4119415283203,2852.751047143587,241.2421875,30.0,481.8613885249859,0.0,1,P01_GAMMA06_M016_00_A00,P01_GAMMA06_M016_00,P01,M016,2163.625,2787.15625,623.53125,8.444048466081128,6.0
E52_67646c2afbeb5602853e5a9c,6.386028044269096,12.927232110573698,6.386028044269096,404.7739001975914,440.6423679099937,594.3369941207687,0.22812669469116229,0.009166666666666667,0.19052343750000003,0.427816798857829,2.1321832011421717,0.8663072503569285,430.42161254882814,0.0,0.0,430.42161254882814,558.1216125488281,4457.527455905765,308.1216125488281,30.0,614.7739001975914,0.0,1,P01_GAMMA06_M016_00_A00,P01_GAMMA06_M016_00,P01,M016,2163.625,2787.15625,623.53125,0.3860280442690964,6.0
E52_68694062ed2e2e792aeb51a9,19.649181574019522,17.695890544520793,17.695890544520793,262.3147609906027,292.8212075746684,341.5908424768108,0.1416674545099547,0.009166666666666667,0.19052343750000003,0.3413575586766214,2.218642441323379,0.8933257629135558,366.0773590087891,0.0,0.0,366.0773590087891,493.77735900878906,2561.931318576081,213.8477783203125,30.0,472.3147609906027,0.0,1,P01_GAMMA06_M016_00_A00,P01_GAMMA06_M016_00,P01,M016,2163.625,2787.15625,623.53125,11.695890544520793,6.0
E52_76b4f0bdabd1ccab126282dd,15.342940762917522,17.180198899819032,15.342940762917522,244.7670432960008,265.6078646257534,364.489158613486,0.13866967590706417,0.009166666666666667,0.19052343750000003,0.33835978007373085,2.2216402199262695,0.8942625687269591,250.08985595703126,0.0,0.0,250.08985595703126,377.78985595703125,2733.6686896011447,241.2421875,30.0,454.7670432960008,0.0,1,P01_GAMMA06_M016_00_A00,P01_GAMMA06_M016_00,P01,M016,2163.625,2787.15625,623.53125,9.342940762917522,6.0
E52_7e5f4a4eaf9aa5b10576997a,8.040931524120637,13.086620585622072,8.040931524120637,384.11958913832314,414.7999833745699,584.1568128591658,0.21933939564120059,0.009166666666666667,0.19052343750000003,0.4190294998078673,2.1409705001921333,0.8690532813100414,368.16473083496095,0.0,0.0,368.16473083496095,495.86473083496094,4381.1760964437435,247.829345703125,30.0,594.1195891383231,0.0,1,P01_GAMMA06_M016_00_A00,P01_GAMMA06_M016_00,P01,M016,2163.625,2787.15625,623.53125,2.040931524120637,6.0
E52_924cec2d58c933358893a332,6.74433101321344,12.302862284422105,6.74433101321344,416.670444788364,448.9844576972996,639.4568121231148,0.23874762537865796,0.009166666666666667,0.19052343750000003,0.4384377295453247,2.121562270454676,0.862988209517086,387.7681549072266,0.0,0.0,387.7681549072266,515.4681549072266,4795.926090923361,252.644287109375,30.0,626.670444788364,0.0,1,P01_GAMMA06_M016_00_A00,P01_GAMMA06_M016_00,P01,M016,2163.625,2787.15625,623.53125,0.74433101321344,6.0
E52_96da4f081c74d8211b4b244f,6.9749047401708,12.47027426673894,6.9749047401708,406.4445801679392,437.368205859671,627.3474061854878,0.23339590098708082,0.009166666666666667,0.19052343750000003,0.4330860051537475,2.126913994846253,0.8646606233894539,371.08350830078126,0.0,0.0,371.08350830078126,498.78350830078125,4705.105546391158,251.37640380859375,30.0,616.4445801679392,0.0,1,P01_GAMMA06_M016_00_A00,P01_GAMMA06_M016_00,P01,M016,2163.625,2787.15625,623.53125,0.9749047401707998,6.0
E52_a3836b1674b2d70f748125c1,13.845454383685947,18.388582284998307,13.845454383685947,238.77143733771516,265.74771093797557,315.68523307386783,0.1296256139323784,0.009166666666666667,0.19052343750000003,0.3293157180990451,2.2306842819009556,0.8970888380940484,323.715283203125,0.0,0.0,323.715283203125,451.415283203125,2367.639248054009,217.29420471191406,30.0,448.77143733771516,0.0,1,P01_GAMMA06_M016_00_A00,P01_GAMMA06_M016_00,P01,M016,2163.625,2787.15625,623.53125,7.845454383685947,6.0
E52_a77602565c04dca5831f9b7a,13.552208109140949,15.758600383852013,13.552208109140949,295.3505394617105,322.31471665694164,428.9160157520343,0.16578365241547813,0.009166666666666667,0.19052343750000003,0.3654737565821448,2.194526243417856,0.8857894510680797,323.57012634277345,0.0,0.0,323.57012634277345,451.27012634277344,3216.870118140257,284.58648681640625,30.0,505.3505394617105,0.0,1,P01_GAMMA06_M016_00_A00,P01_GAMMA06_M016_00,P01,M016,2163.625,2787.15625,623.53125,7.552208109140949,6.0
E52_b4122a9095172602242b40e3,6.371150944302428,12.917805218005896,6.371150944302428,417.2739001975914,457.30903457666045,594.3369941207687,0.23257222468730426,0.009166666666666667,0.19052343750000003,0.432262328853971,2.1277376711460296,0.8649180222331341,480.42161254882814,0.0,0.0,480.42161254882814,608.1216125488281,4457.527455905765,308.1216125488281,30.0,627.2739001975914,0.0,1,P01_GAMMA06_M016_00_A00,P01_GAMMA06_M016_00,P01,M016,2163.625,2787.15625,623.53125,0.37115094430242834,6.0
E52_b544b4d7beda1d6ed7fbeefb,14.661110828434872,16.252686834440453,14.661110828434872,293.91354735972715,324.49113296153376,404.3615811086144,0.16179511839250177,0.009166666666666667,0.19052343750000003,0.3614852225591685,2.198514777440832,0.8870358679502599,366.9310272216797,0.0,0.0,366.9310272216797,494.6310272216797,3032.711858314608,277.91845703125,30.0,503.91354735972715,0.0,1,P01_GAMMA06_M016_00_A00,P01_GAMMA06_M016_00,P01,M016,2163.625,2787.15625,623.53125,8.661110828434872,6.0
E52_b7c433bb400c5a28313b13f0,14.17177594504686,16.00220965111248,14.17177594504686,270.63016208552887,291.2047849391259,417.8125870494757,0.1554195344851095,0.009166666666666667,0.19052343750000003,0.3551096386517762,2.2048903613482245,0.8890282379213199,246.89547424316407,0.0,0.0,246.89547424316407,374.59547424316406,3133.594402871068,284.58648681640625,30.0,480.63016208552887,0.0,1,P01_GAMMA06_M016_00_A00,P01_GAMMA06_M016_00,P01,M016,2163.625,2787.15625,623.53125,8.17177594504686,6.0
E52_bfffb2993ede6e2e2bd9340b,7.56596827399477,13.053008949478723,7.56596827399477,400.85355156655817,436.85476820067277,585.6998033284289,0.22550922551216515,0.009166666666666667,0.19052343750000003,0.42519932967883184,2.1348006703211686,0.8671252094753651,432.014599609375,0.0,0.0,432.014599609375,559.714599609375,4392.748524963216,275.29461669921875,30.0,610.8535515665582,0.0,1,P01_GAMMA06_M016_00_A00,P01_GAMMA06_M016_00,P01,M016,2163.625,2787.15625,623.53125,1.5659682739947698,6.0
E52_c76d93c5902d0dc017f7065c,14.20621112468406,16.05706218628906,14.20621112468406,260.86241804033426,278.57034040361555,415.47730190098105,0.1516149798935124,0.009166666666666667,0.19052343750000003,0.35130508406017913,2.2086949159398213,0.890217161231194,212.495068359375,0.0,0.0,212.495068359375,340.195068359375,3116.079764257358,277.91845703125,30.0,470.86241804033426,0.0,1,P01_GAMMA06_M016_00_A00,P01_GAMMA06_M016_00,P01,M016,2163.625,2787.15625,623.53125,8.20621112468406,6.0
E52_d1d4424e0dfaa7a0ce62d445,7.583679946278053,12.872868339328704,7.583679946278053,402.0751033963921,436.37951216917855,598.3237541560654,0.22773150601213982,0.009166666666666667,0.19052343750000003,0.42742161017880653,2.132578389821194,0.866430746819123,411.6529052734375,0.0,0.0,411.6529052734375,539.3529052734375,4487.428156170491,269.83203125,30.0,612.075103396392,0.0,1,P01_GAMMA06_M016_00_A00,P01_GAMMA06_M016_00,P01,M016,2163.625,2787.15625,623.53125,1.5836799462780533,6.0
E52_d7f1f5d49edaa9f52000c452,7.680949182115924,12.917919470378578,7.680949182115924,397.7633482290822,431.12867517406926,595.3347347882426,0.22577474843651651,0.009166666666666667,0.19052343750000003,0.42546485260318323,2.134535147396817,0.8670422335615052,400.38392333984376,0.0,0.0,400.38392333984376,528.0839233398438,4465.010510911819,278.08392333984375,30.0,607.7633482290822,0.0,1,P01_GAMMA06_M016_00_A00,P01_GAMMA06_M016_00,P01,M016,2163.625,2787.15625,623.53125,1.6809491821159241,6.0
E52_dbe1bedc9b83d29f34556dbd,7.961737911249557,13.016499113861627,7.961737911249557,387.86022911882606,419.0031732004504,588.862793747906,0.22133620210273125,0.009166666666666667,0.19052343750000003,0.42102630626939797,2.1389736937306028,0.8684292792908131,373.7153289794922,0.0,0.0,373.7153289794922,501.4153289794922,4416.470953109295,232.19436645507812,30.0,597.860229118826,0.0,1,P01_GAMMA06_M016_00_A00,P01_GAMMA06_M016_00,P01,M016,2163.625,2787.15625,623.53125,1.961737911249557,6.0
E52_dc4c132291b7b9525a26c82f,14.805554823186995,16.290878065555617,14.805554823186995,256.41354735972715,274.49113296153376,404.3615811086144,0.14845852840407586,0.009166666666666667,0.19052343750000003,0.3481486325707426,2.211851367429258,0.8912035523216429,216.9310272216797,0.0,0.0,216.9310272216797,344.6310272216797,3032.711858314608,277.91845703125,30.0,466.41354735972715,0.0,1,P01_GAMMA06_M016_00_A00,P01_GAMMA06_M016_00,P01,M016,2163.625,2787.15625,623.53125,8.805554823186995,6.0
E52_eab18c460278cfbad2c20da0,20.17135398198424,7.760329046990023,7.760329046990023,212.31476099060268,226.15454090800176,341.5908424768108,0.12388533452538679,0.009166666666666667,0.19052343750000003,0.3235754386920535,2.236424561307947,0.8988826754087332,166.07735900878907,0.0,0.0,166.07735900878907,293.77735900878906,2561.931318576081,213.8477783203125,30.0,422.3147609906027,0.0,1,P01_GAMMA06_M016_00_A00,P01_GAMMA06_M016_00,P01,M016,2163.625,2787.15625,623.53125,1.760329046990023,6.0
E52_eb490529b308e18523949520,6.658424337362078,12.235001379754962,6.658424337362078,417.9327582223269,449.8180932544721,644.5535062517828,0.23991836791670462,0.009166666666666667,0.19052343750000003,0.4396084720833713,2.120391527916629,0.8626223524739465,382.6240203857422,0.0,0.0,382.6240203857422,510.3240203857422,4834.151296888371,255.67149353027344,30.0,627.9327582223269,0.0,1,P01_GAMMA06_M016_00_A00,P01_GAMMA06_M016_00,P01,M016,2163.625,2787.15625,623.53125,0.658424337362078,6.0
E52_eddf192c3626d88d236d26e4,17.398856041812508,17.034187922993553,17.034187922993553,241.72684180786888,260.473536754158,370.9735139380034,0.13850678679446915,0.009166666666666667,0.19052343750000003,0.3381968909611358,2.2218031090388646,0.894313471574645,224.96033935546876,0.0,0.0,224.96033935546876,352.66033935546875,2782.3013545350254,199.07135009765625,30.0,451.7268418078689,0.0,1,P01_GAMMA06_M016_00_A00,P01_GAMMA06_M016_00,P01,M016,2163.625,2787.15625,623.53125,11.034187922993553,6.0
E52_ede4029bd5e695a7a0c85289,7.695871181099278,12.925612211179384,7.695871181099278,385.2633482290822,414.4620085074026,595.3347347882426,0.22132921844037454,0.009166666666666667,0.19052343750000003,0.4210193226070412,2.138980677392959,0.8684314616852996,350.38392333984376,0.0,0.0,350.38392333984376,478.08392333984375,4465.010510911819,278.08392333984375,30.0,595.2633482290822,0.0,1,P01_GAMMA06_M016_00_A00,P01_GAMMA06_M016_00,P01,M016,2163.625,2787.15625,623.53125,1.6958711810992781,6.0
E52_24cc4f01335372459fb4c2ba,6.1310389492713,12.909161020133865,6.1310389492713,410.2633482290822,447.7953418407359,595.3347347882426,0.23022027843265847,0.009166666666666667,0.3566979166666667,0.5960848617659918,1.9639151382340088,0.8137234806981275,450.38392333984376,0.0,0.0,450.38392333984376,578.0839233398438,4465.010510911819,278.08392333984375,30.0,620.2633482290822,0.0,1,P01_GAMMA06_M017_00_A00,P01_GAMMA06_M017_00,P01,M017,2900.875,4068.25,1167.375,0.1310389492713,6.0
E52_2dadfb43d7dd9558e21effa9,6.345543613126054,12.85982438864363,6.345543613126054,396.07517918576866,428.1792069974549,599.5261915014202,0.22576797164618329,0.009166666666666667,0.3566979166666667,0.5916325549795167,1.9683674450204838,0.815114826568901,385.2483337402344,0.0,0.0,385.2483337402344,512.9483337402344,4496.446436260651,248.30487060546875,30.0,606.0751791857687,0.0,1,P01_GAMMA06_M017_00_A00,P01_GAMMA06_M017_00,P01,M017,2900.875,4068.25,1167.375,0.3455436131260541,6.0
E52_357bbbd4dc4420221c875ea3,7.575644866037791,12.241245229232817,7.575644866037791,405.4327582223269,433.1514265878055,644.5535062517828,0.23547283792056264,0.009166666666666667,0.3566979166666667,0.601337421253896,1.9586625787461045,0.8120820558581575,332.6240203857422,0.0,0.0,332.6240203857422,460.3240203857422,4834.151296888371,255.67149353027344,30.0,615.4327582223269,0.0,1,P01_GAMMA06_M017_00_A00,P01_GAMMA06_M017_00,P01,M017,2900.875,4068.25,1167.375,1.5756448660377913,6.0
E52_7e5f4a4eaf9aa5b10576997a,6.0680963914717125,13.086620585622072,6.0680963914717125,384.11958913832314,414.7999833745699,584.1568128591658,0.21933939564120059,0.009166666666666667,0.3566979166666667,0.585203978974534,1.9747960210254665,0.8171237565704581,368.16473083496095,0.0,0.0,368.16473083496095,495.86473083496094,4381.1760964437435,247.829345703125,30.0,594.1195891383231,0.0,1,P01_GAMMA06_M017_00_A00,P01_GAMMA06_M017_00,P01,M017,2900.875,4068.25,1167.375,0.06809639147171254,6.0
E52_924cec2d58c933358893a332,7.352343479023318,12.302862284422105,7.352343479023318,416.670444788364,448.9844576972996,639.4568121231148,0.23874762537865796,0.009166666666666667,0.3566979166666667,0.6046122087119914,1.955387791288009,0.8110586847775028,387.7681549072266,0.0,0.0,387.7681549072266,515.4681549072266,4795.926090923361,252.644287109375,30.0,626.670444788364,0.0,1,P01_GAMMA06_M017_00_A00,P01_GAMMA06_M017_00,P01,M017,2900.875,4068.25,1167.375,1.3523434790233182,6.0
E52_96da4f081c74d8211b4b244f,6.937264214523168,12.47027426673894,6.937264214523168,406.4445801679392,437.368205859671,627.3474061854878,0.23339590098708082,0.009166666666666667,0.3566979166666667,0.5992604843204142,1.9607395156795864,0.8127310986498706,371.08350830078126,0.0,0.0,371.08350830078126,498.78350830078125,4705.105546391158,251.37640380859375,30.0,616.4445801679392,0.0,1,P01_GAMMA06_M017_00_A00,P01_GAMMA06_M017_00,P01,M017,2900.875,4068.25,1167.375,0.937264214523168,6.0
E52_d7f1f5d49edaa9f52000c452,6.146184073429467,12.917919470378578,6.146184073429467,397.7633482290822,431.12867517406926,595.3347347882426,0.22577474843651651,0.009166666666666667,0.3566979166666667,0.5916393317698498,1.9683606682301507,0.8151127088219219,400.38392333984376,0.0,0.0,400.38392333984376,528.0839233398438,4465.010510911819,278.08392333984375,30.0,607.7633482290822,0.0,1,P01_GAMMA06_M017_00_A00,P01_GAMMA06_M017_00,P01,M017,2900.875,4068.25,1167.375,0.14618407342946682,6.0
E52_dbe1bedc9b83d29f34556dbd,6.244700193731603,13.016499113861627,6.244700193731603,387.86022911882606,419.0031732004504,588.862793747906,0.22133620210273125,0.009166666666666667,0.3566979166666667,0.5872007854360646,1.972799214563936,0.8164997545512298,373.7153289794922,0.0,0.0,373.7153289794922,501.4153289794922,4416.470953109295,232.19436645507812,30.0,597.860229118826,0.0,1,P01_GAMMA06_M017_00_A00,P01_GAMMA06_M017_00,P01,M017,2900.875,4068.25,1167.375,0.24470019373160312,6.0
E52_eb490529b308e18523949520,7.558875109955238,12.235001379754962,7.558875109955238,417.9327582223269,449.8180932544721,644.5535062517828,0.23991836791670462,0.009166666666666667,0.3566979166666667,0.605782951250038,1.9542170487499626,0.8106928277343631,382.6240203857422,0.0,0.0,382.6240203857422,510.3240203857422,4834.151296888371,255.67149353027344,30.0,627.9327582223269,0.0,1,P01_GAMMA06_M017_00_A00,P01_GAMMA06_M017_00,P01,M017,2900.875,4068.25,1167.375,1.5588751099552383,6.0
E52_ede4029bd5e695a7a0c85289,6.159100800556587,12.925612211179384,6.159100800556587,385.2633482290822,414.4620085074026,595.3347347882426,0.22132921844037454,0.009166666666666667,0.3566979166666667,0.587193801773708,1.9728061982262926,0.8165019369457163,350.38392333984376,0.0,0.0,350.38392333984376,478.08392333984375,4465.010510911819,278.08392333984375,30.0,595.2633482290822,0.0,1,P01_GAMMA06_M017_00_A00,P01_GAMMA06_M017_00,P01,M017,2900.875,4068.25,1167.375,0.15910080055658682,6.0
E52_060143e4033ea7dfc142ce26,6.896645375456529,13.051384290227645,6.896645375456529,390.52156568077555,422.97629514244545,586.3147545915316,0.2219218246513189,0.009166666666666667,0.17952343750000002,0.4106119288179856,2.149388071182015,0.8716837722443795,389.4567535400391,0.0,0.0,389.4567535400391,517.1567535400391,4397.360659436487,293.1027526855469,30.0,600.5215656807756,0.0,1,P01_GAMMA06_M018_00_A00,P01_GAMMA06_M018_00,P01,M018,3627.78125,4215.3125,587.53125,0.8966453754565293,6.0
E52_0f45fcab7c66cb90fa618929,6.036754196279446,12.721246579688795,6.036754196279446,427.8988653120833,469.21977900837237,607.8722484464322,0.23826781941132907,0.009166666666666667,0.17952343750000002,0.4269579235779958,2.133042076422005,0.8665756488818763,495.85096435546876,0.0,0.0,495.85096435546876,623.5509643554688,4559.041863348241,326.6978454589844,30.0,637.8988653120832,0.0,1,P01_GAMMA06_M018_00_A00,P01_GAMMA06_M018_00,P01,M018,3627.78125,4215.3125,587.53125,0.036754196279446205,6.0
E52_12b142f00e8cb4e3948f96c2,6.643130898215617,12.991659521749298,6.643130898215617,402.5936730780369,438.4739485500421,589.9056933240425,0.22672373828986628,0.009166666666666667,0.17952343750000002,0.41541384245653296,2.1445861575434675,0.8701831742323335,430.5633056640625,0.0,0.0,430.5633056640625,558.2633056640625,4424.292699930319,284.7546081542969,30.0,612.5936730780369,0.0,1,P01_GAMMA06_M018_00_A00,P01_GAMMA06_M018_00,P01,M018,3627.78125,4215.3125,587.53125,0.6431308982156168,6.0
E52_24cc4f01335372459fb4c2ba,7.663481010000382,12.909161020133865,7.663481010000382,410.2633482290822,447.7953418407359,595.3347347882426,0.23022027843265847,0.009166666666666667,0.17952343750000002,0.4189103825993251,2.1410896174006755,0.8690905054377109,450.38392333984376,0.0,0.0,450.38392333984376,578.0839233398438,4465.010510911819,278.08392333984375,30.0,620.2633482290822,0.0,1,P01_GAMMA06_M018_00_A00,P01_GAMMA06_M018_00,P01,M018,3627.78125,4215.3125,587.53125,1.6634810100003818,6.0
E52_2cea01313b8862fcfb6b2e63,13.741970274731955,16.460055432828085,13.741970274731955,259.5957489704318,280.08528245838755,396.2542970131293,0.148442074342722,0.009166666666666667,0.17952343750000002,0.3371321785093887,2.222867821490612,0.894646194215816,245.87440185546876,0.0,0.0,245.87440185546876,373.57440185546875,2971.90722759847,231.8917236328125,30.0,469.5957489704318,0.0,1,P01_GAMMA06_M018_00_A00,P01_GAMMA06_M018_00,P01,M018,3627.78125,4215.3125,587.53125,7.741970274731955,6.0
E52_2dadfb43d7dd9558e21effa9,7.633415260108592,12.85982438864363,7.633415260108592,396.07517918576866,428.1792069974549,599.5261915014202,0.22576797164618329,0.009166666666666667,0.17952343750000002,0.41445807581285,2.1455419241871505,0.8704818513084844,385.2483337402344,0.0,0.0,385.2483337402344,512.9483337402344,4496.446436260651,248.30487060546875,30.0,606.0751791857687,0.0,1,P01_GAMMA06_M018_00_A00,P01_GAMMA06_M018_00,P01,M018,3627.78125,4215.3125,587.53125,1.6334152601085918,6.0
E52_3322673a66874be8fb5ff9e0,6.398897521173154,12.93559360833251,6.398897521173154,392.2739001975914,423.9757012433271,594.3369941207687,0.2236811646950203,0.009166666666666667,0.17952343750000002,0.41237126886168696,2.1476287311383135,0.8711339784807228,380.42161254882814,0.0,0.0,380.42161254882814,508.1216125488281,4457.527455905765,308.1216125488281,30.0,602.2739001975914,0.0,1,P01_GAMMA06_M018_00_A00,P01_GAMMA06_M018_00,P01,M018,3627.78125,4215.3125,587.53125,0.39889752117315425,6.0
E52_357bbbd4dc4420221c875ea3,6.66988693791906,12.241245229232817,6.66988693791906,405.4327582223269,433.1514265878055,644.5535062517828,0.23547283792056264,0.009166666666666667,0.17952343750000002,0.4241629420872293,2.135837057912771,0.8674490805977408,332.6240203857422,0.0,0.0,332.6240203857422,460.3240203857422,4834.151296888371,255.67149353027344,30.0,615.4327582223269,0.0,1,P01_GAMMA06_M018_00_A00,P01_GAMMA06_M018_00,P01,M018,3627.78125,4215.3125,587.53125,0.6698869379190597,6.0
E52_44ed69e1d99dc074a7941a18,13.73006539249505,8.900383690419545,8.900383690419545,188.27556058823757,199.0276355292369,299.7078152072368,0.1090911242968749,0.009166666666666667,0.17952343750000002,0.2977812284635416,2.262218771536459,0.9069433661051433,139.59420471191407,10.569305419921875,10.569305419921875,139.59420471191407,267.29420471191406,2247.808614054276,217.29420471191406,30.0,398.27556058823757,0.0,1,P01_GAMMA06_M018_00_A00,P01_GAMMA06_M018_00,P01,M018,3627.78125,4215.3125,587.53125,2.9003836904195452,6.0
E52_4cf0fac9feb721651efb2830,10.980589096831551,17.82597875173802,10.980589096831551,242.69354898018014,267.32891198677197,337.5749199208095,0.13412057160327687,0.009166666666666667,0.17952343750000002,0.32281067576994354,2.237189324230057,0.8991216638218926,295.6243560791016,0.0,0.0,295.6243560791016,423.32435607910156,2531.8118994060715,217.31182861328125,30.0,452.69354898018014,0.0,1,P01_GAMMA06_M018_00_A00,P01_GAMMA06_M018_00,P01,M018,3627.78125,4215.3125,587.53125,4.980589096831551,6.0
E52_4d215302190bc5bfb29bf912,12.930373110213438,16.37371485667674,12.930373110213438,307.50969179304633,343.7570581260541,397.53518558804575,0.1656637075427803,0.009166666666666667,0.17952343750000002,0.35435381170944696,2.2056461882905536,0.8892644338407978,434.96839599609376,0.0,0.0,434.96839599609376,562.6683959960938,2981.5138919103433,336.56707763671875,30.0,517.5096917930464,0.0,1,P01_GAMMA06_M018_00_A00,P01_GAMMA06_M018_00,P01,M018,3627.78125,4215.3125,587.53125,6.930373110213438,6.0
E52_50c718ca7f326f764494c89d,7.6138821812563435,13.080943299176411,7.6138821812563435,350.85355156655817,370.1881015340061,585.6998033284289,0.20772710552759727,0.009166666666666667,0.17952343750000002,0.396417209694264,2.1635827903057363,0.8761196219705425,232.014599609375,0.0,0.0,232.014599609375,359.714599609375,4392.748524963216,275.29461669921875,30.0,560.8535515665582,0.0,1,P01_GAMMA06_M018_00_A00,P01_GAMMA06_M018_00,P01,M018,3627.78125,4215.3125,587.53125,1.6138821812563435,6.0
E52_515a3b7c8d98426ee13f2b4e,11.117181326075738,17.07508762021844,11.117181326075738,242.68536134104386,262.0561394884234,369.14605379781034,0.13858886614696947,0.009166666666666667,0.17952343750000002,0.3272789703136362,2.232721029686364,0.8977253217769887,232.4493377685547,0.0,0.0,232.4493377685547,360.1493377685547,2768.5954034835777,210.1493377685547,30.0,452.68536134104386,0.0,1,P01_GAMMA06_M018_00_A00,P01_GAMMA06_M018_00,P01,M018,3627.78125,4215.3125,587.53125,5.1171813260757375,6.0
E52_60b76d98beea93305f35c25d,14.444982178200988,16.79058398580294,14.444982178200988,271.8613885249859,299.0873836523459,380.3668062858116,0.15055421784231732,0.009166666666666667,0.17952343750000002,0.339244322008984,2.2207556779910167,0.8939861493721925,326.7119415283203,0.0,0.0,326.7119415283203,454.4119415283203,2852.751047143587,241.2421875,30.0,481.8613885249859,0.0,1,P01_GAMMA06_M018_00_A00,P01_GAMMA06_M018_00,P01,M018,3627.78125,4215.3125,587.53125,8.444982178200988,6.0
E52_67646c2afbeb5602853e5a9c,6.386379018585018,12.927232110573698,6.386379018585018,404.7739001975914,440.6423679099937,594.3369941207687,0.22812669469116229,0.009166666666666667,0.17952343750000002,0.41681679885782896,2.1431832011421714,0.8697447503569284,430.42161254882814,0.0,0.0,430.42161254882814,558.1216125488281,4457.527455905765,308.1216125488281,30.0,614.7739001975914,0.0,1,P01_GAMMA06_M018_00_A00,P01_GAMMA06_M018_00,P01,M018,3627.78125,4215.3125,587.53125,0.3863790185850178,6.0
E52_68694062ed2e2e792aeb51a9,19.65167954255824,17.695890544520793,17.695890544520793,262.3147609906027,292.8212075746684,341.5908424768108,0.1416674545099547,0.009166666666666667,0.17952343750000002,0.33035755867662137,2.2296424413233793,0.8967632629135558,366.0773590087891,0.0,0.0,366.0773590087891,493.77735900878906,2561.931318576081,213.8477783203125,30.0,472.3147609906027,0.0,1,P01_GAMMA06_M018_00_A00,P01_GAMMA06_M018_00,P01,M018,3627.78125,4215.3125,587.53125,11.695890544520793,6.0
E52_76b4f0bdabd1ccab126282dd,15.343925155706103,17.180198899819032,15.343925155706103,244.7670432960008,265.6078646257534,364.489158613486,0.13866967590706417,0.009166666666666667,0.17952343750000002,0.32735978007373084,2.2326402199262696,0.8977000687269592,250.08985595703126,0.0,0.0,250.08985595703126,377.78985595703125,2733.6686896011447,241.2421875,30.0,454.7670432960008,0.0,1,P01_GAMMA06_M018_00_A00,P01_GAMMA06_M018_00,P01,M018,3627.78125,4215.3125,587.53125,9.343925155706103,6.0
E52_7e5f4a4eaf9aa5b10576997a,8.041600978749912,13.086620585622072,8.041600978749912,384.11958913832314,414.7999833745699,584.1568128591658,0.21933939564120059,0.009166666666666667,0.17952343750000002,0.4080294998078673,2.1519705001921334,0.8724907813100415,368.16473083496095,0.0,0.0,368.16473083496095,495.86473083496094,4381.1760964437435,247.829345703125,30.0,594.1195891383231,0.0,1,P01_GAMMA06_M018_00_A00,P01_GAMMA06_M018_00,P01,M018,3627.78125,4215.3125,587.53125,2.041600978749912,6.0
E52_924cec2d58c933358893a332,6.74491697767867,12.302862284422105,6.74491697767867,416.670444788364,448.9844576972996,639.4568121231148,0.23874762537865796,0.009166666666666667,0.17952343750000002,0.42743772954532466,2.1325622704546756,0.8664257095170861,387.7681549072266,0.0,0.0,387.7681549072266,515.4681549072266,4795.926090923361,252.644287109375,30.0,626.670444788364,0.0,1,P01_GAMMA06_M018_00_A00,P01_GAMMA06_M018_00,P01,M018,3627.78125,4215.3125,587.53125,0.7449169776786704,6.0
E52_96da4f081c74d8211b4b244f,6.975497782058341,12.47027426673894,6.975497782058341,406.4445801679392,437.368205859671,627.3474061854878,0.23339590098708082,0.009166666666666667,0.17952343750000002,0.4220860051537475,2.137913994846253,0.8680981233894539,371.08350830078126,0.0,0.0,371.08350830078126,498.78350830078125,4705.105546391158,251.37640380859375,30.0,616.4445801679392,0.0,1,P01_GAMMA06_M018_00_A00,P01_GAMMA06_M018_00,P01,M018,3627.78125,4215.3125,587.53125,0.9754977820583406,6.0
E52_a3836b1674b2d70f748125c1,13.845454383685947,18.388582284998307,13.845454383685947,238.77143733771516,265.74771093797557,315.68523307386783,0.1296256139323784,0.009166666666666667,0.17952343750000002,0.3183157180990451,2.2416842819009553,0.9005263380940485,323.715283203125,0.0,0.0,323.715283203125,451.415283203125,2367.639248054009,217.29420471191406,30.0,448.77143733771516,0.0,1,P01_GAMMA06_M018_00_A00,P01_GAMMA06_M018_00,P01,M018,3627.78125,4215.3125,587.53125,7.845454383685947,6.0
E52_a77602565c04dca5831f9b7a,13.553453023357406,15.758600383852013,13.553453023357406,295.3505394617105,322.31471665694164,428.9160157520343,0.16578365241547813,0.009166666666666667,0.17952343750000002,0.3544737565821448,2.2055262434178555,0.8892269510680797,323.57012634277345,0.0,0.0,323.57012634277345,451.27012634277344,3216.870118140257,284.58648681640625,30.0,505.3505394617105,0.0,1,P01_GAMMA06_M018_00_A00,P01_GAMMA06_M018_00,P01,M018,3627.78125,4215.3125,587.53125,7.553453023357406,6.0
E52_b4122a9095172602242b40e3,6.371500718336733,12.917805218005896,6.371500718336733,417.2739001975914,457.30903457666045,594.3369941207687,0.23257222468730426,0.009166666666666667,0.17952343750000002,0.42126232885397097,2.1387376711460293,0.8683555222331341,480.42161254882814,0.0,0.0,480.42161254882814,608.1216125488281,4457.527455905765,308.1216125488281,30.0,627.2739001975914,0.0,1,P01_GAMMA06_M018_00_A00,P01_GAMMA06_M018_00,P01,M018,3627.78125,4215.3125,587.53125,0.37150071833673337,6.0
E52_b544b4d7beda1d6ed7fbeefb,14.662471750409253,16.252686834440453,14.662471750409253,293.91354735972715,324.49113296153376,404.3615811086144,0.16179511839250177,0.009166666666666667,0.17952343750000002,0.3504852225591685,2.209514777440832,0.8904733679502599,366.9310272216797,0.0,0.0,366.9310272216797,494.6310272216797,3032.711858314608,277.91845703125,30.0,503.91354735972715,0.0,1,P01_GAMMA06_M018_00_A00,P01_GAMMA06_M018_00,P01,M018,3627.78125,4215.3125,587.53125,8.662471750409253,6.0
E52_b7c433bb400c5a28313b13f0,14.1731171170469,16.00220965111248,14.1731171170469,270.63016208552887,291.2047849391259,417.8125870494757,0.1554195344851095,0.009166666666666667,0.17952343750000002,0.3441096386517762,2.215890361348224,0.8924657379213199,246.89547424316407,0.0,0.0,246.89547424316407,374.59547424316406,3133.594402871068,284.58648681640625,30.0,480.63016208552887,0.0,1,P01_GAMMA06_M018_00_A00,P01_GAMMA06_M018_00,P01,M018,3627.78125,4215.3125,587.53125,8.1731171170469,6.0
E52_bfffb2993ede6e2e2bd9340b,7.566530885054007,13.053008949478723,7.566530885054007,400.85355156655817,436.85476820067277,585.6998033284289,0.22550922551216515,0.009166666666666667,0.17952343750000002,0.41419932967883183,2.1458006703211687,0.8705627094753651,432.014599609375,0.0,0.0,432.014599609375,559.714599609375,4392.748524963216,275.29461669921875,30.0,610.8535515665582,0.0,1,P01_GAMMA06_M018_00_A00,P01_GAMMA06_M018_00,P01,M018,3627.78125,4215.3125,587.53125,1.5665308850540072,6.0
E52_c76d93c5902d0dc017f7065c,14.207532108176622,16.05706218628906,14.207532108176622,260.86241804033426,278.57034040361555,415.47730190098105,0.1516149798935124,0.009166666666666667,0.17952343750000002,0.3403050840601791,2.2196949159398214,0.893654661231194,212.495068359375,0.0,0.0,212.495068359375,340.195068359375,3116.079764257358,277.91845703125,30.0,470.86241804033426,0.0,1,P01_GAMMA06_M018_00_A00,P01_GAMMA06_M018_00,P01,M018,3627.78125,4215.3125,587.53125,8.207532108176622,6.0
E52_d1d4424e0dfaa7a0ce62d445,7.584300571866578,12.872868339328704,7.584300571866578,402.0751033963921,436.37951216917855,598.3237541560654,0.22773150601213982,0.009166666666666667,0.17952343750000002,0.4164216101788065,2.1435783898211938,0.869868246819123,411.6529052734375,0.0,0.0,411.6529052734375,539.3529052734375,4487.428156170491,269.83203125,30.0,612.075103396392,0.0,1,P01_GAMMA06_M018_00_A00,P01_GAMMA06_M018_00,P01,M018,3627.78125,4215.3125,587.53125,1.584300571866578,6.0
E52_d7f1f5d49edaa9f52000c452,7.681580233213452,12.917919470378578,7.681580233213452,397.7633482290822,431.12867517406926,595.3347347882426,0.22577474843651651,0.009166666666666667,0.17952343750000002,0.4144648526031832,2.145535147396817,0.8704797335615053,400.38392333984376,0.0,0.0,400.38392333984376,528.0839233398438,4465.010510911819,278.08392333984375,30.0,607.7633482290822,0.0,1,P01_GAMMA06_M018_00_A00,P01_GAMMA06_M018_00,P01,M018,3627.78125,4215.3125,587.53125,1.6815802332134524,6.0
E52_dbe1bedc9b83d29f34556dbd,7.962409403395355,13.016499113861627,7.962409403395355,387.86022911882606,419.0031732004504,588.862793747906,0.22133620210273125,0.009166666666666667,0.17952343750000002,0.41002630626939796,2.1499736937306024,0.8718667792908131,373.7153289794922,0.0,0.0,373.7153289794922,501.4153289794922,4416.470953109295,232.19436645507812,30.0,597.860229118826,0.0,1,P01_GAMMA06_M018_00_A00,P01_GAMMA06_M018_00,P01,M018,3627.78125,4215.3125,587.53125,1.9624094033953554,6.0
E52_dc4c132291b7b9525a26c82f,14.806961777280918,16.290878065555617,14.806961777280918,256.41354735972715,274.49113296153376,404.3615811086144,0.14845852840407586,0.009166666666666667,0.17952343750000002,0.33714863257074257,2.222851367429258,0.8946410523216429,216.9310272216797,0.0,0.0,216.9310272216797,344.6310272216797,3032.711858314608,277.91845703125,30.0,466.41354735972715,0.0,1,P01_GAMMA06_M018_00_A00,P01_GAMMA06_M018_00,P01,M018,3627.78125,4215.3125,587.53125,8.806961777280918,6.0
E52_eab18c460278cfbad2c20da0,20.174171198111026,7.760329046990023,7.760329046990023,212.31476099060268,226.15454090800176,341.5908424768108,0.12388533452538679,0.009166666666666667,0.17952343750000002,0.3125754386920535,2.247424561307947,0.9023201754087333,166.07735900878907,0.0,0.0,166.07735900878907,293.77735900878906,2561.931318576081,213.8477783203125,30.0,422.3147609906027,0.0,1,P01_GAMMA06_M018_00_A00,P01_GAMMA06_M018_00,P01,M018,3627.78125,4215.3125,587.53125,1.760329046990023,6.0
E52_eb490529b308e18523949520,6.659009294595521,12.235001379754962,6.659009294595521,417.9327582223269,449.8180932544721,644.5535062517828,0.23991836791670462,0.009166666666666667,0.17952343750000002,0.4286084720833713,2.1313915279166293,0.8660598524739465,382.6240203857422,0.0,0.0,382.6240203857422,510.3240203857422,4834.151296888371,255.67149353027344,30.0,627.9327582223269,0.0,1,P01_GAMMA06_M018_00_A00,P01_GAMMA06_M018_00,P01,M018,3627.78125,4215.3125,587.53125,0.6590092945955206,6.0
E52_eddf192c3626d88d236d26e4,17.40087055790984,17.034187922993553,17.034187922993553,241.72684180786888,260.473536754158,370.9735139380034,0.13850678679446915,0.009166666666666667,0.17952343750000002,0.3271968909611358,2.2328031090388647,0.897750971574645,224.96033935546876,0.0,0.0,224.96033935546876,352.66033935546875,2782.3013545350254,199.07135009765625,30.0,451.7268418078689,0.0,1,P01_GAMMA06_M018_00_A00,P01_GAMMA06_M018_00,P01,M018,3627.78125,4215.3125,587.53125,11.034187922993553,6.0
E52_ede4029bd5e695a7a0c85289,7.6965044043237185,12.925612211179384,7.6965044043237185,385.2633482290822,414.4620085074026,595.3347347882426,0.22132921844037454,0.009166666666666667,0.17952343750000002,0.4100193226070412,2.1499806773929593,0.8718689616852996,350.38392333984376,0.0,0.0,350.38392333984376,478.08392333984375,4465.010510911819,278.08392333984375,30.0,595.2633482290822,0.0,1,P01_GAMMA06_M018_00_A00,P01_GAMMA06_M018_00,P01,M018,3627.78125,4215.3125,587.53125,1.6965044043237185,6.0
E52_246111a1ef063bec9e89ec9e,6.759696504692187,13.03223549741864,6.759696504692187,413.11352328410356,453.07003166626504,586.4879962752384,0.22998101771643822,0.009166666666666667,0.31643142361111115,0.5555791079942161,2.0044208920057844,0.8263815287518075,479.4781005859375,0.0,0.0,479.4781005859375,607.1781005859375,4398.659972064288,469.28277587890625,30.0,623.1135232841036,0.0,1,P01_GAMMA06_M019_00_A00,P01_GAMMA06_M019_00,P01,M019,5169.25,6204.84375,1035.59375,0.7596965046921866,6.0
E52_347c51b45a583dd4c5a4aad0,8.389007974607878,10.359339260709504,8.389007974607878,545.8106765870443,594.6474365357748,798.6007934817058,0.3072138543106079,0.009166666666666667,0.31643142361111115,0.6328119445883857,1.9271880554116148,0.8022462673161295,586.0411193847656,0.0,0.0,586.0411193847656,713.7411193847656,5989.505951112793,425.30462646484375,30.0,755.8106765870443,0.0,1,P01_GAMMA06_M019_00_A00,P01_GAMMA06_M019_00,P01,M019,5169.25,6204.84375,1035.59375,2.3890079746078783,6.0
E52_6dc095df8eb6475486134b5c,6.915729524772303,12.905188948092743,6.915729524772303,424.06014837873875,466.2734748964797,594.8403376510322,0.23505698741925235,0.009166666666666667,0.31643142361111115,0.5606550776970302,1.9993449223029702,0.8247952882196781,506.55991821289064,0.0,0.0,506.55991821289064,634.2599182128906,4461.302532382741,440.2059631347656,30.0,634.0601483787387,0.0,1,P01_GAMMA06_M019_00_A00,P01_GAMMA06_M019_00,P01,M019,5169.25,6204.84375,1035.59375,0.9157295247723027,6.0
E52_06eb0baa948af7ff52881bcf,11.34921240453653,16.258674653736037,11.34921240453653,296.7597053393259,328.36499963050426,403.88764493158146,0.16274021246714285,0.009166666666666667,0.1391328125,0.3110396916338095,2.248960308366191,0.9028000963644345,379.26353149414064,0.0,0.0,379.26353149414064,506.9635314941406,3029.157336986861,306.9635314941406,30.0,506.7597053393259,0.0,1,P01_GAMMA06_M020_00_A00,P01_GAMMA06_M020_00,P01,M020,2484.75,2940.09375,455.34375,5.34921240453653,6.0
E52_0c9d91fc306062a18ada9948,10.190425106668542,15.697900697510477,10.190425106668542,331.42241999480143,370.2725110389095,429.7442937249544,0.1787296459836012,0.009166666666666667,0.1391328125,0.32702912515026783,2.2329708748497326,0.8978033983905414,466.2010925292969,0.0,0.0,466.2010925292969,593.9010925292969,3223.082202937158,326.7436828613281,30.0,541.4224199948014,0.0,1,P01_GAMMA06_M020_00_A00,P01_GAMMA06_M020_00,P01,M020,2484.75,2940.09375,455.34375,4.190425106668542,6.0
E52_214ce9a3b3bd3fa9c582335a,9.466834534918547,15.138353346483314,9.466834534918547,331.46735474952504,365.31699057309277,459.8368945576438,0.1830074384559416,0.009166666666666667,0.1391328125,0.3313069176226083,2.2286930823773923,0.8964665882429349,406.1956298828125,0.0,0.0,406.1956298828125,533.8956298828125,3448.7767091823284,283.8956298828125,30.0,541.467354749525,0.0,1,P01_GAMMA06_M020_00_A00,P01_GAMMA06_M020_00,P01,M020,2484.75,2940.09375,455.34375,3.466834534918547,6.0
E52_231de36c6439da832299e30f,11.086036405358143,16.451156269229884,11.086036405358143,336.2639482811268,383.1573412254627,391.1675388962379,0.1749881335365896,0.009166666666666667,0.1391328125,0.32328761270325623,2.2367123872967443,0.8989726210302325,562.7207153320312,0.0,0.0,562.7207153320312,690.4207153320312,2933.7565417217843,390.42071533203125,30.0,546.2639482811268,0.0,1,P01_GAMMA06_M020_00_A00,P01_GAMMA06_M020_00,P01,M020,2484.75,2940.09375,455.34375,5.0860364053581435,6.0
E52_246111a1ef063bec9e89ec9e,19.408171093962338,13.03223549741864,13.03223549741864,413.11352328410356,453.07003166626504,586.4879962752384,0.22998101771643822,0.009166666666666667,0.1391328125,0.3782804968831049,2.1817195031168954,0.8817873447240298,479.4781005859375,0.0,0.0,479.4781005859375,607.1781005859375,4398.659972064288,469.28277587890625,30.0,623.1135232841036,0.0,1,P01_GAMMA06_M020_00_A00,P01_GAMMA06_M020_00,P01,M020,2484.75,2940.09375,455.34375,7.03223549741864,6.0
E52_27bf01e9e990859ae5993708,10.242823238504869,15.932490639468014,10.242823238504869,318.6138217216496,355.0514931287134,418.60161500091635,0.17259630304263499,0.009166666666666667,0.1391328125,0.32089578220930165,2.239104217790699,0.8997200680595933,437.25205688476564,0.0,0.0,437.25205688476564,564.9520568847656,3139.5121125068727,326.2397766113281,30.0,528.6138217216496,0.0,1,P01_GAMMA06_M020_00_A00,P01_GAMMA06_M020_00,P01,M020,2484.75,2940.09375,455.34375,4.242823238504869,6.0
E52_27bf1882d0e1a812c8450c72,10.928491222917913,16.18675851321828,10.928491222917913,334.03154784809436,377.9609795090644,404.48650573036844,0.17608047258726683,0.009166666666666667,0.1391328125,0.3243799517539335,2.235620048246067,0.8986312650768957,527.1531799316406,0.0,0.0,527.1531799316406,654.8531799316406,3033.648792977763,359.1753845214844,30.0,544.0315478480943,0.0,1,P01_GAMMA06_M020_00_A00,P01_GAMMA06_M020_00,P01,M020,2484.75,2940.09375,455.34375,4.928491222917913,6.0
E52_27fdcb9bc2da20af468e67a1,9.646877129001766,15.630401191469062,9.646877129001766,333.5201066466774,372.5049327982074,433.1312563841751,0.1799553449394086,0.009166666666666667,0.1391328125,0.32825482410607526,2.2317451758939253,0.8974203674668515,467.8179138183594,0.0,0.0,467.8179138183594,595.5179138183594,3248.4844228813135,322.1230773925781,30.0,543.5201066466774,0.0,1,P01_GAMMA06_M020_00_A00,P01_GAMMA06_M020_00,P01,M020,2484.75,2940.09375,455.34375,3.6468771290017656,6.0
E52_2d7a36258a59c18fc6a856bf,9.861556805186666,16.662039037059316,9.861556805186666,318.72117968179435,361.17160743651436,382.73979283526836,0.16755561647288383,0.009166666666666667,0.1391328125,0.3158550956395505,2.24414490436045,0.9012952826126405,509.40513305664064,0.0,0.0,509.40513305664064,637.1051330566406,2870.5484462645127,346.4301452636719,30.0,528.7211796817944,0.0,1,P01_GAMMA06_M020_00_A00,P01_GAMMA06_M020_00,P01,M020,2484.75,2940.09375,455.34375,3.861556805186666,6.0
E52_347c51b45a583dd4c5a4aad0,8.817884444499668,10.359339260709504,8.817884444499668,545.8106765870443,594.6474365357748,798.6007934817058,0.3072138543106079,0.009166666666666667,0.1391328125,0.4555133334772745,2.104486666522726,0.8576520832883517,586.0411193847656,0.0,0.0,586.0411193847656,713.7411193847656,5989.505951112793,425.30462646484375,30.0,755.8106765870443,0.0,1,P01_GAMMA06_M020_00_A00,P01_GAMMA06_M020_00,P01,M020,2484.75,2940.09375,455.34375,2.8178844444996685,6.0
E52_3a94b6482baa2cfaba8a857d,10.380551441773832,16.425448776817632,10.380551441773832,326.01303055755295,369.111023518165,393.4381033514341,0.17166403726355467,0.009166666666666667,0.1391328125,0.31996351643022136,2.2400364835697792,0.9000114011155558,517.1759155273437,0.0,0.0,517.1759155273437,644.8759155273438,2950.785775135756,352.4370422363281,30.0,536.013030557553,0.0,1,P01_GAMMA06_M020_00_A00,P01_GAMMA06_M020_00,P01,M020,2484.75,2940.09375,455.34375,4.380551441773832,6.0
E52_47db2d0d55c92154c779a4c9,11.176286595238821,16.45726286038159,11.176286595238821,312.62709924858126,351.3219092257948,393.08533863388124,0.16685347284684848,0.009166666666666667,0.1391328125,0.3151529520135151,2.2448470479864855,0.9015147024957766,464.3377197265625,0.0,0.0,464.3377197265625,592.0377197265625,2948.1400397541092,295.61395263671875,30.0,522.6270992485813,0.0,1,P01_GAMMA06_M020_00_A00,P01_GAMMA06_M020_00,P01,M020,2484.75,2940.09375,455.34375,5.176286595238821,6.0
E52_6dc095df8eb6475486134b5c,18.584796348792153,12.905188948092743,12.905188948092743,424.06014837873875,466.2734748964797,594.8403376510322,0.23505698741925235,0.009166666666666667,0.1391328125,0.38335646658591904,2.1766435334140812,0.8802011041919003,506.55991821289064,0.0,0.0,506.55991821289064,634.2599182128906,4461.302532382741,440.2059631347656,30.0,634.0601483787387,0.0,1,P01_GAMMA06_M020_00_A00,P01_GAMMA06_M020_00,P01,M020,2484.75,2940.09375,455.34375,6.905188948092743,6.0
E52_82c821a5773d0bfbe554f10a,6.8867322740928785,11.397135806608844,6.8867322740928785,512.9354114719376,566.0737563002253,707.0407539741487,0.2825549862639304,0.009166666666666667,0.1391328125,0.430854465430597,2.1291455345694033,0.8653579795529385,637.6601379394531,0.0,0.0,637.6601379394531,765.3601379394531,5302.805654806116,465.3601379394531,30.0,722.9354114719376,0.0,1,P01_GAMMA06_M020_00_A00,P01_GAMMA06_M020_00,P01,M020,2484.75,2940.09375,455.34375,0.8867322740928785,6.0
E52_8ca7795ffa642a3b129c0a3d,10.116181077439208,15.730152054416479,10.116181077439208,330.94608252023,369.9122522589995,428.0951466078428,0.17832668261553564,0.009166666666666667,0.1391328125,0.3266261617822023,2.233373838217798,0.8979293244430618,467.5940368652344,0.0,0.0,467.5940368652344,595.2940368652344,3210.713599558821,335.390380859375,30.0,540.94608252023,0.0,1,P01_GAMMA06_M020_00_A00,P01_GAMMA06_M020_00,P01,M020,2484.75,2940.09375,455.34375,4.116181077439208,6.0
E52_8d375985c45fff9288668cb3,10.94719854612093,16.222123863058812,10.94719854612093,353.99602207193686,405.21742048909175,400.663653640944,0.182639281392285,0.009166666666666667,0.1391328125,0.33093876055895166,2.229061239441049,0.8965816373253276,614.6567810058593,0.0,0.0,614.6567810058593,742.3567810058594,3004.97740230708,442.3567810058594,30.0,563.9960220719369,0.0,1,P01_GAMMA06_M020_00_A00,P01_GAMMA06_M020_00,P01,M020,2484.75,2940.09375,455.34375,4.94719854612093,6.0
E52_b60e4d2a4cdcd5801a5d757f,9.6910339592972,16.480566458341656,9.6910339592972,308.26023760270465,345.626388522301,392.32356968783114,0.16519254750221457,0.009166666666666667,0.1391328125,0.3134920266688812,2.246507973331119,0.9020337416659746,448.39381103515626,0.0,0.0,448.39381103515626,576.0938110351562,2942.4267726587336,326.2397766113281,30.0,518.2602376027046,0.0,1,P01_GAMMA06_M020_00_A00,P01_GAMMA06_M020_00,P01,M020,2484.75,2940.09375,455.34375,3.691033959297201,6.0
E52_c0294c7ff44d44fc4ede8d97,9.63131941890856,16.7256600789149,9.63131941890856,316.70783025924425,358.9570632507807,379.92026256926977,0.16644027302831577,0.009166666666666667,0.1391328125,0.3147397521949824,2.2452602478050183,0.901643827439068,506.9907958984375,0.0,0.0,506.9907958984375,634.6907958984375,2849.4019692695233,334.6907958984375,30.0,526.7078302592442,0.0,1,P01_GAMMA06_M020_00_A00,P01_GAMMA06_M020_00,P01,M020,2484.75,2940.09375,455.34375,3.6313194189085607,6.0
E52_d22cbe82615c6d2ee0ebf49f,10.18232641347295,15.758568264926964,10.18232641347295,318.17309843891866,352.9726015110215,427.5491784452201,0.1737067461230003,0.009166666666666667,0.1391328125,0.32200622528966694,2.2379937747103336,0.8993730545969791,417.5940368652344,0.0,0.0,417.5940368652344,545.2940368652344,3206.618838339151,335.390380859375,30.0,528.1730984389187,0.0,1,P01_GAMMA06_M020_00_A00,P01_GAMMA06_M020_00,P01,M020,2484.75,2940.09375,455.34375,4.18232641347295,6.0
E52_d6d1511afdebb88632549a71,11.95681392735753,16.177909036830457,11.95681392735753,342.76879390848103,389.67749650450963,404.08537224079015,0.1791309979165653,0.009166666666666667,0.1391328125,0.327430477083232,2.2325695229167684,0.89767797591149,562.9044311523437,0.0,0.0,562.9044311523437,690.6044311523438,3030.640291805926,390.60443115234375,30.0,552.768793908481,0.0,1,P01_GAMMA06_M020_00_A00,P01_GAMMA06_M020_00,P01,M020,2484.75,2940.09375,455.34375,5.95681392735753,6.0
E52_dbec4f1422e98765afb262aa,10.873853311460351,16.38523852602286,10.873853311460351,322.5402116809159,364.1002534899979,395.72017250733956,0.1707521496628321,0.009166666666666667,0.1391328125,0.3190516288294988,2.240948371170502,0.9002963659907817,498.7205017089844,0.0,0.0,498.7205017089844,626.4205017089844,2967.901293805047,326.4205017089844,30.0,532.540211680916,0.0,1,P01_GAMMA06_M020_00_A00,P01_GAMMA06_M020_00,P01,M020,2484.75,2940.09375,455.34375,4.873853311460351,6.0
E52_de2c36302e014a6d0284c896,10.188846349369086,15.994052628622484,10.188846349369086,325.41177480357015,364.7238282296769,414.95122905049965,0.1744969638873427,0.009166666666666667,0.1391328125,0.32279644305400934,2.237203556945991,0.899126111545622,471.74464111328126,0.0,0.0,471.74464111328126,599.4446411132812,3112.134217878747,325.15069580078125,30.0,535.4117748035701,0.0,1,P01_GAMMA06_M020_00_A00,P01_GAMMA06_M020_00,P01,M020,2484.75,2940.09375,455.34375,4.188846349369086,6.0
E52_2e64690809088e2a96fb2160,14.803914714929519,9.500767968691491,9.500767968691491,523.7789293194231,550.945126524013,884.5606754113072,0.31155234822715455,0.009166666666666667,0.23603211805555557,0.5567511329493768,2.0032488670506234,0.8260152709533197,325.99436645507814,0.0,0.0,325.99436645507814,453.6943664550781,6634.205065584804,329.6845703125,30.0,733.7789293194231,0.0,1,P01_GAMMA06_M021_00_A00,P01_GAMMA06_M021_00,P01,M021,5312.65625,6085.125,772.46875,3.500767968691491,6.0
E52_413d3eff5d481ef66f8d3068,14.7340595021183,9.493762996477216,9.493762996477216,548.7789293194231,584.2784598573463,884.5606754113072,0.3204434082194385,0.009166666666666667,0.23603211805555557,0.5656421929416607,1.9943578070583396,0.8232368147057311,425.99436645507814,0.0,0.0,425.99436645507814,553.6943664550781,6634.205065584804,329.6845703125,30.0,758.7789293194231,0.0,1,P01_GAMMA06_M021_00_A00,P01_GAMMA06_M021_00,P01,M021,5312.65625,6085.125,772.46875,3.4937629964772157,6.0
E52_88c1c7aba1fcf94c58dad20e,14.777134584279281,9.497510042154289,9.497510042154289,536.2789293194231,567.6117931906797,884.5606754113072,0.3159978782232965,0.009166666666666667,0.23603211805555557,0.5611966629455187,1.9988033370544818,0.8246260428295253,375.99436645507814,0.0,0.0,375.99436645507814,503.6943664550781,6634.205065584804,329.6845703125,30.0,746.2789293194231,0.0,1,P01_GAMMA06_M021_00_A00,P01_GAMMA06_M021_00,P01,M021,5312.65625,6085.125,772.46875,3.497510042154289,6.0
E52_06eb0baa948af7ff52881bcf,7.336535169768808,16.258674653736037,7.336535169768808,296.7597053393259,328.36499963050426,403.88764493158146,0.16274021246714285,0.009166666666666667,0.002301215277777778,0.17420809441158727,2.3857919055884134,0.945559970496379,379.26353149414064,0.0,0.0,379.26353149414064,506.9635314941406,3029.157336986861,306.9635314941406,30.0,506.7597053393259,0.0,1,P01_GAMMA06_M022_00_A00,P01_GAMMA06_M022_00,P01,M022,7332.625,7340.15625,7.53125,1.3365351697688084,6.0
E52_0c9d91fc306062a18ada9948,9.041988128034234,15.697900697510477,9.041988128034234,331.42241999480143,370.2725110389095,429.7442937249544,0.1787296459836012,0.009166666666666667,0.002301215277777778,0.19019752792804562,2.369802472071955,0.9405632725224857,466.2010925292969,0.0,0.0,466.2010925292969,593.9010925292969,3223.082202937158,326.7436828613281,30.0,541.4224199948014,0.0,1,P01_GAMMA06_M022_00_A00,P01_GAMMA06_M022_00,P01,M022,7332.625,7340.15625,7.53125,3.041988128034234,6.0
E52_1eac4bbcd37cec5d48241661,8.875096977550953,6.04580255430777,6.04580255430777,275.66392246828667,298.30930922772677,415.4555243799327,0.1568759382441215,0.009166666666666667,0.002301215277777778,0.16834382018856592,2.3916561798114344,0.9473925561910732,271.74464111328126,0.0,0.0,271.74464111328126,399.44464111328125,3115.9164328494953,326.2397766113281,30.0,485.66392246828667,0.0,1,P01_GAMMA06_M022_00_A00,P01_GAMMA06_M022_00,P01,M022,7332.625,7340.15625,7.53125,0.04580255430776958,6.0
E52_1ef47ef68c1879e18ddbb164,6.653147496548115,9.684707827919368,6.653147496548115,525.9457118932837,556.9823492630754,865.6715995678175,0.30964781577290457,0.009166666666666667,0.002301215277777778,0.321115697717349,2.2388843022826515,0.8996513444633285,372.4396484375,0.0,0.0,372.4396484375,500.1396484375,6492.536996758631,304.7821350097656,30.0,735.9457118932837,0.0,1,P01_GAMMA06_M022_00_A00,P01_GAMMA06_M022_00,P01,M022,7332.625,7340.15625,7.53125,0.6531474965481152,6.0
E52_214ce9a3b3bd3fa9c582335a,10.232983369983728,15.138353346483314,10.232983369983728,331.46735474952504,365.31699057309277,459.8368945576438,0.1830074384559416,0.009166666666666667,0.002301215277777778,0.19447532040038604,2.3655246795996145,0.9392264623748794,406.1956298828125,0.0,0.0,406.1956298828125,533.8956298828125,3448.7767091823284,283.8956298828125,30.0,541.467354749525,0.0,1,P01_GAMMA06_M022_00_A00,P01_GAMMA06_M022_00,P01,M022,7332.625,7340.15625,7.53125,4.232983369983728,6.0
E52_24cc4f01335372459fb4c2ba,12.865152991727996,12.909161020133865,12.865152991727996,410.2633482290822,447.7953418407359,595.3347347882426,0.23022027843265847,0.009166666666666667,0.002301215277777778,0.2416881603771029,2.3183118396228974,0.9244724498821554,450.38392333984376,0.0,0.0,450.38392333984376,578.0839233398438,4465.010510911819,278.08392333984375,30.0,620.2633482290822,0.0,1,P01_GAMMA06_M022_00_A00,P01_GAMMA06_M022_00,P01,M022,7332.625,7340.15625,7.53125,6.865152991727996,6.0
E52_27bf01e9e990859ae5993708,8.816681621554025,15.932490639468014,8.816681621554025,318.6138217216496,355.0514931287134,418.60161500091635,0.17259630304263499,0.009166666666666667,0.002301215277777778,0.1840641849870794,2.3759358150129213,0.9424799421915377,437.25205688476564,0.0,0.0,437.25205688476564,564.9520568847656,3139.5121125068727,326.2397766113281,30.0,528.6138217216496,0.0,1,P01_GAMMA06_M022_00_A00,P01_GAMMA06_M022_00,P01,M022,7332.625,7340.15625,7.53125,2.816681621554025,6.0
E52_27bf1882d0e1a812c8450c72,7.665804979237379,16.18675851321828,7.665804979237379,334.03154784809436,377.9609795090644,404.48650573036844,0.17608047258726683,0.009166666666666667,0.002301215277777778,0.18754835453171126,2.3724516454682893,0.9413911392088402,527.1531799316406,0.0,0.0,527.1531799316406,654.8531799316406,3033.648792977763,359.1753845214844,30.0,544.0315478480943,0.0,1,P01_GAMMA06_M022_00_A00,P01_GAMMA06_M022_00,P01,M022,7332.625,7340.15625,7.53125,1.6658049792373788,6.0
E52_27fdcb9bc2da20af468e67a1,9.67241829949974,15.630401191469062,9.67241829949974,333.5201066466774,372.5049327982074,433.1312563841751,0.1799553449394086,0.009166666666666667,0.002301215277777778,0.19142322688385302,2.3685767731161476,0.940180241598796,467.8179138183594,0.0,0.0,467.8179138183594,595.5179138183594,3248.4844228813135,322.1230773925781,30.0,543.5201066466774,0.0,1,P01_GAMMA06_M022_00_A00,P01_GAMMA06_M022_00,P01,M022,7332.625,7340.15625,7.53125,3.672418299499739,6.0
E52_2cea01313b8862fcfb6b2e63,16.104954111759938,16.460055432828085,16.104954111759938,259.5957489704318,280.08528245838755,396.2542970131293,0.148442074342722,0.009166666666666667,0.002301215277777778,0.15990995628716642,2.400090043712834,0.9500281386602605,245.87440185546876,0.0,0.0,245.87440185546876,373.57440185546875,2971.90722759847,231.8917236328125,30.0,469.5957489704318,0.0,1,P01_GAMMA06_M022_00_A00,P01_GAMMA06_M022_00,P01,M022,7332.625,7340.15625,7.53125,10.104954111759938,6.0
E52_2d7a36258a59c18fc6a856bf,8.2937133659088,16.662039037059316,8.2937133659088,318.72117968179435,361.17160743651436,382.73979283526836,0.16755561647288383,0.009166666666666667,0.002301215277777778,0.17902349841732826,2.3809765015826723,0.944055156744585,509.40513305664064,0.0,0.0,509.40513305664064,637.1051330566406,2870.5484462645127,346.4301452636719,30.0,528.7211796817944,0.0,1,P01_GAMMA06_M022_00_A00,P01_GAMMA06_M022_00,P01,M022,7332.625,7340.15625,7.53125,2.2937133659088005,6.0
E52_2dadfb43d7dd9558e21effa9,12.292768337269692,12.85982438864363,12.292768337269692,396.07517918576866,428.1792069974549,599.5261915014202,0.22576797164618329,0.009166666666666667,0.002301215277777778,0.2372358535906277,2.322764146409373,0.9258637957529289,385.2483337402344,0.0,0.0,385.2483337402344,512.9483337402344,4496.446436260651,248.30487060546875,30.0,606.0751791857687,0.0,1,P01_GAMMA06_M022_00_A00,P01_GAMMA06_M022_00,P01,M022,7332.625,7340.15625,7.53125,6.292768337269692,6.0
E52_2e64690809088e2a96fb2160,6.354272392811879,9.500767968691491,6.354272392811879,523.7789293194231,550.945126524013,884.5606754113072,0.31155234822715455,0.009166666666666667,0.002301215277777778,0.323020230171599,2.2369797698284017,0.8990561780713753,325.99436645507814,0.0,0.0,325.99436645507814,453.6943664550781,6634.205065584804,329.6845703125,30.0,733.7789293194231,0.0,1,P01_GAMMA06_M022_00_A00,P01_GAMMA06_M022_00,P01,M022,7332.625,7340.15625,7.53125,0.35427239281187894,6.0
E52_326bd9096774308657b14836,8.569282936889422,6.820761438549596,6.820761438549596,254.20783025924425,275.6237299174474,379.92026256926977,0.1442126230476059,0.009166666666666667,0.002301215277777778,0.15568050499205033,2.4043194950079503,0.9513498421899843,256.9907958984375,0.0,0.0,256.9907958984375,384.6907958984375,2849.4019692695233,334.6907958984375,30.0,464.20783025924425,0.0,1,P01_GAMMA06_M022_00_A00,P01_GAMMA06_M022_00,P01,M022,7332.625,7340.15625,7.53125,0.8207614385495958,6.0
E52_357bbbd4dc4420221c875ea3,10.16922013734792,12.241245229232817,10.16922013734792,405.4327582223269,433.1514265878055,644.5535062517828,0.23547283792056264,0.009166666666666667,0.002301215277777778,0.24694071986500707,2.3130592801349934,0.9228310250421853,332.6240203857422,0.0,0.0,332.6240203857422,460.3240203857422,4834.151296888371,255.67149353027344,30.0,615.4327582223269,0.0,1,P01_GAMMA06_M022_00_A00,P01_GAMMA06_M022_00,P01,M022,7332.625,7340.15625,7.53125,4.169220137347921,6.0
E52_3a94b6482baa2cfaba8a857d,7.978938808273142,16.425448776817632,7.978938808273142,326.01303055755295,369.111023518165,393.4381033514341,0.17166403726355467,0.009166666666666667,0.002301215277777778,0.1831319192079991,2.3768680807920015,0.9427712752475003,517.1759155273437,0.0,0.0,517.1759155273437,644.8759155273438,2950.785775135756,352.4370422363281,30.0,536.013030557553,0.0,1,P01_GAMMA06_M022_00_A00,P01_GAMMA06_M022_00,P01,M022,7332.625,7340.15625,7.53125,1.978938808273142,6.0
E52_413d3eff5d481ef66f8d3068,6.337387908742016,9.493762996477216,6.337387908742016,548.7789293194231,584.2784598573463,884.5606754113072,0.3204434082194385,0.009166666666666667,0.002301215277777778,0.33191129016388293,2.2280887098361175,0.8962777218237866,425.99436645507814,0.0,0.0,425.99436645507814,553.6943664550781,6634.205065584804,329.6845703125,30.0,758.7789293194231,0.0,1,P01_GAMMA06_M022_00_A00,P01_GAMMA06_M022_00,P01,M022,7332.625,7340.15625,7.53125,0.3373879087420164,6.0
E52_437c6a333219b14c3939f26c,8.832944371103011,6.0194831627628105,6.0194831627628105,277.09771274073506,296.211315442558,417.14117438283733,0.1570562493971614,0.009166666666666667,0.002301215277777778,0.16852413134160582,2.391475868658395,0.9473362089557482,248.53977661132814,19.176544189453125,19.176544189453125,248.53977661132814,376.2397766113281,3128.55880787128,326.2397766113281,30.0,487.09771274073506,0.0,1,P01_GAMMA06_M022_00_A00,P01_GAMMA06_M022_00,P01,M022,7332.625,7340.15625,7.53125,0.01948316276281048,6.0
E52_44ed69e1d99dc074a7941a18,11.959290496816479,8.900383690419545,8.900383690419545,188.27556058823757,199.0276355292369,299.7078152072368,0.1090911242968749,0.009166666666666667,0.002301215277777778,0.12055900624131935,2.439440993758681,0.9623253105495877,139.59420471191407,10.569305419921875,10.569305419921875,139.59420471191407,267.29420471191406,2247.808614054276,217.29420471191406,30.0,398.27556058823757,0.0,1,P01_GAMMA06_M022_00_A00,P01_GAMMA06_M022_00,P01,M022,7332.625,7340.15625,7.53125,2.9003836904195452,6.0
E52_47db2d0d55c92154c779a4c9,7.066115527253302,16.45726286038159,7.066115527253302,312.62709924858126,351.3219092257948,393.08533863388124,0.16685347284684848,0.009166666666666667,0.002301215277777778,0.1783213547912929,2.3816786452087078,0.944274576627721,464.3377197265625,0.0,0.0,464.3377197265625,592.0377197265625,2948.1400397541092,295.61395263671875,30.0,522.6270992485813,0.0,1,P01_GAMMA06_M022_00_A00,P01_GAMMA06_M022_00,P01,M022,7332.625,7340.15625,7.53125,1.0661155272533023,6.0
E52_4cf0fac9feb721651efb2830,13.38133818154759,17.82597875173802,13.38133818154759,242.69354898018014,267.32891198677197,337.5749199208095,0.13412057160327687,0.009166666666666667,0.002301215277777778,0.1455884535477213,2.4144115464522793,0.9545036082663371,295.6243560791016,0.0,0.0,295.6243560791016,423.32435607910156,2531.8118994060715,217.31182861328125,30.0,452.69354898018014,0.0,1,P01_GAMMA06_M022_00_A00,P01_GAMMA06_M022_00,P01,M022,7332.625,7340.15625,7.53125,7.381338181547591,6.0
E52_4d215302190bc5bfb29bf912,6.561299891281408,16.37371485667674,6.561299891281408,307.50969179304633,343.7570581260541,397.53518558804575,0.1656637075427803,0.009166666666666667,0.002301215277777778,0.1771315894872247,2.382868410512776,0.9446463782852423,434.96839599609376,0.0,0.0,434.96839599609376,562.6683959960938,2981.5138919103433,336.56707763671875,30.0,517.5096917930464,0.0,1,P01_GAMMA06_M022_00_A00,P01_GAMMA06_M022_00,P01,M022,7332.625,7340.15625,7.53125,0.5612998912814078,6.0
E52_50c718ca7f326f764494c89d,16.240881247145083,13.080943299176411,13.080943299176411,350.85355156655817,370.1881015340061,585.6998033284289,0.20772710552759727,0.009166666666666667,0.002301215277777778,0.2191949874720417,2.3408050125279587,0.9315015664149869,232.014599609375,0.0,0.0,232.014599609375,359.714599609375,4392.748524963216,275.29461669921875,30.0,560.8535515665582,0.0,1,P01_GAMMA06_M022_00_A00,P01_GAMMA06_M022_00,P01,M022,7332.625,7340.15625,7.53125,7.080943299176411,6.0
E52_515a3b7c8d98426ee13f2b4e,15.060087739215959,17.07508762021844,15.060087739215959,242.68536134104386,262.0561394884234,369.14605379781034,0.13858886614696947,0.009166666666666667,0.002301215277777778,0.1500567480914139,2.4099432519085866,0.9531072662214332,232.4493377685547,0.0,0.0,232.4493377685547,360.1493377685547,2768.5954034835777,210.1493377685547,30.0,452.68536134104386,0.0,1,P01_GAMMA06_M022_00_A00,P01_GAMMA06_M022_00,P01,M022,7332.625,7340.15625,7.53125,9.060087739215959,6.0
E52_60b76d98beea93305f35c25d,15.165397823602547,16.79058398580294,15.165397823602547,271.8613885249859,299.0873836523459,380.3668062858116,0.15055421784231732,0.009166666666666667,0.002301215277777778,0.16202209978676174,2.3979779002132386,0.949368093816637,326.7119415283203,0.0,0.0,326.7119415283203,454.4119415283203,2852.751047143587,241.2421875,30.0,481.8613885249859,0.0,1,P01_GAMMA06_M022_00_A00,P01_GAMMA06_M022_00,P01,M022,7332.625,7340.15625,7.53125,9.165397823602547,6.0
E52_68694062ed2e2e792aeb51a9,10.350472252252587,17.695890544520793,10.350472252252587,262.3147609906027,292.8212075746684,341.5908424768108,0.1416674545099547,0.009166666666666667,0.002301215277777778,0.1531353364543991,2.4068646635456012,0.9521452073580002,366.0773590087891,0.0,0.0,366.0773590087891,493.77735900878906,2561.931318576081,213.8477783203125,30.0,472.3147609906027,0.0,1,P01_GAMMA06_M022_00_A00,P01_GAMMA06_M022_00,P01,M022,7332.625,7340.15625,7.53125,4.350472252252587,6.0
E52_6aa461eda22a4c53e6730e81,8.350985608069237,6.478254834226846,6.478254834226846,265.8104536255181,288.3542041341444,395.1560268799425,0.15046620221455187,0.009166666666666667,0.002301215277777778,0.1619340841589963,2.3980659158410043,0.9493955987003136,271.555615234375,1.030609130859375,1.030609130859375,271.555615234375,399.255615234375,2963.670201599569,349.255615234375,30.0,475.8104536255181,0.0,1,P01_GAMMA06_M022_00_A00,P01_GAMMA06_M022_00,P01,M022,7332.625,7340.15625,7.53125,0.47825483422684556,6.0
E52_74b3fb0a4920873efc33101b,7.103516053726395,6.525083879148042,6.525083879148042,262.62709924858126,284.6552425591281,393.08533863388124,0.14907135286228057,0.009166666666666667,0.002301215277777778,0.160539234806725,2.3994607651932753,0.9498314891228985,264.3377197265625,0.0,0.0,264.3377197265625,392.0377197265625,2948.1400397541092,295.61395263671875,30.0,472.62709924858126,0.0,1,P01_GAMMA06_M022_00_A00,P01_GAMMA06_M022_00,P01,M022,7332.625,7340.15625,7.53125,0.5250838791480419,6.0
E52_76b4f0bdabd1ccab126282dd,14.390673615710696,17.180198899819032,14.390673615710696,244.7670432960008,265.6078646257534,364.489158613486,0.13866967590706417,0.009166666666666667,0.002301215277777778,0.1501375578515086,2.409862442148492,0.9530820131714036,250.08985595703126,0.0,0.0,250.08985595703126,377.78985595703125,2733.6686896011447,241.2421875,30.0,454.7670432960008,0.0,1,P01_GAMMA06_M022_00_A00,P01_GAMMA06_M022_00,P01,M022,7332.625,7340.15625,7.53125,8.390673615710696,6.0
E52_7e5f4a4eaf9aa5b10576997a,12.570752475043037,13.086620585622072,12.570752475043037,384.11958913832314,414.7999833745699,584.1568128591658,0.21933939564120059,0.009166666666666667,0.002301215277777778,0.230807277585645,2.3291927224143554,0.927872725754486,368.16473083496095,0.0,0.0,368.16473083496095,495.86473083496094,4381.1760964437435,247.829345703125,30.0,594.1195891383231,0.0,1,P01_GAMMA06_M022_00_A00,P01_GAMMA06_M022_00,P01,M022,7332.625,7340.15625,7.53125,6.570752475043037,6.0
E52_82c821a5773d0bfbe554f10a,7.689530257880605,11.397135806608844,7.689530257880605,512.9354114719376,566.0737563002253,707.0407539741487,0.2825549862639304,0.009166666666666667,0.002301215277777778,0.2940228682083748,2.2659771317916255,0.9081178536848828,637.6601379394531,0.0,0.0,637.6601379394531,765.3601379394531,5302.805654806116,465.3601379394531,30.0,722.9354114719376,0.0,1,P01_GAMMA06_M022_00_A00,P01_GAMMA06_M022_00,P01,M022,7332.625,7340.15625,7.53125,1.6895302578806053,6.0
E52_831cee7e7a3a549796e42b18,7.0896376368459215,10.042846261792022,7.0896376368459215,524.445203057942,560.9167693217765,830.061008532876,0.3040708837654974,0.009166666666666667,0.002301215277777778,0.3155387657099418,2.2444612342900587,0.9013941357156432,437.65879516601564,0.0,0.0,437.65879516601564,565.3587951660156,6225.457563996571,359.5916748046875,30.0,734.445203057942,0.0,1,P01_GAMMA06_M022_00_A00,P01_GAMMA06_M022_00,P01,M022,7332.625,7340.15625,7.53125,1.0896376368459215,6.0
E52_88c1c7aba1fcf94c58dad20e,6.347012607452768,9.497510042154289,6.347012607452768,536.2789293194231,567.6117931906797,884.5606754113072,0.3159978782232965,0.009166666666666667,0.002301215277777778,0.3274657601677409,2.2325342398322596,0.897666949947581,375.99436645507814,0.0,0.0,375.99436645507814,503.6943664550781,6634.205065584804,329.6845703125,30.0,746.2789293194231,0.0,1,P01_GAMMA06_M022_00_A00,P01_GAMMA06_M022_00,P01,M022,7332.625,7340.15625,7.53125,0.3470126074527684,6.0
E52_8ca7795ffa642a3b129c0a3d,9.090061678249526,15.730152054416479,9.090061678249526,330.94608252023,369.9122522589995,428.0951466078428,0.17832668261553564,0.009166666666666667,0.002301215277777778,0.18979456455998006,2.3702054354400204,0.9406891985750062,467.5940368652344,0.0,0.0,467.5940368652344,595.2940368652344,3210.713599558821,335.390380859375,30.0,540.94608252023,0.0,1,P01_GAMMA06_M022_00_A00,P01_GAMMA06_M022_00,P01,M022,7332.625,7340.15625,7.53125,3.0900616782495263,6.0
E52_9026ce0d2a5dd9a75ef73c8e,7.290368054269635,6.720084116703532,6.720084116703532,248.61637070099954,267.37077642202814,384.70630707582717,0.14290187810434732,0.009166666666666667,0.002301215277777778,0.15436976004879174,2.4056302399512086,0.9517594499847526,225.05286865234376,0.0,0.0,225.05286865234376,352.75286865234375,2885.297303068704,302.75286865234375,30.0,458.61637070099954,0.0,1,P01_GAMMA06_M022_00_A00,P01_GAMMA06_M022_00,P01,M022,7332.625,7340.15625,7.53125,0.7200841167035321,6.0
E52_924cec2d58c933358893a332,10.633617508835329,12.302862284422105,10.633617508835329,416.670444788364,448.9844576972996,639.4568121231148,0.23874762537865796,0.009166666666666667,0.002301215277777778,0.2502155073231024,2.309784492676898,0.9218076539615305,387.7681549072266,0.0,0.0,387.7681549072266,515.4681549072266,4795.926090923361,252.644287109375,30.0,626.670444788364,0.0,1,P01_GAMMA06_M022_00_A00,P01_GAMMA06_M022_00,P01,M022,7332.625,7340.15625,7.53125,4.633617508835329,6.0
E52_96da4f081c74d8211b4b244f,11.51178388412859,12.47027426673894,11.51178388412859,406.4445801679392,437.368205859671,627.3474061854878,0.23339590098708082,0.009166666666666667,0.002301215277777778,0.24486378293152525,2.315136217068475,0.9234800678338984,371.08350830078126,0.0,0.0,371.08350830078126,498.78350830078125,4705.105546391158,251.37640380859375,30.0,616.4445801679392,0.0,1,P01_GAMMA06_M022_00_A00,P01_GAMMA06_M022_00,P01,M022,7332.625,7340.15625,7.53125,5.51178388412859,6.0
E52_a3836b1674b2d70f748125c1,12.610887033910714,18.388582284998307,12.610887033910714,238.77143733771516,265.74771093797557,315.68523307386783,0.1296256139323784,0.009166666666666667,0.002301215277777778,0.14109349587682282,2.4189065041231776,0.9559082825384929,323.715283203125,0.0,0.0,323.715283203125,451.415283203125,2367.639248054009,217.29420471191406,30.0,448.77143733771516,0.0,1,P01_GAMMA06_M022_00_A00,P01_GAMMA06_M022_00,P01,M022,7332.625,7340.15625,7.53125,6.610887033910714,6.0
E52_a77602565c04dca5831f9b7a,9.269915676461352,15.758600383852013,9.269915676461352,295.3505394617105,322.31471665694164,428.9160157520343,0.16578365241547813,0.009166666666666667,0.002301215277777778,0.17725153435992255,2.382748465640078,0.9446088955125242,323.57012634277345,0.0,0.0,323.57012634277345,451.27012634277344,3216.870118140257,284.58648681640625,30.0,505.3505394617105,0.0,1,P01_GAMMA06_M022_00_A00,P01_GAMMA06_M022_00,P01,M022,7332.625,7340.15625,7.53125,3.269915676461352,6.0
E52_afb1e3673ff3adbe9c45b8fc,7.026154711499402,6.956106286850726,6.956106286850726,250.21040235058808,271.27175132926646,374.0527108291059,0.1419599864782851,0.009166666666666667,0.002301215277777778,0.1534278684227295,2.406572131577271,0.952053791117897,252.73618774414064,0.0,0.0,252.73618774414064,380.4361877441406,2805.395331218294,291.6474609375,30.0,460.2104023505881,0.0,1,P01_GAMMA06_M022_00_A00,P01_GAMMA06_M022_00,P01,M022,7332.625,7340.15625,7.53125,0.9561062868507264,6.0
E52_b544b4d7beda1d6ed7fbeefb,9.02058392645965,16.252686834440453,9.02058392645965,293.91354735972715,324.49113296153376,404.3615811086144,0.16179511839250177,0.009166666666666667,0.002301215277777778,0.1732630003369462,2.3867369996630545,0.9458553123947043,366.9310272216797,0.0,0.0,366.9310272216797,494.6310272216797,3032.711858314608,277.91845703125,30.0,503.91354735972715,0.0,1,P01_GAMMA06_M022_00_A00,P01_GAMMA06_M022_00,P01,M022,7332.625,7340.15625,7.53125,3.0205839264596506,6.0
E52_b60e4d2a4cdcd5801a5d757f,8.827066640803807,16.480566458341656,8.827066640803807,308.26023760270465,345.626388522301,392.32356968783114,0.16519254750221457,0.009166666666666667,0.002301215277777778,0.176660429446659,2.3833395705533413,0.9447936157979191,448.39381103515626,0.0,0.0,448.39381103515626,576.0938110351562,2942.4267726587336,326.2397766113281,30.0,518.2602376027046,0.0,1,P01_GAMMA06_M022_00_A00,P01_GAMMA06_M022_00,P01,M022,7332.625,7340.15625,7.53125,2.8270666408038068,6.0
E52_b7c433bb400c5a28313b13f0,9.309086848022815,16.00220965111248,9.309086848022815,270.63016208552887,291.2047849391259,417.8125870494757,0.1554195344851095,0.009166666666666667,0.002301215277777778,0.16688741642955393,2.3931125835704465,0.9478476823657644,246.89547424316407,0.0,0.0,246.89547424316407,374.59547424316406,3133.594402871068,284.58648681640625,30.0,480.63016208552887,0.0,1,P01_GAMMA06_M022_00_A00,P01_GAMMA06_M022_00,P01,M022,7332.625,7340.15625,7.53125,3.3090868480228153,6.0
E52_be69bdf55826f2eb34075d09,10.988052426358166,12.029424972929434,10.988052426358166,457.6877788138426,500.48965717077624,658.5642874860837,0.25604119113741575,0.009166666666666667,0.002301215277777778,0.26750907308186017,2.2924909269181404,0.9164034146619187,513.6225402832031,0.0,0.0,513.6225402832031,641.3225402832031,4939.232156145627,341.3225402832031,30.0,667.6877788138427,0.0,1,P01_GAMMA06_M022_00_A00,P01_GAMMA06_M022_00,P01,M022,7332.625,7340.15625,7.53125,4.988052426358166,6.0
E52_bfffb2993ede6e2e2bd9340b,15.999841089992742,13.053008949478723,13.053008949478723,400.85355156655817,436.85476820067277,585.6998033284289,0.22550922551216515,0.009166666666666667,0.002301215277777778,0.23697710745660958,2.323022892543391,0.9259446539198095,432.014599609375,0.0,0.0,432.014599609375,559.714599609375,4392.748524963216,275.29461669921875,30.0,610.8535515665582,0.0,1,P01_GAMMA06_M022_00_A00,P01_GAMMA06_M022_00,P01,M022,7332.625,7340.15625,7.53125,7.053008949478723,6.0
E52_c0294c7ff44d44fc4ede8d97,8.497071765882126,16.7256600789149,8.497071765882126,316.70783025924425,358.9570632507807,379.92026256926977,0.16644027302831577,0.009166666666666667,0.002301215277777778,0.1779081549727602,2.38209184502724,0.9444037015710125,506.9907958984375,0.0,0.0,506.9907958984375,634.6907958984375,2849.4019692695233,334.6907958984375,30.0,526.7078302592442,0.0,1,P01_GAMMA06_M022_00_A00,P01_GAMMA06_M022_00,P01,M022,7332.625,7340.15625,7.53125,2.4970717658821258,6.0
E52_c76d93c5902d0dc017f7065c,9.03456971298516,16.05706218628906,9.03456971298516,260.86241804033426,278.57034040361555,415.47730190098105,0.1516149798935124,0.009166666666666667,0.002301215277777778,0.16308286183795684,2.3969171381620438,0.9490366056756385,212.495068359375,0.0,0.0,212.495068359375,340.195068359375,3116.079764257358,277.91845703125,30.0,470.86241804033426,0.0,1,P01_GAMMA06_M022_00_A00,P01_GAMMA06_M022_00,P01,M022,7332.625,7340.15625,7.53125,3.03456971298516,6.0
E52_c98d1e580ba9a8920eeacbdb,6.876994796187944,9.995636820319618,6.876994796187944,531.3190315479533,569.3529452238973,834.4345810402425,0.30713490815373307,0.009166666666666667,0.002301215277777778,0.3186027900981775,2.241397209901823,0.9004366280943196,456.40696411132814,0.0,0.0,456.40696411132814,584.1069641113281,6258.259357801819,362.73199462890625,30.0,741.3190315479533,0.0,1,P01_GAMMA06_M022_00_A00,P01_GAMMA06_M022_00,P01,M022,7332.625,7340.15625,7.53125,0.8769947961879438,6.0
E52_d1d4424e0dfaa7a0ce62d445,6.90593351717412,12.872868339328704,6.90593351717412,402.0751033963921,436.37951216917855,598.3237541560654,0.22773150601213982,0.009166666666666667,0.002301215277777778,0.23919938795658424,2.320800612043416,0.9252501912635674,411.6529052734375,0.0,0.0,411.6529052734375,539.3529052734375,4487.428156170491,269.83203125,30.0,612.075103396392,0.0,1,P01_GAMMA06_M022_00_A00,P01_GAMMA06_M022_00,P01,M022,7332.625,7340.15625,7.53125,0.9059335171741196,6.0
E52_d22cbe82615c6d2ee0ebf49f,9.06036256076517,15.758568264926964,9.06036256076517,318.17309843891866,352.9726015110215,427.5491784452201,0.1737067461230003,0.009166666666666667,0.002301215277777778,0.18517462806744472,2.374825371932556,0.9421329287289235,417.5940368652344,0.0,0.0,417.5940368652344,545.2940368652344,3206.618838339151,335.390380859375,30.0,528.1730984389187,0.0,1,P01_GAMMA06_M022_00_A00,P01_GAMMA06_M022_00,P01,M022,7332.625,7340.15625,7.53125,3.0603625607651708,6.0
E52_d3460088443e86b69235cf2f,7.866329126061032,10.110906533633653,7.866329126061032,520.9986937965015,557.4049117530444,823.5600798537452,0.3019244763287566,0.009166666666666667,0.002301215277777778,0.313392358273201,2.2466076417267997,0.9020648880396247,436.87461547851564,0.0,0.0,436.87461547851564,564.5746154785156,6176.700598903089,276.8628845214844,30.0,730.9986937965015,0.0,1,P01_GAMMA06_M022_00_A00,P01_GAMMA06_M022_00,P01,M022,7332.625,7340.15625,7.53125,1.8663291260610322,6.0
E52_d7f1f5d49edaa9f52000c452,12.913855891752661,12.917919470378578,12.913855891752661,397.7633482290822,431.12867517406926,595.3347347882426,0.22577474843651651,0.009166666666666667,0.002301215277777778,0.23724263038096094,2.3227573696190396,0.9258616780059497,400.38392333984376,0.0,0.0,400.38392333984376,528.0839233398438,4465.010510911819,278.08392333984375,30.0,607.7633482290822,0.0,1,P01_GAMMA06_M022_00_A00,P01_GAMMA06_M022_00,P01,M022,7332.625,7340.15625,7.53125,6.913855891752661,6.0
E52_dbe1bedc9b83d29f34556dbd,11.930353523535317,13.016499113861627,11.930353523535317,387.86022911882606,419.0031732004504,588.862793747906,0.22133620210273125,0.009166666666666667,0.002301215277777778,0.23280408404717567,2.327195915952825,0.9272487237352576,373.7153289794922,0.0,0.0,373.7153289794922,501.4153289794922,4416.470953109295,232.19436645507812,30.0,597.860229118826,0.0,1,P01_GAMMA06_M022_00_A00,P01_GAMMA06_M022_00,P01,M022,7332.625,7340.15625,7.53125,5.930353523535317,6.0
E52_dbec4f1422e98765afb262aa,7.496366615442767,16.38523852602286,7.496366615442767,322.5402116809159,364.1002534899979,395.72017250733956,0.1707521496628321,0.009166666666666667,0.002301215277777778,0.1822200316072765,2.377779968392724,0.943056240122726,498.7205017089844,0.0,0.0,498.7205017089844,626.4205017089844,2967.901293805047,326.4205017089844,30.0,532.540211680916,0.0,1,P01_GAMMA06_M022_00_A00,P01_GAMMA06_M022_00,P01,M022,7332.625,7340.15625,7.53125,1.496366615442767,6.0
E52_dc4c132291b7b9525a26c82f,9.045308672358317,16.290878065555617,9.045308672358317,256.41354735972715,274.49113296153376,404.3615811086144,0.14845852840407586,0.009166666666666667,0.002301215277777778,0.1599264103485203,2.4000735896514804,0.9500229967660874,216.9310272216797,0.0,0.0,216.9310272216797,344.6310272216797,3032.711858314608,277.91845703125,30.0,466.41354735972715,0.0,1,P01_GAMMA06_M022_00_A00,P01_GAMMA06_M022_00,P01,M022,7332.625,7340.15625,7.53125,3.045308672358317,6.0
E52_de2c36302e014a6d0284c896,8.765997233226841,15.994052628622484,8.765997233226841,325.41177480357015,364.7238282296769,414.95122905049965,0.1744969638873427,0.009166666666666667,0.002301215277777778,0.18596484583178713,2.3740351541682134,0.9418859856775665,471.74464111328126,0.0,0.0,471.74464111328126,599.4446411132812,3112.134217878747,325.15069580078125,30.0,535.4117748035701,0.0,1,P01_GAMMA06_M022_00_A00,P01_GAMMA06_M022_00,P01,M022,7332.625,7340.15625,7.53125,2.765997233226841,6.0
E52_e0cd6bab1a22c4530d9a254c,7.551018493856844,6.471069764274475,6.471069764274475,260.0402116809159,280.7669201566646,395.72017250733956,0.14852449968212222,0.009166666666666667,0.002301215277777778,0.15999238162656665,2.400007618373434,0.950002380741698,248.7205017089844,0.0,0.0,248.7205017089844,376.4205017089844,2967.901293805047,326.4205017089844,30.0,470.0402116809159,0.0,1,P01_GAMMA06_M022_00_A00,P01_GAMMA06_M022_00,P01,M022,7332.625,7340.15625,7.53125,0.4710697642744748,6.0
E52_ea76d341ab82f2ebc1fa1efe,8.823925499302803,6.056283714240493,6.056283714240493,275.41177480357015,298.05716156301025,414.95122905049965,0.15671484390277482,0.009166666666666667,0.002301215277777778,0.16818272584721924,2.3918172741527814,0.947442898172744,271.74464111328126,0.0,0.0,271.74464111328126,399.44464111328125,3112.134217878747,325.15069580078125,30.0,485.41177480357015,0.0,1,P01_GAMMA06_M022_00_A00,P01_GAMMA06_M022_00,P01,M022,7332.625,7340.15625,7.53125,0.056283714240493055,6.0
E52_eab18c460278cfbad2c20da0,10.38285965846245,7.760329046990023,7.760329046990023,212.31476099060268,226.15454090800176,341.5908424768108,0.12388533452538679,0.009166666666666667,0.002301215277777778,0.13535321646983123,2.4246467835301693,0.9577021198531778,166.07735900878907,0.0,0.0,166.07735900878907,293.77735900878906,2561.931318576081,213.8477783203125,30.0,422.3147609906027,0.0,1,P01_GAMMA06_M022_00_A00,P01_GAMMA06_M022_00,P01,M022,7332.625,7340.15625,7.53125,1.760329046990023,6.0
E52_eb490529b308e18523949520,10.151007298925478,12.235001379754962,10.151007298925478,417.9327582223269,449.8180932544721,644.5535062517828,0.23991836791670462,0.009166666666666667,0.002301215277777778,0.25138624986114905,2.3086137501388513,0.9214417969183909,382.6240203857422,0.0,0.0,382.6240203857422,510.3240203857422,4834.151296888371,255.67149353027344,30.0,627.9327582223269,0.0,1,P01_GAMMA06_M022_00_A00,P01_GAMMA06_M022_00,P01,M022,7332.625,7340.15625,7.53125,4.151007298925478,6.0
E52_eddf192c3626d88d236d26e4,11.244895247112652,17.034187922993553,11.244895247112652,241.72684180786888,260.473536754158,370.9735139380034,0.13850678679446915,0.009166666666666667,0.002301215277777778,0.14997466873891357,2.410025331261087,0.9531329160190896,224.96033935546876,0.0,0.0,224.96033935546876,352.66033935546875,2782.3013545350254,199.07135009765625,30.0,451.7268418078689,0.0,1,P01_GAMMA06_M022_00_A00,P01_GAMMA06_M022_00,P01,M022,7332.625,7340.15625,7.53125,5.244895247112652,6.0
E52_ede4029bd5e695a7a0c85289,12.952198209169865,12.925612211179384,12.925612211179384,385.2633482290822,414.4620085074026,595.3347347882426,0.22132921844037454,0.009166666666666667,0.002301215277777778,0.23279710038481896,2.3272028996151817,0.927250906129744,350.38392333984376,0.0,0.0,350.38392333984376,478.08392333984375,4465.010510911819,278.08392333984375,30.0,595.2633482290822,0.0,1,P01_GAMMA06_M022_00_A00,P01_GAMMA06_M022_00,P01,M022,7332.625,7340.15625,7.53125,6.925612211179384,6.0
E52_f2fabdd802684ffd17ed2273,7.014582602899367,16.925225818485302,7.014582602899367,275.2104023505881,304.60508466259984,374.0527108291059,0.15085104647056902,0.009166666666666667,0.002301215277777778,0.16231892841501344,2.3976810715849872,0.9492753348703084,352.73618774414064,0.0,0.0,352.73618774414064,480.4361877441406,2805.395331218294,291.6474609375,30.0,485.2104023505881,0.0,1,P01_GAMMA06_M022_00_A00,P01_GAMMA06_M022_00,P01,M022,7332.625,7340.15625,7.53125,1.0145826028993667,6.0
E52_fd527d975e1813662620f82c,11.696086256167746,12.45056667278017,11.696086256167746,418.2192341110554,452.9085204066283,628.3027504486734,0.23771876612520712,0.009166666666666667,0.002301215277777778,0.24918664806965155,2.310813351930349,0.9221291724782339,416.271435546875,0.0,0.0,416.271435546875,543.971435546875,4712.2706283650505,306.8754577636719,30.0,628.2192341110554,0.0,1,P01_GAMMA06_M022_00_A00,P01_GAMMA06_M022_00,P01,M022,7332.625,7340.15625,7.53125,5.696086256167746,6.0
E52_06eb0baa948af7ff52881bcf,6.175426850881394,16.258674653736037,6.175426850881394,296.7597053393259,328.36499963050426,403.88764493158146,0.16274021246714285,0.009166666666666667,0.007743923611111111,0.17965080274492062,2.3803491972550797,0.9438591241422123,379.26353149414064,0.0,0.0,379.26353149414064,506.9635314941406,3029.157336986861,306.9635314941406,30.0,506.7597053393259,0.0,1,P01_GAMMA06_M022_01_A00,P01_GAMMA06_M022_01,P01,M022,7353.15625,7378.5,25.34375,0.17542685088139365,6.0
E52_0c9d91fc306062a18ada9948,7.762354497190685,15.697900697510477,7.762354497190685,331.42241999480143,370.2725110389095,429.7442937249544,0.1787296459836012,0.009166666666666667,0.007743923611111111,0.19564023626137897,2.3643597637386216,0.938862426168319,466.2010925292969,0.0,0.0,466.2010925292969,593.9010925292969,3223.082202937158,326.7436828613281,30.0,541.4224199948014,0.0,1,P01_GAMMA06_M022_01_A00,P01_GAMMA06_M022_01,P01,M022,7353.15625,7378.5,25.34375,1.7623544971906853,6.0
E52_1eac4bbcd37cec5d48241661,7.547537780004959,6.04580255430777,6.04580255430777,275.66392246828667,298.30930922772677,415.4555243799327,0.1568759382441215,0.009166666666666667,0.007743923611111111,0.17378652852189927,2.386213471478101,0.9456917098369064,271.74464111328126,0.0,0.0,271.74464111328126,399.44464111328125,3115.9164328494953,326.2397766113281,30.0,485.66392246828667,0.0,1,P01_GAMMA06_M022_01_A00,P01_GAMMA06_M022_01,P01,M022,7353.15625,7378.5,25.34375,0.04580255430776958,6.0
E52_1ef47ef68c1879e18ddbb164,7.544965051000702,9.684707827919368,7.544965051000702,525.9457118932837,556.9823492630754,865.6715995678175,0.30964781577290457,0.009166666666666667,0.007743923611111111,0.3265584060506823,2.233441593949318,0.8979504981091617,372.4396484375,0.0,0.0,372.4396484375,500.1396484375,6492.536996758631,304.7821350097656,30.0,735.9457118932837,0.0,1,P01_GAMMA06_M022_01_A00,P01_GAMMA06_M022_01,P01,M022,7353.15625,7378.5,25.34375,1.5449650510007018,6.0
E52_214ce9a3b3bd3fa9c582335a,8.951690361000601,15.138353346483314,8.951690361000601,331.46735474952504,365.31699057309277,459.8368945576438,0.1830074384559416,0.009166666666666667,0.007743923611111111,0.1999180287337194,2.3600819712662813,0.9375256160207127,406.1956298828125,0.0,0.0,406.1956298828125,533.8956298828125,3448.7767091823284,283.8956298828125,30.0,541.467354749525,0.0,1,P01_GAMMA06_M022_01_A00,P01_GAMMA06_M022_01,P01,M022,7353.15625,7378.5,25.34375,2.951690361000601,6.0
E52_24cc4f01335372459fb4c2ba,13.475168590637253,12.909161020133865,12.909161020133865,410.2633482290822,447.7953418407359,595.3347347882426,0.23022027843265847,0.009166666666666667,0.007743923611111111,0.24713086871043624,2.312869131289564,0.9227716035279887,450.38392333984376,0.0,0.0,450.38392333984376,578.0839233398438,4465.010510911819,278.08392333984375,30.0,620.2633482290822,0.0,1,P01_GAMMA06_M022_01_A00,P01_GAMMA06_M022_01,P01,M022,7353.15625,7378.5,25.34375,6.909161020133865,6.0
E52_27bf01e9e990859ae5993708,7.51668318025591,15.932490639468014,7.51668318025591,318.6138217216496,355.0514931287134,418.60161500091635,0.17259630304263499,0.009166666666666667,0.007743923611111111,0.18950689332041276,2.3704931066795876,0.940779095837371,437.25205688476564,0.0,0.0,437.25205688476564,564.9520568847656,3139.5121125068727,326.2397766113281,30.0,528.6138217216496,0.0,1,P01_GAMMA06_M022_01_A00,P01_GAMMA06_M022_01,P01,M022,7353.15625,7378.5,25.34375,1.5166831802559102,6.0
E52_27bf1882d0e1a812c8450c72,6.471793595248997,16.18675851321828,6.471793595248997,334.03154784809436,377.9609795090644,404.48650573036844,0.17608047258726683,0.009166666666666667,0.007743923611111111,0.1929910628650446,2.367008937134956,0.9396902928546735,527.1531799316406,0.0,0.0,527.1531799316406,654.8531799316406,3033.648792977763,359.1753845214844,30.0,544.0315478480943,0.0,1,P01_GAMMA06_M022_01_A00,P01_GAMMA06_M022_01,P01,M022,7353.15625,7378.5,25.34375,0.47179359524899667,6.0
E52_27fdcb9bc2da20af468e67a1,8.315746001326502,15.630401191469062,8.315746001326502,333.5201066466774,372.5049327982074,433.1312563841751,0.1799553449394086,0.009166666666666667,0.007743923611111111,0.19686593521718637,2.3631340647828143,0.9384793952446293,467.8179138183594,0.0,0.0,467.8179138183594,595.5179138183594,3248.4844228813135,322.1230773925781,30.0,543.5201066466774,0.0,1,P01_GAMMA06_M022_01_A00,P01_GAMMA06_M022_01,P01,M022,7353.15625,7378.5,25.34375,2.3157460013265023,6.0
E52_2cea01313b8862fcfb6b2e63,12.339484196346518,16.460055432828085,12.339484196346518,259.5957489704318,280.08528245838755,396.2542970131293,0.148442074342722,0.009166666666666667,0.007743923611111111,0.16535266462049977,2.3946473353795006,0.9483272923060938,245.87440185546876,0.0,0.0,245.87440185546876,373.57440185546875,2971.90722759847,231.8917236328125,30.0,469.5957489704318,0.0,1,P01_GAMMA06_M022_01_A00,P01_GAMMA06_M022_01,P01,M022,7353.15625,7378.5,25.34375,6.339484196346518,6.0
E52_2d7a36258a59c18fc6a856bf,6.934633187235306,16.662039037059316,6.934633187235306,318.72117968179435,361.17160743651436,382.73979283526836,0.16755561647288383,0.009166666666666667,0.007743923611111111,0.1844662067506616,2.375533793249339,0.9423543103904183,509.40513305664064,0.0,0.0,509.40513305664064,637.1051330566406,2870.5484462645127,346.4301452636719,30.0,528.7211796817944,0.0,1,P01_GAMMA06_M022_01_A00,P01_GAMMA06_M022_01,P01,M022,7353.15625,7378.5,25.34375,0.9346331872353062,6.0
E52_2dadfb43d7dd9558e21effa9,12.816804468491654,12.85982438864363,12.816804468491654,396.07517918576866,428.1792069974549,599.5261915014202,0.22576797164618329,0.009166666666666667,0.007743923611111111,0.24267856192396106,2.3173214380760396,0.9241629493987622,385.2483337402344,0.0,0.0,385.2483337402344,512.9483337402344,4496.446436260651,248.30487060546875,30.0,606.0751791857687,0.0,1,P01_GAMMA06_M022_01_A00,P01_GAMMA06_M022_01,P01,M022,7353.15625,7378.5,25.34375,6.816804468491654,6.0
E52_2e64690809088e2a96fb2160,7.240860827363036,9.500767968691491,7.240860827363036,523.7789293194231,550.945126524013,884.5606754113072,0.31155234822715455,0.009166666666666667,0.007743923611111111,0.3284629385049323,2.231537061495068,0.8973553317172087,325.99436645507814,0.0,0.0,325.99436645507814,453.6943664550781,6634.205065584804,329.6845703125,30.0,733.7789293194231,0.0,1,P01_GAMMA06_M022_01_A00,P01_GAMMA06_M022_01,P01,M022,7353.15625,7378.5,25.34375,1.2408608273630364,6.0
E52_326bd9096774308657b14836,7.14686242661918,6.820761438549596,6.820761438549596,254.20783025924425,275.6237299174474,379.92026256926977,0.1442126230476059,0.009166666666666667,0.007743923611111111,0.16112321332538368,2.398876786674617,0.9496489958358176,256.9907958984375,0.0,0.0,256.9907958984375,384.6907958984375,2849.4019692695233,334.6907958984375,30.0,464.20783025924425,0.0,1,P01_GAMMA06_M022_01_A00,P01_GAMMA06_M022_01,P01,M022,7353.15625,7378.5,25.34375,0.8207614385495958,6.0
E52_357bbbd4dc4420221c875ea3,10.65865186242165,12.241245229232817,10.65865186242165,405.4327582223269,433.1514265878055,644.5535062517828,0.23547283792056264,0.009166666666666667,0.007743923611111111,0.2523834281983404,2.30761657180166,0.9211301786880186,332.6240203857422,0.0,0.0,332.6240203857422,460.3240203857422,4834.151296888371,255.67149353027344,30.0,615.4327582223269,0.0,1,P01_GAMMA06_M022_01_A00,P01_GAMMA06_M022_01,P01,M022,7353.15625,7378.5,25.34375,4.6586518624216495,6.0
E52_3a94b6482baa2cfaba8a857d,6.7048966079523495,16.425448776817632,6.7048966079523495,326.01303055755295,369.111023518165,393.4381033514341,0.17166403726355467,0.009166666666666667,0.007743923611111111,0.18857462754133245,2.3714253724586682,0.9410704288933336,517.1759155273437,0.0,0.0,517.1759155273437,644.8759155273438,2950.785775135756,352.4370422363281,30.0,536.013030557553,0.0,1,P01_GAMMA06_M022_01_A00,P01_GAMMA06_M022_01,P01,M022,7353.15625,7378.5,25.34375,0.7048966079523495,6.0
E52_413d3eff5d481ef66f8d3068,7.220161522567707,9.493762996477216,7.220161522567707,548.7789293194231,584.2784598573463,884.5606754113072,0.3204434082194385,0.009166666666666667,0.007743923611111111,0.33735399849721626,2.2226460015027842,0.89457687546962,425.99436645507814,0.0,0.0,425.99436645507814,553.6943664550781,6634.205065584804,329.6845703125,30.0,758.7789293194231,0.0,1,P01_GAMMA06_M022_01_A00,P01_GAMMA06_M022_01,P01,M022,7353.15625,7378.5,25.34375,1.2201615225677074,6.0
E52_437c6a333219b14c3939f26c,7.518791566093512,6.0194831627628105,6.0194831627628105,277.09771274073506,296.211315442558,417.14117438283733,0.1570562493971614,0.009166666666666667,0.007743923611111111,0.17396683967493917,2.3860331603250615,0.9456353626015815,248.53977661132814,19.176544189453125,19.176544189453125,248.53977661132814,376.2397766113281,3128.55880787128,326.2397766113281,30.0,487.09771274073506,0.0,1,P01_GAMMA06_M022_01_A00,P01_GAMMA06_M022_01,P01,M022,7353.15625,7378.5,25.34375,0.01948316276281048,6.0
E52_44ed69e1d99dc074a7941a18,9.282625790824781,8.900383690419545,8.900383690419545,188.27556058823757,199.0276355292369,299.7078152072368,0.1090911242968749,0.009166666666666667,0.007743923611111111,0.12600171457465267,2.4339982854253477,0.960624464195421,139.59420471191407,10.569305419921875,10.569305419921875,139.59420471191407,267.29420471191406,2247.808614054276,217.29420471191406,30.0,398.27556058823757,0.0,1,P01_GAMMA06_M022_01_A00,P01_GAMMA06_M022_01,P01,M022,7353.15625,7378.5,25.34375,2.9003836904195452,6.0
E52_4cf0fac9feb721651efb2830,10.350180302598204,17.82597875173802,10.350180302598204,242.69354898018014,267.32891198677197,337.5749199208095,0.13412057160327687,0.009166666666666667,0.007743923611111111,0.15103116188105464,2.408968838118946,0.9528027619121704,295.6243560791016,0.0,0.0,295.6243560791016,423.32435607910156,2531.8118994060715,217.31182861328125,30.0,452.69354898018014,0.0,1,P01_GAMMA06_M022_01_A00,P01_GAMMA06_M022_01,P01,M022,7353.15625,7378.5,25.34375,4.350180302598204,6.0
E52_50c718ca7f326f764494c89d,17.918626590372867,13.080943299176411,13.080943299176411,350.85355156655817,370.1881015340061,585.6998033284289,0.20772710552759727,0.009166666666666667,0.007743923611111111,0.22463769580537504,2.3353623041946254,0.9298007200608203,232.014599609375,0.0,0.0,232.014599609375,359.714599609375,4392.748524963216,275.29461669921875,30.0,560.8535515665582,0.0,1,P01_GAMMA06_M022_01_A00,P01_GAMMA06_M022_01,P01,M022,7353.15625,7378.5,25.34375,7.080943299176411,6.0
E52_515a3b7c8d98426ee13f2b4e,11.516936710569112,17.07508762021844,11.516936710569112,242.68536134104386,262.0561394884234,369.14605379781034,0.13858886614696947,0.009166666666666667,0.007743923611111111,0.15549945642474725,2.4045005435752533,0.9514064198672665,232.4493377685547,0.0,0.0,232.4493377685547,360.1493377685547,2768.5954034835777,210.1493377685547,30.0,452.68536134104386,0.0,1,P01_GAMMA06_M022_01_A00,P01_GAMMA06_M022_01,P01,M022,7353.15625,7378.5,25.34375,5.516936710569112,6.0
E52_60b76d98beea93305f35c25d,11.68886421036089,16.79058398580294,11.68886421036089,271.8613885249859,299.0873836523459,380.3668062858116,0.15055421784231732,0.009166666666666667,0.007743923611111111,0.1674648081200951,2.3925351918799054,0.9476672474624703,326.7119415283203,0.0,0.0,326.7119415283203,454.4119415283203,2852.751047143587,241.2421875,30.0,481.8613885249859,0.0,1,P01_GAMMA06_M022_01_A00,P01_GAMMA06_M022_01,P01,M022,7353.15625,7378.5,25.34375,5.68886421036089,6.0
E52_68694062ed2e2e792aeb51a9,8.38820350547229,17.695890544520793,8.38820350547229,262.3147609906027,292.8212075746684,341.5908424768108,0.1416674545099547,0.009166666666666667,0.007743923611111111,0.15857804478773246,2.401421955212268,0.9504443610038336,366.0773590087891,0.0,0.0,366.0773590087891,493.77735900878906,2561.931318576081,213.8477783203125,30.0,472.3147609906027,0.0,1,P01_GAMMA06_M022_01_A00,P01_GAMMA06_M022_01,P01,M022,7353.15625,7378.5,25.34375,2.3882035054722905,6.0
E52_6aa461eda22a4c53e6730e81,7.020621653749174,6.478254834226846,6.478254834226846,265.8104536255181,288.3542041341444,395.1560268799425,0.15046620221455187,0.009166666666666667,0.007743923611111111,0.16737679249232965,2.392623207507671,0.947694752346147,271.555615234375,1.030609130859375,1.030609130859375,271.555615234375,399.255615234375,2963.670201599569,349.255615234375,30.0,475.8104536255181,0.0,1,P01_GAMMA06_M022_01_A00,P01_GAMMA06_M022_01,P01,M022,7353.15625,7378.5,25.34375,0.47825483422684556,6.0
E52_76b4f0bdabd1ccab126282dd,11.121853405329574,17.180198899819032,11.121853405329574,244.7670432960008,265.6078646257534,364.489158613486,0.13866967590706417,0.009166666666666667,0.007743923611111111,0.15558026618484194,2.4044197338151587,0.951381166817237,250.08985595703126,0.0,0.0,250.08985595703126,377.78985595703125,2733.6686896011447,241.2421875,30.0,454.7670432960008,0.0,1,P01_GAMMA06_M022_01_A00,P01_GAMMA06_M022_01,P01,M022,7353.15625,7378.5,25.34375,5.121853405329574,6.0
E52_7e5f4a4eaf9aa5b10576997a,12.907627670546944,13.086620585622072,12.907627670546944,384.11958913832314,414.7999833745699,584.1568128591658,0.21933939564120059,0.009166666666666667,0.007743923611111111,0.23624998591897836,2.323750014081022,0.9261718794003193,368.16473083496095,0.0,0.0,368.16473083496095,495.86473083496094,4381.1760964437435,247.829345703125,30.0,594.1195891383231,0.0,1,P01_GAMMA06_M022_01_A00,P01_GAMMA06_M022_01,P01,M022,7353.15625,7378.5,25.34375,6.907627670546944,6.0
E52_82c821a5773d0bfbe554f10a,8.076779724762304,11.397135806608844,8.076779724762304,512.9354114719376,566.0737563002253,707.0407539741487,0.2825549862639304,0.009166666666666667,0.007743923611111111,0.29946557654170813,2.2605344234582923,0.9064170073307162,637.6601379394531,0.0,0.0,637.6601379394531,765.3601379394531,5302.805654806116,465.3601379394531,30.0,722.9354114719376,0.0,1,P01_GAMMA06_M022_01_A00,P01_GAMMA06_M022_01,P01,M022,7353.15625,7378.5,25.34375,2.0767797247623037,6.0
E52_831cee7e7a3a549796e42b18,7.938327538319527,10.042846261792022,7.938327538319527,524.445203057942,560.9167693217765,830.061008532876,0.3040708837654974,0.009166666666666667,0.007743923611111111,0.32098147404327515,2.2390185259567255,0.8996932893614765,437.65879516601564,0.0,0.0,437.65879516601564,565.3587951660156,6225.457563996571,359.5916748046875,30.0,734.445203057942,0.0,1,P01_GAMMA06_M022_01_A00,P01_GAMMA06_M022_01,P01,M022,7353.15625,7378.5,25.34375,1.9383275383195269,6.0
E52_88c1c7aba1fcf94c58dad20e,7.231958563252377,9.497510042154289,7.231958563252377,536.2789293194231,567.6117931906797,884.5606754113072,0.3159978782232965,0.009166666666666667,0.007743923611111111,0.33290846850107425,2.2270915314989264,0.8959661035934143,375.99436645507814,0.0,0.0,375.99436645507814,503.6943664550781,6634.205065584804,329.6845703125,30.0,746.2789293194231,0.0,1,P01_GAMMA06_M022_01_A00,P01_GAMMA06_M022_01,P01,M022,7353.15625,7378.5,25.34375,1.2319585632523768,6.0
E52_8ca7795ffa642a3b129c0a3d,7.7956091979229996,15.730152054416479,7.7956091979229996,330.94608252023,369.9122522589995,428.0951466078428,0.17832668261553564,0.009166666666666667,0.007743923611111111,0.1952372728933134,2.364762727106687,0.9389883522208395,467.5940368652344,0.0,0.0,467.5940368652344,595.2940368652344,3210.713599558821,335.390380859375,30.0,540.94608252023,0.0,1,P01_GAMMA06_M022_01_A00,P01_GAMMA06_M022_01,P01,M022,7353.15625,7378.5,25.34375,1.7956091979229996,6.0
E52_9026ce0d2a5dd9a75ef73c8e,6.074625135805661,6.720084116703532,6.074625135805661,248.61637070099954,267.37077642202814,384.70630707582717,0.14290187810434732,0.009166666666666667,0.007743923611111111,0.1598124683821251,2.4001875316178753,0.9500586036305859,225.05286865234376,0.0,0.0,225.05286865234376,352.75286865234375,2885.297303068704,302.75286865234375,30.0,458.61637070099954,0.0,1,P01_GAMMA06_M022_01_A00,P01_GAMMA06_M022_01,P01,M022,7353.15625,7378.5,25.34375,0.0746251358056611,6.0
E52_924cec2d58c933358893a332,11.185930310690793,12.302862284422105,11.185930310690793,416.670444788364,448.9844576972996,639.4568121231148,0.23874762537865796,0.009166666666666667,0.007743923611111111,0.2556582156564357,2.3043417843435647,0.9201068076073639,387.7681549072266,0.0,0.0,387.7681549072266,515.4681549072266,4795.926090923361,252.644287109375,30.0,626.670444788364,0.0,1,P01_GAMMA06_M022_01_A00,P01_GAMMA06_M022_01,P01,M022,7353.15625,7378.5,25.34375,5.185930310690793,6.0
E52_96da4f081c74d8211b4b244f,12.160570867552764,12.47027426673894,12.160570867552764,406.4445801679392,437.368205859671,627.3474061854878,0.23339590098708082,0.009166666666666667,0.007743923611111111,0.2503064912648586,2.309693508735142,0.9217792214797317,371.08350830078126,0.0,0.0,371.08350830078126,498.78350830078125,4705.105546391158,251.37640380859375,30.0,616.4445801679392,0.0,1,P01_GAMMA06_M022_01_A00,P01_GAMMA06_M022_01,P01,M022,7353.15625,7378.5,25.34375,6.160570867552764,6.0
E52_a3836b1674b2d70f748125c1,9.764232060769913,18.388582284998307,9.764232060769913,238.77143733771516,265.74771093797557,315.68523307386783,0.1296256139323784,0.009166666666666667,0.007743923611111111,0.14653620421015617,2.4134637957898444,0.9542074361843262,323.715283203125,0.0,0.0,323.715283203125,451.415283203125,2367.639248054009,217.29420471191406,30.0,448.77143733771516,0.0,1,P01_GAMMA06_M022_01_A00,P01_GAMMA06_M022_01,P01,M022,7353.15625,7378.5,25.34375,3.7642320607699133,6.0
E52_a77602565c04dca5831f9b7a,7.947031750073748,15.758600383852013,7.947031750073748,295.3505394617105,322.31471665694164,428.9160157520343,0.16578365241547813,0.009166666666666667,0.007743923611111111,0.1826942426932559,2.3773057573067446,0.9429080491583576,323.57012634277345,0.0,0.0,323.57012634277345,451.27012634277344,3216.870118140257,284.58648681640625,30.0,505.3505394617105,0.0,1,P01_GAMMA06_M022_01_A00,P01_GAMMA06_M022_01,P01,M022,7353.15625,7378.5,25.34375,1.947031750073748,6.0
E52_b544b4d7beda1d6ed7fbeefb,7.6231374987563925,16.252686834440453,7.6231374987563925,293.91354735972715,324.49113296153376,404.3615811086144,0.16179511839250177,0.009166666666666667,0.007743923611111111,0.17870570867027954,2.381294291329721,0.9441544660405377,366.9310272216797,0.0,0.0,366.9310272216797,494.6310272216797,3032.711858314608,277.91845703125,30.0,503.91354735972715,0.0,1,P01_GAMMA06_M022_01_A00,P01_GAMMA06_M022_01,P01,M022,7353.15625,7378.5,25.34375,1.6231374987563925,6.0
E52_b60e4d2a4cdcd5801a5d757f,7.414302776206256,16.480566458341656,7.414302776206256,308.26023760270465,345.626388522301,392.32356968783114,0.16519254750221457,0.009166666666666667,0.007743923611111111,0.18210313777999235,2.377896862220008,0.9430927694437524,448.39381103515626,0.0,0.0,448.39381103515626,576.0938110351562,2942.4267726587336,326.2397766113281,30.0,518.2602376027046,0.0,1,P01_GAMMA06_M022_01_A00,P01_GAMMA06_M022_01,P01,M022,7353.15625,7378.5,25.34375,1.4143027762062559,6.0
E52_b7c433bb400c5a28313b13f0,7.923786050426031,16.00220965111248,7.923786050426031,270.63016208552887,291.2047849391259,417.8125870494757,0.1554195344851095,0.009166666666666667,0.007743923611111111,0.17233012476288728,2.3876698752371133,0.9461468360115978,246.89547424316407,0.0,0.0,246.89547424316407,374.59547424316406,3133.594402871068,284.58648681640625,30.0,480.63016208552887,0.0,1,P01_GAMMA06_M022_01_A00,P01_GAMMA06_M022_01,P01,M022,7353.15625,7378.5,25.34375,1.9237860504260311,6.0
E52_be69bdf55826f2eb34075d09,11.826195542543985,12.029424972929434,11.826195542543985,457.6877788138426,500.48965717077624,658.5642874860837,0.25604119113741575,0.009166666666666667,0.007743923611111111,0.2729517814151935,2.287048218584807,0.9147025683077521,513.6225402832031,0.0,0.0,513.6225402832031,641.3225402832031,4939.232156145627,341.3225402832031,30.0,667.6877788138427,0.0,1,P01_GAMMA06_M022_01_A00,P01_GAMMA06_M022_01,P01,M022,7353.15625,7378.5,25.34375,5.826195542543985,6.0
E52_bfffb2993ede6e2e2bd9340b,17.568404985266255,13.053008949478723,13.053008949478723,400.85355156655817,436.85476820067277,585.6998033284289,0.22550922551216515,0.009166666666666667,0.007743923611111111,0.24241981578994293,2.3175801842100574,0.9242438075656428,432.014599609375,0.0,0.0,432.014599609375,559.714599609375,4392.748524963216,275.29461669921875,30.0,610.8535515665582,0.0,1,P01_GAMMA06_M022_01_A00,P01_GAMMA06_M022_01,P01,M022,7353.15625,7378.5,25.34375,7.053008949478723,6.0
E52_c0294c7ff44d44fc4ede8d97,7.094698880169659,16.7256600789149,7.094698880169659,316.70783025924425,358.9570632507807,379.92026256926977,0.16644027302831577,0.009166666666666667,0.007743923611111111,0.18335086330609354,2.376649136693907,0.9427028552168457,506.9907958984375,0.0,0.0,506.9907958984375,634.6907958984375,2849.4019692695233,334.6907958984375,30.0,526.7078302592442,0.0,1,P01_GAMMA06_M022_01_A00,P01_GAMMA06_M022_01,P01,M022,7353.15625,7378.5,25.34375,1.094698880169659,6.0
E52_c76d93c5902d0dc017f7065c,7.681977684186293,16.05706218628906,7.681977684186293,260.86241804033426,278.57034040361555,415.47730190098105,0.1516149798935124,0.009166666666666667,0.007743923611111111,0.1685255701712902,2.3914744298287105,0.9473357593214718,212.495068359375,0.0,0.0,212.495068359375,340.195068359375,3116.079764257358,277.91845703125,30.0,470.86241804033426,0.0,1,P01_GAMMA06_M022_01_A00,P01_GAMMA06_M022_01,P01,M022,7353.15625,7378.5,25.34375,1.6819776841862932,6.0
E52_c98d1e580ba9a8920eeacbdb,7.682919664695206,9.995636820319618,7.682919664695206,531.3190315479533,569.3529452238973,834.4345810402425,0.30713490815373307,0.009166666666666667,0.007743923611111111,0.3240454984315108,2.23595450156849,0.8987357817401529,456.40696411132814,0.0,0.0,456.40696411132814,584.1069641113281,6258.259357801819,362.73199462890625,30.0,741.3190315479533,0.0,1,P01_GAMMA06_M022_01_A00,P01_GAMMA06_M022_01,P01,M022,7353.15625,7378.5,25.34375,1.6829196646952056,6.0
E52_d1d4424e0dfaa7a0ce62d445,6.551835601185758,12.872868339328704,6.551835601185758,402.0751033963921,436.37951216917855,598.3237541560654,0.22773150601213982,0.009166666666666667,0.007743923611111111,0.2446420962899176,2.315357903710083,0.9235493449094008,411.6529052734375,0.0,0.0,411.6529052734375,539.3529052734375,4487.428156170491,269.83203125,30.0,612.075103396392,0.0,1,P01_GAMMA06_M022_01_A00,P01_GAMMA06_M022_01,P01,M022,7353.15625,7378.5,25.34375,0.5518356011857577,6.0
E52_d22cbe82615c6d2ee0ebf49f,7.765161786821068,15.758568264926964,7.765161786821068,318.17309843891866,352.9726015110215,427.5491784452201,0.1737067461230003,0.009166666666666667,0.007743923611111111,0.19061733640077808,2.3693826635992226,0.9404320823747568,417.5940368652344,0.0,0.0,417.5940368652344,545.2940368652344,3206.618838339151,335.390380859375,30.0,528.1730984389187,0.0,1,P01_GAMMA06_M022_01_A00,P01_GAMMA06_M022_01,P01,M022,7353.15625,7378.5,25.34375,1.7651617868210678,6.0
E52_d3460088443e86b69235cf2f,8.949561532188412,10.110906533633653,8.949561532188412,520.9986937965015,557.4049117530444,823.5600798537452,0.3019244763287566,0.009166666666666667,0.007743923611111111,0.3188350666065343,2.241164933393466,0.900364041685458,436.87461547851564,0.0,0.0,436.87461547851564,564.5746154785156,6176.700598903089,276.8628845214844,30.0,730.9986937965015,0.0,1,P01_GAMMA06_M022_01_A00,P01_GAMMA06_M022_01,P01,M022,7353.15625,7378.5,25.34375,2.9495615321884117,6.0
E52_d7f1f5d49edaa9f52000c452,13.531263732526497,12.917919470378578,12.917919470378578,397.7633482290822,431.12867517406926,595.3347347882426,0.22577474843651651,0.009166666666666667,0.007743923611111111,0.2426853387142943,2.3173146612857063,0.9241608316517831,400.38392333984376,0.0,0.0,400.38392333984376,528.0839233398438,4465.010510911819,278.08392333984375,30.0,607.7633482290822,0.0,1,P01_GAMMA06_M022_01_A00,P01_GAMMA06_M022_01,P01,M022,7353.15625,7378.5,25.34375,6.917919470378578,6.0
E52_dbe1bedc9b83d29f34556dbd,12.208096316305614,13.016499113861627,12.208096316305614,387.86022911882606,419.0031732004504,588.862793747906,0.22133620210273125,0.009166666666666667,0.007743923611111111,0.23824679238050903,2.3217532076194916,0.9255478773810909,373.7153289794922,0.0,0.0,373.7153289794922,501.4153289794922,4416.470953109295,232.19436645507812,30.0,597.860229118826,0.0,1,P01_GAMMA06_M022_01_A00,P01_GAMMA06_M022_01,P01,M022,7353.15625,7378.5,25.34375,6.208096316305614,6.0
E52_dbec4f1422e98765afb262aa,6.293842254376955,16.38523852602286,6.293842254376955,322.5402116809159,364.1002534899979,395.72017250733956,0.1707521496628321,0.009166666666666667,0.007743923611111111,0.18766273994060986,2.372337260059391,0.9413553937685595,498.7205017089844,0.0,0.0,498.7205017089844,626.4205017089844,2967.901293805047,326.4205017089844,30.0,532.540211680916,0.0,1,P01_GAMMA06_M022_01_A00,P01_GAMMA06_M022_01,P01,M022,7353.15625,7378.5,25.34375,0.29384225437695477,6.0
E52_dc4c132291b7b9525a26c82f,7.641045480162546,16.290878065555617,7.641045480162546,256.41354735972715,274.49113296153376,404.3615811086144,0.14845852840407586,0.009166666666666667,0.007743923611111111,0.16536911868185364,2.3946308813181467,0.9483221504119207,216.9310272216797,0.0,0.0,216.9310272216797,344.6310272216797,3032.711858314608,277.91845703125,30.0,466.41354735972715,0.0,1,P01_GAMMA06_M022_01_A00,P01_GAMMA06_M022_01,P01,M022,7353.15625,7378.5,25.34375,1.6410454801625463,6.0
E52_de2c36302e014a6d0284c896,7.459095212667762,15.994052628622484,7.459095212667762,325.41177480357015,364.7238282296769,414.95122905049965,0.1744969638873427,0.009166666666666667,0.007743923611111111,0.19140755416512048,2.36859244583488,0.9401851393233999,471.74464111328126,0.0,0.0,471.74464111328126,599.4446411132812,3112.134217878747,325.15069580078125,30.0,535.4117748035701,0.0,1,P01_GAMMA06_M022_01_A00,P01_GAMMA06_M022_01,P01,M022,7353.15625,7378.5,25.34375,1.459095212667762,6.0
E52_e0cd6bab1a22c4530d9a254c,6.335212662703839,6.471069764274475,6.335212662703839,260.0402116809159,280.7669201566646,395.72017250733956,0.14852449968212222,0.009166666666666667,0.007743923611111111,0.1654350899599,2.3945649100401005,0.9483015343875313,248.7205017089844,0.0,0.0,248.7205017089844,376.4205017089844,2967.901293805047,326.4205017089844,30.0,470.0402116809159,0.0,1,P01_GAMMA06_M022_01_A00,P01_GAMMA06_M022_01,P01,M022,7353.15625,7378.5,25.34375,0.33521266270383876,6.0
E52_ea76d341ab82f2ebc1fa1efe,7.501895371811287,6.056283714240493,6.056283714240493,275.41177480357015,298.05716156301025,414.95122905049965,0.15671484390277482,0.009166666666666667,0.007743923611111111,0.1736254341805526,2.3863745658194477,0.9457420518185773,271.74464111328126,0.0,0.0,271.74464111328126,399.44464111328125,3112.134217878747,325.15069580078125,30.0,485.41177480357015,0.0,1,P01_GAMMA06_M022_01_A00,P01_GAMMA06_M022_01,P01,M022,7353.15625,7378.5,25.34375,0.056283714240493055,6.0
E52_eab18c460278cfbad2c20da0,8.4087889284136,7.760329046990023,7.760329046990023,212.31476099060268,226.15454090800176,341.5908424768108,0.12388533452538679,0.009166666666666667,0.007743923611111111,0.14079592480316458,2.419204075196836,0.9560012734990111,166.07735900878907,0.0,0.0,166.07735900878907,293.77735900878906,2561.931318576081,213.8477783203125,30.0,422.3147609906027,0.0,1,P01_GAMMA06_M022_01_A00,P01_GAMMA06_M022_01,P01,M022,7353.15625,7378.5,25.34375,1.760329046990023,6.0
E52_eb490529b308e18523949520,10.638271479025121,12.235001379754962,10.638271479025121,417.9327582223269,449.8180932544721,644.5535062517828,0.23991836791670462,0.009166666666666667,0.007743923611111111,0.25682895819448237,2.303171041805518,0.9197409505642242,382.6240203857422,0.0,0.0,382.6240203857422,510.3240203857422,4834.151296888371,255.67149353027344,30.0,627.9327582223269,0.0,1,P01_GAMMA06_M022_01_A00,P01_GAMMA06_M022_01,P01,M022,7353.15625,7378.5,25.34375,4.638271479025121,6.0
E52_eddf192c3626d88d236d26e4,9.181102054583278,17.034187922993553,9.181102054583278,241.72684180786888,260.473536754158,370.9735139380034,0.13850678679446915,0.009166666666666667,0.007743923611111111,0.15541737707224693,2.4045826229277534,0.9514320696649229,224.96033935546876,0.0,0.0,224.96033935546876,352.66033935546875,2782.3013545350254,199.07135009765625,30.0,451.7268418078689,0.0,1,P01_GAMMA06_M022_01_A00,P01_GAMMA06_M022_01,P01,M022,7353.15625,7378.5,25.34375,3.1811020545832775,6.0
E52_ede4029bd5e695a7a0c85289,13.57549333541752,12.925612211179384,12.925612211179384,385.2633482290822,414.4620085074026,595.3347347882426,0.22132921844037454,0.009166666666666667,0.007743923611111111,0.2382398087181523,2.3217601912818484,0.9255500597755774,350.38392333984376,0.0,0.0,350.38392333984376,478.08392333984375,4465.010510911819,278.08392333984375,30.0,595.2633482290822,0.0,1,P01_GAMMA06_M022_01_A00,P01_GAMMA06_M022_01,P01,M022,7353.15625,7378.5,25.34375,6.925612211179384,6.0
E52_fd527d975e1813662620f82c,12.407337927140702,12.45056667278017,12.407337927140702,418.2192341110554,452.9085204066283,628.3027504486734,0.23771876612520712,0.009166666666666667,0.007743923611111111,0.2546293564029849,2.3053706435970156,0.9204283261240672,416.271435546875,0.0,0.0,416.271435546875,543.971435546875,4712.2706283650505,306.8754577636719,30.0,628.2192341110554,0.0,1,P01_GAMMA06_M022_01_A00,P01_GAMMA06_M022_01,P01,M022,7353.15625,7378.5,25.34375,6.407337927140702,6.0
E52_1ef47ef68c1879e18ddbb164,9.141562647991847,9.684707827919368,9.141562647991847,525.9457118932837,556.9823492630754,865.6715995678175,0.30964781577290457,0.009166666666666667,0.16721527777777778,0.486029760217349,2.0739702397826516,0.8481156999320785,372.4396484375,0.0,0.0,372.4396484375,500.1396484375,6492.536996758631,304.7821350097656,30.0,735.9457118932837,0.0,1,P01_GAMMA06_M022_02_A00,P01_GAMMA06_M022_02,P01,M022,7386.0,7933.25,547.25,3.1415626479918473,6.0
E52_214ce9a3b3bd3fa9c582335a,6.700573680437259,15.138353346483314,6.700573680437259,331.46735474952504,365.31699057309277,459.8368945576438,0.1830074384559416,0.009166666666666667,0.16721527777777778,0.359389382900386,2.2006106170996143,0.8876908178436294,406.1956298828125,0.0,0.0,406.1956298828125,533.8956298828125,3448.7767091823284,283.8956298828125,30.0,541.467354749525,0.0,1,P01_GAMMA06_M022_02_A00,P01_GAMMA06_M022_02,P01,M022,7386.0,7933.25,547.25,0.7005736804372589,6.0
E52_24cc4f01335372459fb4c2ba,11.512851159871033,12.909161020133865,11.512851159871033,410.2633482290822,447.7953418407359,595.3347347882426,0.23022027843265847,0.009166666666666667,0.16721527777777778,0.4066022228771029,2.1533977771228976,0.8729368053509053,450.38392333984376,0.0,0.0,450.38392333984376,578.0839233398438,4465.010510911819,278.08392333984375,30.0,620.2633482290822,0.0,1,P01_GAMMA06_M022_02_A00,P01_GAMMA06_M022_02,P01,M022,7386.0,7933.25,547.25,5.512851159871033,6.0
E52_27fdcb9bc2da20af468e67a1,6.104218633281988,15.630401191469062,6.104218633281988,333.5201066466774,372.5049327982074,433.1312563841751,0.1799553449394086,0.009166666666666667,0.16721527777777778,0.356337289383853,2.2036627106161477,0.888644597067546,467.8179138183594,0.0,0.0,467.8179138183594,595.5179138183594,3248.4844228813135,322.1230773925781,30.0,543.5201066466774,0.0,1,P01_GAMMA06_M022_02_A00,P01_GAMMA06_M022_02,P01,M022,7386.0,7933.25,547.25,0.1042186332819881,6.0
E52_2cea01313b8862fcfb6b2e63,8.362609841558438,16.460055432828085,8.362609841558438,259.5957489704318,280.08528245838755,396.2542970131293,0.148442074342722,0.009166666666666667,0.16721527777777778,0.32482401878716644,2.235175981212834,0.8984924941290104,245.87440185546876,0.0,0.0,245.87440185546876,373.57440185546875,2971.90722759847,231.8917236328125,30.0,469.5957489704318,0.0,1,P01_GAMMA06_M022_02_A00,P01_GAMMA06_M022_02,P01,M022,7386.0,7933.25,547.25,2.362609841558438,6.0
E52_2dadfb43d7dd9558e21effa9,11.090420741642077,12.85982438864363,11.090420741642077,396.07517918576866,428.1792069974549,599.5261915014202,0.22576797164618329,0.009166666666666667,0.16721527777777778,0.4021499160906277,2.1578500839093726,0.8743281512216788,385.2483337402344,0.0,0.0,385.2483337402344,512.9483337402344,4496.446436260651,248.30487060546875,30.0,606.0751791857687,0.0,1,P01_GAMMA06_M022_02_A00,P01_GAMMA06_M022_02,P01,M022,7386.0,7933.25,547.25,5.0904207416420775,6.0
E52_2e64690809088e2a96fb2160,8.846819495649527,9.500767968691491,8.846819495649527,523.7789293194231,550.945126524013,884.5606754113072,0.31155234822715455,0.009166666666666667,0.16721527777777778,0.487934292671599,2.0720657073284015,0.8475205335401254,325.99436645507814,0.0,0.0,325.99436645507814,453.6943664550781,6634.205065584804,329.6845703125,30.0,733.7789293194231,0.0,1,P01_GAMMA06_M022_02_A00,P01_GAMMA06_M022_02,P01,M022,7386.0,7933.25,547.25,2.8468194956495267,6.0
E52_357bbbd4dc4420221c875ea3,10.161205222688423,12.241245229232817,10.161205222688423,405.4327582223269,433.1514265878055,644.5535062517828,0.23547283792056264,0.009166666666666667,0.16721527777777778,0.41185478236500705,2.1481452176349936,0.8712953805109354,332.6240203857422,0.0,0.0,332.6240203857422,460.3240203857422,4834.151296888371,255.67149353027344,30.0,615.4327582223269,0.0,1,P01_GAMMA06_M022_02_A00,P01_GAMMA06_M022_02,P01,M022,7386.0,7933.25,547.25,4.161205222688423,6.0
E52_413d3eff5d481ef66f8d3068,8.816890668232844,9.493762996477216,8.816890668232844,548.7789293194231,584.2784598573463,884.5606754113072,0.3204434082194385,0.009166666666666667,0.16721527777777778,0.49682535266388295,2.0631746473361177,0.8447420772925366,425.99436645507814,0.0,0.0,425.99436645507814,553.6943664550781,6634.205065584804,329.6845703125,30.0,758.7789293194231,0.0,1,P01_GAMMA06_M022_02_A00,P01_GAMMA06_M022_02,P01,M022,7386.0,7933.25,547.25,2.816890668232844,6.0
E52_4cf0fac9feb721651efb2830,6.998212924039663,17.82597875173802,6.998212924039663,242.69354898018014,267.32891198677197,337.5749199208095,0.13412057160327687,0.009166666666666667,0.16721527777777778,0.3105025160477213,2.249497483952279,0.9029679637350871,295.6243560791016,0.0,0.0,295.6243560791016,423.32435607910156,2531.8118994060715,217.31182861328125,30.0,452.69354898018014,0.0,1,P01_GAMMA06_M022_02_A00,P01_GAMMA06_M022_02,P01,M022,7386.0,7933.25,547.25,0.9982129240396631,6.0
E52_50c718ca7f326f764494c89d,14.334642037780668,13.080943299176411,13.080943299176411,350.85355156655817,370.1881015340061,585.6998033284289,0.20772710552759727,0.009166666666666667,0.16721527777777778,0.3841090499720417,2.175890950027959,0.879965921883737,232.014599609375,0.0,0.0,232.014599609375,359.714599609375,4392.748524963216,275.29461669921875,30.0,560.8535515665582,0.0,1,P01_GAMMA06_M022_02_A00,P01_GAMMA06_M022_02,P01,M022,7386.0,7933.25,547.25,7.080943299176411,6.0
E52_515a3b7c8d98426ee13f2b4e,7.786538932173912,17.07508762021844,7.786538932173912,242.68536134104386,262.0561394884234,369.14605379781034,0.13858886614696947,0.009166666666666667,0.16721527777777778,0.3149708105914139,2.2450291894085868,0.9015716216901831,232.4493377685547,0.0,0.0,232.4493377685547,360.1493377685547,2768.5954034835777,210.1493377685547,30.0,452.68536134104386,0.0,1,P01_GAMMA06_M022_02_A00,P01_GAMMA06_M022_02,P01,M022,7386.0,7933.25,547.25,1.7865389321739116,6.0
E52_60b76d98beea93305f35c25d,7.924907482409168,16.79058398580294,7.924907482409168,271.8613885249859,299.0873836523459,380.3668062858116,0.15055421784231732,0.009166666666666667,0.16721527777777778,0.32693616228676176,2.233063837713239,0.897832449285387,326.7119415283203,0.0,0.0,326.7119415283203,454.4119415283203,2852.751047143587,241.2421875,30.0,481.8613885249859,0.0,1,P01_GAMMA06_M022_02_A00,P01_GAMMA06_M022_02,P01,M022,7386.0,7933.25,547.25,1.9249074824091679,6.0
E52_76b4f0bdabd1ccab126282dd,7.552690382552015,17.180198899819032,7.552690382552015,244.7670432960008,265.6078646257534,364.489158613486,0.13866967590706417,0.009166666666666667,0.16721527777777778,0.3150516203515086,2.244948379648492,0.9015463686401536,250.08985595703126,0.0,0.0,250.08985595703126,377.78985595703125,2733.6686896011447,241.2421875,30.0,454.7670432960008,0.0,1,P01_GAMMA06_M022_02_A00,P01_GAMMA06_M022_02,P01,M022,7386.0,7933.25,547.25,1.552690382552015,6.0
E52_7e5f4a4eaf9aa5b10576997a,10.7721571193441,13.086620585622072,10.7721571193441,384.11958913832314,414.7999833745699,584.1568128591658,0.21933939564120059,0.009166666666666667,0.16721527777777778,0.395721340085645,2.1642786599143555,0.876337081223236,368.16473083496095,0.0,0.0,368.16473083496095,495.86473083496094,4381.1760964437435,247.829345703125,30.0,594.1195891383231,0.0,1,P01_GAMMA06_M022_02_A00,P01_GAMMA06_M022_02,P01,M022,7386.0,7933.25,547.25,4.772157119344101,6.0
E52_82c821a5773d0bfbe554f10a,8.226809702901718,11.397135806608844,8.226809702901718,512.9354114719376,566.0737563002253,707.0407539741487,0.2825549862639304,0.009166666666666667,0.16721527777777778,0.4589369307083748,2.1010630692916257,0.8565822091536328,637.6601379394531,0.0,0.0,637.6601379394531,765.3601379394531,5302.805654806116,465.3601379394531,30.0,722.9354114719376,0.0,1,P01_GAMMA06_M022_02_A00,P01_GAMMA06_M022_02,P01,M022,7386.0,7933.25,547.25,2.2268097029017184,6.0
E52_831cee7e7a3a549796e42b18,9.382015826221064,10.042846261792022,9.382015826221064,524.445203057942,560.9167693217765,830.061008532876,0.3040708837654974,0.009166666666666667,0.16721527777777778,0.48045282820994184,2.0795471717900584,0.8498584911843932,437.65879516601564,0.0,0.0,437.65879516601564,565.3587951660156,6225.457563996571,359.5916748046875,30.0,734.445203057942,0.0,1,P01_GAMMA06_M022_02_A00,P01_GAMMA06_M022_02,P01,M022,7386.0,7933.25,547.25,3.382015826221064,6.0
E52_88c1c7aba1fcf94c58dad20e,8.833940043230825,9.497510042154289,8.833940043230825,536.2789293194231,567.6117931906797,884.5606754113072,0.3159978782232965,0.009166666666666667,0.16721527777777778,0.49237982266774094,2.06762017733226,0.846131305416331,375.99436645507814,0.0,0.0,375.99436645507814,503.6943664550781,6634.205065584804,329.6845703125,30.0,746.2789293194231,0.0,1,P01_GAMMA06_M022_02_A00,P01_GAMMA06_M022_02,P01,M022,7386.0,7933.25,547.25,2.8339400432308253,6.0
E52_924cec2d58c933358893a332,10.624413809800686,12.302862284422105,10.624413809800686,416.670444788364,448.9844576972996,639.4568121231148,0.23874762537865796,0.009166666666666667,0.16721527777777778,0.4151295698231024,2.144870430176898,0.8702720094302805,387.7681549072266,0.0,0.0,387.7681549072266,515.4681549072266,4795.926090923361,252.644287109375,30.0,626.670444788364,0.0,1,P01_GAMMA06_M022_02_A00,P01_GAMMA06_M022_02,P01,M022,7386.0,7933.25,547.25,4.624413809800686,6.0
E52_96da4f081c74d8211b4b244f,11.344550318144897,12.47027426673894,11.344550318144897,406.4445801679392,437.368205859671,627.3474061854878,0.23339590098708082,0.009166666666666667,0.16721527777777778,0.4097778454315253,2.150222154568475,0.8719444233026483,371.08350830078126,0.0,0.0,371.08350830078126,498.78350830078125,4705.105546391158,251.37640380859375,30.0,616.4445801679392,0.0,1,P01_GAMMA06_M022_02_A00,P01_GAMMA06_M022_02,P01,M022,7386.0,7933.25,547.25,5.344550318144897,6.0
E52_a3836b1674b2d70f748125c1,6.57521379218305,18.388582284998307,6.57521379218305,238.77143733771516,265.74771093797557,315.68523307386783,0.1296256139323784,0.009166666666666667,0.16721527777777778,0.3060075583768228,2.253992441623178,0.9043726380072429,323.715283203125,0.0,0.0,323.715283203125,451.415283203125,2367.639248054009,217.29420471191406,30.0,448.77143733771516,0.0,1,P01_GAMMA06_M022_02_A00,P01_GAMMA06_M022_02,P01,M022,7386.0,7933.25,547.25,0.5752137921830496,6.0
E52_be69bdf55826f2eb34075d09,12.089343064167153,12.029424972929434,12.029424972929434,457.6877788138426,500.48965717077624,658.5642874860837,0.25604119113741575,0.009166666666666667,0.16721527777777778,0.4324231355818602,2.12757686441814,0.8648677701306687,513.6225402832031,0.0,0.0,513.6225402832031,641.3225402832031,4939.232156145627,341.3225402832031,30.0,667.6877788138427,0.0,1,P01_GAMMA06_M022_02_A00,P01_GAMMA06_M022_02,P01,M022,7386.0,7933.25,547.25,6.029424972929434,6.0
E52_bfffb2993ede6e2e2bd9340b,14.028371400881156,13.053008949478723,13.053008949478723,400.85355156655817,436.85476820067277,585.6998033284289,0.22550922551216515,0.009166666666666667,0.16721527777777778,0.40189116995660956,2.158108830043391,0.8744090093885595,432.014599609375,0.0,0.0,432.014599609375,559.714599609375,4392.748524963216,275.29461669921875,30.0,610.8535515665582,0.0,1,P01_GAMMA06_M022_02_A00,P01_GAMMA06_M022_02,P01,M022,7386.0,7933.25,547.25,7.053008949478723,6.0
E52_c98d1e580ba9a8920eeacbdb,9.033792486276212,9.995636820319618,9.033792486276212,531.3190315479533,569.3529452238973,834.4345810402425,0.30713490815373307,0.009166666666666667,0.16721527777777778,0.4835168525981775,2.076483147401823,0.8489009835630695,456.40696411132814,0.0,0.0,456.40696411132814,584.1069641113281,6258.259357801819,362.73199462890625,30.0,741.3190315479533,0.0,1,P01_GAMMA06_M022_02_A00,P01_GAMMA06_M022_02,P01,M022,7386.0,7933.25,547.25,3.0337924862762122,6.0
E52_d3460088443e86b69235cf2f,10.986388993003118,10.110906533633653,10.110906533633653,520.9986937965015,557.4049117530444,823.5600798537452,0.3019244763287566,0.009166666666666667,0.16721527777777778,0.478306420773201,2.0816935792267994,0.8505292435083747,436.87461547851564,0.0,0.0,436.87461547851564,564.5746154785156,6176.700598903089,276.8628845214844,30.0,730.9986937965015,0.0,1,P01_GAMMA06_M022_02_A00,P01_GAMMA06_M022_02,P01,M022,7386.0,7933.25,547.25,4.110906533633653,6.0
E52_d7f1f5d49edaa9f52000c452,11.569253065446404,12.917919470378578,11.569253065446404,397.7633482290822,431.12867517406926,595.3347347882426,0.22577474843651651,0.009166666666666667,0.16721527777777778,0.40215669288096095,2.1578433071190397,0.8743260334746997,400.38392333984376,0.0,0.0,400.38392333984376,528.0839233398438,4465.010510911819,278.08392333984375,30.0,607.7633482290822,0.0,1,P01_GAMMA06_M022_02_A00,P01_GAMMA06_M022_02,P01,M022,7386.0,7933.25,547.25,5.569253065446404,6.0
E52_dbe1bedc9b83d29f34556dbd,10.319763659808586,13.016499113861627,10.319763659808586,387.86022911882606,419.0031732004504,588.862793747906,0.22133620210273125,0.009166666666666667,0.16721527777777778,0.3977181465471757,2.162281853452825,0.8757130792040076,373.7153289794922,0.0,0.0,373.7153289794922,501.4153289794922,4416.470953109295,232.19436645507812,30.0,597.860229118826,0.0,1,P01_GAMMA06_M022_02_A00,P01_GAMMA06_M022_02,P01,M022,7386.0,7933.25,547.25,4.3197636598085865,6.0
E52_eb490529b308e18523949520,10.128050036405611,12.235001379754962,10.128050036405611,417.9327582223269,449.8180932544721,644.5535062517828,0.23991836791670462,0.009166666666666667,0.16721527777777778,0.41630031236114906,2.1436996876388514,0.869906152387141,382.6240203857422,0.0,0.0,382.6240203857422,510.3240203857422,4834.151296888371,255.67149353027344,30.0,627.9327582223269,0.0,1,P01_GAMMA06_M022_02_A00,P01_GAMMA06_M022_02,P01,M022,7386.0,7933.25,547.25,4.128050036405611,6.0
E52_eddf192c3626d88d236d26e4,6.44782069450909,17.034187922993553,6.44782069450909,241.72684180786888,260.473536754158,370.9735139380034,0.13850678679446915,0.009166666666666667,0.16721527777777778,0.3148887312389136,2.245111268761087,0.9015972714878395,224.96033935546876,0.0,0.0,224.96033935546876,352.66033935546875,2782.3013545350254,199.07135009765625,30.0,451.7268418078689,0.0,1,P01_GAMMA06_M022_02_A00,P01_GAMMA06_M022_02,P01,M022,7386.0,7933.25,547.25,0.44782069450909034,6.0
E52_ede4029bd5e695a7a0c85289,11.61837266330636,12.925612211179384,11.61837266330636,385.2633482290822,414.4620085074026,595.3347347882426,0.22132921844037454,0.009166666666666667,0.16721527777777778,0.397711162884819,2.1622888371151814,0.8757152615984941,350.38392333984376,0.0,0.0,350.38392333984376,478.08392333984375,4465.010510911819,278.08392333984375,30.0,595.2633482290822,0.0,1,P01_GAMMA06_M022_02_A00,P01_GAMMA06_M022_02,P01,M022,7386.0,7933.25,547.25,5.61837266330636,6.0
E52_fd527d975e1813662620f82c,11.639873585239812,12.45056667278017,11.639873585239812,418.2192341110554,452.9085204066283,628.3027504486734,0.23771876612520712,0.009166666666666667,0.16721527777777778,0.4141007105696516,2.145899289430349,0.8705935279469839,416.271435546875,0.0,0.0,416.271435546875,543.971435546875,4712.2706283650505,306.8754577636719,30.0,628.2192341110554,0.0,1,P01_GAMMA06_M022_02_A00,P01_GAMMA06_M022_02,P01,M022,7386.0,7933.25,547.25,5.639873585239812,6.0
E52_06eb0baa948af7ff52881bcf,6.1755238516849715,16.258674653736037,6.1755238516849715,296.7597053393259,328.36499963050426,403.88764493158146,0.16274021246714285,0.009166666666666667,0.007743923611111111,0.17965080274492062,2.3803491972550797,0.9438591241422123,379.26353149414064,0.0,0.0,379.26353149414064,506.9635314941406,3029.157336986861,306.9635314941406,30.0,506.7597053393259,0.0,1,P01_GAMMA06_M022_03_A00,P01_GAMMA06_M022_03,P01,M022,7940.75,7966.09375,25.34375,0.17552385168497153,6.0
E52_0c9d91fc306062a18ada9948,7.762464453013962,15.697900697510477,7.762464453013962,331.42241999480143,370.2725110389095,429.7442937249544,0.1787296459836012,0.009166666666666667,0.007743923611111111,0.19564023626137897,2.3643597637386216,0.938862426168319,466.2010925292969,0.0,0.0,466.2010925292969,593.9010925292969,3223.082202937158,326.7436828613281,30.0,541.4224199948014,0.0,1,P01_GAMMA06_M022_03_A00,P01_GAMMA06_M022_03,P01,M022,7940.75,7966.09375,25.34375,1.762464453013962,6.0
E52_1eac4bbcd37cec5d48241661,7.547649805097649,6.04580255430777,6.04580255430777,275.66392246828667,298.30930922772677,415.4555243799327,0.1568759382441215,0.009166666666666667,0.007743923611111111,0.17378652852189927,2.386213471478101,0.9456917098369064,271.74464111328126,0.0,0.0,271.74464111328126,399.44464111328125,3115.9164328494953,326.2397766113281,30.0,485.66392246828667,0.0,1,P01_GAMMA06_M022_03_A00,P01_GAMMA06_M022_03,P01,M022,7940.75,7966.09375,25.34375,0.04580255430776958,6.0
E52_1ef47ef68c1879e18ddbb164,7.544821023482498,9.684707827919368,7.544821023482498,525.9457118932837,556.9823492630754,865.6715995678175,0.30964781577290457,0.009166666666666667,0.007743923611111111,0.3265584060506823,2.233441593949318,0.8979504981091617,372.4396484375,0.0,0.0,372.4396484375,500.1396484375,6492.536996758631,304.7821350097656,30.0,735.9457118932837,0.0,1,P01_GAMMA06_M022_03_A00,P01_GAMMA06_M022_03,P01,M022,7940.75,7966.09375,25.34375,1.5448210234824984,6.0
E52_214ce9a3b3bd3fa9c582335a,8.951806118312106,15.138353346483314,8.951806118312106,331.46735474952504,365.31699057309277,459.8368945576438,0.1830074384559416,0.009166666666666667,0.007743923611111111,0.1999180287337194,2.3600819712662813,0.9375256160207127,406.1956298828125,0.0,0.0,406.1956298828125,533.8956298828125,3448.7767091823284,283.8956298828125,30.0,541.467354749525,0.0,1,P01_GAMMA06_M022_03_A00,P01_GAMMA06_M022_03,P01,M022,7940.75,7966.09375,25.34375,2.9518061183121063,6.0
E52_24cc4f01335372459fb4c2ba,13.475103304604573,12.909161020133865,12.909161020133865,410.2633482290822,447.7953418407359,595.3347347882426,0.23022027843265847,0.009166666666666667,0.007743923611111111,0.24713086871043624,2.312869131289564,0.9227716035279887,450.38392333984376,0.0,0.0,450.38392333984376,578.0839233398438,4465.010510911819,278.08392333984375,30.0,620.2633482290822,0.0,1,P01_GAMMA06_M022_03_A00,P01_GAMMA06_M022_03,P01,M022,7940.75,7966.09375,25.34375,6.909161020133865,6.0
E52_27bf01e9e990859ae5993708,7.516793395363706,15.932490639468014,7.516793395363706,318.6138217216496,355.0514931287134,418.60161500091635,0.17259630304263499,0.009166666666666667,0.007743923611111111,0.18950689332041276,2.3704931066795876,0.940779095837371,437.25205688476564,0.0,0.0,437.25205688476564,564.9520568847656,3139.5121125068727,326.2397766113281,30.0,528.6138217216496,0.0,1,P01_GAMMA06_M022_03_A00,P01_GAMMA06_M022_03,P01,M022,7940.75,7966.09375,25.34375,1.516793395363706,6.0
E52_27bf1882d0e1a812c8450c72,6.471893562143038,16.18675851321828,6.471893562143038,334.03154784809436,377.9609795090644,404.48650573036844,0.17608047258726683,0.009166666666666667,0.007743923611111111,0.1929910628650446,2.367008937134956,0.9396902928546735,527.1531799316406,0.0,0.0,527.1531799316406,654.8531799316406,3033.648792977763,359.1753845214844,30.0,544.0315478480943,0.0,1,P01_GAMMA06_M022_03_A00,P01_GAMMA06_M022_03,P01,M022,7940.75,7966.09375,25.34375,0.47189356214303757,6.0
E52_27fdcb9bc2da20af468e67a1,8.315863129578489,15.630401191469062,8.315863129578489,333.5201066466774,372.5049327982074,433.1312563841751,0.1799553449394086,0.009166666666666667,0.007743923611111111,0.19686593521718637,2.3631340647828143,0.9384793952446293,467.8179138183594,0.0,0.0,467.8179138183594,595.5179138183594,3248.4844228813135,322.1230773925781,30.0,543.5201066466774,0.0,1,P01_GAMMA06_M022_03_A00,P01_GAMMA06_M022_03,P01,M022,7940.75,7966.09375,25.34375,2.3158631295784886,6.0
E52_2cea01313b8862fcfb6b2e63,12.339744810155835,16.460055432828085,12.339744810155835,259.5957489704318,280.08528245838755,396.2542970131293,0.148442074342722,0.009166666666666667,0.007743923611111111,0.16535266462049977,2.3946473353795006,0.9483272923060938,245.87440185546876,0.0,0.0,245.87440185546876,373.57440185546875,2971.90722759847,231.8917236328125,30.0,469.5957489704318,0.0,1,P01_GAMMA06_M022_03_A00,P01_GAMMA06_M022_03,P01,M022,7940.75,7966.09375,25.34375,6.339744810155835,6.0
E52_2d7a36258a59c18fc6a856bf,6.934744863675888,16.662039037059316,6.934744863675888,318.72117968179435,361.17160743651436,382.73979283526836,0.16755561647288383,0.009166666666666667,0.007743923611111111,0.1844662067506616,2.375533793249339,0.9423543103904183,509.40513305664064,0.0,0.0,509.40513305664064,637.1051330566406,2870.5484462645127,346.4301452636719,30.0,528.7211796817944,0.0,1,P01_GAMMA06_M022_03_A00,P01_GAMMA06_M022_03,P01,M022,7940.75,7966.09375,25.34375,0.9347448636758884,6.0
E52_2dadfb43d7dd9558e21effa9,12.816749270847225,12.85982438864363,12.816749270847225,396.07517918576866,428.1792069974549,599.5261915014202,0.22576797164618329,0.009166666666666667,0.007743923611111111,0.24267856192396106,2.3173214380760396,0.9241629493987622,385.2483337402344,0.0,0.0,385.2483337402344,512.9483337402344,4496.446436260651,248.30487060546875,30.0,606.0751791857687,0.0,1,P01_GAMMA06_M022_03_A00,P01_GAMMA06_M022_03,P01,M022,7940.75,7966.09375,25.34375,6.816749270847225,6.0
E52_2e64690809088e2a96fb2160,7.24071717012805,9.500767968691491,7.24071717012805,523.7789293194231,550.945126524013,884.5606754113072,0.31155234822715455,0.009166666666666667,0.007743923611111111,0.3284629385049323,2.231537061495068,0.8973553317172087,325.99436645507814,0.0,0.0,325.99436645507814,453.6943664550781,6634.205065584804,329.6845703125,30.0,733.7789293194231,0.0,1,P01_GAMMA06_M022_03_A00,P01_GAMMA06_M022_03,P01,M022,7940.75,7966.09375,25.34375,1.2407171701280504,6.0
E52_326bd9096774308657b14836,7.1469786633223436,6.820761438549596,6.820761438549596,254.20783025924425,275.6237299174474,379.92026256926977,0.1442126230476059,0.009166666666666667,0.007743923611111111,0.16112321332538368,2.398876786674617,0.9496489958358176,256.9907958984375,0.0,0.0,256.9907958984375,384.6907958984375,2849.4019692695233,334.6907958984375,30.0,464.20783025924425,0.0,1,P01_GAMMA06_M022_03_A00,P01_GAMMA06_M022_03,P01,M022,7940.75,7966.09375,25.34375,0.8207614385495958,6.0
E52_357bbbd4dc4420221c875ea3,10.658590538298071,12.241245229232817,10.658590538298071,405.4327582223269,433.1514265878055,644.5535062517828,0.23547283792056264,0.009166666666666667,0.007743923611111111,0.2523834281983404,2.30761657180166,0.9211301786880186,332.6240203857422,0.0,0.0,332.6240203857422,460.3240203857422,4834.151296888371,255.67149353027344,30.0,615.4327582223269,0.0,1,P01_GAMMA06_M022_03_A00,P01_GAMMA06_M022_03,P01,M022,7940.75,7966.09375,25.34375,4.658590538298071,6.0
E52_3a94b6482baa2cfaba8a857d,6.705002308722328,16.425448776817632,6.705002308722328,326.01303055755295,369.111023518165,393.4381033514341,0.17166403726355467,0.009166666666666667,0.007743923611111111,0.18857462754133245,2.3714253724586682,0.9410704288933336,517.1759155273437,0.0,0.0,517.1759155273437,644.8759155273438,2950.785775135756,352.4370422363281,30.0,536.013030557553,0.0,1,P01_GAMMA06_M022_03_A00,P01_GAMMA06_M022_03,P01,M022,7940.75,7966.09375,25.34375,0.705002308722328,6.0
E52_413d3eff5d481ef66f8d3068,7.220018548390186,9.493762996477216,7.220018548390186,548.7789293194231,584.2784598573463,884.5606754113072,0.3204434082194385,0.009166666666666667,0.007743923611111111,0.33735399849721626,2.2226460015027842,0.89457687546962,425.99436645507814,0.0,0.0,425.99436645507814,553.6943664550781,6634.205065584804,329.6845703125,30.0,758.7789293194231,0.0,1,P01_GAMMA06_M022_03_A00,P01_GAMMA06_M022_03,P01,M022,7940.75,7966.09375,25.34375,1.2200185483901862,6.0
E52_437c6a333219b14c3939f26c,7.518902657794328,6.0194831627628105,6.0194831627628105,277.09771274073506,296.211315442558,417.14117438283733,0.1570562493971614,0.009166666666666667,0.007743923611111111,0.17396683967493917,2.3860331603250615,0.9456353626015815,248.53977661132814,19.176544189453125,19.176544189453125,248.53977661132814,376.2397766113281,3128.55880787128,326.2397766113281,30.0,487.09771274073506,0.0,1,P01_GAMMA06_M022_03_A00,P01_GAMMA06_M022_03,P01,M022,7940.75,7966.09375,25.34375,0.01948316276281048,6.0
E52_44ed69e1d99dc074a7941a18,9.282817077159478,8.900383690419545,8.900383690419545,188.27556058823757,199.0276355292369,299.7078152072368,0.1090911242968749,0.009166666666666667,0.007743923611111111,0.12600171457465267,2.4339982854253477,0.960624464195421,139.59420471191407,10.569305419921875,10.569305419921875,139.59420471191407,267.29420471191406,2247.808614054276,217.29420471191406,30.0,398.27556058823757,0.0,1,P01_GAMMA06_M022_03_A00,P01_GAMMA06_M022_03,P01,M022,7940.75,7966.09375,25.34375,2.9003836904195452,6.0
E52_4cf0fac9feb721651efb2830,10.350393977858218,17.82597875173802,10.350393977858218,242.69354898018014,267.32891198677197,337.5749199208095,0.13412057160327687,0.009166666666666667,0.007743923611111111,0.15103116188105464,2.408968838118946,0.9528027619121704,295.6243560791016,0.0,0.0,295.6243560791016,423.32435607910156,2531.8118994060715,217.31182861328125,30.0,452.69354898018014,0.0,1,P01_GAMMA06_M022_03_A00,P01_GAMMA06_M022_03,P01,M022,7940.75,7966.09375,25.34375,4.350393977858218,6.0
E52_50c718ca7f326f764494c89d,17.918410001882506,13.080943299176411,13.080943299176411,350.85355156655817,370.1881015340061,585.6998033284289,0.20772710552759727,0.009166666666666667,0.007743923611111111,0.22463769580537504,2.3353623041946254,0.9298007200608203,232.014599609375,0.0,0.0,232.014599609375,359.714599609375,4392.748524963216,275.29461669921875,30.0,560.8535515665582,0.0,1,P01_GAMMA06_M022_03_A00,P01_GAMMA06_M022_03,P01,M022,7940.75,7966.09375,25.34375,7.080943299176411,6.0
E52_515a3b7c8d98426ee13f2b4e,11.51718042404481,17.07508762021844,11.51718042404481,242.68536134104386,262.0561394884234,369.14605379781034,0.13858886614696947,0.009166666666666667,0.007743923611111111,0.15549945642474725,2.4045005435752533,0.9514064198672665,232.4493377685547,0.0,0.0,232.4493377685547,360.1493377685547,2768.5954034835777,210.1493377685547,30.0,452.68536134104386,0.0,1,P01_GAMMA06_M022_03_A00,P01_GAMMA06_M022_03,P01,M022,7940.75,7966.09375,25.34375,5.51718042404481,6.0
E52_60b76d98beea93305f35c25d,11.689107197156062,16.79058398580294,11.689107197156062,271.8613885249859,299.0873836523459,380.3668062858116,0.15055421784231732,0.009166666666666667,0.007743923611111111,0.1674648081200951,2.3925351918799054,0.9476672474624703,326.7119415283203,0.0,0.0,326.7119415283203,454.4119415283203,2852.751047143587,241.2421875,30.0,481.8613885249859,0.0,1,P01_GAMMA06_M022_03_A00,P01_GAMMA06_M022_03,P01,M022,7940.75,7966.09375,25.34375,5.689107197156062,6.0
E52_68694062ed2e2e792aeb51a9,8.3883552619847,17.695890544520793,8.3883552619847,262.3147609906027,292.8212075746684,341.5908424768108,0.1416674545099547,0.009166666666666667,0.007743923611111111,0.15857804478773246,2.401421955212268,0.9504443610038336,366.0773590087891,0.0,0.0,366.0773590087891,493.77735900878906,2561.931318576081,213.8477783203125,30.0,472.3147609906027,0.0,1,P01_GAMMA06_M022_03_A00,P01_GAMMA06_M022_03,P01,M022,7940.75,7966.09375,25.34375,2.3883552619846995,6.0
E52_6aa461eda22a4c53e6730e81,7.020731882796852,6.478254834226846,6.478254834226846,265.8104536255181,288.3542041341444,395.1560268799425,0.15046620221455187,0.009166666666666667,0.007743923611111111,0.16737679249232965,2.392623207507671,0.947694752346147,271.555615234375,1.030609130859375,1.030609130859375,271.555615234375,399.255615234375,2963.670201599569,349.255615234375,30.0,475.8104536255181,0.0,1,P01_GAMMA06_M022_03_A00,P01_GAMMA06_M022_03,P01,M022,7940.75,7966.09375,25.34375,0.47825483422684556,6.0
E52_76b4f0bdabd1ccab126282dd,11.122083003216943,17.180198899819032,11.122083003216943,244.7670432960008,265.6078646257534,364.489158613486,0.13866967590706417,0.009166666666666667,0.007743923611111111,0.15558026618484194,2.4044197338151587,0.951381166817237,250.08985595703126,0.0,0.0,250.08985595703126,377.78985595703125,2733.6686896011447,241.2421875,30.0,454.7670432960008,0.0,1,P01_GAMMA06_M022_03_A00,P01_GAMMA06_M022_03,P01,M022,7940.75,7966.09375,25.34375,5.122083003216943,6.0
E52_7e5f4a4eaf9aa5b10576997a,12.907674176473392,13.086620585622072,12.907674176473392,384.11958913832314,414.7999833745699,584.1568128591658,0.21933939564120059,0.009166666666666667,0.007743923611111111,0.23624998591897836,2.323750014081022,0.9261718794003193,368.16473083496095,0.0,0.0,368.16473083496095,495.86473083496094,4381.1760964437435,247.829345703125,30.0,594.1195891383231,0.0,1,P01_GAMMA06_M022_03_A00,P01_GAMMA06_M022_03,P01,M022,7940.75,7966.09375,25.34375,6.907674176473392,6.0
E52_82c821a5773d0bfbe554f10a,8.07672744106118,11.397135806608844,8.07672744106118,512.9354114719376,566.0737563002253,707.0407539741487,0.2825549862639304,0.009166666666666667,0.007743923611111111,0.29946557654170813,2.2605344234582923,0.9064170073307162,637.6601379394531,0.0,0.0,637.6601379394531,765.3601379394531,5302.805654806116,465.3601379394531,30.0,722.9354114719376,0.0,1,P01_GAMMA06_M022_03_A00,P01_GAMMA06_M022_03,P01,M022,7940.75,7966.09375,25.34375,2.0767274410611805,6.0
E52_831cee7e7a3a549796e42b18,7.938192540994621,10.042846261792022,7.938192540994621,524.445203057942,560.9167693217765,830.061008532876,0.3040708837654974,0.009166666666666667,0.007743923611111111,0.32098147404327515,2.2390185259567255,0.8996932893614765,437.65879516601564,0.0,0.0,437.65879516601564,565.3587951660156,6225.457563996571,359.5916748046875,30.0,734.445203057942,0.0,1,P01_GAMMA06_M022_03_A00,P01_GAMMA06_M022_03,P01,M022,7940.75,7966.09375,25.34375,1.9381925409946206,6.0
E52_88c1c7aba1fcf94c58dad20e,7.2318152001826945,9.497510042154289,7.2318152001826945,536.2789293194231,567.6117931906797,884.5606754113072,0.3159978782232965,0.009166666666666667,0.007743923611111111,0.33290846850107425,2.2270915314989264,0.8959661035934143,375.99436645507814,0.0,0.0,375.99436645507814,503.6943664550781,6634.205065584804,329.6845703125,30.0,746.2789293194231,0.0,1,P01_GAMMA06_M022_03_A00,P01_GAMMA06_M022_03,P01,M022,7940.75,7966.09375,25.34375,1.2318152001826945,6.0
E52_8ca7795ffa642a3b129c0a3d,7.795720206060025,15.730152054416479,7.795720206060025,330.94608252023,369.9122522589995,428.0951466078428,0.17832668261553564,0.009166666666666667,0.007743923611111111,0.1952372728933134,2.364762727106687,0.9389883522208395,467.5940368652344,0.0,0.0,467.5940368652344,595.2940368652344,3210.713599558821,335.390380859375,30.0,540.94608252023,0.0,1,P01_GAMMA06_M022_03_A00,P01_GAMMA06_M022_03,P01,M022,7940.75,7966.09375,25.34375,1.7957202060600252,6.0
E52_9026ce0d2a5dd9a75ef73c8e,6.074725292957709,6.720084116703532,6.074725292957709,248.61637070099954,267.37077642202814,384.70630707582717,0.14290187810434732,0.009166666666666667,0.007743923611111111,0.1598124683821251,2.4001875316178753,0.9500586036305859,225.05286865234376,0.0,0.0,225.05286865234376,352.75286865234375,2885.297303068704,302.75286865234375,30.0,458.61637070099954,0.0,1,P01_GAMMA06_M022_03_A00,P01_GAMMA06_M022_03,P01,M022,7940.75,7966.09375,25.34375,0.07472529295770869,6.0
E52_924cec2d58c933358893a332,11.18586044865549,12.302862284422105,11.18586044865549,416.670444788364,448.9844576972996,639.4568121231148,0.23874762537865796,0.009166666666666667,0.007743923611111111,0.2556582156564357,2.3043417843435647,0.9201068076073639,387.7681549072266,0.0,0.0,387.7681549072266,515.4681549072266,4795.926090923361,252.644287109375,30.0,626.670444788364,0.0,1,P01_GAMMA06_M022_03_A00,P01_GAMMA06_M022_03,P01,M022,7940.75,7966.09375,25.34375,5.18586044865549,6.0
E52_96da4f081c74d8211b4b244f,12.160489217673131,12.47027426673894,12.160489217673131,406.4445801679392,437.368205859671,627.3474061854878,0.23339590098708082,0.009166666666666667,0.007743923611111111,0.2503064912648586,2.309693508735142,0.9217792214797317,371.08350830078126,0.0,0.0,371.08350830078126,498.78350830078125,4705.105546391158,251.37640380859375,30.0,616.4445801679392,0.0,1,P01_GAMMA06_M022_03_A00,P01_GAMMA06_M022_03,P01,M022,7940.75,7966.09375,25.34375,6.160489217673131,6.0
E52_a3836b1674b2d70f748125c1,9.764433818730893,18.388582284998307,9.764433818730893,238.77143733771516,265.74771093797557,315.68523307386783,0.1296256139323784,0.009166666666666667,0.007743923611111111,0.14653620421015617,2.4134637957898444,0.9542074361843262,323.715283203125,0.0,0.0,323.715283203125,451.415283203125,2367.639248054009,217.29420471191406,30.0,448.77143733771516,0.0,1,P01_GAMMA06_M022_03_A00,P01_GAMMA06_M022_03,P01,M022,7940.75,7966.09375,25.34375,3.764433818730893,6.0
E52_a77602565c04dca5831f9b7a,7.947145148508085,15.758600383852013,7.947145148508085,295.3505394617105,322.31471665694164,428.9160157520343,0.16578365241547813,0.009166666666666667,0.007743923611111111,0.1826942426932559,2.3773057573067446,0.9429080491583576,323.57012634277345,0.0,0.0,323.57012634277345,451.27012634277344,3216.870118140257,284.58648681640625,30.0,505.3505394617105,0.0,1,P01_GAMMA06_M022_03_A00,P01_GAMMA06_M022_03,P01,M022,7940.75,7966.09375,25.34375,1.9471451485080848,6.0
E52_b544b4d7beda1d6ed7fbeefb,7.623254059064095,16.252686834440453,7.623254059064095,293.91354735972715,324.49113296153376,404.3615811086144,0.16179511839250177,0.009166666666666667,0.007743923611111111,0.17870570867027954,2.381294291329721,0.9441544660405377,366.9310272216797,0.0,0.0,366.9310272216797,494.6310272216797,3032.711858314608,277.91845703125,30.0,503.91354735972715,0.0,1,P01_GAMMA06_M022_03_A00,P01_GAMMA06_M022_03,P01,M022,7940.75,7966.09375,25.34375,1.6232540590640951,6.0
E52_b60e4d2a4cdcd5801a5d757f,7.414419432641111,16.480566458341656,7.414419432641111,308.26023760270465,345.626388522301,392.32356968783114,0.16519254750221457,0.009166666666666667,0.007743923611111111,0.18210313777999235,2.377896862220008,0.9430927694437524,448.39381103515626,0.0,0.0,448.39381103515626,576.0938110351562,2942.4267726587336,326.2397766113281,30.0,518.2602376027046,0.0,1,P01_GAMMA06_M022_03_A00,P01_GAMMA06_M022_03,P01,M022,7940.75,7966.09375,25.34375,1.414419432641111,6.0
E52_b7c433bb400c5a28313b13f0,7.923903135825654,16.00220965111248,7.923903135825654,270.63016208552887,291.2047849391259,417.8125870494757,0.1554195344851095,0.009166666666666667,0.007743923611111111,0.17233012476288728,2.3876698752371133,0.9461468360115978,246.89547424316407,0.0,0.0,246.89547424316407,374.59547424316406,3133.594402871068,284.58648681640625,30.0,480.63016208552887,0.0,1,P01_GAMMA06_M022_03_A00,P01_GAMMA06_M022_03,P01,M022,7940.75,7966.09375,25.34375,1.923903135825654,6.0
E52_be69bdf55826f2eb34075d09,11.82607713094211,12.029424972929434,11.82607713094211,457.6877788138426,500.48965717077624,658.5642874860837,0.25604119113741575,0.009166666666666667,0.007743923611111111,0.2729517814151935,2.287048218584807,0.9147025683077521,513.6225402832031,0.0,0.0,513.6225402832031,641.3225402832031,4939.232156145627,341.3225402832031,30.0,667.6877788138427,0.0,1,P01_GAMMA06_M022_03_A00,P01_GAMMA06_M022_03,P01,M022,7940.75,7966.09375,25.34375,5.82607713094211,6.0
E52_bfffb2993ede6e2e2bd9340b,17.568205176723353,13.053008949478723,13.053008949478723,400.85355156655817,436.85476820067277,585.6998033284289,0.22550922551216515,0.009166666666666667,0.007743923611111111,0.24241981578994293,2.3175801842100574,0.9242438075656428,432.014599609375,0.0,0.0,432.014599609375,559.714599609375,4392.748524963216,275.29461669921875,30.0,610.8535515665582,0.0,1,P01_GAMMA06_M022_03_A00,P01_GAMMA06_M022_03,P01,M022,7940.75,7966.09375,25.34375,7.053008949478723,6.0
E52_c0294c7ff44d44fc4ede8d97,7.094813729074815,16.7256600789149,7.094813729074815,316.70783025924425,358.9570632507807,379.92026256926977,0.16644027302831577,0.009166666666666667,0.007743923611111111,0.18335086330609354,2.376649136693907,0.9427028552168457,506.9907958984375,0.0,0.0,506.9907958984375,634.6907958984375,2849.4019692695233,334.6907958984375,30.0,526.7078302592442,0.0,1,P01_GAMMA06_M022_03_A00,P01_GAMMA06_M022_03,P01,M022,7940.75,7966.09375,25.34375,1.094813729074815,6.0
E52_c76d93c5902d0dc017f7065c,7.682091774611905,16.05706218628906,7.682091774611905,260.86241804033426,278.57034040361555,415.47730190098105,0.1516149798935124,0.009166666666666667,0.007743923611111111,0.1685255701712902,2.3914744298287105,0.9473357593214718,212.495068359375,0.0,0.0,212.495068359375,340.195068359375,3116.079764257358,277.91845703125,30.0,470.86241804033426,0.0,1,P01_GAMMA06_M022_03_A00,P01_GAMMA06_M022_03,P01,M022,7940.75,7966.09375,25.34375,1.682091774611905,6.0
E52_c98d1e580ba9a8920eeacbdb,7.682792099954227,9.995636820319618,7.682792099954227,531.3190315479533,569.3529452238973,834.4345810402425,0.30713490815373307,0.009166666666666667,0.007743923611111111,0.3240454984315108,2.23595450156849,0.8987357817401529,456.40696411132814,0.0,0.0,456.40696411132814,584.1069641113281,6258.259357801819,362.73199462890625,30.0,741.3190315479533,0.0,1,P01_GAMMA06_M022_03_A00,P01_GAMMA06_M022_03,P01,M022,7940.75,7966.09375,25.34375,1.6827920999542272,6.0
E52_d1d4424e0dfaa7a0ce62d445,6.551877475690802,12.872868339328704,6.551877475690802,402.0751033963921,436.37951216917855,598.3237541560654,0.22773150601213982,0.009166666666666667,0.007743923611111111,0.2446420962899176,2.315357903710083,0.9235493449094008,411.6529052734375,0.0,0.0,411.6529052734375,539.3529052734375,4487.428156170491,269.83203125,30.0,612.075103396392,0.0,1,P01_GAMMA06_M022_03_A00,P01_GAMMA06_M022_03,P01,M022,7940.75,7966.09375,25.34375,0.5518774756908016,6.0
E52_d22cbe82615c6d2ee0ebf49f,7.765272713632115,15.758568264926964,7.765272713632115,318.17309843891866,352.9726015110215,427.5491784452201,0.1737067461230003,0.009166666666666667,0.007743923611111111,0.19061733640077808,2.3693826635992226,0.9404320823747568,417.5940368652344,0.0,0.0,417.5940368652344,545.2940368652344,3206.618838339151,335.390380859375,30.0,528.1730984389187,0.0,1,P01_GAMMA06_M022_03_A00,P01_GAMMA06_M022_03,P01,M022,7940.75,7966.09375,25.34375,1.7652727136321147,6.0
E52_d3460088443e86b69235cf2f,8.949383826342398,10.110906533633653,8.949383826342398,520.9986937965015,557.4049117530444,823.5600798537452,0.3019244763287566,0.009166666666666667,0.007743923611111111,0.3188350666065343,2.241164933393466,0.900364041685458,436.87461547851564,0.0,0.0,436.87461547851564,564.5746154785156,6176.700598903089,276.8628845214844,30.0,730.9986937965015,0.0,1,P01_GAMMA06_M022_03_A00,P01_GAMMA06_M022_03,P01,M022,7940.75,7966.09375,25.34375,2.949383826342398,6.0
E52_d7f1f5d49edaa9f52000c452,13.531197597771367,12.917919470378578,12.917919470378578,397.7633482290822,431.12867517406926,595.3347347882426,0.22577474843651651,0.009166666666666667,0.007743923611111111,0.2426853387142943,2.3173146612857063,0.9241608316517831,400.38392333984376,0.0,0.0,400.38392333984376,528.0839233398438,4465.010510911819,278.08392333984375,30.0,607.7633482290822,0.0,1,P01_GAMMA06_M022_03_A00,P01_GAMMA06_M022_03,P01,M022,7940.75,7966.09375,25.34375,6.917919470378578,6.0
E52_dbe1bedc9b83d29f34556dbd,12.208136690280625,13.016499113861627,12.208136690280625,387.86022911882606,419.0031732004504,588.862793747906,0.22133620210273125,0.009166666666666667,0.007743923611111111,0.23824679238050903,2.3217532076194916,0.9255478773810909,373.7153289794922,0.0,0.0,373.7153289794922,501.4153289794922,4416.470953109295,232.19436645507812,30.0,597.860229118826,0.0,1,P01_GAMMA06_M022_03_A00,P01_GAMMA06_M022_03,P01,M022,7940.75,7966.09375,25.34375,6.208136690280625,6.0
E52_dbec4f1422e98765afb262aa,6.29394221716575,16.38523852602286,6.29394221716575,322.5402116809159,364.1002534899979,395.72017250733956,0.1707521496628321,0.009166666666666667,0.007743923611111111,0.18766273994060986,2.372337260059391,0.9413553937685595,498.7205017089844,0.0,0.0,498.7205017089844,626.4205017089844,2967.901293805047,326.4205017089844,30.0,532.540211680916,0.0,1,P01_GAMMA06_M022_03_A00,P01_GAMMA06_M022_03,P01,M022,7940.75,7966.09375,25.34375,0.29394221716574975,6.0
E52_dc4c132291b7b9525a26c82f,7.641162522101411,16.290878065555617,7.641162522101411,256.41354735972715,274.49113296153376,404.3615811086144,0.14845852840407586,0.009166666666666667,0.007743923611111111,0.16536911868185364,2.3946308813181467,0.9483221504119207,216.9310272216797,0.0,0.0,216.9310272216797,344.6310272216797,3032.711858314608,277.91845703125,30.0,466.41354735972715,0.0,1,P01_GAMMA06_M022_03_A00,P01_GAMMA06_M022_03,P01,M022,7940.75,7966.09375,25.34375,1.6411625221014106,6.0
E52_de2c36302e014a6d0284c896,7.45920562642722,15.994052628622484,7.45920562642722,325.41177480357015,364.7238282296769,414.95122905049965,0.1744969638873427,0.009166666666666667,0.007743923611111111,0.19140755416512048,2.36859244583488,0.9401851393233999,471.74464111328126,0.0,0.0,471.74464111328126,599.4446411132812,3112.134217878747,325.15069580078125,30.0,535.4117748035701,0.0,1,P01_GAMMA06_M022_03_A00,P01_GAMMA06_M022_03,P01,M022,7940.75,7966.09375,25.34375,1.4592056264272202,6.0
E52_e0cd6bab1a22c4530d9a254c,6.335313582288023,6.471069764274475,6.335313582288023,260.0402116809159,280.7669201566646,395.72017250733956,0.14852449968212222,0.009166666666666667,0.007743923611111111,0.1654350899599,2.3945649100401005,0.9483015343875313,248.7205017089844,0.0,0.0,248.7205017089844,376.4205017089844,2967.901293805047,326.4205017089844,30.0,470.0402116809159,0.0,1,P01_GAMMA06_M022_03_A00,P01_GAMMA06_M022_03,P01,M022,7940.75,7966.09375,25.34375,0.3353135822880233,6.0
E52_ea76d341ab82f2ebc1fa1efe,7.502006879103035,6.056283714240493,6.056283714240493,275.41177480357015,298.05716156301025,414.95122905049965,0.15671484390277482,0.009166666666666667,0.007743923611111111,0.1736254341805526,2.3863745658194477,0.9457420518185773,271.74464111328126,0.0,0.0,271.74464111328126,399.44464111328125,3112.134217878747,325.15069580078125,30.0,485.41177480357015,0.0,1,P01_GAMMA06_M022_03_A00,P01_GAMMA06_M022_03,P01,M022,7940.75,7966.09375,25.34375,0.056283714240493055,6.0
E52_eab18c460278cfbad2c20da0,8.40894140596727,7.760329046990023,7.760329046990023,212.31476099060268,226.15454090800176,341.5908424768108,0.12388533452538679,0.009166666666666667,0.007743923611111111,0.14079592480316458,2.419204075196836,0.9560012734990111,166.07735900878907,0.0,0.0,166.07735900878907,293.77735900878906,2561.931318576081,213.8477783203125,30.0,422.3147609906027,0.0,1,P01_GAMMA06_M022_03_A00,P01_GAMMA06_M022_03,P01,M022,7940.75,7966.09375,25.34375,1.760329046990023,6.0
E52_eb490529b308e18523949520,10.638210442004535,12.235001379754962,10.638210442004535,417.9327582223269,449.8180932544721,644.5535062517828,0.23991836791670462,0.009166666666666667,0.007743923611111111,0.25682895819448237,2.303171041805518,0.9197409505642242,382.6240203857422,0.0,0.0,382.6240203857422,510.3240203857422,4834.151296888371,255.67149353027344,30.0,627.9327582223269,0.0,1,P01_GAMMA06_M022_03_A00,P01_GAMMA06_M022_03,P01,M022,7940.75,7966.09375,25.34375,4.638210442004535,6.0
E52_eddf192c3626d88d236d26e4,9.181263290202835,17.034187922993553,9.181263290202835,241.72684180786888,260.473536754158,370.9735139380034,0.13850678679446915,0.009166666666666667,0.007743923611111111,0.15541737707224693,2.4045826229277534,0.9514320696649229,224.96033935546876,0.0,0.0,224.96033935546876,352.66033935546875,2782.3013545350254,199.07135009765625,30.0,451.7268418078689,0.0,1,P01_GAMMA06_M022_03_A00,P01_GAMMA06_M022_03,P01,M022,7940.75,7966.09375,25.34375,3.1812632902028355,6.0
E52_ede4029bd5e695a7a0c85289,13.575426523693835,12.925612211179384,12.925612211179384,385.2633482290822,414.4620085074026,595.3347347882426,0.22132921844037454,0.009166666666666667,0.007743923611111111,0.2382398087181523,2.3217601912818484,0.9255500597755774,350.38392333984376,0.0,0.0,350.38392333984376,478.08392333984375,4465.010510911819,278.08392333984375,30.0,595.2633482290822,0.0,1,P01_GAMMA06_M022_03_A00,P01_GAMMA06_M022_03,P01,M022,7940.75,7966.09375,25.34375,6.925612211179384,6.0
E52_fd527d975e1813662620f82c,12.407246528373832,12.45056667278017,12.407246528373832,418.2192341110554,452.9085204066283,628.3027504486734,0.23771876612520712,0.009166666666666667,0.007743923611111111,0.2546293564029849,2.3053706435970156,0.9204283261240672,416.271435546875,0.0,0.0,416.271435546875,543.971435546875,4712.2706283650505,306.8754577636719,30.0,628.2192341110554,0.0,1,P01_GAMMA06_M022_03_A00,P01_GAMMA06_M022_03,P01,M022,7940.75,7966.09375,25.34375,6.4072465283738325,6.0
E52_06eb0baa948af7ff52881bcf,7.335705486504153,16.258674653736037,7.335705486504153,296.7597053393259,328.36499963050426,403.88764493158146,0.16274021246714285,0.009166666666666667,0.002310763888888889,0.1742176430226984,2.3857823569773022,0.9455569865554068,379.26353149414064,0.0,0.0,379.26353149414064,506.9635314941406,3029.157336986861,306.9635314941406,30.0,506.7597053393259,0.0,1,P01_GAMMA06_M022_04_A00,P01_GAMMA06_M022_04,P01,M022,7979.0625,7986.625,7.5625,1.3357054865041533,6.0
E52_0c9d91fc306062a18ada9948,9.041113153752775,15.697900697510477,9.041113153752775,331.42241999480143,370.2725110389095,429.7442937249544,0.1787296459836012,0.009166666666666667,0.002310763888888889,0.19020707653915675,2.3697929234608437,0.9405602885815135,466.2010925292969,0.0,0.0,466.2010925292969,593.9010925292969,3223.082202937158,326.7436828613281,30.0,541.4224199948014,0.0,1,P01_GAMMA06_M022_04_A00,P01_GAMMA06_M022_04,P01,M022,7979.0625,7986.625,7.5625,3.041113153752775,6.0
E52_1eac4bbcd37cec5d48241661,8.87416656154393,6.04580255430777,6.04580255430777,275.66392246828667,298.30930922772677,415.4555243799327,0.1568759382441215,0.009166666666666667,0.002310763888888889,0.16835336879967705,2.3916466312003233,0.9473895722501009,271.74464111328126,0.0,0.0,271.74464111328126,399.44464111328125,3115.9164328494953,326.2397766113281,30.0,485.66392246828667,0.0,1,P01_GAMMA06_M022_04_A00,P01_GAMMA06_M022_04,P01,M022,7979.0625,7986.625,7.5625,0.04580255430776958,6.0
E52_1ef47ef68c1879e18ddbb164,6.653015198134668,9.684707827919368,6.653015198134668,525.9457118932837,556.9823492630754,865.6715995678175,0.30964781577290457,0.009166666666666667,0.002310763888888889,0.3211252463284601,2.2388747536715403,0.8996483605223562,372.4396484375,0.0,0.0,372.4396484375,500.1396484375,6492.536996758631,304.7821350097656,30.0,735.9457118932837,0.0,1,P01_GAMMA06_M022_04_A00,P01_GAMMA06_M022_04,P01,M022,7979.0625,7986.625,7.5625,0.6530151981346677,6.0
E52_214ce9a3b3bd3fa9c582335a,10.23217440214826,15.138353346483314,10.23217440214826,331.46735474952504,365.31699057309277,459.8368945576438,0.1830074384559416,0.009166666666666667,0.002310763888888889,0.19448486901149717,2.3655151309885034,0.9392234784339072,406.1956298828125,0.0,0.0,406.1956298828125,533.8956298828125,3448.7767091823284,283.8956298828125,30.0,541.467354749525,0.0,1,P01_GAMMA06_M022_04_A00,P01_GAMMA06_M022_04,P01,M022,7979.0625,7986.625,7.5625,4.23217440214826,6.0
E52_24cc4f01335372459fb4c2ba,12.865033526286481,12.909161020133865,12.865033526286481,410.2633482290822,447.7953418407359,595.3347347882426,0.23022027843265847,0.009166666666666667,0.002310763888888889,0.24169770898821402,2.3183022910117863,0.9244694659411832,450.38392333984376,0.0,0.0,450.38392333984376,578.0839233398438,4465.010510911819,278.08392333984375,30.0,620.2633482290822,0.0,1,P01_GAMMA06_M022_04_A00,P01_GAMMA06_M022_04,P01,M022,7979.0625,7986.625,7.5625,6.8650335262864814,6.0
E52_27bf01e9e990859ae5993708,8.815775749075854,15.932490639468014,8.815775749075854,318.6138217216496,355.0514931287134,418.60161500091635,0.17259630304263499,0.009166666666666667,0.002310763888888889,0.18407373359819054,2.37592626640181,0.9424769582505654,437.25205688476564,0.0,0.0,437.25205688476564,564.9520568847656,3139.5121125068727,326.2397766113281,30.0,528.6138217216496,0.0,1,P01_GAMMA06_M022_04_A00,P01_GAMMA06_M022_04,P01,M022,7979.0625,7986.625,7.5625,2.815775749075854,6.0
E52_27bf1882d0e1a812c8450c72,7.664955111529338,16.18675851321828,7.664955111529338,334.03154784809436,377.9609795090644,404.48650573036844,0.17608047258726683,0.009166666666666667,0.002310763888888889,0.1875579031428224,2.372442096857178,0.941388155267868,527.1531799316406,0.0,0.0,527.1531799316406,654.8531799316406,3033.648792977763,359.1753845214844,30.0,544.0315478480943,0.0,1,P01_GAMMA06_M022_04_A00,P01_GAMMA06_M022_04,P01,M022,7979.0625,7986.625,7.5625,1.6649551115293377,6.0
E52_27fdcb9bc2da20af468e67a1,9.671500427578593,15.630401191469062,9.671500427578593,333.5201066466774,372.5049327982074,433.1312563841751,0.1799553449394086,0.009166666666666667,0.002310763888888889,0.19143277549496415,2.3685672245050364,0.9401772576578237,467.8179138183594,0.0,0.0,467.8179138183594,595.5179138183594,3248.4844228813135,322.1230773925781,30.0,543.5201066466774,0.0,1,P01_GAMMA06_M022_04_A00,P01_GAMMA06_M022_04,P01,M022,7979.0625,7986.625,7.5625,3.671500427578593,6.0
E52_2cea01313b8862fcfb6b2e63,16.101658413474908,16.460055432828085,16.101658413474908,259.5957489704318,280.08528245838755,396.2542970131293,0.148442074342722,0.009166666666666667,0.002310763888888889,0.15991950489827755,2.400080495101723,0.9500251547192883,245.87440185546876,0.0,0.0,245.87440185546876,373.57440185546875,2971.90722759847,231.8917236328125,30.0,469.5957489704318,0.0,1,P01_GAMMA06_M022_04_A00,P01_GAMMA06_M022_04,P01,M022,7979.0625,7986.625,7.5625,10.101658413474908,6.0
E52_2d7a36258a59c18fc6a856bf,8.292725669341138,16.662039037059316,8.292725669341138,318.72117968179435,361.17160743651436,382.73979283526836,0.16755561647288383,0.009166666666666667,0.002310763888888889,0.1790330470284394,2.380966952971561,0.9440521728036126,509.40513305664064,0.0,0.0,509.40513305664064,637.1051330566406,2870.5484462645127,346.4301452636719,30.0,528.7211796817944,0.0,1,P01_GAMMA06_M022_04_A00,P01_GAMMA06_M022_04,P01,M022,7979.0625,7986.625,7.5625,2.292725669341138,6.0
E52_2dadfb43d7dd9558e21effa9,12.292664425549361,12.85982438864363,12.292664425549361,396.07517918576866,428.1792069974549,599.5261915014202,0.22576797164618329,0.009166666666666667,0.002310763888888889,0.23724540220173884,2.3227545977982618,0.9258608118119567,385.2483337402344,0.0,0.0,385.2483337402344,512.9483337402344,4496.446436260651,248.30487060546875,30.0,606.0751791857687,0.0,1,P01_GAMMA06_M022_04_A00,P01_GAMMA06_M022_04,P01,M022,7979.0625,7986.625,7.5625,6.292664425549361,6.0
E52_2e64690809088e2a96fb2160,6.354141253044716,9.500767968691491,6.354141253044716,523.7789293194231,550.945126524013,884.5606754113072,0.31155234822715455,0.009166666666666667,0.002310763888888889,0.3230297787827101,2.23697022121729,0.8990531941304031,325.99436645507814,0.0,0.0,325.99436645507814,453.6943664550781,6634.205065584804,329.6845703125,30.0,733.7789293194231,0.0,1,P01_GAMMA06_M022_04_A00,P01_GAMMA06_M022_04,P01,M022,7979.0625,7986.625,7.5625,0.3541412530447161,6.0
E52_326bd9096774308657b14836,8.56824319908047,6.820761438549596,6.820761438549596,254.20783025924425,275.6237299174474,379.92026256926977,0.1442126230476059,0.009166666666666667,0.002310763888888889,0.15569005360316146,2.404309946396839,0.951346858249012,256.9907958984375,0.0,0.0,256.9907958984375,384.6907958984375,2849.4019692695233,334.6907958984375,30.0,464.20783025924425,0.0,1,P01_GAMMA06_M022_04_A00,P01_GAMMA06_M022_04,P01,M022,7979.0625,7986.625,7.5625,0.8207614385495958,6.0
E52_357bbbd4dc4420221c875ea3,10.169131626788499,12.241245229232817,10.169131626788499,405.4327582223269,433.1514265878055,644.5535062517828,0.23547283792056264,0.009166666666666667,0.002310763888888889,0.2469502684761182,2.3130497315238823,0.9228280411012131,332.6240203857422,0.0,0.0,332.6240203857422,460.3240203857422,4834.151296888371,255.67149353027344,30.0,615.4327582223269,0.0,1,P01_GAMMA06_M022_04_A00,P01_GAMMA06_M022_04,P01,M022,7979.0625,7986.625,7.5625,4.169131626788499,6.0
E52_3a94b6482baa2cfaba8a857d,7.978022783287486,16.425448776817632,7.978022783287486,326.01303055755295,369.111023518165,393.4381033514341,0.17166403726355467,0.009166666666666667,0.002310763888888889,0.18314146781911023,2.3768585321808904,0.9427682913065281,517.1759155273437,0.0,0.0,517.1759155273437,644.8759155273438,2950.785775135756,352.4370422363281,30.0,536.013030557553,0.0,1,P01_GAMMA06_M022_04_A00,P01_GAMMA06_M022_04,P01,M022,7979.0625,7986.625,7.5625,1.9780227832874857,6.0
E52_413d3eff5d481ef66f8d3068,6.337257277822076,9.493762996477216,6.337257277822076,548.7789293194231,584.2784598573463,884.5606754113072,0.3204434082194385,0.009166666666666667,0.002310763888888889,0.33192083877499406,2.2280791612250064,0.8962747378828144,425.99436645507814,0.0,0.0,425.99436645507814,553.6943664550781,6634.205065584804,329.6845703125,30.0,758.7789293194231,0.0,1,P01_GAMMA06_M022_04_A00,P01_GAMMA06_M022_04,P01,M022,7979.0625,7986.625,7.5625,0.3372572778220757,6.0
E52_437c6a333219b14c3939f26c,8.832025263586658,6.0194831627628105,6.0194831627628105,277.09771274073506,296.211315442558,417.14117438283733,0.1570562493971614,0.009166666666666667,0.002310763888888889,0.16853367995271695,2.3914663200472837,0.9473332250147759,248.53977661132814,19.176544189453125,19.176544189453125,248.53977661132814,376.2397766113281,3128.55880787128,326.2397766113281,30.0,487.09771274073506,0.0,1,P01_GAMMA06_M022_04_A00,P01_GAMMA06_M022_04,P01,M022,7979.0625,7986.625,7.5625,0.01948316276281048,6.0
E52_44ed69e1d99dc074a7941a18,11.95700152952304,8.900383690419545,8.900383690419545,188.27556058823757,199.0276355292369,299.7078152072368,0.1090911242968749,0.009166666666666667,0.002310763888888889,0.12056855485243045,2.4394314451475703,0.9623223266086155,139.59420471191407,10.569305419921875,10.569305419921875,139.59420471191407,267.29420471191406,2247.808614054276,217.29420471191406,30.0,398.27556058823757,0.0,1,P01_GAMMA06_M022_04_A00,P01_GAMMA06_M022_04,P01,M022,7979.0625,7986.625,7.5625,2.9003836904195452,6.0
E52_47db2d0d55c92154c779a4c9,7.065279169959837,16.45726286038159,7.065279169959837,312.62709924858126,351.3219092257948,393.08533863388124,0.16685347284684848,0.009166666666666667,0.002310763888888889,0.17833090340240404,2.3816690965975966,0.9442715926867488,464.3377197265625,0.0,0.0,464.3377197265625,592.0377197265625,2948.1400397541092,295.61395263671875,30.0,522.6270992485813,0.0,1,P01_GAMMA06_M022_04_A00,P01_GAMMA06_M022_04,P01,M022,7979.0625,7986.625,7.5625,1.0652791699598367,6.0
E52_4cf0fac9feb721651efb2830,13.378711174339415,17.82597875173802,13.378711174339415,242.69354898018014,267.32891198677197,337.5749199208095,0.13412057160327687,0.009166666666666667,0.002310763888888889,0.14559800215883242,2.414401997841168,0.9545006243253649,295.6243560791016,0.0,0.0,295.6243560791016,423.32435607910156,2531.8118994060715,217.31182861328125,30.0,452.69354898018014,0.0,1,P01_GAMMA06_M022_04_A00,P01_GAMMA06_M022_04,P01,M022,7979.0625,7986.625,7.5625,7.378711174339415,6.0
E52_4d215302190bc5bfb29bf912,6.560512722510111,16.37371485667674,6.560512722510111,307.50969179304633,343.7570581260541,397.53518558804575,0.1656637075427803,0.009166666666666667,0.002310763888888889,0.17714113809833584,2.382858861901665,0.94464339434427,434.96839599609376,0.0,0.0,434.96839599609376,562.6683959960938,2981.5138919103433,336.56707763671875,30.0,517.5096917930464,0.0,1,P01_GAMMA06_M022_04_A00,P01_GAMMA06_M022_04,P01,M022,7979.0625,7986.625,7.5625,0.5605127225101114,6.0
E52_50c718ca7f326f764494c89d,16.24059758242754,13.080943299176411,13.080943299176411,350.85355156655817,370.1881015340061,585.6998033284289,0.20772710552759727,0.009166666666666667,0.002310763888888889,0.21920453608315282,2.3407954639168476,0.9314985824740147,232.014599609375,0.0,0.0,232.014599609375,359.714599609375,4392.748524963216,275.29461669921875,30.0,560.8535515665582,0.0,1,P01_GAMMA06_M022_04_A00,P01_GAMMA06_M022_04,P01,M022,7979.0625,7986.625,7.5625,7.080943299176411,6.0
E52_515a3b7c8d98426ee13f2b4e,15.056936395840168,17.07508762021844,15.056936395840168,242.68536134104386,262.0561394884234,369.14605379781034,0.13858886614696947,0.009166666666666667,0.002310763888888889,0.15006629670252503,2.4099337032974755,0.953104282280461,232.4493377685547,0.0,0.0,232.4493377685547,360.1493377685547,2768.5954034835777,210.1493377685547,30.0,452.68536134104386,0.0,1,P01_GAMMA06_M022_04_A00,P01_GAMMA06_M022_04,P01,M022,7979.0625,7986.625,7.5625,9.056936395840168,6.0
E52_60b76d98beea93305f35c25d,15.162376860085573,16.79058398580294,15.162376860085573,271.8613885249859,299.0873836523459,380.3668062858116,0.15055421784231732,0.009166666666666667,0.002310763888888889,0.16203164839787287,2.3979683516021275,0.9493651098756647,326.7119415283203,0.0,0.0,326.7119415283203,454.4119415283203,2852.751047143587,241.2421875,30.0,481.8613885249859,0.0,1,P01_GAMMA06_M022_04_A00,P01_GAMMA06_M022_04,P01,M022,7979.0625,7986.625,7.5625,9.162376860085573,6.0
E52_68694062ed2e2e792aeb51a9,10.34894622191149,17.695890544520793,10.34894622191149,262.3147609906027,292.8212075746684,341.5908424768108,0.1416674545099547,0.009166666666666667,0.002310763888888889,0.15314488506551024,2.40685511493449,0.952142223417028,366.0773590087891,0.0,0.0,366.0773590087891,493.77735900878906,2561.931318576081,213.8477783203125,30.0,472.3147609906027,0.0,1,P01_GAMMA06_M022_04_A00,P01_GAMMA06_M022_04,P01,M022,7979.0625,7986.625,7.5625,4.34894622191149,6.0
E52_6aa461eda22a4c53e6730e81,8.350028953774,6.478254834226846,6.478254834226846,265.8104536255181,288.3542041341444,395.1560268799425,0.15046620221455187,0.009166666666666667,0.002310763888888889,0.16194363277010743,2.398056367229893,0.9493926147593414,271.555615234375,1.030609130859375,1.030609130859375,271.555615234375,399.255615234375,2963.670201599569,349.255615234375,30.0,475.8104536255181,0.0,1,P01_GAMMA06_M022_04_A00,P01_GAMMA06_M022_04,P01,M022,7979.0625,7986.625,7.5625,0.47825483422684556,6.0
E52_74b3fb0a4920873efc33101b,7.102672463499928,6.525083879148042,6.525083879148042,262.62709924858126,284.6552425591281,393.08533863388124,0.14907135286228057,0.009166666666666667,0.002310763888888889,0.16054878341783613,2.399451216582164,0.9498285051819262,264.3377197265625,0.0,0.0,264.3377197265625,392.0377197265625,2948.1400397541092,295.61395263671875,30.0,472.62709924858126,0.0,1,P01_GAMMA06_M022_04_A00,P01_GAMMA06_M022_04,P01,M022,7979.0625,7986.625,7.5625,0.5250838791480419,6.0
E52_76b4f0bdabd1ccab126282dd,14.387839686529674,17.180198899819032,14.387839686529674,244.7670432960008,265.6078646257534,364.489158613486,0.13866967590706417,0.009166666666666667,0.002310763888888889,0.15014710646261972,2.409852893537381,0.9530790292304313,250.08985595703126,0.0,0.0,250.08985595703126,377.78985595703125,2733.6686896011447,241.2421875,30.0,454.7670432960008,0.0,1,P01_GAMMA06_M022_04_A00,P01_GAMMA06_M022_04,P01,M022,7979.0625,7986.625,7.5625,8.387839686529674,6.0
E52_7e5f4a4eaf9aa5b10576997a,12.570664521050404,13.086620585622072,12.570664521050404,384.11958913832314,414.7999833745699,584.1568128591658,0.21933939564120059,0.009166666666666667,0.002310763888888889,0.23081682619675614,2.3291831738032442,0.9278697418135137,368.16473083496095,0.0,0.0,368.16473083496095,495.86473083496094,4381.1760964437435,247.829345703125,30.0,594.1195891383231,0.0,1,P01_GAMMA06_M022_04_A00,P01_GAMMA06_M022_04,P01,M022,7979.0625,7986.625,7.5625,6.5706645210504036,6.0
E52_82c821a5773d0bfbe554f10a,7.689463382027981,11.397135806608844,7.689463382027981,512.9354114719376,566.0737563002253,707.0407539741487,0.2825549862639304,0.009166666666666667,0.002310763888888889,0.29403241681948594,2.2659675831805144,0.9081148697439106,637.6601379394531,0.0,0.0,637.6601379394531,765.3601379394531,5302.805654806116,465.3601379394531,30.0,722.9354114719376,0.0,1,P01_GAMMA06_M022_04_A00,P01_GAMMA06_M022_04,P01,M022,7979.0625,7986.625,7.5625,1.6894633820279807,6.0
E52_831cee7e7a3a549796e42b18,7.089510008436875,10.042846261792022,7.089510008436875,524.445203057942,560.9167693217765,830.061008532876,0.3040708837654974,0.009166666666666667,0.002310763888888889,0.31554831432105296,2.2444516856789476,0.901391151774671,437.65879516601564,0.0,0.0,437.65879516601564,565.3587951660156,6225.457563996571,359.5916748046875,30.0,734.445203057942,0.0,1,P01_GAMMA06_M022_04_A00,P01_GAMMA06_M022_04,P01,M022,7979.0625,7986.625,7.5625,1.089510008436875,6.0
E52_88c1c7aba1fcf94c58dad20e,6.346881686716003,9.497510042154289,6.346881686716003,536.2789293194231,567.6117931906797,884.5606754113072,0.3159978782232965,0.009166666666666667,0.002310763888888889,0.32747530877885206,2.2325246912211485,0.8976639660066087,375.99436645507814,0.0,0.0,375.99436645507814,503.6943664550781,6634.205065584804,329.6845703125,30.0,746.2789293194231,0.0,1,P01_GAMMA06_M022_04_A00,P01_GAMMA06_M022_04,P01,M022,7979.0625,7986.625,7.5625,0.34688168671600295,6.0
E52_8ca7795ffa642a3b129c0a3d,9.089174501579066,15.730152054416479,9.089174501579066,330.94608252023,369.9122522589995,428.0951466078428,0.17832668261553564,0.009166666666666667,0.002310763888888889,0.1898041131710912,2.3701958868289092,0.940686214634034,467.5940368652344,0.0,0.0,467.5940368652344,595.2940368652344,3210.713599558821,335.390380859375,30.0,540.94608252023,0.0,1,P01_GAMMA06_M022_04_A00,P01_GAMMA06_M022_04,P01,M022,7979.0625,7986.625,7.5625,3.089174501579066,6.0
E52_9026ce0d2a5dd9a75ef73c8e,7.289484262350996,6.720084116703532,6.720084116703532,248.61637070099954,267.37077642202814,384.70630707582717,0.14290187810434732,0.009166666666666667,0.002310763888888889,0.15437930865990288,2.4056206913400975,0.9517564660437804,225.05286865234376,0.0,0.0,225.05286865234376,352.75286865234375,2885.297303068704,302.75286865234375,30.0,458.61637070099954,0.0,1,P01_GAMMA06_M022_04_A00,P01_GAMMA06_M022_04,P01,M022,7979.0625,7986.625,7.5625,0.7200841167035321,6.0
E52_924cec2d58c933358893a332,10.633518461764112,12.302862284422105,10.633518461764112,416.670444788364,448.9844576972996,639.4568121231148,0.23874762537865796,0.009166666666666667,0.002310763888888889,0.2502250559342135,2.309774944065787,0.9218046700205583,387.7681549072266,0.0,0.0,387.7681549072266,515.4681549072266,4795.926090923361,252.644287109375,30.0,626.670444788364,0.0,1,P01_GAMMA06_M022_04_A00,P01_GAMMA06_M022_04,P01,M022,7979.0625,7986.625,7.5625,4.633518461764112,6.0
E52_96da4f081c74d8211b4b244f,11.511667626606979,12.47027426673894,11.511667626606979,406.4445801679392,437.368205859671,627.3474061854878,0.23339590098708082,0.009166666666666667,0.002310763888888889,0.24487333154263638,2.315126668457364,0.9234770838929262,371.08350830078126,0.0,0.0,371.08350830078126,498.78350830078125,4705.105546391158,251.37640380859375,30.0,616.4445801679392,0.0,1,P01_GAMMA06_M022_04_A00,P01_GAMMA06_M022_04,P01,M022,7979.0625,7986.625,7.5625,5.511667626606979,6.0
E52_a3836b1674b2d70f748125c1,12.608431032575481,18.388582284998307,12.608431032575481,238.77143733771516,265.74771093797557,315.68523307386783,0.1296256139323784,0.009166666666666667,0.002310763888888889,0.14110304448793395,2.4188969555120665,0.9559052985975206,323.715283203125,0.0,0.0,323.715283203125,451.415283203125,2367.639248054009,217.29420471191406,30.0,448.77143733771516,0.0,1,P01_GAMMA06_M022_04_A00,P01_GAMMA06_M022_04,P01,M022,7979.0625,7986.625,7.5625,6.608431032575481,6.0
E52_a77602565c04dca5831f9b7a,9.26900953539888,15.758600383852013,9.26900953539888,295.3505394617105,322.31471665694164,428.9160157520343,0.16578365241547813,0.009166666666666667,0.002310763888888889,0.17726108297103368,2.382738917028967,0.9446059115715519,323.57012634277345,0.0,0.0,323.57012634277345,451.27012634277344,3216.870118140257,284.58648681640625,30.0,505.3505394617105,0.0,1,P01_GAMMA06_M022_04_A00,P01_GAMMA06_M022_04,P01,M022,7979.0625,7986.625,7.5625,3.2690095353988795,6.0
E52_afb1e3673ff3adbe9c45b8fc,7.025266844365376,6.956106286850726,6.956106286850726,250.21040235058808,271.27175132926646,374.0527108291059,0.1419599864782851,0.009166666666666667,0.002310763888888889,0.15343741703384065,2.40656258296616,0.9520508071769248,252.73618774414064,0.0,0.0,252.73618774414064,380.4361877441406,2805.395331218294,291.6474609375,30.0,460.2104023505881,0.0,1,P01_GAMMA06_M022_04_A00,P01_GAMMA06_M022_04,P01,M022,7979.0625,7986.625,7.5625,0.9561062868507264,6.0
E52_b544b4d7beda1d6ed7fbeefb,9.019590531910836,16.252686834440453,9.019590531910836,293.91354735972715,324.49113296153376,404.3615811086144,0.16179511839250177,0.009166666666666667,0.002310763888888889,0.17327254894805733,2.386727451051943,0.9458523284537321,366.9310272216797,0.0,0.0,366.9310272216797,494.6310272216797,3032.711858314608,277.91845703125,30.0,503.91354735972715,0.0,1,P01_GAMMA06_M022_04_A00,P01_GAMMA06_M022_04,P01,M022,7979.0625,7986.625,7.5625,3.0195905319108363,6.0
E52_b60e4d2a4cdcd5801a5d757f,8.82604845600072,16.480566458341656,8.82604845600072,308.26023760270465,345.626388522301,392.32356968783114,0.16519254750221457,0.009166666666666667,0.002310763888888889,0.17666997805777013,2.38333002194223,0.9447906318569468,448.39381103515626,0.0,0.0,448.39381103515626,576.0938110351562,2942.4267726587336,326.2397766113281,30.0,518.2602376027046,0.0,1,P01_GAMMA06_M022_04_A00,P01_GAMMA06_M022_04,P01,M022,7979.0625,7986.625,7.5625,2.82604845600072,6.0
E52_b7c433bb400c5a28313b13f0,9.308120351740314,16.00220965111248,9.308120351740314,270.63016208552887,291.2047849391259,417.8125870494757,0.1554195344851095,0.009166666666666667,0.002310763888888889,0.16689696504066506,2.3931030349593354,0.9478446984247921,246.89547424316407,0.0,0.0,246.89547424316407,374.59547424316406,3133.594402871068,284.58648681640625,30.0,480.63016208552887,0.0,1,P01_GAMMA06_M022_04_A00,P01_GAMMA06_M022_04,P01,M022,7979.0625,7986.625,7.5625,3.308120351740314,6.0
E52_be69bdf55826f2eb34075d09,10.98791407815294,12.029424972929434,10.98791407815294,457.6877788138426,500.48965717077624,658.5642874860837,0.25604119113741575,0.009166666666666667,0.002310763888888889,0.2675186216929713,2.2924813783070292,0.9164004307209465,513.6225402832031,0.0,0.0,513.6225402832031,641.3225402832031,4939.232156145627,341.3225402832031,30.0,667.6877788138427,0.0,1,P01_GAMMA06_M022_04_A00,P01_GAMMA06_M022_04,P01,M022,7979.0625,7986.625,7.5625,4.98791407815294,6.0
E52_bfffb2993ede6e2e2bd9340b,15.999572739701321,13.053008949478723,13.053008949478723,400.85355156655817,436.85476820067277,585.6998033284289,0.22550922551216515,0.009166666666666667,0.002310763888888889,0.2369866560677207,2.32301334393228,0.9259416699788373,432.014599609375,0.0,0.0,432.014599609375,559.714599609375,4392.748524963216,275.29461669921875,30.0,610.8535515665582,0.0,1,P01_GAMMA06_M022_04_A00,P01_GAMMA06_M022_04,P01,M022,7979.0625,7986.625,7.5625,7.053008949478723,6.0
E52_c0294c7ff44d44fc4ede8d97,8.496049171089112,16.7256600789149,8.496049171089112,316.70783025924425,358.9570632507807,379.92026256926977,0.16644027302831577,0.009166666666666667,0.002310763888888889,0.17791770358387132,2.382082296416129,0.9444007176300402,506.9907958984375,0.0,0.0,506.9907958984375,634.6907958984375,2849.4019692695233,334.6907958984375,30.0,526.7078302592442,0.0,1,P01_GAMMA06_M022_04_A00,P01_GAMMA06_M022_04,P01,M022,7979.0625,7986.625,7.5625,2.496049171089112,6.0
E52_c76d93c5902d0dc017f7065c,9.033622066254495,16.05706218628906,9.033622066254495,260.86241804033426,278.57034040361555,415.47730190098105,0.1516149798935124,0.009166666666666667,0.002310763888888889,0.16309241044906797,2.3969075895509326,0.9490336217346662,212.495068359375,0.0,0.0,212.495068359375,340.195068359375,3116.079764257358,277.91845703125,30.0,470.86241804033426,0.0,1,P01_GAMMA06_M022_04_A00,P01_GAMMA06_M022_04,P01,M022,7979.0625,7986.625,7.5625,3.0336220662544946,6.0
E52_c98d1e580ba9a8920eeacbdb,6.87687303569453,9.995636820319618,6.87687303569453,531.3190315479533,569.3529452238973,834.4345810402425,0.30713490815373307,0.009166666666666667,0.002310763888888889,0.3186123387092886,2.241387661290712,0.9004336441533474,456.40696411132814,0.0,0.0,456.40696411132814,584.1069641113281,6258.259357801819,362.73199462890625,30.0,741.3190315479533,0.0,1,P01_GAMMA06_M022_04_A00,P01_GAMMA06_M022_04,P01,M022,7979.0625,7986.625,7.5625,0.8768730356945298,6.0
E52_d1d4424e0dfaa7a0ce62d445,6.9057945271414525,12.872868339328704,6.9057945271414525,402.0751033963921,436.37951216917855,598.3237541560654,0.22773150601213982,0.009166666666666667,0.002310763888888889,0.23920893656769537,2.320791063432305,0.9252472073225952,411.6529052734375,0.0,0.0,411.6529052734375,539.3529052734375,4487.428156170491,269.83203125,30.0,612.075103396392,0.0,1,P01_GAMMA06_M022_04_A00,P01_GAMMA06_M022_04,P01,M022,7979.0625,7986.625,7.5625,0.9057945271414525,6.0
E52_d22cbe82615c6d2ee0ebf49f,9.059473168947648,15.758568264926964,9.059473168947648,318.17309843891866,352.9726015110215,427.5491784452201,0.1737067461230003,0.009166666666666667,0.002310763888888889,0.18518417667855586,2.3748158233214447,0.9421299447879513,417.5940368652344,0.0,0.0,417.5940368652344,545.2940368652344,3206.618838339151,335.390380859375,30.0,528.1730984389187,0.0,1,P01_GAMMA06_M022_04_A00,P01_GAMMA06_M022_04,P01,M022,7979.0625,7986.625,7.5625,3.0594731689476475,6.0
E52_d3460088443e86b69235cf2f,7.866170804649244,10.110906533633653,7.866170804649244,520.9986937965015,557.4049117530444,823.5600798537452,0.3019244763287566,0.009166666666666667,0.002310763888888889,0.31340190688431213,2.246598093115688,0.9020619040986525,436.87461547851564,0.0,0.0,436.87461547851564,564.5746154785156,6176.700598903089,276.8628845214844,30.0,730.9986937965015,0.0,1,P01_GAMMA06_M022_04_A00,P01_GAMMA06_M022_04,P01,M022,7979.0625,7986.625,7.5625,1.8661708046492436,6.0
E52_d7f1f5d49edaa9f52000c452,12.913735079073575,12.917919470378578,12.913735079073575,397.7633482290822,431.12867517406926,595.3347347882426,0.22577474843651651,0.009166666666666667,0.002310763888888889,0.23725217899207207,2.3227478210079284,0.9258586940649774,400.38392333984376,0.0,0.0,400.38392333984376,528.0839233398438,4465.010510911819,278.08392333984375,30.0,607.7633482290822,0.0,1,P01_GAMMA06_M022_04_A00,P01_GAMMA06_M022_04,P01,M022,7979.0625,7986.625,7.5625,6.913735079073575,6.0
E52_dbe1bedc9b83d29f34556dbd,11.930278366004671,13.016499113861627,11.930278366004671,387.86022911882606,419.0031732004504,588.862793747906,0.22133620210273125,0.009166666666666667,0.002310763888888889,0.2328136326582868,2.3271863673417137,0.9272457397942854,373.7153289794922,0.0,0.0,373.7153289794922,501.4153289794922,4416.470953109295,232.19436645507812,30.0,597.860229118826,0.0,1,P01_GAMMA06_M022_04_A00,P01_GAMMA06_M022_04,P01,M022,7979.0625,7986.625,7.5625,5.930278366004671,6.0
E52_dbec4f1422e98765afb262aa,7.4955025619655515,16.38523852602286,7.4955025619655515,322.5402116809159,364.1002534899979,395.72017250733956,0.1707521496628321,0.009166666666666667,0.002310763888888889,0.18222958021838764,2.377770419781613,0.9430532561817538,498.7205017089844,0.0,0.0,498.7205017089844,626.4205017089844,2967.901293805047,326.4205017089844,30.0,532.540211680916,0.0,1,P01_GAMMA06_M022_04_A00,P01_GAMMA06_M022_04,P01,M022,7979.0625,7986.625,7.5625,1.4955025619655515,6.0
E52_dc4c132291b7b9525a26c82f,9.044309606854924,16.290878065555617,9.044309606854924,256.41354735972715,274.49113296153376,404.3615811086144,0.14845852840407586,0.009166666666666667,0.002310763888888889,0.15993595895963142,2.400064041040369,0.9500200128251152,216.9310272216797,0.0,0.0,216.9310272216797,344.6310272216797,3032.711858314608,277.91845703125,30.0,466.41354735972715,0.0,1,P01_GAMMA06_M022_04_A00,P01_GAMMA06_M022_04,P01,M022,7979.0625,7986.625,7.5625,3.044309606854924,6.0
E52_de2c36302e014a6d0284c896,8.765082177423523,15.994052628622484,8.765082177423523,325.41177480357015,364.7238282296769,414.95122905049965,0.1744969638873427,0.009166666666666667,0.002310763888888889,0.18597439444289826,2.3740256055571023,0.9418830017365943,471.74464111328126,0.0,0.0,471.74464111328126,599.4446411132812,3112.134217878747,325.15069580078125,30.0,535.4117748035701,0.0,1,P01_GAMMA06_M022_04_A00,P01_GAMMA06_M022_04,P01,M022,7979.0625,7986.625,7.5625,2.7650821774235226,6.0
E52_e0cd6bab1a22c4530d9a254c,7.550143499477969,6.471069764274475,6.471069764274475,260.0402116809159,280.7669201566646,395.72017250733956,0.14852449968212222,0.009166666666666667,0.002310763888888889,0.16000193023767778,2.3999980697623227,0.9499993968007256,248.7205017089844,0.0,0.0,248.7205017089844,376.4205017089844,2967.901293805047,326.4205017089844,30.0,470.0402116809159,0.0,1,P01_GAMMA06_M022_04_A00,P01_GAMMA06_M022_04,P01,M022,7979.0625,7986.625,7.5625,0.4710697642744748,6.0
E52_ea76d341ab82f2ebc1fa1efe,8.822998157596984,6.056283714240493,6.056283714240493,275.41177480357015,298.05716156301025,414.95122905049965,0.15671484390277482,0.009166666666666667,0.002310763888888889,0.16819227445833038,2.3918077255416703,0.9474399142317718,271.74464111328126,0.0,0.0,271.74464111328126,399.44464111328125,3112.134217878747,325.15069580078125,30.0,485.41177480357015,0.0,1,P01_GAMMA06_M022_04_A00,P01_GAMMA06_M022_04,P01,M022,7979.0625,7986.625,7.5625,0.056283714240493055,6.0
E52_eab18c460278cfbad2c20da0,10.381322207268596,7.760329046990023,7.760329046990023,212.31476099060268,226.15454090800176,341.5908424768108,0.12388533452538679,0.009166666666666667,0.002310763888888889,0.13536276508094236,2.424637234919058,0.9576991359122056,166.07735900878907,0.0,0.0,166.07735900878907,293.77735900878906,2561.931318576081,213.8477783203125,30.0,422.3147609906027,0.0,1,P01_GAMMA06_M022_04_A00,P01_GAMMA06_M022_04,P01,M022,7979.0625,7986.625,7.5625,1.760329046990023,6.0
E52_eb490529b308e18523949520,10.15091915876836,12.235001379754962,10.15091915876836,417.9327582223269,449.8180932544721,644.5535062517828,0.23991836791670462,0.009166666666666667,0.002310763888888889,0.2513957984722602,2.30860420152774,0.9214388129774187,382.6240203857422,0.0,0.0,382.6240203857422,510.3240203857422,4834.151296888371,255.67149353027344,30.0,627.9327582223269,0.0,1,P01_GAMMA06_M022_04_A00,P01_GAMMA06_M022_04,P01,M022,7979.0625,7986.625,7.5625,4.15091915876836,6.0
E52_eddf192c3626d88d236d26e4,11.243317350192214,17.034187922993553,11.243317350192214,241.72684180786888,260.473536754158,370.9735139380034,0.13850678679446915,0.009166666666666667,0.002310763888888889,0.1499842173500247,2.410015782649976,0.9531299320781172,224.96033935546876,0.0,0.0,224.96033935546876,352.66033935546875,2782.3013545350254,199.07135009765625,30.0,451.7268418078689,0.0,1,P01_GAMMA06_M022_04_A00,P01_GAMMA06_M022_04,P01,M022,7979.0625,7986.625,7.5625,5.243317350192214,6.0
E52_ede4029bd5e695a7a0c85289,12.95207632517132,12.925612211179384,12.925612211179384,385.2633482290822,414.4620085074026,595.3347347882426,0.22132921844037454,0.009166666666666667,0.002310763888888889,0.2328066489959301,2.3271933510040705,0.9272479221887718,350.38392333984376,0.0,0.0,350.38392333984376,478.08392333984375,4465.010510911819,278.08392333984375,30.0,595.2633482290822,0.0,1,P01_GAMMA06_M022_04_A00,P01_GAMMA06_M022_04,P01,M022,7979.0625,7986.625,7.5625,6.925612211179384,6.0
E52_f2fabdd802684ffd17ed2273,7.013697098165252,16.925225818485302,7.013697098165252,275.2104023505881,304.60508466259984,374.0527108291059,0.15085104647056902,0.009166666666666667,0.002310763888888889,0.16232847702612457,2.397671522973876,0.949272350929336,352.73618774414064,0.0,0.0,352.73618774414064,480.4361877441406,2805.395331218294,291.6474609375,30.0,485.2104023505881,0.0,1,P01_GAMMA06_M022_04_A00,P01_GAMMA06_M022_04,P01,M022,7979.0625,7986.625,7.5625,1.0136970981652524,6.0
E52_fd527d975e1813662620f82c,11.695960735271811,12.45056667278017,11.695960735271811,418.2192341110554,452.9085204066283,628.3027504486734,0.23771876612520712,0.009166666666666667,0.002310763888888889,0.24919619668076268,2.3108038033192377,0.9221261885372617,416.271435546875,0.0,0.0,416.271435546875,543.971435546875,4712.2706283650505,306.8754577636719,30.0,628.2192341110554,0.0,1,P01_GAMMA06_M022_04_A00,P01_GAMMA06_M022_04,P01,M022,7979.0625,7986.625,7.5625,5.695960735271811,6.0
E52_0f45fcab7c66cb90fa618929,7.029570831047678,12.721246579688795,7.029570831047678,427.8988653120833,469.21977900837237,607.8722484464322,0.23826781941132907,0.009166666666666667,0.19005555555555556,0.4374900416335513,2.1225099583664493,0.8632843619895152,495.85096435546876,0.0,0.0,495.85096435546876,623.5509643554688,4559.041863348241,326.6978454589844,30.0,637.8988653120832,0.0,1,P01_GAMMA06_M023_00_A00,P01_GAMMA06_M023_00,P01,M023,7221.78125,7843.78125,622.0,1.0295708310476783,6.0
E52_132fcaf6d631eae41e83e018,7.002366994794642,12.621037374336296,7.002366994794642,466.52713400648173,519.919143487276,612.7022111281979,0.2526897045720101,0.009166666666666667,0.19005555555555556,0.4519119267942323,2.108088073205768,0.8587775228768024,640.7041137695312,0.0,0.0,640.7041137695312,768.4041137695312,4595.266583461484,468.40411376953125,30.0,676.5271340064817,0.0,1,P01_GAMMA06_M023_00_A00,P01_GAMMA06_M023_00,P01,M023,7221.78125,7843.78125,622.0,1.0023669947946416,6.0
E52_154bbd26b7808edf72eaa410,7.620957426164097,13.235683344326844,7.620957426164097,444.90797820490957,498.19814035497467,570.0749835094285,0.23896400983981742,0.009166666666666667,0.19005555555555556,0.43818623206203966,2.1218137679379607,0.8630668024806126,639.4819458007812,0.0,0.0,639.4819458007812,767.1819458007812,4275.562376320714,467.18194580078125,30.0,654.9079782049096,0.0,1,P01_GAMMA06_M023_00_A00,P01_GAMMA06_M023_00,P01,M023,7221.78125,7843.78125,622.0,1.6209574261640967,6.0
E52_2d291a2169e36d61d7bf7582,7.036481648513842,12.790365797832976,7.036481648513842,470.3839036593983,527.1993216484933,599.8752993842263,0.25224474652706685,0.009166666666666667,0.19005555555555556,0.45146696874928904,2.1085330312507113,0.8589165722658472,681.7850158691406,0.0,0.0,681.7850158691406,809.4850158691406,4499.064745381697,509.4850158691406,30.0,680.3839036593984,0.0,1,P01_GAMMA06_M023_00_A00,P01_GAMMA06_M023_00,P01,M023,7221.78125,7843.78125,622.0,1.036481648513842,6.0
E52_32cd7932ac3bc8f6e82bd016,6.763600434734684,12.531399030736651,6.763600434734684,433.33722088021847,474.19552115284216,621.5246401246948,0.24213542524196421,0.009166666666666667,0.19005555555555556,0.4413576474641865,2.1186423525358142,0.8620757351674417,490.2996032714844,0.0,0.0,490.2996032714844,617.9996032714844,4661.434800935211,324.9372863769531,30.0,643.3372208802184,0.0,1,P01_GAMMA06_M023_00_A00,P01_GAMMA06_M023_00,P01,M023,7221.78125,7843.78125,622.0,0.7636004347346841,6.0
E52_4d215302190bc5bfb29bf912,7.6104963551872515,16.37371485667674,7.6104963551872515,307.50969179304633,343.7570581260541,397.53518558804575,0.1656637075427803,0.009166666666666667,0.19005555555555556,0.3648859297650025,2.195114070234998,0.8859731469484368,434.96839599609376,0.0,0.0,434.96839599609376,562.6683959960938,2981.5138919103433,336.56707763671875,30.0,517.5096917930464,0.0,1,P01_GAMMA06_M023_00_A00,P01_GAMMA06_M023_00,P01,M023,7221.78125,7843.78125,622.0,1.6104963551872515,6.0
E52_7e4744117cf2a1b6b8665ab3,6.808896160572829,12.590569849682154,6.808896160572829,474.82609328547096,530.7107225986219,614.3444106920357,0.25587373999544005,0.009166666666666667,0.19005555555555556,0.45509596221766224,2.1049040377823385,0.8577825118069806,670.6155517578125,0.0,0.0,670.6155517578125,798.3155517578125,4607.5830801902675,498.3155517578125,30.0,684.826093285471,0.0,1,P01_GAMMA06_M023_00_A00,P01_GAMMA06_M023_00,P01,M023,7221.78125,7843.78125,622.0,0.8088961605728286,6.0
E52_a0032802edd73d232f2c84c2,6.700449353216257,12.395809404549922,6.700449353216257,482.4923087567502,538.5719606529091,628.5067061365473,0.26060588149401487,0.009166666666666667,0.19005555555555556,0.45982810371623706,2.100171896283763,0.856303717588676,672.9558227539062,0.0,0.0,672.9558227539062,800.6558227539062,4713.800296024105,500.65582275390625,30.0,692.4923087567502,0.0,1,P01_GAMMA06_M023_00_A00,P01_GAMMA06_M023_00,P01,M023,7221.78125,7843.78125,622.0,0.700449353216257,6.0
E52_aaa387ee3ee3170bd804334d,7.017439111244244,18.409477866986336,7.017439111244244,263.5215778829557,299.2286101502083,312.8009621623957,0.13801933350380158,0.009166666666666667,0.19005555555555556,0.33724155572602377,2.2227584442739765,0.8946120138356176,428.48438720703126,0.0,0.0,428.48438720703126,556.1843872070312,2346.0072162179677,386.9435729980469,30.0,473.5215778829557,0.0,1,P01_GAMMA06_M023_00_A00,P01_GAMMA06_M023_00,P01,M023,7221.78125,7843.78125,622.0,1.0174391112442436,6.0
E52_b4122a9095172602242b40e3,7.3003130727209395,12.917805218005896,7.3003130727209395,417.2739001975914,457.30903457666045,594.3369941207687,0.23257222468730426,0.009166666666666667,0.19005555555555556,0.4317944469095265,2.128205553090474,0.8650642353407729,480.42161254882814,0.0,0.0,480.42161254882814,608.1216125488281,4457.527455905765,308.1216125488281,30.0,627.2739001975914,0.0,1,P01_GAMMA06_M023_00_A00,P01_GAMMA06_M023_00,P01,M023,7221.78125,7843.78125,622.0,1.3003130727209395,6.0
E52_be79b94db4a0a5b6faaed631,7.803568208834847,13.435452033242427,7.803568208834847,439.28613208838135,492.92224150407145,556.7556076826221,0.23507830977561708,0.009166666666666667,0.19005555555555556,0.4343005319978393,2.125699468002161,0.8642810837506752,643.6333129882812,0.0,0.0,643.6333129882812,771.3333129882812,4175.667057619666,471.33331298828125,30.0,649.2861320883814,0.0,1,P01_GAMMA06_M023_00_A00,P01_GAMMA06_M023_00,P01,M023,7221.78125,7843.78125,622.0,1.8035682088348466,6.0
E52_f4836ff0bfcbe7f74f580128,7.451322580824595,13.198394987858308,7.451322580824595,446.8309536018799,500.3537512499919,572.525121315088,0.23999489789029496,0.009166666666666667,0.19005555555555556,0.4392171201125172,2.1207828798874835,0.8627446499648384,642.2735717773437,0.0,0.0,642.2735717773437,769.9735717773438,4293.93840986316,483.0478820800781,30.0,656.8309536018799,0.0,1,P01_GAMMA06_M023_00_A00,P01_GAMMA06_M023_00,P01,M023,7221.78125,7843.78125,622.0,1.4513225808245949,6.0
E52_fb97bb829fc82a7376005525,6.685106059081065,12.561592200960149,6.685106059081065,483.9909817485873,542.6900133241081,615.7877740440496,0.2593375767224136,0.009166666666666667,0.19005555555555556,0.45855979894463583,2.1014402010553646,0.8567000628298014,704.38837890625,0.0,0.0,704.38837890625,832.08837890625,4618.408305330372,532.08837890625,30.0,693.9909817485873,0.0,1,P01_GAMMA06_M023_00_A00,P01_GAMMA06_M023_00,P01,M023,7221.78125,7843.78125,622.0,0.6851060590810647,6.0
E52_060143e4033ea7dfc142ce26,6.23446973686174,13.051384290227645,6.23446973686174,390.52156568077555,422.97629514244545,586.3147545915316,0.2219218246513189,0.009166666666666667,0.25806076388888893,0.48914925520687447,2.070850744793126,0.8471408577478517,389.4567535400391,0.0,0.0,389.4567535400391,517.1567535400391,4397.360659436487,293.1027526855469,30.0,600.5215656807756,0.0,1,P01_GAMMA06_M024_00_A00,P01_GAMMA06_M024_00,P01,M024,7587.0,8431.5625,844.5625,0.23446973686174033,6.0
E52_0f45fcab7c66cb90fa618929,6.225159710310805,12.721246579688795,6.225159710310805,427.8988653120833,469.21977900837237,607.8722484464322,0.23826781941132907,0.009166666666666667,0.25806076388888893,0.5054952499668847,2.0545047500331157,0.8420327343853485,495.85096435546876,0.0,0.0,495.85096435546876,623.5509643554688,4559.041863348241,326.6978454589844,30.0,637.8988653120832,0.0,1,P01_GAMMA06_M024_00_A00,P01_GAMMA06_M024_00,P01,M024,7587.0,8431.5625,844.5625,0.2251597103108054,6.0
E52_0fa03b8d9ed736d48919c1b7,9.041566526676078,11.555158541579928,9.041566526676078,469.53189880990186,510.00510285042924,696.2245733766397,0.2655870342753843,0.009166666666666667,0.25806076388888893,0.5328144648309399,2.0271855351690604,0.8334954797403313,485.67844848632814,0.0,0.0,485.67844848632814,613.3784484863281,5221.684300324798,318.1667785644531,30.0,679.5318988099018,0.0,1,P01_GAMMA06_M024_00_A00,P01_GAMMA06_M024_00,P01,M024,7587.0,8431.5625,844.5625,3.0415665266760783,6.0
E52_12b142f00e8cb4e3948f96c2,6.158926941785182,12.991659521749298,6.158926941785182,402.5936730780369,438.4739485500421,589.9056933240425,0.22672373828986628,0.009166666666666667,0.25806076388888893,0.4939511688454219,2.0660488311545784,0.8456402597358057,430.5633056640625,0.0,0.0,430.5633056640625,558.2633056640625,4424.292699930319,284.7546081542969,30.0,612.5936730780369,0.0,1,P01_GAMMA06_M024_00_A00,P01_GAMMA06_M024_00,P01,M024,7587.0,8431.5625,844.5625,0.1589269417851824,6.0
E52_29c9aa5399273a7ee24bceb6,9.102344682225166,11.583777919859742,9.102344682225166,451.9321692173844,486.7995103225277,694.6602918039094,0.2591062855773863,0.009166666666666667,0.25806076388888893,0.5263337161329419,2.0336662838670585,0.8355207137084557,418.40809326171876,0.0,0.0,418.40809326171876,546.1080932617188,5209.952188529321,322.9142761230469,30.0,661.9321692173844,0.0,1,P01_GAMMA06_M024_00_A00,P01_GAMMA06_M024_00,P01,M024,7587.0,8431.5625,844.5625,3.1023446822251657,6.0
E52_32cd7932ac3bc8f6e82bd016,6.395317050697628,12.531399030736651,6.395317050697628,433.33722088021847,474.19552115284216,621.5246401246948,0.24213542524196421,0.009166666666666667,0.25806076388888893,0.5093628557975198,2.0506371442024807,0.8408241075632751,490.2996032714844,0.0,0.0,490.2996032714844,617.9996032714844,4661.434800935211,324.9372863769531,30.0,643.3372208802184,0.0,1,P01_GAMMA06_M024_00_A00,P01_GAMMA06_M024_00,P01,M024,7587.0,8431.5625,844.5625,0.3953170506976278,6.0
E52_3322673a66874be8fb5ff9e0,6.079752587594399,12.93559360833251,6.079752587594399,392.2739001975914,423.9757012433271,594.3369941207687,0.2236811646950203,0.009166666666666667,0.25806076388888893,0.4909085952505759,2.0690914047494244,0.846591063984195,380.42161254882814,0.0,0.0,380.42161254882814,508.1216125488281,4457.527455905765,308.1216125488281,30.0,602.2739001975914,0.0,1,P01_GAMMA06_M024_00_A00,P01_GAMMA06_M024_00,P01,M024,7587.0,8431.5625,844.5625,0.07975258759439896,6.0
E52_67646c2afbeb5602853e5a9c,6.068421082484775,12.927232110573698,6.068421082484775,404.7739001975914,440.6423679099937,594.3369941207687,0.22812669469116229,0.009166666666666667,0.25806076388888893,0.49535412524671785,2.0646458747532828,0.8452018358604007,430.42161254882814,0.0,0.0,430.42161254882814,558.1216125488281,4457.527455905765,308.1216125488281,30.0,614.7739001975914,0.0,1,P01_GAMMA06_M024_00_A00,P01_GAMMA06_M024_00,P01,M024,7587.0,8431.5625,844.5625,0.0684210824847753,6.0
E52_b4122a9095172602242b40e3,6.054891773416557,12.917805218005896,6.054891773416557,417.2739001975914,457.30903457666045,594.3369941207687,0.23257222468730426,0.009166666666666667,0.25806076388888893,0.49979965524285985,2.0602003447571406,0.8438126077366063,480.42161254882814,0.0,0.0,480.42161254882814,608.1216125488281,4457.527455905765,308.1216125488281,30.0,627.2739001975914,0.0,1,P01_GAMMA06_M024_00_A00,P01_GAMMA06_M024_00,P01,M024,7587.0,8431.5625,844.5625,0.054891773416557044,6.0
E52_d1d4424e0dfaa7a0ce62d445,6.1120469020989106,12.872868339328704,6.1120469020989106,402.0751033963921,436.37951216917855,598.3237541560654,0.22773150601213982,0.009166666666666667,0.25806076388888893,0.4949589365676954,2.065041063432305,0.8453253323225952,411.6529052734375,0.0,0.0,411.6529052734375,539.3529052734375,4487.428156170491,269.83203125,30.0,612.075103396392,0.0,1,P01_GAMMA06_M024_00_A00,P01_GAMMA06_M024_00,P01,M024,7587.0,8431.5625,844.5625,0.11204690209891055,6.0
E52_da1eeef61bb4fffd90feecd9,9.076253808869353,11.577048041656667,9.076253808869353,464.4321692173844,503.4661769891943,694.6602918039094,0.2635518155735283,0.009166666666666667,0.25806076388888893,0.5307792461290839,2.0292207538709164,0.8341314855846613,468.40809326171876,0.0,0.0,468.40809326171876,596.1080932617188,5209.952188529321,322.9142761230469,30.0,674.4321692173844,0.0,1,P01_GAMMA06_M024_00_A00,P01_GAMMA06_M024_00,P01,M024,7587.0,8431.5625,844.5625,3.076253808869353,6.0
E52_06eb0baa948af7ff52881bcf,11.34921240453653,16.258674653736037,11.34921240453653,296.7597053393259,328.36499963050426,403.88764493158146,0.16274021246714285,0.009166666666666667,0.12996614583333332,0.30187302496714286,2.258126975032858,0.9056646796977679,379.26353149414064,0.0,0.0,379.26353149414064,506.9635314941406,3029.157336986861,306.9635314941406,30.0,506.7597053393259,0.0,1,P01_GAMMA06_M025_00_A00,P01_GAMMA06_M025_00,P01,M025,3155.71875,3581.0625,425.34375,5.34921240453653,6.0
E52_0c9d91fc306062a18ada9948,10.190425106668542,15.697900697510477,10.190425106668542,331.42241999480143,370.2725110389095,429.7442937249544,0.1787296459836012,0.009166666666666667,0.12996614583333332,0.3178624584836012,2.2421375415163993,0.9006679817238746,466.2010925292969,0.0,0.0,466.2010925292969,593.9010925292969,3223.082202937158,326.7436828613281,30.0,541.4224199948014,0.0,1,P01_GAMMA06_M025_00_A00,P01_GAMMA06_M025_00,P01,M025,3155.71875,3581.0625,425.34375,4.190425106668542,6.0
E52_214ce9a3b3bd3fa9c582335a,9.466834534918547,15.138353346483314,9.466834534918547,331.46735474952504,365.31699057309277,459.8368945576438,0.1830074384559416,0.009166666666666667,0.12996614583333332,0.32214025095594157,2.237859749044059,0.8993311715762683,406.1956298828125,0.0,0.0,406.1956298828125,533.8956298828125,3448.7767091823284,283.8956298828125,30.0,541.467354749525,0.0,1,P01_GAMMA06_M025_00_A00,P01_GAMMA06_M025_00,P01,M025,3155.71875,3581.0625,425.34375,3.466834534918547,6.0
E52_231de36c6439da832299e30f,11.086036405358143,16.451156269229884,11.086036405358143,336.2639482811268,383.1573412254627,391.1675388962379,0.1749881335365896,0.009166666666666667,0.12996614583333332,0.3141209460365896,2.245879053963411,0.9018372043635657,562.7207153320312,0.0,0.0,562.7207153320312,690.4207153320312,2933.7565417217843,390.42071533203125,30.0,546.2639482811268,0.0,1,P01_GAMMA06_M025_00_A00,P01_GAMMA06_M025_00,P01,M025,3155.71875,3581.0625,425.34375,5.0860364053581435,6.0
E52_246111a1ef063bec9e89ec9e,19.408232207924755,13.03223549741864,13.03223549741864,413.11352328410356,453.07003166626504,586.4879962752384,0.22998101771643822,0.009166666666666667,0.12996614583333332,0.3691138302164382,2.190886169783562,0.884651928057363,479.4781005859375,0.0,0.0,479.4781005859375,607.1781005859375,4398.659972064288,469.28277587890625,30.0,623.1135232841036,0.0,1,P01_GAMMA06_M025_00_A00,P01_GAMMA06_M025_00,P01,M025,3155.71875,3581.0625,425.34375,7.03223549741864,6.0
E52_27bf01e9e990859ae5993708,10.242823238504869,15.932490639468014,10.242823238504869,318.6138217216496,355.0514931287134,418.60161500091635,0.17259630304263499,0.009166666666666667,0.12996614583333332,0.31172911554263494,2.248270884457366,0.9025846513929265,437.25205688476564,0.0,0.0,437.25205688476564,564.9520568847656,3139.5121125068727,326.2397766113281,30.0,528.6138217216496,0.0,1,P01_GAMMA06_M025_00_A00,P01_GAMMA06_M025_00,P01,M025,3155.71875,3581.0625,425.34375,4.242823238504869,6.0
E52_27bf1882d0e1a812c8450c72,10.928491222917913,16.18675851321828,10.928491222917913,334.03154784809436,377.9609795090644,404.48650573036844,0.17608047258726683,0.009166666666666667,0.12996614583333332,0.3152132850872668,2.244786714912734,0.9014958484102291,527.1531799316406,0.0,0.0,527.1531799316406,654.8531799316406,3033.648792977763,359.1753845214844,30.0,544.0315478480943,0.0,1,P01_GAMMA06_M025_00_A00,P01_GAMMA06_M025_00,P01,M025,3155.71875,3581.0625,425.34375,4.928491222917913,6.0
E52_27fdcb9bc2da20af468e67a1,9.646877129001766,15.630401191469062,9.646877129001766,333.5201066466774,372.5049327982074,433.1312563841751,0.1799553449394086,0.009166666666666667,0.12996614583333332,0.31908815743940855,2.240911842560592,0.9002849508001849,467.8179138183594,0.0,0.0,467.8179138183594,595.5179138183594,3248.4844228813135,322.1230773925781,30.0,543.5201066466774,0.0,1,P01_GAMMA06_M025_00_A00,P01_GAMMA06_M025_00,P01,M025,3155.71875,3581.0625,425.34375,3.6468771290017656,6.0
E52_2d7a36258a59c18fc6a856bf,9.861556805186666,16.662039037059316,9.861556805186666,318.72117968179435,361.17160743651436,382.73979283526836,0.16755561647288383,0.009166666666666667,0.12996614583333332,0.30668842897288384,2.2533115710271168,0.9041598659459738,509.40513305664064,0.0,0.0,509.40513305664064,637.1051330566406,2870.5484462645127,346.4301452636719,30.0,528.7211796817944,0.0,1,P01_GAMMA06_M025_00_A00,P01_GAMMA06_M025_00,P01,M025,3155.71875,3581.0625,425.34375,3.861556805186666,6.0
E52_347c51b45a583dd4c5a4aad0,8.81790256753439,10.359339260709504,8.81790256753439,545.8106765870443,594.6474365357748,798.6007934817058,0.3072138543106079,0.009166666666666667,0.12996614583333332,0.44634666681060786,2.1136533331893927,0.860516666621685,586.0411193847656,0.0,0.0,586.0411193847656,713.7411193847656,5989.505951112793,425.30462646484375,30.0,755.8106765870443,0.0,1,P01_GAMMA06_M025_00_A00,P01_GAMMA06_M025_00,P01,M025,3155.71875,3581.0625,425.34375,2.8179025675343894,6.0
E52_3a94b6482baa2cfaba8a857d,10.380551441773832,16.425448776817632,10.380551441773832,326.01303055755295,369.111023518165,393.4381033514341,0.17166403726355467,0.009166666666666667,0.12996614583333332,0.31079684976355465,2.249203150236446,0.9028759844488892,517.1759155273437,0.0,0.0,517.1759155273437,644.8759155273438,2950.785775135756,352.4370422363281,30.0,536.013030557553,0.0,1,P01_GAMMA06_M025_00_A00,P01_GAMMA06_M025_00,P01,M025,3155.71875,3581.0625,425.34375,4.380551441773832,6.0
E52_47db2d0d55c92154c779a4c9,11.176286595238821,16.45726286038159,11.176286595238821,312.62709924858126,351.3219092257948,393.08533863388124,0.16685347284684848,0.009166666666666667,0.12996614583333332,0.30598628534684846,2.2540137146531523,0.9043792858291099,464.3377197265625,0.0,0.0,464.3377197265625,592.0377197265625,2948.1400397541092,295.61395263671875,30.0,522.6270992485813,0.0,1,P01_GAMMA06_M025_00_A00,P01_GAMMA06_M025_00,P01,M025,3155.71875,3581.0625,425.34375,5.176286595238821,6.0
E52_6dc095df8eb6475486134b5c,18.584851689282715,12.905188948092743,12.905188948092743,424.06014837873875,466.2734748964797,594.8403376510322,0.23505698741925235,0.009166666666666667,0.12996614583333332,0.37418979991925233,2.185810200080748,0.8830656875252336,506.55991821289064,0.0,0.0,506.55991821289064,634.2599182128906,4461.302532382741,440.2059631347656,30.0,634.0601483787387,0.0,1,P01_GAMMA06_M025_00_A00,P01_GAMMA06_M025_00,P01,M025,3155.71875,3581.0625,425.34375,6.905188948092743,6.0
E52_82c821a5773d0bfbe554f10a,6.886736543769302,11.397135806608844,6.886736543769302,512.9354114719376,566.0737563002253,707.0407539741487,0.2825549862639304,0.009166666666666667,0.12996614583333332,0.42168779876393037,2.13831220123607,0.8682225628862718,637.6601379394531,0.0,0.0,637.6601379394531,765.3601379394531,5302.805654806116,465.3601379394531,30.0,722.9354114719376,0.0,1,P01_GAMMA06_M025_00_A00,P01_GAMMA06_M025_00,P01,M025,3155.71875,3581.0625,425.34375,0.8867365437693024,6.0
E52_8ca7795ffa642a3b129c0a3d,10.116181077439208,15.730152054416479,10.116181077439208,330.94608252023,369.9122522589995,428.0951466078428,0.17832668261553564,0.009166666666666667,0.12996614583333332,0.3174594951155356,2.242540504884465,0.9007939077763951,467.5940368652344,0.0,0.0,467.5940368652344,595.2940368652344,3210.713599558821,335.390380859375,30.0,540.94608252023,0.0,1,P01_GAMMA06_M025_00_A00,P01_GAMMA06_M025_00,P01,M025,3155.71875,3581.0625,425.34375,4.116181077439208,6.0
E52_8d375985c45fff9288668cb3,10.94719854612093,16.222123863058812,10.94719854612093,353.99602207193686,405.21742048909175,400.663653640944,0.182639281392285,0.009166666666666667,0.12996614583333332,0.321772093892285,2.2382279061077153,0.899446220658661,614.6567810058593,0.0,0.0,614.6567810058593,742.3567810058594,3004.97740230708,442.3567810058594,30.0,563.9960220719369,0.0,1,P01_GAMMA06_M025_00_A00,P01_GAMMA06_M025_00,P01,M025,3155.71875,3581.0625,425.34375,4.94719854612093,6.0
E52_b60e4d2a4cdcd5801a5d757f,9.6910339592972,16.480566458341656,9.6910339592972,308.26023760270465,345.626388522301,392.32356968783114,0.16519254750221457,0.009166666666666667,0.12996614583333332,0.30432536000221455,2.255674639997786,0.904898324999308,448.39381103515626,0.0,0.0,448.39381103515626,576.0938110351562,2942.4267726587336,326.2397766113281,30.0,518.2602376027046,0.0,1,P01_GAMMA06_M025_00_A00,P01_GAMMA06_M025_00,P01,M025,3155.71875,3581.0625,425.34375,3.691033959297201,6.0
E52_c0294c7ff44d44fc4ede8d97,9.63131941890856,16.7256600789149,9.63131941890856,316.70783025924425,358.9570632507807,379.92026256926977,0.16644027302831577,0.009166666666666667,0.12996614583333332,0.30557308552831575,2.2544269144716846,0.9045084107724013,506.9907958984375,0.0,0.0,506.9907958984375,634.6907958984375,2849.4019692695233,334.6907958984375,30.0,526.7078302592442,0.0,1,P01_GAMMA06_M025_00_A00,P01_GAMMA06_M025_00,P01,M025,3155.71875,3581.0625,425.34375,3.6313194189085607,6.0
E52_d22cbe82615c6d2ee0ebf49f,10.18232641347295,15.758568264926964,10.18232641347295,318.17309843891866,352.9726015110215,427.5491784452201,0.1737067461230003,0.009166666666666667,0.12996614583333332,0.3128395586230003,2.2471604413770003,0.9022376379303124,417.5940368652344,0.0,0.0,417.5940368652344,545.2940368652344,3206.618838339151,335.390380859375,30.0,528.1730984389187,0.0,1,P01_GAMMA06_M025_00_A00,P01_GAMMA06_M025_00,P01,M025,3155.71875,3581.0625,425.34375,4.18232641347295,6.0
E52_d6d1511afdebb88632549a71,11.95681392735753,16.177909036830457,11.95681392735753,342.76879390848103,389.67749650450963,404.08537224079015,0.1791309979165653,0.009166666666666667,0.12996614583333332,0.31826381041656526,2.241736189583435,0.9005425592448234,562.9044311523437,0.0,0.0,562.9044311523437,690.6044311523438,3030.640291805926,390.60443115234375,30.0,552.768793908481,0.0,1,P01_GAMMA06_M025_00_A00,P01_GAMMA06_M025_00,P01,M025,3155.71875,3581.0625,425.34375,5.95681392735753,6.0
E52_dbec4f1422e98765afb262aa,10.873853311460351,16.38523852602286,10.873853311460351,322.5402116809159,364.1002534899979,395.72017250733956,0.1707521496628321,0.009166666666666667,0.12996614583333332,0.30988496216283207,2.2501150378371686,0.903160949324115,498.7205017089844,0.0,0.0,498.7205017089844,626.4205017089844,2967.901293805047,326.4205017089844,30.0,532.540211680916,0.0,1,P01_GAMMA06_M025_00_A00,P01_GAMMA06_M025_00,P01,M025,3155.71875,3581.0625,425.34375,4.873853311460351,6.0
E52_de2c36302e014a6d0284c896,10.188846349369086,15.994052628622484,10.188846349369086,325.41177480357015,364.7238282296769,414.95122905049965,0.1744969638873427,0.009166666666666667,0.12996614583333332,0.3136297763873427,2.246370223612658,0.9019906948789554,471.74464111328126,0.0,0.0,471.74464111328126,599.4446411132812,3112.134217878747,325.15069580078125,30.0,535.4117748035701,0.0,1,P01_GAMMA06_M025_00_A00,P01_GAMMA06_M025_00,P01,M025,3155.71875,3581.0625,425.34375,4.188846349369086,6.0
E52_060143e4033ea7dfc142ce26,6.896620065281965,13.051384290227645,6.896620065281965,390.52156568077555,422.97629514244545,586.3147545915316,0.2219218246513189,0.009166666666666667,0.11998784722222222,0.3510763385402078,2.2089236614597927,0.890288644206185,389.4567535400391,0.0,0.0,389.4567535400391,517.1567535400391,4397.360659436487,293.1027526855469,30.0,600.5215656807756,0.0,1,P01_GAMMA06_M026_00_A00,P01_GAMMA06_M026_00,P01,M026,8604.09375,8996.78125,392.6875,0.8966200652819651,6.0
E52_0f45fcab7c66cb90fa618929,6.036734112312672,12.721246579688795,6.036734112312672,427.8988653120833,469.21977900837237,607.8722484464322,0.23826781941132907,0.009166666666666667,0.11998784722222222,0.36742233330021795,2.1925776666997825,0.8851805208436819,495.85096435546876,0.0,0.0,495.85096435546876,623.5509643554688,4559.041863348241,326.6978454589844,30.0,637.8988653120832,0.0,1,P01_GAMMA06_M026_00_A00,P01_GAMMA06_M026_00,P01,M026,8604.09375,8996.78125,392.6875,0.036734112312672096,6.0
E52_12b142f00e8cb4e3948f96c2,6.643107728721475,12.991659521749298,6.643107728721475,402.5936730780369,438.4739485500421,589.9056933240425,0.22672373828986628,0.009166666666666667,0.11998784722222222,0.35587825217875513,2.2041217478212456,0.888788046194139,430.5633056640625,0.0,0.0,430.5633056640625,558.2633056640625,4424.292699930319,284.7546081542969,30.0,612.5936730780369,0.0,1,P01_GAMMA06_M026_00_A00,P01_GAMMA06_M026_00,P01,M026,8604.09375,8996.78125,392.6875,0.6431077287214748,6.0
E52_24cc4f01335372459fb4c2ba,7.66344309514983,12.909161020133865,7.66344309514983,410.2633482290822,447.7953418407359,595.3347347882426,0.23022027843265847,0.009166666666666667,0.11998784722222222,0.35937479232154734,2.200625207678453,0.8876953773995164,450.38392333984376,0.0,0.0,450.38392333984376,578.0839233398438,4465.010510911819,278.08392333984375,30.0,620.2633482290822,0.0,1,P01_GAMMA06_M026_00_A00,P01_GAMMA06_M026_00,P01,M026,8604.09375,8996.78125,392.6875,1.6634430951498302,6.0
E52_2cea01313b8862fcfb6b2e63,13.741915518354318,16.460055432828085,13.741915518354318,259.5957489704318,280.08528245838755,396.2542970131293,0.148442074342722,0.009166666666666667,0.11998784722222222,0.2775965882316109,2.2824034117683896,0.9132510661776216,245.87440185546876,0.0,0.0,245.87440185546876,373.57440185546875,2971.90722759847,231.8917236328125,30.0,469.5957489704318,0.0,1,P01_GAMMA06_M026_00_A00,P01_GAMMA06_M026_00,P01,M026,8604.09375,8996.78125,392.6875,7.741915518354318,6.0
E52_2dadfb43d7dd9558e21effa9,7.633376816253005,12.85982438864363,7.633376816253005,396.07517918576866,428.1792069974549,599.5261915014202,0.22576797164618329,0.009166666666666667,0.11998784722222222,0.35492248553507216,2.205077514464928,0.8890867232702899,385.2483337402344,0.0,0.0,385.2483337402344,512.9483337402344,4496.446436260651,248.30487060546875,30.0,606.0751791857687,0.0,1,P01_GAMMA06_M026_00_A00,P01_GAMMA06_M026_00,P01,M026,8604.09375,8996.78125,392.6875,1.633376816253005,6.0
E52_3322673a66874be8fb5ff9e0,6.398876285639616,12.93559360833251,6.398876285639616,392.2739001975914,423.9757012433271,594.3369941207687,0.2236811646950203,0.009166666666666667,0.11998784722222222,0.3528356785839092,2.207164321416091,0.8897388504425284,380.42161254882814,0.0,0.0,380.42161254882814,508.1216125488281,4457.527455905765,308.1216125488281,30.0,602.2739001975914,0.0,1,P01_GAMMA06_M026_00_A00,P01_GAMMA06_M026_00,P01,M026,8604.09375,8996.78125,392.6875,0.3988762856396164,6.0
E52_357bbbd4dc4420221c875ea3,6.669851557178731,12.241245229232817,6.669851557178731,405.4327582223269,433.1514265878055,644.5535062517828,0.23547283792056264,0.009166666666666667,0.11998784722222222,0.3646273518094515,2.195372648190549,0.8860539525595464,332.6240203857422,0.0,0.0,332.6240203857422,460.3240203857422,4834.151296888371,255.67149353027344,30.0,615.4327582223269,0.0,1,P01_GAMMA06_M026_00_A00,P01_GAMMA06_M026_00,P01,M026,8604.09375,8996.78125,392.6875,0.6698515571787311,6.0
E52_44ed69e1d99dc074a7941a18,13.73006539249505,8.900383690419545,8.900383690419545,188.27556058823757,199.0276355292369,299.7078152072368,0.1090911242968749,0.009166666666666667,0.11998784722222222,0.23824563818576378,2.3217543618142367,0.9255482380669489,139.59420471191407,10.569305419921875,10.569305419921875,139.59420471191407,267.29420471191406,2247.808614054276,217.29420471191406,30.0,398.27556058823757,0.0,1,P01_GAMMA06_M026_00_A00,P01_GAMMA06_M026_00,P01,M026,8604.09375,8996.78125,392.6875,2.9003836904195452,6.0
E52_4cf0fac9feb721651efb2830,10.980589096831551,17.82597875173802,10.980589096831551,242.69354898018014,267.32891198677197,337.5749199208095,0.13412057160327687,0.009166666666666667,0.11998784722222222,0.2632750854921657,2.296724914507835,0.9177265357836982,295.6243560791016,0.0,0.0,295.6243560791016,423.32435607910156,2531.8118994060715,217.31182861328125,30.0,452.69354898018014,0.0,1,P01_GAMMA06_M026_00_A00,P01_GAMMA06_M026_00,P01,M026,8604.09375,8996.78125,392.6875,4.980589096831551,6.0
E52_4d215302190bc5bfb29bf912,12.930330510545176,16.37371485667674,12.930330510545176,307.50969179304633,343.7570581260541,397.53518558804575,0.1656637075427803,0.009166666666666667,0.11998784722222222,0.29481822143166914,2.2651817785683313,0.9078693058026034,434.96839599609376,0.0,0.0,434.96839599609376,562.6683959960938,2981.5138919103433,336.56707763671875,30.0,517.5096917930464,0.0,1,P01_GAMMA06_M026_00_A00,P01_GAMMA06_M026_00,P01,M026,8604.09375,8996.78125,392.6875,6.930330510545176,6.0
E52_50c718ca7f326f764494c89d,7.61384786551784,13.080943299176411,7.61384786551784,350.85355156655817,370.1881015340061,585.6998033284289,0.20772710552759727,0.009166666666666667,0.11998784722222222,0.33688161941648614,2.2231183805835144,0.8947244939323481,232.014599609375,0.0,0.0,232.014599609375,359.714599609375,4392.748524963216,275.29461669921875,30.0,560.8535515665582,0.0,1,P01_GAMMA06_M026_00_A00,P01_GAMMA06_M026_00,P01,M026,8604.09375,8996.78125,392.6875,1.6138478655178403,6.0
E52_515a3b7c8d98426ee13f2b4e,11.117181326075738,17.07508762021844,11.117181326075738,242.68536134104386,262.0561394884234,369.14605379781034,0.13858886614696947,0.009166666666666667,0.11998784722222222,0.26774338003585835,2.2922566199641423,0.9163301937387943,232.4493377685547,0.0,0.0,232.4493377685547,360.1493377685547,2768.5954034835777,210.1493377685547,30.0,452.68536134104386,0.0,1,P01_GAMMA06_M026_00_A00,P01_GAMMA06_M026_00,P01,M026,8604.09375,8996.78125,392.6875,5.1171813260757375,6.0
E52_60b76d98beea93305f35c25d,14.444925847519485,16.79058398580294,14.444925847519485,271.8613885249859,299.0873836523459,380.3668062858116,0.15055421784231732,0.009166666666666667,0.11998784722222222,0.2797087317312062,2.2802912682687944,0.912591021333998,326.7119415283203,0.0,0.0,326.7119415283203,454.4119415283203,2852.751047143587,241.2421875,30.0,481.8613885249859,0.0,1,P01_GAMMA06_M026_00_A00,P01_GAMMA06_M026_00,P01,M026,8604.09375,8996.78125,392.6875,8.444925847519485,6.0
E52_67646c2afbeb5602853e5a9c,6.386357844174455,12.927232110573698,6.386357844174455,404.7739001975914,440.6423679099937,594.3369941207687,0.22812669469116229,0.009166666666666667,0.11998784722222222,0.3572812085800512,2.202718791419949,0.888349622318734,430.42161254882814,0.0,0.0,430.42161254882814,558.1216125488281,4457.527455905765,308.1216125488281,30.0,614.7739001975914,0.0,1,P01_GAMMA06_M026_00_A00,P01_GAMMA06_M026_00,P01,M026,8604.09375,8996.78125,392.6875,0.38635784417445507,6.0
E52_68694062ed2e2e792aeb51a9,19.65152881952413,17.695890544520793,17.695890544520793,262.3147609906027,292.8212075746684,341.5908424768108,0.1416674545099547,0.009166666666666667,0.11998784722222222,0.27082196839884354,2.289178031601157,0.9153681348753614,366.0773590087891,0.0,0.0,366.0773590087891,493.77735900878906,2561.931318576081,213.8477783203125,30.0,472.3147609906027,0.0,1,P01_GAMMA06_M026_00_A00,P01_GAMMA06_M026_00,P01,M026,8604.09375,8996.78125,392.6875,11.695890544520793,6.0
E52_76b4f0bdabd1ccab126282dd,15.343865768366797,17.180198899819032,15.343865768366797,244.7670432960008,265.6078646257534,364.489158613486,0.13866967590706417,0.009166666666666667,0.11998784722222222,0.267824189795953,2.2921758102040473,0.9163049406887647,250.08985595703126,0.0,0.0,250.08985595703126,377.78985595703125,2733.6686896011447,241.2421875,30.0,454.7670432960008,0.0,1,P01_GAMMA06_M026_00_A00,P01_GAMMA06_M026_00,P01,M026,8604.09375,8996.78125,392.6875,9.343865768366797,6.0
E52_7e5f4a4eaf9aa5b10576997a,8.041560588430556,13.086620585622072,8.041560588430556,384.11958913832314,414.7999833745699,584.1568128591658,0.21933939564120059,0.009166666666666667,0.11998784722222222,0.34849390953008946,2.211506090469911,0.891095653271847,368.16473083496095,0.0,0.0,368.16473083496095,495.86473083496094,4381.1760964437435,247.829345703125,30.0,594.1195891383231,0.0,1,P01_GAMMA06_M026_00_A00,P01_GAMMA06_M026_00,P01,M026,8604.09375,8996.78125,392.6875,2.0415605884305563,6.0
E52_924cec2d58c933358893a332,6.744881624692184,12.302862284422105,6.744881624692184,416.670444788364,448.9844576972996,639.4568121231148,0.23874762537865796,0.009166666666666667,0.11998784722222222,0.36790213926754683,2.1920978607324537,0.8850305814788916,387.7681549072266,0.0,0.0,387.7681549072266,515.4681549072266,4795.926090923361,252.644287109375,30.0,626.670444788364,0.0,1,P01_GAMMA06_M026_00_A00,P01_GAMMA06_M026_00,P01,M026,8604.09375,8996.78125,392.6875,0.7448816246921837,6.0
E52_96da4f081c74d8211b4b244f,6.975462002092655,12.47027426673894,6.975462002092655,406.4445801679392,437.368205859671,627.3474061854878,0.23339590098708082,0.009166666666666667,0.11998784722222222,0.36255041487596973,2.1974495851240308,0.8867029953512595,371.08350830078126,0.0,0.0,371.08350830078126,498.78350830078125,4705.105546391158,251.37640380859375,30.0,616.4445801679392,0.0,1,P01_GAMMA06_M026_00_A00,P01_GAMMA06_M026_00,P01,M026,8604.09375,8996.78125,392.6875,0.9754620020926552,6.0
E52_a3836b1674b2d70f748125c1,13.845454383685947,18.388582284998307,13.845454383685947,238.77143733771516,265.74771093797557,315.68523307386783,0.1296256139323784,0.009166666666666667,0.11998784722222222,0.25878012782126725,2.3012198721787334,0.919131210055854,323.715283203125,0.0,0.0,323.715283203125,451.415283203125,2367.639248054009,217.29420471191406,30.0,448.77143733771516,0.0,1,P01_GAMMA06_M026_00_A00,P01_GAMMA06_M026_00,P01,M026,8604.09375,8996.78125,392.6875,7.845454383685947,6.0
E52_a77602565c04dca5831f9b7a,13.553377911766844,15.758600383852013,13.553377911766844,295.3505394617105,322.31471665694164,428.9160157520343,0.16578365241547813,0.009166666666666667,0.11998784722222222,0.294938166304367,2.2650618336956336,0.9078318230298853,323.57012634277345,0.0,0.0,323.57012634277345,451.27012634277344,3216.870118140257,284.58648681640625,30.0,505.3505394617105,0.0,1,P01_GAMMA06_M026_00_A00,P01_GAMMA06_M026_00,P01,M026,8604.09375,8996.78125,392.6875,7.5533779117668445,6.0
E52_b4122a9095172602242b40e3,6.371479616342356,12.917805218005896,6.371479616342356,417.2739001975914,457.30903457666045,594.3369941207687,0.23257222468730426,0.009166666666666667,0.11998784722222222,0.36172673857619314,2.1982732614238074,0.8869603941949397,480.42161254882814,0.0,0.0,480.42161254882814,608.1216125488281,4457.527455905765,308.1216125488281,30.0,627.2739001975914,0.0,1,P01_GAMMA06_M026_00_A00,P01_GAMMA06_M026_00,P01,M026,8604.09375,8996.78125,392.6875,0.3714796163423557,6.0
E52_b544b4d7beda1d6ed7fbeefb,14.662389639609884,16.252686834440453,14.662389639609884,293.91354735972715,324.49113296153376,404.3615811086144,0.16179511839250177,0.009166666666666667,0.11998784722222222,0.29094963228139065,2.26905036771861,0.9090782399120654,366.9310272216797,0.0,0.0,366.9310272216797,494.6310272216797,3032.711858314608,277.91845703125,30.0,503.91354735972715,0.0,1,P01_GAMMA06_M026_00_A00,P01_GAMMA06_M026_00,P01,M026,8604.09375,8996.78125,392.6875,8.662389639609884,6.0
E52_b7c433bb400c5a28313b13f0,14.173036197355259,16.00220965111248,14.173036197355259,270.63016208552887,291.2047849391259,417.8125870494757,0.1554195344851095,0.009166666666666667,0.11998784722222222,0.28457404837399836,2.2754259516260023,0.9110706098831255,246.89547424316407,0.0,0.0,246.89547424316407,374.59547424316406,3133.594402871068,284.58648681640625,30.0,480.63016208552887,0.0,1,P01_GAMMA06_M026_00_A00,P01_GAMMA06_M026_00,P01,M026,8604.09375,8996.78125,392.6875,8.173036197355259,6.0
E52_bfffb2993ede6e2e2bd9340b,7.5664969414276015,13.053008949478723,7.5664969414276015,400.85355156655817,436.85476820067277,585.6998033284289,0.22550922551216515,0.009166666666666667,0.11998784722222222,0.354663739401054,2.2053362605989464,0.8891675814371707,432.014599609375,0.0,0.0,432.014599609375,559.714599609375,4392.748524963216,275.29461669921875,30.0,610.8535515665582,0.0,1,P01_GAMMA06_M026_00_A00,P01_GAMMA06_M026_00,P01,M026,8604.09375,8996.78125,392.6875,1.5664969414276015,6.0
E52_c76d93c5902d0dc017f7065c,14.207452406884244,16.05706218628906,14.207452406884244,260.86241804033426,278.57034040361555,415.47730190098105,0.1516149798935124,0.009166666666666667,0.11998784722222222,0.2807694937824013,2.279230506217599,0.9122595331929996,212.495068359375,0.0,0.0,212.495068359375,340.195068359375,3116.079764257358,277.91845703125,30.0,470.86241804033426,0.0,1,P01_GAMMA06_M026_00_A00,P01_GAMMA06_M026_00,P01,M026,8604.09375,8996.78125,392.6875,8.207452406884244,6.0
E52_d1d4424e0dfaa7a0ce62d445,7.584263127712376,12.872868339328704,7.584263127712376,402.0751033963921,436.37951216917855,598.3237541560654,0.22773150601213982,0.009166666666666667,0.11998784722222222,0.3568860199010287,2.203113980098972,0.8884731187809285,411.6529052734375,0.0,0.0,411.6529052734375,539.3529052734375,4487.428156170491,269.83203125,30.0,612.075103396392,0.0,1,P01_GAMMA06_M026_00_A00,P01_GAMMA06_M026_00,P01,M026,8604.09375,8996.78125,392.6875,1.5842631277123758,6.0
E52_d7f1f5d49edaa9f52000c452,7.681542160023739,12.917919470378578,7.681542160023739,397.7633482290822,431.12867517406926,595.3347347882426,0.22577474843651651,0.009166666666666667,0.11998784722222222,0.3549292623254054,2.2050707376745953,0.8890846055233108,400.38392333984376,0.0,0.0,400.38392333984376,528.0839233398438,4465.010510911819,278.08392333984375,30.0,607.7633482290822,0.0,1,P01_GAMMA06_M026_00_A00,P01_GAMMA06_M026_00,P01,M026,8604.09375,8996.78125,392.6875,1.6815421600237386,6.0
E52_dbe1bedc9b83d29f34556dbd,7.962368890103562,13.016499113861627,7.962368890103562,387.86022911882606,419.0031732004504,588.862793747906,0.22133620210273125,0.009166666666666667,0.11998784722222222,0.3504907159916201,2.2095092840083805,0.8904716512526187,373.7153289794922,0.0,0.0,373.7153289794922,501.4153289794922,4416.470953109295,232.19436645507812,30.0,597.860229118826,0.0,1,P01_GAMMA06_M026_00_A00,P01_GAMMA06_M026_00,P01,M026,8604.09375,8996.78125,392.6875,1.962368890103562,6.0
E52_dc4c132291b7b9525a26c82f,14.806876888725327,16.290878065555617,14.806876888725327,256.41354735972715,274.49113296153376,404.3615811086144,0.14845852840407586,0.009166666666666667,0.11998784722222222,0.27761304229296474,2.2823869577070357,0.9132459242834485,216.9310272216797,0.0,0.0,216.9310272216797,344.6310272216797,3032.711858314608,277.91845703125,30.0,466.41354735972715,0.0,1,P01_GAMMA06_M026_00_A00,P01_GAMMA06_M026_00,P01,M026,8604.09375,8996.78125,392.6875,8.806876888725327,6.0
E52_eab18c460278cfbad2c20da0,20.174001206366768,7.760329046990023,7.760329046990023,212.31476099060268,226.15454090800176,341.5908424768108,0.12388533452538679,0.009166666666666667,0.11998784722222222,0.2530398484142757,2.306960151585725,0.9209250473705388,166.07735900878907,0.0,0.0,166.07735900878907,293.77735900878906,2561.931318576081,213.8477783203125,30.0,422.3147609906027,0.0,1,P01_GAMMA06_M026_00_A00,P01_GAMMA06_M026_00,P01,M026,8604.09375,8996.78125,392.6875,1.760329046990023,6.0
E52_eb490529b308e18523949520,6.658974002361035,12.235001379754962,6.658974002361035,417.9327582223269,449.8180932544721,644.5535062517828,0.23991836791670462,0.009166666666666667,0.11998784722222222,0.3690728818055935,2.190927118194407,0.8846647244357521,382.6240203857422,0.0,0.0,382.6240203857422,510.3240203857422,4834.151296888371,255.67149353027344,30.0,627.9327582223269,0.0,1,P01_GAMMA06_M026_00_A00,P01_GAMMA06_M026_00,P01,M026,8604.09375,8996.78125,392.6875,0.6589740023610346,6.0
E52_eddf192c3626d88d236d26e4,17.4007490070359,17.034187922993553,17.034187922993553,241.72684180786888,260.473536754158,370.9735139380034,0.13850678679446915,0.009166666666666667,0.11998784722222222,0.267661300683358,2.2923386993166424,0.9163558435364506,224.96033935546876,0.0,0.0,224.96033935546876,352.66033935546875,2782.3013545350254,199.07135009765625,30.0,451.7268418078689,0.0,1,P01_GAMMA06_M026_00_A00,P01_GAMMA06_M026_00,P01,M026,8604.09375,8996.78125,392.6875,11.034187922993553,6.0
E52_ede4029bd5e695a7a0c85289,7.696466200074141,12.925612211179384,7.696466200074141,385.2633482290822,414.4620085074026,595.3347347882426,0.22132921844037454,0.009166666666666667,0.11998784722222222,0.35048373232926344,2.209516267670737,0.8904738336471052,350.38392333984376,0.0,0.0,350.38392333984376,478.08392333984375,4465.010510911819,278.08392333984375,30.0,595.2633482290822,0.0,1,P01_GAMMA06_M026_00_A00,P01_GAMMA06_M026_00,P01,M026,8604.09375,8996.78125,392.6875,1.6964662000741413,6.0
E52_060143e4033ea7dfc142ce26,6.912009063340946,13.051384290227645,6.912009063340946,390.52156568077555,422.97629514244545,586.3147545915316,0.2219218246513189,0.009166666666666667,0.22227256944444446,0.45336106076243,2.1066389392375706,0.8583246685117406,389.4567535400391,0.0,0.0,389.4567535400391,517.1567535400391,4397.360659436487,293.1027526855469,30.0,600.5215656807756,0.0,1,P01_GAMMA06_M027_00_A00,P01_GAMMA06_M027_00,P01,M027,9269.4375,9996.875,727.4375,0.9120090633409461,6.0
E52_0f45fcab7c66cb90fa618929,6.053697108040126,12.721246579688795,6.053697108040126,427.8988653120833,469.21977900837237,607.8722484464322,0.23826781941132907,0.009166666666666667,0.22227256944444446,0.4697070555224402,2.0902929444775604,0.8532165451492375,495.85096435546876,0.0,0.0,495.85096435546876,623.5509643554688,4559.041863348241,326.6978454589844,30.0,637.8988653120832,0.0,1,P01_GAMMA06_M027_00_A00,P01_GAMMA06_M027_00,P01,M027,9269.4375,9996.875,727.4375,0.05369710804012584,6.0
E52_12b142f00e8cb4e3948f96c2,6.659570234322345,12.991659521749298,6.659570234322345,402.5936730780369,438.4739485500421,589.9056933240425,0.22672373828986628,0.009166666666666667,0.22227256944444446,0.4581629744009774,2.101837025599023,0.8568240704996946,430.5633056640625,0.0,0.0,430.5633056640625,558.2633056640625,4424.292699930319,284.7546081542969,30.0,612.5936730780369,0.0,1,P01_GAMMA06_M027_00_A00,P01_GAMMA06_M027_00,P01,M027,9269.4375,9996.875,727.4375,0.6595702343223451,6.0
E52_24cc4f01335372459fb4c2ba,7.659437649365316,12.909161020133865,7.659437649365316,410.2633482290822,447.7953418407359,595.3347347882426,0.23022027843265847,0.009166666666666667,0.22227256944444446,0.4616595145437696,2.098340485456231,0.855731401705072,450.38392333984376,0.0,0.0,450.38392333984376,578.0839233398438,4465.010510911819,278.08392333984375,30.0,620.2633482290822,0.0,1,P01_GAMMA06_M027_00_A00,P01_GAMMA06_M027_00,P01,M027,9269.4375,9996.875,727.4375,1.6594376493653158,6.0
E52_2cea01313b8862fcfb6b2e63,6.264019617413027,16.460055432828085,6.264019617413027,259.5957489704318,280.08528245838755,396.2542970131293,0.148442074342722,0.009166666666666667,0.22227256944444446,0.3798813104538331,2.1801186895461675,0.8812870904831771,245.87440185546876,0.0,0.0,245.87440185546876,373.57440185546875,2971.90722759847,231.8917236328125,30.0,469.5957489704318,0.0,1,P01_GAMMA06_M027_00_A00,P01_GAMMA06_M027_00,P01,M027,9269.4375,9996.875,727.4375,0.2640196174130267,6.0
E52_2dadfb43d7dd9558e21effa9,7.628466886955749,12.85982438864363,7.628466886955749,396.07517918576866,428.1792069974549,599.5261915014202,0.22576797164618329,0.009166666666666667,0.22227256944444446,0.4572072077572944,2.102792792242706,0.8571227475758455,385.2483337402344,0.0,0.0,385.2483337402344,512.9483337402344,4496.446436260651,248.30487060546875,30.0,606.0751791857687,0.0,1,P01_GAMMA06_M027_00_A00,P01_GAMMA06_M027_00,P01,M027,9269.4375,9996.875,727.4375,1.6284668869557493,6.0
E52_3322673a66874be8fb5ff9e0,6.24468723940268,12.93559360833251,6.24468723940268,392.2739001975914,423.9757012433271,594.3369941207687,0.2236811646950203,0.009166666666666667,0.22227256944444446,0.4551204008061314,2.104879599193869,0.857774874748084,380.42161254882814,0.0,0.0,380.42161254882814,508.1216125488281,4457.527455905765,308.1216125488281,30.0,602.2739001975914,0.0,1,P01_GAMMA06_M027_00_A00,P01_GAMMA06_M027_00,P01,M027,9269.4375,9996.875,727.4375,0.24468723940267978,6.0
E52_357bbbd4dc4420221c875ea3,6.665630280913078,12.241245229232817,6.665630280913078,405.4327582223269,433.1514265878055,644.5535062517828,0.23547283792056264,0.009166666666666667,0.22227256944444446,0.4669120740316738,2.0930879259683266,0.854089976865102,332.6240203857422,0.0,0.0,332.6240203857422,460.3240203857422,4834.151296888371,255.67149353027344,30.0,615.4327582223269,0.0,1,P01_GAMMA06_M027_00_A00,P01_GAMMA06_M027_00,P01,M027,9269.4375,9996.875,727.4375,0.6656302809130779,6.0
E52_50c718ca7f326f764494c89d,7.60067586218139,13.080943299176411,7.60067586218139,350.85355156655817,370.1881015340061,585.6998033284289,0.20772710552759727,0.009166666666666667,0.22227256944444446,0.4391663416387084,2.120833658361292,0.8627605182379037,232.014599609375,0.0,0.0,232.014599609375,359.714599609375,4392.748524963216,275.29461669921875,30.0,560.8535515665582,0.0,1,P01_GAMMA06_M027_00_A00,P01_GAMMA06_M027_00,P01,M027,9269.4375,9996.875,727.4375,1.6006758621813901,6.0
E52_60b76d98beea93305f35c25d,6.004471256022072,16.79058398580294,6.004471256022072,271.8613885249859,299.0873836523459,380.3668062858116,0.15055421784231732,0.009166666666666667,0.22227256944444446,0.38199345395342843,2.1780065460465723,0.8806270456395536,326.7119415283203,0.0,0.0,326.7119415283203,454.4119415283203,2852.751047143587,241.2421875,30.0,481.8613885249859,0.0,1,P01_GAMMA06_M027_00_A00,P01_GAMMA06_M027_00,P01,M027,9269.4375,9996.875,727.4375,0.004471256022071657,6.0
E52_67646c2afbeb5602853e5a9c,6.230607706260017,12.927232110573698,6.230607706260017,404.7739001975914,440.6423679099937,594.3369941207687,0.22812669469116229,0.009166666666666667,0.22227256944444446,0.45956593080227337,2.100434069197727,0.8563856466242896,430.42161254882814,0.0,0.0,430.42161254882814,558.1216125488281,4457.527455905765,308.1216125488281,30.0,614.7739001975914,0.0,1,P01_GAMMA06_M027_00_A00,P01_GAMMA06_M027_00,P01,M027,9269.4375,9996.875,727.4375,0.2306077062600167,6.0
E52_7e5f4a4eaf9aa5b10576997a,8.036368641936974,13.086620585622072,8.036368641936974,384.11958913832314,414.7999833745699,584.1568128591658,0.21933939564120059,0.009166666666666667,0.22227256944444446,0.4507786317523117,2.109221368247689,0.8591316775774026,368.16473083496095,0.0,0.0,368.16473083496095,495.86473083496094,4381.1760964437435,247.829345703125,30.0,594.1195891383231,0.0,1,P01_GAMMA06_M027_00_A00,P01_GAMMA06_M027_00,P01,M027,9269.4375,9996.875,727.4375,2.036368641936974,6.0
E52_924cec2d58c933358893a332,6.741136314196339,12.302862284422105,6.741136314196339,416.670444788364,448.9844576972996,639.4568121231148,0.23874762537865796,0.009166666666666667,0.22227256944444446,0.47018686148976907,2.089813138510231,0.8530666057844472,387.7681549072266,0.0,0.0,387.7681549072266,515.4681549072266,4795.926090923361,252.644287109375,30.0,626.670444788364,0.0,1,P01_GAMMA06_M027_00_A00,P01_GAMMA06_M027_00,P01,M027,9269.4375,9996.875,727.4375,0.7411363141963392,6.0
E52_96da4f081c74d8211b4b244f,6.970356990525261,12.47027426673894,6.970356990525261,406.4445801679392,437.368205859671,627.3474061854878,0.23339590098708082,0.009166666666666667,0.22227256944444446,0.4648351370981919,2.0951648629018087,0.854739019656815,371.08350830078126,0.0,0.0,371.08350830078126,498.78350830078125,4705.105546391158,251.37640380859375,30.0,616.4445801679392,0.0,1,P01_GAMMA06_M027_00_A00,P01_GAMMA06_M027_00,P01,M027,9269.4375,9996.875,727.4375,0.9703569905252607,6.0
E52_a77602565c04dca5831f9b7a,7.81446751050494,15.758600383852013,7.81446751050494,295.3505394617105,322.31471665694164,428.9160157520343,0.16578365241547813,0.009166666666666667,0.22227256944444446,0.39722288852658927,2.162777111473411,0.8758678473354409,323.57012634277345,0.0,0.0,323.57012634277345,451.27012634277344,3216.870118140257,284.58648681640625,30.0,505.3505394617105,0.0,1,P01_GAMMA06_M027_00_A00,P01_GAMMA06_M027_00,P01,M027,9269.4375,9996.875,727.4375,1.8144675105049402,6.0
E52_b4122a9095172602242b40e3,6.214263103198391,12.917805218005896,6.214263103198391,417.2739001975914,457.30903457666045,594.3369941207687,0.23257222468730426,0.009166666666666667,0.22227256944444446,0.4640114607984154,2.095988539201585,0.8549964185004952,480.42161254882814,0.0,0.0,480.42161254882814,608.1216125488281,4457.527455905765,308.1216125488281,30.0,627.2739001975914,0.0,1,P01_GAMMA06_M027_00_A00,P01_GAMMA06_M027_00,P01,M027,9269.4375,9996.875,727.4375,0.21426310319839104,6.0
E52_b544b4d7beda1d6ed7fbeefb,7.168393459732144,16.252686834440453,7.168393459732144,293.91354735972715,324.49113296153376,404.3615811086144,0.16179511839250177,0.009166666666666667,0.22227256944444446,0.3932343545036129,2.1667656454963877,0.877114264217621,366.9310272216797,0.0,0.0,366.9310272216797,494.6310272216797,3032.711858314608,277.91845703125,30.0,503.91354735972715,0.0,1,P01_GAMMA06_M027_00_A00,P01_GAMMA06_M027_00,P01,M027,9269.4375,9996.875,727.4375,1.168393459732144,6.0
E52_b7c433bb400c5a28313b13f0,7.568193928118205,16.00220965111248,7.568193928118205,270.63016208552887,291.2047849391259,417.8125870494757,0.1554195344851095,0.009166666666666667,0.22227256944444446,0.38685877059622065,2.1731412294037797,0.8791066341886811,246.89547424316407,0.0,0.0,246.89547424316407,374.59547424316406,3133.594402871068,284.58648681640625,30.0,480.63016208552887,0.0,1,P01_GAMMA06_M027_00_A00,P01_GAMMA06_M027_00,P01,M027,9269.4375,9996.875,727.4375,1.5681939281182053,6.0
E52_bfffb2993ede6e2e2bd9340b,7.558544741013833,13.053008949478723,7.558544741013833,400.85355156655817,436.85476820067277,585.6998033284289,0.22550922551216515,0.009166666666666667,0.22227256944444446,0.4569484616232763,2.1030515383767243,0.8572036057427261,432.014599609375,0.0,0.0,432.014599609375,559.714599609375,4392.748524963216,275.29461669921875,30.0,610.8535515665582,0.0,1,P01_GAMMA06_M027_00_A00,P01_GAMMA06_M027_00,P01,M027,9269.4375,9996.875,727.4375,1.558544741013833,6.0
E52_c76d93c5902d0dc017f7065c,7.454794546037789,16.05706218628906,7.454794546037789,260.86241804033426,278.57034040361555,415.47730190098105,0.1516149798935124,0.009166666666666667,0.22227256944444446,0.3830542160046235,2.176945783995377,0.8802955574985551,212.495068359375,0.0,0.0,212.495068359375,340.195068359375,3116.079764257358,277.91845703125,30.0,470.86241804033426,0.0,1,P01_GAMMA06_M027_00_A00,P01_GAMMA06_M027_00,P01,M027,9269.4375,9996.875,727.4375,1.454794546037789,6.0
E52_d1d4424e0dfaa7a0ce62d445,7.5926983603444,12.872868339328704,7.5926983603444,402.0751033963921,436.37951216917855,598.3237541560654,0.22773150601213982,0.009166666666666667,0.22227256944444446,0.45917074212325093,2.1008292578767493,0.8565091430864841,411.6529052734375,0.0,0.0,411.6529052734375,539.3529052734375,4487.428156170491,269.83203125,30.0,612.075103396392,0.0,1,P01_GAMMA06_M027_00_A00,P01_GAMMA06_M027_00,P01,M027,9269.4375,9996.875,727.4375,1.5926983603444,6.0
E52_d7f1f5d49edaa9f52000c452,7.676214878933706,12.917919470378578,7.676214878933706,397.7633482290822,431.12867517406926,595.3347347882426,0.22577474843651651,0.009166666666666667,0.22227256944444446,0.4572139845476276,2.1027860154523728,0.8571206298288664,400.38392333984376,0.0,0.0,400.38392333984376,528.0839233398438,4465.010510911819,278.08392333984375,30.0,607.7633482290822,0.0,1,P01_GAMMA06_M027_00_A00,P01_GAMMA06_M027_00,P01,M027,9269.4375,9996.875,727.4375,1.6762148789337061,6.0
E52_dbe1bedc9b83d29f34556dbd,7.958233634087037,13.016499113861627,7.958233634087037,387.86022911882606,419.0031732004504,588.862793747906,0.22133620210273125,0.009166666666666667,0.22227256944444446,0.45277543821384236,2.107224561786158,0.8585076755581743,373.7153289794922,0.0,0.0,373.7153289794922,501.4153289794922,4416.470953109295,232.19436645507812,30.0,597.860229118826,0.0,1,P01_GAMMA06_M027_00_A00,P01_GAMMA06_M027_00,P01,M027,9269.4375,9996.875,727.4375,1.958233634087037,6.0
E52_dc4c132291b7b9525a26c82f,7.201257348444585,16.290878065555617,7.201257348444585,256.41354735972715,274.49113296153376,404.3615811086144,0.14845852840407586,0.009166666666666667,0.22227256944444446,0.379897764515187,2.1801022354848136,0.8812819485890041,216.9310272216797,0.0,0.0,216.9310272216797,344.6310272216797,3032.711858314608,277.91845703125,30.0,466.41354735972715,0.0,1,P01_GAMMA06_M027_00_A00,P01_GAMMA06_M027_00,P01,M027,9269.4375,9996.875,727.4375,1.2012573484445852,6.0
E52_eb490529b308e18523949520,6.655794830287107,12.235001379754962,6.655794830287107,417.9327582223269,449.8180932544721,644.5535062517828,0.23991836791670462,0.009166666666666667,0.22227256944444446,0.47135760402781574,2.088642395972185,0.8527007487413076,382.6240203857422,0.0,0.0,382.6240203857422,510.3240203857422,4834.151296888371,255.67149353027344,30.0,627.9327582223269,0.0,1,P01_GAMMA06_M027_00_A00,P01_GAMMA06_M027_00,P01,M027,9269.4375,9996.875,727.4375,0.6557948302871068,6.0
E52_eddf192c3626d88d236d26e4,6.598671975907564,17.034187922993553,6.598671975907564,241.72684180786888,260.473536754158,370.9735139380034,0.13850678679446915,0.009166666666666667,0.22227256944444446,0.36994602290558026,2.1900539770944203,0.8843918678420062,224.96033935546876,0.0,0.0,224.96033935546876,352.66033935546875,2782.3013545350254,199.07135009765625,30.0,451.7268418078689,0.0,1,P01_GAMMA06_M027_00_A00,P01_GAMMA06_M027_00,P01,M027,9269.4375,9996.875,727.4375,0.598671975907564,6.0
E52_ede4029bd5e695a7a0c85289,7.689811383547095,12.925612211179384,7.689811383547095,385.2633482290822,414.4620085074026,595.3347347882426,0.22132921844037454,0.009166666666666667,0.22227256944444446,0.4527684545514856,2.107231545448515,0.8585098579526608,350.38392333984376,0.0,0.0,350.38392333984376,478.08392333984375,4465.010510911819,278.08392333984375,30.0,595.2633482290822,0.0,1,P01_GAMMA06_M027_00_A00,P01_GAMMA06_M027_00,P01,M027,9269.4375,9996.875,727.4375,1.6898113835470951,6.0
E52_06eb0baa948af7ff52881bcf,12.319282367726444,16.258674653736037,12.319282367726444,296.7597053393259,328.36499963050426,403.88764493158146,0.16274021246714285,0.009166666666666667,0.1082717013888889,0.2801785805226984,2.279821419477302,0.9124441935866567,379.26353149414064,0.0,0.0,379.26353149414064,506.9635314941406,3029.157336986861,306.9635314941406,30.0,506.7597053393259,0.0,1,P01_GAMMA06_M028_00_A00,P01_GAMMA06_M028_00,P01,M028,9699.875,10054.21875,354.34375,6.319282367726444,6.0
E52_0c9d91fc306062a18ada9948,12.574089684494595,15.697900697510477,12.574089684494595,331.42241999480143,370.2725110389095,429.7442937249544,0.1787296459836012,0.009166666666666667,0.1082717013888889,0.29616801403915677,2.263831985960844,0.9074474956127635,466.2010925292969,0.0,0.0,466.2010925292969,593.9010925292969,3223.082202937158,326.7436828613281,30.0,541.4224199948014,0.0,1,P01_GAMMA06_M028_00_A00,P01_GAMMA06_M028_00,P01,M028,9699.875,10054.21875,354.34375,6.574089684494595,6.0
E52_1eac4bbcd37cec5d48241661,13.197287756999486,6.04580255430777,6.04580255430777,275.66392246828667,298.30930922772677,415.4555243799327,0.1568759382441215,0.009166666666666667,0.1082717013888889,0.27431430629967707,2.2856856937003234,0.9142767792813509,271.74464111328126,0.0,0.0,271.74464111328126,399.44464111328125,3115.9164328494953,326.2397766113281,30.0,485.66392246828667,0.0,1,P01_GAMMA06_M028_00_A00,P01_GAMMA06_M028_00,P01,M028,9699.875,10054.21875,354.34375,0.04580255430776958,6.0
E52_214ce9a3b3bd3fa9c582335a,11.907287734028927,15.138353346483314,11.907287734028927,331.46735474952504,365.31699057309277,459.8368945576438,0.1830074384559416,0.009166666666666667,0.1082717013888889,0.30044580651149716,2.2595541934885035,0.9061106854651572,406.1956298828125,0.0,0.0,406.1956298828125,533.8956298828125,3448.7767091823284,283.8956298828125,30.0,541.467354749525,0.0,1,P01_GAMMA06_M028_00_A00,P01_GAMMA06_M028_00,P01,M028,9699.875,10054.21875,354.34375,5.907287734028927,6.0
E52_231de36c6439da832299e30f,8.648833627282826,16.451156269229884,8.648833627282826,336.2639482811268,383.1573412254627,391.1675388962379,0.1749881335365896,0.009166666666666667,0.1082717013888889,0.29242650159214517,2.2675734984078555,0.9086167182524546,562.7207153320312,0.0,0.0,562.7207153320312,690.4207153320312,2933.7565417217843,390.42071533203125,30.0,546.2639482811268,0.0,1,P01_GAMMA06_M028_00_A00,P01_GAMMA06_M028_00,P01,M028,9699.875,10054.21875,354.34375,2.6488336272828263,6.0
E52_246111a1ef063bec9e89ec9e,6.116712781665171,13.03223549741864,6.116712781665171,413.11352328410356,453.07003166626504,586.4879962752384,0.22998101771643822,0.009166666666666667,0.1082717013888889,0.34741938577199377,2.2125806142280067,0.8914314419462519,479.4781005859375,0.0,0.0,479.4781005859375,607.1781005859375,4398.659972064288,469.28277587890625,30.0,623.1135232841036,0.0,1,P01_GAMMA06_M028_00_A00,P01_GAMMA06_M028_00,P01,M028,9699.875,10054.21875,354.34375,0.1167127816651714,6.0
E52_24cc4f01335372459fb4c2ba,6.033932994431012,12.909161020133865,6.033932994431012,410.2633482290822,447.7953418407359,595.3347347882426,0.23022027843265847,0.009166666666666667,0.1082717013888889,0.34765864648821404,2.2123413535117864,0.8913566729724332,450.38392333984376,0.0,0.0,450.38392333984376,578.0839233398438,4465.010510911819,278.08392333984375,30.0,620.2633482290822,0.0,1,P01_GAMMA06_M028_00_A00,P01_GAMMA06_M028_00,P01,M028,9699.875,10054.21875,354.34375,0.033932994431012276,6.0
E52_27bf01e9e990859ae5993708,12.916805319490408,15.932490639468014,12.916805319490408,318.6138217216496,355.0514931287134,418.60161500091635,0.17259630304263499,0.009166666666666667,0.1082717013888889,0.29003467109819053,2.26996532890181,0.9093641652818154,437.25205688476564,0.0,0.0,437.25205688476564,564.9520568847656,3139.5121125068727,326.2397766113281,30.0,528.6138217216496,0.0,1,P01_GAMMA06_M028_00_A00,P01_GAMMA06_M028_00,P01,M028,9699.875,10054.21875,354.34375,6.9168053194904076,6.0
E52_27bf1882d0e1a812c8450c72,12.483641346083218,16.18675851321828,12.483641346083218,334.03154784809436,377.9609795090644,404.48650573036844,0.17608047258726683,0.009166666666666667,0.1082717013888889,0.2935188406428224,2.266481159357178,0.908275362299118,527.1531799316406,0.0,0.0,527.1531799316406,654.8531799316406,3033.648792977763,359.1753845214844,30.0,544.0315478480943,0.0,1,P01_GAMMA06_M028_00_A00,P01_GAMMA06_M028_00,P01,M028,9699.875,10054.21875,354.34375,6.483641346083218,6.0
E52_27fdcb9bc2da20af468e67a1,12.736662562264272,15.630401191469062,12.736662562264272,333.5201066466774,372.5049327982074,433.1312563841751,0.1799553449394086,0.009166666666666667,0.1082717013888889,0.29739371299496414,2.2626062870050365,0.9070644646890738,467.8179138183594,0.0,0.0,467.8179138183594,595.5179138183594,3248.4844228813135,322.1230773925781,30.0,543.5201066466774,0.0,1,P01_GAMMA06_M028_00_A00,P01_GAMMA06_M028_00,P01,M028,9699.875,10054.21875,354.34375,6.7366625622642715,6.0
E52_2cea01313b8862fcfb6b2e63,12.031644154666537,16.460055432828085,12.031644154666537,259.5957489704318,280.08528245838755,396.2542970131293,0.148442074342722,0.009166666666666667,0.1082717013888889,0.26588044239827757,2.294119557601723,0.9169123617505383,245.87440185546876,0.0,0.0,245.87440185546876,373.57440185546875,2971.90722759847,231.8917236328125,30.0,469.5957489704318,0.0,1,P01_GAMMA06_M028_00_A00,P01_GAMMA06_M028_00,P01,M028,9699.875,10054.21875,354.34375,6.031644154666537,6.0
E52_2d7a36258a59c18fc6a856bf,13.925953056776521,16.662039037059316,13.925953056776521,318.72117968179435,361.17160743651436,382.73979283526836,0.16755561647288383,0.009166666666666667,0.1082717013888889,0.2849939845284394,2.2750060154715612,0.9109393798348627,509.40513305664064,0.0,0.0,509.40513305664064,637.1051330566406,2870.5484462645127,346.4301452636719,30.0,528.7211796817944,0.0,1,P01_GAMMA06_M028_00_A00,P01_GAMMA06_M028_00,P01,M028,9699.875,10054.21875,354.34375,7.925953056776521,6.0
E52_326bd9096774308657b14836,14.584083201309866,6.820761438549596,6.820761438549596,254.20783025924425,275.6237299174474,379.92026256926977,0.1442126230476059,0.009166666666666667,0.1082717013888889,0.2616509911031615,2.298349008896839,0.9182340652802621,256.9907958984375,0.0,0.0,256.9907958984375,384.6907958984375,2849.4019692695233,334.6907958984375,30.0,464.20783025924425,0.0,1,P01_GAMMA06_M028_00_A00,P01_GAMMA06_M028_00,P01,M028,9699.875,10054.21875,354.34375,0.8207614385495958,6.0
E52_3a94b6482baa2cfaba8a857d,13.18010155127726,16.425448776817632,13.18010155127726,326.01303055755295,369.111023518165,393.4381033514341,0.17166403726355467,0.009166666666666667,0.1082717013888889,0.28910240531911024,2.27089759468089,0.909655498337778,517.1759155273437,0.0,0.0,517.1759155273437,644.8759155273438,2950.785775135756,352.4370422363281,30.0,536.013030557553,0.0,1,P01_GAMMA06_M028_00_A00,P01_GAMMA06_M028_00,P01,M028,9699.875,10054.21875,354.34375,7.180101551277261,6.0
E52_437c6a333219b14c3939f26c,13.111414028763718,6.0194831627628105,6.0194831627628105,277.09771274073506,296.211315442558,417.14117438283733,0.1570562493971614,0.009166666666666667,0.1082717013888889,0.27449461745271697,2.2855053825472833,0.914220432046026,248.53977661132814,19.176544189453125,19.176544189453125,248.53977661132814,376.2397766113281,3128.55880787128,326.2397766113281,30.0,487.09771274073506,0.0,1,P01_GAMMA06_M028_00_A00,P01_GAMMA06_M028_00,P01,M028,9699.875,10054.21875,354.34375,0.01948316276281048,6.0
E52_44ed69e1d99dc074a7941a18,14.187263646345983,8.900383690419545,8.900383690419545,188.27556058823757,199.0276355292369,299.7078152072368,0.1090911242968749,0.009166666666666667,0.1082717013888889,0.22652949235243047,2.33347050764757,0.9292095336398655,139.59420471191407,10.569305419921875,10.569305419921875,139.59420471191407,267.29420471191406,2247.808614054276,217.29420471191406,30.0,398.27556058823757,0.0,1,P01_GAMMA06_M028_00_A00,P01_GAMMA06_M028_00,P01,M028,9699.875,10054.21875,354.34375,2.9003836904195452,6.0
E52_47db2d0d55c92154c779a4c9,12.332450747982804,16.45726286038159,12.332450747982804,312.62709924858126,351.3219092257948,393.08533863388124,0.16685347284684848,0.009166666666666667,0.1082717013888889,0.28429184090240406,2.2757081590975963,0.9111587997179987,464.3377197265625,0.0,0.0,464.3377197265625,592.0377197265625,2948.1400397541092,295.61395263671875,30.0,522.6270992485813,0.0,1,P01_GAMMA06_M028_00_A00,P01_GAMMA06_M028_00,P01,M028,9699.875,10054.21875,354.34375,6.332450747982804,6.0
E52_4cf0fac9feb721651efb2830,18.341863484091675,17.82597875173802,17.82597875173802,242.69354898018014,267.32891198677197,337.5749199208095,0.13412057160327687,0.009166666666666667,0.1082717013888889,0.2515589396588324,2.3084410603411682,0.9213878313566148,295.6243560791016,0.0,0.0,295.6243560791016,423.32435607910156,2531.8118994060715,217.31182861328125,30.0,452.69354898018014,0.0,1,P01_GAMMA06_M028_00_A00,P01_GAMMA06_M028_00,P01,M028,9699.875,10054.21875,354.34375,11.82597875173802,6.0
E52_515a3b7c8d98426ee13f2b4e,16.1631889810524,17.07508762021844,16.1631889810524,242.68536134104386,262.0561394884234,369.14605379781034,0.13858886614696947,0.009166666666666667,0.1082717013888889,0.25602723420252504,2.3039727657974756,0.9199914893117109,232.4493377685547,0.0,0.0,232.4493377685547,360.1493377685547,2768.5954034835777,210.1493377685547,30.0,452.68536134104386,0.0,1,P01_GAMMA06_M028_00_A00,P01_GAMMA06_M028_00,P01,M028,9699.875,10054.21875,354.34375,10.1631889810524,6.0
E52_60b76d98beea93305f35c25d,12.478583420043535,16.79058398580294,12.478583420043535,271.8613885249859,299.0873836523459,380.3668062858116,0.15055421784231732,0.009166666666666667,0.1082717013888889,0.2679925858978729,2.2920074141021276,0.9162523169069148,326.7119415283203,0.0,0.0,326.7119415283203,454.4119415283203,2852.751047143587,241.2421875,30.0,481.8613885249859,0.0,1,P01_GAMMA06_M028_00_A00,P01_GAMMA06_M028_00,P01,M028,9699.875,10054.21875,354.34375,6.478583420043535,6.0
E52_68694062ed2e2e792aeb51a9,9.337465598107826,17.695890544520793,9.337465598107826,262.3147609906027,292.8212075746684,341.5908424768108,0.1416674545099547,0.009166666666666667,0.1082717013888889,0.25910582256551024,2.30089417743449,0.919029430448278,366.0773590087891,0.0,0.0,366.0773590087891,493.77735900878906,2561.931318576081,213.8477783203125,30.0,472.3147609906027,0.0,1,P01_GAMMA06_M028_00_A00,P01_GAMMA06_M028_00,P01,M028,9699.875,10054.21875,354.34375,3.3374655981078263,6.0
E52_6aa461eda22a4c53e6730e81,13.661892409858368,6.478254834226846,6.478254834226846,265.8104536255181,288.3542041341444,395.1560268799425,0.15046620221455187,0.009166666666666667,0.1082717013888889,0.26790457027010744,2.292095429729893,0.9162798217905914,271.555615234375,1.030609130859375,1.030609130859375,271.555615234375,399.255615234375,2963.670201599569,349.255615234375,30.0,475.8104536255181,0.0,1,P01_GAMMA06_M028_00_A00,P01_GAMMA06_M028_00,P01,M028,9699.875,10054.21875,354.34375,0.47825483422684556,6.0
E52_6dc095df8eb6475486134b5c,6.054354335378889,12.905188948092743,6.054354335378889,424.06014837873875,466.2734748964797,594.8403376510322,0.23505698741925235,0.009166666666666667,0.1082717013888889,0.3524953554748079,2.2075046445251925,0.8898452014141225,506.55991821289064,0.0,0.0,506.55991821289064,634.2599182128906,4461.302532382741,440.2059631347656,30.0,634.0601483787387,0.0,1,P01_GAMMA06_M028_00_A00,P01_GAMMA06_M028_00,P01,M028,9699.875,10054.21875,354.34375,0.05435433537888912,6.0
E52_76b4f0bdabd1ccab126282dd,12.992072030643726,17.180198899819032,12.992072030643726,244.7670432960008,265.6078646257534,364.489158613486,0.13866967590706417,0.009166666666666667,0.1082717013888889,0.2561080439626197,2.303891956037381,0.9199662362616814,250.08985595703126,0.0,0.0,250.08985595703126,377.78985595703125,2733.6686896011447,241.2421875,30.0,454.7670432960008,0.0,1,P01_GAMMA06_M028_00_A00,P01_GAMMA06_M028_00,P01,M028,9699.875,10054.21875,354.34375,6.992072030643726,6.0
E52_7e5f4a4eaf9aa5b10576997a,6.111651769022885,13.086620585622072,6.111651769022885,384.11958913832314,414.7999833745699,584.1568128591658,0.21933939564120059,0.009166666666666667,0.1082717013888889,0.33677776369675616,2.2232222363032443,0.8947569488447638,368.16473083496095,0.0,0.0,368.16473083496095,495.86473083496094,4381.1760964437435,247.829345703125,30.0,594.1195891383231,0.0,1,P01_GAMMA06_M028_00_A00,P01_GAMMA06_M028_00,P01,M028,9699.875,10054.21875,354.34375,0.11165176902288465,6.0
E52_8ca7795ffa642a3b129c0a3d,12.664117091746476,15.730152054416479,12.664117091746476,330.94608252023,369.9122522589995,428.0951466078428,0.17832668261553564,0.009166666666666667,0.1082717013888889,0.2957650506710912,2.2642349493289093,0.907573421665284,467.5940368652344,0.0,0.0,467.5940368652344,595.2940368652344,3210.713599558821,335.390380859375,30.0,540.94608252023,0.0,1,P01_GAMMA06_M028_00_A00,P01_GAMMA06_M028_00,P01,M028,9699.875,10054.21875,354.34375,6.664117091746476,6.0
E52_8d375985c45fff9288668cb3,8.010583688037713,16.222123863058812,8.010583688037713,353.99602207193686,405.21742048909175,400.663653640944,0.182639281392285,0.009166666666666667,0.1082717013888889,0.30007764944784054,2.25992235055216,0.9062257345475498,614.6567810058593,0.0,0.0,614.6567810058593,742.3567810058594,3004.97740230708,442.3567810058594,30.0,563.9960220719369,0.0,1,P01_GAMMA06_M028_00_A00,P01_GAMMA06_M028_00,P01,M028,9699.875,10054.21875,354.34375,2.0105836880377126,6.0
E52_a3836b1674b2d70f748125c1,14.236917061805343,18.388582284998307,14.236917061805343,238.77143733771516,265.74771093797557,315.68523307386783,0.1296256139323784,0.009166666666666667,0.1082717013888889,0.24706398198793394,2.3129360180120666,0.9227925056287707,323.715283203125,0.0,0.0,323.715283203125,451.415283203125,2367.639248054009,217.29420471191406,30.0,448.77143733771516,0.0,1,P01_GAMMA06_M028_00_A00,P01_GAMMA06_M028_00,P01,M028,9699.875,10054.21875,354.34375,8.236917061805343,6.0
E52_a77602565c04dca5831f9b7a,7.073240109220848,15.758600383852013,7.073240109220848,295.3505394617105,322.31471665694164,428.9160157520343,0.16578365241547813,0.009166666666666667,0.1082717013888889,0.2832220204710337,2.276777979528967,0.911493118602802,323.57012634277345,0.0,0.0,323.57012634277345,451.27012634277344,3216.870118140257,284.58648681640625,30.0,505.3505394617105,0.0,1,P01_GAMMA06_M028_00_A00,P01_GAMMA06_M028_00,P01,M028,9699.875,10054.21875,354.34375,1.0732401092208477,6.0
E52_b544b4d7beda1d6ed7fbeefb,7.2179914299343295,16.252686834440453,7.2179914299343295,293.91354735972715,324.49113296153376,404.3615811086144,0.16179511839250177,0.009166666666666667,0.1082717013888889,0.27923348644805734,2.280766513551943,0.9127395354849821,366.9310272216797,0.0,0.0,366.9310272216797,494.6310272216797,3032.711858314608,277.91845703125,30.0,503.91354735972715,0.0,1,P01_GAMMA06_M028_00_A00,P01_GAMMA06_M028_00,P01,M028,9699.875,10054.21875,354.34375,1.2179914299343295,6.0
E52_b60e4d2a4cdcd5801a5d757f,14.056647083889203,16.480566458341656,14.056647083889203,308.26023760270465,345.626388522301,392.32356968783114,0.16519254750221457,0.009166666666666667,0.1082717013888889,0.28263091555777015,2.2773690844422303,0.9116778388881969,448.39381103515626,0.0,0.0,448.39381103515626,576.0938110351562,2942.4267726587336,326.2397766113281,30.0,518.2602376027046,0.0,1,P01_GAMMA06_M028_00_A00,P01_GAMMA06_M028_00,P01,M028,9699.875,10054.21875,354.34375,8.056647083889203,6.0
E52_b7c433bb400c5a28313b13f0,7.251147473094576,16.00220965111248,7.251147473094576,270.63016208552887,291.2047849391259,417.8125870494757,0.1554195344851095,0.009166666666666667,0.1082717013888889,0.27285790254066505,2.2871420974593355,0.9147319054560422,246.89547424316407,0.0,0.0,246.89547424316407,374.59547424316406,3133.594402871068,284.58648681640625,30.0,480.63016208552887,0.0,1,P01_GAMMA06_M028_00_A00,P01_GAMMA06_M028_00,P01,M028,9699.875,10054.21875,354.34375,1.2511474730945764,6.0
E52_be69bdf55826f2eb34075d09,6.352753224092794,12.029424972929434,6.352753224092794,457.6877788138426,500.48965717077624,658.5642874860837,0.25604119113741575,0.009166666666666667,0.1082717013888889,0.3734795591929713,2.1865204408070293,0.8832876377521964,513.6225402832031,0.0,0.0,513.6225402832031,641.3225402832031,4939.232156145627,341.3225402832031,30.0,667.6877788138427,0.0,1,P01_GAMMA06_M028_00_A00,P01_GAMMA06_M028_00,P01,M028,9699.875,10054.21875,354.34375,0.35275322409279397,6.0
E52_bfffb2993ede6e2e2bd9340b,6.793277728855259,13.053008949478723,6.793277728855259,400.85355156655817,436.85476820067277,585.6998033284289,0.22550922551216515,0.009166666666666667,0.1082717013888889,0.3429475935677207,2.2170524064322796,0.8928288770100873,432.014599609375,0.0,0.0,432.014599609375,559.714599609375,4392.748524963216,275.29461669921875,30.0,610.8535515665582,0.0,1,P01_GAMMA06_M028_00_A00,P01_GAMMA06_M028_00,P01,M028,9699.875,10054.21875,354.34375,0.7932777288552586,6.0
E52_c0294c7ff44d44fc4ede8d97,14.25363871502067,16.7256600789149,14.25363871502067,316.70783025924425,358.9570632507807,379.92026256926977,0.16644027302831577,0.009166666666666667,0.1082717013888889,0.28387864108387134,2.276121358916129,0.9112879246612902,506.9907958984375,0.0,0.0,506.9907958984375,634.6907958984375,2849.4019692695233,334.6907958984375,30.0,526.7078302592442,0.0,1,P01_GAMMA06_M028_00_A00,P01_GAMMA06_M028_00,P01,M028,9699.875,10054.21875,354.34375,8.25363871502067,6.0
E52_c76d93c5902d0dc017f7065c,7.103580052335786,16.05706218628906,7.103580052335786,260.86241804033426,278.57034040361555,415.47730190098105,0.1516149798935124,0.009166666666666667,0.1082717013888889,0.269053347949068,2.2909466520509323,0.9159208287659163,212.495068359375,0.0,0.0,212.495068359375,340.195068359375,3116.079764257358,277.91845703125,30.0,470.86241804033426,0.0,1,P01_GAMMA06_M028_00_A00,P01_GAMMA06_M028_00,P01,M028,9699.875,10054.21875,354.34375,1.1035800523357864,6.0
E52_d22cbe82615c6d2ee0ebf49f,12.715004162101593,15.758568264926964,12.715004162101593,318.17309843891866,352.9726015110215,427.5491784452201,0.1737067461230003,0.009166666666666667,0.1082717013888889,0.2911451141785559,2.268854885821445,0.9090171518192013,417.5940368652344,0.0,0.0,417.5940368652344,545.2940368652344,3206.618838339151,335.390380859375,30.0,528.1730984389187,0.0,1,P01_GAMMA06_M028_00_A00,P01_GAMMA06_M028_00,P01,M028,9699.875,10054.21875,354.34375,6.715004162101593,6.0
E52_d6d1511afdebb88632549a71,9.230551457073588,16.177909036830457,9.230551457073588,342.76879390848103,389.67749650450963,404.08537224079015,0.1791309979165653,0.009166666666666667,0.1082717013888889,0.29656936597212086,2.2634306340278796,0.9073220731337123,562.9044311523437,0.0,0.0,562.9044311523437,690.6044311523438,3030.640291805926,390.60443115234375,30.0,552.768793908481,0.0,1,P01_GAMMA06_M028_00_A00,P01_GAMMA06_M028_00,P01,M028,9699.875,10054.21875,354.34375,3.230551457073588,6.0
E52_d7f1f5d49edaa9f52000c452,6.045459737217314,12.917919470378578,6.045459737217314,397.7633482290822,431.12867517406926,595.3347347882426,0.22577474843651651,0.009166666666666667,0.1082717013888889,0.3432131164920721,2.2167868835079285,0.8927459010962275,400.38392333984376,0.0,0.0,400.38392333984376,528.0839233398438,4465.010510911819,278.08392333984375,30.0,607.7633482290822,0.0,1,P01_GAMMA06_M028_00_A00,P01_GAMMA06_M028_00,P01,M028,9699.875,10054.21875,354.34375,0.045459737217314,6.0
E52_dbec4f1422e98765afb262aa,12.655521623599867,16.38523852602286,12.655521623599867,322.5402116809159,364.1002534899979,395.72017250733956,0.1707521496628321,0.009166666666666667,0.1082717013888889,0.28819051771838766,2.271809482281613,0.9099404632130038,498.7205017089844,0.0,0.0,498.7205017089844,626.4205017089844,2967.901293805047,326.4205017089844,30.0,532.540211680916,0.0,1,P01_GAMMA06_M028_00_A00,P01_GAMMA06_M028_00,P01,M028,9699.875,10054.21875,354.34375,6.655521623599867,6.0
E52_dc4c132291b7b9525a26c82f,7.254385334560126,16.290878065555617,7.254385334560126,256.41354735972715,274.49113296153376,404.3615811086144,0.14845852840407586,0.009166666666666667,0.1082717013888889,0.26589689645963144,2.294103103540369,0.9169072198563651,216.9310272216797,0.0,0.0,216.9310272216797,344.6310272216797,3032.711858314608,277.91845703125,30.0,466.41354735972715,0.0,1,P01_GAMMA06_M028_00_A00,P01_GAMMA06_M028_00,P01,M028,9699.875,10054.21875,354.34375,1.2543853345601264,6.0
E52_de2c36302e014a6d0284c896,12.998803646599782,15.994052628622484,12.998803646599782,325.41177480357015,364.7238282296769,414.95122905049965,0.1744969638873427,0.009166666666666667,0.1082717013888889,0.2919353319428983,2.2680646680571024,0.9087702087678443,471.74464111328126,0.0,0.0,471.74464111328126,599.4446411132812,3112.134217878747,325.15069580078125,30.0,535.4117748035701,0.0,1,P01_GAMMA06_M028_00_A00,P01_GAMMA06_M028_00,P01,M028,9699.875,10054.21875,354.34375,6.998803646599782,6.0
E52_ea76d341ab82f2ebc1fa1efe,13.184353387120836,6.056283714240493,6.056283714240493,275.41177480357015,298.05716156301025,414.95122905049965,0.15671484390277482,0.009166666666666667,0.1082717013888889,0.27415321195833037,2.28584678804167,0.9143271212630217,271.74464111328126,0.0,0.0,271.74464111328126,399.44464111328125,3112.134217878747,325.15069580078125,30.0,485.41177480357015,0.0,1,P01_GAMMA06_M028_00_A00,P01_GAMMA06_M028_00,P01,M028,9699.875,10054.21875,354.34375,0.056283714240493055,6.0
E52_eab18c460278cfbad2c20da0,9.406933296323913,7.760329046990023,7.760329046990023,212.31476099060268,226.15454090800176,341.5908424768108,0.12388533452538679,0.009166666666666667,0.1082717013888889,0.24132370258094238,2.3186762974190582,0.9245863429434555,166.07735900878907,0.0,0.0,166.07735900878907,293.77735900878906,2561.931318576081,213.8477783203125,30.0,422.3147609906027,0.0,1,P01_GAMMA06_M028_00_A00,P01_GAMMA06_M028_00,P01,M028,9699.875,10054.21875,354.34375,1.760329046990023,6.0
E52_eddf192c3626d88d236d26e4,9.46513350019191,17.034187922993553,9.46513350019191,241.72684180786888,260.473536754158,370.9735139380034,0.13850678679446915,0.009166666666666667,0.1082717013888889,0.2559451548500247,2.3040548451499756,0.9200171391093672,224.96033935546876,0.0,0.0,224.96033935546876,352.66033935546875,2782.3013545350254,199.07135009765625,30.0,451.7268418078689,0.0,1,P01_GAMMA06_M028_00_A00,P01_GAMMA06_M028_00,P01,M028,9699.875,10054.21875,354.34375,3.465133500191911,6.0
E52_f2fabdd802684ffd17ed2273,12.965010901683769,16.925225818485302,12.965010901683769,275.2104023505881,304.60508466259984,374.0527108291059,0.15085104647056902,0.009166666666666667,0.1082717013888889,0.2682894145261246,2.2917105854738757,0.9161595579605861,352.73618774414064,0.0,0.0,352.73618774414064,480.4361877441406,2805.395331218294,291.6474609375,30.0,485.2104023505881,0.0,1,P01_GAMMA06_M028_00_A00,P01_GAMMA06_M028_00,P01,M028,9699.875,10054.21875,354.34375,6.965010901683769,6.0
E52_fd527d975e1813662620f82c,7.067308822721543,12.45056667278017,7.067308822721543,418.2192341110554,452.9085204066283,628.3027504486734,0.23771876612520712,0.009166666666666667,0.1082717013888889,0.35515713418076267,2.204842865819238,0.8890133955685117,416.271435546875,0.0,0.0,416.271435546875,543.971435546875,4712.2706283650505,306.8754577636719,30.0,628.2192341110554,0.0,1,P01_GAMMA06_M028_00_A00,P01_GAMMA06_M028_00,P01,M028,9699.875,10054.21875,354.34375,1.067308822721543,6.0
