site_id,x_m,y_m,agl_m,lon,lat,ground_elevation_m,z_amsl_m,backhaul_distance_m,backhaul_los,backhaul_margin_db
E52_f42b45f4e770ee0d082ab160,318547.3914705063,2547232.128837987,100.0,109.22930018514816,23.023627031568626,146.31304931640625,246.31304931640625,1684.6167526014397,True,21.41575286175869
E52_0e1ec341169edfea1b0fe674,318547.3914705063,2547232.128837987,150.0,109.22930018514816,23.023627031568626,146.31304931640625,296.31304931640625,1688.2816435882553,True,21.396877196123086
E52_8c264d2e9185f94a6a29ba68,318547.3914705063,2547232.128837987,200.0,109.22930018514816,23.023627031568626,146.31304931640625,346.31304931640625,1693.4155464648072,True,21.370504315554214
E52_60462558a64b66657d7c542a,318547.3914705063,2547232.128837987,250.0,109.22930018514816,23.023627031568626,146.31304931640625,396.31304931640625,1700.005152327587,True,21.336770413213586
E52_551a43097611cfccacfe6c53,318547.3914705063,2547232.128837987,300.0,109.22930018514816,23.023627031568626,146.31304931640625,446.31304931640625,1708.0336129221762,True,21.29584690471539
E52_9a5dc1917a30afbdeab29bc8,318667.3914705063,2547112.128837987,50.0,109.23048491408579,23.02255663665683,186.52684020996094,236.52684020996094,1558.6364022738949,True,22.09087886459585
E52_c22aec846e3ec22d79c6b9cb,318667.3914705063,2547112.128837987,100.0,109.23048491408579,23.02255663665683,186.52684020996094,286.52684020996094,1562.2836229424884,True,22.070577562173014
E52_935228e1fd4c8a4fbd065fee,318667.3914705063,2547112.128837987,150.0,109.23048491408579,23.02255663665683,186.52684020996094,336.52684020996094,1567.5180389824236,True,22.041524218003744
E52_20407a833abda5508a7ed2a6,318667.3914705063,2547112.128837987,200.0,109.23048491408579,23.02255663665683,186.52684020996094,386.52684020996094,1574.3238188366138,True,22.003893842032724
E52_bc7bd50e10e647b0f428efb4,318667.3914705063,2547112.128837987,250.0,109.23048491408579,23.02255663665683,186.52684020996094,436.52684020996094,1582.6806912884529,True,21.957909085821782
E52_ebee5679d24294a0781de1eb,318667.3914705063,2547112.128837987,300.0,109.23048491408579,23.02255663665683,186.52684020996094,486.52684020996094,1592.564238766616,True,21.90383597853453
E52_15e4e69ec241be908dd7d143,318667.3914705063,2547232.128837987,50.0,109.23047077031575,23.023640127726804,205.80592346191406,255.80592346191406,1679.5778055413493,True,21.44177262371356
E52_f155f163d5be8795b5e66f78,318044.6860098525,2548675.933669849,50.0,109.2242255404053,23.03660826683217,201.17930603027344,251.17930603027344,3186.748605712798,False,5.8788190764502986
E52_1fd95e3aab09dab84088ef07,318044.6860098525,2548675.933669849,100.0,109.2242255404053,23.03660826683217,201.17930603027344,301.17930603027344,3188.7638053978676,False,5.873328128737427
E52_15294f797d9d92b545cc3c42,318044.6860098525,2548675.933669849,150.0,109.2242255404053,23.03660826683217,201.17930603027344,351.17930603027344,3191.561144208037,True,15.865711783822661
E52_697c204e62efa74aeeb152c6,318044.6860098525,2548675.933669849,200.0,109.2242255404053,23.03660826683217,201.17930603027344,401.17930603027344,3195.138567859232,True,15.85598121508653
E52_12b0c988bf3c3300aa33b178,318044.6860098525,2548675.933669849,250.0,109.2242255404053,23.03660826683217,201.17930603027344,451.17930603027344,3199.4934596627277,True,15.844150631160545
E52_8fdfb8ae9932abece3f1732b,318044.6860098525,2548675.933669849,300.0,109.2242255404053,23.03660826683217,201.17930603027344,501.17930603027344,3204.6226500209973,True,15.830237207310091
E52_b09ee4e1bf460213470e1616,318044.6860098525,2548795.933669849,50.0,109.22421133695633,23.037691752298855,254.64210510253906,304.64210510253906,3306.4240775291914,False,5.558604069024625
E52_273b6f1e6be5102a9f897083,318044.6860098525,2548795.933669849,100.0,109.22421133695633,23.037691752298855,254.64210510253906,354.64210510253906,3309.1742763074626,True,15.551382371705884
E52_57de3ccf430e727499f4fe45,318044.6860098525,2548795.933669849,150.0,109.22421133695633,23.037691752298855,254.64210510253906,404.64210510253906,3312.6769539883107,True,15.542193438414287
E52_4b3bb4b893284fe57d7ef46b,318044.6860098525,2548795.933669849,200.0,109.22421133695633,23.037691752298855,254.64210510253906,454.64210510253906,3316.9297267195043,True,15.531049754800833
E52_65161f4aaff362676638552b,318044.6860098525,2548795.933669849,250.0,109.22421133695633,23.037691752298855,254.64210510253906,504.64210510253906,3321.92971366129,True,15.51796638005267
E52_87999758fadf46047bcd1896,318044.6860098525,2548795.933669849,300.0,109.22421133695633,23.037691752298855,254.64210510253906,554.6421051025391,3327.673546641262,True,15.50296087977884
E52_50c718ca7f326f764494c89d,319247.01344372646,2549912.941957309,100.0,109.2358097356654,23.04790860476329,259.714599609375,359.714599609375,4397.861957134857,True,13.080943299176411
E52_fb24c017b8650f6f86970239,319247.01344372646,2549912.941957309,150.0,109.2358097356654,23.04790860476329,259.714599609375,409.714599609375,4400.555789212878,True,13.075624540840806
E52_89885f2caab4ea3db77ec5b0,319247.01344372646,2549912.941957309,200.0,109.2358097356654,23.04790860476329,259.714599609375,459.714599609375,4403.815699360716,True,13.069192458526956
E52_9793668c8da9233df4f89829,319247.01344372646,2549912.941957309,250.0,109.2358097356654,23.04790860476329,259.714599609375,509.714599609375,4407.640431557099,True,13.061652001343546
E52_bfffb2993ede6e2e2bd9340b,319247.01344372646,2549912.941957309,300.0,109.2358097356654,23.04790860476329,259.714599609375,559.714599609375,4412.028516890818,True,13.053008949478723
E52_9b907463a551fc623dbb68ac,319247.01344372646,2550032.941957309,50.0,109.23579561712107,23.048992095485634,281.40472412109375,331.40472412109375,4515.530939446228,False,2.851598719443757
E52_1554dcc75a097d7556835241,319247.01344372646,2550032.941957309,100.0,109.23579561712107,23.048992095485634,281.40472412109375,381.40472412109375,4517.841313891873,True,12.84715571469819
E52_56f24c6e1828dbbe8cce6c68,319247.01344372646,2550032.941957309,150.0,109.23579561712107,23.048992095485634,281.40472412109375,431.40472412109375,4520.7035525369665,True,12.841654588092638
E52_d1b6302538e089f4f9e9527c,319247.01344372646,2550032.941957309,200.0,109.23579561712107,23.048992095485634,281.40472412109375,481.40472412109375,4524.116607950381,True,12.835099361226739
E52_8aaf9d189bb37f3af72ba9b4,319247.01344372646,2550032.941957309,250.0,109.23579561712107,23.048992095485634,281.40472412109375,531.4047241210938,4528.079234592144,True,12.827494810798427
E52_b9a66ebb4970b1c85aa74765,319247.01344372646,2550032.941957309,300.0,109.23579561712107,23.048992095485634,281.40472412109375,581.4047241210938,4532.589991070964,True,12.818846457079687
E52_b6789310c1ab16898a769b78,319247.01344372646,2550152.941957309,50.0,109.2357814977233,23.05007558605139,281.9690246582031,331.9690246582031,4634.550673878259,False,2.625622464396969
E52_92f6acb20b76d7a0508a3103,320835.89204342256,2548598.6511450717,200.0,109.25146517080819,23.036213880753518,161.90757751464844,361.90757751464844,3731.4787313833444,True,14.508155754179057
E52_db02c30dd1438ce9efe37738,320835.89204342256,2548598.6511450717,250.0,109.25146517080819,23.036213880753518,161.90757751464844,411.90757751464844,3734.6826211229404,True,14.500701151181644
E52_b07c34bc2543d19ed5850e63,320835.89204342256,2548598.6511450717,300.0,109.25146517080819,23.036213880753518,161.90757751464844,461.90757751464844,3738.552532500939,True,14.491705414943738
E52_b24d1439216649c1e668ecd0,320835.89204342256,2548718.6511450717,200.0,109.25145118543406,23.03729738219852,165.92433166503906,365.92433166503906,3830.179282535022,True,14.281393108884359
E52_db7b940abe15c8fd8a33aa16,320835.89204342256,2548718.6511450717,250.0,109.25145118543406,23.03729738219852,165.92433166503906,415.92433166503906,3833.353071336764,True,14.27419872917288
E52_820685027912024e3f62bd9e,320835.89204342256,2548718.6511450717,300.0,109.25145118543406,23.03729738219852,165.92433166503906,465.92433166503906,3837.175810761543,True,14.265541204765356
E52_4c1666c78b00e8e615affb3e,320835.89204342256,2548838.6511450717,250.0,109.25143719921431,23.03838088348716,167.23931884765625,417.23931884765625,3933.0275568273087,True,14.051235379519994
E52_67c3677a2d4a9db95430a4f2,320835.89204342256,2548838.6511450717,300.0,109.25143719921431,23.03838088348716,167.23931884765625,467.23931884765625,3936.770211054711,True,14.04297384981308
E52_ab44d56e8be96bbe874eca92,319459.6530816322,2547617.250076501,100.0,109.23815400587608,23.027203682447926,163.2486572265625,263.2486572265625,2204.485603155018,False,9.079629827318058
E52_6758d61e7cc2faf9003d0f09,319459.6530816322,2547617.250076501,150.0,109.23815400587608,23.027203682447926,163.2486572265625,313.2486572265625,2207.671089687139,True,19.06708775721708
E52_8752b98446f497c02b59f554,319459.6530816322,2547617.250076501,200.0,109.23815400587608,23.027203682447926,163.2486572265625,363.2486572265625,2211.9824831953474,True,19.05014149685539
E52_2d0ae3ace149eacf60b82579,319459.6530816322,2547617.250076501,250.0,109.23815400587608,23.027203682447926,163.2486572265625,413.2486572265625,2217.413216269289,True,19.028842531953217
E52_c7828ca382381f01ee0bb7a6,319459.6530816322,2547617.250076501,300.0,109.23815400587608,23.027203682447926,163.2486572265625,463.2486572265625,2223.9550888919425,True,19.003254910834983
E52_0f4cb3d98ce5be2601090da3,319459.6530816322,2547737.250076501,100.0,109.23813992021564,23.02828717737463,146.18467712402344,246.18467712402344,2316.2838984957043,False,8.64993940150056
E52_014af3d0b0507a2930d7ceeb,319459.6530816322,2547737.250076501,150.0,109.23813992021564,23.02828717737463,146.18467712402344,296.18467712402344,2318.947943819106,True,18.639955173308792
E52_c4e91a8eed898e6183c85b1e,319459.6530816322,2547737.250076501,200.0,109.23813992021564,23.02828717737463,146.18467712402344,346.18467712402344,2322.6855219455047,True,18.62596690888614
E52_f612ce6b0bf02b8489736d63,319459.6530816322,2547737.250076501,250.0,109.23813992021564,23.02828717737463,146.18467712402344,396.18467712402344,2327.491461115951,True,18.60801323862532
E52_59c767c9abd7a215b15e79fe,319459.6530816322,2547737.250076501,300.0,109.23813992021564,23.02828717737463,146.18467712402344,446.18467712402344,2333.3591599408924,True,18.586143320238207
E52_22a479b8faf8c7489a60f7ea,319459.6530816322,2547857.250076501,100.0,109.23812583370335,23.029370672144896,145.4189910888672,245.4189910888672,2429.58586028422,False,8.235130137599995
E52_6b053b98db10cc1c0d199287,319459.6530816322,2547857.250076501,150.0,109.23812583370335,23.029370672144896,145.4189910888672,295.4189910888672,2432.1100615724404,True,18.226110677668217
E52_c5de23ad1d9385daf979c79c,318460.8227263107,2547639.965941841,300.0,109.22840758759055,23.02729997219902,157.07968139648438,457.0796813964844,2118.689387901509,True,19.424429339794102
E52_6e841b8feb810fa5ad668b91,318460.8227263107,2547759.965941841,300.0,109.2283934239675,23.028383461400004,174.66064453125,474.66064453125,2239.319224757969,True,18.943454994332797
E52_191656d47ac581fce24ccccb,318460.8227263107,2547879.965941841,300.0,109.2283792594879,23.02946695044446,187.49472045898438,487.4947204589844,2359.327482886384,True,18.49001063258821
E52_0f8b9616c80d281325489f71,319454.246625661,2546357.6775520085,100.0,109.2382490672295,23.015830248960743,184.1814727783203,284.1814727783203,1118.4741367552297,True,24.973256244577627
E52_d055efecd51751aa0b452991,319454.246625661,2546357.6775520085,150.0,109.2382490672295,23.015830248960743,184.1814727783203,334.1814727783203,1125.6698192046317,True,24.91755472181609
E52_a8d4fee59769f2aad3a396ca,319454.246625661,2546357.6775520085,200.0,109.2382490672295,23.015830248960743,184.1814727783203,384.1814727783203,1135.0245323983181,True,24.84567019650531
E52_ce07d5885f927731b661f866,319454.246625661,2546357.6775520085,250.0,109.2382490672295,23.015830248960743,184.1814727783203,434.1814727783203,1146.4854279160518,True,24.758404383329975
E52_aaee6fbf1b2342b84987bb4a,319454.246625661,2546357.6775520085,300.0,109.2382490672295,23.015830248960743,184.1814727783203,484.1814727783203,1159.9900791393366,True,24.65668966732376
E52_6aaba4f8759b5b211d0a9297,319454.246625661,2546477.6775520085,150.0,109.23823499008773,23.016913745498503,175.12356567382812,325.1235656738281,1212.6852445825148,True,24.27081329978661
E52_751ff799cca139fb1799975a,319454.246625661,2546477.6775520085,200.0,109.23823499008773,23.016913745498503,175.12356567382812,375.1235656738281,1221.0028087582505,True,24.211441906087174
E52_c6c8ed8f87cc66071c0dd5e0,319454.246625661,2546477.6775520085,250.0,109.23823499008773,23.016913745498503,175.12356567382812,425.1235656738281,1231.2961526630868,True,24.138524716426133
E52_8c2924e483a3842027662831,319454.246625661,2546477.6775520085,300.0,109.23823499008773,23.016913745498503,175.12356567382812,475.1235656738281,1243.5162130548608,True,24.05274612564945
E52_a0d503d0ced886af3cd5707b,319454.246625661,2546597.6775520085,200.0,109.2382209120944,23.017997241879876,142.013427734375,342.013427734375,1308.6073771619745,True,23.609587880424314
E52_c8b55492490ee80d27ccbf4e,319454.246625661,2546597.6775520085,250.0,109.2382209120944,23.017997241879876,142.013427734375,392.013427734375,1316.9603677925086,True,23.55432105313818
E52_e699ad36e7010ef9c0912d37,319454.246625661,2546597.6775520085,300.0,109.2382209120944,23.017997241879876,142.013427734375,442.013427734375,1327.1457919571674,True,23.487402478417522
E52_78eff2e66fb799f36f978576,318603.43868488865,2547170.736430821,100.0,109.22985415734581,23.023078831837218,163.02645874023438,263.0264587402344,1620.8250089066198,True,21.751052583400963
E52_387a47235b92f629bcdd2896,318603.43868488865,2547170.736430821,150.0,109.22985415734581,23.023078831837218,163.02645874023438,313.0264587402344,1625.1481025959351,True,21.727916263048144
E52_c2fb328da3f109bb7350e1e8,318603.43868488865,2547170.736430821,200.0,109.22985415734581,23.023078831837218,163.02645874023438,363.0264587402344,1630.993256039151,True,21.69673185999656
E52_ddc2e13b28d0879c47174f5c,318603.43868488865,2547170.736430821,250.0,109.22985415734581,23.023078831837218,163.02645874023438,413.0264587402344,1638.3441784677648,True,21.657672319750844
E52_25b0fa7d8babe59db6572b0d,318603.43868488865,2547170.736430821,300.0,109.22985415734581,23.023078831837218,163.02645874023438,463.0264587402344,1647.1807104848085,True,21.610950210166948
E52_48caa68b8657dabb9645adc6,318603.43868488865,2547290.736430821,100.0,109.22984000817776,23.024162322465425,137.2340545654297,237.2340545654297,1738.876986404335,True,21.14039797097466
E52_2d2db11e1bfc993f5002396e,318603.43868488865,2547290.736430821,150.0,109.22984000817776,23.024162322465425,137.2340545654297,287.2340545654297,1742.1672076190519,True,21.12397846850739
E52_2a8acf6316a0cc10e50ce861,318603.43868488865,2547290.736430821,200.0,109.22984000817776,23.024162322465425,137.2340545654297,337.2340545654297,1746.8829339024717,True,21.100499125224076
E52_87f233e058fc09752f3eaff9,318603.43868488865,2547290.736430821,250.0,109.22984000817776,23.024162322465425,137.2340545654297,387.2340545654297,1753.0126611682674,True,21.07007410965747
E52_c182933bb6f0e230932782ad,318603.43868488865,2547290.736430821,300.0,109.22984000817776,23.024162322465425,137.2340545654297,437.2340545654297,1760.5416199774413,True,21.0328492369692
E52_cd5a570a84f0ee3f65fafa18,318603.43868488865,2547410.736430821,100.0,109.22982585815394,23.025245812937126,149.45535278320312,249.45535278320312,1859.229487784616,True,20.55911519036924
E52_5c604db950cfe2b6882ee677,318603.43868488865,2547410.736430821,150.0,109.22982585815394,23.025245812937126,149.45535278320312,299.4553527832031,1862.6351826179398,True,20.54321912732601
E52_de6702d2d0cf94952ffec63f,316550.0234236506,2547529.646631622,50.0,109.20978075349163,23.0260940639579,284.2155456542969,334.2155456542969,2914.2366171688423,False,6.655278950383902
E52_f95c1b877f64ff8785f28124,316550.0234236506,2547529.646631622,100.0,109.20978075349163,23.0260940639579,284.2155456542969,384.2155456542969,2917.8633647607844,False,6.644476140594307
E52_3a8000723e6e636f8b213ed6,316550.0234236506,2547529.646631622,150.0,109.20978075349163,23.0260940639579,284.2155456542969,434.2155456542969,2922.3412138178796,False,6.63115670637788
E52_3ad49ff1ccb65139c06ccf89,316550.0234236506,2547529.646631622,200.0,109.20978075349163,23.0260940639579,284.2155456542969,484.2155456542969,2927.666259078037,True,16.615343814364863
E52_663693527c0a03be6d4b17cd,316550.0234236506,2547529.646631622,250.0,109.20978075349163,23.0260940639579,284.2155456542969,534.2155456542969,2933.833887443087,True,16.597064753462575
E52_58727ff5a252b7de15046d60,316550.0234236506,2547529.646631622,300.0,109.20978075349163,23.0260940639579,284.2155456542969,584.2155456542969,2940.8387976349277,True,16.576350780464097
E52_a16b53adee4a18be605c74af,316550.0234236506,2547649.646631622,50.0,109.20976644183327,23.02717754231866,324.84393310546875,374.84393310546875,2999.6038298622047,False,6.404497177149409
E52_a906c95dde60a6db7449681c,316550.0234236506,2547649.646631622,100.0,109.20976644183327,23.02717754231866,324.84393310546875,424.84393310546875,3003.8038433683637,False,6.392343793028132
E52_9dc3dd8dc6f57385eb42e6c8,316550.0234236506,2547649.646631622,150.0,109.20976644183327,23.02717754231866,324.84393310546875,474.84393310546875,3008.8289952646196,False,6.37782505352763
E52_72288c327600ca8ee103b1f6,316550.0234236506,2547649.646631622,200.0,109.20976644183327,23.02717754231866,324.84393310546875,524.8439331054688,3014.675159292564,False,6.360964717685164
E52_d426ed4f263d7a3e85f35628,316550.0234236506,2547649.646631622,250.0,109.20976644183327,23.02717754231866,324.84393310546875,574.8439331054688,3021.3375695817563,True,16.34179014447075
E52_93e80808eb7f3bab4c614478,316550.0234236506,2547649.646631622,300.0,109.20976644183327,23.02717754231866,324.84393310546875,624.8439331054688,3028.8108396987654,True,16.320332147709593
E52_e86ba576ffd5006ea3b6dae7,318466.6759977416,2547711.726977589,150.0,109.22845621743596,23.02794854754548,151.4849395751953,301.4849395751953,2172.1876901441724,True,19.207828201646976
E52_309154deac519a7805b837e1,318466.6759977416,2547711.726977589,200.0,109.22845621743596,23.02794854754548,151.4849395751953,351.4849395751953,2176.2991189566283,True,19.19140344097559
E52_e12ac895035f761601f73321,318466.6759977416,2547711.726977589,250.0,109.22845621743596,23.02794854754548,151.4849395751953,401.4849395751953,2181.549070988071,True,19.17047543980476
E52_26e7c714d8d8c204ac1f4597,318466.6759977416,2547711.726977589,300.0,109.22845621743596,23.02794854754548,151.4849395751953,451.4849395751953,2187.9293505701767,True,19.14510928011677
E52_734808eaaf7dbbf7a565bf69,318466.6759977416,2547831.726977589,100.0,109.22844205375661,23.029032036686324,188.3164520263672,288.3164520263672,2290.4723488587815,True,18.747274101072534
E52_205cbd0b26a75ca1f090c632,318466.6759977416,2547831.726977589,150.0,109.22844205375661,23.029032036686324,188.3164520263672,338.3164520263672,2294.084834109083,True,18.733585688671923
E52_a4f59a90d14808737b1db535,318466.6759977416,2547831.726977589,200.0,109.22844205375661,23.029032036686324,188.3164520263672,388.3164520263672,2298.7794307614504,True,18.71582911662138
E52_de290d07b25a2194ed7a9f25,318466.6759977416,2547831.726977589,250.0,109.22844205375661,23.029032036686324,188.3164520263672,438.3164520263672,2304.5495257196303,True,18.694054251201237
E52_58a9c4d2a72a440d0d68b512,318466.6759977416,2547831.726977589,300.0,109.22844205375661,23.029032036686324,188.3164520263672,488.3164520263672,2311.387064447928,True,18.668321596920464
E52_6ad88fd30e9d907c877221b0,318466.6759977416,2547951.726977589,150.0,109.22842788922073,23.030115525670634,159.1702117919922,309.1702117919922,2411.0380055765986,True,18.30169404007607
E52_af39ac367fd205689d8c7f42,318466.6759977416,2547951.726977589,200.0,109.22842788922073,23.030115525670634,159.1702117919922,359.1702117919922,2414.9019204750284,True,18.287785228087344
E52_2c990ee145da4d6de91d2174,318466.6759977416,2547951.726977589,250.0,109.22842788922073,23.030115525670634,159.1702117919922,409.1702117919922,2419.7930297224143,True,18.270210737840586
E52_dd12fb0cc4aee52816704b73,314264.6342903831,2549392.724768352,300.0,109.18726200231819,23.042661705566076,457.1098937988281,757.1098937988281,5885.662503221475,False,0.5498680641518376
E52_e28f6b445887c17a53999ac3,318073.5899841649,2547390.8872509534,150.0,109.22465954406614,23.02500867852129,193.56631469726562,343.5663146972656,1944.2109540246188,True,20.17090745192263
E52_4d763f1abf81a28c6b6d5fd3,318073.5899841649,2547390.8872509534,200.0,109.22465954406614,23.02500867852129,193.56631469726562,393.5663146972656,1949.882782430535,True,20.14560507670943
E52_4abed2122ae84de0cf260028,318073.5899841649,2547390.8872509534,250.0,109.22465954406614,23.02500867852129,193.56631469726562,443.5663146972656,1956.8161632327067,True,20.114774626484362
E52_19ed62264e7d69952e5ff1e9,318073.5899841649,2547390.8872509534,300.0,109.22465954406614,23.02500867852129,193.56631469726562,493.5663146972656,1964.9977425326722,True,20.078534050227688
E52_d4e1a5c0622024d180b7fefe,318073.5899841649,2547510.8872509534,150.0,109.22464535206274,23.02609216583051,216.78143310546875,366.78143310546875,2060.1768858978235,True,19.66768495963369
E52_637bcd93b1d8b7d25a7aa146,318073.5899841649,2547510.8872509534,200.0,109.22464535206274,23.02609216583051,216.78143310546875,416.78143310546875,2066.0921916744664,True,19.6427812379506
E52_b20096d83c22067471dc52a8,318073.5899841649,2547510.8872509534,250.0,109.22464535206274,23.02609216583051,216.78143310546875,466.78143310546875,2073.196828043287,True,19.612964451674728
E52_34ea4b52487e809d80baa80a,318073.5899841649,2547510.8872509534,300.0,109.22464535206274,23.02609216583051,216.78143310546875,516.7814331054688,2081.4786165414466,True,19.578336092786913
E52_912d5a3c02f920872d63154c,318073.5899841649,2547630.8872509534,150.0,109.22463115920101,23.027175652983157,189.10791015625,339.10791015625,2171.7524309336845,True,19.20956883958098
E52_e9163f29d58905f14fadc6c8,318073.5899841649,2547630.8872509534,200.0,109.22463115920101,23.027175652983157,189.10791015625,389.10791015625,2176.7290626722456,True,19.189687649797236
E52_163f2f02c826bb019d9cc939,318073.5899841649,2547630.8872509534,250.0,109.22463115920101,23.027175652983157,189.10791015625,439.10791015625,2182.8399399171753,True,19.16533733440015
E52_0d4d2aed5ff8c9fcb8e43b29,318073.5899841649,2547630.8872509534,300.0,109.22463115920101,23.027175652983157,189.10791015625,489.10791015625,2190.075568174131,True,19.136593158693174
E52_b8aeee13ee5f313ffdb298e7,313865.1344449905,2549153.4599024067,250.0,109.18339345664822,23.040456690364465,477.4808349609375,727.4808349609375,6043.140470978345,False,0.32052137756616617
E52_5f514198a6f616de64e3b8e4,313865.1344449905,2549153.4599024067,300.0,109.18339345664822,23.040456690364465,477.4808349609375,777.4808349609375,6048.142263164158,False,0.31333520578408525
E52_acb0fdb9f9be85430ce50b26,313865.1344449905,2549273.4599024067,250.0,109.18337892400461,23.041540150973084,458.0350646972656,708.0350646972656,6113.520529351835,False,0.21994766744015237
E52_60b0dc656c777ee2cc2279b1,313865.1344449905,2549273.4599024067,300.0,109.18337892400461,23.041540150973084,458.0350646972656,758.0350646972656,6118.305874118755,False,0.21315146591224732
E52_e25508122100de96e391c4dd,320404.3729768618,2548155.723723577,50.0,109.24730705917457,23.032168017893298,190.195068359375,240.195068359375,3117.4522345795444,False,6.069779006428774
E52_e0d12cb1e0c94976fa9aed79,320404.3729768618,2548155.723723577,100.0,109.24730705917457,23.032168017893298,190.195068359375,290.195068359375,3119.336137982076,False,6.064531633401714
E52_c76d93c5902d0dc017f7065c,320404.3729768618,2548155.723723577,150.0,109.24730705917457,23.032168017893298,190.195068359375,340.195068359375,3122.0197706864174,True,16.05706218628906
E52_adad370958c7e2709ea0cbbc,320404.3729768618,2548155.723723577,200.0,109.24730705917457,23.032168017893298,190.195068359375,390.195068359375,3125.5010726910346,True,16.04738211994062
E52_3f954d89ef949f005b03e95f,320404.3729768618,2548155.723723577,250.0,109.24730705917457,23.032168017893298,190.195068359375,440.195068359375,3129.7773822156655,True,16.03550621109234
E52_00c3f51f117e432a58e3cf65,320404.3729768618,2548155.723723577,300.0,109.24730705917457,23.032168017893298,190.195068359375,490.195068359375,3134.845445801863,True,16.02145248374103
E52_682052bfe05905f0e05613fa,320404.3729768618,2548275.723723577,100.0,109.24729304329905,23.033251517476952,151.27012634277344,251.27012634277344,3218.5369545888966,False,5.792605166271443
E52_1343ec44760e7f7b7cc92ccb,320404.3729768618,2548275.723723577,150.0,109.24729304329905,23.033251517476952,151.27012634277344,301.27012634277344,3220.5336732735223,False,5.78721827748231
E52_67d6d160111843389bcc59b4,320404.3729768618,2548275.723723577,200.0,109.24729304329905,23.033251517476952,151.27012634277344,351.27012634277344,3223.304849579531,True,15.779747533775705
E52_2f8f634907d94d2a94ebbcd8,320404.3729768618,2548275.723723577,250.0,109.24729304329905,23.033251517476952,151.27012634277344,401.27012634277344,3226.848488224571,True,15.770203680886397
E52_a77602565c04dca5831f9b7a,320404.3729768618,2548275.723723577,300.0,109.24729304329905,23.033251517476952,151.27012634277344,451.27012634277344,3231.162047714642,True,15.758600383852013
E52_cc544f716a3089b45974edda,320404.3729768618,2548395.723723577,50.0,109.247279026576,23.034335016904215,170.88714599609375,220.88714599609375,3319.7454684195723,False,5.523679430834562
E52_74b3fb0a4920873efc33101b,316481.9618309005,2547513.9079671204,100.0,109.20911869411772,23.025944445446576,292.0377197265625,392.0377197265625,2958.2478961849256,False,6.525083879148042
E52_96342ccacc3afb5b9f715a6a,316481.9618309005,2547513.9079671204,150.0,109.20911869411772,23.025944445446576,292.0377197265625,442.0377197265625,2962.7967171669393,False,6.5117380702963175
E52_a336dfc4d8900dd69604950e,316481.9618309005,2547513.9079671204,200.0,109.20911869411772,23.025944445446576,292.0377197265625,492.0377197265625,2968.180951227174,True,16.495967693709247
E52_7b0e01cb1af6978d0e53a222,316481.9618309005,2547513.9079671204,250.0,109.20911869411772,23.025944445446576,292.0377197265625,542.0377197265625,2974.3960615897317,True,16.477799218226608
E52_47db2d0d55c92154c779a4c9,316481.9618309005,2547513.9079671204,300.0,109.20911869411772,23.025944445446576,292.0377197265625,592.0377197265625,2981.436852118985,True,16.45726286038159
E52_ef88e85039fc96898b870fa0,316481.9618309005,2547633.9079671204,100.0,109.20910437727208,23.027027923434527,306.9635314941406,406.9635314941406,3040.2321870186406,False,6.287640114051285
E52_62b070f3f35917158a0e7868,316481.9618309005,2547633.9079671204,150.0,109.20910437727208,23.027027923434527,306.9635314941406,456.9635314941406,3044.9036280535315,False,6.274304132576503
E52_06eb0baa948af7ff52881bcf,316481.9618309005,2547633.9079671204,200.0,109.20910437727208,23.027027923434527,306.9635314941406,506.9635314941406,3050.387591320646,True,16.258674653736037
E52_a2f3eb09601d524621962e25,316481.9618309005,2547633.9079671204,250.0,109.20910437727208,23.027027923434527,306.9635314941406,556.9635314941406,3056.6797036052676,True,16.240776500795036
E52_0b3d6a631421d62a9911a3df,316481.9618309005,2547633.9079671204,300.0,109.20910437727208,23.027027923434527,306.9635314941406,606.9635314941406,3063.7749857947797,True,16.220637844834144
E52_bc3e78043ebfb54aa05e6ad5,316481.9618309005,2547753.9079671204,50.0,109.20909005956062,23.028111401265775,375.42266845703125,425.42266845703125,3125.0581644212957,False,6.048613066552349
E52_4ac36d06b13a42b9bd0676a9,316481.9618309005,2547753.9079671204,100.0,109.20909005956062,23.028111401265775,375.42266845703125,475.42266845703125,3129.8978893666645,False,6.035171781024047
E52_c10a50247c57c0340b451298,314908.07320592966,2547688.684039554,250.0,109.193744561115,23.027347941481448,362.7099914550781,612.7099914550781,4363.282377567329,False,3.1495087650690863
E52_91943d8c6f7b5d94aab7ddfc,314908.07320592966,2547688.684039554,300.0,109.193744561115,23.027347941481448,362.7099914550781,662.7099914550781,4368.893922440222,True,13.138345164037673
E52_246111a1ef063bec9e89ec9e,314908.07320592966,2547808.684039554,250.0,109.19373012042216,23.02843141010398,357.1781005859375,607.1781005859375,4422.593093961807,True,13.03223549741864
E52_37c301771e665e88475c99b2,314908.07320592966,2547808.684039554,300.0,109.19373012042216,23.02843141010398,357.1781005859375,657.1781005859375,4428.067014490325,True,13.021491468142202
E52_6dc095df8eb6475486134b5c,314908.07320592966,2547928.684039554,300.0,109.19371567885601,23.029514878569657,334.2599182128906,634.2599182128906,4487.756771423335,True,12.905188948092743
E52_acee7cf6091a486a47540151,316738.86522827484,2547983.7434091195,50.0,109.21156879005261,23.030214935434046,299.44464111328125,349.44464111328125,3118.6664281884473,False,6.066396661611506
E52_ea76d341ab82f2ebc1fa1efe,316738.86522827484,2547983.7434091195,100.0,109.21156879005261,23.030214935434046,299.44464111328125,399.44464111328125,3122.299593956515,False,6.056283714240493
E52_e159a574b61374efd405b16d,316738.86522827484,2547983.7434091195,150.0,109.21156879005261,23.030214935434046,299.44464111328125,449.44464111328125,3126.728197098741,False,6.043972562531749
E52_8f6c2d12231fb1b4ebc36835,316738.86522827484,2547983.7434091195,200.0,109.21156879005261,23.030214935434046,299.44464111328125,499.44464111328125,3131.948863350689,False,6.029481915073518
E52_bcbf572a3014f876bf44280a,316738.86522827484,2547983.7434091195,250.0,109.21156879005261,23.030214935434046,299.44464111328125,549.4446411132812,3137.957639413732,False,6.012833634369926
E52_de2c36302e014a6d0284c896,316738.86522827484,2547983.7434091195,300.0,109.21156879005261,23.030214935434046,299.44464111328125,599.4446411132812,3144.750007690012,True,15.994052628622484
E52_31db8751d315685bac959ae8,316738.86522827484,2548103.7434091195,50.0,109.21155448982981,23.03129841429253,295.2940368652344,345.2940368652344,3212.701009710712,False,5.808368970173788
E52_e9e32bf2a934f4aa1a465446,316738.86522827484,2548103.7434091195,100.0,109.21155448982981,23.03129841429253,295.2940368652344,395.2940368652344,3216.163425804533,False,5.7990129891039
E52_a81989eaa11d98254b4da5b2,316738.86522827484,2548103.7434091195,150.0,109.21155448982981,23.03129841429253,295.2940368652344,445.2940368652344,3220.3985134093687,False,5.787582815915471
E52_b666679e849300fbdf578fba,316738.86522827484,2548103.7434091195,200.0,109.21155448982981,23.03129841429253,295.2940368652344,495.2940368652344,3225.403228877871,False,5.774094838251045
E52_d22cbe82615c6d2ee0ebf49f,316738.86522827484,2548103.7434091195,250.0,109.21155448982981,23.03129841429253,295.2940368652344,545.2940368652344,3231.1739960179057,True,15.758568264926964
E52_8a4ca3daf77972c7a4892ddd,316738.86522827484,2548103.7434091195,300.0,109.21155448982981,23.03129841429253,295.2940368652344,595.2940368652344,3237.706718686676,True,15.741025036065935
E52_e59dd4e989adfa2c30a4b66b,317323.6778088068,2547894.985501422,50.0,109.21728433766116,23.02947793668609,250.0225372314453,300.0225372314453,2711.0650850772563,False,7.282976287779647
E52_fabdf615e6133da76a5e1ee8,317323.6778088068,2547894.985501422,100.0,109.21728433766116,23.02947793668609,250.0225372314453,350.0225372314453,2714.333463163304,False,7.2725111488474
E52_377ff515919c0aabd2fa8800,317323.6778088068,2547894.985501422,150.0,109.21728433766116,23.02947793668609,250.0225372314453,400.0225372314453,2718.5176848737324,False,7.2591319141900925
E52_ef29ad7d34dae5df73bdae17,317323.6778088068,2547894.985501422,200.0,109.21728433766116,23.02947793668609,250.0225372314453,450.0225372314453,2723.6135292464646,True,17.2428655093465
E52_9a2a71be9289575478405603,317323.6778088068,2547894.985501422,250.0,109.21728433766116,23.02947793668609,250.0225372314453,500.0225372314453,2729.615890636909,True,17.223744410399178
E52_8203ee4de034ee7cad8e85a7,317323.6778088068,2547894.985501422,300.0,109.21728433766116,23.02947793668609,250.0225372314453,550.0225372314453,2736.5188039077443,True,17.201806431159483
E52_0e82c6e4aaf314f75060373b,317443.6778088068,2547774.985501422,50.0,109.21846920951673,23.028407641681547,267.0901184082031,317.0901184082031,2548.69300459275,False,7.819424626965031
E52_66a2c0169ee4f2a6b3d7bd77,317443.6778088068,2547774.985501422,100.0,109.21846920951673,23.028407641681547,267.0901184082031,367.0901184082031,2552.503681388303,False,7.806447623219896
E52_ae0f877168dc8422e43b9542,317443.6778088068,2547774.985501422,150.0,109.21846920951673,23.028407641681547,267.0901184082031,417.0901184082031,2557.2864632930077,True,17.790187570754796
E52_53abe01745432e396351a756,317443.6778088068,2547774.985501422,200.0,109.21846920951673,23.028407641681547,267.0901184082031,467.0901184082031,2563.0359082897144,True,17.77068135138589
E52_3790704439b4eb0fdee8ea94,317443.6778088068,2547774.985501422,250.0,109.21846920951673,23.028407641681547,267.0901184082031,517.0901184082031,2569.7455280675754,True,17.747972786518204
E52_9f3ab668ff4a1074a3ee1dc8,317443.6778088068,2547774.985501422,300.0,109.21846920951673,23.028407641681547,267.0901184082031,567.0901184082031,2577.4078239316573,True,17.722112315356412
E52_e3908c666fb1af801a5eda7b,316817.3260102404,2547753.604574896,200.0,109.21236160615013,23.028145664631133,338.79107666015625,538.7910766601562,2911.0995555817076,True,16.664634006490417
E52_4e8f7ee67baf1ac7422ad0e4,316817.3260102404,2547753.604574896,250.0,109.21236160615013,23.028145664631133,338.79107666015625,588.7910766601562,2918.237435537765,True,16.643362678849442
E52_7b036674154efe5a032f7fe1,316817.3260102404,2547753.604574896,300.0,109.21236160615013,23.028145664631133,338.79107666015625,638.7910766601562,2926.212370597877,True,16.61965832648349
E52_0008a267f934c150aff38d09,316817.3260102404,2547873.604574896,300.0,109.21234731369718,23.02922914424297,271.8343200683594,571.8343200683594,3007.196365023535,True,16.382539410795985
E52_afb1e3673ff3adbe9c45b8fc,316563.80070550786,2547390.7124856794,100.0,109.20993171763863,23.02484114991118,280.4361877441406,380.4361877441406,2815.03269918967,False,6.956106286850726
E52_17e96ed7704b53e67b447af1,316563.80070550786,2547390.7124856794,150.0,109.20993171763863,23.02484114991118,280.4361877441406,430.4361877441406,2819.6068371816473,False,6.942004065667419
E52_f2fabdd802684ffd17ed2273,316563.80070550786,2547390.7124856794,200.0,109.20993171763863,23.02484114991118,280.4361877441406,480.4361877441406,2825.0586427640587,True,16.925225818485302
E52_5b1d0e82e43476b0152df72a,316563.80070550786,2547390.7124856794,250.0,109.20993171763863,23.02484114991118,280.4361877441406,530.4361877441406,2831.3830461155057,True,16.905802620846302
E52_71792f4f65f9b8c93e7c5e40,316563.80070550786,2547390.7124856794,300.0,109.20993171763863,23.02484114991118,280.4361877441406,580.4361877441406,2838.574214743158,True,16.88377009831177
E52_9026ce0d2a5dd9a75ef73c8e,316563.80070550786,2547510.7124856794,50.0,109.20991740805526,23.02592462853298,302.75286865234375,352.75286865234375,2892.574494466494,False,6.720084116703532
E52_f94af20c55afb3be0bcc0934,316563.80070550786,2547510.7124856794,100.0,109.20991740805526,23.02592462853298,302.75286865234375,402.75286865234375,2896.5483757229617,False,6.708159443407126
E52_399717e1e261debcd4298e9f,316563.80070550786,2547510.7124856794,150.0,109.20991740805526,23.02592462853298,302.75286865234375,452.75286865234375,2901.3785998674084,False,6.693687097091413
E52_862240a247a3aad55d97faab,316563.80070550786,2547510.7124856794,200.0,109.20991740805526,23.02592462853298,302.75286865234375,502.75286865234375,2907.0608983359457,True,16.676692572779444
E52_3c2e5252c8a73f53955d7c01,316563.80070550786,2547510.7124856794,250.0,109.20991740805526,23.02592462853298,302.75286865234375,552.7528686523438,2913.5902857984393,True,16.65720555632791
E52_63edec47d419018ef76a1cab,316563.80070550786,2547510.7124856794,300.0,109.20991740805526,23.02592462853298,302.75286865234375,602.7528686523438,2920.9610816243794,True,16.6352597548034
E52_e0cd6bab1a22c4530d9a254c,316563.80070550786,2547630.7124856794,50.0,109.20990309760647,23.027008106998082,326.4205017089844,376.4205017089844,2976.701388730768,False,6.471069764274475
E52_5409b5b3a36ef13ba53317ef,316793.54363503394,2547612.7092857244,50.0,109.21214638876256,23.02687089966002,337.5447692871094,387.5447692871094,2805.202054578592,False,6.986492199534581
E52_2549cb70e9f790b38c6f4de3,316793.54363503394,2547612.7092857244,100.0,109.21214638876256,23.02687089966002,337.5447692871094,437.5447692871094,2809.9186899162523,False,6.9719001059695245
E52_a79220f8fecb2f83ac0fd7f5,316793.54363503394,2547612.7092857244,150.0,109.21214638876256,23.02687089966002,337.5447692871094,487.5447692871094,2815.5154982470576,False,6.954616719869662
E52_72dc0fc11c346688321e77fe,316793.54363503394,2547612.7092857244,200.0,109.21214638876256,23.02687089966002,337.5447692871094,537.5447692871094,2821.987242671038,True,16.934674243525293
E52_342fbca4c796e3d5cdbd8728,316793.54363503394,2547612.7092857244,250.0,109.21214638876256,23.02687089966002,337.5447692871094,587.5447692871094,2829.327919264008,True,16.912109463190944
E52_1c68ce6fd7dc1450350ceab0,316793.54363503394,2547612.7092857244,300.0,109.21214638876256,23.02687089966002,337.5447692871094,637.5447692871094,2837.5307842656985,True,16.886963528340246
E52_10ab35ecff8d28d89b4ebcf6,316793.54363503394,2547732.7092857244,50.0,109.21213209547206,23.027954379318583,331.69390869140625,381.69390869140625,2893.849166360816,False,6.716257345548527
E52_4ec66c2de6803f5316a1a66c,316793.54363503394,2547732.7092857244,100.0,109.21213209547206,23.027954379318583,331.69390869140625,431.69390869140625,2898.320615203972,False,6.702846647881188
E52_184f51755e7fb432d2a3e9f4,316793.54363503394,2547732.7092857244,150.0,109.21213209547206,23.027954379318583,331.69390869140625,481.69390869140625,2903.6462903365955,False,6.686900938367501
E52_86b6b739ee370094de64cc0e,316793.54363503394,2547732.7092857244,200.0,109.21213209547206,23.027954379318583,331.69390869140625,531.6939086914062,2909.8215014420753,False,6.668448192347938
E52_6c9cd1a927c6f7bc6b21d132,316793.54363503394,2547732.7092857244,250.0,109.21213209547206,23.027954379318583,331.69390869140625,581.6939086914062,2916.840852896118,True,16.6475204852499
E52_39c48501d56c264e5b1b761c,316793.54363503394,2547732.7092857244,300.0,109.21213209547206,23.027954379318583,331.69390869140625,631.6939086914062,2924.6982668290575,True,16.624153810808963
E52_326bd9096774308657b14836,316857.2226552948,2547741.0715161283,50.0,109.2127522946368,23.02803690118286,334.6907958984375,384.6907958984375,2859.2404970232237,False,6.820761438549596
E52_21eef80f23b852c64f9d9c9e,316857.2226552948,2547741.0715161283,100.0,109.2127522946368,23.02803690118286,334.6907958984375,434.6907958984375,2863.8183076807536,False,6.806865943852657
E52_37d1a305d3ffebbf4240b1c9,316857.2226552948,2547741.0715161283,150.0,109.2127522946368,23.02803690118286,334.6907958984375,484.6907958984375,2869.2602494366556,False,6.7903763321251915
E52_94759bd0ca468a310ea91511,316857.2226552948,2547741.0715161283,200.0,109.2127522946368,23.02803690118286,334.6907958984375,534.6907958984375,2875.561416243295,True,16.77132221187324
E52_787aa0ec22699282c8e5b720,316857.2226552948,2547741.0715161283,250.0,109.2127522946368,23.02803690118286,334.6907958984375,584.6907958984375,2882.7161737113465,True,16.74973747068462
E52_c0294c7ff44d44fc4ede8d97,316857.2226552948,2547741.0715161283,300.0,109.2127522946368,23.02803690118286,334.6907958984375,634.6907958984375,2890.7181837333833,True,16.7256600789149
E52_ed1077d371ec3416a47a06e1,316857.2226552948,2547861.0715161283,50.0,109.21273800538174,23.029120381041245,276.09381103515625,326.09381103515625,2947.829653198186,False,6.5557275007085
E52_4f33e60974245d93456127a4,316857.2226552948,2547861.0715161283,100.0,109.21273800538174,23.029120381041245,276.09381103515625,376.09381103515625,2951.27752767815,False,6.545574147087095
E52_9669ea32df8b7d7198fe906a,316857.2226552948,2547861.0715161283,150.0,109.21273800538174,23.029120381041245,276.09381103515625,426.09381103515625,2955.5673611815328,False,6.53295792721741
E52_06f6c4d962501b8667252e4a,316857.2226552948,2547861.0715161283,200.0,109.21273800538174,23.029120381041245,276.09381103515625,476.09381103515625,2960.695493897521,False,6.517900311602048
E52_4a24949cf7d60286d5cf6cb5,316857.2226552948,2547861.0715161283,250.0,109.21273800538174,23.029120381041245,276.09381103515625,526.0938110351562,2966.657578604009,False,6.500426735587652
E52_b60e4d2a4cdcd5801a5d757f,316857.2226552948,2547861.0715161283,300.0,109.21273800538174,23.029120381041245,276.09381103515625,576.0938110351562,2973.4485988145343,True,16.480566458341656
E52_086ac609509dd2d0bfdc4cba,318254.2105234053,2548050.8247541543,100.0,109.226343507068,23.030987059637337,173.32435607910156,273.32435607910156,2534.926620794864,False,7.866467321533619
E52_cf909f3d511a2c4f1e46e927,318254.2105234053,2548050.8247541543,150.0,109.226343507068,23.030987059637337,173.32435607910156,323.32435607910156,2537.8958624069624,True,17.856299211775337
E52_6796d1ecd7755ac04b525fbc,318254.2105234053,2548050.8247541543,200.0,109.226343507068,23.030987059637337,173.32435607910156,373.32435607910156,2541.8453619428324,True,17.842792648156603
E52_4cf0fac9feb721651efb2830,318254.2105234053,2548050.8247541543,250.0,109.226343507068,23.030987059637337,173.32435607910156,423.32435607910156,2546.770558891829,True,17.82597875173802
E52_f405e2f60125c0846ef54c66,318254.2105234053,2548050.8247541543,300.0,109.226343507068,23.030987059637337,173.32435607910156,473.32435607910156,2552.665805632635,True,17.805895949745405
E52_bad1ec7895eb0acbe3ad5605,318254.2105234053,2548170.8247541543,100.0,109.22632932441552,23.032070547120103,173.1446990966797,273.1446990966797,2653.0986362390945,False,7.470707238280738
E52_d66900a82503e0360c9b1eb2,318254.2105234053,2548170.8247541543,150.0,109.22632932441552,23.032070547120103,173.1446990966797,323.1446990966797,2655.93238685088,True,17.461434869252884
E52_f078e9876bbc7734e174805c,318254.2105234053,2548170.8247541543,200.0,109.22632932441552,23.032070547120103,173.1446990966797,373.1446990966797,2659.7032378506215,True,17.449111526032254
E52_cbbbd90879b58af4c41f9ad8,318254.2105234053,2548170.8247541543,250.0,109.22632932441552,23.032070547120103,173.1446990966797,423.1446990966797,2664.407210495938,True,17.43376316003362
E52_63bfb6b97914d3e2a56c395c,318254.2105234053,2548170.8247541543,300.0,109.22632932441552,23.032070547120103,173.1446990966797,473.1446990966797,2670.039372977937,True,17.41542185352523
E52_37009e375db994811e77f444,318254.2105234053,2548290.8247541543,100.0,109.22631514090541,23.033154034446284,210.1493377685547,310.1493377685547,2773.3572246524313,True,17.08565890869744
E52_515a3b7c8d98426ee13f2b4e,318254.2105234053,2548290.8247541543,150.0,109.22631514090541,23.033154034446284,210.1493377685547,360.1493377685547,2776.7346342977557,True,17.07508762021844
E52_e0325aad0b87e7c07e10fc2c,316729.8100456512,2548011.5556927854,50.0,109.21147714002585,23.030465053529916,314.9520568847656,364.9520568847656,3147.0199809975834,False,5.987785159048158
E52_9af43b81641a1cd997330d32,316729.8100456512,2548011.5556927854,100.0,109.21147714002585,23.030465053529916,314.9520568847656,414.9520568847656,3150.866542157333,False,5.977174993319906
E52_ac06b9c8ed6b9e3ed46737f4,316729.8100456512,2548011.5556927854,150.0,109.21147714002585,23.030465053529916,314.9520568847656,464.9520568847656,3155.500779935727,False,5.9644093286862585
E52_1fbcd6f66969320547be8a72,316729.8100456512,2548011.5556927854,200.0,109.21147714002585,23.030465053529916,314.9520568847656,514.9520568847656,3160.919229886056,False,5.949507194328731
E52_27bf01e9e990859ae5993708,316729.8100456512,2548011.5556927854,250.0,109.21147714002585,23.030465053529916,314.9520568847656,564.9520568847656,3167.117867012836,True,15.932490639468014
E52_2db6678e52fbe4b9eb460463,316729.8100456512,2548011.5556927854,300.0,109.21147714002585,23.030465053529916,314.9520568847656,614.9520568847656,3174.092120471681,True,15.913384626452697
E52_4b0f5c9091f7a9aeac475365,316729.8100456512,2548131.5556927854,50.0,109.21146283889722,23.031548532299794,304.7809143066406,354.7809143066406,3240.8515458173974,False,5.732592411886756
E52_fb89e07ff211b4e3adda0fa6,316729.8100456512,2548131.5556927854,100.0,109.21146283889722,23.031548532299794,304.7809143066406,404.7809143066406,3244.430124607044,False,5.723006662134509
E52_73baea82bbbffa2db9d7426a,316729.8100456512,2548131.5556927854,150.0,109.21146283889722,23.031548532299794,304.7809143066406,454.7809143066406,3248.774372727097,False,5.711384152670419
E52_c29f9d3cfadf34316b4caeae,316729.8100456512,2548131.5556927854,200.0,109.21146283889722,23.031548532299794,304.7809143066406,504.7809143066406,3253.8812234497755,False,5.697741249324636
E52_0de183a7ff4750a2cd3c48d7,316729.8100456512,2548131.5556927854,250.0,109.21146283889722,23.031548532299794,304.7809143066406,554.7809143066406,3259.747092605448,True,15.682097032793138
E52_4778f0de681907935f4ec83a,316729.8100456512,2548131.5556927854,300.0,109.21146283889722,23.031548532299794,304.7809143066406,604.7809143066406,3266.3678909731425,True,15.664473211021132
E52_7ddd3ab8cafa7c81164d6bbe,317476.01549034886,2548002.219714637,50.0,109.21875770046898,23.030462897952262,232.70980834960938,282.7098083496094,2732.414072246534,False,7.214844899067359
E52_42be3a9adfde39e99fe90f7a,317476.01549034886,2548002.219714637,100.0,109.21875770046898,23.030462897952262,232.70980834960938,332.7098083496094,2735.3404985569614,False,7.205547254828119
E52_e897bbf562a0cfa05d222da7,317476.01549034886,2548002.219714637,150.0,109.21875770046898,23.030462897952262,232.70980834960938,382.7098083496094,2739.1766324720297,False,7.193374403605176
E52_a08ff564cd851afa479a4b99,317476.01549034886,2548002.219714637,200.0,109.21875770046898,23.030462897952262,232.70980834960938,432.7098083496094,2743.9186585457974,True,17.178350508078807
E52_c80128637e734fffc99dd4c8,317476.01549034886,2548002.219714637,250.0,109.21875770046898,23.030462897952262,232.70980834960938,482.7098083496094,2749.5618897472978,True,17.16050517296597
E52_0b86903db4385dab50e073e7,317476.01549034886,2548002.219714637,300.0,109.21875770046898,23.030462897952262,232.70980834960938,532.7098083496094,2756.100790316945,True,17.1398732531745
E52_ed1ee483662babfa2e4a5d55,317476.01549034886,2548122.219714637,50.0,109.21874345753909,23.031546381033568,201.59121704101562,251.59121704101562,2839.0335849479634,False,6.882364563075313
E52_ef0ae5f351097b1f0a47aec7,317476.01549034886,2548122.219714637,100.0,109.21874345753909,23.031546381033568,201.59121704101562,301.5912170410156,2841.3026621897543,False,6.875425200793472
E52_d1ac1866cad8d273e20d0806,317476.01549034886,2548122.219714637,150.0,109.21874345753909,23.031546381033568,201.59121704101562,351.5912170410156,2844.448969461517,False,6.8658122305865845
E52_c75252ad4ff06002397dd55b,317476.01549034886,2548122.219714637,200.0,109.21874345753909,23.031546381033568,201.59121704101562,401.5912170410156,2848.469599903567,False,6.853543388980654
E52_a26a384682e8da813f5297d5,317476.01549034886,2548122.219714637,250.0,109.21874345753909,23.031546381033568,201.59121704101562,451.5912170410156,2853.3608575290455,True,16.838641180062027
E52_53074d9c7f3d08336d2aff1a,317476.01549034886,2548122.219714637,300.0,109.21874345753909,23.031546381033568,201.59121704101562,501.5912170410156,2859.1182740458626,True,16.821132739244533
E52_09c6af05d6509469a8ace153,320413.7079100061,2547152.3448070497,300.0,109.24751528125468,23.02310934841312,328.4283752441406,628.4283752441406,2400.6771765339786,True,18.33909989362364
E52_512468e2eae03804fab0e271,317871.8358050099,2549274.67785425,50.0,109.22246830832295,23.041995405566176,254.4922332763672,304.4922332763672,3809.8955182881054,False,4.327513848859795
E52_756cea1a5025eb26d59d1abc,317871.8358050099,2549274.67785425,100.0,109.22246830832295,23.041995405566176,254.4922332763672,354.4922332763672,3812.280562025758,True,14.32207807116454
E52_b0c7ecf3a8d0ae5aafbb69b6,317871.8358050099,2549274.67785425,150.0,109.22246830832295,23.041995405566176,254.4922332763672,404.4922332763672,3815.3194239705626,True,14.315157094468617
E52_ab70b7de594b2033f21cec61,317871.8358050099,2549274.67785425,200.0,109.22246830832295,23.041995405566176,254.4922332763672,454.4922332763672,3819.0105433547446,True,14.306758018649958
E52_2ca8e8701664bd7dc2bcbbd8,317871.8358050099,2549394.67785425,100.0,109.22245408711433,23.043078889259924,228.79510498046875,328.79510498046875,3928.15029549978,False,4.062013245091364
E52_6c20701a8846de034c9a5cda,317871.8358050099,2549394.67785425,150.0,109.22245408711433,23.043078889259924,228.79510498046875,378.79510498046875,3930.7727299518415,True,14.05621647700869
E52_3d155cb2e24fe3eeac2b76ff,317871.8358050099,2549394.67785425,200.0,109.22245408711433,23.043078889259924,228.79510498046875,428.79510498046875,3934.0289481689256,True,14.049024139593286
E52_9a5d12ac0e5da5636a4b9be3,317871.8358050099,2549394.67785425,250.0,109.22245408711433,23.043078889259924,228.79510498046875,478.79510498046875,3937.917377946006,True,14.040443167808974
E52_62c225073deaa72fb7aa701b,317871.8358050099,2549394.67785425,300.0,109.22245408711433,23.043078889259924,228.79510498046875,528.7951049804688,3942.436148630336,True,14.030481800559798
E52_510a5dbd3000e93f6686e1f4,317871.8358050099,2549514.67785425,50.0,109.22243986504597,23.044162372796997,265.4971008300781,315.4971008300781,4044.919582039329,False,3.80757733122104
E52_d9653cd93d9ef48c055055d3,317871.8358050099,2549514.67785425,100.0,109.22243986504597,23.044162372796997,265.4971008300781,365.4971008300781,4047.302081047105,True,13.80246275949925
E52_91045937e946b4ca49ca10e0,317871.8358050099,2549514.67785425,150.0,109.22243986504597,23.044162372796997,265.4971008300781,415.4971008300781,4050.3004635867737,True,13.79603033190628
E52_27d918c90b03f27c9c508aac,317846.2012849663,2547356.1393078705,200.0,109.22244549524119,23.02467003141382,216.2678680419922,416.2678680419922,2004.4272747457367,True,19.90596909247148
E52_e313693b6872b923cf66ec3d,317846.2012849663,2547356.1393078705,250.0,109.22244549524119,23.02467003141382,216.2678680419922,466.2678680419922,2011.7369327396711,True,19.874351384900606
E52_fa9f141b36e8ef684c899fbc,317846.2012849663,2547356.1393078705,300.0,109.22244549524119,23.02467003141382,216.2678680419922,516.2678680419922,2020.2579719810585,True,19.837638582236565
E52_b527e83de1bf4388118d8d7f,317966.2012849663,2547236.1393078705,50.0,109.22363028431558,23.023599691936177,225.37185668945312,275.3718566894531,1832.2390954759512,False,10.68613225216103
E52_26124a6c20ae5abbfe73fec7,317966.2012849663,2547236.1393078705,100.0,109.22363028431558,23.023599691936177,225.37185668945312,325.3718566894531,,,
E52_3955178f54a044de68439c17,317966.2012849663,2547236.1393078705,150.0,109.22363028431558,23.023599691936177,225.37185668945312,375.3718566894531,,,
E52_498dfe5983ef20c213d86e91,317966.2012849663,2547236.1393078705,200.0,109.22363028431558,23.023599691936177,225.37185668945312,425.3718566894531,,,
E52_ee11996b1959a04b73c2ff63,317966.2012849663,2547236.1393078705,250.0,109.22363028431558,23.023599691936177,225.37185668945312,475.3718566894531,,,
E52_113e125f0aec33c44f8fd66e,317966.2012849663,2547236.1393078705,300.0,109.22363028431558,23.023599691936177,225.37185668945312,525.3718566894531,1866.396536466798,True,20.525696768728977
E52_dd62a24986ebdc36acda563d,317966.2012849663,2547356.1393078705,50.0,109.22361608505612,23.024683178831722,223.82614135742188,273.8261413574219,1942.7577830325922,False,10.177402015838055
E52_067c85fe9475612c9414bf7d,317966.2012849663,2547356.1393078705,100.0,109.22361608505612,23.024683178831722,223.82614135742188,323.8261413574219,1946.6433719789186,True,20.16004725779203
E52_52b8c658092276a867e9913e,317966.2012849663,2547356.1393078705,150.0,109.22361608505612,23.024683178831722,223.82614135742188,373.8261413574219,1951.8025084022197,True,20.13705772958734
E52_44ed69e1d99dc074a7941a18,318808.72529832093,2547800.6061558253,100.0,109.23178250251802,23.028788376891093,156.7248992919922,256.7248992919922,2250.451064582883,False,8.900383690419545
E52_5e8fb12940f0c3544979f506,318808.72529832093,2547800.6061558253,150.0,109.23178250251802,23.028788376891093,156.7248992919922,306.7248992919922,2253.426831297487,True,18.888905943628743
E52_bb930024bfd0b2385758e398,318808.72529832093,2547800.6061558253,200.0,109.23178250251802,23.028788376891093,156.7248992919922,356.7248992919922,2257.5063618826484,True,18.873195508301663
E52_22c7f5c4f4b1f1f6af8e5f10,318808.72529832093,2547800.6061558253,250.0,109.23178250251802,23.028788376891093,156.7248992919922,406.7248992919922,2262.6836862163987,True,18.853298253111063
E52_451684a2480b67d7447c6071,318808.72529832093,2547800.6061558253,300.0,109.23178250251802,23.028788376891093,156.7248992919922,456.7248992919922,2268.9512894284508,True,18.829271717522758
E52_85f922b04bf4ad65be78821a,318808.72529832093,2547920.6061558253,100.0,109.23176836484926,23.02987186787014,151.415283203125,251.415283203125,2369.909801848091,False,8.45113882198008
E52_410079490275858c2d456879,318808.72529832093,2547920.6061558253,150.0,109.23176836484926,23.02987186787014,151.415283203125,301.415283203125,2372.623863408604,True,18.441197282953468
E52_f6344f79574608ce56acf744,318808.72529832093,2547920.6061558253,200.0,109.23176836484926,23.02987186787014,151.415283203125,351.415283203125,2376.387074013045,True,18.42743153708875
E52_dad9f2a8b8508cf7ad491dc9,318808.72529832093,2547920.6061558253,250.0,109.23176836484926,23.02987186787014,151.415283203125,401.415283203125,2381.1944594796523,True,18.40987789832151
E52_a3836b1674b2d70f748125c1,318808.72529832093,2547920.6061558253,300.0,109.23176836484926,23.02987186787014,151.415283203125,451.415283203125,2387.039711059895,True,18.388582284998307
E52_29bc9c9c294030de69d7a915,316340.60620567383,2546434.690216067,50.0,109.20786859853511,23.01618459157377,284.6748046875,334.6748046875,,,
E52_ac811672a5d2645f77226b92,316340.60620567383,2546434.690216067,100.0,109.20786859853511,23.01618459157377,284.6748046875,384.6748046875,,,
E52_9b15a755390f476b564248f5,316340.60620567383,2546434.690216067,150.0,109.20786859853511,23.01618459157377,284.6748046875,434.6748046875,,,
E52_b2e4a64faeb46ca1acb8ed9d,316340.60620567383,2546434.690216067,200.0,109.20786859853511,23.01618459157377,284.6748046875,484.6748046875,,,
E52_c81309c6a475d565f818b033,316340.60620567383,2546554.690216067,50.0,109.20785427847193,23.017268070153488,255.46946716308594,305.46946716308594,,,
E52_29cc4a57ead06d72ece301d5,316340.60620567383,2546554.690216067,100.0,109.20785427847193,23.017268070153488,255.46946716308594,355.46946716308594,,,
E52_ca6da240ec5d10c635278957,316340.60620567383,2546554.690216067,150.0,109.20785427847193,23.017268070153488,255.46946716308594,405.46946716308594,,,
E52_5cceb0242a85409d2132c3cb,316340.60620567383,2546554.690216067,200.0,109.20785427847193,23.017268070153488,255.46946716308594,455.46946716308594,,,
E52_ffbb4978861a11f9c7bd3e08,316340.60620567383,2546554.690216067,250.0,109.20785427847193,23.017268070153488,255.46946716308594,505.46946716308594,,,
E52_6cc154a84de9935b900de562,316340.60620567383,2546554.690216067,300.0,109.20785427847193,23.017268070153488,255.46946716308594,555.4694671630859,,,
E52_a424f61b908490972893b716,316340.60620567383,2546674.690216067,50.0,109.20783995754249,23.01835154857654,290.3404846191406,340.3404846191406,2605.7787255525127,False,7.627024485063842
E52_586d8e946118cf16ca4c7ef1,316340.60620567383,2546674.690216067,100.0,109.20783995754249,23.01835154857654,290.3404846191406,390.3404846191406,,,
E52_de8a0a04c9609a774d88783f,317217.2576330948,2547860.673050591,100.0,109.21625026267044,23.02915642606022,250.54647827148438,350.5464782714844,2740.4046995757844,False,7.189481093199305
E52_81d64e14efcd7eec3b80893c,317217.2576330948,2547860.673050591,150.0,109.21625026267044,23.02915642606022,250.54647827148438,400.5464782714844,2744.5587195912194,False,7.176324627586155
E52_647688086493f97307ae225c,317217.2576330948,2547860.673050591,200.0,109.21625026267044,23.02915642606022,250.54647827148438,450.5464782714844,2749.615830095423,True,17.160334776614093
E52_61853fa2d4f32a6d3bbfdd8a,317217.2576330948,2547860.673050591,250.0,109.21625026267044,23.02915642606022,250.54647827148438,500.5464782714844,2755.5710589528426,True,17.141542869329598
E52_4c9d8e566a618cd2c95b197a,317217.2576330948,2547860.673050591,300.0,109.21625026267044,23.02915642606022,250.54647827148438,550.5464782714844,2762.4185976722715,True,17.119985381968775
E52_0f86ade668eec752dc1a964e,317217.2576330948,2547980.673050591,50.0,109.21623600059978,23.03023990783747,254.01980590820312,304.0198059082031,2839.1187371580536,False,6.8821040478029545
E52_5efc8a1b1129e7e23affa07b,317217.2576330948,2547980.673050591,100.0,109.21623600059978,23.03023990783747,254.01980590820312,354.0198059082031,2842.3101843874747,False,6.8723457416729445
E52_bc1ddf5f0b8ccbaa985ddc92,317217.2576330948,2547980.673050591,150.0,109.21623600059978,23.03023990783747,254.01980590820312,404.0198059082031,2846.376497384628,False,6.859928270323792
E52_5bad934ad05652951c397d84,317217.2576330948,2547980.673050591,200.0,109.21623600059978,23.03023990783747,254.01980590820312,454.0198059082031,2851.313933163867,True,16.844874439817843
E52_a6c6d60c0b30861ff6c4807a,317217.2576330948,2547980.673050591,250.0,109.21623600059978,23.03023990783747,254.01980590820312,504.0198059082031,2857.117975521001,True,16.82721169476028
E52_6a886ca72a1666c78938f4f3,317217.2576330948,2547980.673050591,300.0,109.21623600059978,23.03023990783747,254.01980590820312,554.0198059082031,2863.7833553947553,True,16.806971953912935
E52_3131fb0ede3a270be8c7f5d7,317217.2576330948,2548100.673050591,150.0,109.21622173766666,23.031323389458063,213.00103759765625,363.00103759765625,2945.9806443706066,False,6.561177383325074
E52_9e2861ac481540cc77861c45,319252.0147457946,2546462.209050694,150.0,109.23626414982736,23.016752105755465,147.41561889648438,297.4156188964844,1078.6667779514855,True,25.288029105243083
E52_ee34d532fac8b67c06531e40,319252.0147457946,2546462.209050694,200.0,109.23626414982736,23.016752105755465,147.41561889648438,347.4156188964844,1086.7352850376617,True,25.223299799188297
E52_ef8d3f10251d83037049b267,319252.0147457946,2546462.209050694,250.0,109.23626414982736,23.016752105755465,147.41561889648438,397.4156188964844,1097.0255884142066,True,25.14144001122017
E52_c196ddada5e7399a197d0b03,319252.0147457946,2546462.209050694,300.0,109.23626414982736,23.016752105755465,147.41561889648438,447.4156188964844,1109.4758688341017,True,25.043417950967253
E52_473f67929524f6a5826ed244,319252.0147457946,2546582.209050694,100.0,109.23625005620065,23.017835601006382,180.2154541015625,280.2154541015625,1179.2049589312546,True,24.51398922846782
E52_a204fa04fa0093d8f2d66b54,319252.0147457946,2546582.209050694,150.0,109.23625005620065,23.017835601006382,180.2154541015625,330.2154541015625,1185.8650347228465,True,24.465069884537016
E52_afc68bd807486727f441fc4d,319252.0147457946,2546582.209050694,200.0,109.23625005620065,23.017835601006382,180.2154541015625,380.2154541015625,1194.5825320957838,True,24.401451966920277
E52_b081907805d4786bca42e2ae,319252.0147457946,2546582.209050694,250.0,109.23625005620065,23.017835601006382,180.2154541015625,430.2154541015625,1205.3128106008542,True,24.323779716550618
E52_98b989d3f2c7fb61b842832d,319252.0147457946,2546582.209050694,300.0,109.23625005620065,23.017835601006382,180.2154541015625,480.2154541015625,1218.0026752058827,True,24.23281032223015
E52_0e1b0e6be916c2bd0eaf0705,319252.0147457946,2546702.209050694,100.0,109.23623596172139,23.018919096100895,163.2061004638672,263.2061004638672,1283.3403239648958,True,23.778938355947844
E52_7d2769e4d1df2f40bc133eb9,319252.0147457946,2546702.209050694,150.0,109.23623596172139,23.018919096100895,163.2061004638672,313.2061004638672,1288.8029318560345,True,23.742044858273246
E52_bf2768ba074debea9d9d7c4e,319252.0147457946,2546702.209050694,200.0,109.23623596172139,23.018919096100895,163.2061004638672,363.2061004638672,1296.172676462167,True,23.692517921508554
E52_32218efc0530ff0565bd7f75,319683.7077110809,2549593.0608641747,100.0,109.2401079572494,23.04506785128156,201.2244110107422,301.2244110107422,4161.16864194059,False,3.561468825010735
E52_419bafea267f455538d330cc,319683.7077110809,2549593.0608641747,150.0,109.2401079572494,23.04506785128156,201.2244110107422,351.2244110107422,4163.313212787475,True,13.556993469923356
E52_f8b8ab50534a1e2ea55c5a36,319683.7077110809,2549593.0608641747,200.0,109.2401079572494,23.04506785128156,201.2244110107422,401.2244110107422,4166.056810567019,True,13.55127140731372
E52_556abbe18f0e80437b61c23a,319683.7077110809,2549593.0608641747,250.0,109.2401079572494,23.04506785128156,201.2244110107422,451.2244110107422,4169.398252742584,True,13.54430756447536
E52_4e335d417bf50f6bb2cc895c,319683.7077110809,2549593.0608641747,300.0,109.2401079572494,23.04506785128156,201.2244110107422,501.2244110107422,4173.336103296017,True,13.536107917597306
E52_0ac7769870928a59254cf1e2,319803.7077110809,2549593.0608641747,100.0,109.2412787344636,23.045080878928367,236.13377380371094,336.13377380371094,4192.977885855219,False,3.4953237277436244
E52_4735e40a78abbb032b46129c,319803.7077110809,2549593.0608641747,150.0,109.2412787344636,23.045080878928367,236.13377380371094,386.13377380371094,4195.522247426567,True,13.490054598785008
E52_566c8a08372f318fb5252aac,319803.7077110809,2549593.0608641747,200.0,109.2412787344636,23.045080878928367,236.13377380371094,436.13377380371094,4198.660537127484,True,13.4835599012155
E52_891695d9132ba2b536760ceb,319803.7077110809,2549593.0608641747,250.0,109.2412787344636,23.045080878928367,236.13377380371094,486.13377380371094,4202.391424345431,True,13.475845134801446
E52_61e37c656a609a907cf0c506,319803.7077110809,2549593.0608641747,300.0,109.2412787344636,23.045080878928367,236.13377380371094,536.1337738037109,4206.7133323762855,True,13.46691680757202
E52_c0773eb52d8a2281771f4ac8,319803.7077110809,2549713.0608641747,100.0,109.2412646615997,23.04616437323368,238.5583038330078,338.5583038330078,4308.740457467358,False,3.258768473996028
E52_255cfc5696f701d7e5873584,319803.7077110809,2549713.0608641747,150.0,109.2412646615997,23.04616437323368,238.5583038330078,388.5583038330078,4311.244618459886,True,13.253721860472382
E52_04130224ee1e96847302ed06,318044.6860098525,2548915.933669849,100.0,109.22419713264858,23.038775237608906,242.15489196777344,342.15489196777344,3426.014113805683,True,15.249992210718617
E52_31fc92a31baedba455caf1e5,319860.1784575099,2550079.8149460675,50.0,109.24177261934007,23.049481967568315,288.477294921875,338.477294921875,4677.4201925343505,False,2.5456474421671658
E52_874e3572c49519652e1e1231,319860.1784575099,2550079.8149460675,100.0,109.24177261934007,23.049481967568315,288.477294921875,388.477294921875,4679.72620855326,True,12.541366264938375
E52_eac66e6f2b349f571c612200,319860.1784575099,2550079.8149460675,150.0,109.24177261934007,23.049481967568315,288.477294921875,438.477294921875,4682.565014659429,True,12.536098845519376
E52_7476cedfc7af6945727f03b1,319860.1784575099,2550079.8149460675,200.0,109.24177261934007,23.049481967568315,288.477294921875,488.477294921875,4685.93564253764,True,12.52984877326223
E52_445bad7d9fe2398420b22831,319860.1784575099,2550079.8149460675,250.0,109.24177261934007,23.049481967568315,288.477294921875,538.477294921875,4689.8369455128,True,12.522620293961054
E52_7f6fa4bd5aa14b75732ee7d4,319860.1784575099,2550079.8149460675,300.0,109.24177261934007,23.049481967568315,288.477294921875,588.477294921875,4694.26760048775,True,12.51441830030086
E52_0e01dd89984d3f326d164c53,319980.1784575099,2550079.8149460675,100.0,109.24294343576138,23.049494985241754,248.78350830078125,348.78350830078125,4709.40046927328,False,2.4864627109141253
E52_2cbe958441484eed8f0935ee,319980.1784575099,2550079.8149460675,150.0,109.24294343576138,23.049494985241754,248.78350830078125,398.78350830078125,4711.800200647463,True,12.482037839168328
E52_d74d84837171839421e0b7cb,319980.1784575099,2550079.8149460675,200.0,109.24294343576138,23.049494985241754,248.78350830078125,448.78350830078125,4714.728993447189,True,12.476640482129284
E52_96da4f081c74d8211b4b244f,319980.1784575099,2550079.8149460675,250.0,109.24294343576138,23.049494985241754,248.78350830078125,498.78350830078125,4718.1858624350125,True,12.47027426673894
E52_54954de05891135ff3a639b4,319980.1784575099,2550079.8149460675,300.0,109.24294343576138,23.049494985241754,248.78350830078125,548.7835083007812,4722.169647874979,True,12.462943457493566
E52_7547086a1218012670f76a62,319980.1784575099,2550199.8149460675,50.0,109.24292937320949,23.05057847991368,275.39215087890625,325.39215087890625,4823.8651366235445,False,2.277872015791573
E52_15ddf85b952a7dfcb9be982b,319718.0758011331,2548322.1036215937,250.0,109.24059233718273,23.03359595438323,175.93592834472656,425.93592834472656,2965.25527294469,True,16.50453342856423
E52_d1962cb62b7b9613d66ee2ce,319718.0758011331,2548322.1036215937,300.0,109.24059233718273,23.03359595438323,175.93592834472656,475.93592834472656,2970.3640225670592,True,16.489581645386608
E52_b5efa5dadac0349fc9bdae0e,319718.0758011331,2548442.1036215937,300.0,109.24057826665477,23.03467944985966,192.74415588378906,492.74415588378906,3084.2520173791813,True,16.162778016286936
E52_72f798940e768268f3dbf2cf,319278.3656916646,2547658.539734835,100.0,109.23638066493038,23.027556786472765,175.02926635742188,275.0292663574219,2187.912014211507,True,19.14517810422879
E52_9eec57c31987b2c8af8bbfa0,319278.3656916646,2547658.539734835,150.0,109.23638066493038,23.027556786472765,175.02926635742188,325.0292663574219,2191.3904053287256,True,19.131380049277865
E52_8050e0c471e1fa65f5928ab5,319278.3656916646,2547658.539734835,200.0,109.23638066493038,23.027556786472765,175.02926635742188,375.0292663574219,2196.0020116572155,True,19.11312049345608
E52_c4349185127733ebe35dbf06,319278.3656916646,2547658.539734835,250.0,109.23638066493038,23.027556786472765,175.02926635742188,425.0292663574219,2201.7397125542066,True,19.09045564946534
E52_e073900237bebda959bcd92b,319278.3656916646,2547658.539734835,300.0,109.23638066493038,23.027556786472765,175.02926635742188,475.0292663574219,2208.5947316051493,True,19.063454528509155
E52_9300387ba0db68274a261c47,319278.3656916646,2547778.539734835,100.0,109.23636656485563,23.028640280314132,145.06512451171875,245.06512451171875,2301.999632884971,False,8.703670165088283
E52_cfbf7fa2e0018bcda8d2690c,319278.3656916646,2547778.539734835,150.0,109.23636656485563,23.028640280314132,145.06512451171875,295.06512451171875,2304.65590105198,True,18.69365332986594
E52_cf64f976076efd47049f1d94,319278.3656916646,2547778.539734835,200.0,109.23636656485563,23.028640280314132,145.06512451171875,345.06512451171875,2308.3923701799235,True,18.67958256204797
E52_93c962daad5e7695e8b9d709,319278.3656916646,2547778.539734835,250.0,109.23636656485563,23.028640280314132,145.06512451171875,395.06512451171875,2313.203805797504,True,18.66149720266904
E52_f1e668c4da6a70c0eb7b8e14,319278.3656916646,2547778.539734835,300.0,109.23636656485563,23.028640280314132,145.06512451171875,445.06512451171875,2319.083517169494,True,18.639447382376545
E52_1dc5e54c6e5223b50d181b9a,319278.3656916646,2547898.539734835,100.0,109.23635246392817,23.02972377399903,164.36358642578125,264.36358642578125,2418.9065375083246,False,8.273393400254633
E52_791ae15db7d15dbca79bdef5,319278.3656916646,2547898.539734835,150.0,109.23635246392817,23.02972377399903,164.36358642578125,314.36358642578125,2421.833023939324,True,18.262891227625403
E52_609e67bb9e264303c34c0652,320319.86294476653,2548281.3811311037,150.0,109.24646793125021,23.03329346106306,154.3800506591797,304.3800506591797,3181.248505237396,False,5.893823253360182
E52_0c9e66f4c202ba4475c98d6b,320319.86294476653,2548281.3811311037,200.0,109.24646793125021,23.03329346106306,154.3800506591797,354.3800506591797,3184.102708321621,True,15.886033802684494
E52_b9ae3c0c8318f24c9ef56d34,320319.86294476653,2548281.3811311037,250.0,109.24646793125021,23.03329346106306,154.3800506591797,404.3800506591797,3187.738706702135,True,15.876120849103827
E52_93b65fdcb7df89dfcaaef100,320319.86294476653,2548281.3811311037,300.0,109.24646793125021,23.03329346106306,154.3800506591797,454.3800506591797,3192.1538288862143,True,15.864098931826192
E52_a444e6efa3d22807f81393a0,320319.86294476653,2548401.3811311037,100.0,109.24645390790212,23.034376960004696,205.67507934570312,305.6750793457031,3284.6929197522936,False,5.615879678663674
E52_64f71a21f31148764a5989bd,320319.86294476653,2548401.3811311037,150.0,109.24645390790212,23.034376960004696,205.67507934570312,355.6750793457031,3287.4770090459065,True,15.608520680325128
E52_664fa3eb1a08e6170e195ff1,320319.86294476653,2548401.3811311037,200.0,109.24645390790212,23.034376960004696,205.67507934570312,405.6750793457031,3291.0184735033,True,15.599168763161927
E52_7695fc8c6a95da49e5acd6b3,320319.86294476653,2548401.3811311037,250.0,109.24645390790212,23.034376960004696,205.67507934570312,455.6750793457031,3295.3148712793077,True,15.587836800364627
E52_4d8b13312fb99f30e78b0eb9,320319.86294476653,2548401.3811311037,300.0,109.24645390790212,23.034376960004696,205.67507934570312,505.6750793457031,3300.363254069032,True,15.574540304237317
E52_f6ddf4b587ffa56597e919e3,320319.86294476653,2548521.3811311037,150.0,109.24643988370607,23.03546045878992,164.81907653808594,314.81907653808594,3389.607392412206,False,5.34278720278715
E52_021b2cdd8ba72cd06441466b,320319.86294476653,2548521.3811311037,200.0,109.24643988370607,23.03546045878992,164.81907653808594,364.81907653808594,3392.4401516237963,False,5.3355312715498115
E52_c7e86599e3429bc332e0cf3b,320319.86294476653,2548521.3811311037,250.0,109.24643988370607,23.03546045878992,164.81907653808594,414.81907653808594,3396.0067859182927,True,15.32640417812273
E52_b0b3796046abf52b9888d754,316647.0928272229,2546853.946099849,50.0,109.21080818852408,23.020003879171284,294.53070068359375,344.53070068359375,,,
E52_256f67615029b90a14cce5cb,316647.0928272229,2546853.946099849,100.0,109.21080818852408,23.020003879171284,294.53070068359375,394.53070068359375,,,
E52_075eeb9153127a967260f92d,316647.0928272229,2546853.946099849,150.0,109.21080818852408,23.020003879171284,294.53070068359375,444.53070068359375,,,
E52_9ff7538f595b5472764b4d2e,316647.0928272229,2546853.946099849,200.0,109.21080818852408,23.020003879171284,294.53070068359375,494.53070068359375,,,
E52_f58a8fd44aea7eba62c3241d,316647.0928272229,2546853.946099849,250.0,109.21080818852408,23.020003879171284,294.53070068359375,544.5307006835938,,,
E52_1f81732b15d0f09d15717615,316647.0928272229,2546973.946099849,50.0,109.21079388929627,23.021087358975024,260.5700378417969,310.5700378417969,,,
E52_584f69a40e21c0b18b0c4580,316647.0928272229,2546973.946099849,100.0,109.21079388929627,23.021087358975024,260.5700378417969,360.5700378417969,,,
E52_aca5119e72ffdd0306e5aa81,316647.0928272229,2546973.946099849,150.0,109.21079388929627,23.021087358975024,260.5700378417969,410.5700378417969,,,
E52_0e029fd3590275d4b8716186,316647.0928272229,2546973.946099849,200.0,109.21079388929627,23.021087358975024,260.5700378417969,460.5700378417969,,,
E52_e00a5d1ec6925c98f2f6c8b7,316647.0928272229,2546973.946099849,250.0,109.21079388929627,23.021087358975024,260.5700378417969,510.5700378417969,,,
E52_5719856a329da48e0f7e6f13,316647.0928272229,2546973.946099849,300.0,109.21079388929627,23.021087358975024,260.5700378417969,560.5700378417969,,,
E52_417c266ac8caa2ee03b7540a,316647.0928272229,2547093.946099849,50.0,109.21077958920357,23.022170838622113,286.899658203125,336.899658203125,,,
E52_2a4db70a434ebbccc01c2006,318466.6759977416,2547951.726977589,300.0,109.22842788922073,23.030115525670634,159.1702117919922,459.1702117919922,2425.705119727536,True,18.249015069113327
E52_7c20cf314c7a6ce054f7d4dc,318466.6759977416,2548071.726977589,100.0,109.22841372382827,23.03119901449839,185.12210083007812,285.1221008300781,2528.8846374573186,True,17.887194802355054
E52_a1af1f4ab7d520e82e20be53,314355.60399998253,2549594.376438453,300.0,109.18812514439298,23.044492562483065,439.5845947265625,739.5845947265625,5950.778045012047,False,0.45430012492889205
E52_a390fb0cdb9a9beb5f2709fb,317418.1754291741,2546444.4432146945,300.0,109.2183783274128,23.01639132923308,206.2100372314453,506.2100372314453,,,
E52_6148eb3775c2c0b17651c48c,317418.1754291741,2546564.4432146945,250.0,109.21836409115843,23.01747481401475,247.1361083984375,497.1361083984375,,,
E52_c0441db5e2149ebee3d09994,317418.1754291741,2546564.4432146945,300.0,109.21836409115843,23.01747481401475,247.1361083984375,547.1361083984375,,,
E52_2b87600b7455aa0c7ef67366,317418.1754291741,2546684.4432146945,200.0,109.21834985404291,23.018558298639853,232.18328857421875,432.18328857421875,,,
E52_ce9b137cda316fa5c1d98eff,317418.1754291741,2546684.4432146945,250.0,109.21834985404291,23.018558298639853,232.18328857421875,482.18328857421875,,,
E52_0e49793f327910f225f1bccd,317418.1754291741,2546684.4432146945,300.0,109.21834985404291,23.018558298639853,232.18328857421875,532.1832885742188,,,
E52_9b18c2085562c5280ea1e394,313596.7230942601,2549139.56091612,300.0,109.1807765667496,23.04030109436617,421.83721923828125,721.8372192382812,6250.8665177445255,False,0.02697066595830222
E52_c117f06f984d58b2275e6c48,313716.7230942601,2548899.56091612,250.0,109.18197635030256,23.03814763860963,413.7411193847656,663.7411193847656,6011.695266338061,False,0.365836005255062
E52_347c51b45a583dd4c5a4aad0,313716.7230942601,2548899.56091612,300.0,109.18197635030256,23.03814763860963,413.7411193847656,713.7411193847656,6016.193488182535,True,10.359339260709504
E52_dff5cd9d0ea65098bf7fa899,313716.7230942601,2549019.56091612,250.0,109.18196180795196,23.03923109867985,463.4665832519531,713.4665832519531,6083.674428428931,False,0.26245587642645773
E52_16d5b7004189bb2faf3ffbb6,313716.7230942601,2549019.56091612,300.0,109.18196180795196,23.03923109867985,463.4665832519531,763.4665832519531,6088.527835975234,False,0.2555292474345805
E52_eab18c460278cfbad2c20da0,319743.55190287094,2547889.6991960923,100.0,109.2408915602407,23.029694481684732,193.77735900878906,293.77735900878906,2566.0924916915915,False,7.760329046990023
E52_541c9a24d6f80545865591d2,319743.55190287094,2547889.6991960923,150.0,109.2408915602407,23.029694481684732,193.77735900878906,343.77735900878906,2569.423750924872,True,17.74906048011283
E52_f366b2253a201a35df3c5bda,319743.55190287094,2547889.6991960923,200.0,109.2408915602407,23.029694481684732,193.77735900878906,393.77735900878906,2573.722235929456,True,17.734541671916702
E52_9da495d6b5ed21765b817014,319743.55190287094,2547889.6991960923,250.0,109.2408915602407,23.029694481684732,193.77735900878906,443.77735900878906,2578.9831103787005,True,17.716805206245667
E52_68694062ed2e2e792aeb51a9,319743.55190287094,2547889.6991960923,300.0,109.2408915602407,23.029694481684732,193.77735900878906,493.77735900878906,2585.2004989012894,True,17.695890544520793
E52_f09b5834de62bf69ff908e2d,319743.55190287094,2548009.6991960923,150.0,109.24087749476293,23.03077797786957,153.43862915039062,303.4386291503906,2676.22887191732,False,7.395310132130447
E52_f4b22989047cbf7432265fe6,319743.55190287094,2548009.6991960923,200.0,109.24087749476293,23.03077797786957,153.43862915039062,353.4386291503906,2679.603485181882,True,17.384364486220818
E52_1711fcd941097e182d36f35c,319743.55190287094,2548009.6991960923,250.0,109.24087749476293,23.03077797786957,153.43862915039062,403.4386291503906,2683.9054939982384,True,17.370430779030556
E52_84b306a2b2695046f6631f1f,319743.55190287094,2548009.6991960923,300.0,109.24087749476293,23.03077797786957,153.43862915039062,453.4386291503906,2689.1304474920826,True,17.353537765765367
E52_de6eeca64b78e3bf23c8c0f4,319743.55190287094,2548129.6991960923,150.0,109.24086342843457,23.031861473897973,152.66033935546875,302.66033935546875,2786.6132731724,False,7.044241137615842
E52_eddf192c3626d88d236d26e4,319743.55190287094,2548129.6991960923,200.0,109.24086342843457,23.031861473897973,152.66033935546875,352.66033935546875,2789.8404198369744,True,17.034187922993553
E52_056e765da55ddadb3ba3ea03,319743.55190287094,2548129.6991960923,250.0,109.24086342843457,23.031861473897973,152.66033935546875,402.66033935546875,2793.9587688603588,True,17.021375309077584
E52_24db349315b2a6b84dd4215d,316842.5238594948,2548230.7429414038,100.0,109.21255058761852,23.032456522546212,295.5179138183594,395.5179138183594,3257.9233821733474,False,5.686957833295324
E52_04cf506beba8be754aea8c55,316842.5238594948,2548230.7429414038,150.0,109.21255058761852,23.032456522546212,295.5179138183594,445.5179138183594,3262.107686066427,False,5.675809295370698
E52_20d09c189516bd42e0c6bf5e,316842.5238594948,2548230.7429414038,200.0,109.21255058761852,23.032456522546212,295.5179138183594,495.5179138183594,3267.0519351359408,False,5.662654398734318
E52_416dd93f942f5f108b05c423,316842.5238594948,2548230.7429414038,250.0,109.21255058761852,23.032456522546212,295.5179138183594,545.5179138183594,3272.7526851653993,True,15.647511408682846
E52_27fdcb9bc2da20af468e67a1,316842.5238594948,2548230.7429414038,300.0,109.21255058761852,23.032456522546212,295.5179138183594,595.5179138183594,3279.205990729946,True,15.630401191469062
E52_3acdb0b7b629f18b4b19d100,316842.5238594948,2548350.7429414038,150.0,109.2125362936919,23.033540001680382,246.70660400390625,396.70660400390625,3357.2250753543576,False,5.426166001172902
E52_daf53db46ac5df364396471f,316842.5238594948,2548350.7429414038,200.0,109.2125362936919,23.033540001680382,246.70660400390625,446.70660400390625,3361.303447620947,False,5.415620746913561
E52_b32d7065a5c2c12187b72daf,316842.5238594948,2548350.7429414038,250.0,109.2125362936919,23.033540001680382,246.70660400390625,496.70660400390625,3366.119654348142,True,15.403184173022126
E52_eb1126fda46e62b485c5a69c,316842.5238594948,2548350.7429414038,300.0,109.2125362936919,23.033540001680382,246.70660400390625,546.7066040039062,3371.670533695314,True,15.388872556018299
E52_1fdbc5e206be1864904b396d,316842.5238594948,2548470.7429414038,150.0,109.21252199890097,23.034623480657846,283.8956298828125,433.8956298828125,3460.631261542106,False,5.162668632696267
E52_0a5391ec73f1d9a394d96f80,316842.5238594948,2548470.7429414038,200.0,109.21252199890097,23.034623480657846,283.8956298828125,483.8956298828125,3465.124570827258,False,5.151398124471285
E52_214ce9a3b3bd3fa9c582335a,316842.5238594948,2548470.7429414038,250.0,109.21252199890097,23.034623480657846,283.8956298828125,533.8956298828125,3470.3325279199216,True,15.138353346483314
E52_fd527d975e1813662620f82c,317117.7418444939,2549999.722260685,250.0,109.21502497153492,23.04845894963918,293.971435546875,543.971435546875,4728.903205351356,True,12.45056667278017
E52_a4a5bc320135f96c9f46a285,317117.7418444939,2549999.722260685,300.0,109.21502497153492,23.04845894963918,293.971435546875,593.971435546875,4733.3553288483445,True,12.442393009787608
E52_45742e9bace099cd7f7a46eb,317117.7418444939,2550119.722260685,250.0,109.21501068632548,23.04954242804972,314.52252197265625,564.5225219726562,4843.562263298688,True,12.242477427726968
E52_857da7a6ea525644d68d738c,317117.7418444939,2550119.722260685,300.0,109.21501068632548,23.04954242804972,314.52252197265625,614.5225219726562,4848.121043316511,True,12.234306078790638
E52_4d193620ab940be3af7a6f08,317117.7418444939,2550239.722260685,250.0,109.21499640025256,23.05062590630349,341.3225402832031,591.3225402832031,4959.11436151157,True,12.037692693429307
E52_be69bdf55826f2eb34075d09,317117.7418444939,2550239.722260685,300.0,109.21499640025256,23.05062590630349,341.3225402832031,641.3225402832031,4963.836974013008,True,12.029424972929434
E52_437c6a333219b14c3939f26c,316730.03716888884,2547997.7171102925,50.0,109.21148100484464,23.030340130151913,307.063232421875,357.063232421875,3135.556278780386,False,6.0194831627628105
E52_cd57a5e910781d68105320b2,316730.03716888884,2547997.7171102925,100.0,109.21148100484464,23.030340130151913,307.063232421875,407.063232421875,3139.2912417680027,False,6.009142997511702
E52_c0607c62cdf258090451a730,316730.03716888884,2547997.7171102925,150.0,109.21148100484464,23.030340130151913,307.063232421875,457.063232421875,3143.8170786296514,False,5.9966297877134735
E52_231555d7070bcf1a0911e332,316730.03716888884,2547997.7171102925,200.0,109.21148100484464,23.030340130151913,307.063232421875,507.063232421875,3149.130379505692,False,5.981962334569488
E52_439a5d9249f8def33605d021,316730.03716888884,2547997.7171102925,250.0,109.21148100484464,23.030340130151913,307.063232421875,557.063232421875,3155.2271662065555,False,5.96516251553787
E52_8351a933ab445f72ca0bde0d,316730.03716888884,2547997.7171102925,300.0,109.21148100484464,23.030340130151913,307.063232421875,607.063232421875,3162.102906865942,True,15.946255177330485
E52_7ebf56e152d891434a2312e3,316730.03716888884,2548117.7171102925,50.0,109.21146670383342,23.03142360894118,293.9010925292969,343.9010925292969,3229.0484288099383,False,5.764283994708023
E52_8b5606b9bb2121a2e4df0a9c,316730.03716888884,2548117.7171102925,100.0,109.21146670383342,23.03142360894118,293.9010925292969,393.9010925292969,3232.471788717244,False,5.755080300181845
E52_0b5275aab2d0ac7d8bb09ecd,316730.03716888884,2548117.7171102925,150.0,109.21146670383342,23.03142360894118,293.9010925292969,443.9010925292969,3236.664019342414,False,5.743822766339562
E52_618eb8804422884d36460940,316730.03716888884,2548117.7171102925,200.0,109.21146670383342,23.03142360894118,293.9010925292969,493.9010925292969,3241.622137658663,False,5.730527374357081
E52_616f2b02b114a06fdb33003d,316730.03716888884,2548117.7171102925,250.0,109.21146670383342,23.03142360894118,293.9010925292969,543.9010925292969,3247.342635542429,False,5.715212874155043
E52_0c9d91fc306062a18ada9948,316730.03716888884,2548117.7171102925,300.0,109.21146670383342,23.03142360894118,293.9010925292969,593.9010925292969,3253.8214920097535,True,15.697900697510477
E52_dbbf57d9b0694f712899c36b,317582.9819402128,2547633.946298952,200.0,109.21984487138141,23.027149491917285,246.13824462890625,446.13824462890625,2371.379387758006,True,18.44575435335753
E52_4a4710ea17db220fbb82ac02,317582.9819402128,2547633.946298952,250.0,109.21984487138141,23.027149491917285,246.13824462890625,496.13824462890625,2378.189232409067,True,18.420846996772667
E52_1a3aa8ae0a073fe24febc5da,317582.9819402128,2547633.946298952,300.0,109.21984487138141,23.027149491917285,246.13824462890625,546.1382446289062,2386.0276296827155,True,18.392265797779956
E52_2b19a0b57e03c5392a583fbb,317702.9819402128,2547513.946298952,200.0,109.22102970269519,23.02607917488436,219.503662109375,419.503662109375,2207.624452881868,True,19.06727124760397
E52_3b095876a7a44bd9d00fef8b,317702.9819402128,2547513.946298952,250.0,109.22102970269519,23.02607917488436,219.503662109375,469.503662109375,2214.3364900513434,True,19.04090282887431
E52_9922083e863d6941b1f30d9c,317702.9819402128,2547513.946298952,300.0,109.22102970269519,23.02607917488436,219.503662109375,519.503662109375,2222.1535629618043,True,19.010293810462016
E52_350c765ff2842f977f2d2ff8,317702.9819402128,2547633.946298952,200.0,109.22101548094669,23.027162659907074,246.7472686767578,446.7472686767578,2318.0663150541086,True,18.643258044432002
E52_a71dfec25540c2effcdbbbec,317702.9819402128,2547633.946298952,250.0,109.22101548094669,23.027162659907074,246.7472686767578,496.7472686767578,2325.0454119987007,True,18.617146369740098
E52_0e19ef2b2266c3ff799c4d53,317702.9819402128,2547633.946298952,300.0,109.22101548094669,23.027162659907074,246.7472686767578,546.7472686767578,2333.0754155671616,True,18.587199618051372
E52_b533b4ea18da15c329d6d404,315836.51019698515,2548257.4730950934,100.0,109.20273333168707,23.03258665766304,349.7203674316406,449.7203674316406,3938.1670646703897,False,4.0398924496574296
E52_0e4425dee7df815fc6afe510,315836.51019698515,2548257.4730950934,150.0,109.20273333168707,23.03258665766304,349.7203674316406,499.7203674316406,3942.3168145137392,False,4.030744718871063
E52_ffdbc54f21844c68a99b71f4,315836.51019698515,2548257.4730950934,200.0,109.20273333168707,23.03258665766304,349.7203674316406,549.7203674316406,3947.0956287808535,False,4.020222196769495
E52_5f2d4e0e95be636287449698,315836.51019698515,2548257.4730950934,250.0,109.20273333168707,23.03258665766304,349.7203674316406,599.7203674316406,3952.501225740997,False,4.008334900033518
E52_41affd19717e253ddaf827fe,315836.51019698515,2548257.4730950934,300.0,109.20273333168707,23.03258665766304,349.7203674316406,649.7203674316406,3958.5310376738553,False,3.995094076488499
E52_f05007c5889ebff388c9a4c1,315836.51019698515,2548377.4730950934,100.0,109.20271895918827,23.033670130941868,370.7445983886719,470.7445983886719,4023.0612036597995,False,3.854642373107083
E52_6f5d4edbf1fb4fcd44ebbc54,315836.51019698515,2548377.4730950934,150.0,109.20271895918827,23.033670130941868,370.7445983886719,520.7445983886719,4027.384499676124,False,3.845313280765069
E52_4e8396354ff1f5e6ee35546f,315836.51019698515,2548377.4730950934,200.0,109.20271895918827,23.033670130941868,370.7445983886719,570.7445983886719,4032.3231973727466,False,3.8346684806978573
E52_4ab69e6a96c664add6e5c793,315836.51019698515,2548377.4730950934,250.0,109.20271895918827,23.033670130941868,370.7445983886719,620.7445983886719,4037.8750386693787,False,3.822717674289507
E52_189eb019491ad876aa165071,315836.51019698515,2548377.4730950934,300.0,109.20271895918827,23.033670130941868,370.7445983886719,670.7445983886719,4044.037498311323,False,3.8094716871601975
E52_293381200e40c7567d186358,315836.51019698515,2548497.4730950934,100.0,109.20270458582041,23.0347536040639,374.7388610839844,474.7388610839844,4108.422831383977,False,3.672272485340443
E52_e90a57cc42793fb3ea6ff885,315836.51019698515,2548497.4730950934,150.0,109.20270458582041,23.0347536040639,374.7388610839844,524.7388610839844,4112.704955080722,False,3.6632240778284313
E52_1e87dd0f98adbf3ea0b3347b,316563.80070550786,2547630.7124856794,100.0,109.20990309760647,23.027008106998082,326.4205017089844,426.4205017089844,2980.96011510429,False,6.458651860519495
E52_37a35c2db5143765bc714a6c,316563.80070550786,2547630.7124856794,150.0,109.20990309760647,23.027008106998082,326.4205017089844,476.4205017089844,2986.0501097626407,False,6.443833336361479
E52_a785e288b06e5763adce4945,316563.80070550786,2547630.7124856794,200.0,109.20990309760647,23.027008106998082,326.4205017089844,526.4205017089844,2991.9671301978533,False,6.426638804727617
E52_706548cd7d0a1129eef9e968,316563.80070550786,2547630.7124856794,250.0,109.20990309760647,23.027008106998082,326.4205017089844,576.4205017089844,2998.706280774307,True,16.4070965800601
E52_dbec4f1422e98765afb262aa,316563.80070550786,2547630.7124856794,300.0,109.20990309760647,23.027008106998082,326.4205017089844,626.4205017089844,3006.262032579026,True,16.38523852602286
E52_ebcf6f702ea158801b5d703c,316563.80070550786,2547750.7124856794,50.0,109.20988878629224,23.028091585306488,368.645751953125,418.645751953125,3064.9873169305697,False,6.217201531246673
E52_348daa92ada281f9850f25f8,317680.13282726,2550980.264719924,100.0,109.22039560228319,23.05737413560023,242.56593322753906,342.56593322753906,5520.079977609741,False,1.1068677648688094
E52_405a381c03405bd565a88c24,317680.13282726,2550980.264719924,150.0,109.22039560228319,23.05737413560023,242.56593322753906,392.56593322753906,5522.071128890927,False,1.1037352374651022
E52_977e5e144c682e6bfa8a9b14,317680.13282726,2550980.264719924,200.0,109.22039560228319,23.05737413560023,242.56593322753906,442.56593322753906,5524.514109480893,False,1.0998934239670035
E52_f79e977e816e5a2fdb30f83d,317680.13282726,2550980.264719924,250.0,109.22039560228319,23.05737413560023,242.56593322753906,492.56593322753906,5527.408320286843,True,11.095344207053088
E52_b79dad880e91850358d1a8b3,317680.13282726,2550980.264719924,300.0,109.22039560228319,23.05737413560023,242.56593322753906,542.5659332275391,5530.753052930403,True,11.090089811043441
E52_bb5dee7ba81ef82f94817703,317680.13282726,2551100.264719924,150.0,109.22038135389508,23.058457615965768,234.53030395507812,384.5303039550781,5639.64439650583,False,0.9207407510092054
E52_450db8e5a8549a310444581d,317680.13282726,2551100.264719924,200.0,109.22038135389508,23.058457615965768,234.53030395507812,434.5303039550781,5641.965255957813,False,0.9171670181872571
E52_9895b53e57a8a8efda218017,317680.13282726,2551100.264719924,250.0,109.22038135389508,23.058457615965768,234.53030395507812,484.5303039550781,5644.7280696089,True,10.912914666457482
E52_6b7863b090fb6f3a45ab2bae,317680.13282726,2551100.264719924,300.0,109.22038135389508,23.058457615965768,234.53030395507812,534.5303039550781,5647.932188883478,True,10.907985690199268
E52_239390f9184ca95974b800ab,317680.13282726,2551220.264719924,200.0,109.22036710464589,23.059541096174527,184.76919555664062,384.7691955566406,5757.663782172665,False,0.7408491512113784
E52_939750b7b6300a71f25c752a,317680.13282726,2551220.264719924,250.0,109.22036710464589,23.059541096174527,184.76919555664062,434.7691955566406,5759.939161840037,False,0.7374172397227312
E52_7d3cf83cbd7e743d4ca7d0c7,317680.13282726,2551220.264719924,300.0,109.22036710464589,23.059541096174527,184.76919555664062,484.7691955566406,5762.6474877138,True,10.733334090549363
E52_437ea9de8c9fdd29aa82abb5,316735.1709025074,2547787.0183970574,50.0,109.21155619300211,23.028438299403984,298.2250061035156,348.2250061035156,2970.4463203232685,False,6.489340994974725
E52_6aa461eda22a4c53e6730e81,316735.1709025074,2547787.0183970574,100.0,109.21155619300211,23.028438299403984,298.2250061035156,398.2250061035156,2974.2400445378307,False,6.478254834226846
E52_3454345fb68fa37d7eb9c337,316735.1709025074,2547787.0183970574,150.0,109.21155619300211,23.028438299403984,298.2250061035156,448.2250061035156,2978.8682990596863,False,6.46474911124217
E52_c2fcea4127391d338d913f19,316735.1709025074,2547787.0183970574,200.0,109.21155619300211,23.028438299403984,298.2250061035156,498.2250061035156,2984.3272011884187,False,6.448846417903283
E52_b88f2dbf958472e8a86a801f,316735.1709025074,2547787.0183970574,250.0,109.21155619300211,23.028438299403984,298.2250061035156,548.2250061035156,2990.612202269537,True,16.43057314608778
E52_f3226cf553b6faa8ed22b30b,316735.1709025074,2547787.0183970574,300.0,109.21155619300211,23.028438299403984,298.2250061035156,598.2250061035156,2997.718106322508,True,16.40995934418588
E52_2ebc9a84b6fed0a77b52e98c,316735.1709025074,2547907.0183970574,100.0,109.21154189390913,23.029521778498026,263.6365051269531,363.6365051269531,3062.642750877178,False,6.223848356449025
E52_1107a652e5a44ce643984cb1,316735.1709025074,2547907.0183970574,150.0,109.21154189390913,23.029521778498026,263.6365051269531,413.6365051269531,3066.5737020350944,False,6.212707026109655
E52_2fa22493688bdc993dca4a72,316735.1709025074,2547907.0183970574,200.0,109.21154189390913,23.029521778498026,263.6365051269531,463.6365051269531,3071.313712489481,False,6.199291590767146
E52_a0422e9f7731f3ebb6aa627a,316735.1709025074,2547907.0183970574,250.0,109.21154189390913,23.029521778498026,263.6365051269531,513.6365051269531,3076.859043089009,False,6.1836231492414555
E52_1d081de38288e07c16863bb9,316735.1709025074,2547907.0183970574,300.0,109.21154189390913,23.029521778498026,263.6365051269531,563.6365051269531,3083.205348586323,True,16.165726151691914
E52_01234cac2d25748209cb57e8,316735.1709025074,2548027.0183970574,50.0,109.21152759395143,23.030605257435372,314.9520568847656,364.9520568847656,3155.7822299518075,False,5.963634638729843
E52_46da79d6d0067b9355bac79d,321001.0670078552,2545175.158280074,100.0,109.25347486850443,23.005320267034914,256.18438720703125,356.18438720703125,2355.2527673810023,False,8.505024710669389
E52_f74bc7b6e0a11e13a968dcd1,321001.0670078552,2545175.158280074,150.0,109.25347486850443,23.005320267034914,256.18438720703125,406.18438720703125,2360.2042362847696,False,8.486783455063431
E52_f98b54da95f8d7523eb80db5,321001.0670078552,2545175.158280074,200.0,109.25347486850443,23.005320267034914,256.18438720703125,456.18438720703125,2366.2021206349373,False,8.464738380831989
E52_abea574cbbe3c971c7d44b85,321001.0670078552,2545175.158280074,250.0,109.25347486850443,23.005320267034914,256.18438720703125,506.18438720703125,2373.2384866291836,True,18.438947512901564
E52_aaa387ee3ee3170bd804334d,321001.0670078552,2545175.158280074,300.0,109.25347486850443,23.005320267034914,256.18438720703125,556.1843872070312,2381.30412865276,True,18.409477866986336
E52_55435d6daaad0ffa66a4da5f,321001.0670078552,2545295.158280074,100.0,109.25346092009278,23.006403773870183,263.97509765625,363.97509765625,2339.548958611865,False,8.563132407881838
E52_e265315b7143d09a58351986,321001.0670078552,2545295.158280074,150.0,109.25346092009278,23.006403773870183,263.97509765625,413.97509765625,2344.6997333363365,False,8.544030484913634
E52_4babe05876402cb53805fe25,321001.0670078552,2545295.158280074,200.0,109.25346092009278,23.006403773870183,263.97509765625,463.97509765625,2350.9028795918202,False,8.521081406991655
E52_9666cf2f773cd7f451b5c839,321001.0670078552,2545295.158280074,250.0,109.25346092009278,23.006403773870183,263.97509765625,513.97509765625,2358.150092559576,True,18.494346289722074
E52_153ec9e60160b4697eca0b3d,321001.0670078552,2545295.158280074,300.0,109.25346092009278,23.006403773870183,263.97509765625,563.97509765625,2366.431779875423,True,18.463895385214443
E52_bfa598c26f66ae6a9056d2e9,321001.0670078552,2545415.158280074,50.0,109.25344697083715,23.007487280549253,304.38226318359375,354.38226318359375,2328.346306527274,False,8.604823654557165
E52_92c6614d4c2c48c2c805b2d1,321001.0670078552,2545415.158280074,100.0,109.25344697083715,23.007487280549253,304.38226318359375,404.38226318359375,2333.3162557693627,False,8.586303031752607
E52_f64e5a6ecec90ac62daac8d5,316747.00389172294,2547995.083482414,50.0,109.21164683348958,23.03031822247924,299.44464111328125,349.44464111328125,3122.440730697614,False,6.055891096423409
E52_1eac4bbcd37cec5d48241661,316747.00389172294,2547995.083482414,100.0,109.21164683348958,23.03031822247924,299.44464111328125,399.44464111328125,3126.0695099166905,False,6.04580255430777
E52_5f7b5ebc62bbbad308c351b5,316747.00389172294,2547995.083482414,150.0,109.21164683348958,23.03031822247924,299.44464111328125,449.44464111328125,3130.49277988979,False,6.033521036296065
E52_17ed4a6e42d0198b927ffa7e,316747.00389172294,2547995.083482414,200.0,109.21164683348958,23.03031822247924,299.44464111328125,499.44464111328125,3135.707178461253,False,6.0190651615151864
E52_23a518ba91d7ff03a000c263,316747.00389172294,2547995.083482414,250.0,109.21164683348958,23.03031822247924,299.44464111328125,549.4446411132812,3141.7087664461774,False,6.002456688464932
E52_a6610792e8eba1ae1252e2fc,316747.00389172294,2547995.083482414,300.0,109.21164683348958,23.03031822247924,299.44464111328125,599.4446411132812,3148.4930422784946,True,15.983720407564903
E52_2012057edf9429faa67c7123,316747.00389172294,2548115.083482414,50.0,109.21163253381907,23.031401701369894,295.2940368652344,345.2940368652344,3216.78802873249,False,5.797326288324257
E52_ec7fbe9744795b7a7069c51d,316747.00389172294,2548115.083482414,100.0,109.21163253381907,23.031401701369894,295.2940368652344,395.2940368652344,3220.2460504568876,False,5.787994040713315
E52_f6c1110eac05c5b3e652d6f5,316747.00389172294,2548115.083482414,150.0,109.21163253381907,23.031401701369894,295.2940368652344,445.2940368652344,3224.4757758695764,False,5.7765927934914885
E52_23a0856da8dfd961cb62da27,316747.00389172294,2548115.083482414,200.0,109.21163253381907,23.031401701369894,295.2940368652344,495.2940368652344,3229.474172811455,False,5.763138851880569
E52_ffc6907e4823ad12f3744b71,316747.00389172294,2548115.083482414,250.0,109.21163253381907,23.031401701369894,295.2940368652344,545.2940368652344,3235.2376785242154,True,15.74765132854958
E52_8ca7795ffa642a3b129c0a3d,316747.00389172294,2548115.083482414,300.0,109.21163253381907,23.031401701369894,295.2940368652344,595.2940368652344,3241.76221216629,True,15.730152054416479
E52_69a3bc7502734d7e4ce64334,318798.1109418179,2544731.076013933,150.0,109.23204032067046,23.00107209933309,178.66209411621094,328.66209411621094,852.0566235918373,True,27.33640602873548
E52_565a899b3ea02ab11e8da04e,318798.1109418179,2544731.076013933,200.0,109.23204032067046,23.00107209933309,178.66209411621094,378.66209411621094,864.0582730454834,True,27.214914510433317
E52_3bfae372075ae1f57aad8798,318798.1109418179,2544731.076013933,250.0,109.23204032067046,23.00107209933309,178.66209411621094,428.66209411621094,878.7450760203235,True,27.068517075780832
E52_cd191ad2a0db3100a5caef20,318798.1109418179,2544731.076013933,300.0,109.23204032067046,23.00107209933309,178.66209411621094,478.66209411621094,895.9849987815562,True,26.899760396653292
E52_97cf66305475f2dede26a66b,318798.1109418179,2544851.076013933,150.0,109.23202620403511,23.00215559425311,165.8843994140625,315.8843994140625,733.433031681178,True,28.63856585737166
E52_8b4b6d2cf3fcaa9db7f17f92,318798.1109418179,2544851.076013933,200.0,109.23202620403511,23.00215559425311,165.8843994140625,365.8843994140625,746.486739267651,True,28.485333220971313
E52_56ef2092908859dc8ef6bbad,318798.1109418179,2544851.076013933,250.0,109.23202620403511,23.00215559425311,165.8843994140625,415.8843994140625,762.6013977458056,True,28.299823226932645
E52_e4ae13fe757f0b437cfe036f,318798.1109418179,2544851.076013933,300.0,109.23202620403511,23.00215559425311,165.8843994140625,465.8843994140625,781.5876993564207,True,28.086220849190894
E52_a9a3813b29e8cd76fc4ca0a3,318798.1109418179,2544971.076013933,150.0,109.23201208654552,23.003239089016766,183.4374237060547,333.4374237060547,623.9561040447596,True,30.04269441191751
E52_92b2d5c76e4cf98ab112978b,318798.1109418179,2544971.076013933,200.0,109.23201208654552,23.003239089016766,183.4374237060547,383.4374237060547,640.6207631238004,True,29.813754956765294
E52_d738815d3ca81ccf0049b385,318798.1109418179,2544971.076013933,250.0,109.23201208654552,23.003239089016766,183.4374237060547,433.4374237060547,660.6577816963377,True,29.546244070078103
E52_8f89a5d2c7a236959b9b284a,318798.1109418179,2544971.076013933,300.0,109.23201208654552,23.003239089016766,183.4374237060547,483.4374237060547,683.7707560919313,True,29.247564711826627
E52_4d215302190bc5bfb29bf912,320877.9092642227,2547577.485696127,300.0,109.25199403589981,23.02699811853132,262.66839599609375,562.6683959960938,3010.2531218038685,True,16.37371485667674
E52_76b4f0bdabd1ccab126282dd,319030.89440667327,2548267.9894431755,200.0,109.23389481914535,23.03303263806145,177.78985595703125,377.78985595703125,2743.3348039056345,True,17.180198899819032
E52_971dade49763c772ca538d06,319030.89440667327,2548267.9894431755,250.0,109.23389481914535,23.03303263806145,177.78985595703125,427.78985595703125,2747.980136739651,True,17.165503382119084
E52_fdb9ff15d3ca7db9a3fa7c09,319030.89440667327,2548267.9894431755,300.0,109.23389481914535,23.03303263806145,177.78985595703125,477.78985595703125,2753.52570670974,True,17.147992458228302
E52_4638a643e141e426606247ed,319030.89440667327,2548387.9894431755,200.0,109.23388069545723,23.034116129698223,154.4119415283203,354.4119415283203,2860.230473886543,True,16.817754576583297
E52_004d9452f844f40ec6b13dbd,319030.89440667327,2548387.9894431755,250.0,109.23388069545723,23.034116129698223,154.4119415283203,404.4119415283203,2864.2781914300976,True,16.805471239869462
E52_60b76d98beea93305f35c25d,319030.89440667327,2548387.9894431755,300.0,109.23388069545723,23.034116129698223,154.4119415283203,454.4119415283203,2869.1916548141053,True,16.79058398580294
E52_2cea01313b8862fcfb6b2e63,319030.89440667327,2548507.9894431755,200.0,109.2338665709151,23.03519962117848,173.57440185546875,373.57440185546875,2980.4784540180103,True,16.460055432828085
E52_84f408e0097a9c9d85ad9115,319030.89440667327,2548507.9894431755,250.0,109.2338665709151,23.03519962117848,173.57440185546875,423.57440185546875,2984.6841131099845,True,16.44780768723193
E52_7b7d39e4fc5b611091874938,319030.89440667327,2548507.9894431755,300.0,109.2338665709151,23.03519962117848,173.57440185546875,473.57440185546875,2989.7201700554992,True,16.433164337660358
E52_7c19814f17e908842c28ea59,318553.79104291386,2547659.932743624,50.0,109.22931215066137,23.02749040754352,191.31814575195312,241.31814575195312,2110.034039946559,True,19.459985934300207
E52_2a274396a2feb35cf0b7932e,318553.79104291386,2547659.932743624,100.0,109.22931215066137,23.02749040754352,191.31814575195312,291.3181457519531,2112.8429814608544,True,19.448430703367535
E52_1f9b06f5c740888a37b4dcbb,318553.79104291386,2547659.932743624,150.0,109.22931215066137,23.02749040754352,191.31814575195312,341.3181457519531,2116.8295346776476,True,19.432057439764407
E52_5907880d7fd8860182ebbacb,318553.79104291386,2547659.932743624,200.0,109.22931215066137,23.02749040754352,191.31814575195312,391.3181457519531,2121.9870625097556,True,19.410920531084926
E52_7365fc66dc1a290f15a36f3f,318553.79104291386,2547659.932743624,250.0,109.22931215066137,23.02749040754352,191.31814575195312,441.3181457519531,2128.3070521036143,True,19.385089484524983
E52_94d932400cf3e93e4f42d83d,318553.79104291386,2547659.932743624,300.0,109.22931215066137,23.02749040754352,191.31814575195312,491.3181457519531,2135.779183953522,True,19.354648177549407
E52_faa01495938d9bc005c17b64,318553.79104291386,2547779.932743624,50.0,109.22929799413731,23.02857389724996,177.36233520507812,227.36233520507812,2229.1558502604266,True,18.982966505521816
E52_63e1ec2dbcb0517a7de04ce6,318553.79104291386,2547779.932743624,100.0,109.22929799413731,23.02857389724996,177.36233520507812,277.3623352050781,2231.5021932032228,True,18.97382880541784
E52_342e1079601f85be88771591,318553.79104291386,2547779.932743624,150.0,109.22929799413731,23.02857389724996,177.36233520507812,327.3623352050781,2234.9649374858886,True,18.96036088106959
E52_38078d840e4d219a8c837146,318553.79104291386,2547779.932743624,200.0,109.22929799413731,23.02857389724996,177.36233520507812,377.3623352050781,2239.5389046211744,True,18.942602940084186
E52_4a66ce049a794a4e63324bd6,318553.79104291386,2547779.932743624,250.0,109.22929799413731,23.02857389724996,177.36233520507812,427.3623352050781,2245.217303254257,True,18.920607554864304
E52_931d76373a2e8c899520e88e,318553.79104291386,2547779.932743624,300.0,109.22929799413731,23.02857389724996,177.36233520507812,477.3623352050781,2251.991778926563,True,18.894439150648367
E52_bc1de29d8f175d6fb0fe032a,318417.82855238987,2545653.5274033607,150.0,109.22822256449655,23.0093595503264,148.43060302734375,298.43060302734375,322.84373839791107,True,35.765927813412134
E52_8891f4394265246f99bef857,318417.82855238987,2545653.5274033607,200.0,109.22822256449655,23.0093595503264,148.43060302734375,348.43060302734375,349.00020017970365,True,35.089261644526076
E52_96345c56b49d4695c10946d5,318417.82855238987,2545653.5274033607,250.0,109.22822256449655,23.0093595503264,148.43060302734375,398.43060302734375,379.9660511522149,True,34.3508792574263
E52_431b70d31e5c2eb165291b4f,318417.82855238987,2545653.5274033607,300.0,109.22822256449655,23.0093595503264,148.43060302734375,448.43060302734375,414.66523887461557,True,33.59182256061867
E52_e729a9e65ee2657a9ef3bb7d,318417.82855238987,2545773.5274033607,150.0,109.22820841170265,23.010443041871966,177.4241180419922,327.4241180419922,389.335672983307,True,34.1392912080229
E52_ece38db8f3b70bf8d49c65fb,318417.82855238987,2545773.5274033607,200.0,109.22820841170265,23.010443041871966,177.4241180419922,377.4241180419922,414.7947420852437,True,33.589110312577176
E52_ed7bdeb8433532456e9e65b3,318417.82855238987,2545773.5274033607,250.0,109.22820841170265,23.010443041871966,177.4241180419922,427.4241180419922,444.4401983009222,True,32.989508511843084
E52_073a2235394f9e9b38cd400f,318417.82855238987,2545773.5274033607,300.0,109.22820841170265,23.010443041871966,177.4241180419922,477.4241180419922,477.4929336335379,True,32.36643618796607
E52_8304b1d4b9dcffd969e958f4,318417.82855238987,2545893.5274033607,200.0,109.22819425805251,23.01152653326109,201.20233154296875,401.20233154296875,500.1180687265302,True,31.96432425731919
E52_fb5a690d3f23513036758985,318417.82855238987,2545893.5274033607,250.0,109.22819425805251,23.01152653326109,201.20233154296875,451.20233154296875,527.2270059671179,True,31.50582220832389
E52_42540ec2967f6b3d1586cdaf,318417.82855238987,2545893.5274033607,300.0,109.22819425805251,23.01152653326109,201.20233154296875,501.20233154296875,557.5110303620443,True,31.020705879239088
E52_71286d22439c4e121ece8e96,320649.87423411367,2549132.4156241035,100.0,109.24958812313561,23.041013255448437,201.3898162841797,301.3898162841797,4082.8157319295533,False,3.7265795752044113
E52_f697cafc8d33d139fa7c2c5d,320649.87423411367,2549132.4156241035,150.0,109.24958812313561,23.041013255448437,201.3898162841797,351.3898162841797,4085.0034617512715,False,3.7219265877194516
E52_7e570a1dcb8c6487bb85253a,320649.87423411367,2549132.4156241035,200.0,109.24958812313561,23.041013255448437,201.3898162841797,401.3898162841797,4087.8016419768082,False,3.715978890382331
E52_50a08af6f24aff906dadbdd7,320649.87423411367,2549132.4156241035,250.0,109.24958812313561,23.041013255448437,201.3898162841797,451.3898162841797,4091.209020054672,True,13.708741801967946
E52_00fd8dfdbc642f8bcd9f82a3,320649.87423411367,2549132.4156241035,300.0,109.24958812313561,23.041013255448437,201.3898162841797,501.3898162841797,4095.224075359629,True,13.700221771410227
E52_1dd79bdde14f3b5d6d16fd02,320649.87423411367,2549252.4156241035,100.0,109.24957411949893,23.042096755147234,181.029296875,281.029296875,4187.630207953311,False,3.5064086862240345
E52_254b5902c7baaaae2984ef36,320649.87423411367,2549252.4156241035,150.0,109.24957411949893,23.042096755147234,181.029296875,331.029296875,4189.520221725942,False,3.5024893459997344
E52_8fdb2099c7d4b3136404e10d,320649.87423411367,2549252.4156241035,200.0,109.24957411949893,23.042096755147234,181.029296875,381.029296875,4192.005798891276,False,3.497337670869271
E52_68f900beb4eb3675842fe8ac,320649.87423411367,2549252.4156241035,250.0,109.24957411949893,23.042096755147234,181.029296875,431.029296875,4195.0858808402945,False,3.4909580451039517
E52_8c56b71691bdbd02e85bb29e,320649.87423411367,2549252.4156241035,300.0,109.24957411949893,23.042096755147234,181.029296875,481.029296875,4198.759159241345,True,13.483355881212248
E52_e8353642c0dd65d2fa5bb625,320649.87423411367,2549372.4156241035,50.0,109.24956011501564,23.043180254689624,192.2278594970703,242.2278594970703,4292.890854572815,False,3.290778229439425
E52_ea29cff4fd964a4f5fcf2b6b,320649.87423411367,2549372.4156241035,100.0,109.24956011501564,23.043180254689624,192.2278594970703,292.2278594970703,4294.282789386911,False,3.2879623571196674
E52_f12b7100c5d94998b102bb7a,319459.6530816322,2547857.250076501,200.0,109.23812583370335,23.029370672144896,145.4189910888672,345.4189910888672,2435.658278722774,True,18.2134480257573
E52_bd471d2787ee376214bba69b,319459.6530816322,2547857.250076501,250.0,109.23812583370335,23.029370672144896,145.4189910888672,395.4189910888672,2440.2260448203715,True,18.19717400398403
E52_cbd7df67d8f1aa82c674c01e,319278.3656916646,2547778.539734835,50.0,109.23636656485563,23.028640280314132,145.06512451171875,195.06512451171875,2300.4273075564397,False,8.709604879527774
E52_a303a889fc619d5bf003f36c,319278.3656916646,2547898.539734835,50.0,109.23635246392817,23.02972377399903,164.36358642578125,214.36358642578125,2417.011062977978,False,8.280202401063008
E52_61166d987c987eb9ae88171d,320355.47416829434,2548088.1087501324,100.0,109.24683792203126,23.03155222473767,194.6310272216797,294.6310272216797,3036.269082660899,False,6.2989700193466405
E52_dc4c132291b7b9525a26c82f,320355.47416829434,2548088.1087501324,150.0,109.24683792203126,23.03155222473767,194.6310272216797,344.6310272216797,3039.099051535607,True,16.290878065555617
E52_97938eb4f12ffb78d0b66f3c,320355.47416829434,2548088.1087501324,200.0,109.24683792203126,23.03155222473767,194.6310272216797,394.6310272216797,3042.7481242729896,True,16.280455098333533
E52_504c8bd7f30c309bda5ab14a,320355.47416829434,2548088.1087501324,250.0,109.24683792203126,23.03155222473767,194.6310272216797,444.6310272216797,3047.2133582158244,True,16.26771789587427
E52_b544b4d7beda1d6ed7fbeefb,320355.47416829434,2548088.1087501324,300.0,109.24683792203126,23.03155222473767,194.6310272216797,494.6310272216797,3052.4911716843885,True,16.252686834440453
E52_05ef8bebdc6e5026dbe3561f,320355.47416829434,2548208.1087501324,150.0,109.24682390282342,23.032635724132746,174.59547424316406,324.59547424316406,3138.5834209898894,False,6.011101639096182
E52_b7c433bb400c5a28313b13f0,320355.47416829434,2548208.1087501324,200.0,109.24682390282342,23.032635724132746,174.59547424316406,374.59547424316406,3141.798121766724,True,16.00220965111248
E52_61f5c528fecf2b16773c2c43,320355.47416829434,2548208.1087501324,250.0,109.24682390282342,23.032635724132746,174.59547424316406,424.59547424316406,3145.8043463256313,True,15.991141003159768
E52_a616f2a90e9a6dda9438542b,320355.47416829434,2548208.1087501324,300.0,109.24682390282342,23.032635724132746,174.59547424316406,474.59547424316406,3150.5990752213374,True,15.977912341876689
E52_0fc711f90ca7fb63da14fb07,320355.47416829434,2548328.1087501324,150.0,109.24680988276783,23.03371922337144,172.4708709716797,322.4708709716797,3240.4986352701844,False,5.733538308029566
E52_0f3fe917e500c895db962f72,320355.47416829434,2548328.1087501324,200.0,109.24680988276783,23.03371922337144,172.4708709716797,372.4708709716797,3243.5795800758606,True,15.725284012603666
E52_87808c9f7b6ae964914a6e56,320355.47416829434,2548328.1087501324,250.0,109.24680988276783,23.03371922337144,172.4708709716797,422.4708709716797,3247.4275325836393,True,15.714985797195737
E52_0fcd8453d446975a207a3077,323640.0,2550120.0,300.0,109.2786473875166,23.050250686928447,260.27557373046875,560.2755737304688,6748.271240123126,False,-0.6380754403786284
E52_0ee5137fdf456483ea98e9d5,323640.0,2550120.0,250.0,109.2786473875166,23.050250686928447,260.27557373046875,510.27557373046875,6745.398963211876,False,-0.6343776650125506
E52_8032bbfe261bfdfe1579c0af,323640.0,2550120.0,200.0,109.2786473875166,23.050250686928447,260.27557373046875,460.27557373046875,6742.896233483562,False,-0.6311543615265975
E52_d22d4156cc425052cf7e42e3,323640.0,2550120.0,150.0,109.2786473875166,23.050250686928447,260.27557373046875,410.27557373046875,6740.763462557766,False,-0.6284065892664188
E52_2fa95aed077fae5d8fe54626,323640.0,2550120.0,100.0,109.2786473875166,23.050250686928447,260.27557373046875,360.27557373046875,6739.001001690141,False,-0.6261352527433814
E52_498c2e2ac5e63eab1447027b,323640.0,2550120.0,50.0,109.2786473875166,23.050250686928447,260.27557373046875,310.27557373046875,6737.609141483918,False,-0.6243411006446848
E52_22a045d717df16dcc32e01ef,323520.0,2550120.0,300.0,109.27747654229204,23.050237933216643,266.33648681640625,566.3364868164062,6661.057794578859,False,-0.5250888707015093
E52_11d51fc53018ce3970fc6535,323520.0,2550120.0,250.0,109.27747654229204,23.050237933216643,266.33648681640625,516.3364868164062,6658.102379359912,False,-0.5212342116220299
E52_aa83b1c9d80cfa62c89947c0,323520.0,2550120.0,200.0,109.27747654229204,23.050237933216643,266.33648681640625,466.33648681640625,6655.521290278958,False,-0.5178663749247789
E52_a55c1d5101fe99fa02e87a86,323520.0,2550120.0,150.0,109.27747654229204,23.050237933216643,266.33648681640625,416.33648681640625,6653.314962984606,False,-0.5149864964447772
E52_687cbbd144bc9eb45fb13913,323520.0,2550120.0,100.0,109.27747654229204,23.050237933216643,266.33648681640625,366.33648681640625,6651.4837704074125,False,-0.512595549080487
E52_67a636896d729d3f5b1e00a3,323520.0,2550120.0,50.0,109.27747654229204,23.050237933216643,266.33648681640625,316.33648681640625,6650.028022445587,False,-0.5106943417012673
E52_da3ad83d25ba52f2b2529d21,323640.0,2550000.0,300.0,109.2786611640697,23.049167171602974,296.3815002441406,596.3815002441406,6670.032582288046,False,-0.5367839421683271
E52_25e3c822f069d4a327bf745e,323640.0,2550000.0,250.0,109.2786611640697,23.049167171602974,296.3815002441406,546.3815002441406,6666.855818056944,False,-0.5326460918375631
E52_ec62e6ffd086847329e6375b,323640.0,2550000.0,200.0,109.2786611640697,23.049167171602974,296.3815002441406,496.3815002441406,6664.052697025685,False,-0.5289932874918009
E52_62ab1d6e5d0046e24b90994c,323640.0,2550000.0,150.0,109.2786611640697,23.049167171602974,296.3815002441406,446.3815002441406,6661.623690866281,False,-0.5258267570958424
E52_5d02e0024afa8607d84b4c6d,323640.0,2550000.0,100.0,109.2786611640697,23.049167171602974,296.3815002441406,396.3815002441406,6659.569208941858,False,-0.5231475670961743
E52_7810a16768b2e5bbd626bf7c,323640.0,2550000.0,50.0,109.2786611640697,23.049167171602974,296.3815002441406,346.3815002441406,6657.889597962861,False,-0.5209566212276968
E52_bea56b70ae0e7e549acda669,323640.0,2550240.0,300.0,109.27863361013074,23.051334202097713,301.8267517089844,601.8267517089844,6832.63520165995,False,-0.7459895164003427
E52_07d72cf812a957e6b4a54209,323640.0,2550240.0,250.0,109.27863361013074,23.051334202097713,301.8267517089844,551.8267517089844,6829.494207025276,False,-0.7419956538895889
E52_0cb2e40561225cd533306df2,323640.0,2550240.0,200.0,109.27863361013074,23.051334202097713,301.8267517089844,501.8267517089844,6826.717985139046,False,-0.7384640805795755
E52_3ed5aa1cbf4c40afc4719395,323640.0,2550240.0,150.0,109.27863361013074,23.051334202097713,301.8267517089844,451.8267517089844,6824.306981184976,False,-0.7353959278904796
E52_9a18960d2350ed47947927a6,323640.0,2550240.0,100.0,109.27863361013074,23.051334202097713,301.8267517089844,401.8267517089844,6822.261582369816,False,-0.7327921805199082
E52_c5dc5cbf35c903c587ade37a,323640.0,2550240.0,50.0,109.27863361013074,23.051334202097713,301.8267517089844,351.8267517089844,6820.582117613438,False,-0.7306536753930573
E52_bcd80b3bed0401a1dbadefe5,323520.0,2550000.0,300.0,109.27749032820451,23.049154418558278,325.7239990234375,625.7239990234375,6583.465258673207,False,-0.42331579642434747
E52_3b86966c9563a9c91f341917,323520.0,2550000.0,250.0,109.27749032820451,23.049154418558278,325.7239990234375,575.7239990234375,6580.023739490211,False,-0.4187740436267404
E52_df78c6b5d8941c9f568daedf,323520.0,2550000.0,200.0,109.27749032820451,23.049154418558278,325.7239990234375,525.7239990234375,6576.960545141836,False,-0.4147295653549605
E52_5b558650ea39d1003905658b,323520.0,2550000.0,150.0,109.27749032820451,23.049154418558278,325.7239990234375,475.7239990234375,6574.276204453997,False,-0.4111837562826679
E52_1354144d092eb1390fc46638,323520.0,2550000.0,100.0,109.27749032820451,23.049154418558278,325.7239990234375,425.7239990234375,6571.971181658339,False,-0.408137841622235
E52_297341a545f8870167e55577,323520.0,2550000.0,50.0,109.27749032820451,23.049154418558278,325.7239990234375,375.7239990234375,6570.045875992447,False,-0.4055928757193925
E52_38cc6c7359e376c24eb5bf1f,323520.0,2550240.0,300.0,109.27746275554625,23.051321447718795,301.51922607421875,601.5192260742188,6746.118357299364,False,-0.6353039622566143
E52_35cd21fe1bcf4bfa9f97c48f,323520.0,2550240.0,250.0,109.27746275554625,23.051321447718795,301.51922607421875,551.5192260742188,6742.939341865982,False,-0.6312098915899895
E52_61d08b5bdeb55f8168bee9ba,323520.0,2550240.0,200.0,109.27746275554625,23.051321447718795,301.51922607421875,501.51922607421875,6740.129749899227,False,-0.6275899730182743
E52_8601b146d89da7541898a40f,323520.0,2550240.0,150.0,109.27746275554625,23.051321447718795,301.51922607421875,451.51922607421875,6737.6900435437965,False,-0.6244453961195262
E52_b61c52b431910a7a033d3932,323520.0,2550240.0,100.0,109.27746275554625,23.051321447718795,301.51922607421875,401.51922607421875,6735.6206247280425,False,-0.6217771961451604
E52_3ea7575250e8a46ee562b84e,323520.0,2550240.0,50.0,109.27746275554625,23.051321447718795,301.51922607421875,351.51922607421875,6733.921834834019,False,-0.6195862528877569
E52_35d21374d0461e80742a1675,323760.0,2550120.0,300.0,109.2798182335739,23.050263431977474,265.8090515136719,565.8090515136719,6837.183118565688,False,-0.751769067358282
E52_431aaff7db49ddbb7c7f8b96,323760.0,2550120.0,250.0,109.2798182335739,23.050263431977474,265.8090515136719,515.8090515136719,6834.30772585258,False,-0.7481154286403751
E52_0aa0cf16b05bc02720f3c1db,323760.0,2550120.0,200.0,109.2798182335739,23.050263431977474,265.8090515136719,465.8090515136719,6831.797068597463,False,-0.7449239863954489
E52_511b3222dd35dbda00a770e9,323760.0,2550120.0,150.0,109.2798182335739,23.050263431977474,265.8090515136719,415.8090515136719,6829.651549043006,False,-0.7421957623628259
E52_d700929385db227c84dd15fd,323760.0,2550120.0,100.0,109.2798182335739,23.050263431977474,265.8090515136719,365.8090515136719,6827.871511400472,False,-0.7399316313730679
E52_58c205becde88b9a24b8dcb8,323760.0,2550120.0,50.0,109.2798182335739,23.050263431977474,265.8090515136719,315.8090515136719,6826.457241574343,False,-0.7381323204154455
E52_e4a3cca4110ed289f3b2d320,323760.0,2550000.0,300.0,109.27983200076761,23.049179915985352,296.01348876953125,596.0134887695312,6759.609177751596,False,-0.6526565730278122
E52_86718c19d0e422d109f00e1a,323760.0,2550000.0,250.0,109.27983200076761,23.049179915985352,296.01348876953125,546.0134887695312,6756.477254240308,False,-0.6486312151555182
E52_e0fb405a854192e0e2023b17,323760.0,2550000.0,200.0,109.27983200076761,23.049179915985352,296.01348876953125,496.01348876953125,6753.714055109951,False,-0.645078216907109
E52_efd599b6f9111f44d9d90017,323760.0,2550000.0,150.0,109.27983200076761,23.049179915985352,296.01348876953125,446.01348876953125,6751.3200330981745,False,-0.6419987413474928
E52_2fc3cffa2275c05c2adae990,323760.0,2550000.0,100.0,109.27983200076761,23.049179915985352,296.01348876953125,396.01348876953125,6749.295581054054,False,-0.6393937983334581
E52_345f18d2261496f7ba99b28c,323760.0,2550000.0,50.0,109.27983200076761,23.049179915985352,296.01348876953125,346.01348876953125,6747.641031616815,False,-0.6372642434134121
E52_80a2ee9604b0322c054387db,323400.0,2550120.0,300.0,109.2763056979008,23.050225170842086,288.19891357421875,588.1989135742188,6575.922903735853,False,-0.413359091908589
E52_1b30c4dd79a1322e40edc55c,323400.0,2550120.0,250.0,109.2763056979008,23.050225170842086,288.19891357421875,538.1989135742188,6572.76290037305,False,-0.4091841589301026
E52_473c96c8e37e551729a1e159,323400.0,2550120.0,200.0,109.2763056979008,23.050225170842086,288.19891357421875,488.19891357421875,6569.98190660849,False,-0.4055083049683361
E52_a39326817de51023a2a5965b,323400.0,2550120.0,150.0,109.2763056979008,23.050225170842086,288.19891357421875,438.19891357421875,6567.580403908696,False,-0.40233280145326944
E52_bad4e624fd8abf06f1bafb26,323400.0,2550120.0,100.0,109.2763056979008,23.050225170842086,288.19891357421875,388.19891357421875,6565.558808696186,False,-0.39965874877429997
E52_4ee61d169c7a3c5b57474856,323400.0,2550120.0,50.0,109.2763056979008,23.050225170842086,288.19891357421875,338.19891357421875,6563.917471989625,False,-0.39748707501341585
E52_8bc2b2b4ed9babdf0fff55e6,323760.0,2550240.0,300.0,109.27980446554801,23.051346947813407,281.7498474121094,581.7498474121094,6918.842652784605,False,-0.8548939154321715
E52_4b775ad0d931e9cad2f277ea,323760.0,2550240.0,250.0,109.27980446554801,23.051346947813407,281.7498474121094,531.7498474121094,6915.885964158916,False,-0.8511813060707709
E52_f36c6c573bbe2629dc740a53,323760.0,2550240.0,200.0,109.27980446554801,23.051346947813407,281.7498474121094,481.7498474121094,6913.289642746721,False,-0.847919888014161
E52_662a1d6f16e81bcab923fa83,323760.0,2550240.0,150.0,109.27980446554801,23.051346947813407,281.7498474121094,431.7498474121094,6911.0540946926385,False,-0.8451106806888191
E52_9fd5052e1e344ef75bffb51d,323760.0,2550240.0,100.0,109.27980446554801,23.051346947813407,281.7498474121094,381.7498474121094,6909.179670194333,False,-0.8427545636065759
E52_d944e4e2080f54bb63af5281,323760.0,2550240.0,50.0,109.27980446554801,23.051346947813407,281.7498474121094,331.7498474121094,6907.6666632290135,False,-0.8408522754493788
E52_1bc761440bc1aa5bf48c9fd6,323400.0,2550000.0,300.0,109.27631949317261,23.04914165685128,295.50018310546875,595.5001831054688,6493.713974367513,False,-0.3040879450716574
E52_4bc9e995fa16caebd5570055,323400.0,2550000.0,250.0,109.27631949317261,23.04914165685128,295.50018310546875,545.5001831054688,6490.457700546655,False,-0.2997313120356182
E52_099f50f51cac8431b6f27985,323400.0,2550000.0,200.0,109.27631949317261,23.04914165685128,295.50018310546875,495.50018310546875,6487.585155069244,False,-0.2958862617946636
E52_5ee95f655a15887a126078dd,323400.0,2550000.0,150.0,109.27631949317261,23.04914165685128,295.50018310546875,445.50018310546875,6485.096847847708,False,-0.2925541578901516
E52_91d9e3b142896d47d5789263,323400.0,2550000.0,100.0,109.27631949317261,23.04914165685128,295.50018310546875,395.50018310546875,6482.993221317892,False,-0.2897361842424573
E52_06c72801667ba3aff6500359,323400.0,2550000.0,50.0,109.27631949317261,23.04914165685128,295.50018310546875,345.50018310546875,6481.274650047102,False,-0.28743334375369045
E52_252772eac0a5dff8c2783e14,323640.0,2549880.0,300.0,109.2786749397901,23.04808365612131,303.1972961425781,603.1972961425781,6591.15853100234,True,9.56654001683171
E52_13210b65a785dd3f1500388a,323640.0,2549880.0,250.0,109.2786749397901,23.04808365612131,303.1972961425781,553.1972961425781,6587.892003607123,False,-0.42915425614174296
E52_52e683588373695765704fcf,323640.0,2549880.0,200.0,109.2786749397901,23.04808365612131,303.1972961425781,503.1972961425781,6585.00351720304,False,-0.4253450595244317
E52_a2f82c0249fa5c86ab3f19d0,323640.0,2549880.0,150.0,109.2786749397901,23.04808365612131,303.1972961425781,453.1972961425781,6582.493569458474,False,-0.42203370441613686
E52_b5b4ec731dfb466736a986fc,323640.0,2549880.0,100.0,109.2786749397901,23.04808365612131,303.1972961425781,403.1972961425781,6580.362593531446,False,-0.4192213327460337
E52_807081371edfc366fa7c5976,323640.0,2549880.0,50.0,109.2786749397901,23.04808365612131,303.1972961425781,353.1972961425781,6578.610957697198,False,-0.4169089159647399
E52_a80f7c542da1f28f1ada0d37,323400.0,2550240.0,300.0,109.2762919017951,23.051308684676677,322.9940185546875,622.9940185546875,6662.158337446104,False,-0.5265238386272415
E52_838294eaccb545c43e8eb93d,323400.0,2550240.0,250.0,109.2762919017951,23.051308684676677,322.9940185546875,572.9940185546875,6658.777989342127,False,-0.5221155402194881
E52_df9eaa7a539087159eb146af,323400.0,2550240.0,200.0,109.2762919017951,23.051308684676677,322.9940185546875,522.9940185546875,6655.771548775671,False,-0.5181929724551537
E52_f81123e0774a7991739b5a87,323400.0,2550240.0,150.0,109.2762919017951,23.051308684676677,322.9940185546875,472.9940185546875,6653.139522634125,False,-0.5147574563914645
E52_7c041e3e19eb1259d1d785f7,323400.0,2550240.0,100.0,109.2762919017951,23.051308684676677,322.9940185546875,422.9940185546875,6650.882355430801,False,-0.5118101513448323
E52_556e0e0c7713aff2c20ee0c0,323400.0,2550240.0,50.0,109.2762919017951,23.051308684676677,322.9940185546875,372.9940185546875,6649.000428931051,False,-0.5093520535919538
E52_93bf8c71f9e42a8f6855c57a,323520.0,2549880.0,300.0,109.2775041132837,23.048070903743703,304.8708190917969,604.8708190917969,6501.568000123717,False,-0.31458701840810477
E52_2cce3b7a5da84fe153f9ec97,323520.0,2549880.0,250.0,109.2775041132837,23.048070903743703,304.8708190917969,554.8708190917969,6498.243561018895,False,-0.31014453681265763
E52_eb6c7a0a908a79aaefc7c732,323520.0,2549880.0,200.0,109.2775041132837,23.048070903743703,304.8708190917969,504.8708190917969,6495.302325251254,False,-0.3062122384335595
E52_a574f712a785fbbb9276d47e,323520.0,2549880.0,150.0,109.2775041132837,23.048070903743703,304.8708190917969,454.8708190917969,6492.74481359811,False,-0.30279151412960914
E52_3cdbf73089789d4575843057,323520.0,2549880.0,100.0,109.2775041132837,23.048070903743703,304.8708190917969,404.8708190917969,6490.571479661555,False,-0.29988357620842976
E52_b658865da2b47346ace9a3cb,323520.0,2549880.0,50.0,109.2775041132837,23.048070903743703,304.8708190917969,354.8708190917969,6488.782709467686,False,-0.29748945699975593
E52_c08f64a723b1519a7e8eb966,323640.0,2550360.0,300.0,109.2786198319121,23.052417717110778,271.2668151855469,571.2668151855469,6913.509102140711,False,-0.8481956134530719
E52_d4dd9f6dc1e884ce7e771b2c,323640.0,2550360.0,250.0,109.2786198319121,23.052417717110778,271.2668151855469,521.2668151855469,6910.6259791616485,False,-0.8445726036625985
E52_7afe83d5d352030f74630389,323640.0,2550360.0,200.0,109.2786198319121,23.052417717110778,271.2668151855469,471.2668151855469,6908.103556139365,False,-0.8414016192129168
E52_8d043d5a1ab230f9dda828be,323640.0,2550360.0,150.0,109.2786198319121,23.052417717110778,271.2668151855469,421.2668151855469,6905.942228315176,False,-0.8386836529633968
E52_1ba1a0875d7d212ca9077af2,323640.0,2550360.0,100.0,109.2786198319121,23.052417717110778,271.2668151855469,371.2668151855469,6904.14233480946,False,-0.8364195572776794
E52_01f86d944d19e0edf66df001,323640.0,2550360.0,50.0,109.2786198319121,23.052417717110778,271.2668151855469,321.2668151855469,6902.704158356323,False,-0.8346100431350578
E52_ce174393227c2c5a8cc35785,323520.0,2550360.0,300.0,109.2774489679671,23.05240496206473,301.4519958496094,601.4519958496094,6829.976459738748,False,-0.7426089710452572
E52_446f2365216ca8caf1936c6d,323520.0,2550360.0,250.0,109.2774489679671,23.05240496206473,301.4519958496094,551.4519958496094,6826.836986555376,False,-0.7386154892304688
E52_94c198a981d601f4b646ed6d,323520.0,2550360.0,200.0,109.2774489679671,23.05240496206473,301.4519958496094,501.4519958496094,6824.062429478171,False,-0.7350846600646435
E52_c995de412140325827d9fbea,323520.0,2550360.0,150.0,109.2774489679671,23.05240496206473,301.4519958496094,451.4519958496094,6821.653233771895,False,-0.7320176156156606
E52_5e27a7a3bf297d4f39984aa8,323520.0,2550360.0,100.0,109.2774489679671,23.05240496206473,301.4519958496094,401.4519958496094,6819.609786655363,False,-0.729415340996141
E52_74721f1a4e5e962dfb578cae,323520.0,2550360.0,50.0,109.2774489679671,23.05240496206473,301.4519958496094,351.4519958496094,6817.932416991286,False,-0.7272786733121279
E52_be8723c30074f7b997733c97,323880.0,2550120.0,300.0,109.28098908046339,23.050276168363702,296.9069519042969,596.9069519042969,6928.647515575402,False,-0.8671941906898724
E52_86f0b933ffaead363feef5a9,323880.0,2550120.0,250.0,109.28098908046339,23.050276168363702,296.9069519042969,546.9069519042969,6925.585585342135,False,-0.8633548459459348
E52_14e8cfacc73ec8c79bcc28d5,323880.0,2550120.0,200.0,109.28098908046339,23.050276168363702,296.9069519042969,496.9069519042969,6922.8834313968,False,-0.8599652133123641
E52_59f476d6cdae4f24f0c49631,323880.0,2550120.0,150.0,109.28098908046339,23.050276168363702,296.9069519042969,446.9069519042969,6920.5414751678145,False,-0.8570263490250056
E52_140935ed5b2bde9cb1ff2be8,323880.0,2550120.0,100.0,109.28098908046339,23.050276168363702,296.9069519042969,396.9069519042969,6918.56008243966,False,-0.8545391704155634
E52_16aa05dbc4be9fc1202e2dc2,323880.0,2550120.0,50.0,109.28098908046339,23.050276168363702,296.9069519042969,346.9069519042969,6916.939563068124,False,-0.8525044549600409
E52_c63092e469dbec577d88469a,323760.0,2549880.0,300.0,109.27984576712916,23.04809639983705,317.7547912597656,617.7547912597656,6682.82546475711,True,9.446572789568762
E52_7b32a03b9f516d86f2310840,323760.0,2549880.0,250.0,109.27984576712916,23.04809639983705,317.7547912597656,567.7547912597656,6679.494794764055,False,-0.5490971491817334
E52_1490160edfa9814b9811ff30,323760.0,2549880.0,200.0,109.27984576712916,23.04809639983705,317.7547912597656,517.7547912597656,6676.536919253434,False,-0.545249931502326
E52_f168a6968e5e528202022f41,323760.0,2549880.0,150.0,109.27984576712916,23.04809639983705,317.7547912597656,467.7547912597656,6673.952333889429,False,-0.5418868452383379
E52_db4b2c8149beb80182ef2891,323760.0,2549880.0,100.0,109.27984576712916,23.04809639983705,317.7547912597656,417.7547912597656,6671.741472501926,False,-0.5390090183570777
E52_620ad8137b59434534c166f3,323760.0,2549880.0,50.0,109.27984576712916,23.04809639983705,317.7547912597656,367.7547912597656,6669.9047067237925,False,-0.5366174176915592
E52_a512d41ec92e0518a1666a35,323760.0,2550360.0,300.0,109.2797906966899,23.05243046349314,254.59646606445312,554.5964660644531,6999.005335343005,False,-0.9549513257581452
E52_b6f0a60160f5a1fa64056c85,323760.0,2550360.0,250.0,109.2797906966899,23.05243046349314,254.59646606445312,504.5964660644531,6996.276583837534,False,-0.9515642364714267
E52_41fb14ac68eb46a8a784498f,323760.0,2550360.0,200.0,109.2797906966899,23.05243046349314,254.59646606445312,454.5964660644531,6993.904230896142,False,-0.9486184566703173
E52_8d6225a30d47e99419c238df,323760.0,2550360.0,150.0,109.2797906966899,23.05243046349314,254.59646606445312,404.5964660644531,6991.888639297719,False,-0.9461148865884468
E52_0ff3a9db3faab6519f70890f,323760.0,2550360.0,100.0,109.2797906966899,23.05243046349314,254.59646606445312,354.5964660644531,6990.230117652355,False,-0.9440542924407396
E52_2c465e0302b38b6a8a0e0fb6,323760.0,2550360.0,50.0,109.2797906966899,23.05243046349314,254.59646606445312,304.5964660644531,6988.9289201656375,False,-0.9424373056436082
E52_b677873645e212a13901ede2,323880.0,2550000.0,300.0,109.28100283829768,23.049192651705386,308.689697265625,608.689697265625,6850.982005838581,True,9.230718628911887
E52_5e31724028d5ba08d67c5f86,323880.0,2550000.0,250.0,109.28100283829768,23.049192651705386,308.689697265625,558.689697265625,6847.799316174319,False,-0.7652453198477076
E52_b4a2aeebc44f3fae7364f323,323880.0,2550000.0,200.0,109.28100283829768,23.049192651705386,308.689697265625,508.689697265625,6844.9803874716035,False,-0.7616689964882113
E52_0dfbc02aff5347c7fb3ab6ec,323880.0,2550000.0,150.0,109.28100283829768,23.049192651705386,308.689697265625,458.689697265625,6842.525669308398,False,-0.7585535405098511
E52_6d9c99bda74a762dc38d4785,323880.0,2550000.0,100.0,109.28100283829768,23.049192651705386,308.689697265625,408.689697265625,6840.435553780021,False,-0.7558999463564362
E52_2658f7307408c477bdaf3bc8,323880.0,2550000.0,50.0,109.28100283829768,23.049192651705386,308.689697265625,358.689697265625,6838.710375187065,False,-0.7537090623609544
E52_7c4fd52a37debecf0aa5c0c5,323400.0,2549880.0,300.0,109.27633328761057,23.048058142704257,346.4230651855469,646.4230651855469,6415.948433906216,False,-0.1994421300286433
E52_4c9f48c6e6bc63805986a5b5,323400.0,2549880.0,250.0,109.27633328761057,23.048058142704257,346.4230651855469,596.4230651855469,6412.255609379984,False,-0.1944413571900725
E52_fa2efb443111ad773dc8c26d,323400.0,2549880.0,200.0,109.27633328761057,23.048058142704257,346.4230651855469,546.4230651855469,6408.950748250958,False,-0.18996351651409782
E52_0d1999c7d09829eab8b5d689,323400.0,2549880.0,150.0,109.27633328761057,23.048058142704257,346.4230651855469,496.4230651855469,6406.034450967928,False,-0.1860102326989903
E52_1e90fe133bc73d7ca5e07b6d,323400.0,2549880.0,100.0,109.27633328761057,23.048058142704257,346.4230651855469,446.4230651855469,6403.507248412342,False,-0.18258294337189795
E52_76f370b8f526061182a4e3fb,323400.0,2549880.0,50.0,109.27633328761057,23.048058142704257,346.4230651855469,396.4230651855469,6401.3696014174075,False,-0.17968289735452458
E52_ef43228f97b7bbdbcb4d0f14,323880.0,2550240.0,300.0,109.2809753217975,23.051359684865847,276.47186279296875,576.4718627929688,7006.992320952269,False,-0.9648576651372025
E52_a8a2922d9742aad1edbb0f76,323880.0,2550240.0,250.0,109.2809753217975,23.051359684865847,276.47186279296875,526.4718627929688,7004.11052165832,False,-0.9612846429047011
E52_4658587d2d9d1dc19897ee3e,323880.0,2550240.0,200.0,109.2809753217975,23.051359684865847,276.47186279296875,476.47186279296875,7001.5846073103685,False,-0.9581516583156002
E52_0b31ce8534b00c4423fd526c,323880.0,2550240.0,150.0,109.2809753217975,23.051359684865847,276.47186279296875,426.47186279296875,6999.414963198437,False,-0.9554596663094514
E52_2dedcdf898b553a47f752665,323880.0,2550240.0,100.0,109.2809753217975,23.051359684865847,276.47186279296875,376.47186279296875,6997.601920713045,False,-0.9532094886957623
E52_661eefe55cb2e1c314982541,323880.0,2550240.0,50.0,109.2809753217975,23.051359684865847,276.47186279296875,326.47186279296875,6996.1457570928005,False,-0.9514018133199755
E52_a8dc7a559655e8aa257ceba5,323400.0,2550360.0,300.0,109.27627810485548,23.052392198355033,317.68133544921875,617.6813354492188,6746.692399310234,False,-0.6360430322172022
E52_1905474552cadd85a56a8c51,323400.0,2550360.0,250.0,109.27627810485548,23.052392198355033,317.68133544921875,567.6813354492188,6743.393818943512,False,-0.6317953046437594
E52_6be99afaac3f6ce8183b18b3,323400.0,2550360.0,200.0,109.27627810485548,23.052392198355033,317.68133544921875,517.6813354492188,6740.464528785878,False,-0.628021386115222
E52_190d0a64efe6729e1a9f571f,323400.0,2550360.0,150.0,109.27627810485548,23.052392198355033,317.68133544921875,467.68133544921875,6737.905010481798,False,-0.6247225162158259
E52_874aa2ff1494a807376cd6c1,323400.0,2550360.0,100.0,109.27627810485548,23.052392198355033,317.68133544921875,417.68133544921875,6735.715685562359,False,-0.6218997805565039
E52_2e1e5d467d53a50d6039ffc2,323400.0,2550360.0,50.0,109.27627810485548,23.052392198355033,317.68133544921875,367.68133544921875,6733.896915099449,False,-0.619554109588492
E52_d5d0e7e4948d5ab6d7c7dadc,323280.0,2550120.0,300.0,109.27513485434343,23.050212399804806,336.63763427734375,636.6376342773438,6493.910305942202,False,-0.3043505511270155
E52_90e2d6d67d63284161ba8c49,323280.0,2550120.0,250.0,109.27513485434343,23.050212399804806,336.63763427734375,586.6376342773438,6490.337225306141,False,-0.29957008390603335
E52_1238d2cf779ea2bb3be0508e,323280.0,2550120.0,200.0,109.27513485434343,23.050212399804806,336.63763427734375,536.6376342773438,6487.147565360825,False,-0.295300375981455
E52_9ffacf76c12bbdd6c5d89f22,323280.0,2550120.0,150.0,109.27513485434343,23.050212399804806,336.63763427734375,486.63763427734375,6484.341891922352,False,-0.29154294005903125
E52_a3273ddb40a6954e5bc7fc7b,323280.0,2550120.0,100.0,109.27513485434343,23.050212399804806,336.63763427734375,436.63763427734375,6481.92070361181,False,-0.28829911022791066
E52_ef7a1074f5573378bf42b8c4,323280.0,2550120.0,50.0,109.27513485434343,23.050212399804806,336.63763427734375,386.63763427734375,6479.884431414165,False,-0.28557004038879086
E52_2adccb4b3e9577e14e29a3f9,323280.0,2550000.0,300.0,109.27514865897457,23.049128886482006,322.8714904785156,622.8714904785156,6409.108551948712,False,-0.19017738126089512
E52_03e7804401bf3b15be5d95e3,323280.0,2550000.0,250.0,109.27514865897457,23.049128886482006,322.8714904785156,572.8714904785156,6405.595622704752,False,-0.18541520867104566
E52_a477aec26e2dcc24e6d55952,323280.0,2550000.0,200.0,109.27514865897457,23.049128886482006,322.8714904785156,522.8714904785156,6402.471251990627,False,-0.18117757624531805
E52_63d4e219c7bda9aab48bc7b4,323280.0,2550000.0,150.0,109.27514865897457,23.049128886482006,322.8714904785156,472.8714904785156,6399.736008892755,False,-0.1774660256417775
E52_b6d4679ca51542e3146152b9,323280.0,2550000.0,100.0,109.27514865897457,23.049128886482006,322.8714904785156,422.8714904785156,6397.39039253278,False,-0.17428191001690152
E52_62a64febba290b250066afb9,323280.0,2550000.0,50.0,109.27514865897457,23.049128886482006,322.8714904785156,372.8714904785156,6395.4348316140995,False,-0.17162639238809163
E52_d30c2b75c92a28f99cefa5f6,323280.0,2550240.0,300.0,109.27512104887786,23.051295912971376,322.8653869628906,622.8653869628906,6577.789884337161,False,-0.41582476647964484
E52_2cdf51a1fb1fdeda944e6917,323280.0,2550240.0,250.0,109.27512104887786,23.051295912971376,322.8653869628906,572.8653869628906,6574.367134849711,False,-0.4113038920809373
E52_cc7aaf3bfd990c34904ffce5,323280.0,2550240.0,200.0,109.27512104887786,23.051295912971376,322.8653869628906,522.8653869628906,6571.323054385297,False,-0.4072811976380848
E52_900b7330f2cf6911fc1f3057,323280.0,2550240.0,150.0,109.27512104887786,23.051295912971376,322.8653869628906,472.8653869628906,6568.658169398026,False,-0.403758072784143
E52_838553f281e3454bea9c5142,323280.0,2550240.0,100.0,109.27512104887786,23.051295912971376,322.8653869628906,422.8653869628906,6566.372941563945,False,-0.4007357370473983
E52_e392cb8c1e584233d3cbcaff,323280.0,2550240.0,50.0,109.27512104887786,23.051295912971376,322.8653869628906,372.8653869628906,6564.467767382733,False,-0.39821523844989315
E52_ccbee1ae11be2ab27197ec1f,323640.0,2549760.0,300.0,109.27868871467778,23.04700014048346,295.1930236816406,595.1930236816406,6512.512298195251,True,9.670804037210758
E52_9a590714b2b66acf5d99b3da,323640.0,2549760.0,250.0,109.27868871467778,23.04700014048346,295.1930236816406,545.1930236816406,6509.267787683668,False,-0.32486760512531987
E52_174a3a506ae269e2f1377c05,323640.0,2549760.0,200.0,109.27868871467778,23.04700014048346,295.1930236816406,495.1930236816406,6506.405907212373,False,-0.32104790605873745
E52_4a7e0e34062823fc861015f9,323640.0,2549760.0,150.0,109.27868871467778,23.04700014048346,295.1930236816406,445.1930236816406,6503.927161879959,False,-0.31773821236460265
E52_ac75465bb00594d0b6dc59f8,323640.0,2549760.0,100.0,109.27868871467778,23.04700014048346,295.1930236816406,395.1930236816406,6501.831989883446,False,-0.3149396932348054
E52_2143eef0fbc9423c07b24c13,323640.0,2549760.0,50.0,109.27868871467778,23.04700014048346,295.1930236816406,345.1930236816406,6500.120762132314,False,-0.312653338906145
E52_4513f74e4ba51c209cccc792,323520.0,2549760.0,300.0,109.27751789752963,23.04698738877293,313.8280029296875,613.8280029296875,6423.031219868683,True,9.790974506635663
E52_84fa3521b9fb5ef47572f2fc,323520.0,2549760.0,250.0,109.27751789752963,23.04698738877293,313.8280029296875,563.8280029296875,6419.596346431356,False,-0.2043792584478865
E52_0bf6bc5910df32984272e7c9,323520.0,2549760.0,200.0,109.27751789752963,23.04698738877293,313.8280029296875,513.8280029296875,6416.549263492166,False,-0.2002554930389806
E52_7fb7f7149aba9a0a2c2698bb,323520.0,2549760.0,150.0,109.27751789752963,23.04698738877293,313.8280029296875,463.8280029296875,6413.890523740554,False,-0.1966556911970514
E52_0c63b6a6ae0863e5d0dc2d9b,323520.0,2549760.0,100.0,109.27751789752963,23.04698738877293,313.8280029296875,413.8280029296875,6411.620610285353,False,-0.19358115985718882
E52_c3d6fd7e5d3fdf5e298c1163,323520.0,2549760.0,50.0,109.27751789752963,23.04698738877293,313.8280029296875,363.8280029296875,6409.739936217611,False,-0.1910330172547674
E52_73baeb5c76c251d92424dc6e,323880.0,2549880.0,300.0,109.28101659530037,23.048109134890897,316.611572265625,616.611572265625,6774.303981947704,True,9.328481550713335
E52_ac16fb110499c66c0400015a,323880.0,2549880.0,250.0,109.28101659530037,23.048109134890897,316.611572265625,566.611572265625,6771.026752465682,False,-0.6673154283766536
E52_3dfe5742879b3f0ff2d1543a,323880.0,2549880.0,200.0,109.28101659530037,23.048109134890897,316.611572265625,516.611572265625,6768.117325030603,False,-0.6635824056899366
E52_d3701a2c7e8149ed6e030c95,323880.0,2549880.0,150.0,109.28101659530037,23.048109134890897,316.611572265625,466.611572265625,6765.576174144582,False,-0.6603205974613928
E52_a3d03a04b0dfb63184b116c8,323880.0,2549880.0,100.0,109.28101659530037,23.048109134890897,316.611572265625,416.611572265625,6763.403714915018,False,-0.6575310684018234
E52_a59d78f7f37b10076d7afa11,323880.0,2549880.0,50.0,109.28101659530037,23.048109134890897,316.611572265625,366.611572265625,6761.600302716784,False,-0.6552147305437188
E52_3870f3ccb877db11500dab0c,323640.0,2550480.0,300.0,109.27860605286065,23.053501231967623,307.9051818847656,607.9051818847656,6999.736754621611,False,-0.9558589826173289
E52_bddf4f85e21a608075360acc,323640.0,2550480.0,250.0,109.27860605286065,23.053501231967623,307.9051818847656,557.9051818847656,6996.62733864054,False,-0.951999688258482
E52_4d0ccf75e8f13d0f8b9b6d78,323640.0,2550480.0,200.0,109.27860605286065,23.053501231967623,307.9051818847656,507.9051818847656,6993.8740049863445,False,-0.9485809183404541
E52_92ec2d907595784feb6e3e33,323640.0,2550480.0,150.0,109.27860605286065,23.053501231967623,307.9051818847656,457.9051818847656,6991.477174348441,False,-0.945603716504209
E52_628752c8e8be81b8692b0509,323640.0,2550480.0,100.0,109.27860605286065,23.053501231967623,307.9051818847656,407.9051818847656,6989.437213484844,False,-0.9430689931575955
E52_0fed036eb44de9c8950437be,323640.0,2550480.0,50.0,109.27860605286065,23.053501231967623,307.9051818847656,357.9051818847656,6987.75443494248,False,-0.9409775245503766
E52_93a7450aaadf55ae50b020d6,323880.0,2550360.0,300.0,109.28096156229995,23.052443201211798,266.70562744140625,566.7056274414062,7087.184797752896,False,-1.0636999762636208
E52_7e68fc34b5063374488b902b,323880.0,2550360.0,250.0,109.28096156229995,23.052443201211798,266.70562744140625,516.7056274414062,7084.404547649408,False,-1.0602918975666853
E52_325702b1540ef3060eb7a902,323880.0,2550360.0,200.0,109.28096156229995,23.052443201211798,266.70562744140625,466.70562744140625,7081.97622362653,False,-1.0573141215185444
E52_87a6876b1f126afc88b5be6a,323880.0,2550360.0,150.0,109.28096156229995,23.052443201211798,266.70562744140625,416.70562744140625,7079.900187804016,False,-1.0547675355091428
E52_2ebdff50cc265cbc0b583f99,323880.0,2550360.0,100.0,109.28096156229995,23.052443201211798,266.70562744140625,366.70562744140625,7078.176750161245,False,-1.0526528995592486
E52_a8d5faeb55707f06135b288c,323880.0,2550360.0,50.0,109.28096156229995,23.052443201211798,266.70562744140625,316.70562744140625,7076.806168306368,False,-1.0509708455663684
E52_c2ad6b0e56ccc2cdd55a22fd,323520.0,2550480.0,300.0,109.27743517955459,23.053488476254444,303.39892578125,603.39892578125,6915.032584443634,False,-0.8501094521646593
E52_050649ab37294d9c20ba963f,323520.0,2550480.0,250.0,109.27743517955459,23.053488476254444,303.39892578125,553.39892578125,6911.917660920091,False,-0.8461959525231464
E52_538c21c1101c98f26ec9e210,323520.0,2550480.0,200.0,109.27743517955459,23.053488476254444,303.39892578125,503.39892578125,6909.163180788318,False,-0.8427338338906623
E52_3b7de06238f28b6eaf93dc5c,323520.0,2550480.0,150.0,109.27743517955459,23.053488476254444,303.39892578125,453.39892578125,6906.76957529226,False,-0.8397241792041683
E52_7915732002d2750162cb2f57,323520.0,2550480.0,100.0,109.27743517955459,23.053488476254444,303.39892578125,403.39892578125,6904.737219735788,False,-0.837167931510379
E52_e29681c2c1f122f02fca74f8,323520.0,2550480.0,50.0,109.27743517955459,23.053488476254444,303.39892578125,353.39892578125,6903.066433189425,False,-0.8350658929840336
E52_c43527fb0d56fc03ee1b0eeb,323640.0,2545200.0,300.0,109.27921154367847,23.005826430566767,447.34051513671875,747.3405151367188,,,
E52_e6bf186f0577f34cc8dd25b1,323640.0,2545200.0,250.0,109.27921154367847,23.005826430566767,447.34051513671875,697.3405151367188,,,
E52_7c7cd9a69eda4995688d9231,323640.0,2545200.0,200.0,109.27921154367847,23.005826430566767,447.34051513671875,647.3405151367188,,,
E52_62910544ea51e7a1c741660b,323640.0,2545200.0,150.0,109.27921154367847,23.005826430566767,447.34051513671875,597.3405151367188,,,
E52_931bb57c0f6f8b0815d18c04,323640.0,2545200.0,100.0,109.27921154367847,23.005826430566767,447.34051513671875,547.3405151367188,,,
E52_d5afc2fcef89f648cd6e1b66,323640.0,2545200.0,50.0,109.27921154367847,23.005826430566767,447.34051513671875,497.34051513671875,,,
E52_2cedbc1139fb10473be04c13,323520.0,2545200.0,300.0,109.27804108172462,23.00581370419774,470.1589050292969,770.1589050292969,,,
E52_ca33a83f2c385d90f1438c1e,323520.0,2545200.0,250.0,109.27804108172462,23.00581370419774,470.1589050292969,720.1589050292969,,,
E52_198a63b3c9b2470a7a272c25,323520.0,2545200.0,200.0,109.27804108172462,23.00581370419774,470.1589050292969,670.1589050292969,,,
E52_20ed4f5b5db23a9b1150f74c,323520.0,2545200.0,150.0,109.27804108172462,23.00581370419774,470.1589050292969,620.1589050292969,,,
E52_caf1df67f103614595c98c27,323520.0,2545200.0,100.0,109.27804108172462,23.00581370419774,470.1589050292969,570.1589050292969,,,
E52_31193f33b5777b41afc5994a,323520.0,2545200.0,50.0,109.27804108172462,23.00581370419774,470.1589050292969,520.1589050292969,,,
E52_09145ba0de84f41c7e8b0695,323640.0,2545080.0,300.0,109.27922528611431,23.004742908842122,425.15576171875,725.15576171875,,,
E52_c113974fa02ff98eb4b069b0,323640.0,2545080.0,250.0,109.27922528611431,23.004742908842122,425.15576171875,675.15576171875,,,
E52_3c42f829d32f8fac7c9866f8,323640.0,2545080.0,200.0,109.27922528611431,23.004742908842122,425.15576171875,625.15576171875,,,
E52_ffe956df87f0c8bf6c7c1960,323640.0,2545080.0,150.0,109.27922528611431,23.004742908842122,425.15576171875,575.15576171875,,,
E52_3bf13b2a5e65db0f16049c3a,323640.0,2545080.0,100.0,109.27922528611431,23.004742908842122,425.15576171875,525.15576171875,,,
E52_c8a0a257f4e66ba5bb42957a,323640.0,2545080.0,50.0,109.27922528611431,23.004742908842122,425.15576171875,475.15576171875,,,
E52_f032b83748a9a636ac8fa6f9,323520.0,2545080.0,300.0,109.27805483349665,23.004730183139774,482.5122985839844,782.5122985839844,,,
E52_e1c71bbf3287d9a30744c8c9,323520.0,2545080.0,250.0,109.27805483349665,23.004730183139774,482.5122985839844,732.5122985839844,,,
E52_7bba5b58c8442b2ebdf1beab,323520.0,2545080.0,200.0,109.27805483349665,23.004730183139774,482.5122985839844,682.5122985839844,,,
E52_3a805b6439038f61ee1a1583,323520.0,2545080.0,150.0,109.27805483349665,23.004730183139774,482.5122985839844,632.5122985839844,,,
E52_cb2310c8524f11093bd526bc,323520.0,2545080.0,100.0,109.27805483349665,23.004730183139774,482.5122985839844,582.5122985839844,,,
E52_b65db415216f381651ee8e70,323520.0,2545080.0,50.0,109.27805483349665,23.004730183139774,482.5122985839844,532.5122985839844,,,
E52_bd8dbf5332c7f17def69e88b,323640.0,2545320.0,300.0,109.2791978004111,23.006909952135448,454.82562255859375,754.8256225585938,,,
E52_b81e08dbb2f934794f56d78e,323640.0,2545320.0,250.0,109.2791978004111,23.006909952135448,454.82562255859375,704.8256225585938,,,
E52_f086844678b56b2893bb3a38,323640.0,2545320.0,200.0,109.2791978004111,23.006909952135448,454.82562255859375,654.8256225585938,,,
E52_b48fa3810941c5ed1c6ba217,323640.0,2545320.0,150.0,109.2791978004111,23.006909952135448,454.82562255859375,604.8256225585938,,,
E52_5bc4975eb002faf698d3579a,323640.0,2545320.0,100.0,109.2791978004111,23.006909952135448,454.82562255859375,554.8256225585938,,,
E52_4cac611c34c06be7b26348e1,323640.0,2545320.0,50.0,109.2791978004111,23.006909952135448,454.82562255859375,504.82562255859375,,,
E52_028a8ae5c77f45b0918cd71f,323760.0,2545200.0,300.0,109.28038200646387,23.005839148291585,407.95367431640625,707.9536743164062,,,
E52_35a8665ef79faa3ca4e5a68b,323760.0,2545200.0,250.0,109.28038200646387,23.005839148291585,407.95367431640625,657.9536743164062,,,
E52_fbddf8a75d2dbb5b9efc25ba,323760.0,2545200.0,200.0,109.28038200646387,23.005839148291585,407.95367431640625,607.9536743164062,,,
E52_551913eda51ad793aeefe775,323760.0,2545200.0,150.0,109.28038200646387,23.005839148291585,407.95367431640625,557.9536743164062,,,
E52_d074a48b7b3aaeb1a7f24f60,323760.0,2545200.0,100.0,109.28038200646387,23.005839148291585,407.95367431640625,507.95367431640625,,,
E52_a5a04588699bdc62205690d9,323760.0,2545200.0,50.0,109.28038200646387,23.005839148291585,407.95367431640625,457.95367431640625,,,
E52_b22a0989d2bcc0cef46ba461,323520.0,2545320.0,300.0,109.27802732912049,23.006897225099728,490.0768127441406,790.0768127441406,,,
E52_c85a87c26a78accab29b8b24,323520.0,2545320.0,250.0,109.27802732912049,23.006897225099728,490.0768127441406,740.0768127441406,,,
E52_f69ca31b1c703473fab83875,323520.0,2545320.0,200.0,109.27802732912049,23.006897225099728,490.0768127441406,690.0768127441406,,,
E52_ea48acf95d0e0d1d0cb944c8,323520.0,2545320.0,150.0,109.27802732912049,23.006897225099728,490.0768127441406,640.0768127441406,,,
E52_b70747e559b0ea29e2442d94,323520.0,2545320.0,100.0,109.27802732912049,23.006897225099728,490.0768127441406,590.0768127441406,,,
E52_8d7aa5e7fdfc6aa38d2253c9,323520.0,2545320.0,50.0,109.27802732912049,23.006897225099728,490.0768127441406,540.0768127441406,,,
E52_3b0fae5c959ad9b6058a534e,323760.0,2545080.0,300.0,109.28039573956347,23.00475562590071,399.724853515625,699.724853515625,,,
E52_51c7a9a5966839ee7c8cd4ec,323760.0,2545080.0,250.0,109.28039573956347,23.00475562590071,399.724853515625,649.724853515625,,,
E52_2206dbf870d4fc2cbb546f45,323760.0,2545080.0,200.0,109.28039573956347,23.00475562590071,399.724853515625,599.724853515625,,,
E52_cc5f5a70bdadbd1a650a83f6,323760.0,2545080.0,150.0,109.28039573956347,23.00475562590071,399.724853515625,549.724853515625,,,
E52_f0b38bde0b25131ae87ac9e6,323760.0,2545080.0,100.0,109.28039573956347,23.00475562590071,399.724853515625,499.724853515625,,,
E52_f2eb0e6a3784938697ec0ba4,323760.0,2545080.0,50.0,109.28039573956347,23.00475562590071,399.724853515625,449.724853515625,,,
E52_7a2fbc0af4b5ca24e25b849f,323400.0,2545200.0,300.0,109.27687062060286,23.005800969184538,519.7205810546875,819.7205810546875,,,
E52_3a4cec1ff8b6a9d42b153e6f,323400.0,2545200.0,250.0,109.27687062060286,23.005800969184538,519.7205810546875,769.7205810546875,,,
E52_55493a1f1324b499281e22b4,323400.0,2545200.0,200.0,109.27687062060286,23.005800969184538,519.7205810546875,719.7205810546875,,,
E52_6a09d7e99d4b31f4315b6351,323400.0,2545200.0,150.0,109.27687062060286,23.005800969184538,519.7205810546875,669.7205810546875,,,
E52_9821991e645ac99e3f633f02,323400.0,2545200.0,100.0,109.27687062060286,23.005800969184538,519.7205810546875,619.7205810546875,,,
E52_7ccd1e182a1b2540fd645bfb,323400.0,2545200.0,50.0,109.27687062060286,23.005800969184538,519.7205810546875,569.7205810546875,4746.033596941498,False,2.4191590009326376
E52_e12ef6f1b225f23277bd72f5,323640.0,2544960.0,300.0,109.27923902771863,23.003659386961523,443.686767578125,743.686767578125,,,
E52_c5d6f18774392b263455d6cb,323640.0,2544960.0,250.0,109.27923902771863,23.003659386961523,443.686767578125,693.686767578125,,,
E52_b16a4af52d61dc30835035b9,323640.0,2544960.0,200.0,109.27923902771863,23.003659386961523,443.686767578125,643.686767578125,,,
E52_9963d2a0f65ad3341e3a1be4,323640.0,2544960.0,150.0,109.27923902771863,23.003659386961523,443.686767578125,593.686767578125,,,
E52_240e43af4354f7c4846314e8,323640.0,2544960.0,100.0,109.27923902771863,23.003659386961523,443.686767578125,543.686767578125,,,
E52_289c0e679c884272c82883f5,323640.0,2544960.0,50.0,109.27923902771863,23.003659386961523,443.686767578125,493.686767578125,,,
E52_1f66dc480bdb7ff3376d6143,323400.0,2545080.0,300.0,109.27688438171107,23.004717448793702,546.0780639648438,846.0780639648438,,,
E52_d452a356a28ba4ce2b79a1ad,323400.0,2545080.0,250.0,109.27688438171107,23.004717448793702,546.0780639648438,796.0780639648438,,,
E52_cf33ded5d8ce8ca2df5e3ea6,323400.0,2545080.0,200.0,109.27688438171107,23.004717448793702,546.0780639648438,746.0780639648438,,,
E52_8fbe71a613ee66f8438cee07,323400.0,2545080.0,150.0,109.27688438171107,23.004717448793702,546.0780639648438,696.0780639648438,,,
E52_4d2fc88ca6a3e69addc1e565,323400.0,2545080.0,100.0,109.27688438171107,23.004717448793702,546.0780639648438,646.0780639648438,,,
E52_86220f92d192ac8540379e4b,323400.0,2545080.0,50.0,109.27688438171107,23.004717448793702,546.0780639648438,596.0780639648438,,,
E52_aaf5b885b1a568a59180bbcc,323520.0,2544960.0,300.0,109.27806858443662,23.00364666192585,501.7706298828125,801.7706298828125,,,
E52_b56c069074ff927854e1fcbd,323520.0,2544960.0,250.0,109.27806858443662,23.00364666192585,501.7706298828125,751.7706298828125,,,
E52_17af304e16ead493011735ad,323520.0,2544960.0,200.0,109.27806858443662,23.00364666192585,501.7706298828125,701.7706298828125,,,
E52_48686742a840b1b7be5763b9,323520.0,2544960.0,150.0,109.27806858443662,23.00364666192585,501.7706298828125,651.7706298828125,,,
E52_0d1d35af197f50f37a6be909,323520.0,2544960.0,100.0,109.27806858443662,23.00364666192585,501.7706298828125,601.7706298828125,,,
E52_57faa6c874a04adeefa9988b,323520.0,2544960.0,50.0,109.27806858443662,23.00364666192585,501.7706298828125,551.7706298828125,,,
E52_913371164fb92054a1ec5600,323760.0,2545320.0,300.0,109.2803682725333,23.006922670526507,430.70220947265625,730.7022094726562,,,
E52_3aee16609eefd4018d7ad58e,323760.0,2545320.0,250.0,109.2803682725333,23.006922670526507,430.70220947265625,680.7022094726562,,,
E52_43b2770bdfd65741004d524d,323760.0,2545320.0,200.0,109.2803682725333,23.006922670526507,430.70220947265625,630.7022094726562,,,
E52_16d3beadf0fdec2d25bd9969,323760.0,2545320.0,150.0,109.2803682725333,23.006922670526507,430.70220947265625,580.7022094726562,,,
E52_ee6fa8dff93ce0f4868a833b,323760.0,2545320.0,100.0,109.2803682725333,23.006922670526507,430.70220947265625,530.7022094726562,,,
E52_24a32d6a27dffb164265c3ef,323760.0,2545320.0,50.0,109.2803682725333,23.006922670526507,430.70220947265625,480.70220947265625,,,
E52_76659288b7ea5583e707d889,323400.0,2545320.0,300.0,109.27685685866199,23.006884489419384,530.8557739257812,830.8557739257812,,,
E52_52c2f4f117cf2236048fecbf,323400.0,2545320.0,250.0,109.27685685866199,23.006884489419384,530.8557739257812,780.8557739257812,,,
E52_4c13751b372abdcd00db710b,323400.0,2545320.0,200.0,109.27685685866199,23.006884489419384,530.8557739257812,730.8557739257812,,,
E52_0cb3b48901da820c37b2ebb0,323400.0,2545320.0,150.0,109.27685685866199,23.006884489419384,530.8557739257812,680.8557739257812,,,
E52_d47e56692028ef0eda8de2d4,323400.0,2545320.0,100.0,109.27685685866199,23.006884489419384,530.8557739257812,630.8557739257812,,,
E52_6fa0c3a5bd3741b93e935cf4,323400.0,2545320.0,50.0,109.27685685866199,23.006884489419384,530.8557739257812,580.8557739257812,,,
E52_cb893c7990c2318ac1752cd3,323760.0,2544960.0,300.0,109.28040947183213,23.003672103353892,398.40826416015625,698.4082641601562,,,
E52_e40767645fb942d1be59004d,323760.0,2544960.0,250.0,109.28040947183213,23.003672103353892,398.40826416015625,648.4082641601562,,,
E52_fca9ea0c54624db65dad83da,323760.0,2544960.0,200.0,109.28040947183213,23.003672103353892,398.40826416015625,598.4082641601562,,,
E52_2043640f81d3c5666c969b33,323760.0,2544960.0,150.0,109.28040947183213,23.003672103353892,398.40826416015625,548.4082641601562,,,
E52_d1b499439f9574af67f8b56e,323760.0,2544960.0,100.0,109.28040947183213,23.003672103353892,398.40826416015625,498.40826416015625,,,
E52_ffe2e0621b84a20db57be6a8,323760.0,2544960.0,50.0,109.28040947183213,23.003672103353892,398.40826416015625,448.40826416015625,,,
E52_8f817acb8223a45928fe74a7,323640.0,2545440.0,300.0,109.27918405631216,23.007993473548172,483.0296630859375,783.0296630859375,,,
E52_267c7392dd80d9b5a5f457cb,323640.0,2545440.0,250.0,109.27918405631216,23.007993473548172,483.0296630859375,733.0296630859375,,,
E52_097f2a1ed4a4805903f6cc23,323640.0,2545440.0,200.0,109.27918405631216,23.007993473548172,483.0296630859375,683.0296630859375,,,
E52_3235269c136d8c29c5e5c9f2,323640.0,2545440.0,150.0,109.27918405631216,23.007993473548172,483.0296630859375,633.0296630859375,,,
E52_09744be3b7491d1f7535e291,323640.0,2545440.0,100.0,109.27918405631216,23.007993473548172,483.0296630859375,583.0296630859375,,,
E52_57737f03bf7bb13dd211d886,323640.0,2545440.0,50.0,109.27918405631216,23.007993473548172,483.0296630859375,533.0296630859375,,,
E52_a8f0029718809bb62b86707f,323400.0,2544960.0,300.0,109.27689814198665,23.003633928246895,529.9876708984375,829.9876708984375,,,
E52_d4e865c5389f9364c5b44095,323400.0,2544960.0,250.0,109.27689814198665,23.003633928246895,529.9876708984375,779.9876708984375,,,
E52_e4d522ddbf1e2d9139745077,323400.0,2544960.0,200.0,109.27689814198665,23.003633928246895,529.9876708984375,729.9876708984375,,,
E52_c56d16a7d7a85ee988750932,323400.0,2544960.0,150.0,109.27689814198665,23.003633928246895,529.9876708984375,679.9876708984375,,,
E52_5c7d378ba2bc5bd3f52c1832,323400.0,2544960.0,100.0,109.27689814198665,23.003633928246895,529.9876708984375,629.9876708984375,,,
E52_59098c45504a72a527e5779e,323400.0,2544960.0,50.0,109.27689814198665,23.003633928246895,529.9876708984375,579.9876708984375,,,
E52_f6ce7a7424de224eee68adc2,323520.0,2545440.0,300.0,109.27801357568421,23.007980745845757,540.0693969726562,840.0693969726562,,,
E52_7d48ca48514439e7b167ddfc,323520.0,2545440.0,250.0,109.27801357568421,23.007980745845757,540.0693969726562,790.0693969726562,,,
E52_a845799b7a843b017794e7ec,323520.0,2545440.0,200.0,109.27801357568421,23.007980745845757,540.0693969726562,740.0693969726562,,,
E52_44c8eefccf2256cb81d4c80f,323520.0,2545440.0,150.0,109.27801357568421,23.007980745845757,540.0693969726562,690.0693969726562,,,
E52_072125b2768a40a32f16f881,323520.0,2545440.0,100.0,109.27801357568421,23.007980745845757,540.0693969726562,640.0693969726562,,,
E52_99be40aa84410bd35ef8a288,323520.0,2545440.0,50.0,109.27801357568421,23.007980745845757,540.0693969726562,590.0693969726562,,,
E52_e73db472ca2c967a292c7d1a,323880.0,2545200.0,300.0,109.28155247008023,23.005851857372168,397.2638244628906,697.2638244628906,,,
E52_e2e5f78af827d88a00c389f7,323880.0,2545200.0,250.0,109.28155247008023,23.005851857372168,397.2638244628906,647.2638244628906,,,
E52_e3ff42d7ba4fef43274d6e8e,323880.0,2545200.0,200.0,109.28155247008023,23.005851857372168,397.2638244628906,597.2638244628906,,,
E52_871c403c508ae0d3401ab154,323880.0,2545200.0,150.0,109.28155247008023,23.005851857372168,397.2638244628906,547.2638244628906,,,
E52_15abeb009089c2544798e3e6,323880.0,2545200.0,100.0,109.28155247008023,23.005851857372168,397.2638244628906,497.2638244628906,,,
E52_0344cb1f9db6eb775d5121c4,323880.0,2545200.0,50.0,109.28155247008023,23.005851857372168,397.2638244628906,447.2638244628906,,,
E52_2d3e656b2697ef3bfd9a2d14,323880.0,2545080.0,300.0,109.28156619384356,23.004768334315518,365.17236328125,665.17236328125,,,
E52_1f07edd7eb1dfcda82d7837d,323880.0,2545080.0,250.0,109.28156619384356,23.004768334315518,365.17236328125,615.17236328125,,,
E52_f9212c3af097045cf4c5e6f5,323880.0,2545080.0,200.0,109.28156619384356,23.004768334315518,365.17236328125,565.17236328125,,,
E52_ac97d5a15c65f700488e6c5b,323880.0,2545080.0,150.0,109.28156619384356,23.004768334315518,365.17236328125,515.17236328125,,,
E52_057c783d89ea96ef4ac38bb0,323880.0,2545080.0,100.0,109.28156619384356,23.004768334315518,365.17236328125,465.17236328125,,,
E52_928897c58ab324fea0c4e2a6,323880.0,2545080.0,50.0,109.28156619384356,23.004768334315518,365.17236328125,415.17236328125,5222.431923721384,False,1.5883194156787255
E52_7e4744117cf2a1b6b8665ab3,323280.0,2545200.0,300.0,109.27570016031378,23.005788225527173,498.3155517578125,798.3155517578125,,,
E52_9e6dc86528a1fe6a1be0ecd8,323280.0,2545200.0,250.0,109.27570016031378,23.005788225527173,498.3155517578125,748.3155517578125,,,
E52_efa6690d6e08d6bf5d48cdc0,323280.0,2545200.0,200.0,109.27570016031378,23.005788225527173,498.3155517578125,698.3155517578125,,,
E52_20c75ca88cff56663981219f,323280.0,2545200.0,150.0,109.27570016031378,23.005788225527173,498.3155517578125,648.3155517578125,,,
E52_320caabcce0e11df717fe0d3,323280.0,2545200.0,100.0,109.27570016031378,23.005788225527173,498.3155517578125,598.3155517578125,,,
E52_f50b7332aa634832f84e0402,323280.0,2545200.0,50.0,109.27570016031378,23.005788225527173,498.3155517578125,548.3155517578125,,,
E52_0a3f64cc9bfd1bc72046725c,323760.0,2545440.0,300.0,109.28035453777171,23.008006192605475,447.2234802246094,747.2234802246094,,,
E52_2f1784b0c168b3b6b8954781,323760.0,2545440.0,250.0,109.28035453777171,23.008006192605475,447.2234802246094,697.2234802246094,,,
E52_35fc6d321fbf8bdcbaaadcd6,323760.0,2545440.0,200.0,109.28035453777171,23.008006192605475,447.2234802246094,647.2234802246094,,,
E52_f345a1acf6cbb515a7324651,323760.0,2545440.0,150.0,109.28035453777171,23.008006192605475,447.2234802246094,597.2234802246094,,,
E52_b5b6fc54d219af7bd8b6f097,323760.0,2545440.0,100.0,109.28035453777171,23.008006192605475,447.2234802246094,547.2234802246094,,,
E52_fc789a7de62cb1b94974497d,323760.0,2545440.0,50.0,109.28035453777171,23.008006192605475,447.2234802246094,497.2234802246094,,,
E52_1b0cb2fb1be70267aae48539,323880.0,2545320.0,300.0,109.28153874548649,23.00693538027287,392.07403564453125,692.0740356445312,,,
E52_528c9e555a3fcdfbffa4896f,323880.0,2545320.0,250.0,109.28153874548649,23.00693538027287,392.07403564453125,642.0740356445312,,,
E52_89d84d5fdcd008d025a501f6,323880.0,2545320.0,200.0,109.28153874548649,23.00693538027287,392.07403564453125,592.0740356445312,,,
E52_e3e6eb5577b59ee079740eb7,323880.0,2545320.0,150.0,109.28153874548649,23.00693538027287,392.07403564453125,542.0740356445312,,,
E52_d5e4f11925adb92b214b0a82,323880.0,2545320.0,100.0,109.28153874548649,23.00693538027287,392.07403564453125,492.07403564453125,,,
E52_517f7ea15253cff999cd1f7c,323880.0,2545320.0,50.0,109.28153874548649,23.00693538027287,392.07403564453125,442.07403564453125,,,
E52_fb97bb829fc82a7376005525,323280.0,2545080.0,300.0,109.27571393075813,23.004704705803928,532.08837890625,832.08837890625,,,
E52_b2b38b097f45219b7f70b720,323280.0,2545080.0,250.0,109.27571393075813,23.004704705803928,532.08837890625,782.08837890625,,,
E52_9b3b9c001437bcc9155880fd,323280.0,2545080.0,200.0,109.27571393075813,23.004704705803928,532.08837890625,732.08837890625,,,
E52_95369a4d2e06533740ff9689,323280.0,2545080.0,150.0,109.27571393075813,23.004704705803928,532.08837890625,682.08837890625,,,
E52_b8cd1b06e847e1a6d60321ac,323280.0,2545080.0,100.0,109.27571393075813,23.004704705803928,532.08837890625,632.08837890625,,,
E52_463d7d032044e907edf98199,323280.0,2545080.0,50.0,109.27571393075813,23.004704705803928,532.08837890625,582.08837890625,,,
E52_3cb019ca2407b27b5695afaf,323640.0,2544840.0,300.0,109.27925276849147,23.002575864924978,467.1640930175781,767.1640930175781,,,
E52_a207f7d69120da38efc60249,323640.0,2544840.0,250.0,109.27925276849147,23.002575864924978,467.1640930175781,717.1640930175781,,,
E52_d680e541d521b279ba846ec9,323640.0,2544840.0,200.0,109.27925276849147,23.002575864924978,467.1640930175781,667.1640930175781,,,
E52_cbe7055065b25d423125c041,323640.0,2544840.0,150.0,109.27925276849147,23.002575864924978,467.1640930175781,617.1640930175781,,,
E52_af032b88a57991322f5e3668,323640.0,2544840.0,100.0,109.27925276849147,23.002575864924978,467.1640930175781,567.1640930175781,,,
E52_dbfe14f3d8127040f1dea89a,323640.0,2544840.0,50.0,109.27925276849147,23.002575864924978,467.1640930175781,517.1640930175781,,,
E52_d3697a8ad67e45ef865402c9,323520.0,2544840.0,300.0,109.27808233454454,23.002563140555964,482.6969909667969,782.6969909667969,,,
E52_30d8fce3653595f3865f7556,323520.0,2544840.0,250.0,109.27808233454454,23.002563140555964,482.6969909667969,732.6969909667969,,,
E52_d2d5df4cf35fb930d34c0332,323520.0,2544840.0,200.0,109.27808233454454,23.002563140555964,482.6969909667969,682.6969909667969,,,
E52_dc915cb55f863b097d88a190,323520.0,2544840.0,150.0,109.27808233454454,23.002563140555964,482.6969909667969,632.6969909667969,,,
E52_66e55b9bc1002ca7c0e2712d,323520.0,2544840.0,100.0,109.27808233454454,23.002563140555964,482.6969909667969,582.6969909667969,,,
E52_a1eac27e913ac4466d02e4ef,323520.0,2544840.0,50.0,109.27808233454454,23.002563140555964,482.6969909667969,532.6969909667969,,,
E52_dd72c713777e2d21134a20a9,323400.0,2545440.0,300.0,109.27684309588842,23.007968009498253,538.9404907226562,838.9404907226562,,,
E52_02ddc9c8b600e7c94969e1eb,323400.0,2545440.0,250.0,109.27684309588842,23.007968009498253,538.9404907226562,788.9404907226562,,,
E52_70e95f1338d21c45ccdf6ae2,323400.0,2545440.0,200.0,109.27684309588842,23.007968009498253,538.9404907226562,738.9404907226562,,,
E52_abc9e427aaab46a0f342f308,323400.0,2545440.0,150.0,109.27684309588842,23.007968009498253,538.9404907226562,688.9404907226562,,,
E52_7a840abc8b5858aa57378288,323400.0,2545440.0,100.0,109.27684309588842,23.007968009498253,538.9404907226562,638.9404907226562,,,
E52_beb70ec57fd2d66bf65b827f,323400.0,2545440.0,50.0,109.27684309588842,23.007968009498253,538.9404907226562,588.9404907226562,4735.82937143422,False,2.43785423226241
E52_37e8aad0a51320a85008e474,323280.0,2545320.0,300.0,109.2756863890362,23.006871745094426,476.3158874511719,776.3158874511719,,,
E52_076642bad09bdc01d80bcb2d,323280.0,2545320.0,250.0,109.2756863890362,23.006871745094426,476.3158874511719,726.3158874511719,,,
E52_e158f48e195a58ecf5fe9152,323280.0,2545320.0,200.0,109.2756863890362,23.006871745094426,476.3158874511719,676.3158874511719,,,
E52_4e8e795a879c52db84b2a214,323280.0,2545320.0,150.0,109.2756863890362,23.006871745094426,476.3158874511719,626.3158874511719,,,
E52_f5f5c667eaa188e89b4c6a59,323280.0,2545320.0,100.0,109.2756863890362,23.006871745094426,476.3158874511719,576.3158874511719,,,
E52_b486f70327a0ff9afff60368,323280.0,2545320.0,50.0,109.2756863890362,23.006871745094426,476.3158874511719,526.3158874511719,,,
E52_dc750a6946e2570b4310343f,323880.0,2544960.0,300.0,109.28157991677654,23.00368481110294,344.57330322265625,644.5733032226562,,,
E52_ef4f6c00ba831cea1bc02bbd,323880.0,2544960.0,250.0,109.28157991677654,23.00368481110294,344.57330322265625,594.5733032226562,,,
E52_09cb4e18d67b0aa58614be49,323880.0,2544960.0,200.0,109.28157991677654,23.00368481110294,344.57330322265625,544.5733032226562,,,
E52_7747052a78c9a3c4b3b0342b,323880.0,2544960.0,150.0,109.28157991677654,23.00368481110294,344.57330322265625,494.57330322265625,,,
E52_9e239c80c58b697de4d845a5,323880.0,2544960.0,100.0,109.28157991677654,23.00368481110294,344.57330322265625,444.57330322265625,,,
E52_bacd3f5aea18608e24b7ab5b,323880.0,2544960.0,50.0,109.28157991677654,23.00368481110294,344.57330322265625,394.57330322265625,,,
E52_149754ee51787d52f009b521,323760.0,2544840.0,300.0,109.28042320326988,23.002588580651143,386.9583435058594,686.9583435058594,,,
E52_7b4ef74cbb57389ebc1d82fa,323760.0,2544840.0,250.0,109.28042320326988,23.002588580651143,386.9583435058594,636.9583435058594,,,
E52_c447f53a704d23fbc8acdba1,323760.0,2544840.0,200.0,109.28042320326988,23.002588580651143,386.9583435058594,586.9583435058594,,,
E52_1eb2cc2eea702ba978e7efbb,323760.0,2544840.0,150.0,109.28042320326988,23.002588580651143,386.9583435058594,536.9583435058594,,,
E52_70439f1b1a669182a85b033f,323760.0,2544840.0,100.0,109.28042320326988,23.002588580651143,386.9583435058594,486.9583435058594,,,
E52_e6ae48600d19e9b7f2796fcb,323760.0,2544840.0,50.0,109.28042320326988,23.002588580651143,386.9583435058594,436.9583435058594,,,
E52_e5e08f9dc833f881c196900b,323280.0,2544960.0,300.0,109.27572770036929,23.003621185924693,494.5262145996094,794.5262145996094,,,
E52_5cd8bee45b424c48f088e290,323280.0,2544960.0,250.0,109.27572770036929,23.003621185924693,494.5262145996094,744.5262145996094,,,
E52_f40fce6b19f71d10d32c1c1a,323280.0,2544960.0,200.0,109.27572770036929,23.003621185924693,494.5262145996094,694.5262145996094,,,
E52_9711f2e3f495cc63627df7a9,323280.0,2544960.0,150.0,109.27572770036929,23.003621185924693,494.5262145996094,644.5262145996094,,,
E52_7c684e1fdd3a1f801279d77f,323280.0,2544960.0,100.0,109.27572770036929,23.003621185924693,494.5262145996094,594.5262145996094,,,
E52_ed89bedf3682c1834890a2c6,323280.0,2544960.0,50.0,109.27572770036929,23.003621185924693,494.5262145996094,544.5262145996094,,,
E52_5db9744422e140d84fae10d1,323400.0,2544840.0,300.0,109.27691190142961,23.002550407544124,487.5438232421875,787.5438232421875,,,
E52_eeade28c35fc9226596b2725,323400.0,2544840.0,250.0,109.27691190142961,23.002550407544124,487.5438232421875,737.5438232421875,,,
E52_664cf15d4a0c65116ac55c72,323400.0,2544840.0,200.0,109.27691190142961,23.002550407544124,487.5438232421875,687.5438232421875,,,
E52_d53eb6b7cc276f96517a870f,323400.0,2544840.0,150.0,109.27691190142961,23.002550407544124,487.5438232421875,637.5438232421875,,,
E52_29a3b32a494937ac0aad1d44,323400.0,2544840.0,100.0,109.27691190142961,23.002550407544124,487.5438232421875,587.5438232421875,,,
E52_870e963f9954fe298ffa8049,323400.0,2544840.0,50.0,109.27691190142961,23.002550407544124,487.5438232421875,537.5438232421875,,,
E52_8a3f85060955abdf70714899,317160.0,2552160.0,300.0,109.21518002721062,23.06796870384341,241.86471557617188,541.8647155761719,6789.376423964929,True,9.309177406423956
E52_c560692c20def5368b59aee4,317160.0,2552160.0,250.0,109.21518002721062,23.06796870384341,241.86471557617188,491.8647155761719,6786.657185590944,False,-0.6873430788059522
E52_ce0538a55e748009536d7209,317160.0,2552160.0,200.0,109.21518002721062,23.06796870384341,241.86471557617188,441.8647155761719,6784.3053648236955,False,-0.6843325840438581
E52_55b01577ac65aae77147d734,317160.0,2552160.0,150.0,109.21518002721062,23.06796870384341,241.86471557617188,391.8647155761719,6782.321343877622,False,-0.6817920870625329
E52_d3d44890b2a5679dd3f0a4b8,317160.0,2552160.0,100.0,109.21518002721062,23.06796870384341,241.86471557617188,341.8647155761719,6780.705445605224,False,-0.679722414216684
E52_50740f536209a97087119414,317160.0,2552160.0,50.0,109.21518002721062,23.06796870384341,241.86471557617188,291.8647155761719,6779.457933234981,False,-0.6781242395490494
E52_90b500672b0e61fdbee74908,317160.0,2552280.0,300.0,109.21516572975074,23.069052179674294,191.2307586669922,491.2307586669922,6903.448873682411,False,-0.8355470912940035
E52_6bcdcbb2d97fd21fced1ad9d,317160.0,2552280.0,250.0,109.21516572975074,23.069052179674294,191.2307586669922,441.2307586669922,6901.141447302776,False,-0.8326434120681654
E52_9453cd758010f1c4d834d0da,317160.0,2552280.0,200.0,109.21516572975074,23.069052179674294,191.2307586669922,391.2307586669922,6899.195619767102,False,-0.8301940163382682
E52_fc336d9c7514073c3bac8870,317160.0,2552280.0,150.0,109.21516572975074,23.069052179674294,191.2307586669922,341.2307586669922,6897.611697098268,False,-0.8281996741341402
E52_715bc720a7e50ad773045fd2,317160.0,2552280.0,100.0,109.21516572975074,23.069052179674294,191.2307586669922,291.2307586669922,6896.3899286568885,False,-0.8266610131769028
E52_be700e15e25c4328934a831b,317160.0,2552280.0,50.0,109.21516572975074,23.069052179674294,191.2307586669922,241.2307586669922,6895.530506945312,False,-0.8255785182214197
E52_e103e4cc455962025db054eb,317280.0,2552160.0,300.0,109.21635098665882,23.067981928396613,233.68077087402344,533.6807708740234,6762.94013357934,True,9.343064305539073
E52_a95691c28e0d41747747cc3e,317280.0,2552160.0,250.0,109.21635098665882,23.067981928396613,233.68077087402344,483.68077087402344,6760.270791417363,False,-0.6535066846118838
E52_60ae3899f7fcffcd591714d4,317280.0,2552160.0,200.0,109.21635098665882,23.067981928396613,233.68077087402344,433.68077087402344,6757.970338511655,False,-0.6505504597513578
E52_1d9403038da6268ba1b6c277,317280.0,2552160.0,150.0,109.21635098665882,23.067981928396613,233.68077087402344,383.68077087402344,6756.039151686137,False,-0.648067987652567
E52_e90090530548624c6a118cdc,317280.0,2552160.0,100.0,109.21635098665882,23.067981928396613,233.68077087402344,333.68077087402344,6754.47754767373,False,-0.6460600821856843
E52_534cbd922e16cada001ca7fa,317280.0,2552160.0,50.0,109.21635098665882,23.067981928396613,233.68077087402344,283.68077087402344,6753.285782857196,False,-0.6445274024304126
E52_ca6c1f82b131738eced6b0d6,317280.0,2552280.0,300.0,109.21633669856688,23.069065404918803,221.89498901367188,521.8949890136719,6879.514993864586,True,9.19461873510717
E52_dcc2d057f021541ce64e5e7e,317280.0,2552280.0,250.0,109.21633669856688,23.069065404918803,221.89498901367188,471.8949890136719,6876.97659236283,False,-0.8021757563642353
E52_f5aa9d6e42db0784db21e2d6,317280.0,2552280.0,200.0,109.21633669856688,23.069065404918803,221.89498901367188,421.8949890136719,6874.800910063136,False,-0.7994273499859332
E52_5858e7710a8717b22b3488a4,317280.0,2552280.0,150.0,109.21633669856688,23.069065404918803,221.89498901367188,371.8949890136719,6872.988291427794,False,-0.7971369154610954
E52_88f9fd449450aa6f95984c5b,317280.0,2552280.0,100.0,109.21633669856688,23.069065404918803,221.89498901367188,321.8949890136719,6871.539023770598,False,-0.7953051785545568
E52_5f3034fab4ad71db851a9f9c,317280.0,2552280.0,50.0,109.21633669856688,23.069065404918803,221.89498901367188,271.8949890136719,6870.453337029575,False,-0.7939327203278168
E52_749a994782f595ad0cb26e6e,317040.0,2552160.0,300.0,109.21400906862623,23.067955470621094,245.57508850097656,545.5750885009766,6817.569896798062,True,9.273183181384269
E52_8802bd412c44dbb364c3b348,317040.0,2552160.0,250.0,109.21400906862623,23.067955470621094,245.57508850097656,495.57508850097656,6814.834685366699,True,9.276668662585351
E52_aabe849918b8ec27d50b3332,317040.0,2552160.0,200.0,109.21400906862623,23.067955470621094,245.57508850097656,445.57508850097656,6812.465359913909,False,-0.7203109739474058
E52_41f8fbfa18d5a431ad6f066d,317040.0,2552160.0,150.0,109.21400906862623,23.067955470621094,245.57508850097656,395.57508850097656,6810.462302309355,False,-0.7177567010556203
E52_a4bd066315cd17f48eadd593,317040.0,2552160.0,100.0,109.21400906862623,23.067955470621094,245.57508850097656,345.57508850097656,6808.82583580508,False,-0.7156693426890399
E52_ccf1b92a7e9e542581b99185,317040.0,2552160.0,50.0,109.21400906862623,23.067955470621094,245.57508850097656,295.57508850097656,6807.556224775279,False,-0.7140495730217395
E52_c926fa62fa06956a438110bc,317040.0,2552280.0,300.0,109.21399476179842,23.069038945760227,189.7111358642578,489.7111358642578,6930.891204949311,True,9.129993531232614
E52_e733995ca700b709a359931b,317040.0,2552280.0,250.0,109.21399476179842,23.069038945760227,189.7111358642578,439.7111358642578,6928.6038839911525,False,-0.867139493100197
E52_def07fab90deeeab3707235b,317040.0,2552280.0,200.0,109.21399476179842,23.069038945760227,189.7111358642578,389.7111358642578,6926.676740520728,False,-0.8647232366471655
E52_a223312202e688e88ceb6579,317040.0,2552280.0,150.0,109.21399476179842,23.069038945760227,189.7111358642578,339.7111358642578,6925.110075232338,False,-0.8627584530371166
E52_42a30a22d0625dd02e760b59,317040.0,2552280.0,100.0,109.21399476179842,23.069038945760227,189.7111358642578,289.7111358642578,6923.904132821165,False,-0.861245755806479
E52_1a3fad888691bb324e556056,317040.0,2552280.0,50.0,109.21399476179842,23.069038945760227,189.7111358642578,239.7111358642578,6923.059101792472,False,-0.8601856177616582
E52_b2c2b454188fcc8cad264f45,317160.0,2552040.0,300.0,109.21519432380671,23.066885227855646,247.2197265625,547.2197265625,6673.031983220751,True,9.459311037992677
E52_e4a1b6c55a6b48885e02583f,317160.0,2552040.0,250.0,109.21519432380671,23.066885227855646,247.2197265625,497.2197265625,6670.2251743423785,True,9.462965263077962
E52_b85bd2a520f7738705715e1e,317160.0,2552040.0,200.0,109.21519432380671,23.066885227855646,247.2197265625,447.2197265625,6667.792131116159,False,-0.533865878358128
E52_62a2d682198ab15866be5d44,317160.0,2552040.0,150.0,109.21519432380671,23.066885227855646,247.2197265625,397.2197265625,6665.733262824002,False,-0.5311834515611906
E52_c143f04a252ea43babba4685,317160.0,2552040.0,100.0,109.21519432380671,23.066885227855646,247.2197265625,347.2197265625,6664.048916271704,False,-0.5289883596764469
E52_a96cb584e7a5313f839873c4,317160.0,2552040.0,50.0,109.21519432380671,23.066885227855646,247.2197265625,297.2197265625,6662.739375497575,False,-0.5272813427375951
E52_c3fb43feff553bba37a32d53,317160.0,2552400.0,300.0,109.21515143142699,23.070135655348302,191.31826782226562,491.3182678222656,7020.384109825393,False,-0.9814423253010602
E52_93fa39c5f6b10a090da891b8,317160.0,2552400.0,250.0,109.21515143142699,23.070135655348302,191.31826782226562,441.3182678222656,7018.114506240736,False,-0.9786338303231616
E52_c3e35ad63f7a3875627585f2,317160.0,2552400.0,200.0,109.21515143142699,23.070135655348302,191.31826782226562,391.3182678222656,7016.200495704526,False,-0.9762646538604116
E52_6c375b8ea2f9d09b5e02627b,317160.0,2552400.0,150.0,109.21515143142699,23.070135655348302,191.31826782226562,341.3182678222656,7014.642369297397,False,-0.9743355161456861
E52_f491029bb5eea5239d5ef468,317160.0,2552400.0,100.0,109.21515143142699,23.070135655348302,191.31826782226562,291.3182678222656,7013.44036421213,False,-0.9728470043171029
E52_1e3d7d7be463aaece0fe9ad3,317160.0,2552400.0,50.0,109.21515143142699,23.070135655348302,191.31826782226562,241.31826782226562,7012.594663573373,False,-0.9717995718232544
E52_1f96bcd6a00d2723fbe5bc33,317280.0,2552040.0,300.0,109.21636527388753,23.066898451717563,234.62579345703125,534.6257934570312,6645.868122256484,True,9.494740784255441
E52_d2b19453f5ecc6473cacc533,317280.0,2552040.0,250.0,109.21636527388753,23.066898451717563,234.62579345703125,484.62579345703125,6643.144625783727,False,-0.5016989828556575
E52_e9e3a0dcf176b1ab27cc3933,317280.0,2552040.0,200.0,109.21636527388753,23.066898451717563,234.62579345703125,434.62579345703125,6640.796483836371,False,-0.49862825228657925
E52_57361ae3863b927e33a3119c,317280.0,2552040.0,150.0,109.21636527388753,23.066898451717563,234.62579345703125,384.62579345703125,6638.824094701396,False,-0.4960480649424568
E52_3551a8c002e93e408d8bed6c,317280.0,2552040.0,100.0,109.21636527388753,23.066898451717563,234.62579345703125,334.62579345703125,6637.227793366905,False,-0.4939592967749036
E52_0a1ede801fd00917395446c2,317280.0,2552040.0,50.0,109.21636527388753,23.066898451717563,234.62579345703125,284.62579345703125,6636.007851238303,False,-0.4923626577929099
E52_7e12fa2f2c344227ee0caedf,317280.0,2552400.0,300.0,109.21632240961165,23.070148881284126,212.7703399658203,512.7703399658203,6996.363882777864,True,9.04832738241737
E52_c25b8391e27b0ccb280f7efe,317280.0,2552400.0,250.0,109.21632240961165,23.070148881284126,212.7703399658203,462.7703399658203,6993.933124232885,False,-0.9486543398919736
E52_ff03e52383c5325d29064eff,317280.0,2552400.0,200.0,109.21632240961165,23.070148881284126,212.7703399658203,412.7703399658203,6991.859088414568,False,-0.946078176013458
E52_3ef9b68610aa364c6f1a6f2e,317280.0,2552400.0,150.0,109.21632240961165,23.070148881284126,212.7703399658203,362.7703399658203,6990.142092851103,False,-0.9439449142786174
E52_c0b318e7388d21aa01eeb14c,317280.0,2552400.0,100.0,109.21632240961165,23.070148881284126,212.7703399658203,312.7703399658203,6988.7824006941455,False,-0.9422552083130711
E52_e3136fba847a6d84c11884ad,317280.0,2552400.0,50.0,109.21632240961165,23.070148881284126,212.7703399658203,262.7703399658203,6987.780220517503,False,-0.9410095763701349
E52_c551a2aa05d04408f39833da,317400.0,2552160.0,300.0,109.21752194697027,23.067995144280694,191.8004913330078,491.8004913330078,6736.742160320324,False,-0.6232233469885671
E52_d6103455330779e607cc9069,317400.0,2552160.0,250.0,109.21752194697027,23.067995144280694,191.8004913330078,441.8004913330078,6734.373384770408,False,-0.6201686744713442
E52_2a107ca4b7a3f24bdf5b50ea,317400.0,2552160.0,200.0,109.21752194697027,23.067995144280694,191.8004913330078,391.8004913330078,6732.375125939637,False,-0.6175909689790444
E52_e8e967ee4ae5dc30406b63b0,317400.0,2552160.0,150.0,109.21752194697027,23.067995144280694,191.8004913330078,341.8004913330078,6730.747713830719,False,-0.6154910814253469
E52_52cdf1e356a9fd91fb00dac7,317400.0,2552160.0,100.0,109.21752194697027,23.067995144280694,191.8004913330078,291.8004913330078,6729.49141749242,False,-0.6138697058654685
E52_14ee60513c9e9e88386c3378,317400.0,2552160.0,50.0,109.21752194697027,23.067995144280694,191.8004913330078,241.8004913330078,6728.606444797529,False,-0.6127273787327283
E52_770952fef1adfe40bfc9d8c1,317400.0,2552280.0,300.0,109.2175076682463,23.06907862149373,206.16555786132812,506.1655578613281,6855.152362186098,False,-0.7745670709260253
E52_a0c6e7483185a98bb86f1e9b,317400.0,2552280.0,250.0,109.2175076682463,23.06907862149373,206.16555786132812,456.1655578613281,6852.719704832491,False,-0.7714842009635561
E52_df3048ad303e352c02ac1d5e,317400.0,2552280.0,200.0,109.2175076682463,23.06907862149373,206.16555786132812,406.1655578613281,6850.651122135279,False,-0.7688618562312115
E52_690fa02fefec62badd70ab56,317400.0,2552280.0,150.0,109.2175076682463,23.06907862149373,206.16555786132812,356.1655578613281,6848.9469439781205,False,-0.7667008726167239
E52_d25c51ffde8f5a5b123c9b0e,317400.0,2552280.0,100.0,109.2175076682463,23.06907862149373,206.16555786132812,306.1655578613281,6847.607442431342,False,-0.7650019398319898
E52_2252e2ffb363937cab632de2,317400.0,2552280.0,50.0,109.2175076682463,23.06907862149373,206.16555786132812,256.1655578613281,6846.632831535146,False,-0.7637656006807276
E52_68dd2673b0592074828f1531,317040.0,2552040.0,300.0,109.21402337458969,23.066871995325084,277.1865539550781,577.1865539550781,6703.348927632711,True,9.419938641830598
E52_25edcada65022c6ae92ed407,317040.0,2552040.0,250.0,109.21402337458969,23.066871995325084,277.1865539550781,527.1865539550781,6700.331200037735,True,9.423849754158098
E52_100944b6cef9755b48c37ae7,317040.0,2552040.0,200.0,109.21402337458969,23.066871995325084,277.1865539550781,477.1865539550781,6697.685386370697,True,9.427280298621938
E52_8e2113483676640dbcfb2549,317040.0,2552040.0,150.0,109.21402337458969,23.066871995325084,277.1865539550781,427.1865539550781,6695.411927537251,False,-0.5697708670269321
E52_0953eb4ec7424d67c3e3b7bf,317040.0,2552040.0,100.0,109.21402337458969,23.066871995325084,277.1865539550781,377.1865539550781,6693.511202949659,False,-0.5673047263298372
E52_bf67aab57ab961b8e721fc07,317040.0,2552040.0,50.0,109.21402337458969,23.066871995325084,277.1865539550781,327.1865539550781,6691.983530211134,False,-0.565322103030212
E52_2b3a62105b963c9401c40147,317040.0,2552400.0,300.0,109.2139804541062,23.07012242074247,209.452392578125,509.452392578125,7048.352476815814,True,8.984022879400783
E52_5fc15f8a8bc99a2a4435d9b5,317040.0,2552400.0,250.0,109.2139804541062,23.07012242074247,209.452392578125,459.452392578125,7045.963198752731,False,-1.0130322446297697
E52_dc2b50cd4358789afd196da9,317040.0,2552400.0,200.0,109.2139804541062,23.07012242074247,209.452392578125,409.452392578125,7043.92803476299,False,-1.010523040031913
E52_bced74fa7b3ead3d2736dd2a,317040.0,2552400.0,150.0,109.2139804541062,23.07012242074247,209.452392578125,359.452392578125,7042.24729185664,False,-1.0084502634086903
E52_69d572caa447d47f48ec5471,317040.0,2552400.0,100.0,109.2139804541062,23.07012242074247,209.452392578125,309.452392578125,7040.921223845951,False,-1.006814540536439
E52_1cde4eaf9cfe73957f7ce901,317040.0,2552400.0,50.0,109.2139804541062,23.07012242074247,209.452392578125,259.452392578125,7039.950031154096,False,-1.005616365736131
E52_5c536d5a3b3e949ee83261c6,317400.0,2552040.0,300.0,109.21753622483156,23.0669116669108,203.12164306640625,503.12164306640625,6619.7498264474225,True,9.528943627869381
E52_496ff3568414b7c817b7d36f,317400.0,2552040.0,250.0,109.21753622483156,23.0669116669108,203.12164306640625,453.12164306640625,6617.253629750339,False,-0.4677804510576209
E52_7505ce7b2a570aec44b2dc30,317400.0,2552040.0,200.0,109.21753622483156,23.0669116669108,203.12164306640625,403.12164306640625,6615.134423134378,False,-0.4649983085040219
E52_d457cc019d518c17a9dedb03,317400.0,2552040.0,150.0,109.21753622483156,23.0669116669108,203.12164306640625,353.12164306640625,6613.392569009552,False,-0.46271089543220967
E52_caeb7250bcf3b49001ed0002,317400.0,2552040.0,100.0,109.21753622483156,23.0669116669108,203.12164306640625,303.12164306640625,6612.028365601899,False,-0.46091899476707
E52_bab6ad4d85a8936fefe66257,317400.0,2552040.0,50.0,109.21753622483156,23.0669116669108,203.12164306640625,253.12164306640625,6611.042046698651,False,-0.45962322050431226
E52_e04d759d20aa1bbf6ada1e56,317400.0,2552400.0,300.0,109.21749338865962,23.07016209854992,249.45687866210938,549.4568786621094,6975.252791711294,True,9.074576133863431
E52_9f974bc31f62ec61b6c2fcba,317400.0,2552400.0,250.0,109.21749338865962,23.07016209854992,249.45687866210938,499.4568786621094,6972.551600412146,False,-0.9220595732128345
E52_58e85b7e9ef80b41af2e15c5,317400.0,2552400.0,200.0,109.21749338865962,23.07016209854992,249.45687866210938,449.4568786621094,6970.208040836642,False,-0.9191396491018935
E52_cafdca56747ef9f2b1217baa,317400.0,2552400.0,150.0,109.21749338865962,23.07016209854992,249.45687866210938,399.4568786621094,6968.222473821969,False,-0.9166649922806727
E52_4cdfae1e7698602467959f55,317400.0,2552400.0,100.0,109.21749338865962,23.07016209854992,249.45687866210938,349.4568786621094,6966.595205465246,False,-0.9146363653194101
E52_8ab6db98c45f0125e03f8b41,317400.0,2552400.0,50.0,109.21749338865962,23.07016209854992,249.45687866210938,299.4568786621094,6965.326486888116,False,-0.9130543941001434
E52_d652cd84bbc41a4a3dcdd19f,316920.0,2552160.0,300.0,109.2128381109062,23.06794222872971,277.94390869140625,577.9439086914062,6849.492889333885,True,9.232606782682893
E52_57f6a9825b74b2edb19214ba,316920.0,2552160.0,250.0,109.2128381109062,23.06794222872971,277.94390869140625,527.9439086914062,6846.534046520641,True,9.236359722517548
E52_fd04fa2aa62e4b005e972a55,316920.0,2552160.0,200.0,109.2128381109062,23.06794222872971,277.94390869140625,477.94390869140625,6843.939220894438,True,9.239652284994946
E52_ff980d5b80d063ff3aa59f65,316920.0,2552160.0,150.0,109.2128381109062,23.06794222872971,277.94390869140625,427.94390869140625,6841.708826633009,False,-0.7575165800075041
E52_09bab2692952130cd945c75e,316920.0,2552160.0,100.0,109.2128381109062,23.06794222872971,277.94390869140625,377.94390869140625,6839.843220247002,False,-0.7551477769328585
E52_c42e78e6b53b2c67e4da4ff3,316920.0,2552160.0,50.0,109.2128381109062,23.06794222872971,277.94390869140625,327.94390869140625,6838.342700295865,False,-0.7532420635841248
E52_34b16f3ab821ba8e2e28dac4,316920.0,2552280.0,300.0,109.21282379471052,23.06902570317663,272.02496337890625,572.0249633789062,6964.899228325344,True,9.087478421490957
E52_1cfdf09d00bb7c9784d07b47,316920.0,2552280.0,250.0,109.21282379471052,23.06902570317663,272.02496337890625,522.0249633789062,6962.031942212639,True,9.09105493533778
E52_a22769300bed3735d748735b,316920.0,2552280.0,200.0,109.21282379471052,23.06902570317663,272.02496337890625,472.02496337890625,6959.522704040212,True,9.09418604628496
E52_7c0b5c0f5d1efabb73273177,316920.0,2552280.0,150.0,109.21282379471052,23.06902570317663,272.02496337890625,422.02496337890625,6957.371901207618,False,-0.903129211649258
E52_948f18fd523fa4afe8f78c21,316920.0,2552280.0,100.0,109.21282379471052,23.06902570317663,272.02496337890625,372.02496337890625,6955.579866220746,False,-0.9008916680323722
E52_97cf02af36595d653faf9e41,316920.0,2552280.0,50.0,109.21282379471052,23.06902570317663,272.02496337890625,322.02496337890625,6954.146876435493,False,-0.8991020151654965
E52_815d03f83073c3991e40c25e,317160.0,2551920.0,300.0,109.21520861953903,23.065801751711025,229.68789672851562,529.6878967285156,6555.450253362502,True,9.613724644680346
E52_fbf7f75a4b25381219fd184e,317160.0,2551920.0,250.0,109.21520861953903,23.065801751711025,229.68789672851562,479.6878967285156,6552.726854877871,True,9.617333863387572
E52_8974c78ede175ebb2be21ab3,317160.0,2551920.0,200.0,109.21520861953903,23.065801751711025,229.68789672851562,429.6878967285156,6550.383992176702,False,-0.3795600273359554
E52_bf7512c800118428b8a83e05,317160.0,2551920.0,150.0,109.21520861953903,23.065801751711025,229.68789672851562,379.6878967285156,6548.4220736977495,False,-0.37695810966059184
E52_db65b5b535daebe4c943a9a5,317160.0,2551920.0,100.0,109.21520861953903,23.065801751711025,229.68789672851562,329.6878967285156,6546.8414419183155,False,-0.37486129148737746
E52_20f90edc7777c256b17479c3,317160.0,2551920.0,50.0,109.21520861953903,23.065801751711025,229.68789672851562,279.6878967285156,6545.642373056004,False,-0.37327030539447037
E52_44ca9f2d2ed93175e6981d01,317160.0,2552520.0,300.0,109.21513713223939,23.071219130865426,204.43264770507812,504.4326477050781,7138.060260572018,False,-1.1258290345135293
E52_4b1b471cf4a642c3433d3c38,317160.0,2552520.0,250.0,109.21513713223939,23.071219130865426,204.43264770507812,454.4326477050781,7135.736193188965,False,-1.1230005518397803
E52_795fde0bf0eda933b4b9f4c2,317160.0,2552520.0,200.0,109.21513713223939,23.071219130865426,204.43264770507812,404.4326477050781,7133.761823471292,False,-1.1205969413467045
E52_2d08a5cb29858cd93cdbe953,317160.0,2552520.0,150.0,109.21513713223939,23.071219130865426,204.43264770507812,354.4326477050781,7132.1374418364885,False,-1.1186189097612385
E52_21222cd2d0e4fd06de691bbd,317160.0,2552520.0,100.0,109.21513713223939,23.071219130865426,204.43264770507812,304.4326477050781,7130.863287462145,False,-1.117067039363576
E52_36ac209a85ac6e7de2605031,317160.0,2552520.0,50.0,109.21513713223939,23.071219130865426,204.43264770507812,254.43264770507812,7129.939548110133,False,-1.1159417874167161
E52_f6bdcea843c45199741e0da5,317280.0,2551920.0,300.0,109.21637956025303,23.065814974881654,231.56979370117188,531.5697937011719,6528.6660950907635,True,9.649286017197696
E52_725af10c79efd91de55fe5d6,317280.0,2551920.0,250.0,109.21637956025303,23.065814974881654,231.56979370117188,481.5697937011719,6525.91710044018,False,-0.3470558860027495
E52_e55f3647e1906b75499d28c4,317280.0,2551920.0,200.0,109.21637956025303,23.065814974881654,231.56979370117188,431.5697937011719,6523.5501854778,False,-0.3439049892004675
E52_334b0e8ca0b72047f9fdc3b3,317280.0,2551920.0,150.0,109.21637956025303,23.065814974881654,231.56979370117188,381.5697937011719,6521.565766215758,False,-0.3412623991456769
E52_5c93153fe0c3ae8efaca7d82,317280.0,2551920.0,100.0,109.21637956025303,23.065814974881654,231.56979370117188,331.5697937011719,6519.964191903757,False,-0.3391290454922711
E52_35de05c9fa73b1d7c5a43ff3,317280.0,2551920.0,50.0,109.21637956025303,23.065814974881654,231.56979370117188,281.5697937011719,6518.745744722453,False,-0.33750567971009104
E52_f4a809b4fafef6c93fc6b61b,317280.0,2552520.0,300.0,109.21630811979313,23.071232357492576,225.11590576171875,525.1159057617188,7114.436067542444,True,8.902965545277056
E52_3a90efa85889b6f06f0d4d83,317280.0,2552520.0,250.0,109.21630811979313,23.071232357492576,225.11590576171875,475.11590576171875,7111.958870000067,False,-1.0940095612377405
E52_e912ffe1064019ded8bbc847,317280.0,2552520.0,200.0,109.21630811979313,23.071232357492576,225.11590576171875,425.11590576171875,7109.832443735679,False,-1.0914121522916815
E52_79ae2029e65a580ac14eefae,317280.0,2552520.0,150.0,109.21630811979313,23.071232357492576,225.11590576171875,375.11590576171875,7108.057103556518,False,-1.089242996469352
E52_b3eb5eab1b53e62cb3b82012,317280.0,2552520.0,100.0,109.21630811979313,23.071232357492576,225.11590576171875,325.11590576171875,7106.6331125818015,False,-1.0875027364559173
E52_0ec428245b29267880e0c2c9,317280.0,2552520.0,50.0,109.21630811979313,23.071232357492576,225.11590576171875,275.11590576171875,7105.560682048105,False,-1.0861918884035333
E52_cb3980d101064e15ad4cb1dc,317520.0,2552160.0,300.0,109.21869290814438,23.068008351495614,218.696533203125,518.696533203125,6716.296591556879,False,-0.596822160778089
E52_48ba339e4d6f0953ee02f888,317520.0,2552160.0,250.0,109.21869290814438,23.068008351495614,218.696533203125,468.696533203125,6713.720298942922,False,-0.5934897161836972
E52_29157379ac257eff3e6b779e,317520.0,2552160.0,200.0,109.21869290814438,23.068008351495614,218.696533203125,418.696533203125,6711.515521781793,False,-0.5906368126628934
E52_bf57593dd97f1a460707ea48,317520.0,2552160.0,150.0,109.21869290814438,23.068008351495614,218.696533203125,368.696533203125,6709.682626309356,False,-0.5882643973665864
E52_05140e53e0a8e674aa6dae87,317520.0,2552160.0,100.0,109.21869290814438,23.068008351495614,218.696533203125,318.696533203125,6708.22191735465,False,-0.5863732590323139
E52_1e1caf6c6779366e08943134,317520.0,2552160.0,50.0,109.21869290814438,23.068008351495614,218.696533203125,268.696533203125,6707.133638086913,False,-0.5849640271119938
E52_3b47ee5e2bb712dfcebae9f4,317520.0,2552280.0,300.0,109.21867863878842,23.069091829399053,259.4840087890625,559.4840087890625,6836.658110079462,True,9.248897923825297
E52_3d8f1397d83b2863c8bd0a78,317520.0,2552280.0,250.0,109.21867863878842,23.069091829399053,259.4840087890625,509.4840087890625,6833.828774064827,False,-0.7475066957129286
E52_a522218e8a947413880a1738,317520.0,2552280.0,200.0,109.21867863878842,23.069091829399053,259.4840087890625,459.4840087890625,6831.364235081999,False,-0.7443736680518782
E52_d4d508cf113e6d7fe4fbbfd4,317520.0,2552280.0,150.0,109.21867863878842,23.069091829399053,259.4840087890625,409.4840087890625,6829.264888073866,False,-0.7417039964864216
E52_4cf0262620ebadb9d11ce9ab,317520.0,2552280.0,100.0,109.21867863878842,23.069091829399053,259.4840087890625,359.4840087890625,6827.531069910971,False,-0.7394985372641258
E52_b399921134575a9f8d509c6f,317520.0,2552280.0,50.0,109.21867863878842,23.069091829399053,259.4840087890625,309.4840087890625,6826.163059121921,False,-0.7377579986721798
E52_8793a32057535b0848881640,316920.0,2552040.0,300.0,109.21285242623698,23.0668587541259,249.53353881835938,549.5335388183594,6732.116060116433,True,9.382743275682486
E52_77467ca2ca15c96811971f9e,316920.0,2552040.0,250.0,109.21285242623698,23.0668587541259,249.53353881835938,499.5335388183594,6729.316703276475,True,9.3863558042071
E52_c3ab06cd8de3e449694bd4ff,316920.0,2552040.0,200.0,109.21285242623698,23.0668587541259,249.53353881835938,449.5335388183594,6726.887834586952,True,9.389491441087813
E52_f0f2cc9a84a1d8cf36cc113f,316920.0,2552040.0,150.0,109.21285242623698,23.0668587541259,249.53353881835938,399.5335388183594,6724.82985548572,False,-0.6078508493315837
E52_f5a483110d83b6ec209eade8,316920.0,2552040.0,100.0,109.21285242623698,23.0668587541259,249.53353881835938,349.5335388183594,6723.143106564835,False,-0.6056719462222304
E52_2ee11c078e6ebd6bfe1ea926,316920.0,2552040.0,50.0,109.21285242623698,23.0668587541259,249.53353881835938,299.5335388183594,6721.827867289404,False,-0.6039725713031316
E52_2fa037bd0ebd7e49f145dab1,316920.0,2552400.0,300.0,109.21280947764984,23.070109177466655,216.1474609375,516.1474609375,7077.686746654081,True,8.947948422484885
E52_d26f5a90704cc3b5cad4506b,316920.0,2552400.0,250.0,109.21280947764984,23.070109177466655,216.1474609375,466.1474609375,7075.260061486721,False,-1.0490729865485378
E52_b468326106c27177f318da78,316920.0,2552400.0,200.0,109.21280947764984,23.070109177466655,216.1474609375,416.1474609375,7073.186000069228,False,-1.046526407422391
E52_2c49ec1d6b50370ac2415aa0,316920.0,2552400.0,150.0,109.21280947764984,23.070109177466655,216.1474609375,366.1474609375,7071.464872675362,False,-1.044412601602147
E52_ad7dbc41884367519ec3a8ca,316920.0,2552400.0,100.0,109.21280947764984,23.070109177466655,216.1474609375,316.1474609375,7070.0969370573575,False,-1.042732201939529
E52_cf300f6b4ca01c540956aafc,316920.0,2552400.0,50.0,109.21280947764984,23.070109177466655,216.1474609375,266.1474609375,7069.082398253261,False,-1.0414857120419185
E52_8a2a913b8b0c2844efd7e2e3,317040.0,2551920.0,300.0,109.21403767968879,23.06578851987219,243.71356201171875,543.7135620117188,6585.250816844605,True,9.574328748233583
E52_f751abe816db36f8447d6d24,317040.0,2551920.0,250.0,109.21403767968879,23.06578851987219,243.71356201171875,493.71356201171875,6582.433210033458,True,9.57804594286381
E52_44a415dd2b7f1201f99bd23d,317040.0,2551920.0,200.0,109.21403767968879,23.06578851987219,243.71356201171875,443.71356201171875,6579.994347136644,False,-0.41873524447956356
E52_3f64648b7233ebeb519ebef6,317040.0,2551920.0,150.0,109.21403767968879,23.06578851987219,243.71356201171875,393.71356201171875,6577.934649428271,False,-0.4160159248763762
E52_f5eee7c43b81a2e50d0453a2,317040.0,2551920.0,100.0,109.21403767968879,23.06578851987219,243.71356201171875,343.71356201171875,6576.254473174517,False,-0.4137970384887808
E52_c968aa856d6da05430f137ee,317040.0,2551920.0,50.0,109.21403767968879,23.06578851987219,243.71356201171875,293.71356201171875,6574.954109326291,False,-0.41207935348045055
E52_1614b6ff9f4644fe6194e1f7,317040.0,2552520.0,300.0,109.21396614554955,23.071205895567815,205.16043090820312,505.1604309082031,7164.712999812049,True,8.84179919878892
E52_3632015dd1be1bb4a6e3ca01,317040.0,2552520.0,250.0,109.21396614554955,23.071205895567815,205.16043090820312,455.1604309082031,7162.3925001765265,False,-1.155387168839141
E52_ca2c8975d87e22f8e4ec0850,317040.0,2552520.0,200.0,109.21396614554955,23.071205895567815,205.16043090820312,405.1604309082031,7160.420398516705,False,-1.1529952563563484
E52_a9849b86b428f963be7f4b22,317040.0,2552520.0,150.0,109.21396614554955,23.071205895567815,205.16043090820312,355.1604309082031,7158.796982762069,False,-1.151025761827924
E52_b9c57b68c596346dc8e659aa,317040.0,2552520.0,100.0,109.21396614554955,23.071205895567815,205.16043090820312,305.1604309082031,7157.522490171616,False,-1.1494792607128375
E52_41d04e64dd640a707a16ad2e,317040.0,2552520.0,50.0,109.21396614554955,23.071205895567815,205.16043090820312,255.16043090820312,7156.597107160754,False,-1.148356205304239
E52_1ef47ef68c1879e18ddbb164,317400.0,2551920.0,300.0,109.21755050183022,23.06582818938406,200.1396484375,500.1396484375,6502.0958436545925,True,9.684707827919368
E52_4cdd2cb14bb46f30b55b8661,317400.0,2551920.0,250.0,109.21755050183022,23.06582818938406,200.1396484375,450.1396484375,6499.577401279762,False,-0.31192723398550015
E52_661fa7a2e84223d29561ed2d,317400.0,2551920.0,200.0,109.21755050183022,23.06582818938406,200.1396484375,400.1396484375,6497.442760839285,False,-0.3090740797673277
E52_3ee51e07fdc5573c5de44eeb,317400.0,2551920.0,150.0,109.21755050183022,23.06582818938406,200.1396484375,350.1396484375,6495.692300712764,False,-0.3067337202628977
E52_af9d855c3e66222fd5954380,317400.0,2551920.0,100.0,109.21755050183022,23.06582818938406,200.1396484375,300.1396484375,6494.326331552437,False,-0.3049069857900406
E52_8fa44392e66c6f6a26a1004e,317400.0,2551920.0,50.0,109.21755050183022,23.06582818938406,200.1396484375,250.1396484375,6493.345096008034,False,-0.3035945251674548
E52_9b758373a88095e2ce97067c,317400.0,2552520.0,300.0,109.2174791082102,23.071245575449236,271.0230712890625,571.0230712890625,7094.28445352458,True,8.927603205295298
E52_2eeaa769806221a69bf11e9c,317400.0,2552520.0,250.0,109.2174791082102,23.071245575449236,271.0230712890625,521.0230712890625,7091.476545853596,False,-1.068958251440975
E52_cdfd628aff38397fca2679c7,317400.0,2552520.0,200.0,109.2174791082102,23.071245575449236,271.0230712890625,471.0230712890625,7089.020192753209,False,-1.0659491026715386
E52_b4d7ba665aa81976731f6b7e,317400.0,2552520.0,150.0,109.2174791082102,23.071245575449236,271.0230712890625,421.0230712890625,7086.915759774052,False,-1.063370243285732
E52_a9a198b3f5eb9f0c41d019a8,317400.0,2552520.0,100.0,109.2174791082102,23.071245575449236,271.0230712890625,371.0230712890625,7085.163560497735,False,-1.0612224413617355
E52_11b65568d592acb88b19807d,317400.0,2552520.0,50.0,109.2174791082102,23.071245575449236,271.0230712890625,321.0230712890625,7083.763856303795,False,-1.0595063374060203
E52_9a607032ec88c8792399bafa,317520.0,2552040.0,300.0,109.21870717663822,23.066924873435337,192.796142578125,492.796142578125,6596.936126689498,False,-0.441070417127861
E52_2662693ad07de7c1feeb5a18,317520.0,2552040.0,250.0,109.21870717663822,23.066924873435337,192.796142578125,442.796142578125,6594.509583385502,False,-0.4378749087595679
E52_12711ff6075cccaf21984742,317520.0,2552040.0,200.0,109.21870717663822,23.066924873435337,192.796142578125,392.796142578125,6592.4613788103015,False,-0.4351767183881208
E52_71b43597ee29cbdaab1f225d,317520.0,2552040.0,150.0,109.21870717663822,23.066924873435337,192.796142578125,342.796142578125,6590.791865690162,False,-0.43297677479006325
E52_ad86b712a77b7a35aadcbf49,317520.0,2552040.0,100.0,109.21870717663822,23.066924873435337,192.796142578125,292.796142578125,6589.501331860386,False,-0.4312758362316629
E52_5bff54ad8e0a75962a28f430,317520.0,2552040.0,50.0,109.21870717663822,23.066924873435337,192.796142578125,242.796142578125,6588.590000017605,False,-0.4300744895990789
E52_44c86f39d8246a908e6d709f,317520.0,2552400.0,300.0,109.21866436857032,23.07017530714565,278.8817443847656,578.8817443847656,6955.887600229222,True,9.098724052790416
E52_b317a604c65dbb43d6bc7a0b,317520.0,2552400.0,250.0,109.21866436857032,23.07017530714565,278.8817443847656,528.8817443847656,6952.967289768029,False,-0.8976285592760576
E52_a60d5e48e9c89a3eea5dcc14,317520.0,2552400.0,200.0,109.21866436857032,23.07017530714565,278.8817443847656,478.8817443847656,6950.405452788038,False,-0.8944276332931622
E52_2d4efc8c577a29c1fbd16732,317520.0,2552400.0,150.0,109.21866436857032,23.07017530714565,278.8817443847656,428.8817443847656,6948.202485802153,False,-0.8916741592243227
E52_c64420e3ed3f3e030dd78ba6,317520.0,2552400.0,100.0,109.21866436857032,23.07017530714565,278.8817443847656,378.8817443847656,6946.358730246282,False,-0.8893689900112918
E52_cf8441573b889949f20ff55e,317520.0,2552400.0,50.0,109.21866436857032,23.07017530714565,278.8817443847656,328.8817443847656,6944.874472215482,False,-0.8875128406959476
