site_id,min_access_margin_db,backhaul_margin_db,min_twohop_margin_db,outbound_time_s,return_time_s,horizontal_time_s,flight_energy_kwh,setup_energy_kwh,service_energy_kwh,total_energy_kwh,energy_margin_kwh,return_soc,climb_out_m,climb_back_m,desc_out_m,desc_back_m,cruise_alt_m,horizontal_distance_m,max_dem_on_route_m,setup_time_s,earliest_ready_s,required_transport_shift_s,as_is_timing_feasible,atomic_task_id,parent_gap_id,pareto_id,transport_sortie_id,service_start_s,service_end_s,service_duration_s,robust_slack_db,Gamma_C_db
E52_4513f74e4ba51c209cccc792,5.5527897981519345,9.790974506635663,5.5527897981519345,548.6050089915749,589.1156759023821,854.1460165183059,0.3160741321008959,0.009166666666666667,0.3885807291666667,0.7138215279342293,1.8461784720657712,0.7769307725205534,486.1280029296875,0.0,0.0,486.1280029296875,613.8280029296875,6406.095123887295,391.8226318359375,30.0,758.6050089915749,10.886258991574891,0,P01_GAMMA02_M001_00,P01_GAMMA02_M001_00,P01,M001,747.71875,2019.4375,1271.71875,3.5527897981519345,2.0
E52_b677873645e212a13901ede2,4.530060036667436,9.230718628911887,4.530060036667436,575.9444140089429,616.0268887810784,911.3939793850733,0.3339048259552679,0.009166666666666667,0.3885807291666667,0.7316522217886012,1.8283477782113993,0.7713586806910622,480.989697265625,0.0,0.0,480.989697265625,608.689697265625,6835.45484538805,390.4056396484375,30.0,785.9444140089429,38.225664008942886,0,P01_GAMMA02_M001_00,P01_GAMMA02_M001_00,P01,M001,747.71875,2019.4375,1271.71875,2.530060036667436,2.0
E52_575c4f100493de938643a13d,5.145316592407042,2.099203328999508,2.099203328999508,470.05405043895155,518.0123847895375,652.3580947743875,0.259560220504969,0.009166666666666667,0.3885807291666667,0.6573076163383024,1.902692383661698,0.7945913698942806,575.5000122070312,0.0,0.0,575.5000122070312,703.2000122070312,4892.685710807907,437.3766174316406,30.0,680.0540504389515,0.0,1,P01_GAMMA02_M001_00,P01_GAMMA02_M001_00,P01,M001,747.71875,2019.4375,1271.71875,0.09920332899950779,2.0
E52_0c56c0f390b777971f9a7e58,4.866826508382303,2.1743859331465814,2.1743859331465814,461.3120930283848,507.24512830670517,647.0259743868478,0.2556960576036008,0.009166666666666667,0.3885807291666667,0.6534434534369342,1.9065565465630663,0.795798920800958,551.1964233398437,0.0,0.0,551.1964233398437,678.8964233398438,4852.694807901358,431.4708251953125,30.0,671.3120930283849,0.0,1,P01_GAMMA02_M001_00,P01_GAMMA02_M001_00,P01,M001,747.71875,2019.4375,1271.71875,0.17438593314658135,2.0
E52_cdef0b479e00ae29ebd83132,4.7736137987582055,10.01648148125875,4.7736137987582055,520.0071121141804,554.5433095222207,832.7970397801186,0.3028799960747676,0.009166666666666667,0.3885807291666667,0.700627391908101,1.8593726080918995,0.7810539400287184,414.4343688964844,0.0,0.0,414.4343688964844,542.1343688964844,6245.977798350889,297.6476745605469,30.0,730.0071121141804,0.0,1,P01_GAMMA02_M001_00,P01_GAMMA02_M001_00,P01,M001,747.71875,2019.4375,1271.71875,2.7736137987582055,2.0
E52_0c9d91fc306062a18ada9948,6.6994788197632005,15.697900697510477,6.6994788197632005,331.42241999480143,370.2725110389095,429.7442937249544,0.1787296459836012,0.009166666666666667,0.09114149305555555,0.27903780570582337,2.280962194294177,0.9128006857169302,466.2010925292969,0.0,0.0,466.2010925292969,593.9010925292969,3223.082202937158,326.7436828613281,30.0,541.4224199948014,0.0,1,P01_GAMMA02_M002_00,P01_GAMMA02_M002_00,P01,M002,728.6875,1026.96875,298.28125,4.6994788197632005,2.0
E52_27bf01e9e990859ae5993708,6.99828513729183,15.932490639468014,6.99828513729183,318.6138217216496,355.0514931287134,418.60161500091635,0.17259630304263499,0.009166666666666667,0.09114149305555555,0.2729044627648572,2.2870955372351434,0.9147173553859821,437.25205688476564,0.0,0.0,437.25205688476564,564.9520568847656,3139.5121125068727,326.2397766113281,30.0,528.6138217216496,0.0,1,P01_GAMMA02_M002_00,P01_GAMMA02_M002_00,P01,M002,728.6875,1026.96875,298.28125,4.99828513729183,2.0
E52_27fdcb9bc2da20af468e67a1,6.2609655221280605,15.630401191469062,6.2609655221280605,333.5201066466774,372.5049327982074,433.1312563841751,0.1799553449394086,0.009166666666666667,0.09114149305555555,0.2802635046616308,2.2797364953383696,0.9124176547932403,467.8179138183594,0.0,0.0,467.8179138183594,595.5179138183594,3248.4844228813135,322.1230773925781,30.0,543.5201066466774,0.0,1,P01_GAMMA02_M002_00,P01_GAMMA02_M002_00,P01,M002,728.6875,1026.96875,298.28125,4.2609655221280605,2.0
E52_347c51b45a583dd4c5a4aad0,4.161731061819836,10.359339260709504,4.161731061819836,545.8106765870443,594.6474365357748,798.6007934817058,0.3072138543106079,0.009166666666666667,0.09114149305555555,0.40752201403283006,2.1524779859671703,0.8726493706147407,586.0411193847656,0.0,0.0,586.0411193847656,713.7411193847656,5989.505951112793,425.30462646484375,30.0,755.8106765870443,27.123176587044327,0,P01_GAMMA02_M002_00,P01_GAMMA02_M002_00,P01,M002,728.6875,1026.96875,298.28125,2.161731061819836,2.0
E52_47db2d0d55c92154c779a4c9,8.896722853409045,16.45726286038159,8.896722853409045,312.62709924858126,351.3219092257948,393.08533863388124,0.16685347284684848,0.009166666666666667,0.09114149305555555,0.26716163256907066,2.29283836743093,0.9165119898221654,464.3377197265625,0.0,0.0,464.3377197265625,592.0377197265625,2948.1400397541092,295.61395263671875,30.0,522.6270992485813,0.0,1,P01_GAMMA02_M002_00,P01_GAMMA02_M002_00,P01,M002,728.6875,1026.96875,298.28125,6.896722853409045,2.0
E52_8ca7795ffa642a3b129c0a3d,6.684497330028165,15.730152054416479,6.684497330028165,330.94608252023,369.9122522589995,428.0951466078428,0.17832668261553564,0.009166666666666667,0.09114149305555555,0.2786348423377578,2.2813651576622425,0.9129266117694507,467.5940368652344,0.0,0.0,467.5940368652344,595.2940368652344,3210.713599558821,335.390380859375,30.0,540.94608252023,0.0,1,P01_GAMMA02_M002_00,P01_GAMMA02_M002_00,P01,M002,728.6875,1026.96875,298.28125,4.684497330028165,2.0
E52_a3836b1674b2d70f748125c1,3.6950769432166624,18.388582284998307,3.6950769432166624,238.77143733771516,265.74771093797557,315.68523307386783,0.1296256139323784,0.009166666666666667,0.09114149305555555,0.2299337736546006,2.3300662263453997,0.9281456957329373,323.715283203125,0.0,0.0,323.715283203125,451.415283203125,2367.639248054009,217.29420471191406,30.0,448.77143733771516,0.0,1,P01_GAMMA02_M002_00,P01_GAMMA02_M002_00,P01,M002,728.6875,1026.96875,298.28125,1.6950769432166624,2.0
E52_b60e4d2a4cdcd5801a5d757f,7.223129744899083,16.480566458341656,7.223129744899083,308.26023760270465,345.626388522301,392.32356968783114,0.16519254750221457,0.009166666666666667,0.09114149305555555,0.26550070722443675,2.294499292775564,0.9170310289923636,448.39381103515626,0.0,0.0,448.39381103515626,576.0938110351562,2942.4267726587336,326.2397766113281,30.0,518.2602376027046,0.0,1,P01_GAMMA02_M002_00,P01_GAMMA02_M002_00,P01,M002,728.6875,1026.96875,298.28125,5.223129744899083,2.0
E52_c0294c7ff44d44fc4ede8d97,7.535124944898328,16.7256600789149,7.535124944898328,316.70783025924425,358.9570632507807,379.92026256926977,0.16644027302831577,0.009166666666666667,0.09114149305555555,0.26674843275053794,2.2932515672494627,0.916641114765457,506.9907958984375,0.0,0.0,506.9907958984375,634.6907958984375,2849.4019692695233,334.6907958984375,30.0,526.7078302592442,0.0,1,P01_GAMMA02_M002_00,P01_GAMMA02_M002_00,P01,M002,728.6875,1026.96875,298.28125,5.535124944898328,2.0
E52_dbec4f1422e98765afb262aa,8.357466068706529,16.38523852602286,8.357466068706529,322.5402116809159,364.1002534899979,395.72017250733956,0.1707521496628321,0.009166666666666667,0.09114149305555555,0.2710603093850543,2.288939690614946,0.9152936533171705,498.7205017089844,0.0,0.0,498.7205017089844,626.4205017089844,2967.901293805047,326.4205017089844,30.0,532.540211680916,0.0,1,P01_GAMMA02_M002_00,P01_GAMMA02_M002_00,P01,M002,728.6875,1026.96875,298.28125,6.357466068706529,2.0
E52_de2c36302e014a6d0284c896,7.052722412956243,15.994052628622484,7.052722412956243,325.41177480357015,364.7238282296769,414.95122905049965,0.1744969638873427,0.009166666666666667,0.09114149305555555,0.2748051236095649,2.2851948763904355,0.914123398872011,471.74464111328126,0.0,0.0,471.74464111328126,599.4446411132812,3112.134217878747,325.15069580078125,30.0,535.4117748035701,0.0,1,P01_GAMMA02_M002_00,P01_GAMMA02_M002_00,P01,M002,728.6875,1026.96875,298.28125,5.052722412956243,2.0
E52_f2fabdd802684ffd17ed2273,9.21796744906014,16.925225818485302,9.21796744906014,275.2104023505881,304.60508466259984,374.0527108291059,0.15085104647056902,0.009166666666666667,0.09114149305555555,0.2511592061927912,2.3088407938072093,0.9215127480647527,352.73618774414064,0.0,0.0,352.73618774414064,480.4361877441406,2805.395331218294,291.6474609375,30.0,485.2104023505881,0.0,1,P01_GAMMA02_M002_00,P01_GAMMA02_M002_00,P01,M002,728.6875,1026.96875,298.28125,7.21796744906014,2.0
E52_01234cac2d25748209cb57e8,7.294017028050888,5.963634638729843,5.963634638729843,275.78386787661753,295.55487261701467,419.772700963196,0.15719547582798327,0.009166666666666667,0.0023489583333333335,0.16871110082798327,2.391288899172017,0.9472777809912553,248.53977661132814,11.2877197265625,11.2877197265625,248.53977661132814,376.2397766113281,3148.2952572239697,326.2397766113281,30.0,485.78386787661753,0.0,1,P01_GAMMA02_M002_01,P01_GAMMA02_M002_01,P01,M002,1039.6875,1047.375,7.6875,3.963634638729843,2.0
E52_06eb0baa948af7ff52881bcf,8.964167043301217,16.258674653736037,8.964167043301217,296.7597053393259,328.36499963050426,403.88764493158146,0.16274021246714285,0.009166666666666667,0.0023489583333333335,0.17425583746714285,2.3857441625328577,0.9455450507915178,379.26353149414064,0.0,0.0,379.26353149414064,506.9635314941406,3029.157336986861,306.9635314941406,30.0,506.7597053393259,0.0,1,P01_GAMMA02_M002_01,P01_GAMMA02_M002_01,P01,M002,1039.6875,1047.375,7.6875,6.964167043301217,2.0
E52_0c9d91fc306062a18ada9948,7.076970068042172,15.697900697510477,7.076970068042172,331.42241999480143,370.2725110389095,429.7442937249544,0.1787296459836012,0.009166666666666667,0.0023489583333333335,0.1902452709836012,2.369754729016399,0.9405483528176246,466.2010925292969,0.0,0.0,466.2010925292969,593.9010925292969,3223.082202937158,326.7436828613281,30.0,541.4224199948014,0.0,1,P01_GAMMA02_M002_01,P01_GAMMA02_M002_01,P01,M002,1039.6875,1047.375,7.6875,5.076970068042172,2.0
E52_189eb019491ad876aa165071,7.142223372290957,3.8094716871601975,3.8094716871601975,403.09916814168594,448.35288467407526,534.676037089036,0.21908171065325852,0.009166666666666667,0.0023489583333333335,0.23059733565325852,2.329402664346742,0.9279383326083567,543.0445983886718,0.0,0.0,543.0445983886718,670.7445983886719,4010.07027816777,391.87322998046875,30.0,613.0991681416859,0.0,1,P01_GAMMA02_M002_01,P01_GAMMA02_M002_01,P01,M002,1039.6875,1047.375,7.6875,1.8094716871601975,2.0
E52_1eac4bbcd37cec5d48241661,7.374672009407931,6.04580255430777,6.04580255430777,275.66392246828667,298.30930922772677,415.4555243799327,0.1568759382441215,0.009166666666666667,0.0023489583333333335,0.1683915632441215,2.391608436755879,0.9473776364862121,271.74464111328126,0.0,0.0,271.74464111328126,399.44464111328125,3115.9164328494953,326.2397766113281,30.0,485.66392246828667,0.0,1,P01_GAMMA02_M002_01,P01_GAMMA02_M002_01,P01,M002,1039.6875,1047.375,7.6875,4.04580255430777,2.0
E52_214ce9a3b3bd3fa9c582335a,5.999947902669518,15.138353346483314,5.999947902669518,331.46735474952504,365.31699057309277,459.8368945576438,0.1830074384559416,0.009166666666666667,0.0023489583333333335,0.1945230634559416,2.365476936544059,0.9392115426700183,406.1956298828125,0.0,0.0,406.1956298828125,533.8956298828125,3448.7767091823284,283.8956298828125,30.0,541.467354749525,0.0,1,P01_GAMMA02_M002_01,P01_GAMMA02_M002_01,P01,M002,1039.6875,1047.375,7.6875,3.9999479026695184,2.0
E52_231555d7070bcf1a0911e332,7.411357884556111,5.981962334569488,5.981962334569488,303.4113952968874,335.0249979987103,417.14117438283733,0.1669828432889251,0.009166666666666667,0.0023489583333333335,0.1784984682889251,2.3815015317110753,0.9442192286597109,379.363232421875,0.0,0.0,379.363232421875,507.063232421875,3128.55880787128,326.2397766113281,30.0,513.4113952968873,0.0,1,P01_GAMMA02_M002_01,P01_GAMMA02_M002_01,P01,M002,1039.6875,1047.375,7.6875,3.981962334569488,2.0
E52_246111a1ef063bec9e89ec9e,8.983575197582809,13.03223549741864,8.983575197582809,413.11352328410356,453.07003166626504,586.4879962752384,0.22998101771643822,0.009166666666666667,0.0023489583333333335,0.24149664271643823,2.3185033572835625,0.924532299151113,479.4781005859375,0.0,0.0,479.4781005859375,607.1781005859375,4398.659972064288,469.28277587890625,30.0,623.1135232841036,0.0,1,P01_GAMMA02_M002_01,P01_GAMMA02_M002_01,P01,M002,1039.6875,1047.375,7.6875,6.983575197582809,2.0
E52_24db349315b2a6b84dd4215d,6.593701441465981,5.686957833295324,5.686957833295324,283.5201066466774,305.8382661315407,433.1312563841751,0.1621732249548407,0.009166666666666667,0.0023489583333333335,0.1736888499548407,2.38631115004516,0.9457222343891123,267.8179138183594,0.0,0.0,267.8179138183594,395.5179138183594,3248.4844228813135,322.1230773925781,30.0,493.5201066466774,0.0,1,P01_GAMMA02_M002_01,P01_GAMMA02_M002_01,P01,M002,1039.6875,1047.375,7.6875,3.686957833295324,2.0
E52_27bf01e9e990859ae5993708,7.376005735978794,15.932490639468014,7.376005735978794,318.6138217216496,355.0514931287134,418.60161500091635,0.17259630304263499,0.009166666666666667,0.0023489583333333335,0.184111928042635,2.3758880719573656,0.9424650224866765,437.25205688476564,0.0,0.0,437.25205688476564,564.9520568847656,3139.5121125068727,326.2397766113281,30.0,528.6138217216496,0.0,1,P01_GAMMA02_M002_01,P01_GAMMA02_M002_01,P01,M002,1039.6875,1047.375,7.6875,5.376005735978794,2.0
E52_27fdcb9bc2da20af468e67a1,6.6128705631240905,15.630401191469062,6.6128705631240905,333.5201066466774,372.5049327982074,433.1312563841751,0.1799553449394086,0.009166666666666667,0.0023489583333333335,0.1914709699394086,2.368529030060592,0.9401653218939348,467.8179138183594,0.0,0.0,467.8179138183594,595.5179138183594,3248.4844228813135,322.1230773925781,30.0,543.5201066466774,0.0,1,P01_GAMMA02_M002_01,P01_GAMMA02_M002_01,P01,M002,1039.6875,1047.375,7.6875,4.6128705631240905,2.0
E52_2cea01313b8862fcfb6b2e63,2.7294795555300198,16.460055432828085,2.7294795555300198,259.5957489704318,280.08528245838755,396.2542970131293,0.148442074342722,0.009166666666666667,0.0023489583333333335,0.159957699342722,2.4000423006572786,0.9500132189553994,245.87440185546876,0.0,0.0,245.87440185546876,373.57440185546875,2971.90722759847,231.8917236328125,30.0,469.5957489704318,0.0,1,P01_GAMMA02_M002_01,P01_GAMMA02_M002_01,P01,M002,1039.6875,1047.375,7.6875,0.7294795555300198,2.0
E52_326bd9096774308657b14836,7.903861133609908,6.820761438549596,6.820761438549596,254.20783025924425,275.6237299174474,379.92026256926977,0.1442126230476059,0.009166666666666667,0.0023489583333333335,0.1557282480476059,2.4042717519523946,0.9513349224851232,256.9907958984375,0.0,0.0,256.9907958984375,384.6907958984375,2849.4019692695233,334.6907958984375,30.0,464.20783025924425,0.0,1,P01_GAMMA02_M002_01,P01_GAMMA02_M002_01,P01,M002,1039.6875,1047.375,7.6875,4.820761438549596,2.0
E52_347c51b45a583dd4c5a4aad0,4.604240888500755,10.359339260709504,4.604240888500755,545.8106765870443,594.6474365357748,798.6007934817058,0.3072138543106079,0.009166666666666667,0.0023489583333333335,0.31872947931060785,2.2412705206893926,0.9003970377154351,586.0411193847656,0.0,0.0,586.0411193847656,713.7411193847656,5989.505951112793,425.30462646484375,30.0,755.8106765870443,0.0,1,P01_GAMMA02_M002_01,P01_GAMMA02_M002_01,P01,M002,1039.6875,1047.375,7.6875,2.6042408885007546,2.0
E52_437c6a333219b14c3939f26c,7.382550861448252,6.0194831627628105,6.0194831627628105,277.09771274073506,296.211315442558,417.14117438283733,0.1570562493971614,0.009166666666666667,0.0023489583333333335,0.1685718743971614,2.391428125602839,0.9473212892508871,248.53977661132814,19.176544189453125,19.176544189453125,248.53977661132814,376.2397766113281,3128.55880787128,326.2397766113281,30.0,487.09771274073506,0.0,1,P01_GAMMA02_M002_01,P01_GAMMA02_M002_01,P01,M002,1039.6875,1047.375,7.6875,4.0194831627628105,2.0
E52_44ed69e1d99dc074a7941a18,3.917002608473453,8.900383690419545,3.917002608473453,188.27556058823757,199.0276355292369,299.7078152072368,0.1090911242968749,0.009166666666666667,0.0023489583333333335,0.1206067492968749,2.4393932507031257,0.9623103908447266,139.59420471191407,10.569305419921875,10.569305419921875,139.59420471191407,267.29420471191406,2247.808614054276,217.29420471191406,30.0,398.27556058823757,0.0,1,P01_GAMMA02_M002_01,P01_GAMMA02_M002_01,P01,M002,1039.6875,1047.375,7.6875,1.917002608473453,2.0
E52_47db2d0d55c92154c779a4c9,9.392662760855558,16.45726286038159,9.392662760855558,312.62709924858126,351.3219092257948,393.08533863388124,0.16685347284684848,0.009166666666666667,0.0023489583333333335,0.17836909784684848,2.381630902153152,0.9442596569228598,464.3377197265625,0.0,0.0,464.3377197265625,592.0377197265625,2948.1400397541092,295.61395263671875,30.0,522.6270992485813,0.0,1,P01_GAMMA02_M002_01,P01_GAMMA02_M002_01,P01,M002,1039.6875,1047.375,7.6875,7.392662760855558,2.0
E52_4cf0fac9feb721651efb2830,4.609186996322265,17.82597875173802,4.609186996322265,242.69354898018014,267.32891198677197,337.5749199208095,0.13412057160327687,0.009166666666666667,0.0023489583333333335,0.14563619660327687,2.4143638033967236,0.954488688561476,295.6243560791016,0.0,0.0,295.6243560791016,423.32435607910156,2531.8118994060715,217.31182861328125,30.0,452.69354898018014,0.0,1,P01_GAMMA02_M002_01,P01_GAMMA02_M002_01,P01,M002,1039.6875,1047.375,7.6875,2.609186996322265,2.0
E52_515a3b7c8d98426ee13f2b4e,4.231654403756977,17.07508762021844,4.231654403756977,242.68536134104386,262.0561394884234,369.14605379781034,0.13858886614696947,0.009166666666666667,0.0023489583333333335,0.15010449114696947,2.409895508853031,0.953092346516572,232.4493377685547,0.0,0.0,232.4493377685547,360.1493377685547,2768.5954034835777,210.1493377685547,30.0,452.68536134104386,0.0,1,P01_GAMMA02_M002_01,P01_GAMMA02_M002_01,P01,M002,1039.6875,1047.375,7.6875,2.231654403756977,2.0
E52_60b76d98beea93305f35c25d,2.8769660013120273,16.79058398580294,2.8769660013120273,271.8613885249859,299.0873836523459,380.3668062858116,0.15055421784231732,0.009166666666666667,0.0023489583333333335,0.16206984284231732,2.397930157157683,0.9493531741117759,326.7119415283203,0.0,0.0,326.7119415283203,454.4119415283203,2852.751047143587,241.2421875,30.0,481.8613885249859,0.0,1,P01_GAMMA02_M002_01,P01_GAMMA02_M002_01,P01,M002,1039.6875,1047.375,7.6875,0.8769660013120273,2.0
E52_68694062ed2e2e792aeb51a9,2.2576049122338304,17.695890544520793,2.2576049122338304,262.3147609906027,292.8212075746684,341.5908424768108,0.1416674545099547,0.009166666666666667,0.0023489583333333335,0.1531830795099547,2.406816920490046,0.9521302876531391,366.0773590087891,0.0,0.0,366.0773590087891,493.77735900878906,2561.931318576081,213.8477783203125,30.0,472.3147609906027,0.0,1,P01_GAMMA02_M002_01,P01_GAMMA02_M002_01,P01,M002,1039.6875,1047.375,7.6875,0.2576049122338304,2.0
E52_6aa461eda22a4c53e6730e81,7.998424802179883,6.478254834226846,6.478254834226846,265.8104536255181,288.3542041341444,395.1560268799425,0.15046620221455187,0.009166666666666667,0.0023489583333333335,0.16198182721455187,2.3980181727854486,0.9493806789954525,271.555615234375,1.030609130859375,1.030609130859375,271.555615234375,399.255615234375,2963.670201599569,349.255615234375,30.0,475.8104536255181,0.0,1,P01_GAMMA02_M002_01,P01_GAMMA02_M002_01,P01,M002,1039.6875,1047.375,7.6875,4.478254834226846,2.0
E52_6dc095df8eb6475486134b5c,8.539960613425578,12.905188948092743,8.539960613425578,424.06014837873875,466.2734748964797,594.8403376510322,0.23505698741925235,0.009166666666666667,0.0023489583333333335,0.24657261241925235,2.3134273875807483,0.9229460586189836,506.55991821289064,0.0,0.0,506.55991821289064,634.2599182128906,4461.302532382741,440.2059631347656,30.0,634.0601483787387,0.0,1,P01_GAMMA02_M002_01,P01_GAMMA02_M002_01,P01,M002,1039.6875,1047.375,7.6875,6.539960613425578,2.0
E52_73baea82bbbffa2db9d7426a,7.028605267098683,5.711384152670419,5.711384152670419,297.3854850658978,324.64222792478455,431.2305129784753,0.16683515196021612,0.009166666666666667,0.0023489583333333335,0.17835077696021612,2.3816492230397843,0.9442653821999325,327.08091430664064,0.0,0.0,327.08091430664064,454.7809143066406,3234.2288473385647,335.390380859375,30.0,507.3854850658978,0.0,1,P01_GAMMA02_M002_01,P01_GAMMA02_M002_01,P01,M002,1039.6875,1047.375,7.6875,3.711384152670419,2.0
E52_74b3fb0a4920873efc33101b,9.355052271082386,6.525083879148042,6.525083879148042,262.62709924858126,284.6552425591281,393.08533863388124,0.14907135286228057,0.009166666666666667,0.0023489583333333335,0.16058697786228057,2.39941302213772,0.9498165694180374,264.3377197265625,0.0,0.0,264.3377197265625,392.0377197265625,2948.1400397541092,295.61395263671875,30.0,472.62709924858126,0.0,1,P01_GAMMA02_M002_01,P01_GAMMA02_M002_01,P01,M002,1039.6875,1047.375,7.6875,4.525083879148042,2.0
E52_76b4f0bdabd1ccab126282dd,3.0110332753638573,17.180198899819032,3.0110332753638573,244.7670432960008,265.6078646257534,364.489158613486,0.13866967590706417,0.009166666666666667,0.0023489583333333335,0.15018530090706417,2.4098146990929363,0.9530670934665424,250.08985595703126,0.0,0.0,250.08985595703126,377.78985595703125,2733.6686896011447,241.2421875,30.0,454.7670432960008,0.0,1,P01_GAMMA02_M002_01,P01_GAMMA02_M002_01,P01,M002,1039.6875,1047.375,7.6875,1.0110332753638573,2.0
E52_82c821a5773d0bfbe554f10a,2.5903618030878164,11.397135806608844,2.5903618030878164,512.9354114719376,566.0737563002253,707.0407539741487,0.2825549862639304,0.009166666666666667,0.0023489583333333335,0.29407061126393036,2.2659293887360703,0.9081029339800217,637.6601379394531,0.0,0.0,637.6601379394531,765.3601379394531,5302.805654806116,465.3601379394531,30.0,722.9354114719376,0.0,1,P01_GAMMA02_M002_01,P01_GAMMA02_M002_01,P01,M002,1039.6875,1047.375,7.6875,0.5903618030878164,2.0
E52_8ca7795ffa642a3b129c0a3d,7.059871809152497,15.730152054416479,7.059871809152497,330.94608252023,369.9122522589995,428.0951466078428,0.17832668261553564,0.009166666666666667,0.0023489583333333335,0.18984230761553564,2.3701576923844647,0.9406742788701451,467.5940368652344,0.0,0.0,467.5940368652344,595.2940368652344,3210.713599558821,335.390380859375,30.0,540.94608252023,0.0,1,P01_GAMMA02_M002_01,P01_GAMMA02_M002_01,P01,M002,1039.6875,1047.375,7.6875,5.059871809152497,2.0
E52_9026ce0d2a5dd9a75ef73c8e,9.187696072190846,6.720084116703532,6.720084116703532,248.61637070099954,267.37077642202814,384.70630707582717,0.14290187810434732,0.009166666666666667,0.0023489583333333335,0.15441750310434732,2.4055824968956534,0.9517445302798915,225.05286865234376,0.0,0.0,225.05286865234376,352.75286865234375,2885.297303068704,302.75286865234375,30.0,458.61637070099954,0.0,1,P01_GAMMA02_M002_01,P01_GAMMA02_M002_01,P01,M002,1039.6875,1047.375,7.6875,4.720084116703532,2.0
E52_a3836b1674b2d70f748125c1,3.799184617198435,18.388582284998307,3.799184617198435,238.77143733771516,265.74771093797557,315.68523307386783,0.1296256139323784,0.009166666666666667,0.0023489583333333335,0.1411412389323784,2.418858761067622,0.9558933628336318,323.715283203125,0.0,0.0,323.715283203125,451.415283203125,2367.639248054009,217.29420471191406,30.0,448.77143733771516,0.0,1,P01_GAMMA02_M002_01,P01_GAMMA02_M002_01,P01,M002,1039.6875,1047.375,7.6875,1.799184617198435,2.0
E52_afb1e3673ff3adbe9c45b8fc,9.615578117164375,6.956106286850726,6.956106286850726,250.21040235058808,271.27175132926646,374.0527108291059,0.1419599864782851,0.009166666666666667,0.0023489583333333335,0.1534756114782851,2.4065243885217154,0.9520388714130359,252.73618774414064,0.0,0.0,252.73618774414064,380.4361877441406,2805.395331218294,291.6474609375,30.0,460.2104023505881,0.0,1,P01_GAMMA02_M002_01,P01_GAMMA02_M002_01,P01,M002,1039.6875,1047.375,7.6875,4.956106286850726,2.0
E52_b60e4d2a4cdcd5801a5d757f,7.591960678833772,16.480566458341656,7.591960678833772,308.26023760270465,345.626388522301,392.32356968783114,0.16519254750221457,0.009166666666666667,0.0023489583333333335,0.17670817250221457,2.383291827497786,0.944778696093058,448.39381103515626,0.0,0.0,448.39381103515626,576.0938110351562,2942.4267726587336,326.2397766113281,30.0,518.2602376027046,0.0,1,P01_GAMMA02_M002_01,P01_GAMMA02_M002_01,P01,M002,1039.6875,1047.375,7.6875,5.591960678833772,2.0
E52_be69bdf55826f2eb34075d09,2.175599160298475,12.029424972929434,2.175599160298475,457.6877788138426,500.48965717077624,658.5642874860837,0.25604119113741575,0.009166666666666667,0.0023489583333333335,0.2675568161374157,2.2924431838625847,0.9163884949570575,513.6225402832031,0.0,0.0,513.6225402832031,641.3225402832031,4939.232156145627,341.3225402832031,30.0,667.6877788138427,0.0,1,P01_GAMMA02_M002_01,P01_GAMMA02_M002_01,P01,M002,1039.6875,1047.375,7.6875,0.175599160298475,2.0
E52_c0294c7ff44d44fc4ede8d97,7.931445073748691,16.7256600789149,7.931445073748691,316.70783025924425,358.9570632507807,379.92026256926977,0.16644027302831577,0.009166666666666667,0.0023489583333333335,0.17795589802831577,2.382044101971685,0.9443887818661514,506.9907958984375,0.0,0.0,506.9907958984375,634.6907958984375,2849.4019692695233,334.6907958984375,30.0,526.7078302592442,0.0,1,P01_GAMMA02_M002_01,P01_GAMMA02_M002_01,P01,M002,1039.6875,1047.375,7.6875,5.931445073748691,2.0
E52_c10a50247c57c0340b451298,9.447785672322226,3.1495087650690863,3.1495087650690863,410.4813485396202,450.8988478275434,578.4577013517014,0.22790762835174688,0.009166666666666667,0.0023489583333333335,0.23942325335174688,2.3205767466482534,0.9251802333275791,485.00999145507814,0.0,0.0,485.00999145507814,612.7099914550781,4338.432760137761,515.4917602539062,30.0,620.4813485396203,0.0,1,P01_GAMMA02_M002_01,P01_GAMMA02_M002_01,P01,M002,1039.6875,1047.375,7.6875,1.1495087650690863,2.0
E52_d22cbe82615c6d2ee0ebf49f,7.1019907640014,15.758568264926964,7.1019907640014,318.17309843891866,352.9726015110215,427.5491784452201,0.1737067461230003,0.009166666666666667,0.0023489583333333335,0.1852223711230003,2.374777628877,0.9421180090240624,417.5940368652344,0.0,0.0,417.5940368652344,545.2940368652344,3206.618838339151,335.390380859375,30.0,528.1730984389187,0.0,1,P01_GAMMA02_M002_01,P01_GAMMA02_M002_01,P01,M002,1039.6875,1047.375,7.6875,5.1019907640014,2.0
E52_dbec4f1422e98765afb262aa,8.83079079719343,16.38523852602286,8.83079079719343,322.5402116809159,364.1002534899979,395.72017250733956,0.1707521496628321,0.009166666666666667,0.0023489583333333335,0.1822677746628321,2.3777322253371684,0.9430413204178649,498.7205017089844,0.0,0.0,498.7205017089844,626.4205017089844,2967.901293805047,326.4205017089844,30.0,532.540211680916,0.0,1,P01_GAMMA02_M002_01,P01_GAMMA02_M002_01,P01,M002,1039.6875,1047.375,7.6875,6.83079079719343,2.0
E52_de2c36302e014a6d0284c896,7.441769817371693,15.994052628622484,7.441769817371693,325.41177480357015,364.7238282296769,414.95122905049965,0.1744969638873427,0.009166666666666667,0.0023489583333333335,0.1860125888873427,2.3739874111126578,0.9418710659727054,471.74464111328126,0.0,0.0,471.74464111328126,599.4446411132812,3112.134217878747,325.15069580078125,30.0,535.4117748035701,0.0,1,P01_GAMMA02_M002_01,P01_GAMMA02_M002_01,P01,M002,1039.6875,1047.375,7.6875,5.441769817371693,2.0
E52_e0325aad0b87e7c07e10fc2c,7.345827959239301,5.987785159048158,5.987785159048158,275.1983248954777,294.96932963587483,418.60161500091635,0.15682137892336617,0.009166666666666667,0.0023489583333333335,0.16833700392336617,2.3916629960766342,0.9473946862739481,248.53977661132814,11.2877197265625,11.2877197265625,248.53977661132814,376.2397766113281,3139.5121125068727,326.2397766113281,30.0,485.1983248954777,0.0,1,P01_GAMMA02_M002_01,P01_GAMMA02_M002_01,P01,M002,1039.6875,1047.375,7.6875,3.9877851590481583,2.0
E52_e0cd6bab1a22c4530d9a254c,8.793423872788125,6.471069764274475,6.471069764274475,260.0402116809159,280.7669201566646,395.72017250733956,0.14852449968212222,0.009166666666666667,0.0023489583333333335,0.16004012468212223,2.399959875317878,0.9499874610368368,248.7205017089844,0.0,0.0,248.7205017089844,376.4205017089844,2967.901293805047,326.4205017089844,30.0,470.0402116809159,0.0,1,P01_GAMMA02_M002_01,P01_GAMMA02_M002_01,P01,M002,1039.6875,1047.375,7.6875,4.471069764274475,2.0
E52_ea76d341ab82f2ebc1fa1efe,7.419537982727434,6.056283714240493,6.056283714240493,275.41177480357015,298.05716156301025,414.95122905049965,0.15671484390277482,0.009166666666666667,0.0023489583333333335,0.16823046890277482,2.391769531097226,0.9474279784678828,271.74464111328126,0.0,0.0,271.74464111328126,399.44464111328125,3112.134217878747,325.15069580078125,30.0,485.41177480357015,0.0,1,P01_GAMMA02_M002_01,P01_GAMMA02_M002_01,P01,M002,1039.6875,1047.375,7.6875,4.056283714240493,2.0
E52_eab18c460278cfbad2c20da0,2.243021940832861,7.760329046990023,2.243021940832861,212.31476099060268,226.15454090800176,341.5908424768108,0.12388533452538679,0.009166666666666667,0.0023489583333333335,0.1354009595253868,2.4245990404746136,0.9576872001483167,166.07735900878907,0.0,0.0,166.07735900878907,293.77735900878906,2561.931318576081,213.8477783203125,30.0,422.3147609906027,0.0,1,P01_GAMMA02_M002_01,P01_GAMMA02_M002_01,P01,M002,1039.6875,1047.375,7.6875,0.2430219408328611,2.0
E52_eddf192c3626d88d236d26e4,2.043711487645396,17.034187922993553,2.043711487645396,241.72684180786888,260.473536754158,370.9735139380034,0.13850678679446915,0.009166666666666667,0.0023489583333333335,0.15002241179446915,2.4099775882055314,0.9531179963142284,224.96033935546876,0.0,0.0,224.96033935546876,352.66033935546875,2782.3013545350254,199.07135009765625,30.0,451.7268418078689,0.0,1,P01_GAMMA02_M002_01,P01_GAMMA02_M002_01,P01,M002,1039.6875,1047.375,7.6875,0.04371148764539612,2.0
E52_f2fabdd802684ffd17ed2273,9.648036978076988,16.925225818485302,9.648036978076988,275.2104023505881,304.60508466259984,374.0527108291059,0.15085104647056902,0.009166666666666667,0.0023489583333333335,0.16236667147056902,2.3976333285294316,0.9492604151654472,352.73618774414064,0.0,0.0,352.73618774414064,480.4361877441406,2805.395331218294,291.6474609375,30.0,485.2104023505881,0.0,1,P01_GAMMA02_M002_01,P01_GAMMA02_M002_01,P01,M002,1039.6875,1047.375,7.6875,7.648036978076988,2.0
E52_fd527d975e1813662620f82c,2.585614742132236,12.45056667278017,2.585614742132236,418.2192341110554,452.9085204066283,628.3027504486734,0.23771876612520712,0.009166666666666667,0.0023489583333333335,0.24923439112520712,2.310765608874793,0.9221142527733728,416.271435546875,0.0,0.0,416.271435546875,543.971435546875,4712.2706283650505,306.8754577636719,30.0,628.2192341110554,0.0,1,P01_GAMMA02_M002_01,P01_GAMMA02_M002_01,P01,M002,1039.6875,1047.375,7.6875,0.5856147421322362,2.0
E52_0c9d91fc306062a18ada9948,9.462766521059024,15.697900697510477,9.462766521059024,331.42241999480143,370.2725110389095,429.7442937249544,0.1787296459836012,0.009166666666666667,0.004497395833333333,0.19239370848360118,2.3676062915163993,0.9398769660988746,466.2010925292969,0.0,0.0,466.2010925292969,593.9010925292969,3223.082202937158,326.7436828613281,30.0,541.4224199948014,0.0,1,P01_GAMMA02_M002_02,P01_GAMMA02_M002_02,P01,M002,1131.59375,1146.3125,14.71875,7.462766521059024,2.0
E52_189eb019491ad876aa165071,10.833088274515362,3.8094716871601975,3.8094716871601975,403.09916814168594,448.35288467407526,534.676037089036,0.21908171065325852,0.009166666666666667,0.004497395833333333,0.2327457731532585,2.327254226846742,0.9272669458896067,543.0445983886718,0.0,0.0,543.0445983886718,670.7445983886719,4010.07027816777,391.87322998046875,30.0,613.0991681416859,0.0,1,P01_GAMMA02_M002_02,P01_GAMMA02_M002_02,P01,M002,1131.59375,1146.3125,14.71875,1.8094716871601975,2.0
E52_214ce9a3b3bd3fa9c582335a,8.210033666905133,15.138353346483314,8.210033666905133,331.46735474952504,365.31699057309277,459.8368945576438,0.1830074384559416,0.009166666666666667,0.004497395833333333,0.1966715009559416,2.363328499044059,0.9385401559512683,406.1956298828125,0.0,0.0,406.1956298828125,533.8956298828125,3448.7767091823284,283.8956298828125,30.0,541.467354749525,0.0,1,P01_GAMMA02_M002_02,P01_GAMMA02_M002_02,P01,M002,1131.59375,1146.3125,14.71875,6.210033666905133,2.0
E52_231555d7070bcf1a0911e332,9.78321788041768,5.981962334569488,5.981962334569488,303.4113952968874,335.0249979987103,417.14117438283733,0.1669828432889251,0.009166666666666667,0.004497395833333333,0.1806469057889251,2.3793530942110754,0.9435478419409609,379.363232421875,0.0,0.0,379.363232421875,507.063232421875,3128.55880787128,326.2397766113281,30.0,513.4113952968873,0.0,1,P01_GAMMA02_M002_02,P01_GAMMA02_M002_02,P01,M002,1131.59375,1146.3125,14.71875,3.981962334569488,2.0
E52_246111a1ef063bec9e89ec9e,14.90779386428514,13.03223549741864,13.03223549741864,413.11352328410356,453.07003166626504,586.4879962752384,0.22998101771643822,0.009166666666666667,0.004497395833333333,0.24364508021643821,2.3163549197835622,0.9238609124323631,479.4781005859375,0.0,0.0,479.4781005859375,607.1781005859375,4398.659972064288,469.28277587890625,30.0,623.1135232841036,0.0,1,P01_GAMMA02_M002_02,P01_GAMMA02_M002_02,P01,M002,1131.59375,1146.3125,14.71875,11.03223549741864,2.0
E52_24db349315b2a6b84dd4215d,8.79879349642377,5.686957833295324,5.686957833295324,283.5201066466774,305.8382661315407,433.1312563841751,0.1621732249548407,0.009166666666666667,0.004497395833333333,0.1758372874548407,2.3841627125451597,0.9450508476703623,267.8179138183594,0.0,0.0,267.8179138183594,395.5179138183594,3248.4844228813135,322.1230773925781,30.0,493.5201066466774,0.0,1,P01_GAMMA02_M002_02,P01_GAMMA02_M002_02,P01,M002,1131.59375,1146.3125,14.71875,3.686957833295324,2.0
E52_27bf01e9e990859ae5993708,9.753037579494787,15.932490639468014,9.753037579494787,318.6138217216496,355.0514931287134,418.60161500091635,0.17259630304263499,0.009166666666666667,0.004497395833333333,0.18626036554263498,2.3737396344573654,0.9417936357679266,437.25205688476564,0.0,0.0,437.25205688476564,564.9520568847656,3139.5121125068727,326.2397766113281,30.0,528.6138217216496,0.0,1,P01_GAMMA02_M002_02,P01_GAMMA02_M002_02,P01,M002,1131.59375,1146.3125,14.71875,7.753037579494787,2.0
E52_27fdcb9bc2da20af468e67a1,8.830690301158853,15.630401191469062,8.830690301158853,333.5201066466774,372.5049327982074,433.1312563841751,0.1799553449394086,0.009166666666666667,0.004497395833333333,0.1936194074394086,2.366380592560592,0.9394939351751849,467.8179138183594,0.0,0.0,467.8179138183594,595.5179138183594,3248.4844228813135,322.1230773925781,30.0,543.5201066466774,0.0,1,P01_GAMMA02_M002_02,P01_GAMMA02_M002_02,P01,M002,1131.59375,1146.3125,14.71875,6.830690301158853,2.0
E52_347c51b45a583dd4c5a4aad0,7.564333290577025,10.359339260709504,7.564333290577025,545.8106765870443,594.6474365357748,798.6007934817058,0.3072138543106079,0.009166666666666667,0.004497395833333333,0.32087791681060784,2.2391220831893928,0.8997256509966851,586.0411193847656,0.0,0.0,586.0411193847656,713.7411193847656,5989.505951112793,425.30462646484375,30.0,755.8106765870443,0.0,1,P01_GAMMA02_M002_02,P01_GAMMA02_M002_02,P01,M002,1131.59375,1146.3125,14.71875,5.564333290577025,2.0
E52_44ed69e1d99dc074a7941a18,4.292328624492441,8.900383690419545,4.292328624492441,188.27556058823757,199.0276355292369,299.7078152072368,0.1090911242968749,0.009166666666666667,0.004497395833333333,0.1227551867968749,2.4372448132031255,0.9616390041259766,139.59420471191407,10.569305419921875,10.569305419921875,139.59420471191407,267.29420471191406,2247.808614054276,217.29420471191406,30.0,398.27556058823757,0.0,1,P01_GAMMA02_M002_02,P01_GAMMA02_M002_02,P01,M002,1131.59375,1146.3125,14.71875,2.2923286244924412,2.0
E52_47db2d0d55c92154c779a4c9,12.150449846217299,16.45726286038159,12.150449846217299,312.62709924858126,351.3219092257948,393.08533863388124,0.16685347284684848,0.009166666666666667,0.004497395833333333,0.18051753534684847,2.379482464653152,0.9435882702041098,464.3377197265625,0.0,0.0,464.3377197265625,592.0377197265625,2948.1400397541092,295.61395263671875,30.0,522.6270992485813,0.0,1,P01_GAMMA02_M002_02,P01_GAMMA02_M002_02,P01,M002,1131.59375,1146.3125,14.71875,10.150449846217299,2.0
E52_4cf0fac9feb721651efb2830,5.374577240867453,17.82597875173802,5.374577240867453,242.69354898018014,267.32891198677197,337.5749199208095,0.13412057160327687,0.009166666666666667,0.004497395833333333,0.14778463410327686,2.412215365896724,0.953817301842726,295.6243560791016,0.0,0.0,295.6243560791016,423.32435607910156,2531.8118994060715,217.31182861328125,30.0,452.69354898018014,0.0,1,P01_GAMMA02_M002_02,P01_GAMMA02_M002_02,P01,M002,1131.59375,1146.3125,14.71875,3.3745772408674526,2.0
E52_60b76d98beea93305f35c25d,3.435431014207353,16.79058398580294,3.435431014207353,271.8613885249859,299.0873836523459,380.3668062858116,0.15055421784231732,0.009166666666666667,0.004497395833333333,0.1642182803423173,2.395781719657683,0.9486817873930259,326.7119415283203,0.0,0.0,326.7119415283203,454.4119415283203,2852.751047143587,241.2421875,30.0,481.8613885249859,0.0,1,P01_GAMMA02_M002_02,P01_GAMMA02_M002_02,P01,M002,1131.59375,1146.3125,14.71875,1.435431014207353,2.0
E52_68694062ed2e2e792aeb51a9,2.42566616387262,17.695890544520793,2.42566616387262,262.3147609906027,292.8212075746684,341.5908424768108,0.1416674545099547,0.009166666666666667,0.004497395833333333,0.15533151700995468,2.4046684829900458,0.9514589009343891,366.0773590087891,0.0,0.0,366.0773590087891,493.77735900878906,2561.931318576081,213.8477783203125,30.0,472.3147609906027,0.0,1,P01_GAMMA02_M002_02,P01_GAMMA02_M002_02,P01,M002,1131.59375,1146.3125,14.71875,0.42566616387262,2.0
E52_6dc095df8eb6475486134b5c,14.043376956693507,12.905188948092743,12.905188948092743,424.06014837873875,466.2734748964797,594.8403376510322,0.23505698741925235,0.009166666666666667,0.004497395833333333,0.24872104991925234,2.311278950080748,0.9222746719002336,506.55991821289064,0.0,0.0,506.55991821289064,634.2599182128906,4461.302532382741,440.2059631347656,30.0,634.0601483787387,0.0,1,P01_GAMMA02_M002_02,P01_GAMMA02_M002_02,P01,M002,1131.59375,1146.3125,14.71875,10.905188948092743,2.0
E52_73baea82bbbffa2db9d7426a,9.40767203735092,5.711384152670419,5.711384152670419,297.3854850658978,324.64222792478455,431.2305129784753,0.16683515196021612,0.009166666666666667,0.004497395833333333,0.1804992144602161,2.3795007855397845,0.9435939954811825,327.08091430664064,0.0,0.0,327.08091430664064,454.7809143066406,3234.2288473385647,335.390380859375,30.0,507.3854850658978,0.0,1,P01_GAMMA02_M002_02,P01_GAMMA02_M002_02,P01,M002,1131.59375,1146.3125,14.71875,3.711384152670419,2.0
E52_74b3fb0a4920873efc33101b,2.0797481717490314,6.525083879148042,2.0797481717490314,262.62709924858126,284.6552425591281,393.08533863388124,0.14907135286228057,0.009166666666666667,0.004497395833333333,0.16273541536228056,2.39726458463772,0.9491451826992874,264.3377197265625,0.0,0.0,264.3377197265625,392.0377197265625,2948.1400397541092,295.61395263671875,30.0,472.62709924858126,0.0,1,P01_GAMMA02_M002_02,P01_GAMMA02_M002_02,P01,M002,1131.59375,1146.3125,14.71875,0.07974817174903137,2.0
E52_76b4f0bdabd1ccab126282dd,3.5244306816541666,17.180198899819032,3.5244306816541666,244.7670432960008,265.6078646257534,364.489158613486,0.13866967590706417,0.009166666666666667,0.004497395833333333,0.15233373840706416,2.4076662615929365,0.9523957067477925,250.08985595703126,0.0,0.0,250.08985595703126,377.78985595703125,2733.6686896011447,241.2421875,30.0,454.7670432960008,0.0,1,P01_GAMMA02_M002_02,P01_GAMMA02_M002_02,P01,M002,1131.59375,1146.3125,14.71875,1.5244306816541666,2.0
E52_8ca7795ffa642a3b129c0a3d,9.417900809184559,15.730152054416479,9.417900809184559,330.94608252023,369.9122522589995,428.0951466078428,0.17832668261553564,0.009166666666666667,0.004497395833333333,0.19199074511553563,2.368009254884465,0.9400028921513951,467.5940368652344,0.0,0.0,467.5940368652344,595.2940368652344,3210.713599558821,335.390380859375,30.0,540.94608252023,0.0,1,P01_GAMMA02_M002_02,P01_GAMMA02_M002_02,P01,M002,1131.59375,1146.3125,14.71875,7.417900809184559,2.0
E52_a3836b1674b2d70f748125c1,4.241684235906703,18.388582284998307,4.241684235906703,238.77143733771516,265.74771093797557,315.68523307386783,0.1296256139323784,0.009166666666666667,0.004497395833333333,0.1432896764323784,2.416710323567622,0.9552219761148818,323.715283203125,0.0,0.0,323.715283203125,451.415283203125,2367.639248054009,217.29420471191406,30.0,448.77143733771516,0.0,1,P01_GAMMA02_M002_02,P01_GAMMA02_M002_02,P01,M002,1131.59375,1146.3125,14.71875,2.2416842359067033,2.0
E52_afb1e3673ff3adbe9c45b8fc,2.048489860184972,6.956106286850726,2.048489860184972,250.21040235058808,271.27175132926646,374.0527108291059,0.1419599864782851,0.009166666666666667,0.004497395833333333,0.15562404897828508,2.4043759510217155,0.9513674846942859,252.73618774414064,0.0,0.0,252.73618774414064,380.4361877441406,2805.395331218294,291.6474609375,30.0,460.2104023505881,0.0,1,P01_GAMMA02_M002_02,P01_GAMMA02_M002_02,P01,M002,1131.59375,1146.3125,14.71875,0.048489860184972144,2.0
E52_b60e4d2a4cdcd5801a5d757f,9.70421999033357,16.480566458341656,9.70421999033357,308.26023760270465,345.626388522301,392.32356968783114,0.16519254750221457,0.009166666666666667,0.004497395833333333,0.17885661000221456,2.381143389997786,0.944107309374308,448.39381103515626,0.0,0.0,448.39381103515626,576.0938110351562,2942.4267726587336,326.2397766113281,30.0,518.2602376027046,0.0,1,P01_GAMMA02_M002_02,P01_GAMMA02_M002_02,P01,M002,1131.59375,1146.3125,14.71875,7.70421999033357,2.0
E52_be69bdf55826f2eb34075d09,3.8246821564771523,12.029424972929434,3.8246821564771523,457.6877788138426,500.48965717077624,658.5642874860837,0.25604119113741575,0.009166666666666667,0.004497395833333333,0.2697052536374157,2.290294746362585,0.9157171082383075,513.6225402832031,0.0,0.0,513.6225402832031,641.3225402832031,4939.232156145627,341.3225402832031,30.0,667.6877788138427,0.0,1,P01_GAMMA02_M002_02,P01_GAMMA02_M002_02,P01,M002,1131.59375,1146.3125,14.71875,1.8246821564771523,2.0
E52_c0294c7ff44d44fc4ede8d97,9.981214523186011,16.7256600789149,9.981214523186011,316.70783025924425,358.9570632507807,379.92026256926977,0.16644027302831577,0.009166666666666667,0.004497395833333333,0.18010433552831576,2.3798956644716847,0.9437173951474014,506.9907958984375,0.0,0.0,506.9907958984375,634.6907958984375,2849.4019692695233,334.6907958984375,30.0,526.7078302592442,0.0,1,P01_GAMMA02_M002_02,P01_GAMMA02_M002_02,P01,M002,1131.59375,1146.3125,14.71875,7.981214523186011,2.0
E52_c10a50247c57c0340b451298,15.855704401125038,3.1495087650690863,3.1495087650690863,410.4813485396202,450.8988478275434,578.4577013517014,0.22790762835174688,0.009166666666666667,0.004497395833333333,0.24157169085174687,2.3184283091482536,0.9245088466088291,485.00999145507814,0.0,0.0,485.00999145507814,612.7099914550781,4338.432760137761,515.4917602539062,30.0,620.4813485396203,0.0,1,P01_GAMMA02_M002_02,P01_GAMMA02_M002_02,P01,M002,1131.59375,1146.3125,14.71875,1.1495087650690863,2.0
E52_d22cbe82615c6d2ee0ebf49f,9.471860459741961,15.758568264926964,9.471860459741961,318.17309843891866,352.9726015110215,427.5491784452201,0.1737067461230003,0.009166666666666667,0.004497395833333333,0.1873708086230003,2.3726291913770003,0.9414466223053124,417.5940368652344,0.0,0.0,417.5940368652344,545.2940368652344,3206.618838339151,335.390380859375,30.0,528.1730984389187,0.0,1,P01_GAMMA02_M002_02,P01_GAMMA02_M002_02,P01,M002,1131.59375,1146.3125,14.71875,7.471860459741961,2.0
E52_dbec4f1422e98765afb262aa,11.43990872481676,16.38523852602286,11.43990872481676,322.5402116809159,364.1002534899979,395.72017250733956,0.1707521496628321,0.009166666666666667,0.004497395833333333,0.18441621216283208,2.3755837878371686,0.9423699336991149,498.7205017089844,0.0,0.0,498.7205017089844,626.4205017089844,2967.901293805047,326.4205017089844,30.0,532.540211680916,0.0,1,P01_GAMMA02_M002_02,P01_GAMMA02_M002_02,P01,M002,1131.59375,1146.3125,14.71875,9.43990872481676,2.0
E52_de2c36302e014a6d0284c896,9.79882746678416,15.994052628622484,9.79882746678416,325.41177480357015,364.7238282296769,414.95122905049965,0.1744969638873427,0.009166666666666667,0.004497395833333333,0.1881610263873427,2.371838973612658,0.9411996792539554,471.74464111328126,0.0,0.0,471.74464111328126,599.4446411132812,3112.134217878747,325.15069580078125,30.0,535.4117748035701,0.0,1,P01_GAMMA02_M002_02,P01_GAMMA02_M002_02,P01,M002,1131.59375,1146.3125,14.71875,7.798827466784161,2.0
E52_eab18c460278cfbad2c20da0,2.410508809173834,7.760329046990023,2.410508809173834,212.31476099060268,226.15454090800176,341.5908424768108,0.12388533452538679,0.009166666666666667,0.004497395833333333,0.1375493970253868,2.422450602974614,0.9570158134295667,166.07735900878907,0.0,0.0,166.07735900878907,293.77735900878906,2561.931318576081,213.8477783203125,30.0,422.3147609906027,0.0,1,P01_GAMMA02_M002_02,P01_GAMMA02_M002_02,P01,M002,1131.59375,1146.3125,14.71875,0.4105088091738338,2.0
E52_eddf192c3626d88d236d26e4,2.311580179847013,17.034187922993553,2.311580179847013,241.72684180786888,260.473536754158,370.9735139380034,0.13850678679446915,0.009166666666666667,0.004497395833333333,0.15217084929446914,2.407829150705531,0.9524466095954784,224.96033935546876,0.0,0.0,224.96033935546876,352.66033935546875,2782.3013545350254,199.07135009765625,30.0,451.7268418078689,0.0,1,P01_GAMMA02_M002_02,P01_GAMMA02_M002_02,P01,M002,1131.59375,1146.3125,14.71875,0.31158017984701303,2.0
E52_f2fabdd802684ffd17ed2273,2.1632881821468004,16.925225818485302,2.1632881821468004,275.2104023505881,304.60508466259984,374.0527108291059,0.15085104647056902,0.009166666666666667,0.004497395833333333,0.164515108970569,2.3954848910294313,0.9485890284466972,352.73618774414064,0.0,0.0,352.73618774414064,480.4361877441406,2805.395331218294,291.6474609375,30.0,485.2104023505881,0.0,1,P01_GAMMA02_M002_02,P01_GAMMA02_M002_02,P01,M002,1131.59375,1146.3125,14.71875,0.1632881821468004,2.0
E52_06eb0baa948af7ff52881bcf,2.2568888249876977,16.258674653736037,2.2568888249876977,296.7597053393259,328.36499963050426,403.88764493158146,0.16274021246714285,0.009166666666666667,0.01921180555555556,0.19111868468936505,2.3688813153106354,0.9402754110345735,379.26353149414064,0.0,0.0,379.26353149414064,506.9635314941406,3029.157336986861,306.9635314941406,30.0,506.7597053393259,0.0,1,P01_GAMMA02_M002_03,P01_GAMMA02_M002_03,P01,M002,1169.03125,1231.90625,62.875,0.2568888249876977,2.0
E52_189eb019491ad876aa165071,12.576895267001845,3.8094716871601975,3.8094716871601975,403.09916814168594,448.35288467407526,534.676037089036,0.21908171065325852,0.009166666666666667,0.01921180555555556,0.24746018287548072,2.3125398171245197,0.9226686928514123,543.0445983886718,0.0,0.0,543.0445983886718,670.7445983886719,4010.07027816777,391.87322998046875,30.0,613.0991681416859,0.0,1,P01_GAMMA02_M002_03,P01_GAMMA02_M002_03,P01,M002,1169.03125,1231.90625,62.875,1.8094716871601975,2.0
E52_246111a1ef063bec9e89ec9e,19.311306286613544,13.03223549741864,13.03223549741864,413.11352328410356,453.07003166626504,586.4879962752384,0.22998101771643822,0.009166666666666667,0.01921180555555556,0.2583594899386604,2.30164051006134,0.9192626593941686,479.4781005859375,0.0,0.0,479.4781005859375,607.1781005859375,4398.659972064288,469.28277587890625,30.0,623.1135232841036,0.0,1,P01_GAMMA02_M002_03,P01_GAMMA02_M002_03,P01,M002,1169.03125,1231.90625,62.875,11.03223549741864,2.0
E52_347c51b45a583dd4c5a4aad0,9.093293272209536,10.359339260709504,9.093293272209536,545.8106765870443,594.6474365357748,798.6007934817058,0.3072138543106079,0.009166666666666667,0.01921180555555556,0.3355923265328301,2.2244076734671703,0.8951273979584906,586.0411193847656,0.0,0.0,586.0411193847656,713.7411193847656,5989.505951112793,425.30462646484375,30.0,755.8106765870443,0.0,1,P01_GAMMA02_M002_03,P01_GAMMA02_M002_03,P01,M002,1169.03125,1231.90625,62.875,7.093293272209536,2.0
E52_47db2d0d55c92154c779a4c9,2.453044610018992,16.45726286038159,2.453044610018992,312.62709924858126,351.3219092257948,393.08533863388124,0.16685347284684848,0.009166666666666667,0.01921180555555556,0.1952319450690707,2.36476805493093,0.9389900171659153,464.3377197265625,0.0,0.0,464.3377197265625,592.0377197265625,2948.1400397541092,295.61395263671875,30.0,522.6270992485813,0.0,1,P01_GAMMA02_M002_03,P01_GAMMA02_M002_03,P01,M002,1169.03125,1231.90625,62.875,0.453044610018992,2.0
E52_6dc095df8eb6475486134b5c,17.906485666344906,12.905188948092743,12.905188948092743,424.06014837873875,466.2734748964797,594.8403376510322,0.23505698741925235,0.009166666666666667,0.01921180555555556,0.2634354596414746,2.296564540358526,0.9176764188620392,506.55991821289064,0.0,0.0,506.55991821289064,634.2599182128906,4461.302532382741,440.2059631347656,30.0,634.0601483787387,0.0,1,P01_GAMMA02_M002_03,P01_GAMMA02_M002_03,P01,M002,1169.03125,1231.90625,62.875,10.905188948092743,2.0
E52_74b3fb0a4920873efc33101b,2.371226426671896,6.525083879148042,2.371226426671896,262.62709924858126,284.6552425591281,393.08533863388124,0.14907135286228057,0.009166666666666667,0.01921180555555556,0.1774498250845028,2.382550174915498,0.9445469296610929,264.3377197265625,0.0,0.0,264.3377197265625,392.0377197265625,2948.1400397541092,295.61395263671875,30.0,472.62709924858126,0.0,1,P01_GAMMA02_M002_03,P01_GAMMA02_M002_03,P01,M002,1169.03125,1231.90625,62.875,0.3712264266718961,2.0
E52_82c821a5773d0bfbe554f10a,5.539771897302202,11.397135806608844,5.539771897302202,512.9354114719376,566.0737563002253,707.0407539741487,0.2825549862639304,0.009166666666666667,0.01921180555555556,0.3109334584861526,2.249066541513848,0.9028332942230773,637.6601379394531,0.0,0.0,637.6601379394531,765.3601379394531,5302.805654806116,465.3601379394531,30.0,722.9354114719376,0.0,1,P01_GAMMA02_M002_03,P01_GAMMA02_M002_03,P01,M002,1169.03125,1231.90625,62.875,3.5397718973022023,2.0
E52_afb1e3673ff3adbe9c45b8fc,2.005044547066518,6.956106286850726,2.005044547066518,250.21040235058808,271.27175132926646,374.0527108291059,0.1419599864782851,0.009166666666666667,0.01921180555555556,0.1703384587005073,2.389661541299493,0.9467692316560915,252.73618774414064,0.0,0.0,252.73618774414064,380.4361877441406,2805.395331218294,291.6474609375,30.0,460.2104023505881,0.0,1,P01_GAMMA02_M002_03,P01_GAMMA02_M002_03,P01,M002,1169.03125,1231.90625,62.875,0.005044547066518135,2.0
E52_be69bdf55826f2eb34075d09,4.506815348886775,12.029424972929434,4.506815348886775,457.6877788138426,500.48965717077624,658.5642874860837,0.25604119113741575,0.009166666666666667,0.01921180555555556,0.284419663359638,2.2755803366403624,0.9111188552001132,513.6225402832031,0.0,0.0,513.6225402832031,641.3225402832031,4939.232156145627,341.3225402832031,30.0,667.6877788138427,0.0,1,P01_GAMMA02_M002_03,P01_GAMMA02_M002_03,P01,M002,1169.03125,1231.90625,62.875,2.506815348886775,2.0
E52_c0294c7ff44d44fc4ede8d97,9.79073181674022,16.7256600789149,9.79073181674022,316.70783025924425,358.9570632507807,379.92026256926977,0.16644027302831577,0.009166666666666667,0.01921180555555556,0.194818745250538,2.3651812547494626,0.9391191421092069,506.9907958984375,0.0,0.0,506.9907958984375,634.6907958984375,2849.4019692695233,334.6907958984375,30.0,526.7078302592442,0.0,1,P01_GAMMA02_M002_03,P01_GAMMA02_M002_03,P01,M002,1169.03125,1231.90625,62.875,7.7907318167402195,2.0
E52_c10a50247c57c0340b451298,20.95673926937863,3.1495087650690863,3.1495087650690863,410.4813485396202,450.8988478275434,578.4577013517014,0.22790762835174688,0.009166666666666667,0.01921180555555556,0.2562861005739691,2.3037138994260316,0.9199105935706346,485.00999145507814,0.0,0.0,485.00999145507814,612.7099914550781,4338.432760137761,515.4917602539062,30.0,620.4813485396203,0.0,1,P01_GAMMA02_M002_03,P01_GAMMA02_M002_03,P01,M002,1169.03125,1231.90625,62.875,1.1495087650690863,2.0
E52_f2fabdd802684ffd17ed2273,2.0614701503696438,16.925225818485302,2.0614701503696438,275.2104023505881,304.60508466259984,374.0527108291059,0.15085104647056902,0.009166666666666667,0.01921180555555556,0.17922951869279125,2.3807704813072093,0.9439907754085027,352.73618774414064,0.0,0.0,352.73618774414064,480.4361877441406,2805.395331218294,291.6474609375,30.0,485.2104023505881,0.0,1,P01_GAMMA02_M002_03,P01_GAMMA02_M002_03,P01,M002,1169.03125,1231.90625,62.875,0.06147015036964376,2.0
E52_fd527d975e1813662620f82c,4.977142361662658,12.45056667278017,4.977142361662658,418.2192341110554,452.9085204066283,628.3027504486734,0.23771876612520712,0.009166666666666667,0.01921180555555556,0.2660972383474293,2.2939027616525713,0.9168446130164284,416.271435546875,0.0,0.0,416.271435546875,543.971435546875,4712.2706283650505,306.8754577636719,30.0,628.2192341110554,0.0,1,P01_GAMMA02_M002_03,P01_GAMMA02_M002_03,P01,M002,1169.03125,1231.90625,62.875,2.9771423616626578,2.0
E52_831cee7e7a3a549796e42b18,2.229451485505024,10.042846261792022,2.229451485505024,524.445203057942,560.9167693217765,830.061008532876,0.3040708837654974,0.009166666666666667,0.01921180555555556,0.33244935598771963,2.2275506440122808,0.8961095762538376,437.65879516601564,0.0,0.0,437.65879516601564,565.3587951660156,6225.457563996571,359.5916748046875,30.0,734.445203057942,0.0,1,P01_GAMMA02_M002_03,P01_GAMMA02_M002_03,P01,M002,1169.03125,1231.90625,62.875,0.2294514855050238,2.0
E52_c98d1e580ba9a8920eeacbdb,2.3165203602329854,9.995636820319618,2.3165203602329854,531.3190315479533,569.3529452238973,834.4345810402425,0.30713490815373307,0.009166666666666667,0.01921180555555556,0.3355133803759553,2.224486619624045,0.895152068632514,456.40696411132814,0.0,0.0,456.40696411132814,584.1069641113281,6258.259357801819,362.73199462890625,30.0,741.3190315479533,0.0,1,P01_GAMMA02_M002_03,P01_GAMMA02_M002_03,P01,M002,1169.03125,1231.90625,62.875,0.31652036023298535,2.0
E52_06eb0baa948af7ff52881bcf,11.34921240453653,16.258674653736037,11.34921240453653,296.7597053393259,328.36499963050426,403.88764493158146,0.16274021246714285,0.009166666666666667,0.12671006944444446,0.29861694857825394,2.2613830514217463,0.9066822035692956,379.26353149414064,0.0,0.0,379.26353149414064,506.9635314941406,3029.157336986861,306.9635314941406,30.0,506.7597053393259,0.0,1,P01_GAMMA02_M002_04,P01_GAMMA02_M002_04,P01,M002,1245.9375,1660.625,414.6875,9.34921240453653,2.0
E52_0c9d91fc306062a18ada9948,10.190425106668542,15.697900697510477,10.190425106668542,331.42241999480143,370.2725110389095,429.7442937249544,0.1787296459836012,0.009166666666666667,0.12671006944444446,0.3146063820947123,2.2453936179052882,0.9016855055954024,466.2010925292969,0.0,0.0,466.2010925292969,593.9010925292969,3223.082202937158,326.7436828613281,30.0,541.4224199948014,0.0,1,P01_GAMMA02_M002_04,P01_GAMMA02_M002_04,P01,M002,1245.9375,1660.625,414.6875,8.190425106668542,2.0
E52_189eb019491ad876aa165071,14.62560917721207,3.8094716871601975,3.8094716871601975,403.09916814168594,448.35288467407526,534.676037089036,0.21908171065325852,0.009166666666666667,0.12671006944444446,0.3549584467643696,2.205041553235631,0.8890754853861345,543.0445983886718,0.0,0.0,543.0445983886718,670.7445983886719,4010.07027816777,391.87322998046875,30.0,613.0991681416859,0.0,1,P01_GAMMA02_M002_04,P01_GAMMA02_M002_04,P01,M002,1245.9375,1660.625,414.6875,1.8094716871601975,2.0
E52_214ce9a3b3bd3fa9c582335a,9.466834534918547,15.138353346483314,9.466834534918547,331.46735474952504,365.31699057309277,459.8368945576438,0.1830074384559416,0.009166666666666667,0.12671006944444446,0.31888417456705276,2.2411158254329475,0.900348695447796,406.1956298828125,0.0,0.0,406.1956298828125,533.8956298828125,3448.7767091823284,283.8956298828125,30.0,541.467354749525,0.0,1,P01_GAMMA02_M002_04,P01_GAMMA02_M002_04,P01,M002,1245.9375,1660.625,414.6875,7.466834534918547,2.0
E52_231555d7070bcf1a0911e332,10.270015299215657,5.981962334569488,5.981962334569488,303.4113952968874,335.0249979987103,417.14117438283733,0.1669828432889251,0.009166666666666667,0.12671006944444446,0.3028595794000362,2.2571404205999643,0.9053563814374886,379.363232421875,0.0,0.0,379.363232421875,507.063232421875,3128.55880787128,326.2397766113281,30.0,513.4113952968873,0.0,1,P01_GAMMA02_M002_04,P01_GAMMA02_M002_04,P01,M002,1245.9375,1660.625,414.6875,3.981962334569488,2.0
E52_246111a1ef063bec9e89ec9e,19.408002085359584,13.03223549741864,13.03223549741864,413.11352328410356,453.07003166626504,586.4879962752384,0.22998101771643822,0.009166666666666667,0.12671006944444446,0.36585775382754937,2.194142246172451,0.8856694519288908,479.4781005859375,0.0,0.0,479.4781005859375,607.1781005859375,4398.659972064288,469.28277587890625,30.0,623.1135232841036,0.0,1,P01_GAMMA02_M002_04,P01_GAMMA02_M002_04,P01,M002,1245.9375,1660.625,414.6875,11.03223549741864,2.0
E52_27bf01e9e990859ae5993708,10.242823238504869,15.932490639468014,10.242823238504869,318.6138217216496,355.0514931287134,418.60161500091635,0.17259630304263499,0.009166666666666667,0.12671006944444446,0.30847303915374613,2.2515269608462543,0.9036021752644543,437.25205688476564,0.0,0.0,437.25205688476564,564.9520568847656,3139.5121125068727,326.2397766113281,30.0,528.6138217216496,0.0,1,P01_GAMMA02_M002_04,P01_GAMMA02_M002_04,P01,M002,1245.9375,1660.625,414.6875,8.242823238504869,2.0
E52_27fdcb9bc2da20af468e67a1,9.646877129001766,15.630401191469062,9.646877129001766,333.5201066466774,372.5049327982074,433.1312563841751,0.1799553449394086,0.009166666666666667,0.12671006944444446,0.31583208105051974,2.244167918949481,0.9013024746717125,467.8179138183594,0.0,0.0,467.8179138183594,595.5179138183594,3248.4844228813135,322.1230773925781,30.0,543.5201066466774,0.0,1,P01_GAMMA02_M002_04,P01_GAMMA02_M002_04,P01,M002,1245.9375,1660.625,414.6875,7.646877129001766,2.0
E52_347c51b45a583dd4c5a4aad0,8.817834325406508,10.359339260709504,8.817834325406508,545.8106765870443,594.6474365357748,798.6007934817058,0.3072138543106079,0.009166666666666667,0.12671006944444446,0.443090590421719,2.1169094095782817,0.8615341904932128,586.0411193847656,0.0,0.0,586.0411193847656,713.7411193847656,5989.505951112793,425.30462646484375,30.0,755.8106765870443,0.0,1,P01_GAMMA02_M002_04,P01_GAMMA02_M002_04,P01,M002,1245.9375,1660.625,414.6875,6.817834325406508,2.0
E52_47db2d0d55c92154c779a4c9,11.176286595238821,16.45726286038159,11.176286595238821,312.62709924858126,351.3219092257948,393.08533863388124,0.16685347284684848,0.009166666666666667,0.12671006944444446,0.3027302089579596,2.2572697910420407,0.9053968097006376,464.3377197265625,0.0,0.0,464.3377197265625,592.0377197265625,2948.1400397541092,295.61395263671875,30.0,522.6270992485813,0.0,1,P01_GAMMA02_M002_04,P01_GAMMA02_M002_04,P01,M002,1245.9375,1660.625,414.6875,9.176286595238821,2.0
E52_6dc095df8eb6475486134b5c,18.58464330632802,12.905188948092743,12.905188948092743,424.06014837873875,466.2734748964797,594.8403376510322,0.23505698741925235,0.009166666666666667,0.12671006944444446,0.37093372353036347,2.189066276469637,0.8840832113967614,506.55991821289064,0.0,0.0,506.55991821289064,634.2599182128906,4461.302532382741,440.2059631347656,30.0,634.0601483787387,0.0,1,P01_GAMMA02_M002_04,P01_GAMMA02_M002_04,P01,M002,1245.9375,1660.625,414.6875,10.905188948092743,2.0
E52_73baea82bbbffa2db9d7426a,10.240296633574332,5.711384152670419,5.711384152670419,297.3854850658978,324.64222792478455,431.2305129784753,0.16683515196021612,0.009166666666666667,0.12671006944444446,0.3027118880713272,2.2572881119286734,0.9054025349777103,327.08091430664064,0.0,0.0,327.08091430664064,454.7809143066406,3234.2288473385647,335.390380859375,30.0,507.3854850658978,0.0,1,P01_GAMMA02_M002_04,P01_GAMMA02_M002_04,P01,M002,1245.9375,1660.625,414.6875,3.711384152670419,2.0
E52_82c821a5773d0bfbe554f10a,6.886720466186802,11.397135806608844,6.886720466186802,512.9354114719376,566.0737563002253,707.0407539741487,0.2825549862639304,0.009166666666666667,0.12671006944444446,0.4184317223750415,2.141568277624959,0.8692400867577995,637.6601379394531,0.0,0.0,637.6601379394531,765.3601379394531,5302.805654806116,465.3601379394531,30.0,722.9354114719376,0.0,1,P01_GAMMA02_M002_04,P01_GAMMA02_M002_04,P01,M002,1245.9375,1660.625,414.6875,4.886720466186802,2.0
E52_8ca7795ffa642a3b129c0a3d,10.116181077439208,15.730152054416479,10.116181077439208,330.94608252023,369.9122522589995,428.0951466078428,0.17832668261553564,0.009166666666666667,0.12671006944444446,0.31420341872664675,2.245796581273354,0.9018114316479229,467.5940368652344,0.0,0.0,467.5940368652344,595.2940368652344,3210.713599558821,335.390380859375,30.0,540.94608252023,0.0,1,P01_GAMMA02_M002_04,P01_GAMMA02_M002_04,P01,M002,1245.9375,1660.625,414.6875,8.116181077439208,2.0
E52_b60e4d2a4cdcd5801a5d757f,9.6910339592972,16.480566458341656,9.6910339592972,308.26023760270465,345.626388522301,392.32356968783114,0.16519254750221457,0.009166666666666667,0.12671006944444446,0.3010692836133257,2.2589307163866748,0.9059158488708358,448.39381103515626,0.0,0.0,448.39381103515626,576.0938110351562,2942.4267726587336,326.2397766113281,30.0,518.2602376027046,0.0,1,P01_GAMMA02_M002_04,P01_GAMMA02_M002_04,P01,M002,1245.9375,1660.625,414.6875,7.691033959297201,2.0
E52_c0294c7ff44d44fc4ede8d97,9.63131941890856,16.7256600789149,9.63131941890856,316.70783025924425,358.9570632507807,379.92026256926977,0.16644027302831577,0.009166666666666667,0.12671006944444446,0.3023170091394269,2.2576829908605736,0.905525934643929,506.9907958984375,0.0,0.0,506.9907958984375,634.6907958984375,2849.4019692695233,334.6907958984375,30.0,526.7078302592442,0.0,1,P01_GAMMA02_M002_04,P01_GAMMA02_M002_04,P01,M002,1245.9375,1660.625,414.6875,7.631319418908561,2.0
E52_c10a50247c57c0340b451298,20.00226740065149,3.1495087650690863,3.1495087650690863,410.4813485396202,450.8988478275434,578.4577013517014,0.22790762835174688,0.009166666666666667,0.12671006944444446,0.363784364462858,2.1962156355371425,0.8863173861053568,485.00999145507814,0.0,0.0,485.00999145507814,612.7099914550781,4338.432760137761,515.4917602539062,30.0,620.4813485396203,0.0,1,P01_GAMMA02_M002_04,P01_GAMMA02_M002_04,P01,M002,1245.9375,1660.625,414.6875,1.1495087650690863,2.0
E52_d22cbe82615c6d2ee0ebf49f,10.18232641347295,15.758568264926964,10.18232641347295,318.17309843891866,352.9726015110215,427.5491784452201,0.1737067461230003,0.009166666666666667,0.12671006944444446,0.3095834822341114,2.2504165177658892,0.9032551618018402,417.5940368652344,0.0,0.0,417.5940368652344,545.2940368652344,3206.618838339151,335.390380859375,30.0,528.1730984389187,0.0,1,P01_GAMMA02_M002_04,P01_GAMMA02_M002_04,P01,M002,1245.9375,1660.625,414.6875,8.18232641347295,2.0
E52_dbec4f1422e98765afb262aa,10.873853311460351,16.38523852602286,10.873853311460351,322.5402116809159,364.1002534899979,395.72017250733956,0.1707521496628321,0.009166666666666667,0.12671006944444446,0.3066288857739432,2.2533711142260575,0.9041784731956427,498.7205017089844,0.0,0.0,498.7205017089844,626.4205017089844,2967.901293805047,326.4205017089844,30.0,532.540211680916,0.0,1,P01_GAMMA02_M002_04,P01_GAMMA02_M002_04,P01,M002,1245.9375,1660.625,414.6875,8.873853311460351,2.0
E52_de2c36302e014a6d0284c896,10.188846349369086,15.994052628622484,10.188846349369086,325.41177480357015,364.7238282296769,414.95122905049965,0.1744969638873427,0.009166666666666667,0.12671006944444446,0.3103736999984538,2.249626300001547,0.9030082187504832,471.74464111328126,0.0,0.0,471.74464111328126,599.4446411132812,3112.134217878747,325.15069580078125,30.0,535.4117748035701,0.0,1,P01_GAMMA02_M002_04,P01_GAMMA02_M002_04,P01,M002,1245.9375,1660.625,414.6875,8.188846349369086,2.0
E52_7ccd1e182a1b2540fd645bfb,11.832362327085406,2.4191590009326376,2.4191590009326376,429.0509151666868,465.88596358791074,630.2977572539465,0.24168092785315382,0.009166666666666667,0.22093576388888891,0.4717833584087094,2.0882166415912913,0.8525677004972783,447.8438232421875,5.8232421875,5.8232421875,447.8438232421875,575.5438232421875,4727.2331794045995,525.5438232421875,30.0,639.0509151666868,0.0,1,P01_GAMMA02_M003_00,P01_GAMMA02_M003_00,P01,M003,752.875,1475.9375,723.0625,0.4191590009326376,2.0
E52_beb70ec57fd2d66bf65b827f,11.823990426506953,2.43785423226241,2.43785423226241,429.6587378248194,468.09544538504076,628.6972302883107,0.2418430061920666,0.009166666666666667,0.22093576388888891,0.4719454367476222,2.088054563252378,0.8525170510163681,461.24049072265626,0.0,0.0,461.24049072265626,588.9404907226562,4715.22922716233,538.9404907226562,30.0,639.6587378248194,0.0,1,P01_GAMMA02_M003_00,P01_GAMMA02_M003_00,P01,M003,752.875,1475.9375,723.0625,0.43785423226240994,2.0
E52_575c4f100493de938643a13d,8.208944320708255,2.099203328999508,2.099203328999508,470.05405043895155,518.0123847895375,652.3580947743875,0.259560220504969,0.009166666666666667,0.22093576388888891,0.4896626510605246,2.070337348939476,0.8469804215435861,575.5000122070312,0.0,0.0,575.5000122070312,703.2000122070312,4892.685710807907,437.3766174316406,30.0,680.0540504389515,0.0,1,P01_GAMMA02_M003_00,P01_GAMMA02_M003_00,P01,M003,752.875,1475.9375,723.0625,0.09920332899950779,2.0
E52_0c56c0f390b777971f9a7e58,8.554294353422506,2.1743859331465814,2.1743859331465814,461.3120930283848,507.24512830670517,647.0259743868478,0.2556960576036008,0.009166666666666667,0.22093576388888891,0.4857984881591564,2.074201511840844,0.8481879724502637,551.1964233398437,0.0,0.0,551.1964233398437,678.8964233398438,4852.694807901358,431.4708251953125,30.0,671.3120930283849,0.0,1,P01_GAMMA02_M003_00,P01_GAMMA02_M003_00,P01,M003,752.875,1475.9375,723.0625,0.17438593314658135,2.0
E52_1ef47ef68c1879e18ddbb164,3.240396921760663,9.684707827919368,3.240396921760663,525.9457118932837,556.9823492630754,865.6715995678175,0.30964781577290457,0.009166666666666667,0.2595217013888889,0.5783361838284602,1.9816638161715403,0.8192699425536062,372.4396484375,0.0,0.0,372.4396484375,500.1396484375,6492.536996758631,304.7821350097656,30.0,735.9457118932837,108.32071189328371,0,P01_GAMMA02_M004_00,P01_GAMMA02_M004_00,P01,M004,627.625,1476.96875,849.34375,1.240396921760663,2.0
E52_4513f74e4ba51c209cccc792,4.204633603004481,9.790974506635663,4.204633603004481,548.6050089915749,589.1156759023821,854.1460165183059,0.3160741321008959,0.009166666666666667,0.2595217013888889,0.5847625001564515,1.9752374998435491,0.8172617187011089,486.1280029296875,0.0,0.0,486.1280029296875,613.8280029296875,6406.095123887295,391.8226318359375,30.0,758.6050089915749,130.9800089915749,0,P01_GAMMA02_M004_00,P01_GAMMA02_M004_00,P01,M004,627.625,1476.96875,849.34375,2.2046336030044813,2.0
E52_96da4f081c74d8211b4b244f,6.937264214523168,12.47027426673894,6.937264214523168,406.4445801679392,437.368205859671,627.3474061854878,0.23339590098708082,0.009166666666666667,0.2595217013888889,0.5020842690426364,2.0579157309573644,0.8430986659241761,371.08350830078126,0.0,0.0,371.08350830078126,498.78350830078125,4705.105546391158,251.37640380859375,30.0,616.4445801679392,0.0,1,P01_GAMMA02_M004_00,P01_GAMMA02_M004_00,P01,M004,627.625,1476.96875,849.34375,4.937264214523168,2.0
E52_bfffb2993ede6e2e2bd9340b,5.25975548786549,13.053008949478723,5.25975548786549,400.85355156655817,436.85476820067277,585.6998033284289,0.22550922551216515,0.009166666666666667,0.2595217013888889,0.49419759356772075,2.0658024064322795,0.8455632520100873,432.014599609375,0.0,0.0,432.014599609375,559.714599609375,4392.748524963216,275.29461669921875,30.0,610.8535515665582,0.0,1,P01_GAMMA02_M004_00,P01_GAMMA02_M004_00,P01,M004,627.625,1476.96875,849.34375,3.2597554878654904,2.0
E52_831cee7e7a3a549796e42b18,2.595053298307789,10.042846261792022,2.595053298307789,524.445203057942,560.9167693217765,830.061008532876,0.3040708837654974,0.009166666666666667,0.2595217013888889,0.5727592518210529,1.9872407481789476,0.821012733805921,437.65879516601564,0.0,0.0,437.65879516601564,565.3587951660156,6225.457563996571,359.5916748046875,30.0,734.445203057942,106.82020305794197,0,P01_GAMMA02_M004_00,P01_GAMMA02_M004_00,P01,M004,627.625,1476.96875,849.34375,0.5950532983077892,2.0
E52_d3460088443e86b69235cf2f,4.223691766293143,10.110906533633653,4.223691766293143,520.9986937965015,557.4049117530444,823.5600798537452,0.3019244763287566,0.009166666666666667,0.2595217013888889,0.5706128443843121,1.9893871556156884,0.8216834861299025,436.87461547851564,0.0,0.0,436.87461547851564,564.5746154785156,6176.700598903089,276.8628845214844,30.0,730.9986937965015,103.37369379650147,0,P01_GAMMA02_M004_00,P01_GAMMA02_M004_00,P01,M004,627.625,1476.96875,849.34375,2.2236917662931432,2.0
E52_c98d1e580ba9a8920eeacbdb,2.3750792528131655,9.995636820319618,2.3750792528131655,531.3190315479533,569.3529452238973,834.4345810402425,0.30713490815373307,0.009166666666666667,0.2595217013888889,0.5758232762092886,1.984176723790712,0.8200552261845973,456.40696411132814,0.0,0.0,456.40696411132814,584.1069641113281,6258.259357801819,362.73199462890625,30.0,741.3190315479533,113.69403154795327,0,P01_GAMMA02_M004_00,P01_GAMMA02_M004_00,P01,M004,627.625,1476.96875,849.34375,0.37507925281316545,2.0
E52_413d3eff5d481ef66f8d3068,4.346526715289755,9.493762996477216,4.346526715289755,548.7789293194231,584.2784598573463,884.5606754113072,0.3204434082194385,0.009166666666666667,0.2595217013888889,0.5891317762749941,1.9708682237250064,0.8158963199140643,425.99436645507814,0.0,0.0,425.99436645507814,553.6943664550781,6634.205065584804,329.6845703125,30.0,758.7789293194231,131.15392931942313,0,P01_GAMMA02_M004_00,P01_GAMMA02_M004_00,P01,M004,627.625,1476.96875,849.34375,2.3465267152897553,2.0
E52_88c1c7aba1fcf94c58dad20e,4.353135158902305,9.497510042154289,4.353135158902305,536.2789293194231,567.6117931906797,884.5606754113072,0.3159978782232965,0.009166666666666667,0.2595217013888889,0.584686246278852,1.9753137537211485,0.8172855480378587,375.99436645507814,0.0,0.0,375.99436645507814,503.6943664550781,6634.205065584804,329.6845703125,30.0,746.2789293194231,118.65392931942313,0,P01_GAMMA02_M004_00,P01_GAMMA02_M004_00,P01,M004,627.625,1476.96875,849.34375,2.3531351589023046,2.0
E52_2e64690809088e2a96fb2160,4.358246799994873,9.500767968691491,4.358246799994873,523.7789293194231,550.945126524013,884.5606754113072,0.31155234822715455,0.009166666666666667,0.2595217013888889,0.5802407162827101,1.9797592837172904,0.8186747761616531,325.99436645507814,0.0,0.0,325.99436645507814,453.6943664550781,6634.205065584804,329.6845703125,30.0,733.7789293194231,106.15392931942313,0,P01_GAMMA02_M004_00,P01_GAMMA02_M004_00,P01,M004,627.625,1476.96875,849.34375,2.3582467999948733,2.0
E52_cdef0b479e00ae29ebd83132,5.685806796731626,10.01648148125875,5.685806796731626,520.0071121141804,554.5433095222207,832.7970397801186,0.3028799960747676,0.009166666666666667,0.2595217013888889,0.5715683641303232,1.9884316358696772,0.8213848862092741,414.4343688964844,0.0,0.0,414.4343688964844,542.1343688964844,6245.977798350889,297.6476745605469,30.0,730.0071121141804,102.38211211418036,0,P01_GAMMA02_M004_00,P01_GAMMA02_M004_00,P01,M004,627.625,1476.96875,849.34375,3.685806796731626,2.0
E52_30110e5b3ae38ecfab28ace2,5.886460391292076,10.05954008012911,5.886460391292076,514.4106891471403,547.7506496268766,828.7816154158626,0.30032099335417484,0.009166666666666667,0.2595217013888889,0.5690093614097305,1.99099063859027,0.8221845745594593,400.07952575683595,0.0,0.0,400.07952575683595,527.7795257568359,6215.862115618969,313.0162353515625,30.0,724.4106891471403,96.78568914714026,0,P01_GAMMA02_M004_00,P01_GAMMA02_M004_00,P01,M004,627.625,1476.96875,849.34375,3.8864603912920757,2.0
E52_0c9d91fc306062a18ada9948,6.6994788197632005,15.697900697510477,6.6994788197632005,331.42241999480143,370.2725110389095,429.7442937249544,0.1787296459836012,0.009166666666666667,0.12742621527777778,0.3153225279280456,2.244677472071955,0.9014617100224858,466.2010925292969,0.0,0.0,466.2010925292969,593.9010925292969,3223.082202937158,326.7436828613281,30.0,541.4224199948014,0.0,1,P01_GAMMA02_M005_00,P01_GAMMA02_M005_00,P01,M005,752.34375,1169.375,417.03125,4.6994788197632005,2.0
E52_27bf01e9e990859ae5993708,6.99828513729183,15.932490639468014,6.99828513729183,318.6138217216496,355.0514931287134,418.60161500091635,0.17259630304263499,0.009166666666666667,0.12742621527777778,0.3091891849870794,2.250810815012921,0.9033783796915377,437.25205688476564,0.0,0.0,437.25205688476564,564.9520568847656,3139.5121125068727,326.2397766113281,30.0,528.6138217216496,0.0,1,P01_GAMMA02_M005_00,P01_GAMMA02_M005_00,P01,M005,752.34375,1169.375,417.03125,4.99828513729183,2.0
E52_27fdcb9bc2da20af468e67a1,6.2609655221280605,15.630401191469062,6.2609655221280605,333.5201066466774,372.5049327982074,433.1312563841751,0.1799553449394086,0.009166666666666667,0.12742621527777778,0.31654822688385303,2.2434517731161474,0.9010786790987959,467.8179138183594,0.0,0.0,467.8179138183594,595.5179138183594,3248.4844228813135,322.1230773925781,30.0,543.5201066466774,0.0,1,P01_GAMMA02_M005_00,P01_GAMMA02_M005_00,P01,M005,752.34375,1169.375,417.03125,4.2609655221280605,2.0
E52_347c51b45a583dd4c5a4aad0,4.155597415470083,10.359339260709504,4.155597415470083,545.8106765870443,594.6474365357748,798.6007934817058,0.3072138543106079,0.009166666666666667,0.12742621527777778,0.4438067362550523,2.116193263744948,0.8613103949202962,586.0411193847656,0.0,0.0,586.0411193847656,713.7411193847656,5989.505951112793,425.30462646484375,30.0,755.8106765870443,3.466926587044327,0,P01_GAMMA02_M005_00,P01_GAMMA02_M005_00,P01,M005,752.34375,1169.375,417.03125,2.1555974154700834,2.0
E52_47db2d0d55c92154c779a4c9,8.896722853409045,16.45726286038159,8.896722853409045,312.62709924858126,351.3219092257948,393.08533863388124,0.16685347284684848,0.009166666666666667,0.12742621527777778,0.3034463547912929,2.2565536452087076,0.905173014127721,464.3377197265625,0.0,0.0,464.3377197265625,592.0377197265625,2948.1400397541092,295.61395263671875,30.0,522.6270992485813,0.0,1,P01_GAMMA02_M005_00,P01_GAMMA02_M005_00,P01,M005,752.34375,1169.375,417.03125,6.896722853409045,2.0
E52_8ca7795ffa642a3b129c0a3d,6.684497330028165,15.730152054416479,6.684497330028165,330.94608252023,369.9122522589995,428.0951466078428,0.17832668261553564,0.009166666666666667,0.12742621527777778,0.31491956455998005,2.2450804354400207,0.9015876360750062,467.5940368652344,0.0,0.0,467.5940368652344,595.2940368652344,3210.713599558821,335.390380859375,30.0,540.94608252023,0.0,1,P01_GAMMA02_M005_00,P01_GAMMA02_M005_00,P01,M005,752.34375,1169.375,417.03125,4.684497330028165,2.0
E52_a3836b1674b2d70f748125c1,3.6951591129156753,18.388582284998307,3.6951591129156753,238.77143733771516,265.74771093797557,315.68523307386783,0.1296256139323784,0.009166666666666667,0.12742621527777778,0.26621849587682284,2.2937815041231775,0.9168067200384928,323.715283203125,0.0,0.0,323.715283203125,451.415283203125,2367.639248054009,217.29420471191406,30.0,448.77143733771516,0.0,1,P01_GAMMA02_M005_00,P01_GAMMA02_M005_00,P01,M005,752.34375,1169.375,417.03125,1.6951591129156753,2.0
E52_b60e4d2a4cdcd5801a5d757f,7.223129744899083,16.480566458341656,7.223129744899083,308.26023760270465,345.626388522301,392.32356968783114,0.16519254750221457,0.009166666666666667,0.12742621527777778,0.301785429446659,2.2582145705533416,0.9056920532979191,448.39381103515626,0.0,0.0,448.39381103515626,576.0938110351562,2942.4267726587336,326.2397766113281,30.0,518.2602376027046,0.0,1,P01_GAMMA02_M005_00,P01_GAMMA02_M005_00,P01,M005,752.34375,1169.375,417.03125,5.223129744899083,2.0
E52_c0294c7ff44d44fc4ede8d97,7.535124944898328,16.7256600789149,7.535124944898328,316.70783025924425,358.9570632507807,379.92026256926977,0.16644027302831577,0.009166666666666667,0.12742621527777778,0.3030331549727602,2.2569668450272404,0.9053021390710124,506.9907958984375,0.0,0.0,506.9907958984375,634.6907958984375,2849.4019692695233,334.6907958984375,30.0,526.7078302592442,0.0,1,P01_GAMMA02_M005_00,P01_GAMMA02_M005_00,P01,M005,752.34375,1169.375,417.03125,5.535124944898328,2.0
E52_dbec4f1422e98765afb262aa,8.357466068706529,16.38523852602286,8.357466068706529,322.5402116809159,364.1002534899979,395.72017250733956,0.1707521496628321,0.009166666666666667,0.12742621527777778,0.30734503160727655,2.252654968392724,0.9039546776227261,498.7205017089844,0.0,0.0,498.7205017089844,626.4205017089844,2967.901293805047,326.4205017089844,30.0,532.540211680916,0.0,1,P01_GAMMA02_M005_00,P01_GAMMA02_M005_00,P01,M005,752.34375,1169.375,417.03125,6.357466068706529,2.0
E52_de2c36302e014a6d0284c896,7.052722412956243,15.994052628622484,7.052722412956243,325.41177480357015,364.7238282296769,414.95122905049965,0.1744969638873427,0.009166666666666667,0.12742621527777778,0.3110898458317871,2.2489101541682133,0.9027844231775666,471.74464111328126,0.0,0.0,471.74464111328126,599.4446411132812,3112.134217878747,325.15069580078125,30.0,535.4117748035701,0.0,1,P01_GAMMA02_M005_00,P01_GAMMA02_M005_00,P01,M005,752.34375,1169.375,417.03125,5.052722412956243,2.0
E52_f2fabdd802684ffd17ed2273,9.21796744906014,16.925225818485302,9.21796744906014,275.2104023505881,304.60508466259984,374.0527108291059,0.15085104647056902,0.009166666666666667,0.12742621527777778,0.2874439284150134,2.272556071584987,0.9101737723703083,352.73618774414064,0.0,0.0,352.73618774414064,480.4361877441406,2805.395331218294,291.6474609375,30.0,485.2104023505881,0.0,1,P01_GAMMA02_M005_00,P01_GAMMA02_M005_00,P01,M005,752.34375,1169.375,417.03125,7.21796744906014,2.0
E52_4d215302190bc5bfb29bf912,7.6104963551872515,16.37371485667674,7.6104963551872515,307.50969179304633,343.7570581260541,397.53518558804575,0.1656637075427803,0.009166666666666667,0.1685138888888889,0.3433442630983359,2.2166557369016644,0.8927049177817701,434.96839599609376,0.0,0.0,434.96839599609376,562.6683959960938,2981.5138919103433,336.56707763671875,30.0,517.5096917930464,0.0,1,P01_GAMMA02_M006_00,P01_GAMMA02_M006_00,P01,M006,721.40625,1272.90625,551.5,5.6104963551872515,2.0
E52_7ccd1e182a1b2540fd645bfb,2.2842575791542856,2.4191590009326376,2.2842575791542856,429.0509151666868,465.88596358791074,630.2977572539465,0.24168092785315382,0.009166666666666667,0.1685138888888889,0.4193614834087094,2.140638516591291,0.8689495364347783,447.8438232421875,5.8232421875,5.8232421875,447.8438232421875,575.5438232421875,4727.2331794045995,525.5438232421875,30.0,639.0509151666868,0.0,1,P01_GAMMA02_M006_00,P01_GAMMA02_M006_00,P01,M006,721.40625,1272.90625,551.5,0.2842575791542856,2.0
E52_aaa387ee3ee3170bd804334d,7.017439111244244,18.409477866986336,7.017439111244244,263.5215778829557,299.2286101502083,312.8009621623957,0.13801933350380158,0.009166666666666667,0.1685138888888889,0.31569988905935714,2.2443001109406433,0.9013437846689509,428.48438720703126,0.0,0.0,428.48438720703126,556.1843872070312,2346.0072162179677,386.9435729980469,30.0,473.5215778829557,0.0,1,P01_GAMMA02_M006_00,P01_GAMMA02_M006_00,P01,M006,721.40625,1272.90625,551.5,5.017439111244244,2.0
E52_beb70ec57fd2d66bf65b827f,10.313531291358444,2.43785423226241,2.43785423226241,429.6587378248194,468.09544538504076,628.6972302883107,0.2418430061920666,0.009166666666666667,0.1685138888888889,0.4195235617476222,2.1404764382523784,0.8688988869538681,461.24049072265626,0.0,0.0,461.24049072265626,588.9404907226562,4715.22922716233,538.9404907226562,30.0,639.6587378248194,0.0,1,P01_GAMMA02_M006_00,P01_GAMMA02_M006_00,P01,M006,721.40625,1272.90625,551.5,0.43785423226240994,2.0
E52_575c4f100493de938643a13d,10.573444367640093,2.099203328999508,2.099203328999508,470.05405043895155,518.0123847895375,652.3580947743875,0.259560220504969,0.009166666666666667,0.1685138888888889,0.4372407760605246,2.122759223939476,0.8633622574810861,575.5000122070312,0.0,0.0,575.5000122070312,703.2000122070312,4892.685710807907,437.3766174316406,30.0,680.0540504389515,0.0,1,P01_GAMMA02_M006_00,P01_GAMMA02_M006_00,P01,M006,721.40625,1272.90625,551.5,0.09920332899950779,2.0
E52_0c56c0f390b777971f9a7e58,10.863889833133868,2.1743859331465814,2.1743859331465814,461.3120930283848,507.24512830670517,647.0259743868478,0.2556960576036008,0.009166666666666667,0.1685138888888889,0.4333766131591564,2.126623386840844,0.8645698083877636,551.1964233398437,0.0,0.0,551.1964233398437,678.8964233398438,4852.694807901358,431.4708251953125,30.0,671.3120930283849,0.0,1,P01_GAMMA02_M006_00,P01_GAMMA02_M006_00,P01,M006,721.40625,1272.90625,551.5,0.17438593314658135,2.0
E52_2cea01313b8862fcfb6b2e63,4.186278745264218,16.460055432828085,4.186278745264218,259.5957489704318,280.08528245838755,396.2542970131293,0.148442074342722,0.009166666666666667,0.1412717013888889,0.29888044239827755,2.261119557601723,0.9065998617505383,245.87440185546876,0.0,0.0,245.87440185546876,373.57440185546875,2971.90722759847,231.8917236328125,30.0,469.5957489704318,0.0,1,P01_GAMMA02_M007_00,P01_GAMMA02_M007_00,P01,M007,2420.4375,2882.78125,462.34375,2.186278745264218,2.0
E52_44ed69e1d99dc074a7941a18,3.7548693303543814,8.900383690419545,3.7548693303543814,188.27556058823757,199.0276355292369,299.7078152072368,0.1090911242968749,0.009166666666666667,0.1412717013888889,0.25952949235243045,2.30047050764757,0.9188970336398655,139.59420471191407,10.569305419921875,10.569305419921875,139.59420471191407,267.29420471191406,2247.808614054276,217.29420471191406,30.0,398.27556058823757,0.0,1,P01_GAMMA02_M007_00,P01_GAMMA02_M007_00,P01,M007,2420.4375,2882.78125,462.34375,1.7548693303543814,2.0
E52_4513f74e4ba51c209cccc792,5.5377626444371515,9.790974506635663,5.5377626444371515,548.6050089915749,589.1156759023821,854.1460165183059,0.3160741321008959,0.009166666666666667,0.1412717013888889,0.46651250015645146,2.093487499843549,0.8542148437011089,486.1280029296875,0.0,0.0,486.1280029296875,613.8280029296875,6406.095123887295,391.8226318359375,30.0,758.6050089915749,0.0,1,P01_GAMMA02_M007_00,P01_GAMMA02_M007_00,P01,M007,2420.4375,2882.78125,462.34375,3.5377626444371515,2.0
E52_4cf0fac9feb721651efb2830,2.658280742848845,17.82597875173802,2.658280742848845,242.69354898018014,267.32891198677197,337.5749199208095,0.13412057160327687,0.009166666666666667,0.1412717013888889,0.2845589396588324,2.2754410603411683,0.9110753313566149,295.6243560791016,0.0,0.0,295.6243560791016,423.32435607910156,2531.8118994060715,217.31182861328125,30.0,452.69354898018014,0.0,1,P01_GAMMA02_M007_00,P01_GAMMA02_M007_00,P01,M007,2420.4375,2882.78125,462.34375,0.6582807428488451,2.0
E52_4d215302190bc5bfb29bf912,9.713639065507849,16.37371485667674,9.713639065507849,307.50969179304633,343.7570581260541,397.53518558804575,0.1656637075427803,0.009166666666666667,0.1412717013888889,0.3161020755983358,2.2438979244016646,0.90121810137552,434.96839599609376,0.0,0.0,434.96839599609376,562.6683959960938,2981.5138919103433,336.56707763671875,30.0,517.5096917930464,0.0,1,P01_GAMMA02_M007_00,P01_GAMMA02_M007_00,P01,M007,2420.4375,2882.78125,462.34375,7.713639065507849,2.0
E52_50c718ca7f326f764494c89d,3.701698237055382,13.080943299176411,3.701698237055382,350.85355156655817,370.1881015340061,585.6998033284289,0.20772710552759727,0.009166666666666667,0.1412717013888889,0.3581654735831528,2.2018345264168477,0.8880732895052648,232.014599609375,0.0,0.0,232.014599609375,359.714599609375,4392.748524963216,275.29461669921875,30.0,560.8535515665582,0.0,1,P01_GAMMA02_M007_00,P01_GAMMA02_M007_00,P01,M007,2420.4375,2882.78125,462.34375,1.701698237055382,2.0
E52_515a3b7c8d98426ee13f2b4e,2.643031927550723,17.07508762021844,2.643031927550723,242.68536134104386,262.0561394884234,369.14605379781034,0.13858886614696947,0.009166666666666667,0.1412717013888889,0.289027234202525,2.2709727657974756,0.909678989311711,232.4493377685547,0.0,0.0,232.4493377685547,360.1493377685547,2768.5954034835777,210.1493377685547,30.0,452.68536134104386,0.0,1,P01_GAMMA02_M007_00,P01_GAMMA02_M007_00,P01,M007,2420.4375,2882.78125,462.34375,0.643031927550723,2.0
E52_60b76d98beea93305f35c25d,4.21414290078512,16.79058398580294,4.21414290078512,271.8613885249859,299.0873836523459,380.3668062858116,0.15055421784231732,0.009166666666666667,0.1412717013888889,0.30099258589787287,2.2590074141021277,0.9059398169069147,326.7119415283203,0.0,0.0,326.7119415283203,454.4119415283203,2852.751047143587,241.2421875,30.0,481.8613885249859,0.0,1,P01_GAMMA02_M007_00,P01_GAMMA02_M007_00,P01,M007,2420.4375,2882.78125,462.34375,2.21414290078512,2.0
E52_68694062ed2e2e792aeb51a9,6.028045227530427,17.695890544520793,6.028045227530427,262.3147609906027,292.8212075746684,341.5908424768108,0.1416674545099547,0.009166666666666667,0.1412717013888889,0.2921058225655102,2.2678941774344903,0.9087169304482781,366.0773590087891,0.0,0.0,366.0773590087891,493.77735900878906,2561.931318576081,213.8477783203125,30.0,472.3147609906027,0.0,1,P01_GAMMA02_M007_00,P01_GAMMA02_M007_00,P01,M007,2420.4375,2882.78125,462.34375,4.028045227530427,2.0
E52_7547086a1218012670f76a62,4.7502446372572535,2.277872015791573,2.277872015791573,370.7957901832663,387.27013608984186,642.7455049270795,0.2228984084752749,0.009166666666666667,0.1412717013888889,0.3733367765308304,2.18666322346917,0.8833322573341155,197.69215087890626,0.0,0.0,197.69215087890626,325.39215087890625,4820.591286953097,275.39215087890625,30.0,580.7957901832663,0.0,1,P01_GAMMA02_M007_00,P01_GAMMA02_M007_00,P01,M007,2420.4375,2882.78125,462.34375,0.27787201579157284,2.0
E52_76b4f0bdabd1ccab126282dd,4.239562692964,17.180198899819032,4.239562692964,244.7670432960008,265.6078646257534,364.489158613486,0.13866967590706417,0.009166666666666667,0.1412717013888889,0.2891080439626197,2.2708919560373806,0.9096537362616813,250.08985595703126,0.0,0.0,250.08985595703126,377.78985595703125,2733.6686896011447,241.2421875,30.0,454.7670432960008,0.0,1,P01_GAMMA02_M007_00,P01_GAMMA02_M007_00,P01,M007,2420.4375,2882.78125,462.34375,2.2395626929640002,2.0
E52_96da4f081c74d8211b4b244f,4.916796458313556,12.47027426673894,4.916796458313556,406.4445801679392,437.368205859671,627.3474061854878,0.23339590098708082,0.009166666666666667,0.1412717013888889,0.3838342690426364,2.176165730957364,0.8800517909241761,371.08350830078126,0.0,0.0,371.08350830078126,498.78350830078125,4705.105546391158,251.37640380859375,30.0,616.4445801679392,0.0,1,P01_GAMMA02_M007_00,P01_GAMMA02_M007_00,P01,M007,2420.4375,2882.78125,462.34375,2.9167964583135557,2.0
E52_a3836b1674b2d70f748125c1,3.7666674360043686,18.388582284998307,3.7666674360043686,238.77143733771516,265.74771093797557,315.68523307386783,0.1296256139323784,0.009166666666666667,0.1412717013888889,0.2800639819879339,2.2799360180120667,0.9124800056287706,323.715283203125,0.0,0.0,323.715283203125,451.415283203125,2367.639248054009,217.29420471191406,30.0,448.77143733771516,0.0,1,P01_GAMMA02_M007_00,P01_GAMMA02_M007_00,P01,M007,2420.4375,2882.78125,462.34375,1.7666674360043686,2.0
E52_a77602565c04dca5831f9b7a,8.04678301857929,15.758600383852013,8.04678301857929,295.3505394617105,322.31471665694164,428.9160157520343,0.16578365241547813,0.009166666666666667,0.1412717013888889,0.31622202047103365,2.243777979528967,0.901180618602802,323.57012634277345,0.0,0.0,323.57012634277345,451.27012634277344,3216.870118140257,284.58648681640625,30.0,505.3505394617105,0.0,1,P01_GAMMA02_M007_00,P01_GAMMA02_M007_00,P01,M007,2420.4375,2882.78125,462.34375,6.046783018579291,2.0
E52_aaa387ee3ee3170bd804334d,5.317989794894615,18.409477866986336,5.317989794894615,263.5215778829557,299.2286101502083,312.8009621623957,0.13801933350380158,0.009166666666666667,0.1412717013888889,0.2884577015593571,2.2715422984406435,0.9098569682627009,428.48438720703126,0.0,0.0,428.48438720703126,556.1843872070312,2346.0072162179677,386.9435729980469,30.0,473.5215778829557,0.0,1,P01_GAMMA02_M007_00,P01_GAMMA02_M007_00,P01,M007,2420.4375,2882.78125,462.34375,3.317989794894615,2.0
E52_b544b4d7beda1d6ed7fbeefb,7.916047012305,16.252686834440453,7.916047012305,293.91354735972715,324.49113296153376,404.3615811086144,0.16179511839250177,0.009166666666666667,0.1412717013888889,0.3122334864480573,2.247766513551943,0.9024270354849822,366.9310272216797,0.0,0.0,366.9310272216797,494.6310272216797,3032.711858314608,277.91845703125,30.0,503.91354735972715,0.0,1,P01_GAMMA02_M007_00,P01_GAMMA02_M007_00,P01,M007,2420.4375,2882.78125,462.34375,5.916047012305,2.0
E52_b677873645e212a13901ede2,4.516520894207616,9.230718628911887,4.516520894207616,575.9444140089429,616.0268887810784,911.3939793850733,0.3339048259552679,0.009166666666666667,0.1412717013888889,0.48434319401082343,2.075656805989177,0.8486427518716178,480.989697265625,0.0,0.0,480.989697265625,608.689697265625,6835.45484538805,390.4056396484375,30.0,785.9444140089429,0.0,1,P01_GAMMA02_M007_00,P01_GAMMA02_M007_00,P01,M007,2420.4375,2882.78125,462.34375,2.5165208942076163,2.0
E52_b6789310c1ab16898a769b78,3.4561011998927995,2.625622464396969,2.625622464396969,372.38145547243056,389.4038741939475,617.4514627840539,0.21924054354678854,0.009166666666666667,0.1412717013888889,0.3696789116023441,2.1903210883976563,0.8844753401242674,225.84925537109376,21.580230712890625,21.580230712890625,225.84925537109376,353.54925537109375,4630.885970880404,303.54925537109375,30.0,582.3814554724306,0.0,1,P01_GAMMA02_M007_00,P01_GAMMA02_M007_00,P01,M007,2420.4375,2882.78125,462.34375,0.6256224643969688,2.0
E52_b7c433bb400c5a28313b13f0,7.90648237169664,16.00220965111248,7.90648237169664,270.63016208552887,291.2047849391259,417.8125870494757,0.1554195344851095,0.009166666666666667,0.1412717013888889,0.305857902540665,2.2541420974593356,0.9044194054560422,246.89547424316407,0.0,0.0,246.89547424316407,374.59547424316406,3133.594402871068,284.58648681640625,30.0,480.63016208552887,0.0,1,P01_GAMMA02_M007_00,P01_GAMMA02_M007_00,P01,M007,2420.4375,2882.78125,462.34375,5.90648237169664,2.0
E52_beb70ec57fd2d66bf65b827f,7.541541972929281,2.43785423226241,2.43785423226241,429.6587378248194,468.09544538504076,628.6972302883107,0.2418430061920666,0.009166666666666667,0.1412717013888889,0.39228137424762216,2.167718625752378,0.877412070547618,461.24049072265626,0.0,0.0,461.24049072265626,588.9404907226562,4715.22922716233,538.9404907226562,30.0,639.6587378248194,0.0,1,P01_GAMMA02_M007_00,P01_GAMMA02_M007_00,P01,M007,2420.4375,2882.78125,462.34375,0.43785423226240994,2.0
E52_bfffb2993ede6e2e2bd9340b,3.690870292320824,13.053008949478723,3.690870292320824,400.85355156655817,436.85476820067277,585.6998033284289,0.22550922551216515,0.009166666666666667,0.1412717013888889,0.3759475935677207,2.1840524064322797,0.8825163770100873,432.014599609375,0.0,0.0,432.014599609375,559.714599609375,4392.748524963216,275.29461669921875,30.0,610.8535515665582,0.0,1,P01_GAMMA02_M007_00,P01_GAMMA02_M007_00,P01,M007,2420.4375,2882.78125,462.34375,1.6908702923208239,2.0
E52_c76d93c5902d0dc017f7065c,8.086972830243951,16.05706218628906,8.086972830243951,260.86241804033426,278.57034040361555,415.47730190098105,0.1516149798935124,0.009166666666666667,0.1412717013888889,0.30205334794906796,2.2579466520509324,0.9056083287659162,212.495068359375,0.0,0.0,212.495068359375,340.195068359375,3116.079764257358,277.91845703125,30.0,470.86241804033426,0.0,1,P01_GAMMA02_M007_00,P01_GAMMA02_M007_00,P01,M007,2420.4375,2882.78125,462.34375,6.086972830243951,2.0
E52_dc4c132291b7b9525a26c82f,7.928127524284349,16.290878065555617,7.928127524284349,256.41354735972715,274.49113296153376,404.3615811086144,0.14845852840407586,0.009166666666666667,0.1412717013888889,0.2988968964596314,2.261103103540369,0.9065947198563652,216.9310272216797,0.0,0.0,216.9310272216797,344.6310272216797,3032.711858314608,277.91845703125,30.0,466.41354735972715,0.0,1,P01_GAMMA02_M007_00,P01_GAMMA02_M007_00,P01,M007,2420.4375,2882.78125,462.34375,5.928127524284349,2.0
E52_eab18c460278cfbad2c20da0,6.032231025717834,7.760329046990023,6.032231025717834,212.31476099060268,226.15454090800176,341.5908424768108,0.12388533452538679,0.009166666666666667,0.1412717013888889,0.27432370258094235,2.2856762974190583,0.9142738429434555,166.07735900878907,0.0,0.0,166.07735900878907,293.77735900878906,2561.931318576081,213.8477783203125,30.0,422.3147609906027,0.0,1,P01_GAMMA02_M007_00,P01_GAMMA02_M007_00,P01,M007,2420.4375,2882.78125,462.34375,4.032231025717834,2.0
E52_eddf192c3626d88d236d26e4,6.035486968978105,17.034187922993553,6.035486968978105,241.72684180786888,260.473536754158,370.9735139380034,0.13850678679446915,0.009166666666666667,0.1412717013888889,0.2889451548500247,2.2710548451499757,0.9097046391093673,224.96033935546876,0.0,0.0,224.96033935546876,352.66033935546875,2782.3013545350254,199.07135009765625,30.0,451.7268418078689,0.0,1,P01_GAMMA02_M007_00,P01_GAMMA02_M007_00,P01,M007,2420.4375,2882.78125,462.34375,4.035486968978105,2.0
E52_575c4f100493de938643a13d,10.591463214057754,2.099203328999508,2.099203328999508,470.05405043895155,518.0123847895375,652.3580947743875,0.259560220504969,0.009166666666666667,0.1412717013888889,0.40999858856052457,2.150001411439476,0.871875441074836,575.5000122070312,0.0,0.0,575.5000122070312,703.2000122070312,4892.685710807907,437.3766174316406,30.0,680.0540504389515,0.0,1,P01_GAMMA02_M007_00,P01_GAMMA02_M007_00,P01,M007,2420.4375,2882.78125,462.34375,0.09920332899950779,2.0
E52_0c56c0f390b777971f9a7e58,10.610406162562455,2.1743859331465814,2.1743859331465814,461.3120930283848,507.24512830670517,647.0259743868478,0.2556960576036008,0.009166666666666667,0.1412717013888889,0.40613442565915636,2.153865574340844,0.8730829919815136,551.1964233398437,0.0,0.0,551.1964233398437,678.8964233398438,4852.694807901358,431.4708251953125,30.0,671.3120930283849,0.0,1,P01_GAMMA02_M007_00,P01_GAMMA02_M007_00,P01,M007,2420.4375,2882.78125,462.34375,0.17438593314658135,2.0
E52_cdef0b479e00ae29ebd83132,4.763710958177967,10.01648148125875,4.763710958177967,520.0071121141804,554.5433095222207,832.7970397801186,0.3028799960747676,0.009166666666666667,0.1412717013888889,0.45331836413032317,2.1066816358696774,0.858338011209274,414.4343688964844,0.0,0.0,414.4343688964844,542.1343688964844,6245.977798350889,297.6476745605469,30.0,730.0071121141804,0.0,1,P01_GAMMA02_M007_00,P01_GAMMA02_M007_00,P01,M007,2420.4375,2882.78125,462.34375,2.763710958177967,2.0
E52_30110e5b3ae38ecfab28ace2,4.582199924392768,10.05954008012911,4.582199924392768,514.4106891471403,547.7506496268766,828.7816154158626,0.30032099335417484,0.009166666666666667,0.1412717013888889,0.4507593614097304,2.1092406385902702,0.8591376995594593,400.07952575683595,0.0,0.0,400.07952575683595,527.7795257568359,6215.862115618969,313.0162353515625,30.0,724.4106891471403,0.0,1,P01_GAMMA02_M007_00,P01_GAMMA02_M007_00,P01,M007,2420.4375,2882.78125,462.34375,2.582199924392768,2.0
E52_82c821a5773d0bfbe554f10a,5.523919136465679,11.397135806608844,5.523919136465679,512.9354114719376,566.0737563002253,707.0407539741487,0.2825549862639304,0.009166666666666667,0.2921875,0.5839091529305971,1.9760908470694034,0.8175283897091884,637.6601379394531,0.0,0.0,637.6601379394531,765.3601379394531,5302.805654806116,465.3601379394531,30.0,722.9354114719376,0.0,1,P01_GAMMA02_M009_00,P01_GAMMA02_M009_00,P01,M009,834.46875,1790.71875,956.25,3.523919136465679,2.0
E52_831cee7e7a3a549796e42b18,10.12243456287564,10.042846261792022,10.042846261792022,524.445203057942,560.9167693217765,830.061008532876,0.3040708837654974,0.009166666666666667,0.2921875,0.6054250504321641,1.9545749495678364,0.8108046717399487,437.65879516601564,0.0,0.0,437.65879516601564,565.3587951660156,6225.457563996571,359.5916748046875,30.0,734.445203057942,0.0,1,P01_GAMMA02_M009_00,P01_GAMMA02_M009_00,P01,M009,834.46875,1790.71875,956.25,8.042846261792022,2.0
E52_d3460088443e86b69235cf2f,9.820370805240273,10.110906533633653,9.820370805240273,520.9986937965015,557.4049117530444,823.5600798537452,0.3019244763287566,0.009166666666666667,0.2921875,0.6032786429954232,1.9567213570045774,0.8114754240639303,436.87461547851564,0.0,0.0,436.87461547851564,564.5746154785156,6176.700598903089,276.8628845214844,30.0,730.9986937965015,0.0,1,P01_GAMMA02_M009_00,P01_GAMMA02_M009_00,P01,M009,834.46875,1790.71875,956.25,7.820370805240273,2.0
E52_c98d1e580ba9a8920eeacbdb,9.909069879097373,9.995636820319618,9.909069879097373,531.3190315479533,569.3529452238973,834.4345810402425,0.30713490815373307,0.009166666666666667,0.2921875,0.6084890748203997,1.9515109251796008,0.8098471641186251,456.40696411132814,0.0,0.0,456.40696411132814,584.1069641113281,6258.259357801819,362.73199462890625,30.0,741.3190315479533,0.0,1,P01_GAMMA02_M009_00,P01_GAMMA02_M009_00,P01,M009,834.46875,1790.71875,956.25,7.909069879097373,2.0
E52_413d3eff5d481ef66f8d3068,6.749665036785743,9.493762996477216,6.749665036785743,548.7789293194231,584.2784598573463,884.5606754113072,0.3204434082194385,0.009166666666666667,0.2921875,0.6217975748861051,1.9382024251138954,0.8056882578480922,425.99436645507814,0.0,0.0,425.99436645507814,553.6943664550781,6634.205065584804,329.6845703125,30.0,758.7789293194231,0.0,1,P01_GAMMA02_M009_00,P01_GAMMA02_M009_00,P01,M009,834.46875,1790.71875,956.25,4.749665036785743,2.0
E52_88c1c7aba1fcf94c58dad20e,6.757814076241871,9.497510042154289,6.757814076241871,536.2789293194231,567.6117931906797,884.5606754113072,0.3159978782232965,0.009166666666666667,0.2921875,0.6173520448899632,1.9426479551100373,0.8070774859718866,375.99436645507814,0.0,0.0,375.99436645507814,503.6943664550781,6634.205065584804,329.6845703125,30.0,746.2789293194231,0.0,1,P01_GAMMA02_M009_00,P01_GAMMA02_M009_00,P01,M009,834.46875,1790.71875,956.25,4.757814076241871,2.0
E52_2e64690809088e2a96fb2160,6.76335636971038,9.500767968691491,6.76335636971038,523.7789293194231,550.945126524013,884.5606754113072,0.31155234822715455,0.009166666666666667,0.2921875,0.6129065148938212,1.9470934851061794,0.8084667140956809,325.99436645507814,0.0,0.0,325.99436645507814,453.6943664550781,6634.205065584804,329.6845703125,30.0,733.7789293194231,0.0,1,P01_GAMMA02_M009_00,P01_GAMMA02_M009_00,P01,M009,834.46875,1790.71875,956.25,4.76335636971038,2.0
E52_189eb019491ad876aa165071,4.910998135102375,3.8094716871601975,3.8094716871601975,403.09916814168594,448.35288467407526,534.676037089036,0.21908171065325852,0.009166666666666667,0.26891753472222224,0.49716591204214744,2.062834087957853,0.8446356524868289,543.0445983886718,0.0,0.0,543.0445983886718,670.7445983886719,4010.07027816777,391.87322998046875,30.0,613.0991681416859,0.0,1,P01_GAMMA02_M010_00,P01_GAMMA02_M010_00,P01,M010,3852.34375,4732.4375,880.09375,1.8094716871601975,2.0
E52_246111a1ef063bec9e89ec9e,6.759696504692187,13.03223549741864,6.759696504692187,413.11352328410356,453.07003166626504,586.4879962752384,0.22998101771643822,0.009166666666666667,0.26891753472222224,0.5080652191053271,2.0519347808946735,0.8412296190295853,479.4781005859375,0.0,0.0,479.4781005859375,607.1781005859375,4398.659972064288,469.28277587890625,30.0,623.1135232841036,0.0,1,P01_GAMMA02_M010_00,P01_GAMMA02_M010_00,P01,M010,3852.34375,4732.4375,880.09375,4.759696504692187,2.0
E52_347c51b45a583dd4c5a4aad0,8.389685856366597,10.359339260709504,8.389685856366597,545.8106765870443,594.6474365357748,798.6007934817058,0.3072138543106079,0.009166666666666667,0.26891753472222224,0.5852980556994968,1.9747019443005036,0.8170943575939073,586.0411193847656,0.0,0.0,586.0411193847656,713.7411193847656,5989.505951112793,425.30462646484375,30.0,755.8106765870443,0.0,1,P01_GAMMA02_M010_00,P01_GAMMA02_M010_00,P01,M010,3852.34375,4732.4375,880.09375,6.389685856366597,2.0
E52_47db2d0d55c92154c779a4c9,3.0205906267075733,16.45726286038159,3.0205906267075733,312.62709924858126,351.3219092257948,393.08533863388124,0.16685347284684848,0.009166666666666667,0.26891753472222224,0.4449376742357374,2.115062325764263,0.8609569768013321,464.3377197265625,0.0,0.0,464.3377197265625,592.0377197265625,2948.1400397541092,295.61395263671875,30.0,522.6270992485813,0.0,1,P01_GAMMA02_M010_00,P01_GAMMA02_M010_00,P01,M010,3852.34375,4732.4375,880.09375,1.0205906267075733,2.0
E52_6dc095df8eb6475486134b5c,6.915729524772303,12.905188948092743,6.915729524772303,424.06014837873875,466.2734748964797,594.8403376510322,0.23505698741925235,0.009166666666666667,0.26891753472222224,0.5131411888081412,2.0468588111918593,0.8396433784974559,506.55991821289064,0.0,0.0,506.55991821289064,634.2599182128906,4461.302532382741,440.2059631347656,30.0,634.0601483787387,0.0,1,P01_GAMMA02_M010_00,P01_GAMMA02_M010_00,P01,M010,3852.34375,4732.4375,880.09375,4.915729524772303,2.0
E52_82c821a5773d0bfbe554f10a,3.9055423871373875,11.397135806608844,3.9055423871373875,512.9354114719376,566.0737563002253,707.0407539741487,0.2825549862639304,0.009166666666666667,0.26891753472222224,0.5606391876528193,1.9993608123471813,0.824800253858494,637.6601379394531,0.0,0.0,637.6601379394531,765.3601379394531,5302.805654806116,465.3601379394531,30.0,722.9354114719376,0.0,1,P01_GAMMA02_M010_00,P01_GAMMA02_M010_00,P01,M010,3852.34375,4732.4375,880.09375,1.9055423871373875,2.0
E52_be69bdf55826f2eb34075d09,2.1858471240912536,12.029424972929434,2.1858471240912536,457.6877788138426,500.48965717077624,658.5642874860837,0.25604119113741575,0.009166666666666667,0.26891753472222224,0.5341253925263046,2.0258746074736957,0.8330858148355298,513.6225402832031,0.0,0.0,513.6225402832031,641.3225402832031,4939.232156145627,341.3225402832031,30.0,667.6877788138427,0.0,1,P01_GAMMA02_M010_00,P01_GAMMA02_M010_00,P01,M010,3852.34375,4732.4375,880.09375,0.1858471240912536,2.0
E52_c10a50247c57c0340b451298,6.585315506004903,3.1495087650690863,3.1495087650690863,410.4813485396202,450.8988478275434,578.4577013517014,0.22790762835174688,0.009166666666666667,0.26891753472222224,0.5059918297406358,2.0540081702593644,0.8418775532060513,485.00999145507814,0.0,0.0,485.00999145507814,612.7099914550781,4338.432760137761,515.4917602539062,30.0,620.4813485396203,0.0,1,P01_GAMMA02_M010_00,P01_GAMMA02_M010_00,P01,M010,3852.34375,4732.4375,880.09375,1.1495087650690863,2.0
E52_413d3eff5d481ef66f8d3068,14.734668684597764,9.493762996477216,9.493762996477216,548.7789293194231,584.2784598573463,884.5606754113072,0.3204434082194385,0.009166666666666667,0.19254774305555555,0.5221578179416607,2.03784218205834,0.836825681893231,425.99436645507814,0.0,0.0,425.99436645507814,553.6943664550781,6634.205065584804,329.6845703125,30.0,758.7789293194231,0.0,1,P01_GAMMA02_M011_00,P01_GAMMA02_M011_00,P01,M011,4021.25,4651.40625,630.15625,7.493762996477216,2.0
E52_88c1c7aba1fcf94c58dad20e,14.777749839370344,9.497510042154289,9.497510042154289,536.2789293194231,567.6117931906797,884.5606754113072,0.3159978782232965,0.009166666666666667,0.19254774305555555,0.5177122879455187,2.042287712054482,0.8382149100170254,375.99436645507814,0.0,0.0,375.99436645507814,503.6943664550781,6634.205065584804,329.6845703125,30.0,746.2789293194231,0.0,1,P01_GAMMA02_M011_00,P01_GAMMA02_M011_00,P01,M011,4021.25,4651.40625,630.15625,7.497510042154289,2.0
E52_2e64690809088e2a96fb2160,14.804533775893177,9.500767968691491,9.500767968691491,523.7789293194231,550.945126524013,884.5606754113072,0.31155234822715455,0.009166666666666667,0.19254774305555555,0.5132667579493768,2.0467332420506237,0.8396041381408197,325.99436645507814,0.0,0.0,325.99436645507814,453.6943664550781,6634.205065584804,329.6845703125,30.0,733.7789293194231,0.0,1,P01_GAMMA02_M011_00,P01_GAMMA02_M011_00,P01,M011,4021.25,4651.40625,630.15625,7.500767968691491,2.0
E52_cdef0b479e00ae29ebd83132,4.640389078516122,10.01648148125875,4.640389078516122,520.0071121141804,554.5433095222207,832.7970397801186,0.3028799960747676,0.009166666666666667,0.19254774305555555,0.5045944057969898,2.0554055942030107,0.8423142481884407,414.4343688964844,0.0,0.0,414.4343688964844,542.1343688964844,6245.977798350889,297.6476745605469,30.0,730.0071121141804,0.0,1,P01_GAMMA02_M011_00,P01_GAMMA02_M011_00,P01,M011,4021.25,4651.40625,630.15625,2.6403890785161224,2.0
E52_30110e5b3ae38ecfab28ace2,5.268987734543231,10.05954008012911,5.268987734543231,514.4106891471403,547.7506496268766,828.7816154158626,0.30032099335417484,0.009166666666666667,0.19254774305555555,0.502035403076397,2.0579645969236036,0.843113936538626,400.07952575683595,0.0,0.0,400.07952575683595,527.7795257568359,6215.862115618969,313.0162353515625,30.0,724.4106891471403,0.0,1,P01_GAMMA02_M011_00,P01_GAMMA02_M011_00,P01,M011,4021.25,4651.40625,630.15625,3.2689877345432308,2.0
E52_0c9d91fc306062a18ada9948,7.0084862389900024,15.697900697510477,7.0084862389900024,331.42241999480143,370.2725110389095,429.7442937249544,0.1787296459836012,0.009166666666666667,0.20738628472222223,0.39528259737249005,2.1647174026275104,0.8764741883210969,466.2010925292969,0.0,0.0,466.2010925292969,593.9010925292969,3223.082202937158,326.7436828613281,30.0,541.4224199948014,0.0,1,P01_GAMMA02_M012_00,P01_GAMMA02_M012_00,P01,M012,5880.5,6559.21875,678.71875,5.0084862389900024,2.0
E52_189eb019491ad876aa165071,9.695128280784644,3.8094716871601975,3.8094716871601975,403.09916814168594,448.35288467407526,534.676037089036,0.21908171065325852,0.009166666666666667,0.20738628472222223,0.4356346620421474,2.124365337957853,0.863864168111829,543.0445983886718,0.0,0.0,543.0445983886718,670.7445983886719,4010.07027816777,391.87322998046875,30.0,613.0991681416859,0.0,1,P01_GAMMA02_M012_00,P01_GAMMA02_M012_00,P01,M012,5880.5,6559.21875,678.71875,1.8094716871601975,2.0
E52_246111a1ef063bec9e89ec9e,8.575691888014816,13.03223549741864,8.575691888014816,413.11352328410356,453.07003166626504,586.4879962752384,0.22998101771643822,0.009166666666666667,0.20738628472222223,0.4465339691053271,2.1134660308946733,0.8604581346545853,479.4781005859375,0.0,0.0,479.4781005859375,607.1781005859375,4398.659972064288,469.28277587890625,30.0,623.1135232841036,0.0,1,P01_GAMMA02_M012_00,P01_GAMMA02_M012_00,P01,M012,5880.5,6559.21875,678.71875,6.575691888014816,2.0
E52_27fdcb9bc2da20af468e67a1,7.006487078186609,15.630401191469062,7.006487078186609,333.5201066466774,372.5049327982074,433.1312563841751,0.1799553449394086,0.009166666666666667,0.20738628472222223,0.3965082963282975,2.163491703671703,0.8760911573974071,467.8179138183594,0.0,0.0,467.8179138183594,595.5179138183594,3248.4844228813135,322.1230773925781,30.0,543.5201066466774,0.0,1,P01_GAMMA02_M012_00,P01_GAMMA02_M012_00,P01,M012,5880.5,6559.21875,678.71875,5.006487078186609,2.0
E52_347c51b45a583dd4c5a4aad0,6.4070077395219585,10.359339260709504,6.4070077395219585,545.8106765870443,594.6474365357748,798.6007934817058,0.3072138543106079,0.009166666666666667,0.20738628472222223,0.5237668056994967,2.036233194300504,0.8363228732189073,586.0411193847656,0.0,0.0,586.0411193847656,713.7411193847656,5989.505951112793,425.30462646484375,30.0,755.8106765870443,0.0,1,P01_GAMMA02_M012_00,P01_GAMMA02_M012_00,P01,M012,5880.5,6559.21875,678.71875,4.4070077395219585,2.0
E52_47db2d0d55c92154c779a4c9,6.061526749283374,16.45726286038159,6.061526749283374,312.62709924858126,351.3219092257948,393.08533863388124,0.16685347284684848,0.009166666666666667,0.20738628472222223,0.38340642423573734,2.1765935757642634,0.880185492426332,464.3377197265625,0.0,0.0,464.3377197265625,592.0377197265625,2948.1400397541092,295.61395263671875,30.0,522.6270992485813,0.0,1,P01_GAMMA02_M012_00,P01_GAMMA02_M012_00,P01,M012,5880.5,6559.21875,678.71875,4.061526749283374,2.0
E52_6dc095df8eb6475486134b5c,9.025375827509535,12.905188948092743,9.025375827509535,424.06014837873875,466.2734748964797,594.8403376510322,0.23505698741925235,0.009166666666666667,0.20738628472222223,0.45160993880814126,2.108390061191859,0.8588718941224559,506.55991821289064,0.0,0.0,506.55991821289064,634.2599182128906,4461.302532382741,440.2059631347656,30.0,634.0601483787387,0.0,1,P01_GAMMA02_M012_00,P01_GAMMA02_M012_00,P01,M012,5880.5,6559.21875,678.71875,7.025375827509535,2.0
E52_82c821a5773d0bfbe554f10a,8.909937844984327,11.397135806608844,8.909937844984327,512.9354114719376,566.0737563002253,707.0407539741487,0.2825549862639304,0.009166666666666667,0.20738628472222223,0.49910793765281924,2.060892062347181,0.844028769483494,637.6601379394531,0.0,0.0,637.6601379394531,765.3601379394531,5302.805654806116,465.3601379394531,30.0,722.9354114719376,0.0,1,P01_GAMMA02_M012_00,P01_GAMMA02_M012_00,P01,M012,5880.5,6559.21875,678.71875,6.909937844984327,2.0
E52_8ca7795ffa642a3b129c0a3d,6.966080081699303,15.730152054416479,6.966080081699303,330.94608252023,369.9122522589995,428.0951466078428,0.17832668261553564,0.009166666666666667,0.20738628472222223,0.3948796340044245,2.165120365995576,0.8766001143736173,467.5940368652344,0.0,0.0,467.5940368652344,595.2940368652344,3210.713599558821,335.390380859375,30.0,540.94608252023,0.0,1,P01_GAMMA02_M012_00,P01_GAMMA02_M012_00,P01,M012,5880.5,6559.21875,678.71875,4.966080081699303,2.0
E52_be69bdf55826f2eb34075d09,8.607486198729944,12.029424972929434,8.607486198729944,457.6877788138426,500.48965717077624,658.5642874860837,0.25604119113741575,0.009166666666666667,0.20738628472222223,0.4725941425263046,2.087405857473696,0.8523143304605298,513.6225402832031,0.0,0.0,513.6225402832031,641.3225402832031,4939.232156145627,341.3225402832031,30.0,667.6877788138427,0.0,1,P01_GAMMA02_M012_00,P01_GAMMA02_M012_00,P01,M012,5880.5,6559.21875,678.71875,6.607486198729944,2.0
E52_c0294c7ff44d44fc4ede8d97,5.940365891923506,16.7256600789149,5.940365891923506,316.70783025924425,358.9570632507807,379.92026256926977,0.16644027302831577,0.009166666666666667,0.20738628472222223,0.3829932244172046,2.1770067755827958,0.8803146173696236,506.9907958984375,0.0,0.0,506.9907958984375,634.6907958984375,2849.4019692695233,334.6907958984375,30.0,526.7078302592442,0.0,1,P01_GAMMA02_M012_00,P01_GAMMA02_M012_00,P01,M012,5880.5,6559.21875,678.71875,3.9403658919235056,2.0
E52_c10a50247c57c0340b451298,8.14063124848731,3.1495087650690863,3.1495087650690863,410.4813485396202,450.8988478275434,578.4577013517014,0.22790762835174688,0.009166666666666667,0.20738628472222223,0.4444605797406358,2.1155394202593647,0.8611060688310513,485.00999145507814,0.0,0.0,485.00999145507814,612.7099914550781,4338.432760137761,515.4917602539062,30.0,620.4813485396203,0.0,1,P01_GAMMA02_M012_00,P01_GAMMA02_M012_00,P01,M012,5880.5,6559.21875,678.71875,1.1495087650690863,2.0
E52_dbec4f1422e98765afb262aa,6.201096709067627,16.38523852602286,6.201096709067627,322.5402116809159,364.1002534899979,395.72017250733956,0.1707521496628321,0.009166666666666667,0.20738628472222223,0.387305101051721,2.1726948989482793,0.8789671559213372,498.7205017089844,0.0,0.0,498.7205017089844,626.4205017089844,2967.901293805047,326.4205017089844,30.0,532.540211680916,0.0,1,P01_GAMMA02_M012_00,P01_GAMMA02_M012_00,P01,M012,5880.5,6559.21875,678.71875,4.201096709067627,2.0
E52_de2c36302e014a6d0284c896,6.690406713655818,15.994052628622484,6.690406713655818,325.41177480357015,364.7238282296769,414.95122905049965,0.1744969638873427,0.009166666666666667,0.20738628472222223,0.39104991527623156,2.168950084723769,0.8777969014761776,471.74464111328126,0.0,0.0,471.74464111328126,599.4446411132812,3112.134217878747,325.15069580078125,30.0,535.4117748035701,0.0,1,P01_GAMMA02_M012_00,P01_GAMMA02_M012_00,P01,M012,5880.5,6559.21875,678.71875,4.690406713655818,2.0
E52_214ce9a3b3bd3fa9c582335a,2.22942062366117,15.138353346483314,2.22942062366117,331.46735474952504,365.31699057309277,459.8368945576438,0.1830074384559416,0.009166666666666667,0.21024131944444446,0.4024154245670527,2.157584575432948,0.874245179822796,406.1956298828125,0.0,0.0,406.1956298828125,533.8956298828125,3448.7767091823284,283.8956298828125,30.0,541.467354749525,0.0,1,P01_GAMMA02_M013_00,P01_GAMMA02_M013_00,P01,M013,674.75,1362.8125,688.0625,0.22942062366117,2.0
E52_27fdcb9bc2da20af468e67a1,2.0181303031572497,15.630401191469062,2.0181303031572497,333.5201066466774,372.5049327982074,433.1312563841751,0.1799553449394086,0.009166666666666667,0.21024131944444446,0.3993633310505197,2.160636668949481,0.8751989590467126,467.8179138183594,0.0,0.0,467.8179138183594,595.5179138183594,3248.4844228813135,322.1230773925781,30.0,543.5201066466774,0.0,1,P01_GAMMA02_M013_00,P01_GAMMA02_M013_00,P01,M013,674.75,1362.8125,688.0625,0.018130303157249728,2.0
E52_2cea01313b8862fcfb6b2e63,6.264019617413027,16.460055432828085,6.264019617413027,259.5957489704318,280.08528245838755,396.2542970131293,0.148442074342722,0.009166666666666667,0.21024131944444446,0.3678500604538331,2.192149939546167,0.8850468561081771,245.87440185546876,0.0,0.0,245.87440185546876,373.57440185546875,2971.90722759847,231.8917236328125,30.0,469.5957489704318,0.0,1,P01_GAMMA02_M013_00,P01_GAMMA02_M013_00,P01,M013,674.75,1362.8125,688.0625,4.264019617413027,2.0
E52_44ed69e1d99dc074a7941a18,4.524182138291295,8.900383690419545,4.524182138291295,188.27556058823757,199.0276355292369,299.7078152072368,0.1090911242968749,0.009166666666666667,0.21024131944444446,0.328499110407986,2.2315008895920143,0.8973440279975043,139.59420471191407,10.569305419921875,10.569305419921875,139.59420471191407,267.29420471191406,2247.808614054276,217.29420471191406,30.0,398.27556058823757,0.0,1,P01_GAMMA02_M013_00,P01_GAMMA02_M013_00,P01,M013,674.75,1362.8125,688.0625,2.5241821382912946,2.0
E52_4cf0fac9feb721651efb2830,4.069474337158908,17.82597875173802,4.069474337158908,242.69354898018014,267.32891198677197,337.5749199208095,0.13412057160327687,0.009166666666666667,0.21024131944444446,0.35352855771438796,2.2064714422856126,0.8895223257142537,295.6243560791016,0.0,0.0,295.6243560791016,423.32435607910156,2531.8118994060715,217.31182861328125,30.0,452.69354898018014,0.0,1,P01_GAMMA02_M013_00,P01_GAMMA02_M013_00,P01,M013,674.75,1362.8125,688.0625,2.0694743371589084,2.0
E52_4d215302190bc5bfb29bf912,5.953592194847886,16.37371485667674,5.953592194847886,307.50969179304633,343.7570581260541,397.53518558804575,0.1656637075427803,0.009166666666666667,0.21024131944444446,0.3850716936538914,2.174928306346109,0.879665095733159,434.96839599609376,0.0,0.0,434.96839599609376,562.6683959960938,2981.5138919103433,336.56707763671875,30.0,517.5096917930464,0.0,1,P01_GAMMA02_M013_00,P01_GAMMA02_M013_00,P01,M013,674.75,1362.8125,688.0625,3.953592194847886,2.0
E52_50c718ca7f326f764494c89d,9.696219730369123,13.080943299176411,9.696219730369123,350.85355156655817,370.1881015340061,585.6998033284289,0.20772710552759727,0.009166666666666667,0.21024131944444446,0.4271350916387084,2.132864908361292,0.8665202838629036,232.014599609375,0.0,0.0,232.014599609375,359.714599609375,4392.748524963216,275.29461669921875,30.0,560.8535515665582,0.0,1,P01_GAMMA02_M013_00,P01_GAMMA02_M013_00,P01,M013,674.75,1362.8125,688.0625,7.696219730369123,2.0
E52_515a3b7c8d98426ee13f2b4e,4.43354045683563,17.07508762021844,4.43354045683563,242.68536134104386,262.0561394884234,369.14605379781034,0.13858886614696947,0.009166666666666667,0.21024131944444446,0.3579968522580806,2.20200314774192,0.8881259836693498,232.4493377685547,0.0,0.0,232.4493377685547,360.1493377685547,2768.5954034835777,210.1493377685547,30.0,452.68536134104386,0.0,1,P01_GAMMA02_M013_00,P01_GAMMA02_M013_00,P01,M013,674.75,1362.8125,688.0625,2.4335404568356296,2.0
E52_60b76d98beea93305f35c25d,6.004471256022072,16.79058398580294,6.004471256022072,271.8613885249859,299.0873836523459,380.3668062858116,0.15055421784231732,0.009166666666666667,0.21024131944444446,0.36996220395342844,2.190037796046572,0.8843868112645537,326.7119415283203,0.0,0.0,326.7119415283203,454.4119415283203,2852.751047143587,241.2421875,30.0,481.8613885249859,0.0,1,P01_GAMMA02_M013_00,P01_GAMMA02_M013_00,P01,M013,674.75,1362.8125,688.0625,4.004471256022072,2.0
E52_68694062ed2e2e792aeb51a9,5.965673202353898,17.695890544520793,5.965673202353898,262.3147609906027,292.8212075746684,341.5908424768108,0.1416674545099547,0.009166666666666667,0.21024131944444446,0.3610754406210658,2.1989245593789346,0.887163924805917,366.0773590087891,0.0,0.0,366.0773590087891,493.77735900878906,2561.931318576081,213.8477783203125,30.0,472.3147609906027,0.0,1,P01_GAMMA02_M013_00,P01_GAMMA02_M013_00,P01,M013,674.75,1362.8125,688.0625,3.965673202353898,2.0
E52_7547086a1218012670f76a62,10.690856121565503,2.277872015791573,2.277872015791573,370.7957901832663,387.27013608984186,642.7455049270795,0.2228984084752749,0.009166666666666667,0.21024131944444446,0.442306394586386,2.1176936054136144,0.8617792516917544,197.69215087890626,0.0,0.0,197.69215087890626,325.39215087890625,4820.591286953097,275.39215087890625,30.0,580.7957901832663,0.0,1,P01_GAMMA02_M013_00,P01_GAMMA02_M013_00,P01,M013,674.75,1362.8125,688.0625,0.27787201579157284,2.0
E52_76b4f0bdabd1ccab126282dd,5.771840641351304,17.180198899819032,5.771840641351304,244.7670432960008,265.6078646257534,364.489158613486,0.13866967590706417,0.009166666666666667,0.21024131944444446,0.35807766201817526,2.2019223379818254,0.8881007306193203,250.08985595703126,0.0,0.0,250.08985595703126,377.78985595703125,2733.6686896011447,241.2421875,30.0,454.7670432960008,0.0,1,P01_GAMMA02_M013_00,P01_GAMMA02_M013_00,P01,M013,674.75,1362.8125,688.0625,3.7718406413513037,2.0
E52_96da4f081c74d8211b4b244f,11.218560113174917,12.47027426673894,11.218560113174917,406.4445801679392,437.368205859671,627.3474061854878,0.23339590098708082,0.009166666666666667,0.21024131944444446,0.45280388709819197,2.1071961129018084,0.858498785281815,371.08350830078126,0.0,0.0,371.08350830078126,498.78350830078125,4705.105546391158,251.37640380859375,30.0,616.4445801679392,0.0,1,P01_GAMMA02_M013_00,P01_GAMMA02_M013_00,P01,M013,674.75,1362.8125,688.0625,9.218560113174917,2.0
E52_a3836b1674b2d70f748125c1,4.727952780481857,18.388582284998307,4.727952780481857,238.77143733771516,265.74771093797557,315.68523307386783,0.1296256139323784,0.009166666666666667,0.21024131944444446,0.3490336000434895,2.210966399956511,0.8909269999864096,323.715283203125,0.0,0.0,323.715283203125,451.415283203125,2367.639248054009,217.29420471191406,30.0,448.77143733771516,0.0,1,P01_GAMMA02_M013_00,P01_GAMMA02_M013_00,P01,M013,674.75,1362.8125,688.0625,2.727952780481857,2.0
E52_a77602565c04dca5831f9b7a,7.81446751050494,15.758600383852013,7.81446751050494,295.3505394617105,322.31471665694164,428.9160157520343,0.16578365241547813,0.009166666666666667,0.21024131944444446,0.3851916385265892,2.1748083614734113,0.8796276129604409,323.57012634277345,0.0,0.0,323.57012634277345,451.27012634277344,3216.870118140257,284.58648681640625,30.0,505.3505394617105,0.0,1,P01_GAMMA02_M013_00,P01_GAMMA02_M013_00,P01,M013,674.75,1362.8125,688.0625,5.81446751050494,2.0
E52_b544b4d7beda1d6ed7fbeefb,7.168393459732144,16.252686834440453,7.168393459732144,293.91354735972715,324.49113296153376,404.3615811086144,0.16179511839250177,0.009166666666666667,0.21024131944444446,0.3812031045036129,2.1787968954963874,0.880874029842621,366.9310272216797,0.0,0.0,366.9310272216797,494.6310272216797,3032.711858314608,277.91845703125,30.0,503.91354735972715,0.0,1,P01_GAMMA02_M013_00,P01_GAMMA02_M013_00,P01,M013,674.75,1362.8125,688.0625,5.168393459732144,2.0
E52_b677873645e212a13901ede2,3.4829102331154047,9.230718628911887,3.4829102331154047,575.9444140089429,616.0268887810784,911.3939793850733,0.3339048259552679,0.009166666666666667,0.21024131944444446,0.5533128120663791,2.0066871879336214,0.8270897462292566,480.989697265625,0.0,0.0,480.989697265625,608.689697265625,6835.45484538805,390.4056396484375,30.0,785.9444140089429,111.19441400894289,0,P01_GAMMA02_M013_00,P01_GAMMA02_M013_00,P01,M013,674.75,1362.8125,688.0625,1.4829102331154047,2.0
E52_b6789310c1ab16898a769b78,10.051078854658542,2.625622464396969,2.625622464396969,372.38145547243056,389.4038741939475,617.4514627840539,0.21924054354678854,0.009166666666666667,0.21024131944444446,0.4386485296578997,2.121351470342101,0.8629223344819064,225.84925537109376,21.580230712890625,21.580230712890625,225.84925537109376,353.54925537109375,4630.885970880404,303.54925537109375,30.0,582.3814554724306,0.0,1,P01_GAMMA02_M013_00,P01_GAMMA02_M013_00,P01,M013,674.75,1362.8125,688.0625,0.6256224643969688,2.0
E52_b7c433bb400c5a28313b13f0,7.568193928118205,16.00220965111248,7.568193928118205,270.63016208552887,291.2047849391259,417.8125870494757,0.1554195344851095,0.009166666666666667,0.21024131944444446,0.3748275205962206,2.18517247940378,0.8828663998136811,246.89547424316407,0.0,0.0,246.89547424316407,374.59547424316406,3133.594402871068,284.58648681640625,30.0,480.63016208552887,0.0,1,P01_GAMMA02_M013_00,P01_GAMMA02_M013_00,P01,M013,674.75,1362.8125,688.0625,5.568193928118205,2.0
E52_be69bdf55826f2eb34075d09,3.762648549787201,12.029424972929434,3.762648549787201,457.6877788138426,500.48965717077624,658.5642874860837,0.25604119113741575,0.009166666666666667,0.21024131944444446,0.47544917724852687,2.0845508227514737,0.8514221321098354,513.6225402832031,0.0,0.0,513.6225402832031,641.3225402832031,4939.232156145627,341.3225402832031,30.0,667.6877788138427,0.0,1,P01_GAMMA02_M013_00,P01_GAMMA02_M013_00,P01,M013,674.75,1362.8125,688.0625,1.762648549787201,2.0
E52_bfffb2993ede6e2e2bd9340b,9.602595611945802,13.053008949478723,9.602595611945802,400.85355156655817,436.85476820067277,585.6998033284289,0.22550922551216515,0.009166666666666667,0.21024131944444446,0.44491721162327624,2.115082788376724,0.8609633713677262,432.014599609375,0.0,0.0,432.014599609375,559.714599609375,4392.748524963216,275.29461669921875,30.0,610.8535515665582,0.0,1,P01_GAMMA02_M013_00,P01_GAMMA02_M013_00,P01,M013,674.75,1362.8125,688.0625,7.602595611945802,2.0
E52_c76d93c5902d0dc017f7065c,7.454794546037789,16.05706218628906,7.454794546037789,260.86241804033426,278.57034040361555,415.47730190098105,0.1516149798935124,0.009166666666666667,0.21024131944444446,0.37102296600462353,2.188977033995377,0.8840553231235552,212.495068359375,0.0,0.0,212.495068359375,340.195068359375,3116.079764257358,277.91845703125,30.0,470.86241804033426,0.0,1,P01_GAMMA02_M013_00,P01_GAMMA02_M013_00,P01,M013,674.75,1362.8125,688.0625,5.454794546037789,2.0
E52_dc4c132291b7b9525a26c82f,7.201257348444585,16.290878065555617,7.201257348444585,256.41354735972715,274.49113296153376,404.3615811086144,0.14845852840407586,0.009166666666666667,0.21024131944444446,0.367866514515187,2.1921334854848133,0.8850417142140041,216.9310272216797,0.0,0.0,216.9310272216797,344.6310272216797,3032.711858314608,277.91845703125,30.0,466.41354735972715,0.0,1,P01_GAMMA02_M013_00,P01_GAMMA02_M013_00,P01,M013,674.75,1362.8125,688.0625,5.201257348444585,2.0
E52_eab18c460278cfbad2c20da0,5.9943493619613974,7.760329046990023,5.9943493619613974,212.31476099060268,226.15454090800176,341.5908424768108,0.12388533452538679,0.009166666666666667,0.21024131944444446,0.3432933206364979,2.2167066793635026,0.8927208373010944,166.07735900878907,0.0,0.0,166.07735900878907,293.77735900878906,2561.931318576081,213.8477783203125,30.0,422.3147609906027,0.0,1,P01_GAMMA02_M013_00,P01_GAMMA02_M013_00,P01,M013,674.75,1362.8125,688.0625,3.9943493619613974,2.0
E52_eddf192c3626d88d236d26e4,6.598671975907564,17.034187922993553,6.598671975907564,241.72684180786888,260.473536754158,370.9735139380034,0.13850678679446915,0.009166666666666667,0.21024131944444446,0.35791477290558027,2.20208522709442,0.8881516334670062,224.96033935546876,0.0,0.0,224.96033935546876,352.66033935546875,2782.3013545350254,199.07135009765625,30.0,451.7268418078689,0.0,1,P01_GAMMA02_M013_00,P01_GAMMA02_M013_00,P01,M013,674.75,1362.8125,688.0625,4.598671975907564,2.0
E52_fd527d975e1813662620f82c,3.7072726387343806,12.45056667278017,3.7072726387343806,418.2192341110554,452.9085204066283,628.3027504486734,0.23771876612520712,0.009166666666666667,0.21024131944444446,0.45712675223631827,2.1028732477636822,0.8571478899261505,416.271435546875,0.0,0.0,416.271435546875,543.971435546875,4712.2706283650505,306.8754577636719,30.0,628.2192341110554,0.0,1,P01_GAMMA02_M013_00,P01_GAMMA02_M013_00,P01,M013,674.75,1362.8125,688.0625,1.7072726387343806,2.0
E52_413d3eff5d481ef66f8d3068,4.204710988702487,9.493762996477216,4.204710988702487,548.7789293194231,584.2784598573463,884.5606754113072,0.3204434082194385,0.009166666666666667,0.21024131944444446,0.5398513943305496,2.020148605669451,0.8312964392717033,425.99436645507814,0.0,0.0,425.99436645507814,553.6943664550781,6634.205065584804,329.6845703125,30.0,758.7789293194231,84.02892931942313,0,P01_GAMMA02_M013_00,P01_GAMMA02_M013_00,P01,M013,674.75,1362.8125,688.0625,2.2047109887024874,2.0
E52_88c1c7aba1fcf94c58dad20e,4.211565046317773,9.497510042154289,4.211565046317773,536.2789293194231,567.6117931906797,884.5606754113072,0.3159978782232965,0.009166666666666667,0.21024131944444446,0.5354058643344076,2.024594135665593,0.8326856673954977,375.99436645507814,0.0,0.0,375.99436645507814,503.6943664550781,6634.205065584804,329.6845703125,30.0,746.2789293194231,71.52892931942313,0,P01_GAMMA02_M013_00,P01_GAMMA02_M013_00,P01,M013,674.75,1362.8125,688.0625,2.211565046317773,2.0
E52_2e64690809088e2a96fb2160,4.216971302374148,9.500767968691491,4.216971302374148,523.7789293194231,550.945126524013,884.5606754113072,0.31155234822715455,0.009166666666666667,0.21024131944444446,0.5309603343382656,2.0290396656617347,0.834074895519292,325.99436645507814,0.0,0.0,325.99436645507814,453.6943664550781,6634.205065584804,329.6845703125,30.0,733.7789293194231,59.02892931942313,0,P01_GAMMA02_M013_00,P01_GAMMA02_M013_00,P01,M013,674.75,1362.8125,688.0625,2.216971302374148,2.0
E52_575c4f100493de938643a13d,3.678419620474088,2.099203328999508,2.099203328999508,470.05405043895155,518.0123847895375,652.3580947743875,0.259560220504969,0.009166666666666667,0.21024131944444446,0.47896820661608014,2.08103179338392,0.850322435432475,575.5000122070312,0.0,0.0,575.5000122070312,703.2000122070312,4892.685710807907,437.3766174316406,30.0,680.0540504389515,5.304050438951549,0,P01_GAMMA02_M013_00,P01_GAMMA02_M013_00,P01,M013,674.75,1362.8125,688.0625,0.09920332899950779,2.0
E52_0c56c0f390b777971f9a7e58,3.471011364506708,2.1743859331465814,2.1743859331465814,461.3120930283848,507.24512830670517,647.0259743868478,0.2556960576036008,0.009166666666666667,0.21024131944444446,0.47510404371471193,2.0848959562852887,0.8515299863391526,551.1964233398437,0.0,0.0,551.1964233398437,678.8964233398438,4852.694807901358,431.4708251953125,30.0,671.3120930283849,0.0,1,P01_GAMMA02_M013_00,P01_GAMMA02_M013_00,P01,M013,674.75,1362.8125,688.0625,0.17438593314658135,2.0
E52_cdef0b479e00ae29ebd83132,5.806974503627245,10.01648148125875,5.806974503627245,520.0071121141804,554.5433095222207,832.7970397801186,0.3028799960747676,0.009166666666666667,0.21024131944444446,0.5222879821858788,2.0377120178141217,0.8367850055669128,414.4343688964844,0.0,0.0,414.4343688964844,542.1343688964844,6245.977798350889,297.6476745605469,30.0,730.0071121141804,55.25711211418036,0,P01_GAMMA02_M013_00,P01_GAMMA02_M013_00,P01,M013,674.75,1362.8125,688.0625,3.806974503627245,2.0
E52_30110e5b3ae38ecfab28ace2,5.985373839868487,10.05954008012911,5.985373839868487,514.4106891471403,547.7506496268766,828.7816154158626,0.30032099335417484,0.009166666666666667,0.21024131944444446,0.519728979465286,2.0402710205347145,0.8375846939170981,400.07952575683595,0.0,0.0,400.07952575683595,527.7795257568359,6215.862115618969,313.0162353515625,30.0,724.4106891471403,49.66068914714026,0,P01_GAMMA02_M013_00,P01_GAMMA02_M013_00,P01,M013,674.75,1362.8125,688.0625,3.985373839868487,2.0
E52_01234cac2d25748209cb57e8,8.915633089188091,5.963634638729843,5.963634638729843,275.78386787661753,295.55487261701467,419.772700963196,0.15719547582798327,0.009166666666666667,0.002301215277777778,0.1686633577724277,2.391336642227573,0.9472927006961164,248.53977661132814,11.2877197265625,11.2877197265625,248.53977661132814,376.2397766113281,3148.2952572239697,326.2397766113281,30.0,485.78386787661753,0.0,1,P01_GAMMA02_M014_00,P01_GAMMA02_M014_00,P01,M014,5816.59375,5824.125,7.53125,3.963634638729843,2.0
E52_06eb0baa948af7ff52881bcf,7.336563929830248,16.258674653736037,7.336563929830248,296.7597053393259,328.36499963050426,403.88764493158146,0.16274021246714285,0.009166666666666667,0.002301215277777778,0.17420809441158727,2.3857919055884134,0.945559970496379,379.26353149414064,0.0,0.0,379.26353149414064,506.9635314941406,3029.157336986861,306.9635314941406,30.0,506.7597053393259,0.0,1,P01_GAMMA02_M014_00,P01_GAMMA02_M014_00,P01,M014,5816.59375,5824.125,7.53125,5.336563929830248,2.0
E52_0c9d91fc306062a18ada9948,9.042018456600715,15.697900697510477,9.042018456600715,331.42241999480143,370.2725110389095,429.7442937249544,0.1787296459836012,0.009166666666666667,0.002301215277777778,0.19019752792804562,2.369802472071955,0.9405632725224857,466.2010925292969,0.0,0.0,466.2010925292969,593.9010925292969,3223.082202937158,326.7436828613281,30.0,541.4224199948014,0.0,1,P01_GAMMA02_M014_00,P01_GAMMA02_M014_00,P01,M014,5816.59375,5824.125,7.53125,7.042018456600715,2.0
E52_189eb019491ad876aa165071,6.697239020081952,3.8094716871601975,3.8094716871601975,403.09916814168594,448.35288467407526,534.676037089036,0.21908171065325852,0.009166666666666667,0.002301215277777778,0.23054959259770294,2.3294504074022977,0.9279532523132178,543.0445983886718,0.0,0.0,543.0445983886718,670.7445983886719,4010.07027816777,391.87322998046875,30.0,613.0991681416859,0.0,1,P01_GAMMA02_M014_00,P01_GAMMA02_M014_00,P01,M014,5816.59375,5824.125,7.53125,1.8094716871601975,2.0
E52_1eac4bbcd37cec5d48241661,8.875129228634151,6.04580255430777,6.04580255430777,275.66392246828667,298.30930922772677,415.4555243799327,0.1568759382441215,0.009166666666666667,0.002301215277777778,0.16834382018856592,2.3916561798114344,0.9473925561910732,271.74464111328126,0.0,0.0,271.74464111328126,399.44464111328125,3115.9164328494953,326.2397766113281,30.0,485.66392246828667,0.0,1,P01_GAMMA02_M014_00,P01_GAMMA02_M014_00,P01,M014,5816.59375,5824.125,7.53125,4.04580255430777,2.0
E52_1ef47ef68c1879e18ddbb164,6.653106987266398,9.684707827919368,6.653106987266398,525.9457118932837,556.9823492630754,865.6715995678175,0.30964781577290457,0.009166666666666667,0.002301215277777778,0.321115697717349,2.2388843022826515,0.8996513444633285,372.4396484375,0.0,0.0,372.4396484375,500.1396484375,6492.536996758631,304.7821350097656,30.0,735.9457118932837,0.0,1,P01_GAMMA02_M014_00,P01_GAMMA02_M014_00,P01,M014,5816.59375,5824.125,7.53125,4.653106987266398,2.0
E52_214ce9a3b3bd3fa9c582335a,10.233011408195821,15.138353346483314,10.233011408195821,331.46735474952504,365.31699057309277,459.8368945576438,0.1830074384559416,0.009166666666666667,0.002301215277777778,0.19447532040038604,2.3655246795996145,0.9392264623748794,406.1956298828125,0.0,0.0,406.1956298828125,533.8956298828125,3448.7767091823284,283.8956298828125,30.0,541.467354749525,0.0,1,P01_GAMMA02_M014_00,P01_GAMMA02_M014_00,P01,M014,5816.59375,5824.125,7.53125,8.233011408195821,2.0
E52_231555d7070bcf1a0911e332,8.806297191666687,5.981962334569488,5.981962334569488,303.4113952968874,335.0249979987103,417.14117438283733,0.1669828432889251,0.009166666666666667,0.002301215277777778,0.17845072523336952,2.381549274766631,0.944234148364572,379.363232421875,0.0,0.0,379.363232421875,507.063232421875,3128.55880787128,326.2397766113281,30.0,513.4113952968873,0.0,1,P01_GAMMA02_M014_00,P01_GAMMA02_M014_00,P01,M014,5816.59375,5824.125,7.53125,3.981962334569488,2.0
E52_246111a1ef063bec9e89ec9e,3.986635119892668,13.03223549741864,3.986635119892668,413.11352328410356,453.07003166626504,586.4879962752384,0.22998101771643822,0.009166666666666667,0.002301215277777778,0.24144889966088265,2.3185511003391177,0.9245472188559741,479.4781005859375,0.0,0.0,479.4781005859375,607.1781005859375,4398.659972064288,469.28277587890625,30.0,623.1135232841036,0.0,1,P01_GAMMA02_M014_00,P01_GAMMA02_M014_00,P01,M014,5816.59375,5824.125,7.53125,1.986635119892668,2.0
E52_24db349315b2a6b84dd4215d,9.742299280494919,5.686957833295324,5.686957833295324,283.5201066466774,305.8382661315407,433.1312563841751,0.1621732249548407,0.009166666666666667,0.002301215277777778,0.17364110689928514,2.3863588931007156,0.9457371540939734,267.8179138183594,0.0,0.0,267.8179138183594,395.5179138183594,3248.4844228813135,322.1230773925781,30.0,493.5201066466774,0.0,1,P01_GAMMA02_M014_00,P01_GAMMA02_M014_00,P01,M014,5816.59375,5824.125,7.53125,3.686957833295324,2.0
E52_27bf01e9e990859ae5993708,8.816713021720531,15.932490639468014,8.816713021720531,318.6138217216496,355.0514931287134,418.60161500091635,0.17259630304263499,0.009166666666666667,0.002301215277777778,0.1840641849870794,2.3759358150129213,0.9424799421915377,437.25205688476564,0.0,0.0,437.25205688476564,564.9520568847656,3139.5121125068727,326.2397766113281,30.0,528.6138217216496,0.0,1,P01_GAMMA02_M014_00,P01_GAMMA02_M014_00,P01,M014,5816.59375,5824.125,7.53125,6.816713021720531,2.0
E52_27fdcb9bc2da20af468e67a1,9.67245011455303,15.630401191469062,9.67245011455303,333.5201066466774,372.5049327982074,433.1312563841751,0.1799553449394086,0.009166666666666667,0.002301215277777778,0.19142322688385302,2.3685767731161476,0.940180241598796,467.8179138183594,0.0,0.0,467.8179138183594,595.5179138183594,3248.4844228813135,322.1230773925781,30.0,543.5201066466774,0.0,1,P01_GAMMA02_M014_00,P01_GAMMA02_M014_00,P01,M014,5816.59375,5824.125,7.53125,7.67245011455303,2.0
E52_2cea01313b8862fcfb6b2e63,16.10506837356327,16.460055432828085,16.10506837356327,259.5957489704318,280.08528245838755,396.2542970131293,0.148442074342722,0.009166666666666667,0.002301215277777778,0.15990995628716642,2.400090043712834,0.9500281386602605,245.87440185546876,0.0,0.0,245.87440185546876,373.57440185546875,2971.90722759847,231.8917236328125,30.0,469.5957489704318,0.0,1,P01_GAMMA02_M014_00,P01_GAMMA02_M014_00,P01,M014,5816.59375,5824.125,7.53125,14.10506837356327,2.0
E52_326bd9096774308657b14836,8.56931897887796,6.820761438549596,6.820761438549596,254.20783025924425,275.6237299174474,379.92026256926977,0.1442126230476059,0.009166666666666667,0.002301215277777778,0.15568050499205033,2.4043194950079503,0.9513498421899843,256.9907958984375,0.0,0.0,256.9907958984375,384.6907958984375,2849.4019692695233,334.6907958984375,30.0,464.20783025924425,0.0,1,P01_GAMMA02_M014_00,P01_GAMMA02_M014_00,P01,M014,5816.59375,5824.125,7.53125,4.820761438549596,2.0
E52_437c6a333219b14c3939f26c,8.832976230142648,6.0194831627628105,6.0194831627628105,277.09771274073506,296.211315442558,417.14117438283733,0.1570562493971614,0.009166666666666667,0.002301215277777778,0.16852413134160582,2.391475868658395,0.9473362089557482,248.53977661132814,19.176544189453125,19.176544189453125,248.53977661132814,376.2397766113281,3128.55880787128,326.2397766113281,30.0,487.09771274073506,0.0,1,P01_GAMMA02_M014_00,P01_GAMMA02_M014_00,P01,M014,5816.59375,5824.125,7.53125,4.0194831627628105,2.0
E52_44ed69e1d99dc074a7941a18,11.95936985462265,8.900383690419545,8.900383690419545,188.27556058823757,199.0276355292369,299.7078152072368,0.1090911242968749,0.009166666666666667,0.002301215277777778,0.12055900624131935,2.439440993758681,0.9623253105495877,139.59420471191407,10.569305419921875,10.569305419921875,139.59420471191407,267.29420471191406,2247.808614054276,217.29420471191406,30.0,398.27556058823757,0.0,1,P01_GAMMA02_M014_00,P01_GAMMA02_M014_00,P01,M014,5816.59375,5824.125,7.53125,6.900383690419545,2.0
E52_47db2d0d55c92154c779a4c9,7.066144518945961,16.45726286038159,7.066144518945961,312.62709924858126,351.3219092257948,393.08533863388124,0.16685347284684848,0.009166666666666667,0.002301215277777778,0.1783213547912929,2.3816786452087078,0.944274576627721,464.3377197265625,0.0,0.0,464.3377197265625,592.0377197265625,2948.1400397541092,295.61395263671875,30.0,522.6270992485813,0.0,1,P01_GAMMA02_M014_00,P01_GAMMA02_M014_00,P01,M014,5816.59375,5824.125,7.53125,5.066144518945961,2.0
E52_4cf0fac9feb721651efb2830,13.381429260119987,17.82597875173802,13.381429260119987,242.69354898018014,267.32891198677197,337.5749199208095,0.13412057160327687,0.009166666666666667,0.002301215277777778,0.1455884535477213,2.4144115464522793,0.9545036082663371,295.6243560791016,0.0,0.0,295.6243560791016,423.32435607910156,2531.8118994060715,217.31182861328125,30.0,452.69354898018014,0.0,1,P01_GAMMA02_M014_00,P01_GAMMA02_M014_00,P01,M014,5816.59375,5824.125,7.53125,11.381429260119987,2.0
E52_4d215302190bc5bfb29bf912,6.5613271779133555,16.37371485667674,6.5613271779133555,307.50969179304633,343.7570581260541,397.53518558804575,0.1656637075427803,0.009166666666666667,0.002301215277777778,0.1771315894872247,2.382868410512776,0.9446463782852423,434.96839599609376,0.0,0.0,434.96839599609376,562.6683959960938,2981.5138919103433,336.56707763671875,30.0,517.5096917930464,0.0,1,P01_GAMMA02_M014_00,P01_GAMMA02_M014_00,P01,M014,5816.59375,5824.125,7.53125,4.5613271779133555,2.0
E52_50c718ca7f326f764494c89d,16.24079439072942,13.080943299176411,13.080943299176411,350.85355156655817,370.1881015340061,585.6998033284289,0.20772710552759727,0.009166666666666667,0.002301215277777778,0.2191949874720417,2.3408050125279587,0.9315015664149869,232.014599609375,0.0,0.0,232.014599609375,359.714599609375,4392.748524963216,275.29461669921875,30.0,560.8535515665582,0.0,1,P01_GAMMA02_M014_00,P01_GAMMA02_M014_00,P01,M014,5816.59375,5824.125,7.53125,11.080943299176411,2.0
E52_515a3b7c8d98426ee13f2b4e,15.06019699922912,17.07508762021844,15.06019699922912,242.68536134104386,262.0561394884234,369.14605379781034,0.13858886614696947,0.009166666666666667,0.002301215277777778,0.1500567480914139,2.4099432519085866,0.9531072662214332,232.4493377685547,0.0,0.0,232.4493377685547,360.1493377685547,2768.5954034835777,210.1493377685547,30.0,452.68536134104386,0.0,1,P01_GAMMA02_M014_00,P01_GAMMA02_M014_00,P01,M014,5816.59375,5824.125,7.53125,13.06019699922912,2.0
E52_60b76d98beea93305f35c25d,15.165502560112557,16.79058398580294,15.165502560112557,271.8613885249859,299.0873836523459,380.3668062858116,0.15055421784231732,0.009166666666666667,0.002301215277777778,0.16202209978676174,2.3979779002132386,0.949368093816637,326.7119415283203,0.0,0.0,326.7119415283203,454.4119415283203,2852.751047143587,241.2421875,30.0,481.8613885249859,0.0,1,P01_GAMMA02_M014_00,P01_GAMMA02_M014_00,P01,M014,5816.59375,5824.125,7.53125,13.165502560112557,2.0
E52_68694062ed2e2e792aeb51a9,10.350525154193718,17.695890544520793,10.350525154193718,262.3147609906027,292.8212075746684,341.5908424768108,0.1416674545099547,0.009166666666666667,0.002301215277777778,0.1531353364543991,2.4068646635456012,0.9521452073580002,366.0773590087891,0.0,0.0,366.0773590087891,493.77735900878906,2561.931318576081,213.8477783203125,30.0,472.3147609906027,0.0,1,P01_GAMMA02_M014_00,P01_GAMMA02_M014_00,P01,M014,5816.59375,5824.125,7.53125,8.350525154193718,2.0
E52_6aa461eda22a4c53e6730e81,8.351018769525211,6.478254834226846,6.478254834226846,265.8104536255181,288.3542041341444,395.1560268799425,0.15046620221455187,0.009166666666666667,0.002301215277777778,0.1619340841589963,2.3980659158410043,0.9493955987003136,271.555615234375,1.030609130859375,1.030609130859375,271.555615234375,399.255615234375,2963.670201599569,349.255615234375,30.0,475.8104536255181,0.0,1,P01_GAMMA02_M014_00,P01_GAMMA02_M014_00,P01,M014,5816.59375,5824.125,7.53125,4.478254834226846,2.0
E52_6dc095df8eb6475486134b5c,4.082214625289097,12.905188948092743,4.082214625289097,424.06014837873875,466.2734748964797,594.8403376510322,0.23505698741925235,0.009166666666666667,0.002301215277777778,0.24652486936369677,2.313475130636304,0.9229609783238447,506.55991821289064,0.0,0.0,506.55991821289064,634.2599182128906,4461.302532382741,440.2059631347656,30.0,634.0601483787387,0.0,1,P01_GAMMA02_M014_00,P01_GAMMA02_M014_00,P01,M014,5816.59375,5824.125,7.53125,2.0822146252890974,2.0
E52_73baea82bbbffa2db9d7426a,9.121064711175293,5.711384152670419,5.711384152670419,297.3854850658978,324.64222792478455,431.2305129784753,0.16683515196021612,0.009166666666666667,0.002301215277777778,0.17830303390466054,2.38169696609534,0.9442803019047936,327.08091430664064,0.0,0.0,327.08091430664064,454.7809143066406,3234.2288473385647,335.390380859375,30.0,507.3854850658978,0.0,1,P01_GAMMA02_M014_00,P01_GAMMA02_M014_00,P01,M014,5816.59375,5824.125,7.53125,3.711384152670419,2.0
E52_74b3fb0a4920873efc33101b,7.103545296168392,6.525083879148042,6.525083879148042,262.62709924858126,284.6552425591281,393.08533863388124,0.14907135286228057,0.009166666666666667,0.002301215277777778,0.160539234806725,2.3994607651932753,0.9498314891228985,264.3377197265625,0.0,0.0,264.3377197265625,392.0377197265625,2948.1400397541092,295.61395263671875,30.0,472.62709924858126,0.0,1,P01_GAMMA02_M014_00,P01_GAMMA02_M014_00,P01,M014,5816.59375,5824.125,7.53125,4.525083879148042,2.0
E52_7547086a1218012670f76a62,11.231914410473635,2.277872015791573,2.277872015791573,370.7957901832663,387.27013608984186,642.7455049270795,0.2228984084752749,0.009166666666666667,0.002301215277777778,0.23436629041971932,2.325633709580281,0.9267605342438378,197.69215087890626,0.0,0.0,197.69215087890626,325.39215087890625,4820.591286953097,275.39215087890625,30.0,580.7957901832663,0.0,1,P01_GAMMA02_M014_00,P01_GAMMA02_M014_00,P01,M014,5816.59375,5824.125,7.53125,0.27787201579157284,2.0
E52_76b4f0bdabd1ccab126282dd,14.390771867910388,17.180198899819032,14.390771867910388,244.7670432960008,265.6078646257534,364.489158613486,0.13866967590706417,0.009166666666666667,0.002301215277777778,0.1501375578515086,2.409862442148492,0.9530820131714036,250.08985595703126,0.0,0.0,250.08985595703126,377.78985595703125,2733.6686896011447,241.2421875,30.0,454.7670432960008,0.0,1,P01_GAMMA02_M014_00,P01_GAMMA02_M014_00,P01,M014,5816.59375,5824.125,7.53125,12.390771867910388,2.0
E52_82c821a5773d0bfbe554f10a,7.689509781038993,11.397135806608844,7.689509781038993,512.9354114719376,566.0737563002253,707.0407539741487,0.2825549862639304,0.009166666666666667,0.002301215277777778,0.2940228682083748,2.2659771317916255,0.9081178536848828,637.6601379394531,0.0,0.0,637.6601379394531,765.3601379394531,5302.805654806116,465.3601379394531,30.0,722.9354114719376,0.0,1,P01_GAMMA02_M014_00,P01_GAMMA02_M014_00,P01,M014,5816.59375,5824.125,7.53125,5.689509781038993,2.0
E52_8ca7795ffa642a3b129c0a3d,9.090092429838677,15.730152054416479,9.090092429838677,330.94608252023,369.9122522589995,428.0951466078428,0.17832668261553564,0.009166666666666667,0.002301215277777778,0.18979456455998006,2.3702054354400204,0.9406891985750062,467.5940368652344,0.0,0.0,467.5940368652344,595.2940368652344,3210.713599558821,335.390380859375,30.0,540.94608252023,0.0,1,P01_GAMMA02_M014_00,P01_GAMMA02_M014_00,P01,M014,5816.59375,5824.125,7.53125,7.090092429838677,2.0
E52_9026ce0d2a5dd9a75ef73c8e,7.290398690434131,6.720084116703532,6.720084116703532,248.61637070099954,267.37077642202814,384.70630707582717,0.14290187810434732,0.009166666666666667,0.002301215277777778,0.15436976004879174,2.4056302399512086,0.9517594499847526,225.05286865234376,0.0,0.0,225.05286865234376,352.75286865234375,2885.297303068704,302.75286865234375,30.0,458.61637070099954,0.0,1,P01_GAMMA02_M014_00,P01_GAMMA02_M014_00,P01,M014,5816.59375,5824.125,7.53125,4.720084116703532,2.0
E52_96da4f081c74d8211b4b244f,11.511748287092388,12.47027426673894,11.511748287092388,406.4445801679392,437.368205859671,627.3474061854878,0.23339590098708082,0.009166666666666667,0.002301215277777778,0.24486378293152525,2.315136217068475,0.9234800678338984,371.08350830078126,0.0,0.0,371.08350830078126,498.78350830078125,4705.105546391158,251.37640380859375,30.0,616.4445801679392,0.0,1,P01_GAMMA02_M014_00,P01_GAMMA02_M014_00,P01,M014,5816.59375,5824.125,7.53125,9.511748287092388,2.0
E52_a3836b1674b2d70f748125c1,12.61097218345084,18.388582284998307,12.61097218345084,238.77143733771516,265.74771093797557,315.68523307386783,0.1296256139323784,0.009166666666666667,0.002301215277777778,0.14109349587682282,2.4189065041231776,0.9559082825384929,323.715283203125,0.0,0.0,323.715283203125,451.415283203125,2367.639248054009,217.29420471191406,30.0,448.77143733771516,0.0,1,P01_GAMMA02_M014_00,P01_GAMMA02_M014_00,P01,M014,5816.59375,5824.125,7.53125,10.61097218345084,2.0
E52_a77602565c04dca5831f9b7a,9.269947085352001,15.758600383852013,9.269947085352001,295.3505394617105,322.31471665694164,428.9160157520343,0.16578365241547813,0.009166666666666667,0.002301215277777778,0.17725153435992255,2.382748465640078,0.9446088955125242,323.57012634277345,0.0,0.0,323.57012634277345,451.27012634277344,3216.870118140257,284.58648681640625,30.0,505.3505394617105,0.0,1,P01_GAMMA02_M014_00,P01_GAMMA02_M014_00,P01,M014,5816.59375,5824.125,7.53125,7.269947085352001,2.0
E52_aaa387ee3ee3170bd804334d,2.2172285911362337,18.409477866986336,2.2172285911362337,263.5215778829557,299.2286101502083,312.8009621623957,0.13801933350380158,0.009166666666666667,0.002301215277777778,0.149487215448246,2.4105127845517544,0.9532852451724231,428.48438720703126,0.0,0.0,428.48438720703126,556.1843872070312,2346.0072162179677,386.9435729980469,30.0,473.5215778829557,0.0,1,P01_GAMMA02_M014_00,P01_GAMMA02_M014_00,P01,M014,5816.59375,5824.125,7.53125,0.21722859113623372,2.0
E52_afb1e3673ff3adbe9c45b8fc,7.026185489183476,6.956106286850726,6.956106286850726,250.21040235058808,271.27175132926646,374.0527108291059,0.1419599864782851,0.009166666666666667,0.002301215277777778,0.1534278684227295,2.406572131577271,0.952053791117897,252.73618774414064,0.0,0.0,252.73618774414064,380.4361877441406,2805.395331218294,291.6474609375,30.0,460.2104023505881,0.0,1,P01_GAMMA02_M014_00,P01_GAMMA02_M014_00,P01,M014,5816.59375,5824.125,7.53125,4.956106286850726,2.0
E52_b544b4d7beda1d6ed7fbeefb,9.020618361013717,16.252686834440453,9.020618361013717,293.91354735972715,324.49113296153376,404.3615811086144,0.16179511839250177,0.009166666666666667,0.002301215277777778,0.1732630003369462,2.3867369996630545,0.9458553123947043,366.9310272216797,0.0,0.0,366.9310272216797,494.6310272216797,3032.711858314608,277.91845703125,30.0,503.91354735972715,0.0,1,P01_GAMMA02_M014_00,P01_GAMMA02_M014_00,P01,M014,5816.59375,5824.125,7.53125,7.020618361013717,2.0
E52_b60e4d2a4cdcd5801a5d757f,8.827101935163839,16.480566458341656,8.827101935163839,308.26023760270465,345.626388522301,392.32356968783114,0.16519254750221457,0.009166666666666667,0.002301215277777778,0.176660429446659,2.3833395705533413,0.9447936157979191,448.39381103515626,0.0,0.0,448.39381103515626,576.0938110351562,2942.4267726587336,326.2397766113281,30.0,518.2602376027046,0.0,1,P01_GAMMA02_M014_00,P01_GAMMA02_M014_00,P01,M014,5816.59375,5824.125,7.53125,6.827101935163839,2.0
E52_b6789310c1ab16898a769b78,14.770174279116674,2.625622464396969,2.625622464396969,372.38145547243056,389.4038741939475,617.4514627840539,0.21924054354678854,0.009166666666666667,0.002301215277777778,0.23070842549123297,2.3292915745087677,0.9279036170339897,225.84925537109376,21.580230712890625,21.580230712890625,225.84925537109376,353.54925537109375,4630.885970880404,303.54925537109375,30.0,582.3814554724306,0.0,1,P01_GAMMA02_M014_00,P01_GAMMA02_M014_00,P01,M014,5816.59375,5824.125,7.53125,0.6256224643969688,2.0
E52_b7c433bb400c5a28313b13f0,9.309120349543974,16.00220965111248,9.309120349543974,270.63016208552887,291.2047849391259,417.8125870494757,0.1554195344851095,0.009166666666666667,0.002301215277777778,0.16688741642955393,2.3931125835704465,0.9478476823657644,246.89547424316407,0.0,0.0,246.89547424316407,374.59547424316406,3133.594402871068,284.58648681640625,30.0,480.63016208552887,0.0,1,P01_GAMMA02_M014_00,P01_GAMMA02_M014_00,P01,M014,5816.59375,5824.125,7.53125,7.309120349543974,2.0
E52_be69bdf55826f2eb34075d09,10.988010065043696,12.029424972929434,10.988010065043696,457.6877788138426,500.48965717077624,658.5642874860837,0.25604119113741575,0.009166666666666667,0.002301215277777778,0.26750907308186017,2.2924909269181404,0.9164034146619187,513.6225402832031,0.0,0.0,513.6225402832031,641.3225402832031,4939.232156145627,341.3225402832031,30.0,667.6877788138427,0.0,1,P01_GAMMA02_M014_00,P01_GAMMA02_M014_00,P01,M014,5816.59375,5824.125,7.53125,8.988010065043696,2.0
E52_bfffb2993ede6e2e2bd9340b,15.999758922861972,13.053008949478723,13.053008949478723,400.85355156655817,436.85476820067277,585.6998033284289,0.22550922551216515,0.009166666666666667,0.002301215277777778,0.23697710745660958,2.323022892543391,0.9259446539198095,432.014599609375,0.0,0.0,432.014599609375,559.714599609375,4392.748524963216,275.29461669921875,30.0,610.8535515665582,0.0,1,P01_GAMMA02_M014_00,P01_GAMMA02_M014_00,P01,M014,5816.59375,5824.125,7.53125,11.053008949478723,2.0
E52_c0294c7ff44d44fc4ede8d97,8.49710721354424,16.7256600789149,8.49710721354424,316.70783025924425,358.9570632507807,379.92026256926977,0.16644027302831577,0.009166666666666667,0.002301215277777778,0.1779081549727602,2.38209184502724,0.9444037015710125,506.9907958984375,0.0,0.0,506.9907958984375,634.6907958984375,2849.4019692695233,334.6907958984375,30.0,526.7078302592442,0.0,1,P01_GAMMA02_M014_00,P01_GAMMA02_M014_00,P01,M014,5816.59375,5824.125,7.53125,6.49710721354424,2.0
E52_c10a50247c57c0340b451298,3.8801718138771832,3.1495087650690863,3.1495087650690863,410.4813485396202,450.8988478275434,578.4577013517014,0.22790762835174688,0.009166666666666667,0.002301215277777778,0.2393755102961913,2.320624489703809,0.9251951530324403,485.00999145507814,0.0,0.0,485.00999145507814,612.7099914550781,4338.432760137761,515.4917602539062,30.0,620.4813485396203,0.0,1,P01_GAMMA02_M014_00,P01_GAMMA02_M014_00,P01,M014,5816.59375,5824.125,7.53125,1.1495087650690863,2.0
E52_c76d93c5902d0dc017f7065c,9.034602561303402,16.05706218628906,9.034602561303402,260.86241804033426,278.57034040361555,415.47730190098105,0.1516149798935124,0.009166666666666667,0.002301215277777778,0.16308286183795684,2.3969171381620438,0.9490366056756385,212.495068359375,0.0,0.0,212.495068359375,340.195068359375,3116.079764257358,277.91845703125,30.0,470.86241804033426,0.0,1,P01_GAMMA02_M014_00,P01_GAMMA02_M014_00,P01,M014,5816.59375,5824.125,7.53125,7.034602561303402,2.0
E52_d22cbe82615c6d2ee0ebf49f,9.060393389197614,15.758568264926964,9.060393389197614,318.17309843891866,352.9726015110215,427.5491784452201,0.1737067461230003,0.009166666666666667,0.002301215277777778,0.18517462806744472,2.374825371932556,0.9421329287289235,417.5940368652344,0.0,0.0,417.5940368652344,545.2940368652344,3206.618838339151,335.390380859375,30.0,528.1730984389187,0.0,1,P01_GAMMA02_M014_00,P01_GAMMA02_M014_00,P01,M014,5816.59375,5824.125,7.53125,7.060393389197614,2.0
E52_dbec4f1422e98765afb262aa,7.496396567047611,16.38523852602286,7.496396567047611,322.5402116809159,364.1002534899979,395.72017250733956,0.1707521496628321,0.009166666666666667,0.002301215277777778,0.1822200316072765,2.377779968392724,0.943056240122726,498.7205017089844,0.0,0.0,498.7205017089844,626.4205017089844,2967.901293805047,326.4205017089844,30.0,532.540211680916,0.0,1,P01_GAMMA02_M014_00,P01_GAMMA02_M014_00,P01,M014,5816.59375,5824.125,7.53125,5.496396567047611,2.0
E52_dc4c132291b7b9525a26c82f,9.045343303511046,16.290878065555617,9.045343303511046,256.41354735972715,274.49113296153376,404.3615811086144,0.14845852840407586,0.009166666666666667,0.002301215277777778,0.1599264103485203,2.4000735896514804,0.9500229967660874,216.9310272216797,0.0,0.0,216.9310272216797,344.6310272216797,3032.711858314608,277.91845703125,30.0,466.41354735972715,0.0,1,P01_GAMMA02_M014_00,P01_GAMMA02_M014_00,P01,M014,5816.59375,5824.125,7.53125,7.045343303511046,2.0
E52_de2c36302e014a6d0284c896,8.766028951865025,15.994052628622484,8.766028951865025,325.41177480357015,364.7238282296769,414.95122905049965,0.1744969638873427,0.009166666666666667,0.002301215277777778,0.18596484583178713,2.3740351541682134,0.9418859856775665,471.74464111328126,0.0,0.0,471.74464111328126,599.4446411132812,3112.134217878747,325.15069580078125,30.0,535.4117748035701,0.0,1,P01_GAMMA02_M014_00,P01_GAMMA02_M014_00,P01,M014,5816.59375,5824.125,7.53125,6.7660289518650245,2.0
E52_e0325aad0b87e7c07e10fc2c,8.863579047560208,5.987785159048158,5.987785159048158,275.1983248954777,294.96932963587483,418.60161500091635,0.15682137892336617,0.009166666666666667,0.002301215277777778,0.1682892608678106,2.39171073913219,0.9474096059788092,248.53977661132814,11.2877197265625,11.2877197265625,248.53977661132814,376.2397766113281,3139.5121125068727,326.2397766113281,30.0,485.1983248954777,0.0,1,P01_GAMMA02_M014_00,P01_GAMMA02_M014_00,P01,M014,5816.59375,5824.125,7.53125,3.9877851590481583,2.0
E52_e0cd6bab1a22c4530d9a254c,7.551048824757331,6.471069764274475,6.471069764274475,260.0402116809159,280.7669201566646,395.72017250733956,0.14852449968212222,0.009166666666666667,0.002301215277777778,0.15999238162656665,2.400007618373434,0.950002380741698,248.7205017089844,0.0,0.0,248.7205017089844,376.4205017089844,2967.901293805047,326.4205017089844,30.0,470.0402116809159,0.0,1,P01_GAMMA02_M014_00,P01_GAMMA02_M014_00,P01,M014,5816.59375,5824.125,7.53125,4.471069764274475,2.0
E52_ea76d341ab82f2ebc1fa1efe,8.823957643855067,6.056283714240493,6.056283714240493,275.41177480357015,298.05716156301025,414.95122905049965,0.15671484390277482,0.009166666666666667,0.002301215277777778,0.16818272584721924,2.3918172741527814,0.947442898172744,271.74464111328126,0.0,0.0,271.74464111328126,399.44464111328125,3112.134217878747,325.15069580078125,30.0,485.41177480357015,0.0,1,P01_GAMMA02_M014_00,P01_GAMMA02_M014_00,P01,M014,5816.59375,5824.125,7.53125,4.056283714240493,2.0
E52_eab18c460278cfbad2c20da0,10.382912956395657,7.760329046990023,7.760329046990023,212.31476099060268,226.15454090800176,341.5908424768108,0.12388533452538679,0.009166666666666667,0.002301215277777778,0.13535321646983123,2.4246467835301693,0.9577021198531778,166.07735900878907,0.0,0.0,166.07735900878907,293.77735900878906,2561.931318576081,213.8477783203125,30.0,422.3147609906027,0.0,1,P01_GAMMA02_M014_00,P01_GAMMA02_M014_00,P01,M014,5816.59375,5824.125,7.53125,5.760329046990023,2.0
E52_eddf192c3626d88d236d26e4,11.244949945935446,17.034187922993553,11.244949945935446,241.72684180786888,260.473536754158,370.9735139380034,0.13850678679446915,0.009166666666666667,0.002301215277777778,0.14997466873891357,2.410025331261087,0.9531329160190896,224.96033935546876,0.0,0.0,224.96033935546876,352.66033935546875,2782.3013545350254,199.07135009765625,30.0,451.7268418078689,0.0,1,P01_GAMMA02_M014_00,P01_GAMMA02_M014_00,P01,M014,5816.59375,5824.125,7.53125,9.244949945935446,2.0
E52_f2fabdd802684ffd17ed2273,7.014613298682818,16.925225818485302,7.014613298682818,275.2104023505881,304.60508466259984,374.0527108291059,0.15085104647056902,0.009166666666666667,0.002301215277777778,0.16231892841501344,2.3976810715849872,0.9492753348703084,352.73618774414064,0.0,0.0,352.73618774414064,480.4361877441406,2805.395331218294,291.6474609375,30.0,485.2104023505881,0.0,1,P01_GAMMA02_M014_00,P01_GAMMA02_M014_00,P01,M014,5816.59375,5824.125,7.53125,5.014613298682818,2.0
E52_fd527d975e1813662620f82c,11.696047822711392,12.45056667278017,11.696047822711392,418.2192341110554,452.9085204066283,628.3027504486734,0.23771876612520712,0.009166666666666667,0.002301215277777778,0.24918664806965155,2.310813351930349,0.9221291724782339,416.271435546875,0.0,0.0,416.271435546875,543.971435546875,4712.2706283650505,306.8754577636719,30.0,628.2192341110554,0.0,1,P01_GAMMA02_M014_00,P01_GAMMA02_M014_00,P01,M014,5816.59375,5824.125,7.53125,9.696047822711392,2.0
E52_831cee7e7a3a549796e42b18,7.08959855755154,10.042846261792022,7.08959855755154,524.445203057942,560.9167693217765,830.061008532876,0.3040708837654974,0.009166666666666667,0.002301215277777778,0.3155387657099418,2.2444612342900587,0.9013941357156432,437.65879516601564,0.0,0.0,437.65879516601564,565.3587951660156,6225.457563996571,359.5916748046875,30.0,734.445203057942,0.0,1,P01_GAMMA02_M014_00,P01_GAMMA02_M014_00,P01,M014,5816.59375,5824.125,7.53125,5.08959855755154,2.0
E52_d3460088443e86b69235cf2f,7.866280648564313,10.110906533633653,7.866280648564313,520.9986937965015,557.4049117530444,823.5600798537452,0.3019244763287566,0.009166666666666667,0.002301215277777778,0.313392358273201,2.2466076417267997,0.9020648880396247,436.87461547851564,0.0,0.0,436.87461547851564,564.5746154785156,6176.700598903089,276.8628845214844,30.0,730.9986937965015,0.0,1,P01_GAMMA02_M014_00,P01_GAMMA02_M014_00,P01,M014,5816.59375,5824.125,7.53125,5.866280648564313,2.0
E52_c98d1e580ba9a8920eeacbdb,6.876957513642196,9.995636820319618,6.876957513642196,531.3190315479533,569.3529452238973,834.4345810402425,0.30713490815373307,0.009166666666666667,0.002301215277777778,0.3186027900981775,2.241397209901823,0.9004366280943196,456.40696411132814,0.0,0.0,456.40696411132814,584.1069641113281,6258.259357801819,362.73199462890625,30.0,741.3190315479533,0.0,1,P01_GAMMA02_M014_00,P01_GAMMA02_M014_00,P01,M014,5816.59375,5824.125,7.53125,4.876957513642196,2.0
E52_413d3eff5d481ef66f8d3068,6.3373479100317525,9.493762996477216,6.3373479100317525,548.7789293194231,584.2784598573463,884.5606754113072,0.3204434082194385,0.009166666666666667,0.002301215277777778,0.33191129016388293,2.2280887098361175,0.8962777218237866,425.99436645507814,0.0,0.0,425.99436645507814,553.6943664550781,6634.205065584804,329.6845703125,30.0,758.7789293194231,0.0,1,P01_GAMMA02_M014_00,P01_GAMMA02_M014_00,P01,M014,5816.59375,5824.125,7.53125,4.3373479100317525,2.0
E52_88c1c7aba1fcf94c58dad20e,6.346972520000719,9.497510042154289,6.346972520000719,536.2789293194231,567.6117931906797,884.5606754113072,0.3159978782232965,0.009166666666666667,0.002301215277777778,0.3274657601677409,2.2325342398322596,0.897666949947581,375.99436645507814,0.0,0.0,375.99436645507814,503.6943664550781,6634.205065584804,329.6845703125,30.0,746.2789293194231,0.0,1,P01_GAMMA02_M014_00,P01_GAMMA02_M014_00,P01,M014,5816.59375,5824.125,7.53125,4.346972520000719,2.0
E52_2e64690809088e2a96fb2160,6.354232238292823,9.500767968691491,6.354232238292823,523.7789293194231,550.945126524013,884.5606754113072,0.31155234822715455,0.009166666666666667,0.002301215277777778,0.323020230171599,2.2369797698284017,0.8990561780713753,325.99436645507814,0.0,0.0,325.99436645507814,453.6943664550781,6634.205065584804,329.6845703125,30.0,733.7789293194231,0.0,1,P01_GAMMA02_M014_00,P01_GAMMA02_M014_00,P01,M014,5816.59375,5824.125,7.53125,4.354232238292823,2.0
E52_cdef0b479e00ae29ebd83132,4.026769550110288,10.01648148125875,4.026769550110288,520.0071121141804,554.5433095222207,832.7970397801186,0.3028799960747676,0.009166666666666667,0.002301215277777778,0.31434787801921205,2.2456521219807883,0.9017662881189963,414.4343688964844,0.0,0.0,414.4343688964844,542.1343688964844,6245.977798350889,297.6476745605469,30.0,730.0071121141804,0.0,1,P01_GAMMA02_M014_00,P01_GAMMA02_M014_00,P01,M014,5816.59375,5824.125,7.53125,2.026769550110288,2.0
E52_30110e5b3ae38ecfab28ace2,4.415916778643094,10.05954008012911,4.415916778643094,514.4106891471403,547.7506496268766,828.7816154158626,0.30032099335417484,0.009166666666666667,0.002301215277777778,0.31178887529861926,2.248211124701381,0.9025659764691815,400.07952575683595,0.0,0.0,400.07952575683595,527.7795257568359,6215.862115618969,313.0162353515625,30.0,724.4106891471403,0.0,1,P01_GAMMA02_M014_00,P01_GAMMA02_M014_00,P01,M014,5816.59375,5824.125,7.53125,2.415916778643094,2.0
E52_01234cac2d25748209cb57e8,7.600970101618273,5.963634638729843,5.963634638729843,275.78386787661753,295.55487261701467,419.772700963196,0.15719547582798327,0.009166666666666667,0.007743923611111111,0.17410606610576104,2.3858939338942395,0.9455918543419497,248.53977661132814,11.2877197265625,11.2877197265625,248.53977661132814,376.2397766113281,3148.2952572239697,326.2397766113281,30.0,485.78386787661753,0.0,1,P01_GAMMA02_M014_01,P01_GAMMA02_M014_01,P01,M014,5837.125,5862.46875,25.34375,3.963634638729843,2.0
E52_06eb0baa948af7ff52881bcf,6.175456552024414,16.258674653736037,6.175456552024414,296.7597053393259,328.36499963050426,403.88764493158146,0.16274021246714285,0.009166666666666667,0.007743923611111111,0.17965080274492062,2.3803491972550797,0.9438591241422123,379.26353149414064,0.0,0.0,379.26353149414064,506.9635314941406,3029.157336986861,306.9635314941406,30.0,506.7597053393259,0.0,1,P01_GAMMA02_M014_01,P01_GAMMA02_M014_01,P01,M014,5837.125,5862.46875,25.34375,4.175456552024414,2.0
E52_0c9d91fc306062a18ada9948,7.762388165126723,15.697900697510477,7.762388165126723,331.42241999480143,370.2725110389095,429.7442937249544,0.1787296459836012,0.009166666666666667,0.007743923611111111,0.19564023626137897,2.3643597637386216,0.938862426168319,466.2010925292969,0.0,0.0,466.2010925292969,593.9010925292969,3223.082202937158,326.7436828613281,30.0,541.4224199948014,0.0,1,P01_GAMMA02_M014_01,P01_GAMMA02_M014_01,P01,M014,5837.125,5862.46875,25.34375,5.762388165126723,2.0
E52_189eb019491ad876aa165071,6.054070901813134,3.8094716871601975,3.8094716871601975,403.09916814168594,448.35288467407526,534.676037089036,0.21908171065325852,0.009166666666666667,0.007743923611111111,0.2359923009310363,2.3240076990689644,0.9262524059590511,543.0445983886718,0.0,0.0,543.0445983886718,670.7445983886719,4010.07027816777,391.87322998046875,30.0,613.0991681416859,0.0,1,P01_GAMMA02_M014_01,P01_GAMMA02_M014_01,P01,M014,5837.125,5862.46875,25.34375,1.8094716871601975,2.0
E52_1eac4bbcd37cec5d48241661,7.547572081514133,6.04580255430777,6.04580255430777,275.66392246828667,298.30930922772677,415.4555243799327,0.1568759382441215,0.009166666666666667,0.007743923611111111,0.17378652852189927,2.386213471478101,0.9456917098369064,271.74464111328126,0.0,0.0,271.74464111328126,399.44464111328125,3115.9164328494953,326.2397766113281,30.0,485.66392246828667,0.0,1,P01_GAMMA02_M014_01,P01_GAMMA02_M014_01,P01,M014,5837.125,5862.46875,25.34375,4.04580255430777,2.0
E52_1ef47ef68c1879e18ddbb164,7.544920950304245,9.684707827919368,7.544920950304245,525.9457118932837,556.9823492630754,865.6715995678175,0.30964781577290457,0.009166666666666667,0.007743923611111111,0.3265584060506823,2.233441593949318,0.8979504981091617,372.4396484375,0.0,0.0,372.4396484375,500.1396484375,6492.536996758631,304.7821350097656,30.0,735.9457118932837,0.0,1,P01_GAMMA02_M014_01,P01_GAMMA02_M014_01,P01,M014,5837.125,5862.46875,25.34375,5.544920950304245,2.0
E52_214ce9a3b3bd3fa9c582335a,8.951725805391135,15.138353346483314,8.951725805391135,331.46735474952504,365.31699057309277,459.8368945576438,0.1830074384559416,0.009166666666666667,0.007743923611111111,0.1999180287337194,2.3600819712662813,0.9375256160207127,406.1956298828125,0.0,0.0,406.1956298828125,533.8956298828125,3448.7767091823284,283.8956298828125,30.0,541.467354749525,0.0,1,P01_GAMMA02_M014_01,P01_GAMMA02_M014_01,P01,M014,5837.125,5862.46875,25.34375,6.951725805391135,2.0
E52_231555d7070bcf1a0911e332,7.4990966793855165,5.981962334569488,5.981962334569488,303.4113952968874,335.0249979987103,417.14117438283733,0.1669828432889251,0.009166666666666667,0.007743923611111111,0.18389343356670287,2.3761065664332977,0.9425333020104053,379.363232421875,0.0,0.0,379.363232421875,507.063232421875,3128.55880787128,326.2397766113281,30.0,513.4113952968873,0.0,1,P01_GAMMA02_M014_01,P01_GAMMA02_M014_01,P01,M014,5837.125,5862.46875,25.34375,3.981962334569488,2.0
E52_246111a1ef063bec9e89ec9e,3.4766146757873173,13.03223549741864,3.4766146757873173,413.11352328410356,453.07003166626504,586.4879962752384,0.22998101771643822,0.009166666666666667,0.007743923611111111,0.246891607994216,2.3131083920057844,0.9228463725018075,479.4781005859375,0.0,0.0,479.4781005859375,607.1781005859375,4398.659972064288,469.28277587890625,30.0,623.1135232841036,0.0,1,P01_GAMMA02_M014_01,P01_GAMMA02_M014_01,P01,M014,5837.125,5862.46875,25.34375,1.4766146757873173,2.0
E52_24db349315b2a6b84dd4215d,8.36677996966236,5.686957833295324,5.686957833295324,283.5201066466774,305.8382661315407,433.1312563841751,0.1621732249548407,0.009166666666666667,0.007743923611111111,0.1790838152326185,2.380916184767382,0.9440363077398067,267.8179138183594,0.0,0.0,267.8179138183594,395.5179138183594,3248.4844228813135,322.1230773925781,30.0,493.5201066466774,0.0,1,P01_GAMMA02_M014_01,P01_GAMMA02_M014_01,P01,M014,5837.125,5862.46875,25.34375,3.686957833295324,2.0
E52_27bf01e9e990859ae5993708,7.516716927564616,15.932490639468014,7.516716927564616,318.6138217216496,355.0514931287134,418.60161500091635,0.17259630304263499,0.009166666666666667,0.007743923611111111,0.18950689332041276,2.3704931066795876,0.940779095837371,437.25205688476564,0.0,0.0,437.25205688476564,564.9520568847656,3139.5121125068727,326.2397766113281,30.0,528.6138217216496,0.0,1,P01_GAMMA02_M014_01,P01_GAMMA02_M014_01,P01,M014,5837.125,5862.46875,25.34375,5.516716927564616,2.0
E52_27fdcb9bc2da20af468e67a1,8.315781865427141,15.630401191469062,8.315781865427141,333.5201066466774,372.5049327982074,433.1312563841751,0.1799553449394086,0.009166666666666667,0.007743923611111111,0.19686593521718637,2.3631340647828143,0.9384793952446293,467.8179138183594,0.0,0.0,467.8179138183594,595.5179138183594,3248.4844228813135,322.1230773925781,30.0,543.5201066466774,0.0,1,P01_GAMMA02_M014_01,P01_GAMMA02_M014_01,P01,M014,5837.125,5862.46875,25.34375,6.315781865427141,2.0
E52_2cea01313b8862fcfb6b2e63,12.339563994220242,16.460055432828085,12.339563994220242,259.5957489704318,280.08528245838755,396.2542970131293,0.148442074342722,0.009166666666666667,0.007743923611111111,0.16535266462049977,2.3946473353795006,0.9483272923060938,245.87440185546876,0.0,0.0,245.87440185546876,373.57440185546875,2971.90722759847,231.8917236328125,30.0,469.5957489704318,0.0,1,P01_GAMMA02_M014_01,P01_GAMMA02_M014_01,P01,M014,5837.125,5862.46875,25.34375,10.339563994220242,2.0
E52_326bd9096774308657b14836,7.146898017651779,6.820761438549596,6.820761438549596,254.20783025924425,275.6237299174474,379.92026256926977,0.1442126230476059,0.009166666666666667,0.007743923611111111,0.16112321332538368,2.398876786674617,0.9496489958358176,256.9907958984375,0.0,0.0,256.9907958984375,384.6907958984375,2849.4019692695233,334.6907958984375,30.0,464.20783025924425,0.0,1,P01_GAMMA02_M014_01,P01_GAMMA02_M014_01,P01,M014,5837.125,5862.46875,25.34375,4.820761438549596,2.0
E52_437c6a333219b14c3939f26c,7.518825581805942,6.0194831627628105,6.0194831627628105,277.09771274073506,296.211315442558,417.14117438283733,0.1570562493971614,0.009166666666666667,0.007743923611111111,0.17396683967493917,2.3860331603250615,0.9456353626015815,248.53977661132814,19.176544189453125,19.176544189453125,248.53977661132814,376.2397766113281,3128.55880787128,326.2397766113281,30.0,487.09771274073506,0.0,1,P01_GAMMA02_M014_01,P01_GAMMA02_M014_01,P01,M014,5837.125,5862.46875,25.34375,4.0194831627628105,2.0
E52_44ed69e1d99dc074a7941a18,9.282684361283344,8.900383690419545,8.900383690419545,188.27556058823757,199.0276355292369,299.7078152072368,0.1090911242968749,0.009166666666666667,0.007743923611111111,0.12600171457465267,2.4339982854253477,0.960624464195421,139.59420471191407,10.569305419921875,10.569305419921875,139.59420471191407,267.29420471191406,2247.808614054276,217.29420471191406,30.0,398.27556058823757,0.0,1,P01_GAMMA02_M014_01,P01_GAMMA02_M014_01,P01,M014,5837.125,5862.46875,25.34375,6.900383690419545,2.0
E52_47db2d0d55c92154c779a4c9,5.907195389295879,16.45726286038159,5.907195389295879,312.62709924858126,351.3219092257948,393.08533863388124,0.16685347284684848,0.009166666666666667,0.007743923611111111,0.18376406312462626,2.376235936875374,0.9425737302735543,464.3377197265625,0.0,0.0,464.3377197265625,592.0377197265625,2948.1400397541092,295.61395263671875,30.0,522.6270992485813,0.0,1,P01_GAMMA02_M014_01,P01_GAMMA02_M014_01,P01,M014,5837.125,5862.46875,25.34375,3.907195389295879,2.0
E52_4cf0fac9feb721651efb2830,10.350245728335949,17.82597875173802,10.350245728335949,242.69354898018014,267.32891198677197,337.5749199208095,0.13412057160327687,0.009166666666666667,0.007743923611111111,0.15103116188105464,2.408968838118946,0.9528027619121704,295.6243560791016,0.0,0.0,295.6243560791016,423.32435607910156,2531.8118994060715,217.31182861328125,30.0,452.69354898018014,0.0,1,P01_GAMMA02_M014_01,P01_GAMMA02_M014_01,P01,M014,5837.125,5862.46875,25.34375,8.350245728335949,2.0
E52_4d215302190bc5bfb29bf912,5.46997632285381,16.37371485667674,5.46997632285381,307.50969179304633,343.7570581260541,397.53518558804575,0.1656637075427803,0.009166666666666667,0.007743923611111111,0.18257429782055806,2.3774257021794423,0.9429455319310756,434.96839599609376,0.0,0.0,434.96839599609376,562.6683959960938,2981.5138919103433,336.56707763671875,30.0,517.5096917930464,0.0,1,P01_GAMMA02_M014_01,P01_GAMMA02_M014_01,P01,M014,5837.125,5862.46875,25.34375,3.4699763228538103,2.0
E52_50c718ca7f326f764494c89d,17.918560274235972,13.080943299176411,13.080943299176411,350.85355156655817,370.1881015340061,585.6998033284289,0.20772710552759727,0.009166666666666667,0.007743923611111111,0.22463769580537504,2.3353623041946254,0.9298007200608203,232.014599609375,0.0,0.0,232.014599609375,359.714599609375,4392.748524963216,275.29461669921875,30.0,560.8535515665582,0.0,1,P01_GAMMA02_M014_01,P01_GAMMA02_M014_01,P01,M014,5837.125,5862.46875,25.34375,11.080943299176411,2.0
E52_515a3b7c8d98426ee13f2b4e,11.517011333697667,17.07508762021844,11.517011333697667,242.68536134104386,262.0561394884234,369.14605379781034,0.13858886614696947,0.009166666666666667,0.007743923611111111,0.15549945642474725,2.4045005435752533,0.9514064198672665,232.4493377685547,0.0,0.0,232.4493377685547,360.1493377685547,2768.5954034835777,210.1493377685547,30.0,452.68536134104386,0.0,1,P01_GAMMA02_M014_01,P01_GAMMA02_M014_01,P01,M014,5837.125,5862.46875,25.34375,9.517011333697667,2.0
E52_60b76d98beea93305f35c25d,11.688938611022635,16.79058398580294,11.688938611022635,271.8613885249859,299.0873836523459,380.3668062858116,0.15055421784231732,0.009166666666666667,0.007743923611111111,0.1674648081200951,2.3925351918799054,0.9476672474624703,326.7119415283203,0.0,0.0,326.7119415283203,454.4119415283203,2852.751047143587,241.2421875,30.0,481.8613885249859,0.0,1,P01_GAMMA02_M014_01,P01_GAMMA02_M014_01,P01,M014,5837.125,5862.46875,25.34375,9.688938611022635,2.0
E52_68694062ed2e2e792aeb51a9,8.38824997234805,17.695890544520793,8.38824997234805,262.3147609906027,292.8212075746684,341.5908424768108,0.1416674545099547,0.009166666666666667,0.007743923611111111,0.15857804478773246,2.401421955212268,0.9504443610038336,366.0773590087891,0.0,0.0,366.0773590087891,493.77735900878906,2561.931318576081,213.8477783203125,30.0,472.3147609906027,0.0,1,P01_GAMMA02_M014_01,P01_GAMMA02_M014_01,P01,M014,5837.125,5862.46875,25.34375,6.388249972348049,2.0
E52_6aa461eda22a4c53e6730e81,7.02065540529361,6.478254834226846,6.478254834226846,265.8104536255181,288.3542041341444,395.1560268799425,0.15046620221455187,0.009166666666666667,0.007743923611111111,0.16737679249232965,2.392623207507671,0.947694752346147,271.555615234375,1.030609130859375,1.030609130859375,271.555615234375,399.255615234375,2963.670201599569,349.255615234375,30.0,475.8104536255181,0.0,1,P01_GAMMA02_M014_01,P01_GAMMA02_M014_01,P01,M014,5837.125,5862.46875,25.34375,4.478254834226846,2.0
E52_6dc095df8eb6475486134b5c,3.59623586396701,12.905188948092743,3.59623586396701,424.06014837873875,466.2734748964797,594.8403376510322,0.23505698741925235,0.009166666666666667,0.007743923611111111,0.2519675776970301,2.3080324223029702,0.921260131969678,506.55991821289064,0.0,0.0,506.55991821289064,634.2599182128906,4461.302532382741,440.2059631347656,30.0,634.0601483787387,0.0,1,P01_GAMMA02_M014_01,P01_GAMMA02_M014_01,P01,M014,5837.125,5862.46875,25.34375,1.59623586396701,2.0
E52_73baea82bbbffa2db9d7426a,7.831783443867181,5.711384152670419,5.711384152670419,297.3854850658978,324.64222792478455,431.2305129784753,0.16683515196021612,0.009166666666666667,0.007743923611111111,0.1837457422379939,2.3762542577620067,0.9425794555506269,327.08091430664064,0.0,0.0,327.08091430664064,454.7809143066406,3234.2288473385647,335.390380859375,30.0,507.3854850658978,0.0,1,P01_GAMMA02_M014_01,P01_GAMMA02_M014_01,P01,M014,5837.125,5862.46875,25.34375,3.711384152670419,2.0
E52_74b3fb0a4920873efc33101b,5.93580729779876,6.525083879148042,5.93580729779876,262.62709924858126,284.6552425591281,393.08533863388124,0.14907135286228057,0.009166666666666667,0.007743923611111111,0.16598194314005835,2.394018056859942,0.9481306427687317,264.3377197265625,0.0,0.0,264.3377197265625,392.0377197265625,2948.1400397541092,295.61395263671875,30.0,472.62709924858126,0.0,1,P01_GAMMA02_M014_01,P01_GAMMA02_M014_01,P01,M014,5837.125,5862.46875,25.34375,3.9358072977987604,2.0
E52_7547086a1218012670f76a62,11.963634808297144,2.277872015791573,2.277872015791573,370.7957901832663,387.27013608984186,642.7455049270795,0.2228984084752749,0.009166666666666667,0.007743923611111111,0.23980899875305267,2.3201910012469478,0.9250596878896711,197.69215087890626,0.0,0.0,197.69215087890626,325.39215087890625,4820.591286953097,275.39215087890625,30.0,580.7957901832663,0.0,1,P01_GAMMA02_M014_01,P01_GAMMA02_M014_01,P01,M014,5837.125,5862.46875,25.34375,0.27787201579157284,2.0
E52_76b4f0bdabd1ccab126282dd,11.121923706434401,17.180198899819032,11.121923706434401,244.7670432960008,265.6078646257534,364.489158613486,0.13866967590706417,0.009166666666666667,0.007743923611111111,0.15558026618484194,2.4044197338151587,0.951381166817237,250.08985595703126,0.0,0.0,250.08985595703126,377.78985595703125,2733.6686896011447,241.2421875,30.0,454.7670432960008,0.0,1,P01_GAMMA02_M014_01,P01_GAMMA02_M014_01,P01,M014,5837.125,5862.46875,25.34375,9.121923706434401,2.0
E52_82c821a5773d0bfbe554f10a,8.076763716035032,11.397135806608844,8.076763716035032,512.9354114719376,566.0737563002253,707.0407539741487,0.2825549862639304,0.009166666666666667,0.007743923611111111,0.29946557654170813,2.2605344234582923,0.9064170073307162,637.6601379394531,0.0,0.0,637.6601379394531,765.3601379394531,5302.805654806116,465.3601379394531,30.0,722.9354114719376,0.0,1,P01_GAMMA02_M014_01,P01_GAMMA02_M014_01,P01,M014,5837.125,5862.46875,25.34375,6.076763716035032,2.0
E52_8ca7795ffa642a3b129c0a3d,7.795643188068894,15.730152054416479,7.795643188068894,330.94608252023,369.9122522589995,428.0951466078428,0.17832668261553564,0.009166666666666667,0.007743923611111111,0.1952372728933134,2.364762727106687,0.9389883522208395,467.5940368652344,0.0,0.0,467.5940368652344,595.2940368652344,3210.713599558821,335.390380859375,30.0,540.94608252023,0.0,1,P01_GAMMA02_M014_01,P01_GAMMA02_M014_01,P01,M014,5837.125,5862.46875,25.34375,5.795643188068894,2.0
E52_9026ce0d2a5dd9a75ef73c8e,6.0746558033862215,6.720084116703532,6.0746558033862215,248.61637070099954,267.37077642202814,384.70630707582717,0.14290187810434732,0.009166666666666667,0.007743923611111111,0.1598124683821251,2.4001875316178753,0.9500586036305859,225.05286865234376,0.0,0.0,225.05286865234376,352.75286865234375,2885.297303068704,302.75286865234375,30.0,458.61637070099954,0.0,1,P01_GAMMA02_M014_01,P01_GAMMA02_M014_01,P01,M014,5837.125,5862.46875,25.34375,4.0746558033862215,2.0
E52_96da4f081c74d8211b4b244f,12.160545867489773,12.47027426673894,12.160545867489773,406.4445801679392,437.368205859671,627.3474061854878,0.23339590098708082,0.009166666666666667,0.007743923611111111,0.2503064912648586,2.309693508735142,0.9217792214797317,371.08350830078126,0.0,0.0,371.08350830078126,498.78350830078125,4705.105546391158,251.37640380859375,30.0,616.4445801679392,0.0,1,P01_GAMMA02_M014_01,P01_GAMMA02_M014_01,P01,M014,5837.125,5862.46875,25.34375,10.160545867489773,2.0
E52_a3836b1674b2d70f748125c1,9.76429383753947,18.388582284998307,9.76429383753947,238.77143733771516,265.74771093797557,315.68523307386783,0.1296256139323784,0.009166666666666667,0.007743923611111111,0.14653620421015617,2.4134637957898444,0.9542074361843262,323.715283203125,0.0,0.0,323.715283203125,451.415283203125,2367.639248054009,217.29420471191406,30.0,448.77143733771516,0.0,1,P01_GAMMA02_M014_01,P01_GAMMA02_M014_01,P01,M014,5837.125,5862.46875,25.34375,7.764293837539469,2.0
E52_a77602565c04dca5831f9b7a,7.947066472114557,15.758600383852013,7.947066472114557,295.3505394617105,322.31471665694164,428.9160157520343,0.16578365241547813,0.009166666666666667,0.007743923611111111,0.1826942426932559,2.3773057573067446,0.9429080491583576,323.57012634277345,0.0,0.0,323.57012634277345,451.27012634277344,3216.870118140257,284.58648681640625,30.0,505.3505394617105,0.0,1,P01_GAMMA02_M014_01,P01_GAMMA02_M014_01,P01,M014,5837.125,5862.46875,25.34375,5.947066472114557,2.0
E52_afb1e3673ff3adbe9c45b8fc,5.814965098557309,6.956106286850726,5.814965098557309,250.21040235058808,271.27175132926646,374.0527108291059,0.1419599864782851,0.009166666666666667,0.007743923611111111,0.15887057675606286,2.4011294232439377,0.9503529447637303,252.73618774414064,0.0,0.0,252.73618774414064,380.4361877441406,2805.395331218294,291.6474609375,30.0,460.2104023505881,0.0,1,P01_GAMMA02_M014_01,P01_GAMMA02_M014_01,P01,M014,5837.125,5862.46875,25.34375,3.814965098557309,2.0
E52_b544b4d7beda1d6ed7fbeefb,7.6231731889050565,16.252686834440453,7.6231731889050565,293.91354735972715,324.49113296153376,404.3615811086144,0.16179511839250177,0.009166666666666667,0.007743923611111111,0.17870570867027954,2.381294291329721,0.9441544660405377,366.9310272216797,0.0,0.0,366.9310272216797,494.6310272216797,3032.711858314608,277.91845703125,30.0,503.91354735972715,0.0,1,P01_GAMMA02_M014_01,P01_GAMMA02_M014_01,P01,M014,5837.125,5862.46875,25.34375,5.6231731889050565,2.0
E52_b60e4d2a4cdcd5801a5d757f,7.414338495773734,16.480566458341656,7.414338495773734,308.26023760270465,345.626388522301,392.32356968783114,0.16519254750221457,0.009166666666666667,0.007743923611111111,0.18210313777999235,2.377896862220008,0.9430927694437524,448.39381103515626,0.0,0.0,448.39381103515626,576.0938110351562,2942.4267726587336,326.2397766113281,30.0,518.2602376027046,0.0,1,P01_GAMMA02_M014_01,P01_GAMMA02_M014_01,P01,M014,5837.125,5862.46875,25.34375,5.414338495773734,2.0
E52_b6789310c1ab16898a769b78,16.58190234697524,2.625622464396969,2.625622464396969,372.38145547243056,389.4038741939475,617.4514627840539,0.21924054354678854,0.009166666666666667,0.007743923611111111,0.23615113382456632,2.3238488661754344,0.926202770679823,225.84925537109376,21.580230712890625,21.580230712890625,225.84925537109376,353.54925537109375,4630.885970880404,303.54925537109375,30.0,582.3814554724306,0.0,1,P01_GAMMA02_M014_01,P01_GAMMA02_M014_01,P01,M014,5837.125,5862.46875,25.34375,0.6256224643969688,2.0
E52_b7c433bb400c5a28313b13f0,7.923821901374268,16.00220965111248,7.923821901374268,270.63016208552887,291.2047849391259,417.8125870494757,0.1554195344851095,0.009166666666666667,0.007743923611111111,0.17233012476288728,2.3876698752371133,0.9461468360115978,246.89547424316407,0.0,0.0,246.89547424316407,374.59547424316406,3133.594402871068,284.58648681640625,30.0,480.63016208552887,0.0,1,P01_GAMMA02_M014_01,P01_GAMMA02_M014_01,P01,M014,5837.125,5862.46875,25.34375,5.923821901374268,2.0
E52_be69bdf55826f2eb34075d09,11.826159285983962,12.029424972929434,11.826159285983962,457.6877788138426,500.48965717077624,658.5642874860837,0.25604119113741575,0.009166666666666667,0.007743923611111111,0.2729517814151935,2.287048218584807,0.9147025683077521,513.6225402832031,0.0,0.0,513.6225402832031,641.3225402832031,4939.232156145627,341.3225402832031,30.0,667.6877788138427,0.0,1,P01_GAMMA02_M014_01,P01_GAMMA02_M014_01,P01,M014,5837.125,5862.46875,25.34375,9.826159285983962,2.0
E52_bfffb2993ede6e2e2bd9340b,17.568343806978802,13.053008949478723,13.053008949478723,400.85355156655817,436.85476820067277,585.6998033284289,0.22550922551216515,0.009166666666666667,0.007743923611111111,0.24241981578994293,2.3175801842100574,0.9242438075656428,432.014599609375,0.0,0.0,432.014599609375,559.714599609375,4392.748524963216,275.29461669921875,30.0,610.8535515665582,0.0,1,P01_GAMMA02_M014_01,P01_GAMMA02_M014_01,P01,M014,5837.125,5862.46875,25.34375,11.053008949478723,2.0
E52_c0294c7ff44d44fc4ede8d97,7.094734046270119,16.7256600789149,7.094734046270119,316.70783025924425,358.9570632507807,379.92026256926977,0.16644027302831577,0.009166666666666667,0.007743923611111111,0.18335086330609354,2.376649136693907,0.9427028552168457,506.9907958984375,0.0,0.0,506.9907958984375,634.6907958984375,2849.4019692695233,334.6907958984375,30.0,526.7078302592442,0.0,1,P01_GAMMA02_M014_01,P01_GAMMA02_M014_01,P01,M014,5837.125,5862.46875,25.34375,5.094734046270119,2.0
E52_c10a50247c57c0340b451298,3.3487506453395213,3.1495087650690863,3.1495087650690863,410.4813485396202,450.8988478275434,578.4577013517014,0.22790762835174688,0.009166666666666667,0.007743923611111111,0.24481821862952466,2.315181781370476,0.9234943066782736,485.00999145507814,0.0,0.0,485.00999145507814,612.7099914550781,4338.432760137761,515.4917602539062,30.0,620.4813485396203,0.0,1,P01_GAMMA02_M014_01,P01_GAMMA02_M014_01,P01,M014,5837.125,5862.46875,25.34375,1.1495087650690863,2.0
E52_c76d93c5902d0dc017f7065c,7.682012618087768,16.05706218628906,7.682012618087768,260.86241804033426,278.57034040361555,415.47730190098105,0.1516149798935124,0.009166666666666667,0.007743923611111111,0.1685255701712902,2.3914744298287105,0.9473357593214718,212.495068359375,0.0,0.0,212.495068359375,340.195068359375,3116.079764257358,277.91845703125,30.0,470.86241804033426,0.0,1,P01_GAMMA02_M014_01,P01_GAMMA02_M014_01,P01,M014,5837.125,5862.46875,25.34375,5.682012618087768,2.0
E52_d22cbe82615c6d2ee0ebf49f,7.765195752063562,15.758568264926964,7.765195752063562,318.17309843891866,352.9726015110215,427.5491784452201,0.1737067461230003,0.009166666666666667,0.007743923611111111,0.19061733640077808,2.3693826635992226,0.9404320823747568,417.5940368652344,0.0,0.0,417.5940368652344,545.2940368652344,3206.618838339151,335.390380859375,30.0,528.1730984389187,0.0,1,P01_GAMMA02_M014_01,P01_GAMMA02_M014_01,P01,M014,5837.125,5862.46875,25.34375,5.765195752063562,2.0
E52_dbec4f1422e98765afb262aa,6.29387286245661,16.38523852602286,6.29387286245661,322.5402116809159,364.1002534899979,395.72017250733956,0.1707521496628321,0.009166666666666667,0.007743923611111111,0.18766273994060986,2.372337260059391,0.9413553937685595,498.7205017089844,0.0,0.0,498.7205017089844,626.4205017089844,2967.901293805047,326.4205017089844,30.0,532.540211680916,0.0,1,P01_GAMMA02_M014_01,P01_GAMMA02_M014_01,P01,M014,5837.125,5862.46875,25.34375,4.29387286245661,2.0
E52_dc4c132291b7b9525a26c82f,7.641081317782749,16.290878065555617,7.641081317782749,256.41354735972715,274.49113296153376,404.3615811086144,0.14845852840407586,0.009166666666666667,0.007743923611111111,0.16536911868185364,2.3946308813181467,0.9483221504119207,216.9310272216797,0.0,0.0,216.9310272216797,344.6310272216797,3032.711858314608,277.91845703125,30.0,466.41354735972715,0.0,1,P01_GAMMA02_M014_01,P01_GAMMA02_M014_01,P01,M014,5837.125,5862.46875,25.34375,5.641081317782749,2.0
E52_de2c36302e014a6d0284c896,7.459129020797562,15.994052628622484,7.459129020797562,325.41177480357015,364.7238282296769,414.95122905049965,0.1744969638873427,0.009166666666666667,0.007743923611111111,0.19140755416512048,2.36859244583488,0.9401851393233999,471.74464111328126,0.0,0.0,471.74464111328126,599.4446411132812,3112.134217878747,325.15069580078125,30.0,535.4117748035701,0.0,1,P01_GAMMA02_M014_01,P01_GAMMA02_M014_01,P01,M014,5837.125,5862.46875,25.34375,5.459129020797562,2.0
E52_e0325aad0b87e7c07e10fc2c,7.551410646463083,5.987785159048158,5.987785159048158,275.1983248954777,294.96932963587483,418.60161500091635,0.15682137892336617,0.009166666666666667,0.007743923611111111,0.17373196920114395,2.3862680307988566,0.9457087596246425,248.53977661132814,11.2877197265625,11.2877197265625,248.53977661132814,376.2397766113281,3139.5121125068727,326.2397766113281,30.0,485.1983248954777,0.0,1,P01_GAMMA02_M014_01,P01_GAMMA02_M014_01,P01,M014,5837.125,5862.46875,25.34375,3.9877851590481583,2.0
E52_e0cd6bab1a22c4530d9a254c,6.335243563746843,6.471069764274475,6.335243563746843,260.0402116809159,280.7669201566646,395.72017250733956,0.14852449968212222,0.009166666666666667,0.007743923611111111,0.1654350899599,2.3945649100401005,0.9483015343875313,248.7205017089844,0.0,0.0,248.7205017089844,376.4205017089844,2967.901293805047,326.4205017089844,30.0,470.0402116809159,0.0,1,P01_GAMMA02_M014_01,P01_GAMMA02_M014_01,P01,M014,5837.125,5862.46875,25.34375,4.335243563746843,2.0
E52_ea76d341ab82f2ebc1fa1efe,7.501929514772115,6.056283714240493,6.056283714240493,275.41177480357015,298.05716156301025,414.95122905049965,0.15671484390277482,0.009166666666666667,0.007743923611111111,0.1736254341805526,2.3863745658194477,0.9457420518185773,271.74464111328126,0.0,0.0,271.74464111328126,399.44464111328125,3112.134217878747,325.15069580078125,30.0,485.41177480357015,0.0,1,P01_GAMMA02_M014_01,P01_GAMMA02_M014_01,P01,M014,5837.125,5862.46875,25.34375,4.056283714240493,2.0
E52_eab18c460278cfbad2c20da0,8.408835616064906,7.760329046990023,7.760329046990023,212.31476099060268,226.15454090800176,341.5908424768108,0.12388533452538679,0.009166666666666667,0.007743923611111111,0.14079592480316458,2.419204075196836,0.9560012734990111,166.07735900878907,0.0,0.0,166.07735900878907,293.77735900878906,2561.931318576081,213.8477783203125,30.0,422.3147609906027,0.0,1,P01_GAMMA02_M014_01,P01_GAMMA02_M014_01,P01,M014,5837.125,5862.46875,25.34375,5.760329046990023,2.0
E52_eddf192c3626d88d236d26e4,9.181151423914486,17.034187922993553,9.181151423914486,241.72684180786888,260.473536754158,370.9735139380034,0.13850678679446915,0.009166666666666667,0.007743923611111111,0.15541737707224693,2.4045826229277534,0.9514320696649229,224.96033935546876,0.0,0.0,224.96033935546876,352.66033935546875,2782.3013545350254,199.07135009765625,30.0,451.7268418078689,0.0,1,P01_GAMMA02_M014_01,P01_GAMMA02_M014_01,P01,M014,5837.125,5862.46875,25.34375,7.181151423914486,2.0
E52_f2fabdd802684ffd17ed2273,5.806206507081981,16.925225818485302,5.806206507081981,275.2104023505881,304.60508466259984,374.0527108291059,0.15085104647056902,0.009166666666666667,0.007743923611111111,0.1677616367483468,2.3922383632516535,0.9475744885161417,352.73618774414064,0.0,0.0,352.73618774414064,480.4361877441406,2805.395331218294,291.6474609375,30.0,485.2104023505881,0.0,1,P01_GAMMA02_M014_01,P01_GAMMA02_M014_01,P01,M014,5837.125,5862.46875,25.34375,3.8062065070819813,2.0
E52_fd527d975e1813662620f82c,12.407309942027979,12.45056667278017,12.407309942027979,418.2192341110554,452.9085204066283,628.3027504486734,0.23771876612520712,0.009166666666666667,0.007743923611111111,0.2546293564029849,2.3053706435970156,0.9204283261240672,416.271435546875,0.0,0.0,416.271435546875,543.971435546875,4712.2706283650505,306.8754577636719,30.0,628.2192341110554,0.0,1,P01_GAMMA02_M014_01,P01_GAMMA02_M014_01,P01,M014,5837.125,5862.46875,25.34375,10.407309942027979,2.0
E52_831cee7e7a3a549796e42b18,7.93828620271259,10.042846261792022,7.93828620271259,524.445203057942,560.9167693217765,830.061008532876,0.3040708837654974,0.009166666666666667,0.007743923611111111,0.32098147404327515,2.2390185259567255,0.8996932893614765,437.65879516601564,0.0,0.0,437.65879516601564,565.3587951660156,6225.457563996571,359.5916748046875,30.0,734.445203057942,0.0,1,P01_GAMMA02_M014_01,P01_GAMMA02_M014_01,P01,M014,5837.125,5862.46875,25.34375,5.93828620271259,2.0
E52_d3460088443e86b69235cf2f,8.949507119210296,10.110906533633653,8.949507119210296,520.9986937965015,557.4049117530444,823.5600798537452,0.3019244763287566,0.009166666666666667,0.007743923611111111,0.3188350666065343,2.241164933393466,0.900364041685458,436.87461547851564,0.0,0.0,436.87461547851564,564.5746154785156,6176.700598903089,276.8628845214844,30.0,730.9986937965015,0.0,1,P01_GAMMA02_M014_01,P01_GAMMA02_M014_01,P01,M014,5837.125,5862.46875,25.34375,6.9495071192102955,2.0
E52_c98d1e580ba9a8920eeacbdb,7.682880604936372,9.995636820319618,7.682880604936372,531.3190315479533,569.3529452238973,834.4345810402425,0.30713490815373307,0.009166666666666667,0.007743923611111111,0.3240454984315108,2.23595450156849,0.8987357817401529,456.40696411132814,0.0,0.0,456.40696411132814,584.1069641113281,6258.259357801819,362.73199462890625,30.0,741.3190315479533,0.0,1,P01_GAMMA02_M014_01,P01_GAMMA02_M014_01,P01,M014,5837.125,5862.46875,25.34375,5.682880604936372,2.0
E52_413d3eff5d481ef66f8d3068,7.220117744384396,9.493762996477216,7.220117744384396,548.7789293194231,584.2784598573463,884.5606754113072,0.3204434082194385,0.009166666666666667,0.007743923611111111,0.33735399849721626,2.2226460015027842,0.89457687546962,425.99436645507814,0.0,0.0,425.99436645507814,553.6943664550781,6634.205065584804,329.6845703125,30.0,758.7789293194231,0.0,1,P01_GAMMA02_M014_01,P01_GAMMA02_M014_01,P01,M014,5837.125,5862.46875,25.34375,5.220117744384396,2.0
E52_88c1c7aba1fcf94c58dad20e,7.231914665990317,9.497510042154289,7.231914665990317,536.2789293194231,567.6117931906797,884.5606754113072,0.3159978782232965,0.009166666666666667,0.007743923611111111,0.33290846850107425,2.2270915314989264,0.8959661035934143,375.99436645507814,0.0,0.0,375.99436645507814,503.6943664550781,6634.205065584804,329.6845703125,30.0,746.2789293194231,0.0,1,P01_GAMMA02_M014_01,P01_GAMMA02_M014_01,P01,M014,5837.125,5862.46875,25.34375,5.231914665990317,2.0
E52_2e64690809088e2a96fb2160,7.240816840027577,9.500767968691491,7.240816840027577,523.7789293194231,550.945126524013,884.5606754113072,0.31155234822715455,0.009166666666666667,0.007743923611111111,0.3284629385049323,2.231537061495068,0.8973553317172087,325.99436645507814,0.0,0.0,325.99436645507814,453.6943664550781,6634.205065584804,329.6845703125,30.0,733.7789293194231,0.0,1,P01_GAMMA02_M014_01,P01_GAMMA02_M014_01,P01,M014,5837.125,5862.46875,25.34375,5.240816840027577,2.0
E52_cdef0b479e00ae29ebd83132,4.234936077563589,10.01648148125875,4.234936077563589,520.0071121141804,554.5433095222207,832.7970397801186,0.3028799960747676,0.009166666666666667,0.007743923611111111,0.31979058635254537,2.240209413647455,0.9000654417648296,414.4343688964844,0.0,0.0,414.4343688964844,542.1343688964844,6245.977798350889,297.6476745605469,30.0,730.0071121141804,0.0,1,P01_GAMMA02_M014_01,P01_GAMMA02_M014_01,P01,M014,5837.125,5862.46875,25.34375,2.2349360775635887,2.0
E52_30110e5b3ae38ecfab28ace2,4.669745407965934,10.05954008012911,4.669745407965934,514.4106891471403,547.7506496268766,828.7816154158626,0.30032099335417484,0.009166666666666667,0.007743923611111111,0.3172315836319526,2.242768416368048,0.9008651301150148,400.07952575683595,0.0,0.0,400.07952575683595,527.7795257568359,6215.862115618969,313.0162353515625,30.0,724.4106891471403,0.0,1,P01_GAMMA02_M014_01,P01_GAMMA02_M014_01,P01,M014,5837.125,5862.46875,25.34375,2.6697454079659337,2.0
E52_0c9d91fc306062a18ada9948,5.682714654617925,15.697900697510477,5.682714654617925,331.42241999480143,370.2725110389095,429.7442937249544,0.1787296459836012,0.009166666666666667,0.12568836805555555,0.3135846807058234,2.246415319294177,0.9020047872794302,466.2010925292969,0.0,0.0,466.2010925292969,593.9010925292969,3223.082202937158,326.7436828613281,30.0,541.4224199948014,0.0,1,P01_GAMMA02_M014_02,P01_GAMMA02_M014_02,P01,M014,5869.96875,6281.3125,411.34375,3.682714654617925,2.0
E52_189eb019491ad876aa165071,4.7107574847429134,3.8094716871601975,3.8094716871601975,403.09916814168594,448.35288467407526,534.676037089036,0.21908171065325852,0.009166666666666667,0.12568836805555555,0.3539367453754807,2.20606325462452,0.8893947670701623,543.0445983886718,0.0,0.0,543.0445983886718,670.7445983886719,4010.07027816777,391.87322998046875,30.0,613.0991681416859,0.0,1,P01_GAMMA02_M014_02,P01_GAMMA02_M014_02,P01,M014,5869.96875,6281.3125,411.34375,1.8094716871601975,2.0
E52_1ef47ef68c1879e18ddbb164,9.141677436273,9.684707827919368,9.141677436273,525.9457118932837,556.9823492630754,865.6715995678175,0.30964781577290457,0.009166666666666667,0.12568836805555555,0.4445028504951268,2.1154971495048738,0.8610928592202729,372.4396484375,0.0,0.0,372.4396484375,500.1396484375,6492.536996758631,304.7821350097656,30.0,735.9457118932837,0.0,1,P01_GAMMA02_M014_02,P01_GAMMA02_M014_02,P01,M014,5869.96875,6281.3125,411.34375,7.141677436273,2.0
E52_214ce9a3b3bd3fa9c582335a,6.700573680437259,15.138353346483314,6.700573680437259,331.46735474952504,365.31699057309277,459.8368945576438,0.1830074384559416,0.009166666666666667,0.12568836805555555,0.31786247317816385,2.2421375268218364,0.9006679771318238,406.1956298828125,0.0,0.0,406.1956298828125,533.8956298828125,3448.7767091823284,283.8956298828125,30.0,541.467354749525,0.0,1,P01_GAMMA02_M014_02,P01_GAMMA02_M014_02,P01,M014,5869.96875,6281.3125,411.34375,4.700573680437259,2.0
E52_27bf01e9e990859ae5993708,5.457169743955134,15.932490639468014,5.457169743955134,318.6138217216496,355.0514931287134,418.60161500091635,0.17259630304263499,0.009166666666666667,0.12568836805555555,0.3074513377648572,2.252548662235143,0.9039214569484821,437.25205688476564,0.0,0.0,437.25205688476564,564.9520568847656,3139.5121125068727,326.2397766113281,30.0,528.6138217216496,0.0,1,P01_GAMMA02_M014_02,P01_GAMMA02_M014_02,P01,M014,5869.96875,6281.3125,411.34375,3.4571697439551343,2.0
E52_27fdcb9bc2da20af468e67a1,6.104218633281988,15.630401191469062,6.104218633281988,333.5201066466774,372.5049327982074,433.1312563841751,0.1799553449394086,0.009166666666666667,0.12568836805555555,0.31481037966163083,2.24518962033837,0.9016217563557404,467.8179138183594,0.0,0.0,467.8179138183594,595.5179138183594,3248.4844228813135,322.1230773925781,30.0,543.5201066466774,0.0,1,P01_GAMMA02_M014_02,P01_GAMMA02_M014_02,P01,M014,5869.96875,6281.3125,411.34375,4.104218633281988,2.0
E52_2cea01313b8862fcfb6b2e63,8.362609841558438,16.460055432828085,8.362609841558438,259.5957489704318,280.08528245838755,396.2542970131293,0.148442074342722,0.009166666666666667,0.12568836805555555,0.2832971090649442,2.276702890935056,0.911469653417205,245.87440185546876,0.0,0.0,245.87440185546876,373.57440185546875,2971.90722759847,231.8917236328125,30.0,469.5957489704318,0.0,1,P01_GAMMA02_M014_02,P01_GAMMA02_M014_02,P01,M014,5869.96875,6281.3125,411.34375,6.362609841558438,2.0
E52_4cf0fac9feb721651efb2830,6.998212924039663,17.82597875173802,6.998212924039663,242.69354898018014,267.32891198677197,337.5749199208095,0.13412057160327687,0.009166666666666667,0.12568836805555555,0.2689756063254991,2.291024393674501,0.9159451230232816,295.6243560791016,0.0,0.0,295.6243560791016,423.32435607910156,2531.8118994060715,217.31182861328125,30.0,452.69354898018014,0.0,1,P01_GAMMA02_M014_02,P01_GAMMA02_M014_02,P01,M014,5869.96875,6281.3125,411.34375,4.998212924039663,2.0
E52_4d215302190bc5bfb29bf912,3.785853652478636,16.37371485667674,3.785853652478636,307.50969179304633,343.7570581260541,397.53518558804575,0.1656637075427803,0.009166666666666667,0.12568836805555555,0.3005187422650025,2.259481257734998,0.9060878930421867,434.96839599609376,0.0,0.0,434.96839599609376,562.6683959960938,2981.5138919103433,336.56707763671875,30.0,517.5096917930464,0.0,1,P01_GAMMA02_M014_02,P01_GAMMA02_M014_02,P01,M014,5869.96875,6281.3125,411.34375,1.785853652478636,2.0
E52_50c718ca7f326f764494c89d,14.334642037780668,13.080943299176411,13.080943299176411,350.85355156655817,370.1881015340061,585.6998033284289,0.20772710552759727,0.009166666666666667,0.12568836805555555,0.3425821402498195,2.217417859750181,0.8929430811719314,232.014599609375,0.0,0.0,232.014599609375,359.714599609375,4392.748524963216,275.29461669921875,30.0,560.8535515665582,0.0,1,P01_GAMMA02_M014_02,P01_GAMMA02_M014_02,P01,M014,5869.96875,6281.3125,411.34375,11.080943299176411,2.0
E52_515a3b7c8d98426ee13f2b4e,7.786538932173912,17.07508762021844,7.786538932173912,242.68536134104386,262.0561394884234,369.14605379781034,0.13858886614696947,0.009166666666666667,0.12568836805555555,0.2734439008691917,2.286556099130809,0.9145487809783777,232.4493377685547,0.0,0.0,232.4493377685547,360.1493377685547,2768.5954034835777,210.1493377685547,30.0,452.68536134104386,0.0,1,P01_GAMMA02_M014_02,P01_GAMMA02_M014_02,P01,M014,5869.96875,6281.3125,411.34375,5.786538932173912,2.0
E52_60b76d98beea93305f35c25d,7.924907482409168,16.79058398580294,7.924907482409168,271.8613885249859,299.0873836523459,380.3668062858116,0.15055421784231732,0.009166666666666667,0.12568836805555555,0.28540925256453953,2.274590747435461,0.9108096085735814,326.7119415283203,0.0,0.0,326.7119415283203,454.4119415283203,2852.751047143587,241.2421875,30.0,481.8613885249859,0.0,1,P01_GAMMA02_M014_02,P01_GAMMA02_M014_02,P01,M014,5869.96875,6281.3125,411.34375,5.924907482409168,2.0
E52_68694062ed2e2e792aeb51a9,5.8056357366346845,17.695890544520793,5.8056357366346845,262.3147609906027,292.8212075746684,341.5908424768108,0.1416674545099547,0.009166666666666667,0.12568836805555555,0.2765224892321769,2.2834775107678236,0.9135867221149447,366.0773590087891,0.0,0.0,366.0773590087891,493.77735900878906,2561.931318576081,213.8477783203125,30.0,472.3147609906027,0.0,1,P01_GAMMA02_M014_02,P01_GAMMA02_M014_02,P01,M014,5869.96875,6281.3125,411.34375,3.8056357366346845,2.0
E52_76b4f0bdabd1ccab126282dd,7.552690382552015,17.180198899819032,7.552690382552015,244.7670432960008,265.6078646257534,364.489158613486,0.13866967590706417,0.009166666666666667,0.12568836805555555,0.2735247106292864,2.2864752893707143,0.914523527928348,250.08985595703126,0.0,0.0,250.08985595703126,377.78985595703125,2733.6686896011447,241.2421875,30.0,454.7670432960008,0.0,1,P01_GAMMA02_M014_02,P01_GAMMA02_M014_02,P01,M014,5869.96875,6281.3125,411.34375,5.552690382552015,2.0
E52_82c821a5773d0bfbe554f10a,8.226809702901718,11.397135806608844,8.226809702901718,512.9354114719376,566.0737563002253,707.0407539741487,0.2825549862639304,0.009166666666666667,0.12568836805555555,0.4174100209861526,2.142589979013848,0.8695593684418274,637.6601379394531,0.0,0.0,637.6601379394531,765.3601379394531,5302.805654806116,465.3601379394531,30.0,722.9354114719376,0.0,1,P01_GAMMA02_M014_02,P01_GAMMA02_M014_02,P01,M014,5869.96875,6281.3125,411.34375,6.226809702901718,2.0
E52_8ca7795ffa642a3b129c0a3d,5.700721261922126,15.730152054416479,5.700721261922126,330.94608252023,369.9122522589995,428.0951466078428,0.17832668261553564,0.009166666666666667,0.12568836805555555,0.31318171733775785,2.2468182826622427,0.9021307133319507,467.5940368652344,0.0,0.0,467.5940368652344,595.2940368652344,3210.713599558821,335.390380859375,30.0,540.94608252023,0.0,1,P01_GAMMA02_M014_02,P01_GAMMA02_M014_02,P01,M014,5869.96875,6281.3125,411.34375,3.7007212619221264,2.0
E52_96da4f081c74d8211b4b244f,11.344550318144897,12.47027426673894,11.344550318144897,406.4445801679392,437.368205859671,627.3474061854878,0.23339590098708082,0.009166666666666667,0.12568836805555555,0.368250935709303,2.1917490642906974,0.8849215825908429,371.08350830078126,0.0,0.0,371.08350830078126,498.78350830078125,4705.105546391158,251.37640380859375,30.0,616.4445801679392,0.0,1,P01_GAMMA02_M014_02,P01_GAMMA02_M014_02,P01,M014,5869.96875,6281.3125,411.34375,9.344550318144897,2.0
E52_a3836b1674b2d70f748125c1,6.57521379218305,18.388582284998307,6.57521379218305,238.77143733771516,265.74771093797557,315.68523307386783,0.1296256139323784,0.009166666666666667,0.12568836805555555,0.26448064865460064,2.2955193513454,0.9173497972954373,323.715283203125,0.0,0.0,323.715283203125,451.415283203125,2367.639248054009,217.29420471191406,30.0,448.77143733771516,0.0,1,P01_GAMMA02_M014_02,P01_GAMMA02_M014_02,P01,M014,5869.96875,6281.3125,411.34375,4.57521379218305,2.0
E52_b544b4d7beda1d6ed7fbeefb,5.48852053666009,16.252686834440453,5.48852053666009,293.91354735972715,324.49113296153376,404.3615811086144,0.16179511839250177,0.009166666666666667,0.12568836805555555,0.296650153114724,2.2633498468852764,0.9072968271516487,366.9310272216797,0.0,0.0,366.9310272216797,494.6310272216797,3032.711858314608,277.91845703125,30.0,503.91354735972715,0.0,1,P01_GAMMA02_M014_02,P01_GAMMA02_M014_02,P01,M014,5869.96875,6281.3125,411.34375,3.48852053666009,2.0
E52_b60e4d2a4cdcd5801a5d757f,5.286593515944801,16.480566458341656,5.286593515944801,308.26023760270465,345.626388522301,392.32356968783114,0.16519254750221457,0.009166666666666667,0.12568836805555555,0.3000475822244368,2.2599524177755637,0.9062351305548635,448.39381103515626,0.0,0.0,448.39381103515626,576.0938110351562,2942.4267726587336,326.2397766113281,30.0,518.2602376027046,0.0,1,P01_GAMMA02_M014_02,P01_GAMMA02_M014_02,P01,M014,5869.96875,6281.3125,411.34375,3.2865935159448014,2.0
E52_b6789310c1ab16898a769b78,15.706200065217104,2.625622464396969,2.625622464396969,372.38145547243056,389.4038741939475,617.4514627840539,0.21924054354678854,0.009166666666666667,0.12568836805555555,0.3540955782690107,2.20590442173099,0.8893451317909341,225.84925537109376,21.580230712890625,21.580230712890625,225.84925537109376,353.54925537109375,4630.885970880404,303.54925537109375,30.0,582.3814554724306,0.0,1,P01_GAMMA02_M014_02,P01_GAMMA02_M014_02,P01,M014,5869.96875,6281.3125,411.34375,0.6256224643969688,2.0
E52_be69bdf55826f2eb34075d09,12.089343064167153,12.029424972929434,12.029424972929434,457.6877788138426,500.48965717077624,658.5642874860837,0.25604119113741575,0.009166666666666667,0.12568836805555555,0.39089622585963796,2.1691037741403627,0.8778449294188632,513.6225402832031,0.0,0.0,513.6225402832031,641.3225402832031,4939.232156145627,341.3225402832031,30.0,667.6877788138427,0.0,1,P01_GAMMA02_M014_02,P01_GAMMA02_M014_02,P01,M014,5869.96875,6281.3125,411.34375,10.029424972929434,2.0
E52_bfffb2993ede6e2e2bd9340b,14.028371400881156,13.053008949478723,13.053008949478723,400.85355156655817,436.85476820067277,585.6998033284289,0.22550922551216515,0.009166666666666667,0.12568836805555555,0.3603642602343874,2.199635739765613,0.8873861686767539,432.014599609375,0.0,0.0,432.014599609375,559.714599609375,4392.748524963216,275.29461669921875,30.0,610.8535515665582,0.0,1,P01_GAMMA02_M014_02,P01_GAMMA02_M014_02,P01,M014,5869.96875,6281.3125,411.34375,11.053008949478723,2.0
E52_c0294c7ff44d44fc4ede8d97,5.006362490083006,16.7256600789149,5.006362490083006,316.70783025924425,358.9570632507807,379.92026256926977,0.16644027302831577,0.009166666666666667,0.12568836805555555,0.301295307750538,2.2587046922494625,0.9058452163279569,506.9907958984375,0.0,0.0,506.9907958984375,634.6907958984375,2849.4019692695233,334.6907958984375,30.0,526.7078302592442,0.0,1,P01_GAMMA02_M014_02,P01_GAMMA02_M014_02,P01,M014,5869.96875,6281.3125,411.34375,3.0063624900830064,2.0
E52_d22cbe82615c6d2ee0ebf49f,5.6791610470501865,15.758568264926964,5.6791610470501865,318.17309843891866,352.9726015110215,427.5491784452201,0.1737067461230003,0.009166666666666667,0.12568836805555555,0.3085617808452225,2.251438219154778,0.903574443485868,417.5940368652344,0.0,0.0,417.5940368652344,545.2940368652344,3206.618838339151,335.390380859375,30.0,528.1730984389187,0.0,1,P01_GAMMA02_M014_02,P01_GAMMA02_M014_02,P01,M014,5869.96875,6281.3125,411.34375,3.6791610470501865,2.0
E52_dbec4f1422e98765afb262aa,4.439539268577306,16.38523852602286,4.439539268577306,322.5402116809159,364.1002534899979,395.72017250733956,0.1707521496628321,0.009166666666666667,0.12568836805555555,0.3056071843850543,2.2543928156149464,0.9044977548796705,498.7205017089844,0.0,0.0,498.7205017089844,626.4205017089844,2967.901293805047,326.4205017089844,30.0,532.540211680916,0.0,1,P01_GAMMA02_M014_02,P01_GAMMA02_M014_02,P01,M014,5869.96875,6281.3125,411.34375,2.439539268577306,2.0
E52_de2c36302e014a6d0284c896,5.398324716346508,15.994052628622484,5.398324716346508,325.41177480357015,364.7238282296769,414.95122905049965,0.1744969638873427,0.009166666666666667,0.12568836805555555,0.3093519986095649,2.2506480013904357,0.9033275004345109,471.74464111328126,0.0,0.0,471.74464111328126,599.4446411132812,3112.134217878747,325.15069580078125,30.0,535.4117748035701,0.0,1,P01_GAMMA02_M014_02,P01_GAMMA02_M014_02,P01,M014,5869.96875,6281.3125,411.34375,3.398324716346508,2.0
E52_eab18c460278cfbad2c20da0,5.839199789598638,7.760329046990023,5.839199789598638,212.31476099060268,226.15454090800176,341.5908424768108,0.12388533452538679,0.009166666666666667,0.12568836805555555,0.258740369247609,2.3012596307523916,0.9191436346101222,166.07735900878907,0.0,0.0,166.07735900878907,293.77735900878906,2561.931318576081,213.8477783203125,30.0,422.3147609906027,0.0,1,P01_GAMMA02_M014_02,P01_GAMMA02_M014_02,P01,M014,5869.96875,6281.3125,411.34375,3.839199789598638,2.0
E52_eddf192c3626d88d236d26e4,6.44782069450909,17.034187922993553,6.44782069450909,241.72684180786888,260.473536754158,370.9735139380034,0.13850678679446915,0.009166666666666667,0.12568836805555555,0.27336182151669136,2.286638178483309,0.914574430776034,224.96033935546876,0.0,0.0,224.96033935546876,352.66033935546875,2782.3013545350254,199.07135009765625,30.0,451.7268418078689,0.0,1,P01_GAMMA02_M014_02,P01_GAMMA02_M014_02,P01,M014,5869.96875,6281.3125,411.34375,4.44782069450909,2.0
E52_fd527d975e1813662620f82c,11.639873585239812,12.45056667278017,11.639873585239812,418.2192341110554,452.9085204066283,628.3027504486734,0.23771876612520712,0.009166666666666667,0.12568836805555555,0.3725738008474293,2.187426199152571,0.8835706872351783,416.271435546875,0.0,0.0,416.271435546875,543.971435546875,4712.2706283650505,306.8754577636719,30.0,628.2192341110554,0.0,1,P01_GAMMA02_M014_02,P01_GAMMA02_M014_02,P01,M014,5869.96875,6281.3125,411.34375,9.639873585239812,2.0
E52_831cee7e7a3a549796e42b18,9.382115203151514,10.042846261792022,9.382115203151514,524.445203057942,560.9167693217765,830.061008532876,0.3040708837654974,0.009166666666666667,0.12568836805555555,0.4389259184877196,2.121074081512281,0.8628356504725876,437.65879516601564,0.0,0.0,437.65879516601564,565.3587951660156,6225.457563996571,359.5916748046875,30.0,734.445203057942,0.0,1,P01_GAMMA02_M014_02,P01_GAMMA02_M014_02,P01,M014,5869.96875,6281.3125,411.34375,7.382115203151514,2.0
E52_d3460088443e86b69235cf2f,10.9865408943147,10.110906533633653,10.110906533633653,520.9986937965015,557.4049117530444,823.5600798537452,0.3019244763287566,0.009166666666666667,0.12568836805555555,0.4367795110509788,2.1232204889490216,0.8635064027965691,436.87461547851564,0.0,0.0,436.87461547851564,564.5746154785156,6176.700598903089,276.8628845214844,30.0,730.9986937965015,0.0,1,P01_GAMMA02_M014_02,P01_GAMMA02_M014_02,P01,M014,5869.96875,6281.3125,411.34375,8.110906533633653,2.0
E52_c98d1e580ba9a8920eeacbdb,9.03388446884766,9.995636820319618,9.03388446884766,531.3190315479533,569.3529452238973,834.4345810402425,0.30713490815373307,0.009166666666666667,0.12568836805555555,0.4419899428759553,2.118010057124045,0.861878142851264,456.40696411132814,0.0,0.0,456.40696411132814,584.1069641113281,6258.259357801819,362.73199462890625,30.0,741.3190315479533,0.0,1,P01_GAMMA02_M014_02,P01_GAMMA02_M014_02,P01,M014,5869.96875,6281.3125,411.34375,7.03388446884766,2.0
E52_413d3eff5d481ef66f8d3068,8.817006533239223,9.493762996477216,8.817006533239223,548.7789293194231,584.2784598573463,884.5606754113072,0.3204434082194385,0.009166666666666667,0.12568836805555555,0.4552984429416607,2.10470155705834,0.857719236580731,425.99436645507814,0.0,0.0,425.99436645507814,553.6943664550781,6634.205065584804,329.6845703125,30.0,758.7789293194231,0.0,1,P01_GAMMA02_M014_02,P01_GAMMA02_M014_02,P01,M014,5869.96875,6281.3125,411.34375,6.817006533239223,2.0
E52_88c1c7aba1fcf94c58dad20e,8.834056363995956,9.497510042154289,8.834056363995956,536.2789293194231,567.6117931906797,884.5606754113072,0.3159978782232965,0.009166666666666667,0.12568836805555555,0.4508529129455187,2.109147087054482,0.8591084647045254,375.99436645507814,0.0,0.0,375.99436645507814,503.6943664550781,6634.205065584804,329.6845703125,30.0,746.2789293194231,0.0,1,P01_GAMMA02_M014_02,P01_GAMMA02_M014_02,P01,M014,5869.96875,6281.3125,411.34375,6.8340563639959555,2.0
E52_2e64690809088e2a96fb2160,8.846936161892572,9.500767968691491,8.846936161892572,523.7789293194231,550.945126524013,884.5606754113072,0.31155234822715455,0.009166666666666667,0.12568836805555555,0.44640738294937676,2.1135926170506236,0.8604976928283198,325.99436645507814,0.0,0.0,325.99436645507814,453.6943664550781,6634.205065584804,329.6845703125,30.0,733.7789293194231,0.0,1,P01_GAMMA02_M014_02,P01_GAMMA02_M014_02,P01,M014,5869.96875,6281.3125,411.34375,6.846936161892572,2.0
E52_01234cac2d25748209cb57e8,7.601953644174728,5.963634638729843,5.963634638729843,275.78386787661753,295.55487261701467,419.772700963196,0.15719547582798327,0.009166666666666667,0.007734375000000001,0.1740965174946499,2.3859034825053507,0.9455948382829219,248.53977661132814,11.2877197265625,11.2877197265625,248.53977661132814,376.2397766113281,3148.2952572239697,326.2397766113281,30.0,485.78386787661753,0.0,1,P01_GAMMA02_M014_03,P01_GAMMA02_M014_03,P01,M014,6288.84375,6314.15625,25.3125,3.963634638729843,2.0
E52_06eb0baa948af7ff52881bcf,6.176312587444357,16.258674653736037,6.176312587444357,296.7597053393259,328.36499963050426,403.88764493158146,0.16274021246714285,0.009166666666666667,0.007734375000000001,0.1796412541338095,2.3803587458661912,0.9438621080831845,379.26353149414064,0.0,0.0,379.26353149414064,506.9635314941406,3029.157336986861,306.9635314941406,30.0,506.7597053393259,0.0,1,P01_GAMMA02_M014_03,P01_GAMMA02_M014_03,P01,M014,6288.84375,6314.15625,25.3125,4.176312587444357,2.0
E52_0c9d91fc306062a18ada9948,7.76335851741878,15.697900697510477,7.76335851741878,331.42241999480143,370.2725110389095,429.7442937249544,0.1787296459836012,0.009166666666666667,0.007734375000000001,0.19563068765026784,2.3643693123497327,0.9388654101092913,466.2010925292969,0.0,0.0,466.2010925292969,593.9010925292969,3223.082202937158,326.7436828613281,30.0,541.4224199948014,0.0,1,P01_GAMMA02_M014_03,P01_GAMMA02_M014_03,P01,M014,6288.84375,6314.15625,25.3125,5.76335851741878,2.0
E52_189eb019491ad876aa165071,6.054615865361086,3.8094716871601975,3.8094716871601975,403.09916814168594,448.35288467407526,534.676037089036,0.21908171065325852,0.009166666666666667,0.007734375000000001,0.23598275231992516,2.324017247680075,0.9262553899000234,543.0445983886718,0.0,0.0,543.0445983886718,670.7445983886719,4010.07027816777,391.87322998046875,30.0,613.0991681416859,0.0,1,P01_GAMMA02_M014_03,P01_GAMMA02_M014_03,P01,M014,6288.84375,6314.15625,25.3125,1.8094716871601975,2.0
E52_1eac4bbcd37cec5d48241661,7.548560704439822,6.04580255430777,6.04580255430777,275.66392246828667,298.30930922772677,415.4555243799327,0.1568759382441215,0.009166666666666667,0.007734375000000001,0.17377697991078814,2.3862230200892123,0.9456946937778787,271.74464111328126,0.0,0.0,271.74464111328126,399.44464111328125,3115.9164328494953,326.2397766113281,30.0,485.66392246828667,0.0,1,P01_GAMMA02_M014_03,P01_GAMMA02_M014_03,P01,M014,6288.84375,6314.15625,25.3125,4.04580255430777,2.0
E52_1ef47ef68c1879e18ddbb164,7.5450661245197495,9.684707827919368,7.5450661245197495,525.9457118932837,556.9823492630754,865.6715995678175,0.30964781577290457,0.009166666666666667,0.007734375000000001,0.32654885743957124,2.2334511425604293,0.897953482050134,372.4396484375,0.0,0.0,372.4396484375,500.1396484375,6492.536996758631,304.7821350097656,30.0,735.9457118932837,0.0,1,P01_GAMMA02_M014_03,P01_GAMMA02_M014_03,P01,M014,6288.84375,6314.15625,25.3125,5.5450661245197495,2.0
E52_214ce9a3b3bd3fa9c582335a,8.952747331869944,15.138353346483314,8.952747331869944,331.46735474952504,365.31699057309277,459.8368945576438,0.1830074384559416,0.009166666666666667,0.007734375000000001,0.19990848012260826,2.3600915198773924,0.9375285999616849,406.1956298828125,0.0,0.0,406.1956298828125,533.8956298828125,3448.7767091823284,283.8956298828125,30.0,541.467354749525,0.0,1,P01_GAMMA02_M014_03,P01_GAMMA02_M014_03,P01,M014,6288.84375,6314.15625,25.3125,6.9527473318699435,2.0
E52_231555d7070bcf1a0911e332,7.5000726200035075,5.981962334569488,5.981962334569488,303.4113952968874,335.0249979987103,417.14117438283733,0.1669828432889251,0.009166666666666667,0.007734375000000001,0.18388388495559174,2.376116115044409,0.9425362859513776,379.363232421875,0.0,0.0,379.363232421875,507.063232421875,3128.55880787128,326.2397766113281,30.0,513.4113952968873,0.0,1,P01_GAMMA02_M014_03,P01_GAMMA02_M014_03,P01,M014,6288.84375,6314.15625,25.3125,3.981962334569488,2.0
E52_246111a1ef063bec9e89ec9e,3.477026150226976,13.03223549741864,3.477026150226976,413.11352328410356,453.07003166626504,586.4879962752384,0.22998101771643822,0.009166666666666667,0.007734375000000001,0.24688205938310487,2.3131179406168956,0.9228493564427798,479.4781005859375,0.0,0.0,479.4781005859375,607.1781005859375,4398.659972064288,469.28277587890625,30.0,623.1135232841036,0.0,1,P01_GAMMA02_M014_03,P01_GAMMA02_M014_03,P01,M014,6288.84375,6314.15625,25.3125,1.4770261502269761,2.0
E52_24db349315b2a6b84dd4215d,8.367825828316384,5.686957833295324,5.686957833295324,283.5201066466774,305.8382661315407,433.1312563841751,0.1621732249548407,0.009166666666666667,0.007734375000000001,0.17907426662150736,2.380925733378493,0.9440392916807789,267.8179138183594,0.0,0.0,267.8179138183594,395.5179138183594,3248.4844228813135,322.1230773925781,30.0,493.5201066466774,0.0,1,P01_GAMMA02_M014_03,P01_GAMMA02_M014_03,P01,M014,6288.84375,6314.15625,25.3125,3.686957833295324,2.0
E52_27bf01e9e990859ae5993708,7.517689574674719,15.932490639468014,7.517689574674719,318.6138217216496,355.0514931287134,418.60161500091635,0.17259630304263499,0.009166666666666667,0.007734375000000001,0.18949734470930163,2.3705026552906987,0.9407820797783433,437.25205688476564,0.0,0.0,437.25205688476564,564.9520568847656,3139.5121125068727,326.2397766113281,30.0,528.6138217216496,0.0,1,P01_GAMMA02_M014_03,P01_GAMMA02_M014_03,P01,M014,6288.84375,6314.15625,25.3125,5.517689574674719,2.0
E52_27fdcb9bc2da20af468e67a1,8.316815513200439,15.630401191469062,8.316815513200439,333.5201066466774,372.5049327982074,433.1312563841751,0.1799553449394086,0.009166666666666667,0.007734375000000001,0.19685638660607524,2.3631436133939254,0.9384823791856015,467.8179138183594,0.0,0.0,467.8179138183594,595.5179138183594,3248.4844228813135,322.1230773925781,30.0,543.5201066466774,0.0,1,P01_GAMMA02_M014_03,P01_GAMMA02_M014_03,P01,M014,6288.84375,6314.15625,25.3125,6.316815513200439,2.0
E52_2cea01313b8862fcfb6b2e63,12.341864173439873,16.460055432828085,12.341864173439873,259.5957489704318,280.08528245838755,396.2542970131293,0.148442074342722,0.009166666666666667,0.007734375000000001,0.16534311600938864,2.3946568839906117,0.948330276247066,245.87440185546876,0.0,0.0,245.87440185546876,373.57440185546875,2971.90722759847,231.8917236328125,30.0,469.5957489704318,0.0,1,P01_GAMMA02_M014_03,P01_GAMMA02_M014_03,P01,M014,6288.84375,6314.15625,25.3125,10.341864173439873,2.0
E52_326bd9096774308657b14836,7.147923825656349,6.820761438549596,6.820761438549596,254.20783025924425,275.6237299174474,379.92026256926977,0.1442126230476059,0.009166666666666667,0.007734375000000001,0.16111366471427255,2.398886335285728,0.9496519797767898,256.9907958984375,0.0,0.0,256.9907958984375,384.6907958984375,2849.4019692695233,334.6907958984375,30.0,464.20783025924425,0.0,1,P01_GAMMA02_M014_03,P01_GAMMA02_M014_03,P01,M014,6288.84375,6314.15625,25.3125,4.820761438549596,2.0
E52_437c6a333219b14c3939f26c,7.519805966462769,6.0194831627628105,6.0194831627628105,277.09771274073506,296.211315442558,417.14117438283733,0.1570562493971614,0.009166666666666667,0.007734375000000001,0.17395729106382804,2.3860427089361727,0.9456383465425537,248.53977661132814,19.176544189453125,19.176544189453125,248.53977661132814,376.2397766113281,3128.55880787128,326.2397766113281,30.0,487.09771274073506,0.0,1,P01_GAMMA02_M014_03,P01_GAMMA02_M014_03,P01,M014,6288.84375,6314.15625,25.3125,4.0194831627628105,2.0
E52_44ed69e1d99dc074a7941a18,9.284372618722031,8.900383690419545,8.900383690419545,188.27556058823757,199.0276355292369,299.7078152072368,0.1090911242968749,0.009166666666666667,0.007734375000000001,0.12599216596354157,2.434007834036459,0.9606274481363932,139.59420471191407,10.569305419921875,10.569305419921875,139.59420471191407,267.29420471191406,2247.808614054276,217.29420471191406,30.0,398.27556058823757,0.0,1,P01_GAMMA02_M014_03,P01_GAMMA02_M014_03,P01,M014,6288.84375,6314.15625,25.3125,6.900383690419545,2.0
E52_47db2d0d55c92154c779a4c9,5.908043582914232,16.45726286038159,5.908043582914232,312.62709924858126,351.3219092257948,393.08533863388124,0.16685347284684848,0.009166666666666667,0.007734375000000001,0.18375451451351513,2.376245485486485,0.9425767142145265,464.3377197265625,0.0,0.0,464.3377197265625,592.0377197265625,2948.1400397541092,295.61395263671875,30.0,522.6270992485813,0.0,1,P01_GAMMA02_M014_03,P01_GAMMA02_M014_03,P01,M014,6288.84375,6314.15625,25.3125,3.9080435829142317,2.0
E52_4cf0fac9feb721651efb2830,10.35213160164865,17.82597875173802,10.35213160164865,242.69354898018014,267.32891198677197,337.5749199208095,0.13412057160327687,0.009166666666666667,0.007734375000000001,0.1510216132699435,2.408978386730057,0.9528057458531427,295.6243560791016,0.0,0.0,295.6243560791016,423.32435607910156,2531.8118994060715,217.31182861328125,30.0,452.69354898018014,0.0,1,P01_GAMMA02_M014_03,P01_GAMMA02_M014_03,P01,M014,6288.84375,6314.15625,25.3125,8.35213160164865,2.0
E52_4d215302190bc5bfb29bf912,5.470776379187214,16.37371485667674,5.470776379187214,307.50969179304633,343.7570581260541,397.53518558804575,0.1656637075427803,0.009166666666666667,0.007734375000000001,0.18256474920944693,2.3774352507905534,0.9429485158720479,434.96839599609376,0.0,0.0,434.96839599609376,562.6683959960938,2981.5138919103433,336.56707763671875,30.0,517.5096917930464,0.0,1,P01_GAMMA02_M014_03,P01_GAMMA02_M014_03,P01,M014,6288.84375,6314.15625,25.3125,3.470776379187214,2.0
E52_50c718ca7f326f764494c89d,17.918778570824486,13.080943299176411,13.080943299176411,350.85355156655817,370.1881015340061,585.6998033284289,0.20772710552759727,0.009166666666666667,0.007734375000000001,0.2246281471942639,2.3353718528057366,0.9298037040017926,232.014599609375,0.0,0.0,232.014599609375,359.714599609375,4392.748524963216,275.29461669921875,30.0,560.8535515665582,0.0,1,P01_GAMMA02_M014_03,P01_GAMMA02_M014_03,P01,M014,6288.84375,6314.15625,25.3125,11.080943299176411,2.0
E52_515a3b7c8d98426ee13f2b4e,11.519162349653456,17.07508762021844,11.519162349653456,242.68536134104386,262.0561394884234,369.14605379781034,0.13858886614696947,0.009166666666666667,0.007734375000000001,0.1554899078136361,2.4045100921863645,0.9514094038082387,232.4493377685547,0.0,0.0,232.4493377685547,360.1493377685547,2768.5954034835777,210.1493377685547,30.0,452.68536134104386,0.0,1,P01_GAMMA02_M014_03,P01_GAMMA02_M014_03,P01,M014,6288.84375,6314.15625,25.3125,9.519162349653456,2.0
E52_60b76d98beea93305f35c25d,11.691083200279905,16.79058398580294,11.691083200279905,271.8613885249859,299.0873836523459,380.3668062858116,0.15055421784231732,0.009166666666666667,0.007734375000000001,0.16745525950898396,2.3925447404910165,0.9476702314034425,326.7119415283203,0.0,0.0,326.7119415283203,454.4119415283203,2852.751047143587,241.2421875,30.0,481.8613885249859,0.0,1,P01_GAMMA02_M014_03,P01_GAMMA02_M014_03,P01,M014,6288.84375,6314.15625,25.3125,9.691083200279905,2.0
E52_68694062ed2e2e792aeb51a9,8.389589292270841,17.695890544520793,8.389589292270841,262.3147609906027,292.8212075746684,341.5908424768108,0.1416674545099547,0.009166666666666667,0.007734375000000001,0.15856849617662133,2.401431503823379,0.9504473449448059,366.0773590087891,0.0,0.0,366.0773590087891,493.77735900878906,2561.931318576081,213.8477783203125,30.0,472.3147609906027,0.0,1,P01_GAMMA02_M014_03,P01_GAMMA02_M014_03,P01,M014,6288.84375,6314.15625,25.3125,6.389589292270841,2.0
E52_6aa461eda22a4c53e6730e81,7.021628186841426,6.478254834226846,6.478254834226846,265.8104536255181,288.3542041341444,395.1560268799425,0.15046620221455187,0.009166666666666667,0.007734375000000001,0.1673672438812185,2.392632756118782,0.9476977362871192,271.555615234375,1.030609130859375,1.030609130859375,271.555615234375,399.255615234375,2963.670201599569,349.255615234375,30.0,475.8104536255181,0.0,1,P01_GAMMA02_M014_03,P01_GAMMA02_M014_03,P01,M014,6288.84375,6314.15625,25.3125,4.478254834226846,2.0
E52_6dc095df8eb6475486134b5c,3.596633317734714,12.905188948092743,3.596633317734714,424.06014837873875,466.2734748964797,594.8403376510322,0.23505698741925235,0.009166666666666667,0.007734375000000001,0.251958029085919,2.3080419709140814,0.9212631159106504,506.55991821289064,0.0,0.0,506.55991821289064,634.2599182128906,4461.302532382741,440.2059631347656,30.0,634.0601483787387,0.0,1,P01_GAMMA02_M014_03,P01_GAMMA02_M014_03,P01,M014,6288.84375,6314.15625,25.3125,1.5966333177347138,2.0
E52_73baea82bbbffa2db9d7426a,7.832761619597875,5.711384152670419,5.711384152670419,297.3854850658978,324.64222792478455,431.2305129784753,0.16683515196021612,0.009166666666666667,0.007734375000000001,0.18373619362688276,2.376263806373118,0.9425824394915991,327.08091430664064,0.0,0.0,327.08091430664064,454.7809143066406,3234.2288473385647,335.390380859375,30.0,507.3854850658978,0.0,1,P01_GAMMA02_M014_03,P01_GAMMA02_M014_03,P01,M014,6288.84375,6314.15625,25.3125,3.711384152670419,2.0
E52_74b3fb0a4920873efc33101b,5.936661098430434,6.525083879148042,5.936661098430434,262.62709924858126,284.6552425591281,393.08533863388124,0.14907135286228057,0.009166666666666667,0.007734375000000001,0.16597239452894721,2.394027605471053,0.948133626709704,264.3377197265625,0.0,0.0,264.3377197265625,392.0377197265625,2948.1400397541092,295.61395263671875,30.0,472.62709924858126,0.0,1,P01_GAMMA02_M014_03,P01_GAMMA02_M014_03,P01,M014,6288.84375,6314.15625,25.3125,3.9366610984304344,2.0
E52_7547086a1218012670f76a62,11.963733461821477,2.277872015791573,2.277872015791573,370.7957901832663,387.27013608984186,642.7455049270795,0.2228984084752749,0.009166666666666667,0.007734375000000001,0.23979945014194154,2.320200549858059,0.9250626718306433,197.69215087890626,0.0,0.0,197.69215087890626,325.39215087890625,4820.591286953097,275.39215087890625,30.0,580.7957901832663,0.0,1,P01_GAMMA02_M014_03,P01_GAMMA02_M014_03,P01,M014,6288.84375,6314.15625,25.3125,0.27787201579157284,2.0
E52_76b4f0bdabd1ccab126282dd,11.123950118067796,17.180198899819032,11.123950118067796,244.7670432960008,265.6078646257534,364.489158613486,0.13866967590706417,0.009166666666666667,0.007734375000000001,0.1555707175737308,2.40442928242627,0.9513841507582091,250.08985595703126,0.0,0.0,250.08985595703126,377.78985595703125,2733.6686896011447,241.2421875,30.0,454.7670432960008,0.0,1,P01_GAMMA02_M014_03,P01_GAMMA02_M014_03,P01,M014,6288.84375,6314.15625,25.3125,9.123950118067796,2.0
E52_82c821a5773d0bfbe554f10a,8.076816413684725,11.397135806608844,8.076816413684725,512.9354114719376,566.0737563002253,707.0407539741487,0.2825549862639304,0.009166666666666667,0.007734375000000001,0.29945602793059706,2.2605439720694034,0.9064199912716884,637.6601379394531,0.0,0.0,637.6601379394531,765.3601379394531,5302.805654806116,465.3601379394531,30.0,722.9354114719376,0.0,1,P01_GAMMA02_M014_03,P01_GAMMA02_M014_03,P01,M014,6288.84375,6314.15625,25.3125,6.076816413684725,2.0
E52_8ca7795ffa642a3b129c0a3d,7.796622828166505,15.730152054416479,7.796622828166505,330.94608252023,369.9122522589995,428.0951466078428,0.17832668261553564,0.009166666666666667,0.007734375000000001,0.19522772428220228,2.3647722757177982,0.9389913361618117,467.5940368652344,0.0,0.0,467.5940368652344,595.2940368652344,3210.713599558821,335.390380859375,30.0,540.94608252023,0.0,1,P01_GAMMA02_M014_03,P01_GAMMA02_M014_03,P01,M014,6288.84375,6314.15625,25.3125,5.796622828166505,2.0
E52_9026ce0d2a5dd9a75ef73c8e,6.075539700699522,6.720084116703532,6.075539700699522,248.61637070099954,267.37077642202814,384.70630707582717,0.14290187810434732,0.009166666666666667,0.007734375000000001,0.15980291977101396,2.4001970802289865,0.9500615875715581,225.05286865234376,0.0,0.0,225.05286865234376,352.75286865234375,2885.297303068704,302.75286865234375,30.0,458.61637070099954,0.0,1,P01_GAMMA02_M014_03,P01_GAMMA02_M014_03,P01,M014,6288.84375,6314.15625,25.3125,4.075539700699522,2.0
E52_96da4f081c74d8211b4b244f,12.160628161942725,12.47027426673894,12.160628161942725,406.4445801679392,437.368205859671,627.3474061854878,0.23339590098708082,0.009166666666666667,0.007734375000000001,0.25029694265374747,2.309703057346253,0.9217822054207039,371.08350830078126,0.0,0.0,371.08350830078126,498.78350830078125,4705.105546391158,251.37640380859375,30.0,616.4445801679392,0.0,1,P01_GAMMA02_M014_03,P01_GAMMA02_M014_03,P01,M014,6288.84375,6314.15625,25.3125,10.160628161942725,2.0
E52_a3836b1674b2d70f748125c1,9.766074523798764,18.388582284998307,9.766074523798764,238.77143733771516,265.74771093797557,315.68523307386783,0.1296256139323784,0.009166666666666667,0.007734375000000001,0.14652665559904504,2.4134733444009555,0.9542104201252984,323.715283203125,0.0,0.0,323.715283203125,451.415283203125,2367.639248054009,217.29420471191406,30.0,448.77143733771516,0.0,1,P01_GAMMA02_M014_03,P01_GAMMA02_M014_03,P01,M014,6288.84375,6314.15625,25.3125,7.766074523798764,2.0
E52_a77602565c04dca5831f9b7a,7.94806720719555,15.758600383852013,7.94806720719555,295.3505394617105,322.31471665694164,428.9160157520343,0.16578365241547813,0.009166666666666667,0.007734375000000001,0.18268469408214477,2.377315305917856,0.9429110330993298,323.57012634277345,0.0,0.0,323.57012634277345,451.27012634277344,3216.870118140257,284.58648681640625,30.0,505.3505394617105,0.0,1,P01_GAMMA02_M014_03,P01_GAMMA02_M014_03,P01,M014,6288.84375,6314.15625,25.3125,5.94806720719555,2.0
E52_afb1e3673ff3adbe9c45b8fc,5.815840213873059,6.956106286850726,5.815840213873059,250.21040235058808,271.27175132926646,374.0527108291059,0.1419599864782851,0.009166666666666667,0.007734375000000001,0.15886102814495173,2.401138971855049,0.9503559287047025,252.73618774414064,0.0,0.0,252.73618774414064,380.4361877441406,2805.395331218294,291.6474609375,30.0,460.2104023505881,0.0,1,P01_GAMMA02_M014_03,P01_GAMMA02_M014_03,P01,M014,6288.84375,6314.15625,25.3125,3.8158402138730594,2.0
E52_b544b4d7beda1d6ed7fbeefb,7.624201842132081,16.252686834440453,7.624201842132081,293.91354735972715,324.49113296153376,404.3615811086144,0.16179511839250177,0.009166666666666667,0.007734375000000001,0.1786961600591684,2.381303839940832,0.9441574499815099,366.9310272216797,0.0,0.0,366.9310272216797,494.6310272216797,3032.711858314608,277.91845703125,30.0,503.91354735972715,0.0,1,P01_GAMMA02_M014_03,P01_GAMMA02_M014_03,P01,M014,6288.84375,6314.15625,25.3125,5.624201842132081,2.0
E52_b60e4d2a4cdcd5801a5d757f,7.415368002592942,16.480566458341656,7.415368002592942,308.26023760270465,345.626388522301,392.32356968783114,0.16519254750221457,0.009166666666666667,0.007734375000000001,0.18209358916888121,2.377906410831119,0.9430957533847246,448.39381103515626,0.0,0.0,448.39381103515626,576.0938110351562,2942.4267726587336,326.2397766113281,30.0,518.2602376027046,0.0,1,P01_GAMMA02_M014_03,P01_GAMMA02_M014_03,P01,M014,6288.84375,6314.15625,25.3125,5.415368002592942,2.0
E52_b6789310c1ab16898a769b78,16.582178703018712,2.625622464396969,2.625622464396969,372.38145547243056,389.4038741939475,617.4514627840539,0.21924054354678854,0.009166666666666667,0.007734375000000001,0.23614158521345519,2.323858414786545,0.9262057546207952,225.84925537109376,21.580230712890625,21.580230712890625,225.84925537109376,353.54925537109375,4630.885970880404,303.54925537109375,30.0,582.3814554724306,0.0,1,P01_GAMMA02_M014_03,P01_GAMMA02_M014_03,P01,M014,6288.84375,6314.15625,25.3125,0.6256224643969688,2.0
E52_b7c433bb400c5a28313b13f0,7.92485518183733,16.00220965111248,7.92485518183733,270.63016208552887,291.2047849391259,417.8125870494757,0.1554195344851095,0.009166666666666667,0.007734375000000001,0.17232057615177615,2.3876794238482244,0.94614981995257,246.89547424316407,0.0,0.0,246.89547424316407,374.59547424316406,3133.594402871068,284.58648681640625,30.0,480.63016208552887,0.0,1,P01_GAMMA02_M014_03,P01_GAMMA02_M014_03,P01,M014,6288.84375,6314.15625,25.3125,5.92485518183733,2.0
E52_be69bdf55826f2eb34075d09,11.826278636119483,12.029424972929434,11.826278636119483,457.6877788138426,500.48965717077624,658.5642874860837,0.25604119113741575,0.009166666666666667,0.007734375000000001,0.2729422328040824,2.2870577671959182,0.9147055522487243,513.6225402832031,0.0,0.0,513.6225402832031,641.3225402832031,4939.232156145627,341.3225402832031,30.0,667.6877788138427,0.0,1,P01_GAMMA02_M014_03,P01_GAMMA02_M014_03,P01,M014,6288.84375,6314.15625,25.3125,9.826278636119483,2.0
E52_bfffb2993ede6e2e2bd9340b,17.56854519074396,13.053008949478723,13.053008949478723,400.85355156655817,436.85476820067277,585.6998033284289,0.22550922551216515,0.009166666666666667,0.007734375000000001,0.2424102671788318,2.3175897328211685,0.924246791506615,432.014599609375,0.0,0.0,432.014599609375,559.714599609375,4392.748524963216,275.29461669921875,30.0,610.8535515665582,0.0,1,P01_GAMMA02_M014_03,P01_GAMMA02_M014_03,P01,M014,6288.84375,6314.15625,25.3125,11.053008949478723,2.0
E52_c0294c7ff44d44fc4ede8d97,7.095747605362774,16.7256600789149,7.095747605362774,316.70783025924425,358.9570632507807,379.92026256926977,0.16644027302831577,0.009166666666666667,0.007734375000000001,0.1833413146949824,2.376658685305018,0.942705839157818,506.9907958984375,0.0,0.0,506.9907958984375,634.6907958984375,2849.4019692695233,334.6907958984375,30.0,526.7078302592442,0.0,1,P01_GAMMA02_M014_03,P01_GAMMA02_M014_03,P01,M014,6288.84375,6314.15625,25.3125,5.095747605362774,2.0
E52_c10a50247c57c0340b451298,3.349174280437566,3.1495087650690863,3.1495087650690863,410.4813485396202,450.8988478275434,578.4577013517014,0.22790762835174688,0.009166666666666667,0.007734375000000001,0.24480867001841353,2.315191329981587,0.9234972906192458,485.00999145507814,0.0,0.0,485.00999145507814,612.7099914550781,4338.432760137761,515.4917602539062,30.0,620.4813485396203,0.0,1,P01_GAMMA02_M014_03,P01_GAMMA02_M014_03,P01,M014,6288.84375,6314.15625,25.3125,1.1495087650690863,2.0
E52_c76d93c5902d0dc017f7065c,7.683019468241852,16.05706218628906,7.683019468241852,260.86241804033426,278.57034040361555,415.47730190098105,0.1516149798935124,0.009166666666666667,0.007734375000000001,0.16851602156017906,2.3914839784398216,0.947338743262444,212.495068359375,0.0,0.0,212.495068359375,340.195068359375,3116.079764257358,277.91845703125,30.0,470.86241804033426,0.0,1,P01_GAMMA02_M014_03,P01_GAMMA02_M014_03,P01,M014,6288.84375,6314.15625,25.3125,5.683019468241852,2.0
E52_d22cbe82615c6d2ee0ebf49f,7.766174675090795,15.758568264926964,7.766174675090795,318.17309843891866,352.9726015110215,427.5491784452201,0.1737067461230003,0.009166666666666667,0.007734375000000001,0.19060778778966694,2.3693922122103337,0.940435066315729,417.5940368652344,0.0,0.0,417.5940368652344,545.2940368652344,3206.618838339151,335.390380859375,30.0,528.1730984389187,0.0,1,P01_GAMMA02_M014_03,P01_GAMMA02_M014_03,P01,M014,6288.84375,6314.15625,25.3125,5.766174675090795,2.0
E52_dbec4f1422e98765afb262aa,6.294755040260455,16.38523852602286,6.294755040260455,322.5402116809159,364.1002534899979,395.72017250733956,0.1707521496628321,0.009166666666666667,0.007734375000000001,0.18765319132949873,2.372346808670502,0.9413583777095317,498.7205017089844,0.0,0.0,498.7205017089844,626.4205017089844,2967.901293805047,326.4205017089844,30.0,532.540211680916,0.0,1,P01_GAMMA02_M014_03,P01_GAMMA02_M014_03,P01,M014,6288.84375,6314.15625,25.3125,4.294755040260455,2.0
E52_dc4c132291b7b9525a26c82f,7.642114221923123,16.290878065555617,7.642114221923123,256.41354735972715,274.49113296153376,404.3615811086144,0.14845852840407586,0.009166666666666667,0.007734375000000001,0.1653595700707425,2.394640429929258,0.948325134352893,216.9310272216797,0.0,0.0,216.9310272216797,344.6310272216797,3032.711858314608,277.91845703125,30.0,466.41354735972715,0.0,1,P01_GAMMA02_M014_03,P01_GAMMA02_M014_03,P01,M014,6288.84375,6314.15625,25.3125,5.642114221923123,2.0
E52_de2c36302e014a6d0284c896,7.460103422774736,15.994052628622484,7.460103422774736,325.41177480357015,364.7238282296769,414.95122905049965,0.1744969638873427,0.009166666666666667,0.007734375000000001,0.19139800555400935,2.3686019944459913,0.9401881232643721,471.74464111328126,0.0,0.0,471.74464111328126,599.4446411132812,3112.134217878747,325.15069580078125,30.0,535.4117748035701,0.0,1,P01_GAMMA02_M014_03,P01_GAMMA02_M014_03,P01,M014,6288.84375,6314.15625,25.3125,5.460103422774736,2.0
E52_e0325aad0b87e7c07e10fc2c,7.5523910955868985,5.987785159048158,5.987785159048158,275.1983248954777,294.96932963587483,418.60161500091635,0.15682137892336617,0.009166666666666667,0.007734375000000001,0.17372242059003282,2.3862775794099678,0.9457117435656147,248.53977661132814,11.2877197265625,11.2877197265625,248.53977661132814,376.2397766113281,3139.5121125068727,326.2397766113281,30.0,485.1983248954777,0.0,1,P01_GAMMA02_M014_03,P01_GAMMA02_M014_03,P01,M014,6288.84375,6314.15625,25.3125,3.9877851590481583,2.0
E52_e0cd6bab1a22c4530d9a254c,6.336134186156997,6.471069764274475,6.336134186156997,260.0402116809159,280.7669201566646,395.72017250733956,0.14852449968212222,0.009166666666666667,0.007734375000000001,0.16542554134878887,2.3945744586512117,0.9483045183285035,248.7205017089844,0.0,0.0,248.7205017089844,376.4205017089844,2967.901293805047,326.4205017089844,30.0,470.0402116809159,0.0,1,P01_GAMMA02_M014_03,P01_GAMMA02_M014_03,P01,M014,6288.84375,6314.15625,25.3125,4.336134186156997,2.0
E52_ea76d341ab82f2ebc1fa1efe,7.502913568222567,6.056283714240493,6.056283714240493,275.41177480357015,298.05716156301025,414.95122905049965,0.15671484390277482,0.009166666666666667,0.007734375000000001,0.17361588556944146,2.386384114430559,0.9457450357595496,271.74464111328126,0.0,0.0,271.74464111328126,399.44464111328125,3112.134217878747,325.15069580078125,30.0,485.41177480357015,0.0,1,P01_GAMMA02_M014_03,P01_GAMMA02_M014_03,P01,M014,6288.84375,6314.15625,25.3125,4.056283714240493,2.0
E52_eab18c460278cfbad2c20da0,8.41018130044597,7.760329046990023,7.760329046990023,212.31476099060268,226.15454090800176,341.5908424768108,0.12388533452538679,0.009166666666666667,0.007734375000000001,0.14078637619205345,2.419213623807947,0.9560042574399833,166.07735900878907,0.0,0.0,166.07735900878907,293.77735900878906,2561.931318576081,213.8477783203125,30.0,422.3147609906027,0.0,1,P01_GAMMA02_M014_03,P01_GAMMA02_M014_03,P01,M014,6288.84375,6314.15625,25.3125,5.760329046990023,2.0
E52_eddf192c3626d88d236d26e4,9.182574396571937,17.034187922993553,9.182574396571937,241.72684180786888,260.473536754158,370.9735139380034,0.13850678679446915,0.009166666666666667,0.007734375000000001,0.1554078284611358,2.4045921715388645,0.9514350536058951,224.96033935546876,0.0,0.0,224.96033935546876,352.66033935546875,2782.3013545350254,199.07135009765625,30.0,451.7268418078689,0.0,1,P01_GAMMA02_M014_03,P01_GAMMA02_M014_03,P01,M014,6288.84375,6314.15625,25.3125,7.182574396571937,2.0
E52_f2fabdd802684ffd17ed2273,5.8070798591186445,16.925225818485302,5.8070798591186445,275.2104023505881,304.60508466259984,374.0527108291059,0.15085104647056902,0.009166666666666667,0.007734375000000001,0.16775208813723566,2.3922479118627646,0.9475774724571139,352.73618774414064,0.0,0.0,352.73618774414064,480.4361877441406,2805.395331218294,291.6474609375,30.0,485.2104023505881,0.0,1,P01_GAMMA02_M014_03,P01_GAMMA02_M014_03,P01,M014,6288.84375,6314.15625,25.3125,3.8070798591186445,2.0
E52_fd527d975e1813662620f82c,12.407402062827686,12.45056667278017,12.407402062827686,418.2192341110554,452.9085204066283,628.3027504486734,0.23771876612520712,0.009166666666666667,0.007734375000000001,0.25461980779187376,2.3053801922081267,0.9204313100650394,416.271435546875,0.0,0.0,416.271435546875,543.971435546875,4712.2706283650505,306.8754577636719,30.0,628.2192341110554,0.0,1,P01_GAMMA02_M014_03,P01_GAMMA02_M014_03,P01,M014,6288.84375,6314.15625,25.3125,10.407402062827686,2.0
E52_831cee7e7a3a549796e42b18,7.938422274326086,10.042846261792022,7.938422274326086,524.445203057942,560.9167693217765,830.061008532876,0.3040708837654974,0.009166666666666667,0.007734375000000001,0.3209719254321641,2.2390280745678366,0.8996962733024487,437.65879516601564,0.0,0.0,437.65879516601564,565.3587951660156,6225.457563996571,359.5916748046875,30.0,734.445203057942,0.0,1,P01_GAMMA02_M014_03,P01_GAMMA02_M014_03,P01,M014,6288.84375,6314.15625,25.3125,5.938422274326086,2.0
E52_d3460088443e86b69235cf2f,8.949686240561078,10.110906533633653,8.949686240561078,520.9986937965015,557.4049117530444,823.5600798537452,0.3019244763287566,0.009166666666666667,0.007734375000000001,0.31882551799542325,2.241174482004577,0.9003670256264302,436.87461547851564,0.0,0.0,436.87461547851564,564.5746154785156,6176.700598903089,276.8628845214844,30.0,730.9986937965015,0.0,1,P01_GAMMA02_M014_03,P01_GAMMA02_M014_03,P01,M014,6288.84375,6314.15625,25.3125,6.949686240561078,2.0
E52_c98d1e580ba9a8920eeacbdb,7.683009184669515,9.995636820319618,7.683009184669515,531.3190315479533,569.3529452238973,834.4345810402425,0.30713490815373307,0.009166666666666667,0.007734375000000001,0.32403594982039974,2.235964050179601,0.8987387656811251,456.40696411132814,0.0,0.0,456.40696411132814,584.1069641113281,6258.259357801819,362.73199462890625,30.0,741.3190315479533,0.0,1,P01_GAMMA02_M014_03,P01_GAMMA02_M014_03,P01,M014,6288.84375,6314.15625,25.3125,5.683009184669515,2.0
E52_413d3eff5d481ef66f8d3068,7.22026185697834,9.493762996477216,7.22026185697834,548.7789293194231,584.2784598573463,884.5606754113072,0.3204434082194385,0.009166666666666667,0.007734375000000001,0.3373444498861052,2.2226555501138954,0.8945798594105921,425.99436645507814,0.0,0.0,425.99436645507814,553.6943664550781,6634.205065584804,329.6845703125,30.0,758.7789293194231,0.0,1,P01_GAMMA02_M014_03,P01_GAMMA02_M014_03,P01,M014,6288.84375,6314.15625,25.3125,5.22026185697834,2.0
E52_88c1c7aba1fcf94c58dad20e,7.232059170581962,9.497510042154289,7.232059170581962,536.2789293194231,567.6117931906797,884.5606754113072,0.3159978782232965,0.009166666666666667,0.007734375000000001,0.3328989198899632,2.2271010801100375,0.8959690875343865,375.99436645507814,0.0,0.0,375.99436645507814,503.6943664550781,6634.205065584804,329.6845703125,30.0,746.2789293194231,0.0,1,P01_GAMMA02_M014_03,P01_GAMMA02_M014_03,P01,M014,6288.84375,6314.15625,25.3125,5.232059170581962,2.0
E52_2e64690809088e2a96fb2160,7.240961641133666,9.500767968691491,7.240961641133666,523.7789293194231,550.945126524013,884.5606754113072,0.31155234822715455,0.009166666666666667,0.007734375000000001,0.3284533898938212,2.231546610106179,0.8973583156581809,325.99436645507814,0.0,0.0,325.99436645507814,453.6943664550781,6634.205065584804,329.6845703125,30.0,733.7789293194231,0.0,1,P01_GAMMA02_M014_03,P01_GAMMA02_M014_03,P01,M014,6288.84375,6314.15625,25.3125,5.240961641133666,2.0
E52_cdef0b479e00ae29ebd83132,4.234965012722341,10.01648148125875,4.234965012722341,520.0071121141804,554.5433095222207,832.7970397801186,0.3028799960747676,0.009166666666666667,0.007734375000000001,0.3197810377414343,2.240218962258566,0.9000684257058018,414.4343688964844,0.0,0.0,414.4343688964844,542.1343688964844,6245.977798350889,297.6476745605469,30.0,730.0071121141804,0.0,1,P01_GAMMA02_M014_03,P01_GAMMA02_M014_03,P01,M014,6288.84375,6314.15625,25.3125,2.2349650127223413,2.0
E52_30110e5b3ae38ecfab28ace2,4.669781400314605,10.05954008012911,4.669781400314605,514.4106891471403,547.7506496268766,828.7816154158626,0.30032099335417484,0.009166666666666667,0.007734375000000001,0.3172220350208415,2.242777964979159,0.900868114055987,400.07952575683595,0.0,0.0,400.07952575683595,527.7795257568359,6215.862115618969,313.0162353515625,30.0,724.4106891471403,0.0,1,P01_GAMMA02_M014_03,P01_GAMMA02_M014_03,P01,M014,6288.84375,6314.15625,25.3125,2.669781400314605,2.0
E52_01234cac2d25748209cb57e8,8.91552860343458,5.963634638729843,5.963634638729843,275.78386787661753,295.55487261701467,419.772700963196,0.15719547582798327,0.009166666666666667,0.002310763888888889,0.16867290638353882,2.3913270936164617,0.9472897167551442,248.53977661132814,11.2877197265625,11.2877197265625,248.53977661132814,376.2397766113281,3148.2952572239697,326.2397766113281,30.0,485.78386787661753,0.0,1,P01_GAMMA02_M014_04,P01_GAMMA02_M014_04,P01,M014,6327.15625,6334.71875,7.5625,3.963634638729843,2.0
E52_06eb0baa948af7ff52881bcf,7.336469255349954,16.258674653736037,7.336469255349954,296.7597053393259,328.36499963050426,403.88764493158146,0.16274021246714285,0.009166666666666667,0.002310763888888889,0.1742176430226984,2.3857823569773022,0.9455569865554068,379.26353149414064,0.0,0.0,379.26353149414064,506.9635314941406,3029.157336986861,306.9635314941406,30.0,506.7597053393259,0.0,1,P01_GAMMA02_M014_04,P01_GAMMA02_M014_04,P01,M014,6327.15625,6334.71875,7.5625,5.336469255349954,2.0
E52_0c9d91fc306062a18ada9948,9.041918618431708,15.697900697510477,9.041918618431708,331.42241999480143,370.2725110389095,429.7442937249544,0.1787296459836012,0.009166666666666667,0.002310763888888889,0.19020707653915675,2.3697929234608437,0.9405602885815135,466.2010925292969,0.0,0.0,466.2010925292969,593.9010925292969,3223.082202937158,326.7436828613281,30.0,541.4224199948014,0.0,1,P01_GAMMA02_M014_04,P01_GAMMA02_M014_04,P01,M014,6327.15625,6334.71875,7.5625,7.041918618431708,2.0
E52_189eb019491ad876aa165071,6.697195373766576,3.8094716871601975,3.8094716871601975,403.09916814168594,448.35288467407526,534.676037089036,0.21908171065325852,0.009166666666666667,0.002310763888888889,0.23055914120881407,2.3294408587911866,0.9279502683722456,543.0445983886718,0.0,0.0,543.0445983886718,670.7445983886719,4010.07027816777,391.87322998046875,30.0,613.0991681416859,0.0,1,P01_GAMMA02_M014_04,P01_GAMMA02_M014_04,P01,M014,6327.15625,6334.71875,7.5625,1.8094716871601975,2.0
E52_1eac4bbcd37cec5d48241661,8.875023061958046,6.04580255430777,6.04580255430777,275.66392246828667,298.30930922772677,415.4555243799327,0.1568759382441215,0.009166666666666667,0.002310763888888889,0.16835336879967705,2.3916466312003233,0.9473895722501009,271.74464111328126,0.0,0.0,271.74464111328126,399.44464111328125,3115.9164328494953,326.2397766113281,30.0,485.66392246828667,0.0,1,P01_GAMMA02_M014_04,P01_GAMMA02_M014_04,P01,M014,6327.15625,6334.71875,7.5625,4.04580255430777,2.0
E52_1ef47ef68c1879e18ddbb164,6.651939517111899,9.684707827919368,6.651939517111899,525.9457118932837,556.9823492630754,865.6715995678175,0.30964781577290457,0.009166666666666667,0.002310763888888889,0.3211252463284601,2.2388747536715403,0.8996483605223562,372.4396484375,0.0,0.0,372.4396484375,500.1396484375,6492.536996758631,304.7821350097656,30.0,735.9457118932837,0.0,1,P01_GAMMA02_M014_04,P01_GAMMA02_M014_04,P01,M014,6327.15625,6334.71875,7.5625,4.651939517111899,2.0
E52_214ce9a3b3bd3fa9c582335a,10.232919108998587,15.138353346483314,10.232919108998587,331.46735474952504,365.31699057309277,459.8368945576438,0.1830074384559416,0.009166666666666667,0.002310763888888889,0.19448486901149717,2.3655151309885034,0.9392234784339072,406.1956298828125,0.0,0.0,406.1956298828125,533.8956298828125,3448.7767091823284,283.8956298828125,30.0,541.467354749525,0.0,1,P01_GAMMA02_M014_04,P01_GAMMA02_M014_04,P01,M014,6327.15625,6334.71875,7.5625,8.232919108998587,2.0
E52_231555d7070bcf1a0911e332,8.806192957815867,5.981962334569488,5.981962334569488,303.4113952968874,335.0249979987103,417.14117438283733,0.1669828432889251,0.009166666666666667,0.002310763888888889,0.17846027384448065,2.38153972615552,0.9442311644235998,379.363232421875,0.0,0.0,379.363232421875,507.063232421875,3128.55880787128,326.2397766113281,30.0,513.4113952968873,0.0,1,P01_GAMMA02_M014_04,P01_GAMMA02_M014_04,P01,M014,6327.15625,6334.71875,7.5625,3.981962334569488,2.0
E52_246111a1ef063bec9e89ec9e,3.9865975524269857,13.03223549741864,3.9865975524269857,413.11352328410356,453.07003166626504,586.4879962752384,0.22998101771643822,0.009166666666666667,0.002310763888888889,0.24145844827199378,2.3185415517280066,0.9245442349150019,479.4781005859375,0.0,0.0,479.4781005859375,607.1781005859375,4398.659972064288,469.28277587890625,30.0,623.1135232841036,0.0,1,P01_GAMMA02_M014_04,P01_GAMMA02_M014_04,P01,M014,6327.15625,6334.71875,7.5625,1.9865975524269857,2.0
E52_24db349315b2a6b84dd4215d,9.742192850835124,5.686957833295324,5.686957833295324,283.5201066466774,305.8382661315407,433.1312563841751,0.1621732249548407,0.009166666666666667,0.002310763888888889,0.17365065551039627,2.386349344489604,0.9457341701530012,267.8179138183594,0.0,0.0,267.8179138183594,395.5179138183594,3248.4844228813135,322.1230773925781,30.0,493.5201066466774,0.0,1,P01_GAMMA02_M014_04,P01_GAMMA02_M014_04,P01,M014,6327.15625,6334.71875,7.5625,3.686957833295324,2.0
E52_27bf01e9e990859ae5993708,8.816609656118445,15.932490639468014,8.816609656118445,318.6138217216496,355.0514931287134,418.60161500091635,0.17259630304263499,0.009166666666666667,0.002310763888888889,0.18407373359819054,2.37592626640181,0.9424769582505654,437.25205688476564,0.0,0.0,437.25205688476564,564.9520568847656,3139.5121125068727,326.2397766113281,30.0,528.6138217216496,0.0,1,P01_GAMMA02_M014_04,P01_GAMMA02_M014_04,P01,M014,6327.15625,6334.71875,7.5625,6.816609656118445,2.0
E52_27fdcb9bc2da20af468e67a1,9.672345382927986,15.630401191469062,9.672345382927986,333.5201066466774,372.5049327982074,433.1312563841751,0.1799553449394086,0.009166666666666667,0.002310763888888889,0.19143277549496415,2.3685672245050364,0.9401772576578237,467.8179138183594,0.0,0.0,467.8179138183594,595.5179138183594,3248.4844228813135,322.1230773925781,30.0,543.5201066466774,0.0,1,P01_GAMMA02_M014_04,P01_GAMMA02_M014_04,P01,M014,6327.15625,6334.71875,7.5625,7.672345382927986,2.0
E52_2cea01313b8862fcfb6b2e63,16.104692243240834,16.460055432828085,16.104692243240834,259.5957489704318,280.08528245838755,396.2542970131293,0.148442074342722,0.009166666666666667,0.002310763888888889,0.15991950489827755,2.400080495101723,0.9500251547192883,245.87440185546876,0.0,0.0,245.87440185546876,373.57440185546875,2971.90722759847,231.8917236328125,30.0,469.5957489704318,0.0,1,P01_GAMMA02_M014_04,P01_GAMMA02_M014_04,P01,M014,6327.15625,6334.71875,7.5625,14.104692243240834,2.0
E52_326bd9096774308657b14836,8.56920033337164,6.820761438549596,6.820761438549596,254.20783025924425,275.6237299174474,379.92026256926977,0.1442126230476059,0.009166666666666667,0.002310763888888889,0.15569005360316146,2.404309946396839,0.951346858249012,256.9907958984375,0.0,0.0,256.9907958984375,384.6907958984375,2849.4019692695233,334.6907958984375,30.0,464.20783025924425,0.0,1,P01_GAMMA02_M014_04,P01_GAMMA02_M014_04,P01,M014,6327.15625,6334.71875,7.5625,4.820761438549596,2.0
E52_437c6a333219b14c3939f26c,8.832871354012369,6.0194831627628105,6.0194831627628105,277.09771274073506,296.211315442558,417.14117438283733,0.1570562493971614,0.009166666666666667,0.002310763888888889,0.16853367995271695,2.3914663200472837,0.9473332250147759,248.53977661132814,19.176544189453125,19.176544189453125,248.53977661132814,376.2397766113281,3128.55880787128,326.2397766113281,30.0,487.09771274073506,0.0,1,P01_GAMMA02_M014_04,P01_GAMMA02_M014_04,P01,M014,6327.15625,6334.71875,7.5625,4.0194831627628105,2.0
E52_44ed69e1d99dc074a7941a18,11.959108622127403,8.900383690419545,8.900383690419545,188.27556058823757,199.0276355292369,299.7078152072368,0.1090911242968749,0.009166666666666667,0.002310763888888889,0.12056855485243045,2.4394314451475703,0.9623223266086155,139.59420471191407,10.569305419921875,10.569305419921875,139.59420471191407,267.29420471191406,2247.808614054276,217.29420471191406,30.0,398.27556058823757,0.0,1,P01_GAMMA02_M014_04,P01_GAMMA02_M014_04,P01,M014,6327.15625,6334.71875,7.5625,6.900383690419545,2.0
E52_47db2d0d55c92154c779a4c9,7.06604908203667,16.45726286038159,7.06604908203667,312.62709924858126,351.3219092257948,393.08533863388124,0.16685347284684848,0.009166666666666667,0.002310763888888889,0.17833090340240404,2.3816690965975966,0.9442715926867488,464.3377197265625,0.0,0.0,464.3377197265625,592.0377197265625,2948.1400397541092,295.61395263671875,30.0,522.6270992485813,0.0,1,P01_GAMMA02_M014_04,P01_GAMMA02_M014_04,P01,M014,6327.15625,6334.71875,7.5625,5.06604908203667,2.0
E52_4cf0fac9feb721651efb2830,13.381129445100683,17.82597875173802,13.381129445100683,242.69354898018014,267.32891198677197,337.5749199208095,0.13412057160327687,0.009166666666666667,0.002310763888888889,0.14559800215883242,2.414401997841168,0.9545006243253649,295.6243560791016,0.0,0.0,295.6243560791016,423.32435607910156,2531.8118994060715,217.31182861328125,30.0,452.69354898018014,0.0,1,P01_GAMMA02_M014_04,P01_GAMMA02_M014_04,P01,M014,6327.15625,6334.71875,7.5625,11.381129445100683,2.0
E52_4d215302190bc5bfb29bf912,6.561237353849563,16.37371485667674,6.561237353849563,307.50969179304633,343.7570581260541,397.53518558804575,0.1656637075427803,0.009166666666666667,0.002310763888888889,0.17714113809833584,2.382858861901665,0.94464339434427,434.96839599609376,0.0,0.0,434.96839599609376,562.6683959960938,2981.5138919103433,336.56707763671875,30.0,517.5096917930464,0.0,1,P01_GAMMA02_M014_04,P01_GAMMA02_M014_04,P01,M014,6327.15625,6334.71875,7.5625,4.561237353849563,2.0
E52_50c718ca7f326f764494c89d,16.238290952591086,13.080943299176411,13.080943299176411,350.85355156655817,370.1881015340061,585.6998033284289,0.20772710552759727,0.009166666666666667,0.002310763888888889,0.21920453608315282,2.3407954639168476,0.9314985824740147,232.014599609375,0.0,0.0,232.014599609375,359.714599609375,4392.748524963216,275.29461669921875,30.0,560.8535515665582,0.0,1,P01_GAMMA02_M014_04,P01_GAMMA02_M014_04,P01,M014,6327.15625,6334.71875,7.5625,11.080943299176411,2.0
E52_515a3b7c8d98426ee13f2b4e,15.059837334701442,17.07508762021844,15.059837334701442,242.68536134104386,262.0561394884234,369.14605379781034,0.13858886614696947,0.009166666666666667,0.002310763888888889,0.15006629670252503,2.4099337032974755,0.953104282280461,232.4493377685547,0.0,0.0,232.4493377685547,360.1493377685547,2768.5954034835777,210.1493377685547,30.0,452.68536134104386,0.0,1,P01_GAMMA02_M014_04,P01_GAMMA02_M014_04,P01,M014,6327.15625,6334.71875,7.5625,13.059837334701442,2.0
E52_60b76d98beea93305f35c25d,15.165157785365892,16.79058398580294,15.165157785365892,271.8613885249859,299.0873836523459,380.3668062858116,0.15055421784231732,0.009166666666666667,0.002310763888888889,0.16203164839787287,2.3979683516021275,0.9493651098756647,326.7119415283203,0.0,0.0,326.7119415283203,454.4119415283203,2852.751047143587,241.2421875,30.0,481.8613885249859,0.0,1,P01_GAMMA02_M014_04,P01_GAMMA02_M014_04,P01,M014,6327.15625,6334.71875,7.5625,13.165157785365892,2.0
E52_68694062ed2e2e792aeb51a9,10.350351008656233,17.695890544520793,10.350351008656233,262.3147609906027,292.8212075746684,341.5908424768108,0.1416674545099547,0.009166666666666667,0.002310763888888889,0.15314488506551024,2.40685511493449,0.952142223417028,366.0773590087891,0.0,0.0,366.0773590087891,493.77735900878906,2561.931318576081,213.8477783203125,30.0,472.3147609906027,0.0,1,P01_GAMMA02_M014_04,P01_GAMMA02_M014_04,P01,M014,6327.15625,6334.71875,7.5625,8.350351008656233,2.0
E52_6aa461eda22a4c53e6730e81,8.350909606232449,6.478254834226846,6.478254834226846,265.8104536255181,288.3542041341444,395.1560268799425,0.15046620221455187,0.009166666666666667,0.002310763888888889,0.16194363277010743,2.398056367229893,0.9493926147593414,271.555615234375,1.030609130859375,1.030609130859375,271.555615234375,399.255615234375,2963.670201599569,349.255615234375,30.0,475.8104536255181,0.0,1,P01_GAMMA02_M014_04,P01_GAMMA02_M014_04,P01,M014,6327.15625,6334.71875,7.5625,4.478254834226846,2.0
E52_6dc095df8eb6475486134b5c,4.082179480457825,12.905188948092743,4.082179480457825,424.06014837873875,466.2734748964797,594.8403376510322,0.23505698741925235,0.009166666666666667,0.002310763888888889,0.2465344179748079,2.3134655820251924,0.9229579943828725,506.55991821289064,0.0,0.0,506.55991821289064,634.2599182128906,4461.302532382741,440.2059631347656,30.0,634.0601483787387,0.0,1,P01_GAMMA02_M014_04,P01_GAMMA02_M014_04,P01,M014,6327.15625,6334.71875,7.5625,2.0821794804578246,2.0
E52_73baea82bbbffa2db9d7426a,9.120964238960369,5.711384152670419,5.711384152670419,297.3854850658978,324.64222792478455,431.2305129784753,0.16683515196021612,0.009166666666666667,0.002310763888888889,0.17831258251577167,2.381687417484229,0.9442773179638213,327.08091430664064,0.0,0.0,327.08091430664064,454.7809143066406,3234.2288473385647,335.390380859375,30.0,507.3854850658978,0.0,1,P01_GAMMA02_M014_04,P01_GAMMA02_M014_04,P01,M014,6327.15625,6334.71875,7.5625,3.711384152670419,2.0
E52_74b3fb0a4920873efc33101b,7.103449033831012,6.525083879148042,6.525083879148042,262.62709924858126,284.6552425591281,393.08533863388124,0.14907135286228057,0.009166666666666667,0.002310763888888889,0.16054878341783613,2.399451216582164,0.9498285051819262,264.3377197265625,0.0,0.0,264.3377197265625,392.0377197265625,2948.1400397541092,295.61395263671875,30.0,472.62709924858126,0.0,1,P01_GAMMA02_M014_04,P01_GAMMA02_M014_04,P01,M014,6327.15625,6334.71875,7.5625,4.525083879148042,2.0
E52_7547086a1218012670f76a62,11.230804344039854,2.277872015791573,2.277872015791573,370.7957901832663,387.27013608984186,642.7455049270795,0.2228984084752749,0.009166666666666667,0.002310763888888889,0.23437583903083045,2.32562416096917,0.9267575503028654,197.69215087890626,0.0,0.0,197.69215087890626,325.39215087890625,4820.591286953097,275.39215087890625,30.0,580.7957901832663,0.0,1,P01_GAMMA02_M014_04,P01_GAMMA02_M014_04,P01,M014,6327.15625,6334.71875,7.5625,0.27787201579157284,2.0
E52_76b4f0bdabd1ccab126282dd,14.390448438446981,17.180198899819032,14.390448438446981,244.7670432960008,265.6078646257534,364.489158613486,0.13866967590706417,0.009166666666666667,0.002310763888888889,0.15014710646261972,2.409852893537381,0.9530790292304313,250.08985595703126,0.0,0.0,250.08985595703126,377.78985595703125,2733.6686896011447,241.2421875,30.0,454.7670432960008,0.0,1,P01_GAMMA02_M014_04,P01_GAMMA02_M014_04,P01,M014,6327.15625,6334.71875,7.5625,12.390448438446981,2.0
E52_82c821a5773d0bfbe554f10a,7.68891953008702,11.397135806608844,7.68891953008702,512.9354114719376,566.0737563002253,707.0407539741487,0.2825549862639304,0.009166666666666667,0.002310763888888889,0.29403241681948594,2.2659675831805144,0.9081148697439106,637.6601379394531,0.0,0.0,637.6601379394531,765.3601379394531,5302.805654806116,465.3601379394531,30.0,722.9354114719376,0.0,1,P01_GAMMA02_M014_04,P01_GAMMA02_M014_04,P01,M014,6327.15625,6334.71875,7.5625,5.68891953008702,2.0
E52_8ca7795ffa642a3b129c0a3d,9.089991199142759,15.730152054416479,9.089991199142759,330.94608252023,369.9122522589995,428.0951466078428,0.17832668261553564,0.009166666666666667,0.002310763888888889,0.1898041131710912,2.3701958868289092,0.940686214634034,467.5940368652344,0.0,0.0,467.5940368652344,595.2940368652344,3210.713599558821,335.390380859375,30.0,540.94608252023,0.0,1,P01_GAMMA02_M014_04,P01_GAMMA02_M014_04,P01,M014,6327.15625,6334.71875,7.5625,7.089991199142759,2.0
E52_9026ce0d2a5dd9a75ef73c8e,7.29029784018303,6.720084116703532,6.720084116703532,248.61637070099954,267.37077642202814,384.70630707582717,0.14290187810434732,0.009166666666666667,0.002310763888888889,0.15437930865990288,2.4056206913400975,0.9517564660437804,225.05286865234376,0.0,0.0,225.05286865234376,352.75286865234375,2885.297303068704,302.75286865234375,30.0,458.61637070099954,0.0,1,P01_GAMMA02_M014_04,P01_GAMMA02_M014_04,P01,M014,6327.15625,6334.71875,7.5625,4.720084116703532,2.0
E52_96da4f081c74d8211b4b244f,11.510722165449977,12.47027426673894,11.510722165449977,406.4445801679392,437.368205859671,627.3474061854878,0.23339590098708082,0.009166666666666667,0.002310763888888889,0.24487333154263638,2.315126668457364,0.9234770838929262,371.08350830078126,0.0,0.0,371.08350830078126,498.78350830078125,4705.105546391158,251.37640380859375,30.0,616.4445801679392,0.0,1,P01_GAMMA02_M014_04,P01_GAMMA02_M014_04,P01,M014,6327.15625,6334.71875,7.5625,9.510722165449977,2.0
E52_a3836b1674b2d70f748125c1,12.610691885726084,18.388582284998307,12.610691885726084,238.77143733771516,265.74771093797557,315.68523307386783,0.1296256139323784,0.009166666666666667,0.002310763888888889,0.14110304448793395,2.4188969555120665,0.9559052985975206,323.715283203125,0.0,0.0,323.715283203125,451.415283203125,2367.639248054009,217.29420471191406,30.0,448.77143733771516,0.0,1,P01_GAMMA02_M014_04,P01_GAMMA02_M014_04,P01,M014,6327.15625,6334.71875,7.5625,10.610691885726084,2.0
E52_a77602565c04dca5831f9b7a,9.269843690883164,15.758600383852013,9.269843690883164,295.3505394617105,322.31471665694164,428.9160157520343,0.16578365241547813,0.009166666666666667,0.002310763888888889,0.17726108297103368,2.382738917028967,0.9446059115715519,323.57012634277345,0.0,0.0,323.57012634277345,451.27012634277344,3216.870118140257,284.58648681640625,30.0,505.3505394617105,0.0,1,P01_GAMMA02_M014_04,P01_GAMMA02_M014_04,P01,M014,6327.15625,6334.71875,7.5625,7.269843690883164,2.0
E52_aaa387ee3ee3170bd804334d,2.2171530138061684,18.409477866986336,2.2171530138061684,263.5215778829557,299.2286101502083,312.8009621623957,0.13801933350380158,0.009166666666666667,0.002310763888888889,0.14949676405935713,2.4105032359406433,0.9532822612314509,428.48438720703126,0.0,0.0,428.48438720703126,556.1843872070312,2346.0072162179677,386.9435729980469,30.0,473.5215778829557,0.0,1,P01_GAMMA02_M014_04,P01_GAMMA02_M014_04,P01,M014,6327.15625,6334.71875,7.5625,0.21715301380616836,2.0
E52_afb1e3673ff3adbe9c45b8fc,7.026084173132702,6.956106286850726,6.956106286850726,250.21040235058808,271.27175132926646,374.0527108291059,0.1419599864782851,0.009166666666666667,0.002310763888888889,0.15343741703384065,2.40656258296616,0.9520508071769248,252.73618774414064,0.0,0.0,252.73618774414064,380.4361877441406,2805.395331218294,291.6474609375,30.0,460.2104023505881,0.0,1,P01_GAMMA02_M014_04,P01_GAMMA02_M014_04,P01,M014,6327.15625,6334.71875,7.5625,4.956106286850726,2.0
E52_b544b4d7beda1d6ed7fbeefb,9.020505006726438,16.252686834440453,9.020505006726438,293.91354735972715,324.49113296153376,404.3615811086144,0.16179511839250177,0.009166666666666667,0.002310763888888889,0.17327254894805733,2.386727451051943,0.9458523284537321,366.9310272216797,0.0,0.0,366.9310272216797,494.6310272216797,3032.711858314608,277.91845703125,30.0,503.91354735972715,0.0,1,P01_GAMMA02_M014_04,P01_GAMMA02_M014_04,P01,M014,6327.15625,6334.71875,7.5625,7.020505006726438,2.0
E52_b60e4d2a4cdcd5801a5d757f,8.826985750625141,16.480566458341656,8.826985750625141,308.26023760270465,345.626388522301,392.32356968783114,0.16519254750221457,0.009166666666666667,0.002310763888888889,0.17666997805777013,2.38333002194223,0.9447906318569468,448.39381103515626,0.0,0.0,448.39381103515626,576.0938110351562,2942.4267726587336,326.2397766113281,30.0,518.2602376027046,0.0,1,P01_GAMMA02_M014_04,P01_GAMMA02_M014_04,P01,M014,6327.15625,6334.71875,7.5625,6.826985750625141,2.0
E52_b6789310c1ab16898a769b78,14.767721580323297,2.625622464396969,2.625622464396969,372.38145547243056,389.4038741939475,617.4514627840539,0.21924054354678854,0.009166666666666667,0.002310763888888889,0.2307179741023441,2.3292820258976565,0.9279006330930175,225.84925537109376,21.580230712890625,21.580230712890625,225.84925537109376,353.54925537109375,4630.885970880404,303.54925537109375,30.0,582.3814554724306,0.0,1,P01_GAMMA02_M014_04,P01_GAMMA02_M014_04,P01,M014,6327.15625,6334.71875,7.5625,0.6256224643969688,2.0
E52_b7c433bb400c5a28313b13f0,9.309010066522589,16.00220965111248,9.309010066522589,270.63016208552887,291.2047849391259,417.8125870494757,0.1554195344851095,0.009166666666666667,0.002310763888888889,0.16689696504066506,2.3931030349593354,0.9478446984247921,246.89547424316407,0.0,0.0,246.89547424316407,374.59547424316406,3133.594402871068,284.58648681640625,30.0,480.63016208552887,0.0,1,P01_GAMMA02_M014_04,P01_GAMMA02_M014_04,P01,M014,6327.15625,6334.71875,7.5625,7.309010066522589,2.0
E52_be69bdf55826f2eb34075d09,10.986789071366744,12.029424972929434,10.986789071366744,457.6877788138426,500.48965717077624,658.5642874860837,0.25604119113741575,0.009166666666666667,0.002310763888888889,0.2675186216929713,2.2924813783070292,0.9164004307209465,513.6225402832031,0.0,0.0,513.6225402832031,641.3225402832031,4939.232156145627,341.3225402832031,30.0,667.6877788138427,0.0,1,P01_GAMMA02_M014_04,P01_GAMMA02_M014_04,P01,M014,6327.15625,6334.71875,7.5625,8.986789071366744,2.0
E52_bfffb2993ede6e2e2bd9340b,15.997390604544506,13.053008949478723,13.053008949478723,400.85355156655817,436.85476820067277,585.6998033284289,0.22550922551216515,0.009166666666666667,0.002310763888888889,0.2369866560677207,2.32301334393228,0.9259416699788373,432.014599609375,0.0,0.0,432.014599609375,559.714599609375,4392.748524963216,275.29461669921875,30.0,610.8535515665582,0.0,1,P01_GAMMA02_M014_04,P01_GAMMA02_M014_04,P01,M014,6327.15625,6334.71875,7.5625,11.053008949478723,2.0
E52_c0294c7ff44d44fc4ede8d97,8.49699052446438,16.7256600789149,8.49699052446438,316.70783025924425,358.9570632507807,379.92026256926977,0.16644027302831577,0.009166666666666667,0.002310763888888889,0.17791770358387132,2.382082296416129,0.9444007176300402,506.9907958984375,0.0,0.0,506.9907958984375,634.6907958984375,2849.4019692695233,334.6907958984375,30.0,526.7078302592442,0.0,1,P01_GAMMA02_M014_04,P01_GAMMA02_M014_04,P01,M014,6327.15625,6334.71875,7.5625,6.49699052446438,2.0
E52_c10a50247c57c0340b451298,3.880132045687759,3.1495087650690863,3.1495087650690863,410.4813485396202,450.8988478275434,578.4577013517014,0.22790762835174688,0.009166666666666667,0.002310763888888889,0.23938505890730244,2.320614941092698,0.925192169091468,485.00999145507814,0.0,0.0,485.00999145507814,612.7099914550781,4338.432760137761,515.4917602539062,30.0,620.4813485396203,0.0,1,P01_GAMMA02_M014_04,P01_GAMMA02_M014_04,P01,M014,6327.15625,6334.71875,7.5625,1.1495087650690863,2.0
E52_c76d93c5902d0dc017f7065c,9.034494428592893,16.05706218628906,9.034494428592893,260.86241804033426,278.57034040361555,415.47730190098105,0.1516149798935124,0.009166666666666667,0.002310763888888889,0.16309241044906797,2.3969075895509326,0.9490336217346662,212.495068359375,0.0,0.0,212.495068359375,340.195068359375,3116.079764257358,277.91845703125,30.0,470.86241804033426,0.0,1,P01_GAMMA02_M014_04,P01_GAMMA02_M014_04,P01,M014,6327.15625,6334.71875,7.5625,7.034494428592893,2.0
E52_d22cbe82615c6d2ee0ebf49f,9.060291905557875,15.758568264926964,9.060291905557875,318.17309843891866,352.9726015110215,427.5491784452201,0.1737067461230003,0.009166666666666667,0.002310763888888889,0.18518417667855586,2.3748158233214447,0.9421299447879513,417.5940368652344,0.0,0.0,417.5940368652344,545.2940368652344,3206.618838339151,335.390380859375,30.0,528.1730984389187,0.0,1,P01_GAMMA02_M014_04,P01_GAMMA02_M014_04,P01,M014,6327.15625,6334.71875,7.5625,7.060291905557875,2.0
E52_dbec4f1422e98765afb262aa,7.4962979701921455,16.38523852602286,7.4962979701921455,322.5402116809159,364.1002534899979,395.72017250733956,0.1707521496628321,0.009166666666666667,0.002310763888888889,0.18222958021838764,2.377770419781613,0.9430532561817538,498.7205017089844,0.0,0.0,498.7205017089844,626.4205017089844,2967.901293805047,326.4205017089844,30.0,532.540211680916,0.0,1,P01_GAMMA02_M014_04,P01_GAMMA02_M014_04,P01,M014,6327.15625,6334.71875,7.5625,5.4962979701921455,2.0
E52_dc4c132291b7b9525a26c82f,9.045229302051254,16.290878065555617,9.045229302051254,256.41354735972715,274.49113296153376,404.3615811086144,0.14845852840407586,0.009166666666666667,0.002310763888888889,0.15993595895963142,2.400064041040369,0.9500200128251152,216.9310272216797,0.0,0.0,216.9310272216797,344.6310272216797,3032.711858314608,277.91845703125,30.0,466.41354735972715,0.0,1,P01_GAMMA02_M014_04,P01_GAMMA02_M014_04,P01,M014,6327.15625,6334.71875,7.5625,7.045229302051254,2.0
E52_de2c36302e014a6d0284c896,8.76592453793036,15.994052628622484,8.76592453793036,325.41177480357015,364.7238282296769,414.95122905049965,0.1744969638873427,0.009166666666666667,0.002310763888888889,0.18597439444289826,2.3740256055571023,0.9418830017365943,471.74464111328126,0.0,0.0,471.74464111328126,599.4446411132812,3112.134217878747,325.15069580078125,30.0,535.4117748035701,0.0,1,P01_GAMMA02_M014_04,P01_GAMMA02_M014_04,P01,M014,6327.15625,6334.71875,7.5625,6.76592453793036,2.0
E52_e0325aad0b87e7c07e10fc2c,8.863474560481976,5.987785159048158,5.987785159048158,275.1983248954777,294.96932963587483,418.60161500091635,0.15682137892336617,0.009166666666666667,0.002310763888888889,0.16829880947892173,2.3917011905210788,0.947406622037837,248.53977661132814,11.2877197265625,11.2877197265625,248.53977661132814,376.2397766113281,3139.5121125068727,326.2397766113281,30.0,485.1983248954777,0.0,1,P01_GAMMA02_M014_04,P01_GAMMA02_M014_04,P01,M014,6327.15625,6334.71875,7.5625,3.9877851590481583,2.0
E52_e0cd6bab1a22c4530d9a254c,7.550948979319074,6.471069764274475,6.471069764274475,260.0402116809159,280.7669201566646,395.72017250733956,0.14852449968212222,0.009166666666666667,0.002310763888888889,0.16000193023767778,2.3999980697623227,0.9499993968007256,248.7205017089844,0.0,0.0,248.7205017089844,376.4205017089844,2967.901293805047,326.4205017089844,30.0,470.0402116809159,0.0,1,P01_GAMMA02_M014_04,P01_GAMMA02_M014_04,P01,M014,6327.15625,6334.71875,7.5625,4.471069764274475,2.0
E52_ea76d341ab82f2ebc1fa1efe,8.823851827874478,6.056283714240493,6.056283714240493,275.41177480357015,298.05716156301025,414.95122905049965,0.15671484390277482,0.009166666666666667,0.002310763888888889,0.16819227445833038,2.3918077255416703,0.9474399142317718,271.74464111328126,0.0,0.0,271.74464111328126,399.44464111328125,3112.134217878747,325.15069580078125,30.0,485.41177480357015,0.0,1,P01_GAMMA02_M014_04,P01_GAMMA02_M014_04,P01,M014,6327.15625,6334.71875,7.5625,4.056283714240493,2.0
E52_eab18c460278cfbad2c20da0,10.382737507327846,7.760329046990023,7.760329046990023,212.31476099060268,226.15454090800176,341.5908424768108,0.12388533452538679,0.009166666666666667,0.002310763888888889,0.13536276508094236,2.424637234919058,0.9576991359122056,166.07735900878907,0.0,0.0,166.07735900878907,293.77735900878906,2561.931318576081,213.8477783203125,30.0,422.3147609906027,0.0,1,P01_GAMMA02_M014_04,P01_GAMMA02_M014_04,P01,M014,6327.15625,6334.71875,7.5625,5.760329046990023,2.0
E52_eddf192c3626d88d236d26e4,11.244769885034003,17.034187922993553,11.244769885034003,241.72684180786888,260.473536754158,370.9735139380034,0.13850678679446915,0.009166666666666667,0.002310763888888889,0.1499842173500247,2.410015782649976,0.9531299320781172,224.96033935546876,0.0,0.0,224.96033935546876,352.66033935546875,2782.3013545350254,199.07135009765625,30.0,451.7268418078689,0.0,1,P01_GAMMA02_M014_04,P01_GAMMA02_M014_04,P01,M014,6327.15625,6334.71875,7.5625,9.244769885034003,2.0
E52_f2fabdd802684ffd17ed2273,7.014512252235832,16.925225818485302,7.014512252235832,275.2104023505881,304.60508466259984,374.0527108291059,0.15085104647056902,0.009166666666666667,0.002310763888888889,0.16232847702612457,2.397671522973876,0.949272350929336,352.73618774414064,0.0,0.0,352.73618774414064,480.4361877441406,2805.395331218294,291.6474609375,30.0,485.2104023505881,0.0,1,P01_GAMMA02_M014_04,P01_GAMMA02_M014_04,P01,M014,6327.15625,6334.71875,7.5625,5.014512252235832,2.0
E52_fd527d975e1813662620f82c,11.694939959502747,12.45056667278017,11.694939959502747,418.2192341110554,452.9085204066283,628.3027504486734,0.23771876612520712,0.009166666666666667,0.002310763888888889,0.24919619668076268,2.3108038033192377,0.9221261885372617,416.271435546875,0.0,0.0,416.271435546875,543.971435546875,4712.2706283650505,306.8754577636719,30.0,628.2192341110554,0.0,1,P01_GAMMA02_M014_04,P01_GAMMA02_M014_04,P01,M014,6327.15625,6334.71875,7.5625,9.694939959502747,2.0
E52_831cee7e7a3a549796e42b18,7.088472280647139,10.042846261792022,7.088472280647139,524.445203057942,560.9167693217765,830.061008532876,0.3040708837654974,0.009166666666666667,0.002310763888888889,0.31554831432105296,2.2444516856789476,0.901391151774671,437.65879516601564,0.0,0.0,437.65879516601564,565.3587951660156,6225.457563996571,359.5916748046875,30.0,734.445203057942,0.0,1,P01_GAMMA02_M014_04,P01_GAMMA02_M014_04,P01,M014,6327.15625,6334.71875,7.5625,5.088472280647139,2.0
E52_d3460088443e86b69235cf2f,7.86488356236373,10.110906533633653,7.86488356236373,520.9986937965015,557.4049117530444,823.5600798537452,0.3019244763287566,0.009166666666666667,0.002310763888888889,0.31340190688431213,2.246598093115688,0.9020619040986525,436.87461547851564,0.0,0.0,436.87461547851564,564.5746154785156,6176.700598903089,276.8628845214844,30.0,730.9986937965015,0.0,1,P01_GAMMA02_M014_04,P01_GAMMA02_M014_04,P01,M014,6327.15625,6334.71875,7.5625,5.86488356236373,2.0
E52_c98d1e580ba9a8920eeacbdb,6.87588301312806,9.995636820319618,6.87588301312806,531.3190315479533,569.3529452238973,834.4345810402425,0.30713490815373307,0.009166666666666667,0.002310763888888889,0.3186123387092886,2.241387661290712,0.9004336441533474,456.40696411132814,0.0,0.0,456.40696411132814,584.1069641113281,6258.259357801819,362.73199462890625,30.0,741.3190315479533,0.0,1,P01_GAMMA02_M014_04,P01_GAMMA02_M014_04,P01,M014,6327.15625,6334.71875,7.5625,4.87588301312806,2.0
E52_413d3eff5d481ef66f8d3068,6.3361951578156095,9.493762996477216,6.3361951578156095,548.7789293194231,584.2784598573463,884.5606754113072,0.3204434082194385,0.009166666666666667,0.002310763888888889,0.33192083877499406,2.2280791612250064,0.8962747378828144,425.99436645507814,0.0,0.0,425.99436645507814,553.6943664550781,6634.205065584804,329.6845703125,30.0,758.7789293194231,0.0,1,P01_GAMMA02_M014_04,P01_GAMMA02_M014_04,P01,M014,6327.15625,6334.71875,7.5625,4.3361951578156095,2.0
E52_88c1c7aba1fcf94c58dad20e,6.345817210621959,9.497510042154289,6.345817210621959,536.2789293194231,567.6117931906797,884.5606754113072,0.3159978782232965,0.009166666666666667,0.002310763888888889,0.32747530877885206,2.2325246912211485,0.8976639660066087,375.99436645507814,0.0,0.0,375.99436645507814,503.6943664550781,6634.205065584804,329.6845703125,30.0,746.2789293194231,0.0,1,P01_GAMMA02_M014_04,P01_GAMMA02_M014_04,P01,M014,6327.15625,6334.71875,7.5625,4.345817210621959,2.0
E52_2e64690809088e2a96fb2160,6.353074996327592,9.500767968691491,6.353074996327592,523.7789293194231,550.945126524013,884.5606754113072,0.31155234822715455,0.009166666666666667,0.002310763888888889,0.3230297787827101,2.23697022121729,0.8990531941304031,325.99436645507814,0.0,0.0,325.99436645507814,453.6943664550781,6634.205065584804,329.6845703125,30.0,733.7789293194231,0.0,1,P01_GAMMA02_M014_04,P01_GAMMA02_M014_04,P01,M014,6327.15625,6334.71875,7.5625,4.353074996327592,2.0
E52_cdef0b479e00ae29ebd83132,4.026455683277405,10.01648148125875,4.026455683277405,520.0071121141804,554.5433095222207,832.7970397801186,0.3028799960747676,0.009166666666666667,0.002310763888888889,0.3143574266303232,2.245642573369677,0.901763304178024,414.4343688964844,0.0,0.0,414.4343688964844,542.1343688964844,6245.977798350889,297.6476745605469,30.0,730.0071121141804,0.0,1,P01_GAMMA02_M014_04,P01_GAMMA02_M014_04,P01,M014,6327.15625,6334.71875,7.5625,2.0264556832774048,2.0
E52_30110e5b3ae38ecfab28ace2,4.415540375653677,10.05954008012911,4.415540375653677,514.4106891471403,547.7506496268766,828.7816154158626,0.30032099335417484,0.009166666666666667,0.002310763888888889,0.3117984239097304,2.24820157609027,0.9025629925282093,400.07952575683595,0.0,0.0,400.07952575683595,527.7795257568359,6215.862115618969,313.0162353515625,30.0,724.4106891471403,0.0,1,P01_GAMMA02_M014_04,P01_GAMMA02_M014_04,P01,M014,6327.15625,6334.71875,7.5625,2.415540375653677,2.0
E52_1ef47ef68c1879e18ddbb164,3.240436896422551,9.684707827919368,3.240436896422551,525.9457118932837,556.9823492630754,865.6715995678175,0.30964781577290457,0.009166666666666667,0.32090972222222225,0.6397242046617935,1.920275795338207,0.8000861860431896,372.4396484375,0.0,0.0,372.4396484375,500.1396484375,6492.536996758631,304.7821350097656,30.0,735.9457118932837,0.0,1,P01_GAMMA02_M017_00,P01_GAMMA02_M017_00,P01,M017,2959.4375,4009.6875,1050.25,1.2404368964225512,2.0
E52_4513f74e4ba51c209cccc792,4.204693053895099,9.790974506635663,4.204693053895099,548.6050089915749,589.1156759023821,854.1460165183059,0.3160741321008959,0.009166666666666667,0.32090972222222225,0.6461505209897849,1.9138494790102156,0.7980779621906923,486.1280029296875,0.0,0.0,486.1280029296875,613.8280029296875,6406.095123887295,391.8226318359375,30.0,758.6050089915749,0.0,1,P01_GAMMA02_M017_00,P01_GAMMA02_M017_00,P01,M017,2959.4375,4009.6875,1050.25,2.204693053895099,2.0
E52_96da4f081c74d8211b4b244f,6.937264214523168,12.47027426673894,6.937264214523168,406.4445801679392,437.368205859671,627.3474061854878,0.23339590098708082,0.009166666666666667,0.32090972222222225,0.5634722898759698,1.9965277101240306,0.8239149094137594,371.08350830078126,0.0,0.0,371.08350830078126,498.78350830078125,4705.105546391158,251.37640380859375,30.0,616.4445801679392,0.0,1,P01_GAMMA02_M017_00,P01_GAMMA02_M017_00,P01,M017,2959.4375,4009.6875,1050.25,4.937264214523168,2.0
E52_bfffb2993ede6e2e2bd9340b,5.25975548786549,13.053008949478723,5.25975548786549,400.85355156655817,436.85476820067277,585.6998033284289,0.22550922551216515,0.009166666666666667,0.32090972222222225,0.555585614401054,2.0044143855989462,0.8263794954996706,432.014599609375,0.0,0.0,432.014599609375,559.714599609375,4392.748524963216,275.29461669921875,30.0,610.8535515665582,0.0,1,P01_GAMMA02_M017_00,P01_GAMMA02_M017_00,P01,M017,2959.4375,4009.6875,1050.25,3.2597554878654904,2.0
E52_831cee7e7a3a549796e42b18,2.595053298307789,10.042846261792022,2.595053298307789,524.445203057942,560.9167693217765,830.061008532876,0.3040708837654974,0.009166666666666667,0.32090972222222225,0.6341472726543863,1.9258527273456143,0.8018289772955043,437.65879516601564,0.0,0.0,437.65879516601564,565.3587951660156,6225.457563996571,359.5916748046875,30.0,734.445203057942,0.0,1,P01_GAMMA02_M017_00,P01_GAMMA02_M017_00,P01,M017,2959.4375,4009.6875,1050.25,0.5950532983077892,2.0
E52_d3460088443e86b69235cf2f,4.223741193653922,10.110906533633653,4.223741193653922,520.9986937965015,557.4049117530444,823.5600798537452,0.3019244763287566,0.009166666666666667,0.32090972222222225,0.6320008652176454,1.927999134782355,0.8024997296194858,436.87461547851564,0.0,0.0,436.87461547851564,564.5746154785156,6176.700598903089,276.8628845214844,30.0,730.9986937965015,0.0,1,P01_GAMMA02_M017_00,P01_GAMMA02_M017_00,P01,M017,2959.4375,4009.6875,1050.25,2.2237411936539218,2.0
E52_c98d1e580ba9a8920eeacbdb,2.3750792528131655,9.995636820319618,2.3750792528131655,531.3190315479533,569.3529452238973,834.4345810402425,0.30713490815373307,0.009166666666666667,0.32090972222222225,0.637211297042622,1.9227887029573785,0.8008714696741807,456.40696411132814,0.0,0.0,456.40696411132814,584.1069641113281,6258.259357801819,362.73199462890625,30.0,741.3190315479533,0.0,1,P01_GAMMA02_M017_00,P01_GAMMA02_M017_00,P01,M017,2959.4375,4009.6875,1050.25,0.37507925281316545,2.0
E52_413d3eff5d481ef66f8d3068,4.346600848508089,9.493762996477216,4.346600848508089,548.7789293194231,584.2784598573463,884.5606754113072,0.3204434082194385,0.009166666666666667,0.32090972222222225,0.6505197971083274,1.909480202891673,0.7967125634036477,425.99436645507814,0.0,0.0,425.99436645507814,553.6943664550781,6634.205065584804,329.6845703125,30.0,758.7789293194231,0.0,1,P01_GAMMA02_M017_00,P01_GAMMA02_M017_00,P01,M017,2959.4375,4009.6875,1050.25,2.346600848508089,2.0
E52_88c1c7aba1fcf94c58dad20e,4.353209405012322,9.497510042154289,4.353209405012322,536.2789293194231,567.6117931906797,884.5606754113072,0.3159978782232965,0.009166666666666667,0.32090972222222225,0.6460742671121854,1.9139257328878152,0.7981017915274421,375.99436645507814,0.0,0.0,375.99436645507814,503.6943664550781,6634.205065584804,329.6845703125,30.0,746.2789293194231,0.0,1,P01_GAMMA02_M017_00,P01_GAMMA02_M017_00,P01,M017,2959.4375,4009.6875,1050.25,2.353209405012322,2.0
E52_2e64690809088e2a96fb2160,4.358321133544678,9.500767968691491,4.358321133544678,523.7789293194231,550.945126524013,884.5606754113072,0.31155234822715455,0.009166666666666667,0.32090972222222225,0.6416287371160434,1.918371262883957,0.7994910196512365,325.99436645507814,0.0,0.0,325.99436645507814,453.6943664550781,6634.205065584804,329.6845703125,30.0,733.7789293194231,0.0,1,P01_GAMMA02_M017_00,P01_GAMMA02_M017_00,P01,M017,2959.4375,4009.6875,1050.25,2.3583211335446777,2.0
E52_cdef0b479e00ae29ebd83132,5.6859017886489625,10.01648148125875,5.6859017886489625,520.0071121141804,554.5433095222207,832.7970397801186,0.3028799960747676,0.009166666666666667,0.32090972222222225,0.6329563849636566,1.927043615036344,0.8022011296988574,414.4343688964844,0.0,0.0,414.4343688964844,542.1343688964844,6245.977798350889,297.6476745605469,30.0,730.0071121141804,0.0,1,P01_GAMMA02_M017_00,P01_GAMMA02_M017_00,P01,M017,2959.4375,4009.6875,1050.25,3.6859017886489625,2.0
E52_30110e5b3ae38ecfab28ace2,5.88656039171893,10.05954008012911,5.88656039171893,514.4106891471403,547.7506496268766,828.7816154158626,0.30032099335417484,0.009166666666666667,0.32090972222222225,0.6303973822430637,1.9296026177569368,0.8030008180490426,400.07952575683595,0.0,0.0,400.07952575683595,527.7795257568359,6215.862115618969,313.0162353515625,30.0,724.4106891471403,0.0,1,P01_GAMMA02_M017_00,P01_GAMMA02_M017_00,P01,M017,2959.4375,4009.6875,1050.25,3.8865603917189304,2.0
E52_189eb019491ad876aa165071,4.910998135102375,3.8094716871601975,3.8094716871601975,403.09916814168594,448.35288467407526,534.676037089036,0.21908171065325852,0.009166666666666667,0.31643142361111115,0.5446798009310363,2.015320199068964,0.8297875622090511,543.0445983886718,0.0,0.0,543.0445983886718,670.7445983886719,4010.07027816777,391.87322998046875,30.0,613.0991681416859,0.0,1,P01_GAMMA02_M019_00,P01_GAMMA02_M019_00,P01,M019,5169.25,6204.84375,1035.59375,1.8094716871601975,2.0
E52_246111a1ef063bec9e89ec9e,6.759696504692187,13.03223549741864,6.759696504692187,413.11352328410356,453.07003166626504,586.4879962752384,0.22998101771643822,0.009166666666666667,0.31643142361111115,0.5555791079942161,2.0044208920057844,0.8263815287518075,479.4781005859375,0.0,0.0,479.4781005859375,607.1781005859375,4398.659972064288,469.28277587890625,30.0,623.1135232841036,0.0,1,P01_GAMMA02_M019_00,P01_GAMMA02_M019_00,P01,M019,5169.25,6204.84375,1035.59375,4.759696504692187,2.0
E52_347c51b45a583dd4c5a4aad0,8.389007974607878,10.359339260709504,8.389007974607878,545.8106765870443,594.6474365357748,798.6007934817058,0.3072138543106079,0.009166666666666667,0.31643142361111115,0.6328119445883857,1.9271880554116148,0.8022462673161295,586.0411193847656,0.0,0.0,586.0411193847656,713.7411193847656,5989.505951112793,425.30462646484375,30.0,755.8106765870443,0.0,1,P01_GAMMA02_M019_00,P01_GAMMA02_M019_00,P01,M019,5169.25,6204.84375,1035.59375,6.389007974607878,2.0
E52_47db2d0d55c92154c779a4c9,3.0205906267075733,16.45726286038159,3.0205906267075733,312.62709924858126,351.3219092257948,393.08533863388124,0.16685347284684848,0.009166666666666667,0.31643142361111115,0.4924515631246263,2.067548436875374,0.8461088865235543,464.3377197265625,0.0,0.0,464.3377197265625,592.0377197265625,2948.1400397541092,295.61395263671875,30.0,522.6270992485813,0.0,1,P01_GAMMA02_M019_00,P01_GAMMA02_M019_00,P01,M019,5169.25,6204.84375,1035.59375,1.0205906267075733,2.0
E52_6dc095df8eb6475486134b5c,6.915729524772303,12.905188948092743,6.915729524772303,424.06014837873875,466.2734748964797,594.8403376510322,0.23505698741925235,0.009166666666666667,0.31643142361111115,0.5606550776970302,1.9993449223029702,0.8247952882196781,506.55991821289064,0.0,0.0,506.55991821289064,634.2599182128906,4461.302532382741,440.2059631347656,30.0,634.0601483787387,0.0,1,P01_GAMMA02_M019_00,P01_GAMMA02_M019_00,P01,M019,5169.25,6204.84375,1035.59375,4.915729524772303,2.0
E52_82c821a5773d0bfbe554f10a,3.9055423871373875,11.397135806608844,3.9055423871373875,512.9354114719376,566.0737563002253,707.0407539741487,0.2825549862639304,0.009166666666666667,0.31643142361111115,0.6081530765417082,1.9518469234582922,0.8099521635807162,637.6601379394531,0.0,0.0,637.6601379394531,765.3601379394531,5302.805654806116,465.3601379394531,30.0,722.9354114719376,0.0,1,P01_GAMMA02_M019_00,P01_GAMMA02_M019_00,P01,M019,5169.25,6204.84375,1035.59375,1.9055423871373875,2.0
E52_be69bdf55826f2eb34075d09,2.1858471240912536,12.029424972929434,2.1858471240912536,457.6877788138426,500.48965717077624,658.5642874860837,0.25604119113741575,0.009166666666666667,0.31643142361111115,0.5816392814151936,1.9783607185848069,0.818237724557752,513.6225402832031,0.0,0.0,513.6225402832031,641.3225402832031,4939.232156145627,341.3225402832031,30.0,667.6877788138427,0.0,1,P01_GAMMA02_M019_00,P01_GAMMA02_M019_00,P01,M019,5169.25,6204.84375,1035.59375,0.1858471240912536,2.0
E52_c10a50247c57c0340b451298,6.585315506004903,3.1495087650690863,3.1495087650690863,410.4813485396202,450.8988478275434,578.4577013517014,0.22790762835174688,0.009166666666666667,0.31643142361111115,0.5535057186295247,2.006494281370476,0.8270294629282735,485.00999145507814,0.0,0.0,485.00999145507814,612.7099914550781,4338.432760137761,515.4917602539062,30.0,620.4813485396203,0.0,1,P01_GAMMA02_M019_00,P01_GAMMA02_M019_00,P01,M019,5169.25,6204.84375,1035.59375,1.1495087650690863,2.0
E52_06eb0baa948af7ff52881bcf,11.34921240453653,16.258674653736037,11.34921240453653,296.7597053393259,328.36499963050426,403.88764493158146,0.16274021246714285,0.009166666666666667,0.1391328125,0.3110396916338095,2.248960308366191,0.9028000963644345,379.26353149414064,0.0,0.0,379.26353149414064,506.9635314941406,3029.157336986861,306.9635314941406,30.0,506.7597053393259,0.0,1,P01_GAMMA02_M020_00,P01_GAMMA02_M020_00,P01,M020,2484.75,2940.09375,455.34375,9.34921240453653,2.0
E52_0c9d91fc306062a18ada9948,10.190425106668542,15.697900697510477,10.190425106668542,331.42241999480143,370.2725110389095,429.7442937249544,0.1787296459836012,0.009166666666666667,0.1391328125,0.32702912515026783,2.2329708748497326,0.8978033983905414,466.2010925292969,0.0,0.0,466.2010925292969,593.9010925292969,3223.082202937158,326.7436828613281,30.0,541.4224199948014,0.0,1,P01_GAMMA02_M020_00,P01_GAMMA02_M020_00,P01,M020,2484.75,2940.09375,455.34375,8.190425106668542,2.0
E52_189eb019491ad876aa165071,14.62560917721207,3.8094716871601975,3.8094716871601975,403.09916814168594,448.35288467407526,534.676037089036,0.21908171065325852,0.009166666666666667,0.1391328125,0.3673811898199252,2.1926188101800754,0.8851933781812734,543.0445983886718,0.0,0.0,543.0445983886718,670.7445983886719,4010.07027816777,391.87322998046875,30.0,613.0991681416859,0.0,1,P01_GAMMA02_M020_00,P01_GAMMA02_M020_00,P01,M020,2484.75,2940.09375,455.34375,1.8094716871601975,2.0
E52_214ce9a3b3bd3fa9c582335a,9.466834534918547,15.138353346483314,9.466834534918547,331.46735474952504,365.31699057309277,459.8368945576438,0.1830074384559416,0.009166666666666667,0.1391328125,0.3313069176226083,2.2286930823773923,0.8964665882429349,406.1956298828125,0.0,0.0,406.1956298828125,533.8956298828125,3448.7767091823284,283.8956298828125,30.0,541.467354749525,0.0,1,P01_GAMMA02_M020_00,P01_GAMMA02_M020_00,P01,M020,2484.75,2940.09375,455.34375,7.466834534918547,2.0
E52_231555d7070bcf1a0911e332,10.270015299215657,5.981962334569488,5.981962334569488,303.4113952968874,335.0249979987103,417.14117438283733,0.1669828432889251,0.009166666666666667,0.1391328125,0.31528232245559173,2.2447176775444087,0.9014742742326276,379.363232421875,0.0,0.0,379.363232421875,507.063232421875,3128.55880787128,326.2397766113281,30.0,513.4113952968873,0.0,1,P01_GAMMA02_M020_00,P01_GAMMA02_M020_00,P01,M020,2484.75,2940.09375,455.34375,3.981962334569488,2.0
E52_246111a1ef063bec9e89ec9e,19.408171093962338,13.03223549741864,13.03223549741864,413.11352328410356,453.07003166626504,586.4879962752384,0.22998101771643822,0.009166666666666667,0.1391328125,0.3782804968831049,2.1817195031168954,0.8817873447240298,479.4781005859375,0.0,0.0,479.4781005859375,607.1781005859375,4398.659972064288,469.28277587890625,30.0,623.1135232841036,0.0,1,P01_GAMMA02_M020_00,P01_GAMMA02_M020_00,P01,M020,2484.75,2940.09375,455.34375,11.03223549741864,2.0
E52_27bf01e9e990859ae5993708,10.242823238504869,15.932490639468014,10.242823238504869,318.6138217216496,355.0514931287134,418.60161500091635,0.17259630304263499,0.009166666666666667,0.1391328125,0.32089578220930165,2.239104217790699,0.8997200680595933,437.25205688476564,0.0,0.0,437.25205688476564,564.9520568847656,3139.5121125068727,326.2397766113281,30.0,528.6138217216496,0.0,1,P01_GAMMA02_M020_00,P01_GAMMA02_M020_00,P01,M020,2484.75,2940.09375,455.34375,8.242823238504869,2.0
E52_27fdcb9bc2da20af468e67a1,9.646877129001766,15.630401191469062,9.646877129001766,333.5201066466774,372.5049327982074,433.1312563841751,0.1799553449394086,0.009166666666666667,0.1391328125,0.32825482410607526,2.2317451758939253,0.8974203674668515,467.8179138183594,0.0,0.0,467.8179138183594,595.5179138183594,3248.4844228813135,322.1230773925781,30.0,543.5201066466774,0.0,1,P01_GAMMA02_M020_00,P01_GAMMA02_M020_00,P01,M020,2484.75,2940.09375,455.34375,7.646877129001766,2.0
E52_347c51b45a583dd4c5a4aad0,8.817884444499668,10.359339260709504,8.817884444499668,545.8106765870443,594.6474365357748,798.6007934817058,0.3072138543106079,0.009166666666666667,0.1391328125,0.4555133334772745,2.104486666522726,0.8576520832883517,586.0411193847656,0.0,0.0,586.0411193847656,713.7411193847656,5989.505951112793,425.30462646484375,30.0,755.8106765870443,0.0,1,P01_GAMMA02_M020_00,P01_GAMMA02_M020_00,P01,M020,2484.75,2940.09375,455.34375,6.8178844444996685,2.0
E52_47db2d0d55c92154c779a4c9,11.176286595238821,16.45726286038159,11.176286595238821,312.62709924858126,351.3219092257948,393.08533863388124,0.16685347284684848,0.009166666666666667,0.1391328125,0.3151529520135151,2.2448470479864855,0.9015147024957766,464.3377197265625,0.0,0.0,464.3377197265625,592.0377197265625,2948.1400397541092,295.61395263671875,30.0,522.6270992485813,0.0,1,P01_GAMMA02_M020_00,P01_GAMMA02_M020_00,P01,M020,2484.75,2940.09375,455.34375,9.176286595238821,2.0
E52_6dc095df8eb6475486134b5c,18.584796348792153,12.905188948092743,12.905188948092743,424.06014837873875,466.2734748964797,594.8403376510322,0.23505698741925235,0.009166666666666667,0.1391328125,0.38335646658591904,2.1766435334140812,0.8802011041919003,506.55991821289064,0.0,0.0,506.55991821289064,634.2599182128906,4461.302532382741,440.2059631347656,30.0,634.0601483787387,0.0,1,P01_GAMMA02_M020_00,P01_GAMMA02_M020_00,P01,M020,2484.75,2940.09375,455.34375,10.905188948092743,2.0
E52_73baea82bbbffa2db9d7426a,10.241631917232525,5.711384152670419,5.711384152670419,297.3854850658978,324.64222792478455,431.2305129784753,0.16683515196021612,0.009166666666666667,0.1391328125,0.3151346311268828,2.2448653688731177,0.9015204277728491,327.08091430664064,0.0,0.0,327.08091430664064,454.7809143066406,3234.2288473385647,335.390380859375,30.0,507.3854850658978,0.0,1,P01_GAMMA02_M020_00,P01_GAMMA02_M020_00,P01,M020,2484.75,2940.09375,455.34375,3.711384152670419,2.0
E52_82c821a5773d0bfbe554f10a,6.8867322740928785,11.397135806608844,6.8867322740928785,512.9354114719376,566.0737563002253,707.0407539741487,0.2825549862639304,0.009166666666666667,0.1391328125,0.430854465430597,2.1291455345694033,0.8653579795529385,637.6601379394531,0.0,0.0,637.6601379394531,765.3601379394531,5302.805654806116,465.3601379394531,30.0,722.9354114719376,0.0,1,P01_GAMMA02_M020_00,P01_GAMMA02_M020_00,P01,M020,2484.75,2940.09375,455.34375,4.8867322740928785,2.0
E52_8ca7795ffa642a3b129c0a3d,10.116181077439208,15.730152054416479,10.116181077439208,330.94608252023,369.9122522589995,428.0951466078428,0.17832668261553564,0.009166666666666667,0.1391328125,0.3266261617822023,2.233373838217798,0.8979293244430618,467.5940368652344,0.0,0.0,467.5940368652344,595.2940368652344,3210.713599558821,335.390380859375,30.0,540.94608252023,0.0,1,P01_GAMMA02_M020_00,P01_GAMMA02_M020_00,P01,M020,2484.75,2940.09375,455.34375,8.116181077439208,2.0
E52_b60e4d2a4cdcd5801a5d757f,9.6910339592972,16.480566458341656,9.6910339592972,308.26023760270465,345.626388522301,392.32356968783114,0.16519254750221457,0.009166666666666667,0.1391328125,0.3134920266688812,2.246507973331119,0.9020337416659746,448.39381103515626,0.0,0.0,448.39381103515626,576.0938110351562,2942.4267726587336,326.2397766113281,30.0,518.2602376027046,0.0,1,P01_GAMMA02_M020_00,P01_GAMMA02_M020_00,P01,M020,2484.75,2940.09375,455.34375,7.691033959297201,2.0
E52_c0294c7ff44d44fc4ede8d97,9.63131941890856,16.7256600789149,9.63131941890856,316.70783025924425,358.9570632507807,379.92026256926977,0.16644027302831577,0.009166666666666667,0.1391328125,0.3147397521949824,2.2452602478050183,0.901643827439068,506.9907958984375,0.0,0.0,506.9907958984375,634.6907958984375,2849.4019692695233,334.6907958984375,30.0,526.7078302592442,0.0,1,P01_GAMMA02_M020_00,P01_GAMMA02_M020_00,P01,M020,2484.75,2940.09375,455.34375,7.631319418908561,2.0
E52_c10a50247c57c0340b451298,20.00244286748969,3.1495087650690863,3.1495087650690863,410.4813485396202,450.8988478275434,578.4577013517014,0.22790762835174688,0.009166666666666667,0.1391328125,0.3762071075184136,2.183792892481587,0.8824352789004958,485.00999145507814,0.0,0.0,485.00999145507814,612.7099914550781,4338.432760137761,515.4917602539062,30.0,620.4813485396203,0.0,1,P01_GAMMA02_M020_00,P01_GAMMA02_M020_00,P01,M020,2484.75,2940.09375,455.34375,1.1495087650690863,2.0
E52_d22cbe82615c6d2ee0ebf49f,10.18232641347295,15.758568264926964,10.18232641347295,318.17309843891866,352.9726015110215,427.5491784452201,0.1737067461230003,0.009166666666666667,0.1391328125,0.32200622528966694,2.2379937747103336,0.8993730545969791,417.5940368652344,0.0,0.0,417.5940368652344,545.2940368652344,3206.618838339151,335.390380859375,30.0,528.1730984389187,0.0,1,P01_GAMMA02_M020_00,P01_GAMMA02_M020_00,P01,M020,2484.75,2940.09375,455.34375,8.18232641347295,2.0
E52_dbec4f1422e98765afb262aa,10.873853311460351,16.38523852602286,10.873853311460351,322.5402116809159,364.1002534899979,395.72017250733956,0.1707521496628321,0.009166666666666667,0.1391328125,0.3190516288294988,2.240948371170502,0.9002963659907817,498.7205017089844,0.0,0.0,498.7205017089844,626.4205017089844,2967.901293805047,326.4205017089844,30.0,532.540211680916,0.0,1,P01_GAMMA02_M020_00,P01_GAMMA02_M020_00,P01,M020,2484.75,2940.09375,455.34375,8.873853311460351,2.0
E52_de2c36302e014a6d0284c896,10.188846349369086,15.994052628622484,10.188846349369086,325.41177480357015,364.7238282296769,414.95122905049965,0.1744969638873427,0.009166666666666667,0.1391328125,0.32279644305400934,2.237203556945991,0.899126111545622,471.74464111328126,0.0,0.0,471.74464111328126,599.4446411132812,3112.134217878747,325.15069580078125,30.0,535.4117748035701,0.0,1,P01_GAMMA02_M020_00,P01_GAMMA02_M020_00,P01,M020,2484.75,2940.09375,455.34375,8.188846349369086,2.0
E52_413d3eff5d481ef66f8d3068,14.7340595021183,9.493762996477216,9.493762996477216,548.7789293194231,584.2784598573463,884.5606754113072,0.3204434082194385,0.009166666666666667,0.23603211805555557,0.5656421929416607,1.9943578070583396,0.8232368147057311,425.99436645507814,0.0,0.0,425.99436645507814,553.6943664550781,6634.205065584804,329.6845703125,30.0,758.7789293194231,0.0,1,P01_GAMMA02_M021_00,P01_GAMMA02_M021_00,P01,M021,5312.65625,6085.125,772.46875,7.493762996477216,2.0
E52_88c1c7aba1fcf94c58dad20e,14.777134584279281,9.497510042154289,9.497510042154289,536.2789293194231,567.6117931906797,884.5606754113072,0.3159978782232965,0.009166666666666667,0.23603211805555557,0.5611966629455187,1.9988033370544818,0.8246260428295253,375.99436645507814,0.0,0.0,375.99436645507814,503.6943664550781,6634.205065584804,329.6845703125,30.0,746.2789293194231,0.0,1,P01_GAMMA02_M021_00,P01_GAMMA02_M021_00,P01,M021,5312.65625,6085.125,772.46875,7.497510042154289,2.0
E52_2e64690809088e2a96fb2160,14.803914714929519,9.500767968691491,9.500767968691491,523.7789293194231,550.945126524013,884.5606754113072,0.31155234822715455,0.009166666666666667,0.23603211805555557,0.5567511329493768,2.0032488670506234,0.8260152709533197,325.99436645507814,0.0,0.0,325.99436645507814,453.6943664550781,6634.205065584804,329.6845703125,30.0,733.7789293194231,0.0,1,P01_GAMMA02_M021_00,P01_GAMMA02_M021_00,P01,M021,5312.65625,6085.125,772.46875,7.500767968691491,2.0
E52_cdef0b479e00ae29ebd83132,4.640389078516122,10.01648148125875,4.640389078516122,520.0071121141804,554.5433095222207,832.7970397801186,0.3028799960747676,0.009166666666666667,0.23603211805555557,0.5480787807969898,2.0119212192030105,0.8287253810009407,414.4343688964844,0.0,0.0,414.4343688964844,542.1343688964844,6245.977798350889,297.6476745605469,30.0,730.0071121141804,0.0,1,P01_GAMMA02_M021_00,P01_GAMMA02_M021_00,P01,M021,5312.65625,6085.125,772.46875,2.6403890785161224,2.0
E52_30110e5b3ae38ecfab28ace2,5.268987734543231,10.05954008012911,5.268987734543231,514.4106891471403,547.7506496268766,828.7816154158626,0.30032099335417484,0.009166666666666667,0.23603211805555557,0.5455197780763971,2.0144802219236033,0.8295250693511259,400.07952575683595,0.0,0.0,400.07952575683595,527.7795257568359,6215.862115618969,313.0162353515625,30.0,724.4106891471403,0.0,1,P01_GAMMA02_M021_00,P01_GAMMA02_M021_00,P01,M021,5312.65625,6085.125,772.46875,3.2689877345432308,2.0
E52_01234cac2d25748209cb57e8,8.915601348746705,5.963634638729843,5.963634638729843,275.78386787661753,295.55487261701467,419.772700963196,0.15719547582798327,0.009166666666666667,0.002301215277777778,0.1686633577724277,2.391336642227573,0.9472927006961164,248.53977661132814,11.2877197265625,11.2877197265625,248.53977661132814,376.2397766113281,3148.2952572239697,326.2397766113281,30.0,485.78386787661753,0.0,1,P01_GAMMA02_M022_00,P01_GAMMA02_M022_00,P01,M022,7332.625,7340.15625,7.53125,3.963634638729843,2.0
E52_06eb0baa948af7ff52881bcf,7.336535169768808,16.258674653736037,7.336535169768808,296.7597053393259,328.36499963050426,403.88764493158146,0.16274021246714285,0.009166666666666667,0.002301215277777778,0.17420809441158727,2.3857919055884134,0.945559970496379,379.26353149414064,0.0,0.0,379.26353149414064,506.9635314941406,3029.157336986861,306.9635314941406,30.0,506.7597053393259,0.0,1,P01_GAMMA02_M022_00,P01_GAMMA02_M022_00,P01,M022,7332.625,7340.15625,7.53125,5.336535169768808,2.0
E52_0c9d91fc306062a18ada9948,9.041988128034234,15.697900697510477,9.041988128034234,331.42241999480143,370.2725110389095,429.7442937249544,0.1787296459836012,0.009166666666666667,0.002301215277777778,0.19019752792804562,2.369802472071955,0.9405632725224857,466.2010925292969,0.0,0.0,466.2010925292969,593.9010925292969,3223.082202937158,326.7436828613281,30.0,541.4224199948014,0.0,1,P01_GAMMA02_M022_00,P01_GAMMA02_M022_00,P01,M022,7332.625,7340.15625,7.53125,7.041988128034234,2.0
E52_189eb019491ad876aa165071,6.697225761446134,3.8094716871601975,3.8094716871601975,403.09916814168594,448.35288467407526,534.676037089036,0.21908171065325852,0.009166666666666667,0.002301215277777778,0.23054959259770294,2.3294504074022977,0.9279532523132178,543.0445983886718,0.0,0.0,543.0445983886718,670.7445983886719,4010.07027816777,391.87322998046875,30.0,613.0991681416859,0.0,1,P01_GAMMA02_M022_00,P01_GAMMA02_M022_00,P01,M022,7332.625,7340.15625,7.53125,1.8094716871601975,2.0
E52_1eac4bbcd37cec5d48241661,8.875096977550953,6.04580255430777,6.04580255430777,275.66392246828667,298.30930922772677,415.4555243799327,0.1568759382441215,0.009166666666666667,0.002301215277777778,0.16834382018856592,2.3916561798114344,0.9473925561910732,271.74464111328126,0.0,0.0,271.74464111328126,399.44464111328125,3115.9164328494953,326.2397766113281,30.0,485.66392246828667,0.0,1,P01_GAMMA02_M022_00,P01_GAMMA02_M022_00,P01,M022,7332.625,7340.15625,7.53125,4.04580255430777,2.0
E52_1ef47ef68c1879e18ddbb164,6.653147496548115,9.684707827919368,6.653147496548115,525.9457118932837,556.9823492630754,865.6715995678175,0.30964781577290457,0.009166666666666667,0.002301215277777778,0.321115697717349,2.2388843022826515,0.8996513444633285,372.4396484375,0.0,0.0,372.4396484375,500.1396484375,6492.536996758631,304.7821350097656,30.0,735.9457118932837,0.0,1,P01_GAMMA02_M022_00,P01_GAMMA02_M022_00,P01,M022,7332.625,7340.15625,7.53125,4.653147496548115,2.0
E52_214ce9a3b3bd3fa9c582335a,10.232983369983728,15.138353346483314,10.232983369983728,331.46735474952504,365.31699057309277,459.8368945576438,0.1830074384559416,0.009166666666666667,0.002301215277777778,0.19447532040038604,2.3655246795996145,0.9392264623748794,406.1956298828125,0.0,0.0,406.1956298828125,533.8956298828125,3448.7767091823284,283.8956298828125,30.0,541.467354749525,0.0,1,P01_GAMMA02_M022_00,P01_GAMMA02_M022_00,P01,M022,7332.625,7340.15625,7.53125,8.232983369983728,2.0
E52_231555d7070bcf1a0911e332,8.806265527738915,5.981962334569488,5.981962334569488,303.4113952968874,335.0249979987103,417.14117438283733,0.1669828432889251,0.009166666666666667,0.002301215277777778,0.17845072523336952,2.381549274766631,0.944234148364572,379.363232421875,0.0,0.0,379.363232421875,507.063232421875,3128.55880787128,326.2397766113281,30.0,513.4113952968873,0.0,1,P01_GAMMA02_M022_00,P01_GAMMA02_M022_00,P01,M022,7332.625,7340.15625,7.53125,3.981962334569488,2.0
E52_246111a1ef063bec9e89ec9e,3.986623707779728,13.03223549741864,3.986623707779728,413.11352328410356,453.07003166626504,586.4879962752384,0.22998101771643822,0.009166666666666667,0.002301215277777778,0.24144889966088265,2.3185511003391177,0.9245472188559741,479.4781005859375,0.0,0.0,479.4781005859375,607.1781005859375,4398.659972064288,469.28277587890625,30.0,623.1135232841036,0.0,1,P01_GAMMA02_M022_00,P01_GAMMA02_M022_00,P01,M022,7332.625,7340.15625,7.53125,1.986623707779728,2.0
E52_24db349315b2a6b84dd4215d,9.742266949613409,5.686957833295324,5.686957833295324,283.5201066466774,305.8382661315407,433.1312563841751,0.1621732249548407,0.009166666666666667,0.002301215277777778,0.17364110689928514,2.3863588931007156,0.9457371540939734,267.8179138183594,0.0,0.0,267.8179138183594,395.5179138183594,3248.4844228813135,322.1230773925781,30.0,493.5201066466774,0.0,1,P01_GAMMA02_M022_00,P01_GAMMA02_M022_00,P01,M022,7332.625,7340.15625,7.53125,3.686957833295324,2.0
E52_27bf01e9e990859ae5993708,8.816681621554025,15.932490639468014,8.816681621554025,318.6138217216496,355.0514931287134,418.60161500091635,0.17259630304263499,0.009166666666666667,0.002301215277777778,0.1840641849870794,2.3759358150129213,0.9424799421915377,437.25205688476564,0.0,0.0,437.25205688476564,564.9520568847656,3139.5121125068727,326.2397766113281,30.0,528.6138217216496,0.0,1,P01_GAMMA02_M022_00,P01_GAMMA02_M022_00,P01,M022,7332.625,7340.15625,7.53125,6.816681621554025,2.0
E52_27fdcb9bc2da20af468e67a1,9.67241829949974,15.630401191469062,9.67241829949974,333.5201066466774,372.5049327982074,433.1312563841751,0.1799553449394086,0.009166666666666667,0.002301215277777778,0.19142322688385302,2.3685767731161476,0.940180241598796,467.8179138183594,0.0,0.0,467.8179138183594,595.5179138183594,3248.4844228813135,322.1230773925781,30.0,543.5201066466774,0.0,1,P01_GAMMA02_M022_00,P01_GAMMA02_M022_00,P01,M022,7332.625,7340.15625,7.53125,7.672418299499739,2.0
E52_2cea01313b8862fcfb6b2e63,16.104954111759938,16.460055432828085,16.104954111759938,259.5957489704318,280.08528245838755,396.2542970131293,0.148442074342722,0.009166666666666667,0.002301215277777778,0.15990995628716642,2.400090043712834,0.9500281386602605,245.87440185546876,0.0,0.0,245.87440185546876,373.57440185546875,2971.90722759847,231.8917236328125,30.0,469.5957489704318,0.0,1,P01_GAMMA02_M022_00,P01_GAMMA02_M022_00,P01,M022,7332.625,7340.15625,7.53125,14.104954111759938,2.0
E52_326bd9096774308657b14836,8.569282936889422,6.820761438549596,6.820761438549596,254.20783025924425,275.6237299174474,379.92026256926977,0.1442126230476059,0.009166666666666667,0.002301215277777778,0.15568050499205033,2.4043194950079503,0.9513498421899843,256.9907958984375,0.0,0.0,256.9907958984375,384.6907958984375,2849.4019692695233,334.6907958984375,30.0,464.20783025924425,0.0,1,P01_GAMMA02_M022_00,P01_GAMMA02_M022_00,P01,M022,7332.625,7340.15625,7.53125,4.820761438549596,2.0
E52_437c6a333219b14c3939f26c,8.832944371103011,6.0194831627628105,6.0194831627628105,277.09771274073506,296.211315442558,417.14117438283733,0.1570562493971614,0.009166666666666667,0.002301215277777778,0.16852413134160582,2.391475868658395,0.9473362089557482,248.53977661132814,19.176544189453125,19.176544189453125,248.53977661132814,376.2397766113281,3128.55880787128,326.2397766113281,30.0,487.09771274073506,0.0,1,P01_GAMMA02_M022_00,P01_GAMMA02_M022_00,P01,M022,7332.625,7340.15625,7.53125,4.0194831627628105,2.0
E52_44ed69e1d99dc074a7941a18,11.959290496816479,8.900383690419545,8.900383690419545,188.27556058823757,199.0276355292369,299.7078152072368,0.1090911242968749,0.009166666666666667,0.002301215277777778,0.12055900624131935,2.439440993758681,0.9623253105495877,139.59420471191407,10.569305419921875,10.569305419921875,139.59420471191407,267.29420471191406,2247.808614054276,217.29420471191406,30.0,398.27556058823757,0.0,1,P01_GAMMA02_M022_00,P01_GAMMA02_M022_00,P01,M022,7332.625,7340.15625,7.53125,6.900383690419545,2.0
E52_47db2d0d55c92154c779a4c9,7.066115527253302,16.45726286038159,7.066115527253302,312.62709924858126,351.3219092257948,393.08533863388124,0.16685347284684848,0.009166666666666667,0.002301215277777778,0.1783213547912929,2.3816786452087078,0.944274576627721,464.3377197265625,0.0,0.0,464.3377197265625,592.0377197265625,2948.1400397541092,295.61395263671875,30.0,522.6270992485813,0.0,1,P01_GAMMA02_M022_00,P01_GAMMA02_M022_00,P01,M022,7332.625,7340.15625,7.53125,5.066115527253302,2.0
E52_4cf0fac9feb721651efb2830,13.38133818154759,17.82597875173802,13.38133818154759,242.69354898018014,267.32891198677197,337.5749199208095,0.13412057160327687,0.009166666666666667,0.002301215277777778,0.1455884535477213,2.4144115464522793,0.9545036082663371,295.6243560791016,0.0,0.0,295.6243560791016,423.32435607910156,2531.8118994060715,217.31182861328125,30.0,452.69354898018014,0.0,1,P01_GAMMA02_M022_00,P01_GAMMA02_M022_00,P01,M022,7332.625,7340.15625,7.53125,11.38133818154759,2.0
E52_4d215302190bc5bfb29bf912,6.561299891281408,16.37371485667674,6.561299891281408,307.50969179304633,343.7570581260541,397.53518558804575,0.1656637075427803,0.009166666666666667,0.002301215277777778,0.1771315894872247,2.382868410512776,0.9446463782852423,434.96839599609376,0.0,0.0,434.96839599609376,562.6683959960938,2981.5138919103433,336.56707763671875,30.0,517.5096917930464,0.0,1,P01_GAMMA02_M022_00,P01_GAMMA02_M022_00,P01,M022,7332.625,7340.15625,7.53125,4.561299891281408,2.0
E52_50c718ca7f326f764494c89d,16.240881247145083,13.080943299176411,13.080943299176411,350.85355156655817,370.1881015340061,585.6998033284289,0.20772710552759727,0.009166666666666667,0.002301215277777778,0.2191949874720417,2.3408050125279587,0.9315015664149869,232.014599609375,0.0,0.0,232.014599609375,359.714599609375,4392.748524963216,275.29461669921875,30.0,560.8535515665582,0.0,1,P01_GAMMA02_M022_00,P01_GAMMA02_M022_00,P01,M022,7332.625,7340.15625,7.53125,11.080943299176411,2.0
E52_515a3b7c8d98426ee13f2b4e,15.060087739215959,17.07508762021844,15.060087739215959,242.68536134104386,262.0561394884234,369.14605379781034,0.13858886614696947,0.009166666666666667,0.002301215277777778,0.1500567480914139,2.4099432519085866,0.9531072662214332,232.4493377685547,0.0,0.0,232.4493377685547,360.1493377685547,2768.5954034835777,210.1493377685547,30.0,452.68536134104386,0.0,1,P01_GAMMA02_M022_00,P01_GAMMA02_M022_00,P01,M022,7332.625,7340.15625,7.53125,13.060087739215959,2.0
E52_60b76d98beea93305f35c25d,15.165397823602547,16.79058398580294,15.165397823602547,271.8613885249859,299.0873836523459,380.3668062858116,0.15055421784231732,0.009166666666666667,0.002301215277777778,0.16202209978676174,2.3979779002132386,0.949368093816637,326.7119415283203,0.0,0.0,326.7119415283203,454.4119415283203,2852.751047143587,241.2421875,30.0,481.8613885249859,0.0,1,P01_GAMMA02_M022_00,P01_GAMMA02_M022_00,P01,M022,7332.625,7340.15625,7.53125,13.165397823602547,2.0
E52_68694062ed2e2e792aeb51a9,10.350472252252587,17.695890544520793,10.350472252252587,262.3147609906027,292.8212075746684,341.5908424768108,0.1416674545099547,0.009166666666666667,0.002301215277777778,0.1531353364543991,2.4068646635456012,0.9521452073580002,366.0773590087891,0.0,0.0,366.0773590087891,493.77735900878906,2561.931318576081,213.8477783203125,30.0,472.3147609906027,0.0,1,P01_GAMMA02_M022_00,P01_GAMMA02_M022_00,P01,M022,7332.625,7340.15625,7.53125,8.350472252252587,2.0
E52_6aa461eda22a4c53e6730e81,8.350985608069237,6.478254834226846,6.478254834226846,265.8104536255181,288.3542041341444,395.1560268799425,0.15046620221455187,0.009166666666666667,0.002301215277777778,0.1619340841589963,2.3980659158410043,0.9493955987003136,271.555615234375,1.030609130859375,1.030609130859375,271.555615234375,399.255615234375,2963.670201599569,349.255615234375,30.0,475.8104536255181,0.0,1,P01_GAMMA02_M022_00,P01_GAMMA02_M022_00,P01,M022,7332.625,7340.15625,7.53125,4.478254834226846,2.0
E52_6dc095df8eb6475486134b5c,4.082203949129337,12.905188948092743,4.082203949129337,424.06014837873875,466.2734748964797,594.8403376510322,0.23505698741925235,0.009166666666666667,0.002301215277777778,0.24652486936369677,2.313475130636304,0.9229609783238447,506.55991821289064,0.0,0.0,506.55991821289064,634.2599182128906,4461.302532382741,440.2059631347656,30.0,634.0601483787387,0.0,1,P01_GAMMA02_M022_00,P01_GAMMA02_M022_00,P01,M022,7332.625,7340.15625,7.53125,2.0822039491293367,2.0
E52_73baea82bbbffa2db9d7426a,9.121034190003726,5.711384152670419,5.711384152670419,297.3854850658978,324.64222792478455,431.2305129784753,0.16683515196021612,0.009166666666666667,0.002301215277777778,0.17830303390466054,2.38169696609534,0.9442803019047936,327.08091430664064,0.0,0.0,327.08091430664064,454.7809143066406,3234.2288473385647,335.390380859375,30.0,507.3854850658978,0.0,1,P01_GAMMA02_M022_00,P01_GAMMA02_M022_00,P01,M022,7332.625,7340.15625,7.53125,3.711384152670419,2.0
E52_74b3fb0a4920873efc33101b,7.103516053726395,6.525083879148042,6.525083879148042,262.62709924858126,284.6552425591281,393.08533863388124,0.14907135286228057,0.009166666666666667,0.002301215277777778,0.160539234806725,2.3994607651932753,0.9498314891228985,264.3377197265625,0.0,0.0,264.3377197265625,392.0377197265625,2948.1400397541092,295.61395263671875,30.0,472.62709924858126,0.0,1,P01_GAMMA02_M022_00,P01_GAMMA02_M022_00,P01,M022,7332.625,7340.15625,7.53125,4.525083879148042,2.0
E52_7547086a1218012670f76a62,11.231952921445142,2.277872015791573,2.277872015791573,370.7957901832663,387.27013608984186,642.7455049270795,0.2228984084752749,0.009166666666666667,0.002301215277777778,0.23436629041971932,2.325633709580281,0.9267605342438378,197.69215087890626,0.0,0.0,197.69215087890626,325.39215087890625,4820.591286953097,275.39215087890625,30.0,580.7957901832663,0.0,1,P01_GAMMA02_M022_00,P01_GAMMA02_M022_00,P01,M022,7332.625,7340.15625,7.53125,0.27787201579157284,2.0
E52_76b4f0bdabd1ccab126282dd,14.390673615710696,17.180198899819032,14.390673615710696,244.7670432960008,265.6078646257534,364.489158613486,0.13866967590706417,0.009166666666666667,0.002301215277777778,0.1501375578515086,2.409862442148492,0.9530820131714036,250.08985595703126,0.0,0.0,250.08985595703126,377.78985595703125,2733.6686896011447,241.2421875,30.0,454.7670432960008,0.0,1,P01_GAMMA02_M022_00,P01_GAMMA02_M022_00,P01,M022,7332.625,7340.15625,7.53125,12.390673615710696,2.0
E52_82c821a5773d0bfbe554f10a,7.689530257880605,11.397135806608844,7.689530257880605,512.9354114719376,566.0737563002253,707.0407539741487,0.2825549862639304,0.009166666666666667,0.002301215277777778,0.2940228682083748,2.2659771317916255,0.9081178536848828,637.6601379394531,0.0,0.0,637.6601379394531,765.3601379394531,5302.805654806116,465.3601379394531,30.0,722.9354114719376,0.0,1,P01_GAMMA02_M022_00,P01_GAMMA02_M022_00,P01,M022,7332.625,7340.15625,7.53125,5.689530257880605,2.0
E52_8ca7795ffa642a3b129c0a3d,9.090061678249526,15.730152054416479,9.090061678249526,330.94608252023,369.9122522589995,428.0951466078428,0.17832668261553564,0.009166666666666667,0.002301215277777778,0.18979456455998006,2.3702054354400204,0.9406891985750062,467.5940368652344,0.0,0.0,467.5940368652344,595.2940368652344,3210.713599558821,335.390380859375,30.0,540.94608252023,0.0,1,P01_GAMMA02_M022_00,P01_GAMMA02_M022_00,P01,M022,7332.625,7340.15625,7.53125,7.090061678249526,2.0
E52_9026ce0d2a5dd9a75ef73c8e,7.290368054269635,6.720084116703532,6.720084116703532,248.61637070099954,267.37077642202814,384.70630707582717,0.14290187810434732,0.009166666666666667,0.002301215277777778,0.15436976004879174,2.4056302399512086,0.9517594499847526,225.05286865234376,0.0,0.0,225.05286865234376,352.75286865234375,2885.297303068704,302.75286865234375,30.0,458.61637070099954,0.0,1,P01_GAMMA02_M022_00,P01_GAMMA02_M022_00,P01,M022,7332.625,7340.15625,7.53125,4.720084116703532,2.0
E52_96da4f081c74d8211b4b244f,11.51178388412859,12.47027426673894,11.51178388412859,406.4445801679392,437.368205859671,627.3474061854878,0.23339590098708082,0.009166666666666667,0.002301215277777778,0.24486378293152525,2.315136217068475,0.9234800678338984,371.08350830078126,0.0,0.0,371.08350830078126,498.78350830078125,4705.105546391158,251.37640380859375,30.0,616.4445801679392,0.0,1,P01_GAMMA02_M022_00,P01_GAMMA02_M022_00,P01,M022,7332.625,7340.15625,7.53125,9.51178388412859,2.0
E52_a3836b1674b2d70f748125c1,12.610887033910714,18.388582284998307,12.610887033910714,238.77143733771516,265.74771093797557,315.68523307386783,0.1296256139323784,0.009166666666666667,0.002301215277777778,0.14109349587682282,2.4189065041231776,0.9559082825384929,323.715283203125,0.0,0.0,323.715283203125,451.415283203125,2367.639248054009,217.29420471191406,30.0,448.77143733771516,0.0,1,P01_GAMMA02_M022_00,P01_GAMMA02_M022_00,P01,M022,7332.625,7340.15625,7.53125,10.610887033910714,2.0
E52_a77602565c04dca5831f9b7a,9.269915676461352,15.758600383852013,9.269915676461352,295.3505394617105,322.31471665694164,428.9160157520343,0.16578365241547813,0.009166666666666667,0.002301215277777778,0.17725153435992255,2.382748465640078,0.9446088955125242,323.57012634277345,0.0,0.0,323.57012634277345,451.27012634277344,3216.870118140257,284.58648681640625,30.0,505.3505394617105,0.0,1,P01_GAMMA02_M022_00,P01_GAMMA02_M022_00,P01,M022,7332.625,7340.15625,7.53125,7.269915676461352,2.0
E52_aaa387ee3ee3170bd804334d,2.2172056322681755,18.409477866986336,2.2172056322681755,263.5215778829557,299.2286101502083,312.8009621623957,0.13801933350380158,0.009166666666666667,0.002301215277777778,0.149487215448246,2.4105127845517544,0.9532852451724231,428.48438720703126,0.0,0.0,428.48438720703126,556.1843872070312,2346.0072162179677,386.9435729980469,30.0,473.5215778829557,0.0,1,P01_GAMMA02_M022_00,P01_GAMMA02_M022_00,P01,M022,7332.625,7340.15625,7.53125,0.21720563226817546,2.0
E52_afb1e3673ff3adbe9c45b8fc,7.026154711499402,6.956106286850726,6.956106286850726,250.21040235058808,271.27175132926646,374.0527108291059,0.1419599864782851,0.009166666666666667,0.002301215277777778,0.1534278684227295,2.406572131577271,0.952053791117897,252.73618774414064,0.0,0.0,252.73618774414064,380.4361877441406,2805.395331218294,291.6474609375,30.0,460.2104023505881,0.0,1,P01_GAMMA02_M022_00,P01_GAMMA02_M022_00,P01,M022,7332.625,7340.15625,7.53125,4.956106286850726,2.0
E52_b544b4d7beda1d6ed7fbeefb,9.02058392645965,16.252686834440453,9.02058392645965,293.91354735972715,324.49113296153376,404.3615811086144,0.16179511839250177,0.009166666666666667,0.002301215277777778,0.1732630003369462,2.3867369996630545,0.9458553123947043,366.9310272216797,0.0,0.0,366.9310272216797,494.6310272216797,3032.711858314608,277.91845703125,30.0,503.91354735972715,0.0,1,P01_GAMMA02_M022_00,P01_GAMMA02_M022_00,P01,M022,7332.625,7340.15625,7.53125,7.020583926459651,2.0
E52_b60e4d2a4cdcd5801a5d757f,8.827066640803807,16.480566458341656,8.827066640803807,308.26023760270465,345.626388522301,392.32356968783114,0.16519254750221457,0.009166666666666667,0.002301215277777778,0.176660429446659,2.3833395705533413,0.9447936157979191,448.39381103515626,0.0,0.0,448.39381103515626,576.0938110351562,2942.4267726587336,326.2397766113281,30.0,518.2602376027046,0.0,1,P01_GAMMA02_M022_00,P01_GAMMA02_M022_00,P01,M022,7332.625,7340.15625,7.53125,6.827066640803807,2.0
E52_b6789310c1ab16898a769b78,14.770259382508968,2.625622464396969,2.625622464396969,372.38145547243056,389.4038741939475,617.4514627840539,0.21924054354678854,0.009166666666666667,0.002301215277777778,0.23070842549123297,2.3292915745087677,0.9279036170339897,225.84925537109376,21.580230712890625,21.580230712890625,225.84925537109376,353.54925537109375,4630.885970880404,303.54925537109375,30.0,582.3814554724306,0.0,1,P01_GAMMA02_M022_00,P01_GAMMA02_M022_00,P01,M022,7332.625,7340.15625,7.53125,0.6256224643969688,2.0
E52_b7c433bb400c5a28313b13f0,9.309086848022815,16.00220965111248,9.309086848022815,270.63016208552887,291.2047849391259,417.8125870494757,0.1554195344851095,0.009166666666666667,0.002301215277777778,0.16688741642955393,2.3931125835704465,0.9478476823657644,246.89547424316407,0.0,0.0,246.89547424316407,374.59547424316406,3133.594402871068,284.58648681640625,30.0,480.63016208552887,0.0,1,P01_GAMMA02_M022_00,P01_GAMMA02_M022_00,P01,M022,7332.625,7340.15625,7.53125,7.309086848022815,2.0
E52_be69bdf55826f2eb34075d09,10.988052426358166,12.029424972929434,10.988052426358166,457.6877788138426,500.48965717077624,658.5642874860837,0.25604119113741575,0.009166666666666667,0.002301215277777778,0.26750907308186017,2.2924909269181404,0.9164034146619187,513.6225402832031,0.0,0.0,513.6225402832031,641.3225402832031,4939.232156145627,341.3225402832031,30.0,667.6877788138427,0.0,1,P01_GAMMA02_M022_00,P01_GAMMA02_M022_00,P01,M022,7332.625,7340.15625,7.53125,8.988052426358166,2.0
E52_bfffb2993ede6e2e2bd9340b,15.999841089992742,13.053008949478723,13.053008949478723,400.85355156655817,436.85476820067277,585.6998033284289,0.22550922551216515,0.009166666666666667,0.002301215277777778,0.23697710745660958,2.323022892543391,0.9259446539198095,432.014599609375,0.0,0.0,432.014599609375,559.714599609375,4392.748524963216,275.29461669921875,30.0,610.8535515665582,0.0,1,P01_GAMMA02_M022_00,P01_GAMMA02_M022_00,P01,M022,7332.625,7340.15625,7.53125,11.053008949478723,2.0
E52_c0294c7ff44d44fc4ede8d97,8.497071765882126,16.7256600789149,8.497071765882126,316.70783025924425,358.9570632507807,379.92026256926977,0.16644027302831577,0.009166666666666667,0.002301215277777778,0.1779081549727602,2.38209184502724,0.9444037015710125,506.9907958984375,0.0,0.0,506.9907958984375,634.6907958984375,2849.4019692695233,334.6907958984375,30.0,526.7078302592442,0.0,1,P01_GAMMA02_M022_00,P01_GAMMA02_M022_00,P01,M022,7332.625,7340.15625,7.53125,6.497071765882126,2.0
E52_c10a50247c57c0340b451298,3.880159733222797,3.1495087650690863,3.1495087650690863,410.4813485396202,450.8988478275434,578.4577013517014,0.22790762835174688,0.009166666666666667,0.002301215277777778,0.2393755102961913,2.320624489703809,0.9251951530324403,485.00999145507814,0.0,0.0,485.00999145507814,612.7099914550781,4338.432760137761,515.4917602539062,30.0,620.4813485396203,0.0,1,P01_GAMMA02_M022_00,P01_GAMMA02_M022_00,P01,M022,7332.625,7340.15625,7.53125,1.1495087650690863,2.0
E52_c76d93c5902d0dc017f7065c,9.03456971298516,16.05706218628906,9.03456971298516,260.86241804033426,278.57034040361555,415.47730190098105,0.1516149798935124,0.009166666666666667,0.002301215277777778,0.16308286183795684,2.3969171381620438,0.9490366056756385,212.495068359375,0.0,0.0,212.495068359375,340.195068359375,3116.079764257358,277.91845703125,30.0,470.86241804033426,0.0,1,P01_GAMMA02_M022_00,P01_GAMMA02_M022_00,P01,M022,7332.625,7340.15625,7.53125,7.03456971298516,2.0
E52_d22cbe82615c6d2ee0ebf49f,9.06036256076517,15.758568264926964,9.06036256076517,318.17309843891866,352.9726015110215,427.5491784452201,0.1737067461230003,0.009166666666666667,0.002301215277777778,0.18517462806744472,2.374825371932556,0.9421329287289235,417.5940368652344,0.0,0.0,417.5940368652344,545.2940368652344,3206.618838339151,335.390380859375,30.0,528.1730984389187,0.0,1,P01_GAMMA02_M022_00,P01_GAMMA02_M022_00,P01,M022,7332.625,7340.15625,7.53125,7.060362560765171,2.0
E52_dbec4f1422e98765afb262aa,7.496366615442767,16.38523852602286,7.496366615442767,322.5402116809159,364.1002534899979,395.72017250733956,0.1707521496628321,0.009166666666666667,0.002301215277777778,0.1822200316072765,2.377779968392724,0.943056240122726,498.7205017089844,0.0,0.0,498.7205017089844,626.4205017089844,2967.901293805047,326.4205017089844,30.0,532.540211680916,0.0,1,P01_GAMMA02_M022_00,P01_GAMMA02_M022_00,P01,M022,7332.625,7340.15625,7.53125,5.496366615442767,2.0
E52_dc4c132291b7b9525a26c82f,9.045308672358317,16.290878065555617,9.045308672358317,256.41354735972715,274.49113296153376,404.3615811086144,0.14845852840407586,0.009166666666666667,0.002301215277777778,0.1599264103485203,2.4000735896514804,0.9500229967660874,216.9310272216797,0.0,0.0,216.9310272216797,344.6310272216797,3032.711858314608,277.91845703125,30.0,466.41354735972715,0.0,1,P01_GAMMA02_M022_00,P01_GAMMA02_M022_00,P01,M022,7332.625,7340.15625,7.53125,7.045308672358317,2.0
E52_de2c36302e014a6d0284c896,8.765997233226841,15.994052628622484,8.765997233226841,325.41177480357015,364.7238282296769,414.95122905049965,0.1744969638873427,0.009166666666666667,0.002301215277777778,0.18596484583178713,2.3740351541682134,0.9418859856775665,471.74464111328126,0.0,0.0,471.74464111328126,599.4446411132812,3112.134217878747,325.15069580078125,30.0,535.4117748035701,0.0,1,P01_GAMMA02_M022_00,P01_GAMMA02_M022_00,P01,M022,7332.625,7340.15625,7.53125,6.765997233226841,2.0
E52_e0325aad0b87e7c07e10fc2c,8.863547306711382,5.987785159048158,5.987785159048158,275.1983248954777,294.96932963587483,418.60161500091635,0.15682137892336617,0.009166666666666667,0.002301215277777778,0.1682892608678106,2.39171073913219,0.9474096059788092,248.53977661132814,11.2877197265625,11.2877197265625,248.53977661132814,376.2397766113281,3139.5121125068727,326.2397766113281,30.0,485.1983248954777,0.0,1,P01_GAMMA02_M022_00,P01_GAMMA02_M022_00,P01,M022,7332.625,7340.15625,7.53125,3.9877851590481583,2.0
E52_e0cd6bab1a22c4530d9a254c,7.551018493856844,6.471069764274475,6.471069764274475,260.0402116809159,280.7669201566646,395.72017250733956,0.14852449968212222,0.009166666666666667,0.002301215277777778,0.15999238162656665,2.400007618373434,0.950002380741698,248.7205017089844,0.0,0.0,248.7205017089844,376.4205017089844,2967.901293805047,326.4205017089844,30.0,470.0402116809159,0.0,1,P01_GAMMA02_M022_00,P01_GAMMA02_M022_00,P01,M022,7332.625,7340.15625,7.53125,4.471069764274475,2.0
E52_ea76d341ab82f2ebc1fa1efe,8.823925499302803,6.056283714240493,6.056283714240493,275.41177480357015,298.05716156301025,414.95122905049965,0.15671484390277482,0.009166666666666667,0.002301215277777778,0.16818272584721924,2.3918172741527814,0.947442898172744,271.74464111328126,0.0,0.0,271.74464111328126,399.44464111328125,3112.134217878747,325.15069580078125,30.0,485.41177480357015,0.0,1,P01_GAMMA02_M022_00,P01_GAMMA02_M022_00,P01,M022,7332.625,7340.15625,7.53125,4.056283714240493,2.0
E52_eab18c460278cfbad2c20da0,10.38285965846245,7.760329046990023,7.760329046990023,212.31476099060268,226.15454090800176,341.5908424768108,0.12388533452538679,0.009166666666666667,0.002301215277777778,0.13535321646983123,2.4246467835301693,0.9577021198531778,166.07735900878907,0.0,0.0,166.07735900878907,293.77735900878906,2561.931318576081,213.8477783203125,30.0,422.3147609906027,0.0,1,P01_GAMMA02_M022_00,P01_GAMMA02_M022_00,P01,M022,7332.625,7340.15625,7.53125,5.760329046990023,2.0
E52_eddf192c3626d88d236d26e4,11.244895247112652,17.034187922993553,11.244895247112652,241.72684180786888,260.473536754158,370.9735139380034,0.13850678679446915,0.009166666666666667,0.002301215277777778,0.14997466873891357,2.410025331261087,0.9531329160190896,224.96033935546876,0.0,0.0,224.96033935546876,352.66033935546875,2782.3013545350254,199.07135009765625,30.0,451.7268418078689,0.0,1,P01_GAMMA02_M022_00,P01_GAMMA02_M022_00,P01,M022,7332.625,7340.15625,7.53125,9.244895247112652,2.0
E52_f2fabdd802684ffd17ed2273,7.014582602899367,16.925225818485302,7.014582602899367,275.2104023505881,304.60508466259984,374.0527108291059,0.15085104647056902,0.009166666666666667,0.002301215277777778,0.16231892841501344,2.3976810715849872,0.9492753348703084,352.73618774414064,0.0,0.0,352.73618774414064,480.4361877441406,2805.395331218294,291.6474609375,30.0,485.2104023505881,0.0,1,P01_GAMMA02_M022_00,P01_GAMMA02_M022_00,P01,M022,7332.625,7340.15625,7.53125,5.014582602899367,2.0
E52_fd527d975e1813662620f82c,11.696086256167746,12.45056667278017,11.696086256167746,418.2192341110554,452.9085204066283,628.3027504486734,0.23771876612520712,0.009166666666666667,0.002301215277777778,0.24918664806965155,2.310813351930349,0.9221291724782339,416.271435546875,0.0,0.0,416.271435546875,543.971435546875,4712.2706283650505,306.8754577636719,30.0,628.2192341110554,0.0,1,P01_GAMMA02_M022_00,P01_GAMMA02_M022_00,P01,M022,7332.625,7340.15625,7.53125,9.696086256167746,2.0
E52_831cee7e7a3a549796e42b18,7.0896376368459215,10.042846261792022,7.0896376368459215,524.445203057942,560.9167693217765,830.061008532876,0.3040708837654974,0.009166666666666667,0.002301215277777778,0.3155387657099418,2.2444612342900587,0.9013941357156432,437.65879516601564,0.0,0.0,437.65879516601564,565.3587951660156,6225.457563996571,359.5916748046875,30.0,734.445203057942,0.0,1,P01_GAMMA02_M022_00,P01_GAMMA02_M022_00,P01,M022,7332.625,7340.15625,7.53125,5.0896376368459215,2.0
E52_d3460088443e86b69235cf2f,7.866329126061032,10.110906533633653,7.866329126061032,520.9986937965015,557.4049117530444,823.5600798537452,0.3019244763287566,0.009166666666666667,0.002301215277777778,0.313392358273201,2.2466076417267997,0.9020648880396247,436.87461547851564,0.0,0.0,436.87461547851564,564.5746154785156,6176.700598903089,276.8628845214844,30.0,730.9986937965015,0.0,1,P01_GAMMA02_M022_00,P01_GAMMA02_M022_00,P01,M022,7332.625,7340.15625,7.53125,5.866329126061032,2.0
E52_c98d1e580ba9a8920eeacbdb,6.876994796187944,9.995636820319618,6.876994796187944,531.3190315479533,569.3529452238973,834.4345810402425,0.30713490815373307,0.009166666666666667,0.002301215277777778,0.3186027900981775,2.241397209901823,0.9004366280943196,456.40696411132814,0.0,0.0,456.40696411132814,584.1069641113281,6258.259357801819,362.73199462890625,30.0,741.3190315479533,0.0,1,P01_GAMMA02_M022_00,P01_GAMMA02_M022_00,P01,M022,7332.625,7340.15625,7.53125,4.876994796187944,2.0
E52_413d3eff5d481ef66f8d3068,6.337387908742016,9.493762996477216,6.337387908742016,548.7789293194231,584.2784598573463,884.5606754113072,0.3204434082194385,0.009166666666666667,0.002301215277777778,0.33191129016388293,2.2280887098361175,0.8962777218237866,425.99436645507814,0.0,0.0,425.99436645507814,553.6943664550781,6634.205065584804,329.6845703125,30.0,758.7789293194231,0.0,1,P01_GAMMA02_M022_00,P01_GAMMA02_M022_00,P01,M022,7332.625,7340.15625,7.53125,4.337387908742016,2.0
E52_88c1c7aba1fcf94c58dad20e,6.347012607452768,9.497510042154289,6.347012607452768,536.2789293194231,567.6117931906797,884.5606754113072,0.3159978782232965,0.009166666666666667,0.002301215277777778,0.3274657601677409,2.2325342398322596,0.897666949947581,375.99436645507814,0.0,0.0,375.99436645507814,503.6943664550781,6634.205065584804,329.6845703125,30.0,746.2789293194231,0.0,1,P01_GAMMA02_M022_00,P01_GAMMA02_M022_00,P01,M022,7332.625,7340.15625,7.53125,4.347012607452768,2.0
E52_2e64690809088e2a96fb2160,6.354272392811879,9.500767968691491,6.354272392811879,523.7789293194231,550.945126524013,884.5606754113072,0.31155234822715455,0.009166666666666667,0.002301215277777778,0.323020230171599,2.2369797698284017,0.8990561780713753,325.99436645507814,0.0,0.0,325.99436645507814,453.6943664550781,6634.205065584804,329.6845703125,30.0,733.7789293194231,0.0,1,P01_GAMMA02_M022_00,P01_GAMMA02_M022_00,P01,M022,7332.625,7340.15625,7.53125,4.354272392811879,2.0
E52_cdef0b479e00ae29ebd83132,4.026780438761506,10.01648148125875,4.026780438761506,520.0071121141804,554.5433095222207,832.7970397801186,0.3028799960747676,0.009166666666666667,0.002301215277777778,0.31434787801921205,2.2456521219807883,0.9017662881189963,414.4343688964844,0.0,0.0,414.4343688964844,542.1343688964844,6245.977798350889,297.6476745605469,30.0,730.0071121141804,0.0,1,P01_GAMMA02_M022_00,P01_GAMMA02_M022_00,P01,M022,7332.625,7340.15625,7.53125,2.026780438761506,2.0
E52_30110e5b3ae38ecfab28ace2,4.41592983707973,10.05954008012911,4.41592983707973,514.4106891471403,547.7506496268766,828.7816154158626,0.30032099335417484,0.009166666666666667,0.002301215277777778,0.31178887529861926,2.248211124701381,0.9025659764691815,400.07952575683595,0.0,0.0,400.07952575683595,527.7795257568359,6215.862115618969,313.0162353515625,30.0,724.4106891471403,0.0,1,P01_GAMMA02_M022_00,P01_GAMMA02_M022_00,P01,M022,7332.625,7340.15625,7.53125,2.41592983707973,2.0
E52_01234cac2d25748209cb57e8,7.600935976288355,5.963634638729843,5.963634638729843,275.78386787661753,295.55487261701467,419.772700963196,0.15719547582798327,0.009166666666666667,0.007743923611111111,0.17410606610576104,2.3858939338942395,0.9455918543419497,248.53977661132814,11.2877197265625,11.2877197265625,248.53977661132814,376.2397766113281,3148.2952572239697,326.2397766113281,30.0,485.78386787661753,0.0,1,P01_GAMMA02_M022_01,P01_GAMMA02_M022_01,P01,M022,7353.15625,7378.5,25.34375,3.963634638729843,2.0
E52_06eb0baa948af7ff52881bcf,6.175426850881394,16.258674653736037,6.175426850881394,296.7597053393259,328.36499963050426,403.88764493158146,0.16274021246714285,0.009166666666666667,0.007743923611111111,0.17965080274492062,2.3803491972550797,0.9438591241422123,379.26353149414064,0.0,0.0,379.26353149414064,506.9635314941406,3029.157336986861,306.9635314941406,30.0,506.7597053393259,0.0,1,P01_GAMMA02_M022_01,P01_GAMMA02_M022_01,P01,M022,7353.15625,7378.5,25.34375,4.175426850881394,2.0
E52_0c9d91fc306062a18ada9948,7.762354497190685,15.697900697510477,7.762354497190685,331.42241999480143,370.2725110389095,429.7442937249544,0.1787296459836012,0.009166666666666667,0.007743923611111111,0.19564023626137897,2.3643597637386216,0.938862426168319,466.2010925292969,0.0,0.0,466.2010925292969,593.9010925292969,3223.082202937158,326.7436828613281,30.0,541.4224199948014,0.0,1,P01_GAMMA02_M022_01,P01_GAMMA02_M022_01,P01,M022,7353.15625,7378.5,25.34375,5.762354497190685,2.0
E52_189eb019491ad876aa165071,6.054051991992296,3.8094716871601975,3.8094716871601975,403.09916814168594,448.35288467407526,534.676037089036,0.21908171065325852,0.009166666666666667,0.007743923611111111,0.2359923009310363,2.3240076990689644,0.9262524059590511,543.0445983886718,0.0,0.0,543.0445983886718,670.7445983886719,4010.07027816777,391.87322998046875,30.0,613.0991681416859,0.0,1,P01_GAMMA02_M022_01,P01_GAMMA02_M022_01,P01,M022,7353.15625,7378.5,25.34375,1.8094716871601975,2.0
E52_1eac4bbcd37cec5d48241661,7.547537780004959,6.04580255430777,6.04580255430777,275.66392246828667,298.30930922772677,415.4555243799327,0.1568759382441215,0.009166666666666667,0.007743923611111111,0.17378652852189927,2.386213471478101,0.9456917098369064,271.74464111328126,0.0,0.0,271.74464111328126,399.44464111328125,3115.9164328494953,326.2397766113281,30.0,485.66392246828667,0.0,1,P01_GAMMA02_M022_01,P01_GAMMA02_M022_01,P01,M022,7353.15625,7378.5,25.34375,4.04580255430777,2.0
E52_1ef47ef68c1879e18ddbb164,7.544965051000702,9.684707827919368,7.544965051000702,525.9457118932837,556.9823492630754,865.6715995678175,0.30964781577290457,0.009166666666666667,0.007743923611111111,0.3265584060506823,2.233441593949318,0.8979504981091617,372.4396484375,0.0,0.0,372.4396484375,500.1396484375,6492.536996758631,304.7821350097656,30.0,735.9457118932837,0.0,1,P01_GAMMA02_M022_01,P01_GAMMA02_M022_01,P01,M022,7353.15625,7378.5,25.34375,5.544965051000702,2.0
E52_214ce9a3b3bd3fa9c582335a,8.951690361000601,15.138353346483314,8.951690361000601,331.46735474952504,365.31699057309277,459.8368945576438,0.1830074384559416,0.009166666666666667,0.007743923611111111,0.1999180287337194,2.3600819712662813,0.9375256160207127,406.1956298828125,0.0,0.0,406.1956298828125,533.8956298828125,3448.7767091823284,283.8956298828125,30.0,541.467354749525,0.0,1,P01_GAMMA02_M022_01,P01_GAMMA02_M022_01,P01,M022,7353.15625,7378.5,25.34375,6.951690361000601,2.0
E52_231555d7070bcf1a0911e332,7.499062817846834,5.981962334569488,5.981962334569488,303.4113952968874,335.0249979987103,417.14117438283733,0.1669828432889251,0.009166666666666667,0.007743923611111111,0.18389343356670287,2.3761065664332977,0.9425333020104053,379.363232421875,0.0,0.0,379.363232421875,507.063232421875,3128.55880787128,326.2397766113281,30.0,513.4113952968873,0.0,1,P01_GAMMA02_M022_01,P01_GAMMA02_M022_01,P01,M022,7353.15625,7378.5,25.34375,3.981962334569488,2.0
E52_246111a1ef063bec9e89ec9e,3.4766003982833666,13.03223549741864,3.4766003982833666,413.11352328410356,453.07003166626504,586.4879962752384,0.22998101771643822,0.009166666666666667,0.007743923611111111,0.246891607994216,2.3131083920057844,0.9228463725018075,479.4781005859375,0.0,0.0,479.4781005859375,607.1781005859375,4398.659972064288,469.28277587890625,30.0,623.1135232841036,0.0,1,P01_GAMMA02_M022_01,P01_GAMMA02_M022_01,P01,M022,7353.15625,7378.5,25.34375,1.4766003982833666,2.0
E52_24db349315b2a6b84dd4215d,8.366743681938033,5.686957833295324,5.686957833295324,283.5201066466774,305.8382661315407,433.1312563841751,0.1621732249548407,0.009166666666666667,0.007743923611111111,0.1790838152326185,2.380916184767382,0.9440363077398067,267.8179138183594,0.0,0.0,267.8179138183594,395.5179138183594,3248.4844228813135,322.1230773925781,30.0,493.5201066466774,0.0,1,P01_GAMMA02_M022_01,P01_GAMMA02_M022_01,P01,M022,7353.15625,7378.5,25.34375,3.686957833295324,2.0
E52_27bf01e9e990859ae5993708,7.51668318025591,15.932490639468014,7.51668318025591,318.6138217216496,355.0514931287134,418.60161500091635,0.17259630304263499,0.009166666666666667,0.007743923611111111,0.18950689332041276,2.3704931066795876,0.940779095837371,437.25205688476564,0.0,0.0,437.25205688476564,564.9520568847656,3139.5121125068727,326.2397766113281,30.0,528.6138217216496,0.0,1,P01_GAMMA02_M022_01,P01_GAMMA02_M022_01,P01,M022,7353.15625,7378.5,25.34375,5.51668318025591,2.0
E52_27fdcb9bc2da20af468e67a1,8.315746001326502,15.630401191469062,8.315746001326502,333.5201066466774,372.5049327982074,433.1312563841751,0.1799553449394086,0.009166666666666667,0.007743923611111111,0.19686593521718637,2.3631340647828143,0.9384793952446293,467.8179138183594,0.0,0.0,467.8179138183594,595.5179138183594,3248.4844228813135,322.1230773925781,30.0,543.5201066466774,0.0,1,P01_GAMMA02_M022_01,P01_GAMMA02_M022_01,P01,M022,7353.15625,7378.5,25.34375,6.315746001326502,2.0
E52_2cea01313b8862fcfb6b2e63,12.339484196346518,16.460055432828085,12.339484196346518,259.5957489704318,280.08528245838755,396.2542970131293,0.148442074342722,0.009166666666666667,0.007743923611111111,0.16535266462049977,2.3946473353795006,0.9483272923060938,245.87440185546876,0.0,0.0,245.87440185546876,373.57440185546875,2971.90722759847,231.8917236328125,30.0,469.5957489704318,0.0,1,P01_GAMMA02_M022_01,P01_GAMMA02_M022_01,P01,M022,7353.15625,7378.5,25.34375,10.339484196346518,2.0
E52_326bd9096774308657b14836,7.14686242661918,6.820761438549596,6.820761438549596,254.20783025924425,275.6237299174474,379.92026256926977,0.1442126230476059,0.009166666666666667,0.007743923611111111,0.16112321332538368,2.398876786674617,0.9496489958358176,256.9907958984375,0.0,0.0,256.9907958984375,384.6907958984375,2849.4019692695233,334.6907958984375,30.0,464.20783025924425,0.0,1,P01_GAMMA02_M022_01,P01_GAMMA02_M022_01,P01,M022,7353.15625,7378.5,25.34375,4.820761438549596,2.0
E52_437c6a333219b14c3939f26c,7.518791566093512,6.0194831627628105,6.0194831627628105,277.09771274073506,296.211315442558,417.14117438283733,0.1570562493971614,0.009166666666666667,0.007743923611111111,0.17396683967493917,2.3860331603250615,0.9456353626015815,248.53977661132814,19.176544189453125,19.176544189453125,248.53977661132814,376.2397766113281,3128.55880787128,326.2397766113281,30.0,487.09771274073506,0.0,1,P01_GAMMA02_M022_01,P01_GAMMA02_M022_01,P01,M022,7353.15625,7378.5,25.34375,4.0194831627628105,2.0
E52_44ed69e1d99dc074a7941a18,9.282625790824781,8.900383690419545,8.900383690419545,188.27556058823757,199.0276355292369,299.7078152072368,0.1090911242968749,0.009166666666666667,0.007743923611111111,0.12600171457465267,2.4339982854253477,0.960624464195421,139.59420471191407,10.569305419921875,10.569305419921875,139.59420471191407,267.29420471191406,2247.808614054276,217.29420471191406,30.0,398.27556058823757,0.0,1,P01_GAMMA02_M022_01,P01_GAMMA02_M022_01,P01,M022,7353.15625,7378.5,25.34375,6.900383690419545,2.0
E52_47db2d0d55c92154c779a4c9,5.907165960353396,16.45726286038159,5.907165960353396,312.62709924858126,351.3219092257948,393.08533863388124,0.16685347284684848,0.009166666666666667,0.007743923611111111,0.18376406312462626,2.376235936875374,0.9425737302735543,464.3377197265625,0.0,0.0,464.3377197265625,592.0377197265625,2948.1400397541092,295.61395263671875,30.0,522.6270992485813,0.0,1,P01_GAMMA02_M022_01,P01_GAMMA02_M022_01,P01,M022,7353.15625,7378.5,25.34375,3.907165960353396,2.0
E52_4cf0fac9feb721651efb2830,10.350180302598204,17.82597875173802,10.350180302598204,242.69354898018014,267.32891198677197,337.5749199208095,0.13412057160327687,0.009166666666666667,0.007743923611111111,0.15103116188105464,2.408968838118946,0.9528027619121704,295.6243560791016,0.0,0.0,295.6243560791016,423.32435607910156,2531.8118994060715,217.31182861328125,30.0,452.69354898018014,0.0,1,P01_GAMMA02_M022_01,P01_GAMMA02_M022_01,P01,M022,7353.15625,7378.5,25.34375,8.350180302598204,2.0
E52_4d215302190bc5bfb29bf912,5.469948564031242,16.37371485667674,5.469948564031242,307.50969179304633,343.7570581260541,397.53518558804575,0.1656637075427803,0.009166666666666667,0.007743923611111111,0.18257429782055806,2.3774257021794423,0.9429455319310756,434.96839599609376,0.0,0.0,434.96839599609376,562.6683959960938,2981.5138919103433,336.56707763671875,30.0,517.5096917930464,0.0,1,P01_GAMMA02_M022_01,P01_GAMMA02_M022_01,P01,M022,7353.15625,7378.5,25.34375,3.4699485640312417,2.0
E52_50c718ca7f326f764494c89d,17.918626590372867,13.080943299176411,13.080943299176411,350.85355156655817,370.1881015340061,585.6998033284289,0.20772710552759727,0.009166666666666667,0.007743923611111111,0.22463769580537504,2.3353623041946254,0.9298007200608203,232.014599609375,0.0,0.0,232.014599609375,359.714599609375,4392.748524963216,275.29461669921875,30.0,560.8535515665582,0.0,1,P01_GAMMA02_M022_01,P01_GAMMA02_M022_01,P01,M022,7353.15625,7378.5,25.34375,11.080943299176411,2.0
E52_515a3b7c8d98426ee13f2b4e,11.516936710569112,17.07508762021844,11.516936710569112,242.68536134104386,262.0561394884234,369.14605379781034,0.13858886614696947,0.009166666666666667,0.007743923611111111,0.15549945642474725,2.4045005435752533,0.9514064198672665,232.4493377685547,0.0,0.0,232.4493377685547,360.1493377685547,2768.5954034835777,210.1493377685547,30.0,452.68536134104386,0.0,1,P01_GAMMA02_M022_01,P01_GAMMA02_M022_01,P01,M022,7353.15625,7378.5,25.34375,9.516936710569112,2.0
E52_60b76d98beea93305f35c25d,11.68886421036089,16.79058398580294,11.68886421036089,271.8613885249859,299.0873836523459,380.3668062858116,0.15055421784231732,0.009166666666666667,0.007743923611111111,0.1674648081200951,2.3925351918799054,0.9476672474624703,326.7119415283203,0.0,0.0,326.7119415283203,454.4119415283203,2852.751047143587,241.2421875,30.0,481.8613885249859,0.0,1,P01_GAMMA02_M022_01,P01_GAMMA02_M022_01,P01,M022,7353.15625,7378.5,25.34375,9.68886421036089,2.0
E52_68694062ed2e2e792aeb51a9,8.38820350547229,17.695890544520793,8.38820350547229,262.3147609906027,292.8212075746684,341.5908424768108,0.1416674545099547,0.009166666666666667,0.007743923611111111,0.15857804478773246,2.401421955212268,0.9504443610038336,366.0773590087891,0.0,0.0,366.0773590087891,493.77735900878906,2561.931318576081,213.8477783203125,30.0,472.3147609906027,0.0,1,P01_GAMMA02_M022_01,P01_GAMMA02_M022_01,P01,M022,7353.15625,7378.5,25.34375,6.3882035054722905,2.0
E52_6aa461eda22a4c53e6730e81,7.020621653749174,6.478254834226846,6.478254834226846,265.8104536255181,288.3542041341444,395.1560268799425,0.15046620221455187,0.009166666666666667,0.007743923611111111,0.16737679249232965,2.392623207507671,0.947694752346147,271.555615234375,1.030609130859375,1.030609130859375,271.555615234375,399.255615234375,2963.670201599569,349.255615234375,30.0,475.8104536255181,0.0,1,P01_GAMMA02_M022_01,P01_GAMMA02_M022_01,P01,M022,7353.15625,7378.5,25.34375,4.478254834226846,2.0
E52_6dc095df8eb6475486134b5c,3.596222072837989,12.905188948092743,3.596222072837989,424.06014837873875,466.2734748964797,594.8403376510322,0.23505698741925235,0.009166666666666667,0.007743923611111111,0.2519675776970301,2.3080324223029702,0.921260131969678,506.55991821289064,0.0,0.0,506.55991821289064,634.2599182128906,4461.302532382741,440.2059631347656,30.0,634.0601483787387,0.0,1,P01_GAMMA02_M022_01,P01_GAMMA02_M022_01,P01,M022,7353.15625,7378.5,25.34375,1.596222072837989,2.0
E52_73baea82bbbffa2db9d7426a,7.831749504482232,5.711384152670419,5.711384152670419,297.3854850658978,324.64222792478455,431.2305129784753,0.16683515196021612,0.009166666666666667,0.007743923611111111,0.1837457422379939,2.3762542577620067,0.9425794555506269,327.08091430664064,0.0,0.0,327.08091430664064,454.7809143066406,3234.2288473385647,335.390380859375,30.0,507.3854850658978,0.0,1,P01_GAMMA02_M022_01,P01_GAMMA02_M022_01,P01,M022,7353.15625,7378.5,25.34375,3.711384152670419,2.0
E52_74b3fb0a4920873efc33101b,5.935777674335014,6.525083879148042,5.935777674335014,262.62709924858126,284.6552425591281,393.08533863388124,0.14907135286228057,0.009166666666666667,0.007743923611111111,0.16598194314005835,2.394018056859942,0.9481306427687317,264.3377197265625,0.0,0.0,264.3377197265625,392.0377197265625,2948.1400397541092,295.61395263671875,30.0,472.62709924858126,0.0,1,P01_GAMMA02_M022_01,P01_GAMMA02_M022_01,P01,M022,7353.15625,7378.5,25.34375,3.9357776743350144,2.0
E52_7547086a1218012670f76a62,11.963664777793909,2.277872015791573,2.277872015791573,370.7957901832663,387.27013608984186,642.7455049270795,0.2228984084752749,0.009166666666666667,0.007743923611111111,0.23980899875305267,2.3201910012469478,0.9250596878896711,197.69215087890626,0.0,0.0,197.69215087890626,325.39215087890625,4820.591286953097,275.39215087890625,30.0,580.7957901832663,0.0,1,P01_GAMMA02_M022_01,P01_GAMMA02_M022_01,P01,M022,7353.15625,7378.5,25.34375,0.27787201579157284,2.0
E52_76b4f0bdabd1ccab126282dd,11.121853405329574,17.180198899819032,11.121853405329574,244.7670432960008,265.6078646257534,364.489158613486,0.13866967590706417,0.009166666666666667,0.007743923611111111,0.15558026618484194,2.4044197338151587,0.951381166817237,250.08985595703126,0.0,0.0,250.08985595703126,377.78985595703125,2733.6686896011447,241.2421875,30.0,454.7670432960008,0.0,1,P01_GAMMA02_M022_01,P01_GAMMA02_M022_01,P01,M022,7353.15625,7378.5,25.34375,9.121853405329574,2.0
E52_82c821a5773d0bfbe554f10a,8.076779724762304,11.397135806608844,8.076779724762304,512.9354114719376,566.0737563002253,707.0407539741487,0.2825549862639304,0.009166666666666667,0.007743923611111111,0.29946557654170813,2.2605344234582923,0.9064170073307162,637.6601379394531,0.0,0.0,637.6601379394531,765.3601379394531,5302.805654806116,465.3601379394531,30.0,722.9354114719376,0.0,1,P01_GAMMA02_M022_01,P01_GAMMA02_M022_01,P01,M022,7353.15625,7378.5,25.34375,6.076779724762304,2.0
E52_8ca7795ffa642a3b129c0a3d,7.7956091979229996,15.730152054416479,7.7956091979229996,330.94608252023,369.9122522589995,428.0951466078428,0.17832668261553564,0.009166666666666667,0.007743923611111111,0.1952372728933134,2.364762727106687,0.9389883522208395,467.5940368652344,0.0,0.0,467.5940368652344,595.2940368652344,3210.713599558821,335.390380859375,30.0,540.94608252023,0.0,1,P01_GAMMA02_M022_01,P01_GAMMA02_M022_01,P01,M022,7353.15625,7378.5,25.34375,5.7956091979229996,2.0
E52_9026ce0d2a5dd9a75ef73c8e,6.074625135805661,6.720084116703532,6.074625135805661,248.61637070099954,267.37077642202814,384.70630707582717,0.14290187810434732,0.009166666666666667,0.007743923611111111,0.1598124683821251,2.4001875316178753,0.9500586036305859,225.05286865234376,0.0,0.0,225.05286865234376,352.75286865234375,2885.297303068704,302.75286865234375,30.0,458.61637070099954,0.0,1,P01_GAMMA02_M022_01,P01_GAMMA02_M022_01,P01,M022,7353.15625,7378.5,25.34375,4.074625135805661,2.0
E52_96da4f081c74d8211b4b244f,12.160570867552764,12.47027426673894,12.160570867552764,406.4445801679392,437.368205859671,627.3474061854878,0.23339590098708082,0.009166666666666667,0.007743923611111111,0.2503064912648586,2.309693508735142,0.9217792214797317,371.08350830078126,0.0,0.0,371.08350830078126,498.78350830078125,4705.105546391158,251.37640380859375,30.0,616.4445801679392,0.0,1,P01_GAMMA02_M022_01,P01_GAMMA02_M022_01,P01,M022,7353.15625,7378.5,25.34375,10.160570867552764,2.0
E52_a3836b1674b2d70f748125c1,9.764232060769913,18.388582284998307,9.764232060769913,238.77143733771516,265.74771093797557,315.68523307386783,0.1296256139323784,0.009166666666666667,0.007743923611111111,0.14653620421015617,2.4134637957898444,0.9542074361843262,323.715283203125,0.0,0.0,323.715283203125,451.415283203125,2367.639248054009,217.29420471191406,30.0,448.77143733771516,0.0,1,P01_GAMMA02_M022_01,P01_GAMMA02_M022_01,P01,M022,7353.15625,7378.5,25.34375,7.764232060769913,2.0
E52_a77602565c04dca5831f9b7a,7.947031750073748,15.758600383852013,7.947031750073748,295.3505394617105,322.31471665694164,428.9160157520343,0.16578365241547813,0.009166666666666667,0.007743923611111111,0.1826942426932559,2.3773057573067446,0.9429080491583576,323.57012634277345,0.0,0.0,323.57012634277345,451.27012634277344,3216.870118140257,284.58648681640625,30.0,505.3505394617105,0.0,1,P01_GAMMA02_M022_01,P01_GAMMA02_M022_01,P01,M022,7353.15625,7378.5,25.34375,5.947031750073748,2.0
E52_afb1e3673ff3adbe9c45b8fc,5.814934735780739,6.956106286850726,5.814934735780739,250.21040235058808,271.27175132926646,374.0527108291059,0.1419599864782851,0.009166666666666667,0.007743923611111111,0.15887057675606286,2.4011294232439377,0.9503529447637303,252.73618774414064,0.0,0.0,252.73618774414064,380.4361877441406,2805.395331218294,291.6474609375,30.0,460.2104023505881,0.0,1,P01_GAMMA02_M022_01,P01_GAMMA02_M022_01,P01,M022,7353.15625,7378.5,25.34375,3.8149347357807386,2.0
E52_b544b4d7beda1d6ed7fbeefb,7.6231374987563925,16.252686834440453,7.6231374987563925,293.91354735972715,324.49113296153376,404.3615811086144,0.16179511839250177,0.009166666666666667,0.007743923611111111,0.17870570867027954,2.381294291329721,0.9441544660405377,366.9310272216797,0.0,0.0,366.9310272216797,494.6310272216797,3032.711858314608,277.91845703125,30.0,503.91354735972715,0.0,1,P01_GAMMA02_M022_01,P01_GAMMA02_M022_01,P01,M022,7353.15625,7378.5,25.34375,5.6231374987563925,2.0
E52_b60e4d2a4cdcd5801a5d757f,7.414302776206256,16.480566458341656,7.414302776206256,308.26023760270465,345.626388522301,392.32356968783114,0.16519254750221457,0.009166666666666667,0.007743923611111111,0.18210313777999235,2.377896862220008,0.9430927694437524,448.39381103515626,0.0,0.0,448.39381103515626,576.0938110351562,2942.4267726587336,326.2397766113281,30.0,518.2602376027046,0.0,1,P01_GAMMA02_M022_01,P01_GAMMA02_M022_01,P01,M022,7353.15625,7378.5,25.34375,5.414302776206256,2.0
E52_b6789310c1ab16898a769b78,16.581986298781203,2.625622464396969,2.625622464396969,372.38145547243056,389.4038741939475,617.4514627840539,0.21924054354678854,0.009166666666666667,0.007743923611111111,0.23615113382456632,2.3238488661754344,0.926202770679823,225.84925537109376,21.580230712890625,21.580230712890625,225.84925537109376,353.54925537109375,4630.885970880404,303.54925537109375,30.0,582.3814554724306,0.0,1,P01_GAMMA02_M022_01,P01_GAMMA02_M022_01,P01,M022,7353.15625,7378.5,25.34375,0.6256224643969688,2.0
E52_b7c433bb400c5a28313b13f0,7.923786050426031,16.00220965111248,7.923786050426031,270.63016208552887,291.2047849391259,417.8125870494757,0.1554195344851095,0.009166666666666667,0.007743923611111111,0.17233012476288728,2.3876698752371133,0.9461468360115978,246.89547424316407,0.0,0.0,246.89547424316407,374.59547424316406,3133.594402871068,284.58648681640625,30.0,480.63016208552887,0.0,1,P01_GAMMA02_M022_01,P01_GAMMA02_M022_01,P01,M022,7353.15625,7378.5,25.34375,5.923786050426031,2.0
E52_be69bdf55826f2eb34075d09,11.826195542543985,12.029424972929434,11.826195542543985,457.6877788138426,500.48965717077624,658.5642874860837,0.25604119113741575,0.009166666666666667,0.007743923611111111,0.2729517814151935,2.287048218584807,0.9147025683077521,513.6225402832031,0.0,0.0,513.6225402832031,641.3225402832031,4939.232156145627,341.3225402832031,30.0,667.6877788138427,0.0,1,P01_GAMMA02_M022_01,P01_GAMMA02_M022_01,P01,M022,7353.15625,7378.5,25.34375,9.826195542543985,2.0
E52_bfffb2993ede6e2e2bd9340b,17.568404985266255,13.053008949478723,13.053008949478723,400.85355156655817,436.85476820067277,585.6998033284289,0.22550922551216515,0.009166666666666667,0.007743923611111111,0.24241981578994293,2.3175801842100574,0.9242438075656428,432.014599609375,0.0,0.0,432.014599609375,559.714599609375,4392.748524963216,275.29461669921875,30.0,610.8535515665582,0.0,1,P01_GAMMA02_M022_01,P01_GAMMA02_M022_01,P01,M022,7353.15625,7378.5,25.34375,11.053008949478723,2.0
E52_c0294c7ff44d44fc4ede8d97,7.094698880169659,16.7256600789149,7.094698880169659,316.70783025924425,358.9570632507807,379.92026256926977,0.16644027302831577,0.009166666666666667,0.007743923611111111,0.18335086330609354,2.376649136693907,0.9427028552168457,506.9907958984375,0.0,0.0,506.9907958984375,634.6907958984375,2849.4019692695233,334.6907958984375,30.0,526.7078302592442,0.0,1,P01_GAMMA02_M022_01,P01_GAMMA02_M022_01,P01,M022,7353.15625,7378.5,25.34375,5.094698880169659,2.0
E52_c10a50247c57c0340b451298,3.3487359459930275,3.1495087650690863,3.1495087650690863,410.4813485396202,450.8988478275434,578.4577013517014,0.22790762835174688,0.009166666666666667,0.007743923611111111,0.24481821862952466,2.315181781370476,0.9234943066782736,485.00999145507814,0.0,0.0,485.00999145507814,612.7099914550781,4338.432760137761,515.4917602539062,30.0,620.4813485396203,0.0,1,P01_GAMMA02_M022_01,P01_GAMMA02_M022_01,P01,M022,7353.15625,7378.5,25.34375,1.1495087650690863,2.0
E52_c76d93c5902d0dc017f7065c,7.681977684186293,16.05706218628906,7.681977684186293,260.86241804033426,278.57034040361555,415.47730190098105,0.1516149798935124,0.009166666666666667,0.007743923611111111,0.1685255701712902,2.3914744298287105,0.9473357593214718,212.495068359375,0.0,0.0,212.495068359375,340.195068359375,3116.079764257358,277.91845703125,30.0,470.86241804033426,0.0,1,P01_GAMMA02_M022_01,P01_GAMMA02_M022_01,P01,M022,7353.15625,7378.5,25.34375,5.681977684186293,2.0
E52_d22cbe82615c6d2ee0ebf49f,7.765161786821068,15.758568264926964,7.765161786821068,318.17309843891866,352.9726015110215,427.5491784452201,0.1737067461230003,0.009166666666666667,0.007743923611111111,0.19061733640077808,2.3693826635992226,0.9404320823747568,417.5940368652344,0.0,0.0,417.5940368652344,545.2940368652344,3206.618838339151,335.390380859375,30.0,528.1730984389187,0.0,1,P01_GAMMA02_M022_01,P01_GAMMA02_M022_01,P01,M022,7353.15625,7378.5,25.34375,5.765161786821068,2.0
E52_dbec4f1422e98765afb262aa,6.293842254376955,16.38523852602286,6.293842254376955,322.5402116809159,364.1002534899979,395.72017250733956,0.1707521496628321,0.009166666666666667,0.007743923611111111,0.18766273994060986,2.372337260059391,0.9413553937685595,498.7205017089844,0.0,0.0,498.7205017089844,626.4205017089844,2967.901293805047,326.4205017089844,30.0,532.540211680916,0.0,1,P01_GAMMA02_M022_01,P01_GAMMA02_M022_01,P01,M022,7353.15625,7378.5,25.34375,4.293842254376955,2.0
E52_dc4c132291b7b9525a26c82f,7.641045480162546,16.290878065555617,7.641045480162546,256.41354735972715,274.49113296153376,404.3615811086144,0.14845852840407586,0.009166666666666667,0.007743923611111111,0.16536911868185364,2.3946308813181467,0.9483221504119207,216.9310272216797,0.0,0.0,216.9310272216797,344.6310272216797,3032.711858314608,277.91845703125,30.0,466.41354735972715,0.0,1,P01_GAMMA02_M022_01,P01_GAMMA02_M022_01,P01,M022,7353.15625,7378.5,25.34375,5.641045480162546,2.0
E52_de2c36302e014a6d0284c896,7.459095212667762,15.994052628622484,7.459095212667762,325.41177480357015,364.7238282296769,414.95122905049965,0.1744969638873427,0.009166666666666667,0.007743923611111111,0.19140755416512048,2.36859244583488,0.9401851393233999,471.74464111328126,0.0,0.0,471.74464111328126,599.4446411132812,3112.134217878747,325.15069580078125,30.0,535.4117748035701,0.0,1,P01_GAMMA02_M022_01,P01_GAMMA02_M022_01,P01,M022,7353.15625,7378.5,25.34375,5.459095212667762,2.0
E52_e0325aad0b87e7c07e10fc2c,7.551376628484562,5.987785159048158,5.987785159048158,275.1983248954777,294.96932963587483,418.60161500091635,0.15682137892336617,0.009166666666666667,0.007743923611111111,0.17373196920114395,2.3862680307988566,0.9457087596246425,248.53977661132814,11.2877197265625,11.2877197265625,248.53977661132814,376.2397766113281,3139.5121125068727,326.2397766113281,30.0,485.1983248954777,0.0,1,P01_GAMMA02_M022_01,P01_GAMMA02_M022_01,P01,M022,7353.15625,7378.5,25.34375,3.9877851590481583,2.0
E52_e0cd6bab1a22c4530d9a254c,6.335212662703839,6.471069764274475,6.335212662703839,260.0402116809159,280.7669201566646,395.72017250733956,0.14852449968212222,0.009166666666666667,0.007743923611111111,0.1654350899599,2.3945649100401005,0.9483015343875313,248.7205017089844,0.0,0.0,248.7205017089844,376.4205017089844,2967.901293805047,326.4205017089844,30.0,470.0402116809159,0.0,1,P01_GAMMA02_M022_01,P01_GAMMA02_M022_01,P01,M022,7353.15625,7378.5,25.34375,4.335212662703839,2.0
E52_ea76d341ab82f2ebc1fa1efe,7.501895371811287,6.056283714240493,6.056283714240493,275.41177480357015,298.05716156301025,414.95122905049965,0.15671484390277482,0.009166666666666667,0.007743923611111111,0.1736254341805526,2.3863745658194477,0.9457420518185773,271.74464111328126,0.0,0.0,271.74464111328126,399.44464111328125,3112.134217878747,325.15069580078125,30.0,485.41177480357015,0.0,1,P01_GAMMA02_M022_01,P01_GAMMA02_M022_01,P01,M022,7353.15625,7378.5,25.34375,4.056283714240493,2.0
E52_eab18c460278cfbad2c20da0,8.4087889284136,7.760329046990023,7.760329046990023,212.31476099060268,226.15454090800176,341.5908424768108,0.12388533452538679,0.009166666666666667,0.007743923611111111,0.14079592480316458,2.419204075196836,0.9560012734990111,166.07735900878907,0.0,0.0,166.07735900878907,293.77735900878906,2561.931318576081,213.8477783203125,30.0,422.3147609906027,0.0,1,P01_GAMMA02_M022_01,P01_GAMMA02_M022_01,P01,M022,7353.15625,7378.5,25.34375,5.760329046990023,2.0
E52_eddf192c3626d88d236d26e4,9.181102054583278,17.034187922993553,9.181102054583278,241.72684180786888,260.473536754158,370.9735139380034,0.13850678679446915,0.009166666666666667,0.007743923611111111,0.15541737707224693,2.4045826229277534,0.9514320696649229,224.96033935546876,0.0,0.0,224.96033935546876,352.66033935546875,2782.3013545350254,199.07135009765625,30.0,451.7268418078689,0.0,1,P01_GAMMA02_M022_01,P01_GAMMA02_M022_01,P01,M022,7353.15625,7378.5,25.34375,7.1811020545832775,2.0
E52_f2fabdd802684ffd17ed2273,5.806176205477328,16.925225818485302,5.806176205477328,275.2104023505881,304.60508466259984,374.0527108291059,0.15085104647056902,0.009166666666666667,0.007743923611111111,0.1677616367483468,2.3922383632516535,0.9475744885161417,352.73618774414064,0.0,0.0,352.73618774414064,480.4361877441406,2805.395331218294,291.6474609375,30.0,485.2104023505881,0.0,1,P01_GAMMA02_M022_01,P01_GAMMA02_M022_01,P01,M022,7353.15625,7378.5,25.34375,3.8061762054773283,2.0
E52_fd527d975e1813662620f82c,12.407337927140702,12.45056667278017,12.407337927140702,418.2192341110554,452.9085204066283,628.3027504486734,0.23771876612520712,0.009166666666666667,0.007743923611111111,0.2546293564029849,2.3053706435970156,0.9204283261240672,416.271435546875,0.0,0.0,416.271435546875,543.971435546875,4712.2706283650505,306.8754577636719,30.0,628.2192341110554,0.0,1,P01_GAMMA02_M022_01,P01_GAMMA02_M022_01,P01,M022,7353.15625,7378.5,25.34375,10.407337927140702,2.0
E52_831cee7e7a3a549796e42b18,7.938327538319527,10.042846261792022,7.938327538319527,524.445203057942,560.9167693217765,830.061008532876,0.3040708837654974,0.009166666666666667,0.007743923611111111,0.32098147404327515,2.2390185259567255,0.8996932893614765,437.65879516601564,0.0,0.0,437.65879516601564,565.3587951660156,6225.457563996571,359.5916748046875,30.0,734.445203057942,0.0,1,P01_GAMMA02_M022_01,P01_GAMMA02_M022_01,P01,M022,7353.15625,7378.5,25.34375,5.938327538319527,2.0
E52_d3460088443e86b69235cf2f,8.949561532188412,10.110906533633653,8.949561532188412,520.9986937965015,557.4049117530444,823.5600798537452,0.3019244763287566,0.009166666666666667,0.007743923611111111,0.3188350666065343,2.241164933393466,0.900364041685458,436.87461547851564,0.0,0.0,436.87461547851564,564.5746154785156,6176.700598903089,276.8628845214844,30.0,730.9986937965015,0.0,1,P01_GAMMA02_M022_01,P01_GAMMA02_M022_01,P01,M022,7353.15625,7378.5,25.34375,6.949561532188412,2.0
E52_c98d1e580ba9a8920eeacbdb,7.682919664695206,9.995636820319618,7.682919664695206,531.3190315479533,569.3529452238973,834.4345810402425,0.30713490815373307,0.009166666666666667,0.007743923611111111,0.3240454984315108,2.23595450156849,0.8987357817401529,456.40696411132814,0.0,0.0,456.40696411132814,584.1069641113281,6258.259357801819,362.73199462890625,30.0,741.3190315479533,0.0,1,P01_GAMMA02_M022_01,P01_GAMMA02_M022_01,P01,M022,7353.15625,7378.5,25.34375,5.682919664695206,2.0
E52_413d3eff5d481ef66f8d3068,7.220161522567707,9.493762996477216,7.220161522567707,548.7789293194231,584.2784598573463,884.5606754113072,0.3204434082194385,0.009166666666666667,0.007743923611111111,0.33735399849721626,2.2226460015027842,0.89457687546962,425.99436645507814,0.0,0.0,425.99436645507814,553.6943664550781,6634.205065584804,329.6845703125,30.0,758.7789293194231,0.0,1,P01_GAMMA02_M022_01,P01_GAMMA02_M022_01,P01,M022,7353.15625,7378.5,25.34375,5.220161522567707,2.0
E52_88c1c7aba1fcf94c58dad20e,7.231958563252377,9.497510042154289,7.231958563252377,536.2789293194231,567.6117931906797,884.5606754113072,0.3159978782232965,0.009166666666666667,0.007743923611111111,0.33290846850107425,2.2270915314989264,0.8959661035934143,375.99436645507814,0.0,0.0,375.99436645507814,503.6943664550781,6634.205065584804,329.6845703125,30.0,746.2789293194231,0.0,1,P01_GAMMA02_M022_01,P01_GAMMA02_M022_01,P01,M022,7353.15625,7378.5,25.34375,5.231958563252377,2.0
E52_2e64690809088e2a96fb2160,7.240860827363036,9.500767968691491,7.240860827363036,523.7789293194231,550.945126524013,884.5606754113072,0.31155234822715455,0.009166666666666667,0.007743923611111111,0.3284629385049323,2.231537061495068,0.8973553317172087,325.99436645507814,0.0,0.0,325.99436645507814,453.6943664550781,6634.205065584804,329.6845703125,30.0,733.7789293194231,0.0,1,P01_GAMMA02_M022_01,P01_GAMMA02_M022_01,P01,M022,7353.15625,7378.5,25.34375,5.240860827363036,2.0
E52_cdef0b479e00ae29ebd83132,4.234944867584801,10.01648148125875,4.234944867584801,520.0071121141804,554.5433095222207,832.7970397801186,0.3028799960747676,0.009166666666666667,0.007743923611111111,0.31979058635254537,2.240209413647455,0.9000654417648296,414.4343688964844,0.0,0.0,414.4343688964844,542.1343688964844,6245.977798350889,297.6476745605469,30.0,730.0071121141804,0.0,1,P01_GAMMA02_M022_01,P01_GAMMA02_M022_01,P01,M022,7353.15625,7378.5,25.34375,2.234944867584801,2.0
E52_30110e5b3ae38ecfab28ace2,4.669756341818356,10.05954008012911,4.669756341818356,514.4106891471403,547.7506496268766,828.7816154158626,0.30032099335417484,0.009166666666666667,0.007743923611111111,0.3172315836319526,2.242768416368048,0.9008651301150148,400.07952575683595,0.0,0.0,400.07952575683595,527.7795257568359,6215.862115618969,313.0162353515625,30.0,724.4106891471403,0.0,1,P01_GAMMA02_M022_01,P01_GAMMA02_M022_01,P01,M022,7353.15625,7378.5,25.34375,2.6697563418183563,2.0
E52_0c9d91fc306062a18ada9948,5.682714654617925,15.697900697510477,5.682714654617925,331.42241999480143,370.2725110389095,429.7442937249544,0.1787296459836012,0.009166666666666667,0.16721527777777778,0.35511159042804563,2.204888409571955,0.8890276279912357,466.2010925292969,0.0,0.0,466.2010925292969,593.9010925292969,3223.082202937158,326.7436828613281,30.0,541.4224199948014,0.0,1,P01_GAMMA02_M022_02,P01_GAMMA02_M022_02,P01,M022,7386.0,7933.25,547.25,3.682714654617925,2.0
E52_189eb019491ad876aa165071,4.7107574847429134,3.8094716871601975,3.8094716871601975,403.09916814168594,448.35288467407526,534.676037089036,0.21908171065325852,0.009166666666666667,0.16721527777777778,0.395463655097703,2.1645363449022974,0.8764176077819679,543.0445983886718,0.0,0.0,543.0445983886718,670.7445983886719,4010.07027816777,391.87322998046875,30.0,613.0991681416859,0.0,1,P01_GAMMA02_M022_02,P01_GAMMA02_M022_02,P01,M022,7386.0,7933.25,547.25,1.8094716871601975,2.0
E52_1ef47ef68c1879e18ddbb164,9.141562647991847,9.684707827919368,9.141562647991847,525.9457118932837,556.9823492630754,865.6715995678175,0.30964781577290457,0.009166666666666667,0.16721527777777778,0.486029760217349,2.0739702397826516,0.8481156999320785,372.4396484375,0.0,0.0,372.4396484375,500.1396484375,6492.536996758631,304.7821350097656,30.0,735.9457118932837,0.0,1,P01_GAMMA02_M022_02,P01_GAMMA02_M022_02,P01,M022,7386.0,7933.25,547.25,7.141562647991847,2.0
E52_214ce9a3b3bd3fa9c582335a,6.700573680437259,15.138353346483314,6.700573680437259,331.46735474952504,365.31699057309277,459.8368945576438,0.1830074384559416,0.009166666666666667,0.16721527777777778,0.359389382900386,2.2006106170996143,0.8876908178436294,406.1956298828125,0.0,0.0,406.1956298828125,533.8956298828125,3448.7767091823284,283.8956298828125,30.0,541.467354749525,0.0,1,P01_GAMMA02_M022_02,P01_GAMMA02_M022_02,P01,M022,7386.0,7933.25,547.25,4.700573680437259,2.0
E52_27bf01e9e990859ae5993708,5.457169743955134,15.932490639468014,5.457169743955134,318.6138217216496,355.0514931287134,418.60161500091635,0.17259630304263499,0.009166666666666667,0.16721527777777778,0.3489782474870794,2.211021752512921,0.8909442976602877,437.25205688476564,0.0,0.0,437.25205688476564,564.9520568847656,3139.5121125068727,326.2397766113281,30.0,528.6138217216496,0.0,1,P01_GAMMA02_M022_02,P01_GAMMA02_M022_02,P01,M022,7386.0,7933.25,547.25,3.4571697439551343,2.0
E52_27fdcb9bc2da20af468e67a1,6.104218633281988,15.630401191469062,6.104218633281988,333.5201066466774,372.5049327982074,433.1312563841751,0.1799553449394086,0.009166666666666667,0.16721527777777778,0.356337289383853,2.2036627106161477,0.888644597067546,467.8179138183594,0.0,0.0,467.8179138183594,595.5179138183594,3248.4844228813135,322.1230773925781,30.0,543.5201066466774,0.0,1,P01_GAMMA02_M022_02,P01_GAMMA02_M022_02,P01,M022,7386.0,7933.25,547.25,4.104218633281988,2.0
E52_2cea01313b8862fcfb6b2e63,8.362609841558438,16.460055432828085,8.362609841558438,259.5957489704318,280.08528245838755,396.2542970131293,0.148442074342722,0.009166666666666667,0.16721527777777778,0.32482401878716644,2.235175981212834,0.8984924941290104,245.87440185546876,0.0,0.0,245.87440185546876,373.57440185546875,2971.90722759847,231.8917236328125,30.0,469.5957489704318,0.0,1,P01_GAMMA02_M022_02,P01_GAMMA02_M022_02,P01,M022,7386.0,7933.25,547.25,6.362609841558438,2.0
E52_4cf0fac9feb721651efb2830,6.998212924039663,17.82597875173802,6.998212924039663,242.69354898018014,267.32891198677197,337.5749199208095,0.13412057160327687,0.009166666666666667,0.16721527777777778,0.3105025160477213,2.249497483952279,0.9029679637350871,295.6243560791016,0.0,0.0,295.6243560791016,423.32435607910156,2531.8118994060715,217.31182861328125,30.0,452.69354898018014,0.0,1,P01_GAMMA02_M022_02,P01_GAMMA02_M022_02,P01,M022,7386.0,7933.25,547.25,4.998212924039663,2.0
E52_4d215302190bc5bfb29bf912,3.785853652478636,16.37371485667674,3.785853652478636,307.50969179304633,343.7570581260541,397.53518558804575,0.1656637075427803,0.009166666666666667,0.16721527777777778,0.3420456519872247,2.2179543480127757,0.8931107337539923,434.96839599609376,0.0,0.0,434.96839599609376,562.6683959960938,2981.5138919103433,336.56707763671875,30.0,517.5096917930464,0.0,1,P01_GAMMA02_M022_02,P01_GAMMA02_M022_02,P01,M022,7386.0,7933.25,547.25,1.785853652478636,2.0
E52_50c718ca7f326f764494c89d,14.334642037780668,13.080943299176411,13.080943299176411,350.85355156655817,370.1881015340061,585.6998033284289,0.20772710552759727,0.009166666666666667,0.16721527777777778,0.3841090499720417,2.175890950027959,0.879965921883737,232.014599609375,0.0,0.0,232.014599609375,359.714599609375,4392.748524963216,275.29461669921875,30.0,560.8535515665582,0.0,1,P01_GAMMA02_M022_02,P01_GAMMA02_M022_02,P01,M022,7386.0,7933.25,547.25,11.080943299176411,2.0
E52_515a3b7c8d98426ee13f2b4e,7.786538932173912,17.07508762021844,7.786538932173912,242.68536134104386,262.0561394884234,369.14605379781034,0.13858886614696947,0.009166666666666667,0.16721527777777778,0.3149708105914139,2.2450291894085868,0.9015716216901831,232.4493377685547,0.0,0.0,232.4493377685547,360.1493377685547,2768.5954034835777,210.1493377685547,30.0,452.68536134104386,0.0,1,P01_GAMMA02_M022_02,P01_GAMMA02_M022_02,P01,M022,7386.0,7933.25,547.25,5.786538932173912,2.0
E52_60b76d98beea93305f35c25d,7.924907482409168,16.79058398580294,7.924907482409168,271.8613885249859,299.0873836523459,380.3668062858116,0.15055421784231732,0.009166666666666667,0.16721527777777778,0.32693616228676176,2.233063837713239,0.897832449285387,326.7119415283203,0.0,0.0,326.7119415283203,454.4119415283203,2852.751047143587,241.2421875,30.0,481.8613885249859,0.0,1,P01_GAMMA02_M022_02,P01_GAMMA02_M022_02,P01,M022,7386.0,7933.25,547.25,5.924907482409168,2.0
E52_68694062ed2e2e792aeb51a9,5.8056357366346845,17.695890544520793,5.8056357366346845,262.3147609906027,292.8212075746684,341.5908424768108,0.1416674545099547,0.009166666666666667,0.16721527777777778,0.3180493989543991,2.2419506010456014,0.9006095628267503,366.0773590087891,0.0,0.0,366.0773590087891,493.77735900878906,2561.931318576081,213.8477783203125,30.0,472.3147609906027,0.0,1,P01_GAMMA02_M022_02,P01_GAMMA02_M022_02,P01,M022,7386.0,7933.25,547.25,3.8056357366346845,2.0
E52_76b4f0bdabd1ccab126282dd,7.552690382552015,17.180198899819032,7.552690382552015,244.7670432960008,265.6078646257534,364.489158613486,0.13866967590706417,0.009166666666666667,0.16721527777777778,0.3150516203515086,2.244948379648492,0.9015463686401536,250.08985595703126,0.0,0.0,250.08985595703126,377.78985595703125,2733.6686896011447,241.2421875,30.0,454.7670432960008,0.0,1,P01_GAMMA02_M022_02,P01_GAMMA02_M022_02,P01,M022,7386.0,7933.25,547.25,5.552690382552015,2.0
E52_82c821a5773d0bfbe554f10a,8.226809702901718,11.397135806608844,8.226809702901718,512.9354114719376,566.0737563002253,707.0407539741487,0.2825549862639304,0.009166666666666667,0.16721527777777778,0.4589369307083748,2.1010630692916257,0.8565822091536328,637.6601379394531,0.0,0.0,637.6601379394531,765.3601379394531,5302.805654806116,465.3601379394531,30.0,722.9354114719376,0.0,1,P01_GAMMA02_M022_02,P01_GAMMA02_M022_02,P01,M022,7386.0,7933.25,547.25,6.226809702901718,2.0
E52_8ca7795ffa642a3b129c0a3d,5.700721261922126,15.730152054416479,5.700721261922126,330.94608252023,369.9122522589995,428.0951466078428,0.17832668261553564,0.009166666666666667,0.16721527777777778,0.3547086270599801,2.2052913729400205,0.8891535540437563,467.5940368652344,0.0,0.0,467.5940368652344,595.2940368652344,3210.713599558821,335.390380859375,30.0,540.94608252023,0.0,1,P01_GAMMA02_M022_02,P01_GAMMA02_M022_02,P01,M022,7386.0,7933.25,547.25,3.7007212619221264,2.0
E52_96da4f081c74d8211b4b244f,11.344550318144897,12.47027426673894,11.344550318144897,406.4445801679392,437.368205859671,627.3474061854878,0.23339590098708082,0.009166666666666667,0.16721527777777778,0.4097778454315253,2.150222154568475,0.8719444233026483,371.08350830078126,0.0,0.0,371.08350830078126,498.78350830078125,4705.105546391158,251.37640380859375,30.0,616.4445801679392,0.0,1,P01_GAMMA02_M022_02,P01_GAMMA02_M022_02,P01,M022,7386.0,7933.25,547.25,9.344550318144897,2.0
E52_a3836b1674b2d70f748125c1,6.57521379218305,18.388582284998307,6.57521379218305,238.77143733771516,265.74771093797557,315.68523307386783,0.1296256139323784,0.009166666666666667,0.16721527777777778,0.3060075583768228,2.253992441623178,0.9043726380072429,323.715283203125,0.0,0.0,323.715283203125,451.415283203125,2367.639248054009,217.29420471191406,30.0,448.77143733771516,0.0,1,P01_GAMMA02_M022_02,P01_GAMMA02_M022_02,P01,M022,7386.0,7933.25,547.25,4.57521379218305,2.0
E52_b544b4d7beda1d6ed7fbeefb,5.48852053666009,16.252686834440453,5.48852053666009,293.91354735972715,324.49113296153376,404.3615811086144,0.16179511839250177,0.009166666666666667,0.16721527777777778,0.3381770628369462,2.2218229371630542,0.8943196678634543,366.9310272216797,0.0,0.0,366.9310272216797,494.6310272216797,3032.711858314608,277.91845703125,30.0,503.91354735972715,0.0,1,P01_GAMMA02_M022_02,P01_GAMMA02_M022_02,P01,M022,7386.0,7933.25,547.25,3.48852053666009,2.0
E52_b60e4d2a4cdcd5801a5d757f,5.286593515944801,16.480566458341656,5.286593515944801,308.26023760270465,345.626388522301,392.32356968783114,0.16519254750221457,0.009166666666666667,0.16721527777777778,0.341574491946659,2.2184255080533415,0.8932579712666691,448.39381103515626,0.0,0.0,448.39381103515626,576.0938110351562,2942.4267726587336,326.2397766113281,30.0,518.2602376027046,0.0,1,P01_GAMMA02_M022_02,P01_GAMMA02_M022_02,P01,M022,7386.0,7933.25,547.25,3.2865935159448014,2.0
E52_b6789310c1ab16898a769b78,15.706200065217104,2.625622464396969,2.625622464396969,372.38145547243056,389.4038741939475,617.4514627840539,0.21924054354678854,0.009166666666666667,0.16721527777777778,0.395622487991233,2.1643775120087674,0.8763679725027397,225.84925537109376,21.580230712890625,21.580230712890625,225.84925537109376,353.54925537109375,4630.885970880404,303.54925537109375,30.0,582.3814554724306,0.0,1,P01_GAMMA02_M022_02,P01_GAMMA02_M022_02,P01,M022,7386.0,7933.25,547.25,0.6256224643969688,2.0
E52_be69bdf55826f2eb34075d09,12.089343064167153,12.029424972929434,12.029424972929434,457.6877788138426,500.48965717077624,658.5642874860837,0.25604119113741575,0.009166666666666667,0.16721527777777778,0.4324231355818602,2.12757686441814,0.8648677701306687,513.6225402832031,0.0,0.0,513.6225402832031,641.3225402832031,4939.232156145627,341.3225402832031,30.0,667.6877788138427,0.0,1,P01_GAMMA02_M022_02,P01_GAMMA02_M022_02,P01,M022,7386.0,7933.25,547.25,10.029424972929434,2.0
E52_bfffb2993ede6e2e2bd9340b,14.028371400881156,13.053008949478723,13.053008949478723,400.85355156655817,436.85476820067277,585.6998033284289,0.22550922551216515,0.009166666666666667,0.16721527777777778,0.40189116995660956,2.158108830043391,0.8744090093885595,432.014599609375,0.0,0.0,432.014599609375,559.714599609375,4392.748524963216,275.29461669921875,30.0,610.8535515665582,0.0,1,P01_GAMMA02_M022_02,P01_GAMMA02_M022_02,P01,M022,7386.0,7933.25,547.25,11.053008949478723,2.0
E52_c0294c7ff44d44fc4ede8d97,5.006362490083006,16.7256600789149,5.006362490083006,316.70783025924425,358.9570632507807,379.92026256926977,0.16644027302831577,0.009166666666666667,0.16721527777777778,0.3428222174727602,2.2171777825272403,0.8928680570397625,506.9907958984375,0.0,0.0,506.9907958984375,634.6907958984375,2849.4019692695233,334.6907958984375,30.0,526.7078302592442,0.0,1,P01_GAMMA02_M022_02,P01_GAMMA02_M022_02,P01,M022,7386.0,7933.25,547.25,3.0063624900830064,2.0
E52_d22cbe82615c6d2ee0ebf49f,5.6791610470501865,15.758568264926964,5.6791610470501865,318.17309843891866,352.9726015110215,427.5491784452201,0.1737067461230003,0.009166666666666667,0.16721527777777778,0.35008869056744474,2.209911309432556,0.8905972841976735,417.5940368652344,0.0,0.0,417.5940368652344,545.2940368652344,3206.618838339151,335.390380859375,30.0,528.1730984389187,0.0,1,P01_GAMMA02_M022_02,P01_GAMMA02_M022_02,P01,M022,7386.0,7933.25,547.25,3.6791610470501865,2.0
E52_dbec4f1422e98765afb262aa,4.439539268577306,16.38523852602286,4.439539268577306,322.5402116809159,364.1002534899979,395.72017250733956,0.1707521496628321,0.009166666666666667,0.16721527777777778,0.3471340941072765,2.212865905892724,0.8915205955914761,498.7205017089844,0.0,0.0,498.7205017089844,626.4205017089844,2967.901293805047,326.4205017089844,30.0,532.540211680916,0.0,1,P01_GAMMA02_M022_02,P01_GAMMA02_M022_02,P01,M022,7386.0,7933.25,547.25,2.439539268577306,2.0
E52_de2c36302e014a6d0284c896,5.398324716346508,15.994052628622484,5.398324716346508,325.41177480357015,364.7238282296769,414.95122905049965,0.1744969638873427,0.009166666666666667,0.16721527777777778,0.35087890833178714,2.209121091668213,0.8903503411463165,471.74464111328126,0.0,0.0,471.74464111328126,599.4446411132812,3112.134217878747,325.15069580078125,30.0,535.4117748035701,0.0,1,P01_GAMMA02_M022_02,P01_GAMMA02_M022_02,P01,M022,7386.0,7933.25,547.25,3.398324716346508,2.0
E52_eab18c460278cfbad2c20da0,5.839199789598638,7.760329046990023,5.839199789598638,212.31476099060268,226.15454090800176,341.5908424768108,0.12388533452538679,0.009166666666666667,0.16721527777777778,0.30026727896983124,2.2597327210301694,0.9061664753219277,166.07735900878907,0.0,0.0,166.07735900878907,293.77735900878906,2561.931318576081,213.8477783203125,30.0,422.3147609906027,0.0,1,P01_GAMMA02_M022_02,P01_GAMMA02_M022_02,P01,M022,7386.0,7933.25,547.25,3.839199789598638,2.0
E52_eddf192c3626d88d236d26e4,6.44782069450909,17.034187922993553,6.44782069450909,241.72684180786888,260.473536754158,370.9735139380034,0.13850678679446915,0.009166666666666667,0.16721527777777778,0.3148887312389136,2.245111268761087,0.9015972714878395,224.96033935546876,0.0,0.0,224.96033935546876,352.66033935546875,2782.3013545350254,199.07135009765625,30.0,451.7268418078689,0.0,1,P01_GAMMA02_M022_02,P01_GAMMA02_M022_02,P01,M022,7386.0,7933.25,547.25,4.44782069450909,2.0
E52_fd527d975e1813662620f82c,11.639873585239812,12.45056667278017,11.639873585239812,418.2192341110554,452.9085204066283,628.3027504486734,0.23771876612520712,0.009166666666666667,0.16721527777777778,0.4141007105696516,2.145899289430349,0.8705935279469839,416.271435546875,0.0,0.0,416.271435546875,543.971435546875,4712.2706283650505,306.8754577636719,30.0,628.2192341110554,0.0,1,P01_GAMMA02_M022_02,P01_GAMMA02_M022_02,P01,M022,7386.0,7933.25,547.25,9.639873585239812,2.0
E52_831cee7e7a3a549796e42b18,9.382015826221064,10.042846261792022,9.382015826221064,524.445203057942,560.9167693217765,830.061008532876,0.3040708837654974,0.009166666666666667,0.16721527777777778,0.48045282820994184,2.0795471717900584,0.8498584911843932,437.65879516601564,0.0,0.0,437.65879516601564,565.3587951660156,6225.457563996571,359.5916748046875,30.0,734.445203057942,0.0,1,P01_GAMMA02_M022_02,P01_GAMMA02_M022_02,P01,M022,7386.0,7933.25,547.25,7.382015826221064,2.0
E52_d3460088443e86b69235cf2f,10.986388993003118,10.110906533633653,10.110906533633653,520.9986937965015,557.4049117530444,823.5600798537452,0.3019244763287566,0.009166666666666667,0.16721527777777778,0.478306420773201,2.0816935792267994,0.8505292435083747,436.87461547851564,0.0,0.0,436.87461547851564,564.5746154785156,6176.700598903089,276.8628845214844,30.0,730.9986937965015,0.0,1,P01_GAMMA02_M022_02,P01_GAMMA02_M022_02,P01,M022,7386.0,7933.25,547.25,8.110906533633653,2.0
E52_c98d1e580ba9a8920eeacbdb,9.033792486276212,9.995636820319618,9.033792486276212,531.3190315479533,569.3529452238973,834.4345810402425,0.30713490815373307,0.009166666666666667,0.16721527777777778,0.4835168525981775,2.076483147401823,0.8489009835630695,456.40696411132814,0.0,0.0,456.40696411132814,584.1069641113281,6258.259357801819,362.73199462890625,30.0,741.3190315479533,0.0,1,P01_GAMMA02_M022_02,P01_GAMMA02_M022_02,P01,M022,7386.0,7933.25,547.25,7.033792486276212,2.0
E52_413d3eff5d481ef66f8d3068,8.816890668232844,9.493762996477216,8.816890668232844,548.7789293194231,584.2784598573463,884.5606754113072,0.3204434082194385,0.009166666666666667,0.16721527777777778,0.49682535266388295,2.0631746473361177,0.8447420772925366,425.99436645507814,0.0,0.0,425.99436645507814,553.6943664550781,6634.205065584804,329.6845703125,30.0,758.7789293194231,0.0,1,P01_GAMMA02_M022_02,P01_GAMMA02_M022_02,P01,M022,7386.0,7933.25,547.25,6.816890668232844,2.0
E52_88c1c7aba1fcf94c58dad20e,8.833940043230825,9.497510042154289,8.833940043230825,536.2789293194231,567.6117931906797,884.5606754113072,0.3159978782232965,0.009166666666666667,0.16721527777777778,0.49237982266774094,2.06762017733226,0.846131305416331,375.99436645507814,0.0,0.0,375.99436645507814,503.6943664550781,6634.205065584804,329.6845703125,30.0,746.2789293194231,0.0,1,P01_GAMMA02_M022_02,P01_GAMMA02_M022_02,P01,M022,7386.0,7933.25,547.25,6.833940043230825,2.0
E52_2e64690809088e2a96fb2160,8.846819495649527,9.500767968691491,8.846819495649527,523.7789293194231,550.945126524013,884.5606754113072,0.31155234822715455,0.009166666666666667,0.16721527777777778,0.487934292671599,2.0720657073284015,0.8475205335401254,325.99436645507814,0.0,0.0,325.99436645507814,453.6943664550781,6634.205065584804,329.6845703125,30.0,733.7789293194231,0.0,1,P01_GAMMA02_M022_02,P01_GAMMA02_M022_02,P01,M022,7386.0,7933.25,547.25,6.846819495649527,2.0
E52_01234cac2d25748209cb57e8,7.601047425975835,5.963634638729843,5.963634638729843,275.78386787661753,295.55487261701467,419.772700963196,0.15719547582798327,0.009166666666666667,0.007743923611111111,0.17410606610576104,2.3858939338942395,0.9455918543419497,248.53977661132814,11.2877197265625,11.2877197265625,248.53977661132814,376.2397766113281,3148.2952572239697,326.2397766113281,30.0,485.78386787661753,0.0,1,P01_GAMMA02_M022_03,P01_GAMMA02_M022_03,P01,M022,7940.75,7966.09375,25.34375,3.963634638729843,2.0
E52_06eb0baa948af7ff52881bcf,6.1755238516849715,16.258674653736037,6.1755238516849715,296.7597053393259,328.36499963050426,403.88764493158146,0.16274021246714285,0.009166666666666667,0.007743923611111111,0.17965080274492062,2.3803491972550797,0.9438591241422123,379.26353149414064,0.0,0.0,379.26353149414064,506.9635314941406,3029.157336986861,306.9635314941406,30.0,506.7597053393259,0.0,1,P01_GAMMA02_M022_03,P01_GAMMA02_M022_03,P01,M022,7940.75,7966.09375,25.34375,4.1755238516849715,2.0
E52_0c9d91fc306062a18ada9948,7.762464453013962,15.697900697510477,7.762464453013962,331.42241999480143,370.2725110389095,429.7442937249544,0.1787296459836012,0.009166666666666667,0.007743923611111111,0.19564023626137897,2.3643597637386216,0.938862426168319,466.2010925292969,0.0,0.0,466.2010925292969,593.9010925292969,3223.082202937158,326.7436828613281,30.0,541.4224199948014,0.0,1,P01_GAMMA02_M022_03,P01_GAMMA02_M022_03,P01,M022,7940.75,7966.09375,25.34375,5.762464453013962,2.0
E52_189eb019491ad876aa165071,6.054113749058217,3.8094716871601975,3.8094716871601975,403.09916814168594,448.35288467407526,534.676037089036,0.21908171065325852,0.009166666666666667,0.007743923611111111,0.2359923009310363,2.3240076990689644,0.9262524059590511,543.0445983886718,0.0,0.0,543.0445983886718,670.7445983886719,4010.07027816777,391.87322998046875,30.0,613.0991681416859,0.0,1,P01_GAMMA02_M022_03,P01_GAMMA02_M022_03,P01,M022,7940.75,7966.09375,25.34375,1.8094716871601975,2.0
E52_1eac4bbcd37cec5d48241661,7.547649805097649,6.04580255430777,6.04580255430777,275.66392246828667,298.30930922772677,415.4555243799327,0.1568759382441215,0.009166666666666667,0.007743923611111111,0.17378652852189927,2.386213471478101,0.9456917098369064,271.74464111328126,0.0,0.0,271.74464111328126,399.44464111328125,3115.9164328494953,326.2397766113281,30.0,485.66392246828667,0.0,1,P01_GAMMA02_M022_03,P01_GAMMA02_M022_03,P01,M022,7940.75,7966.09375,25.34375,4.04580255430777,2.0
E52_1ef47ef68c1879e18ddbb164,7.544821023482498,9.684707827919368,7.544821023482498,525.9457118932837,556.9823492630754,865.6715995678175,0.30964781577290457,0.009166666666666667,0.007743923611111111,0.3265584060506823,2.233441593949318,0.8979504981091617,372.4396484375,0.0,0.0,372.4396484375,500.1396484375,6492.536996758631,304.7821350097656,30.0,735.9457118932837,0.0,1,P01_GAMMA02_M022_03,P01_GAMMA02_M022_03,P01,M022,7940.75,7966.09375,25.34375,5.544821023482498,2.0
E52_214ce9a3b3bd3fa9c582335a,8.951806118312106,15.138353346483314,8.951806118312106,331.46735474952504,365.31699057309277,459.8368945576438,0.1830074384559416,0.009166666666666667,0.007743923611111111,0.1999180287337194,2.3600819712662813,0.9375256160207127,406.1956298828125,0.0,0.0,406.1956298828125,533.8956298828125,3448.7767091823284,283.8956298828125,30.0,541.467354749525,0.0,1,P01_GAMMA02_M022_03,P01_GAMMA02_M022_03,P01,M022,7940.75,7966.09375,25.34375,6.951806118312106,2.0
E52_231555d7070bcf1a0911e332,7.499173406028149,5.981962334569488,5.981962334569488,303.4113952968874,335.0249979987103,417.14117438283733,0.1669828432889251,0.009166666666666667,0.007743923611111111,0.18389343356670287,2.3761065664332977,0.9425333020104053,379.363232421875,0.0,0.0,379.363232421875,507.063232421875,3128.55880787128,326.2397766113281,30.0,513.4113952968873,0.0,1,P01_GAMMA02_M022_03,P01_GAMMA02_M022_03,P01,M022,7940.75,7966.09375,25.34375,3.981962334569488,2.0
E52_246111a1ef063bec9e89ec9e,3.4766470268783394,13.03223549741864,3.4766470268783394,413.11352328410356,453.07003166626504,586.4879962752384,0.22998101771643822,0.009166666666666667,0.007743923611111111,0.246891607994216,2.3131083920057844,0.9228463725018075,479.4781005859375,0.0,0.0,479.4781005859375,607.1781005859375,4398.659972064288,469.28277587890625,30.0,623.1135232841036,0.0,1,P01_GAMMA02_M022_03,P01_GAMMA02_M022_03,P01,M022,7940.75,7966.09375,25.34375,1.4766470268783394,2.0
E52_24db349315b2a6b84dd4215d,8.366862193712052,5.686957833295324,5.686957833295324,283.5201066466774,305.8382661315407,433.1312563841751,0.1621732249548407,0.009166666666666667,0.007743923611111111,0.1790838152326185,2.380916184767382,0.9440363077398067,267.8179138183594,0.0,0.0,267.8179138183594,395.5179138183594,3248.4844228813135,322.1230773925781,30.0,493.5201066466774,0.0,1,P01_GAMMA02_M022_03,P01_GAMMA02_M022_03,P01,M022,7940.75,7966.09375,25.34375,3.686957833295324,2.0
E52_27bf01e9e990859ae5993708,7.516793395363706,15.932490639468014,7.516793395363706,318.6138217216496,355.0514931287134,418.60161500091635,0.17259630304263499,0.009166666666666667,0.007743923611111111,0.18950689332041276,2.3704931066795876,0.940779095837371,437.25205688476564,0.0,0.0,437.25205688476564,564.9520568847656,3139.5121125068727,326.2397766113281,30.0,528.6138217216496,0.0,1,P01_GAMMA02_M022_03,P01_GAMMA02_M022_03,P01,M022,7940.75,7966.09375,25.34375,5.516793395363706,2.0
E52_27fdcb9bc2da20af468e67a1,8.315863129578489,15.630401191469062,8.315863129578489,333.5201066466774,372.5049327982074,433.1312563841751,0.1799553449394086,0.009166666666666667,0.007743923611111111,0.19686593521718637,2.3631340647828143,0.9384793952446293,467.8179138183594,0.0,0.0,467.8179138183594,595.5179138183594,3248.4844228813135,322.1230773925781,30.0,543.5201066466774,0.0,1,P01_GAMMA02_M022_03,P01_GAMMA02_M022_03,P01,M022,7940.75,7966.09375,25.34375,6.315863129578489,2.0
E52_2cea01313b8862fcfb6b2e63,12.339744810155835,16.460055432828085,12.339744810155835,259.5957489704318,280.08528245838755,396.2542970131293,0.148442074342722,0.009166666666666667,0.007743923611111111,0.16535266462049977,2.3946473353795006,0.9483272923060938,245.87440185546876,0.0,0.0,245.87440185546876,373.57440185546875,2971.90722759847,231.8917236328125,30.0,469.5957489704318,0.0,1,P01_GAMMA02_M022_03,P01_GAMMA02_M022_03,P01,M022,7940.75,7966.09375,25.34375,10.339744810155835,2.0
E52_326bd9096774308657b14836,7.1469786633223436,6.820761438549596,6.820761438549596,254.20783025924425,275.6237299174474,379.92026256926977,0.1442126230476059,0.009166666666666667,0.007743923611111111,0.16112321332538368,2.398876786674617,0.9496489958358176,256.9907958984375,0.0,0.0,256.9907958984375,384.6907958984375,2849.4019692695233,334.6907958984375,30.0,464.20783025924425,0.0,1,P01_GAMMA02_M022_03,P01_GAMMA02_M022_03,P01,M022,7940.75,7966.09375,25.34375,4.820761438549596,2.0
E52_437c6a333219b14c3939f26c,7.518902657794328,6.0194831627628105,6.0194831627628105,277.09771274073506,296.211315442558,417.14117438283733,0.1570562493971614,0.009166666666666667,0.007743923611111111,0.17396683967493917,2.3860331603250615,0.9456353626015815,248.53977661132814,19.176544189453125,19.176544189453125,248.53977661132814,376.2397766113281,3128.55880787128,326.2397766113281,30.0,487.09771274073506,0.0,1,P01_GAMMA02_M022_03,P01_GAMMA02_M022_03,P01,M022,7940.75,7966.09375,25.34375,4.0194831627628105,2.0
E52_44ed69e1d99dc074a7941a18,9.282817077159478,8.900383690419545,8.900383690419545,188.27556058823757,199.0276355292369,299.7078152072368,0.1090911242968749,0.009166666666666667,0.007743923611111111,0.12600171457465267,2.4339982854253477,0.960624464195421,139.59420471191407,10.569305419921875,10.569305419921875,139.59420471191407,267.29420471191406,2247.808614054276,217.29420471191406,30.0,398.27556058823757,0.0,1,P01_GAMMA02_M022_03,P01_GAMMA02_M022_03,P01,M022,7940.75,7966.09375,25.34375,6.900383690419545,2.0
E52_47db2d0d55c92154c779a4c9,5.907262072208482,16.45726286038159,5.907262072208482,312.62709924858126,351.3219092257948,393.08533863388124,0.16685347284684848,0.009166666666666667,0.007743923611111111,0.18376406312462626,2.376235936875374,0.9425737302735543,464.3377197265625,0.0,0.0,464.3377197265625,592.0377197265625,2948.1400397541092,295.61395263671875,30.0,522.6270992485813,0.0,1,P01_GAMMA02_M022_03,P01_GAMMA02_M022_03,P01,M022,7940.75,7966.09375,25.34375,3.907262072208482,2.0
E52_4cf0fac9feb721651efb2830,10.350393977858218,17.82597875173802,10.350393977858218,242.69354898018014,267.32891198677197,337.5749199208095,0.13412057160327687,0.009166666666666667,0.007743923611111111,0.15103116188105464,2.408968838118946,0.9528027619121704,295.6243560791016,0.0,0.0,295.6243560791016,423.32435607910156,2531.8118994060715,217.31182861328125,30.0,452.69354898018014,0.0,1,P01_GAMMA02_M022_03,P01_GAMMA02_M022_03,P01,M022,7940.75,7966.09375,25.34375,8.350393977858218,2.0
E52_4d215302190bc5bfb29bf912,5.470039221436508,16.37371485667674,5.470039221436508,307.50969179304633,343.7570581260541,397.53518558804575,0.1656637075427803,0.009166666666666667,0.007743923611111111,0.18257429782055806,2.3774257021794423,0.9429455319310756,434.96839599609376,0.0,0.0,434.96839599609376,562.6683959960938,2981.5138919103433,336.56707763671875,30.0,517.5096917930464,0.0,1,P01_GAMMA02_M022_03,P01_GAMMA02_M022_03,P01,M022,7940.75,7966.09375,25.34375,3.470039221436508,2.0
E52_50c718ca7f326f764494c89d,17.918410001882506,13.080943299176411,13.080943299176411,350.85355156655817,370.1881015340061,585.6998033284289,0.20772710552759727,0.009166666666666667,0.007743923611111111,0.22463769580537504,2.3353623041946254,0.9298007200608203,232.014599609375,0.0,0.0,232.014599609375,359.714599609375,4392.748524963216,275.29461669921875,30.0,560.8535515665582,0.0,1,P01_GAMMA02_M022_03,P01_GAMMA02_M022_03,P01,M022,7940.75,7966.09375,25.34375,11.080943299176411,2.0
E52_515a3b7c8d98426ee13f2b4e,11.51718042404481,17.07508762021844,11.51718042404481,242.68536134104386,262.0561394884234,369.14605379781034,0.13858886614696947,0.009166666666666667,0.007743923611111111,0.15549945642474725,2.4045005435752533,0.9514064198672665,232.4493377685547,0.0,0.0,232.4493377685547,360.1493377685547,2768.5954034835777,210.1493377685547,30.0,452.68536134104386,0.0,1,P01_GAMMA02_M022_03,P01_GAMMA02_M022_03,P01,M022,7940.75,7966.09375,25.34375,9.51718042404481,2.0
E52_60b76d98beea93305f35c25d,11.689107197156062,16.79058398580294,11.689107197156062,271.8613885249859,299.0873836523459,380.3668062858116,0.15055421784231732,0.009166666666666667,0.007743923611111111,0.1674648081200951,2.3925351918799054,0.9476672474624703,326.7119415283203,0.0,0.0,326.7119415283203,454.4119415283203,2852.751047143587,241.2421875,30.0,481.8613885249859,0.0,1,P01_GAMMA02_M022_03,P01_GAMMA02_M022_03,P01,M022,7940.75,7966.09375,25.34375,9.689107197156062,2.0
E52_68694062ed2e2e792aeb51a9,8.3883552619847,17.695890544520793,8.3883552619847,262.3147609906027,292.8212075746684,341.5908424768108,0.1416674545099547,0.009166666666666667,0.007743923611111111,0.15857804478773246,2.401421955212268,0.9504443610038336,366.0773590087891,0.0,0.0,366.0773590087891,493.77735900878906,2561.931318576081,213.8477783203125,30.0,472.3147609906027,0.0,1,P01_GAMMA02_M022_03,P01_GAMMA02_M022_03,P01,M022,7940.75,7966.09375,25.34375,6.3883552619846995,2.0
E52_6aa461eda22a4c53e6730e81,7.020731882796852,6.478254834226846,6.478254834226846,265.8104536255181,288.3542041341444,395.1560268799425,0.15046620221455187,0.009166666666666667,0.007743923611111111,0.16737679249232965,2.392623207507671,0.947694752346147,271.555615234375,1.030609130859375,1.030609130859375,271.555615234375,399.255615234375,2963.670201599569,349.255615234375,30.0,475.8104536255181,0.0,1,P01_GAMMA02_M022_03,P01_GAMMA02_M022_03,P01,M022,7940.75,7966.09375,25.34375,4.478254834226846,2.0
E52_6dc095df8eb6475486134b5c,3.596267112961712,12.905188948092743,3.596267112961712,424.06014837873875,466.2734748964797,594.8403376510322,0.23505698741925235,0.009166666666666667,0.007743923611111111,0.2519675776970301,2.3080324223029702,0.921260131969678,506.55991821289064,0.0,0.0,506.55991821289064,634.2599182128906,4461.302532382741,440.2059631347656,30.0,634.0601483787387,0.0,1,P01_GAMMA02_M022_03,P01_GAMMA02_M022_03,P01,M022,7940.75,7966.09375,25.34375,1.596267112961712,2.0
E52_73baea82bbbffa2db9d7426a,7.8318603468276535,5.711384152670419,5.711384152670419,297.3854850658978,324.64222792478455,431.2305129784753,0.16683515196021612,0.009166666666666667,0.007743923611111111,0.1837457422379939,2.3762542577620067,0.9425794555506269,327.08091430664064,0.0,0.0,327.08091430664064,454.7809143066406,3234.2288473385647,335.390380859375,30.0,507.3854850658978,0.0,1,P01_GAMMA02_M022_03,P01_GAMMA02_M022_03,P01,M022,7940.75,7966.09375,25.34375,3.711384152670419,2.0
E52_74b3fb0a4920873efc33101b,5.935874421481145,6.525083879148042,5.935874421481145,262.62709924858126,284.6552425591281,393.08533863388124,0.14907135286228057,0.009166666666666667,0.007743923611111111,0.16598194314005835,2.394018056859942,0.9481306427687317,264.3377197265625,0.0,0.0,264.3377197265625,392.0377197265625,2948.1400397541092,295.61395263671875,30.0,472.62709924858126,0.0,1,P01_GAMMA02_M022_03,P01_GAMMA02_M022_03,P01,M022,7940.75,7966.09375,25.34375,3.935874421481145,2.0
E52_7547086a1218012670f76a62,11.963566898631626,2.277872015791573,2.277872015791573,370.7957901832663,387.27013608984186,642.7455049270795,0.2228984084752749,0.009166666666666667,0.007743923611111111,0.23980899875305267,2.3201910012469478,0.9250596878896711,197.69215087890626,0.0,0.0,197.69215087890626,325.39215087890625,4820.591286953097,275.39215087890625,30.0,580.7957901832663,0.0,1,P01_GAMMA02_M022_03,P01_GAMMA02_M022_03,P01,M022,7940.75,7966.09375,25.34375,0.27787201579157284,2.0
E52_76b4f0bdabd1ccab126282dd,11.122083003216943,17.180198899819032,11.122083003216943,244.7670432960008,265.6078646257534,364.489158613486,0.13866967590706417,0.009166666666666667,0.007743923611111111,0.15558026618484194,2.4044197338151587,0.951381166817237,250.08985595703126,0.0,0.0,250.08985595703126,377.78985595703125,2733.6686896011447,241.2421875,30.0,454.7670432960008,0.0,1,P01_GAMMA02_M022_03,P01_GAMMA02_M022_03,P01,M022,7940.75,7966.09375,25.34375,9.122083003216943,2.0
E52_82c821a5773d0bfbe554f10a,8.07672744106118,11.397135806608844,8.07672744106118,512.9354114719376,566.0737563002253,707.0407539741487,0.2825549862639304,0.009166666666666667,0.007743923611111111,0.29946557654170813,2.2605344234582923,0.9064170073307162,637.6601379394531,0.0,0.0,637.6601379394531,765.3601379394531,5302.805654806116,465.3601379394531,30.0,722.9354114719376,0.0,1,P01_GAMMA02_M022_03,P01_GAMMA02_M022_03,P01,M022,7940.75,7966.09375,25.34375,6.0767274410611805,2.0
E52_8ca7795ffa642a3b129c0a3d,7.795720206060025,15.730152054416479,7.795720206060025,330.94608252023,369.9122522589995,428.0951466078428,0.17832668261553564,0.009166666666666667,0.007743923611111111,0.1952372728933134,2.364762727106687,0.9389883522208395,467.5940368652344,0.0,0.0,467.5940368652344,595.2940368652344,3210.713599558821,335.390380859375,30.0,540.94608252023,0.0,1,P01_GAMMA02_M022_03,P01_GAMMA02_M022_03,P01,M022,7940.75,7966.09375,25.34375,5.795720206060025,2.0
E52_9026ce0d2a5dd9a75ef73c8e,6.074725292957709,6.720084116703532,6.074725292957709,248.61637070099954,267.37077642202814,384.70630707582717,0.14290187810434732,0.009166666666666667,0.007743923611111111,0.1598124683821251,2.4001875316178753,0.9500586036305859,225.05286865234376,0.0,0.0,225.05286865234376,352.75286865234375,2885.297303068704,302.75286865234375,30.0,458.61637070099954,0.0,1,P01_GAMMA02_M022_03,P01_GAMMA02_M022_03,P01,M022,7940.75,7966.09375,25.34375,4.074725292957709,2.0
E52_96da4f081c74d8211b4b244f,12.160489217673131,12.47027426673894,12.160489217673131,406.4445801679392,437.368205859671,627.3474061854878,0.23339590098708082,0.009166666666666667,0.007743923611111111,0.2503064912648586,2.309693508735142,0.9217792214797317,371.08350830078126,0.0,0.0,371.08350830078126,498.78350830078125,4705.105546391158,251.37640380859375,30.0,616.4445801679392,0.0,1,P01_GAMMA02_M022_03,P01_GAMMA02_M022_03,P01,M022,7940.75,7966.09375,25.34375,10.160489217673131,2.0
E52_a3836b1674b2d70f748125c1,9.764433818730893,18.388582284998307,9.764433818730893,238.77143733771516,265.74771093797557,315.68523307386783,0.1296256139323784,0.009166666666666667,0.007743923611111111,0.14653620421015617,2.4134637957898444,0.9542074361843262,323.715283203125,0.0,0.0,323.715283203125,451.415283203125,2367.639248054009,217.29420471191406,30.0,448.77143733771516,0.0,1,P01_GAMMA02_M022_03,P01_GAMMA02_M022_03,P01,M022,7940.75,7966.09375,25.34375,7.764433818730893,2.0
E52_a77602565c04dca5831f9b7a,7.947145148508085,15.758600383852013,7.947145148508085,295.3505394617105,322.31471665694164,428.9160157520343,0.16578365241547813,0.009166666666666667,0.007743923611111111,0.1826942426932559,2.3773057573067446,0.9429080491583576,323.57012634277345,0.0,0.0,323.57012634277345,451.27012634277344,3216.870118140257,284.58648681640625,30.0,505.3505394617105,0.0,1,P01_GAMMA02_M022_03,P01_GAMMA02_M022_03,P01,M022,7940.75,7966.09375,25.34375,5.947145148508085,2.0
E52_afb1e3673ff3adbe9c45b8fc,5.815033897500513,6.956106286850726,5.815033897500513,250.21040235058808,271.27175132926646,374.0527108291059,0.1419599864782851,0.009166666666666667,0.007743923611111111,0.15887057675606286,2.4011294232439377,0.9503529447637303,252.73618774414064,0.0,0.0,252.73618774414064,380.4361877441406,2805.395331218294,291.6474609375,30.0,460.2104023505881,0.0,1,P01_GAMMA02_M022_03,P01_GAMMA02_M022_03,P01,M022,7940.75,7966.09375,25.34375,3.8150338975005127,2.0
E52_b544b4d7beda1d6ed7fbeefb,7.623254059064095,16.252686834440453,7.623254059064095,293.91354735972715,324.49113296153376,404.3615811086144,0.16179511839250177,0.009166666666666667,0.007743923611111111,0.17870570867027954,2.381294291329721,0.9441544660405377,366.9310272216797,0.0,0.0,366.9310272216797,494.6310272216797,3032.711858314608,277.91845703125,30.0,503.91354735972715,0.0,1,P01_GAMMA02_M022_03,P01_GAMMA02_M022_03,P01,M022,7940.75,7966.09375,25.34375,5.623254059064095,2.0
E52_b60e4d2a4cdcd5801a5d757f,7.414419432641111,16.480566458341656,7.414419432641111,308.26023760270465,345.626388522301,392.32356968783114,0.16519254750221457,0.009166666666666667,0.007743923611111111,0.18210313777999235,2.377896862220008,0.9430927694437524,448.39381103515626,0.0,0.0,448.39381103515626,576.0938110351562,2942.4267726587336,326.2397766113281,30.0,518.2602376027046,0.0,1,P01_GAMMA02_M022_03,P01_GAMMA02_M022_03,P01,M022,7940.75,7966.09375,25.34375,5.414419432641111,2.0
E52_b6789310c1ab16898a769b78,16.581712119185653,2.625622464396969,2.625622464396969,372.38145547243056,389.4038741939475,617.4514627840539,0.21924054354678854,0.009166666666666667,0.007743923611111111,0.23615113382456632,2.3238488661754344,0.926202770679823,225.84925537109376,21.580230712890625,21.580230712890625,225.84925537109376,353.54925537109375,4630.885970880404,303.54925537109375,30.0,582.3814554724306,0.0,1,P01_GAMMA02_M022_03,P01_GAMMA02_M022_03,P01,M022,7940.75,7966.09375,25.34375,0.6256224643969688,2.0
E52_b7c433bb400c5a28313b13f0,7.923903135825654,16.00220965111248,7.923903135825654,270.63016208552887,291.2047849391259,417.8125870494757,0.1554195344851095,0.009166666666666667,0.007743923611111111,0.17233012476288728,2.3876698752371133,0.9461468360115978,246.89547424316407,0.0,0.0,246.89547424316407,374.59547424316406,3133.594402871068,284.58648681640625,30.0,480.63016208552887,0.0,1,P01_GAMMA02_M022_03,P01_GAMMA02_M022_03,P01,M022,7940.75,7966.09375,25.34375,5.923903135825654,2.0
E52_be69bdf55826f2eb34075d09,11.82607713094211,12.029424972929434,11.82607713094211,457.6877788138426,500.48965717077624,658.5642874860837,0.25604119113741575,0.009166666666666667,0.007743923611111111,0.2729517814151935,2.287048218584807,0.9147025683077521,513.6225402832031,0.0,0.0,513.6225402832031,641.3225402832031,4939.232156145627,341.3225402832031,30.0,667.6877788138427,0.0,1,P01_GAMMA02_M022_03,P01_GAMMA02_M022_03,P01,M022,7940.75,7966.09375,25.34375,9.82607713094211,2.0
E52_bfffb2993ede6e2e2bd9340b,17.568205176723353,13.053008949478723,13.053008949478723,400.85355156655817,436.85476820067277,585.6998033284289,0.22550922551216515,0.009166666666666667,0.007743923611111111,0.24241981578994293,2.3175801842100574,0.9242438075656428,432.014599609375,0.0,0.0,432.014599609375,559.714599609375,4392.748524963216,275.29461669921875,30.0,610.8535515665582,0.0,1,P01_GAMMA02_M022_03,P01_GAMMA02_M022_03,P01,M022,7940.75,7966.09375,25.34375,11.053008949478723,2.0
E52_c0294c7ff44d44fc4ede8d97,7.094813729074815,16.7256600789149,7.094813729074815,316.70783025924425,358.9570632507807,379.92026256926977,0.16644027302831577,0.009166666666666667,0.007743923611111111,0.18335086330609354,2.376649136693907,0.9427028552168457,506.9907958984375,0.0,0.0,506.9907958984375,634.6907958984375,2849.4019692695233,334.6907958984375,30.0,526.7078302592442,0.0,1,P01_GAMMA02_M022_03,P01_GAMMA02_M022_03,P01,M022,7940.75,7966.09375,25.34375,5.094813729074815,2.0
E52_c10a50247c57c0340b451298,3.348783952302554,3.1495087650690863,3.1495087650690863,410.4813485396202,450.8988478275434,578.4577013517014,0.22790762835174688,0.009166666666666667,0.007743923611111111,0.24481821862952466,2.315181781370476,0.9234943066782736,485.00999145507814,0.0,0.0,485.00999145507814,612.7099914550781,4338.432760137761,515.4917602539062,30.0,620.4813485396203,0.0,1,P01_GAMMA02_M022_03,P01_GAMMA02_M022_03,P01,M022,7940.75,7966.09375,25.34375,1.1495087650690863,2.0
E52_c76d93c5902d0dc017f7065c,7.682091774611905,16.05706218628906,7.682091774611905,260.86241804033426,278.57034040361555,415.47730190098105,0.1516149798935124,0.009166666666666667,0.007743923611111111,0.1685255701712902,2.3914744298287105,0.9473357593214718,212.495068359375,0.0,0.0,212.495068359375,340.195068359375,3116.079764257358,277.91845703125,30.0,470.86241804033426,0.0,1,P01_GAMMA02_M022_03,P01_GAMMA02_M022_03,P01,M022,7940.75,7966.09375,25.34375,5.682091774611905,2.0
E52_d22cbe82615c6d2ee0ebf49f,7.765272713632115,15.758568264926964,7.765272713632115,318.17309843891866,352.9726015110215,427.5491784452201,0.1737067461230003,0.009166666666666667,0.007743923611111111,0.19061733640077808,2.3693826635992226,0.9404320823747568,417.5940368652344,0.0,0.0,417.5940368652344,545.2940368652344,3206.618838339151,335.390380859375,30.0,528.1730984389187,0.0,1,P01_GAMMA02_M022_03,P01_GAMMA02_M022_03,P01,M022,7940.75,7966.09375,25.34375,5.765272713632115,2.0
E52_dbec4f1422e98765afb262aa,6.29394221716575,16.38523852602286,6.29394221716575,322.5402116809159,364.1002534899979,395.72017250733956,0.1707521496628321,0.009166666666666667,0.007743923611111111,0.18766273994060986,2.372337260059391,0.9413553937685595,498.7205017089844,0.0,0.0,498.7205017089844,626.4205017089844,2967.901293805047,326.4205017089844,30.0,532.540211680916,0.0,1,P01_GAMMA02_M022_03,P01_GAMMA02_M022_03,P01,M022,7940.75,7966.09375,25.34375,4.29394221716575,2.0
E52_dc4c132291b7b9525a26c82f,7.641162522101411,16.290878065555617,7.641162522101411,256.41354735972715,274.49113296153376,404.3615811086144,0.14845852840407586,0.009166666666666667,0.007743923611111111,0.16536911868185364,2.3946308813181467,0.9483221504119207,216.9310272216797,0.0,0.0,216.9310272216797,344.6310272216797,3032.711858314608,277.91845703125,30.0,466.41354735972715,0.0,1,P01_GAMMA02_M022_03,P01_GAMMA02_M022_03,P01,M022,7940.75,7966.09375,25.34375,5.641162522101411,2.0
E52_de2c36302e014a6d0284c896,7.45920562642722,15.994052628622484,7.45920562642722,325.41177480357015,364.7238282296769,414.95122905049965,0.1744969638873427,0.009166666666666667,0.007743923611111111,0.19140755416512048,2.36859244583488,0.9401851393233999,471.74464111328126,0.0,0.0,471.74464111328126,599.4446411132812,3112.134217878747,325.15069580078125,30.0,535.4117748035701,0.0,1,P01_GAMMA02_M022_03,P01_GAMMA02_M022_03,P01,M022,7940.75,7966.09375,25.34375,5.45920562642722,2.0
E52_e0325aad0b87e7c07e10fc2c,7.5514877275789445,5.987785159048158,5.987785159048158,275.1983248954777,294.96932963587483,418.60161500091635,0.15682137892336617,0.009166666666666667,0.007743923611111111,0.17373196920114395,2.3862680307988566,0.9457087596246425,248.53977661132814,11.2877197265625,11.2877197265625,248.53977661132814,376.2397766113281,3139.5121125068727,326.2397766113281,30.0,485.1983248954777,0.0,1,P01_GAMMA02_M022_03,P01_GAMMA02_M022_03,P01,M022,7940.75,7966.09375,25.34375,3.9877851590481583,2.0
E52_e0cd6bab1a22c4530d9a254c,6.335313582288023,6.471069764274475,6.335313582288023,260.0402116809159,280.7669201566646,395.72017250733956,0.14852449968212222,0.009166666666666667,0.007743923611111111,0.1654350899599,2.3945649100401005,0.9483015343875313,248.7205017089844,0.0,0.0,248.7205017089844,376.4205017089844,2967.901293805047,326.4205017089844,30.0,470.0402116809159,0.0,1,P01_GAMMA02_M022_03,P01_GAMMA02_M022_03,P01,M022,7940.75,7966.09375,25.34375,4.335313582288023,2.0
E52_ea76d341ab82f2ebc1fa1efe,7.502006879103035,6.056283714240493,6.056283714240493,275.41177480357015,298.05716156301025,414.95122905049965,0.15671484390277482,0.009166666666666667,0.007743923611111111,0.1736254341805526,2.3863745658194477,0.9457420518185773,271.74464111328126,0.0,0.0,271.74464111328126,399.44464111328125,3112.134217878747,325.15069580078125,30.0,485.41177480357015,0.0,1,P01_GAMMA02_M022_03,P01_GAMMA02_M022_03,P01,M022,7940.75,7966.09375,25.34375,4.056283714240493,2.0
E52_eab18c460278cfbad2c20da0,8.40894140596727,7.760329046990023,7.760329046990023,212.31476099060268,226.15454090800176,341.5908424768108,0.12388533452538679,0.009166666666666667,0.007743923611111111,0.14079592480316458,2.419204075196836,0.9560012734990111,166.07735900878907,0.0,0.0,166.07735900878907,293.77735900878906,2561.931318576081,213.8477783203125,30.0,422.3147609906027,0.0,1,P01_GAMMA02_M022_03,P01_GAMMA02_M022_03,P01,M022,7940.75,7966.09375,25.34375,5.760329046990023,2.0
E52_eddf192c3626d88d236d26e4,9.181263290202835,17.034187922993553,9.181263290202835,241.72684180786888,260.473536754158,370.9735139380034,0.13850678679446915,0.009166666666666667,0.007743923611111111,0.15541737707224693,2.4045826229277534,0.9514320696649229,224.96033935546876,0.0,0.0,224.96033935546876,352.66033935546875,2782.3013545350254,199.07135009765625,30.0,451.7268418078689,0.0,1,P01_GAMMA02_M022_03,P01_GAMMA02_M022_03,P01,M022,7940.75,7966.09375,25.34375,7.1812632902028355,2.0
E52_f2fabdd802684ffd17ed2273,5.806275167414299,16.925225818485302,5.806275167414299,275.2104023505881,304.60508466259984,374.0527108291059,0.15085104647056902,0.009166666666666667,0.007743923611111111,0.1677616367483468,2.3922383632516535,0.9475744885161417,352.73618774414064,0.0,0.0,352.73618774414064,480.4361877441406,2805.395331218294,291.6474609375,30.0,485.2104023505881,0.0,1,P01_GAMMA02_M022_03,P01_GAMMA02_M022_03,P01,M022,7940.75,7966.09375,25.34375,3.8062751674142987,2.0
E52_fd527d975e1813662620f82c,12.407246528373832,12.45056667278017,12.407246528373832,418.2192341110554,452.9085204066283,628.3027504486734,0.23771876612520712,0.009166666666666667,0.007743923611111111,0.2546293564029849,2.3053706435970156,0.9204283261240672,416.271435546875,0.0,0.0,416.271435546875,543.971435546875,4712.2706283650505,306.8754577636719,30.0,628.2192341110554,0.0,1,P01_GAMMA02_M022_03,P01_GAMMA02_M022_03,P01,M022,7940.75,7966.09375,25.34375,10.407246528373832,2.0
E52_831cee7e7a3a549796e42b18,7.938192540994621,10.042846261792022,7.938192540994621,524.445203057942,560.9167693217765,830.061008532876,0.3040708837654974,0.009166666666666667,0.007743923611111111,0.32098147404327515,2.2390185259567255,0.8996932893614765,437.65879516601564,0.0,0.0,437.65879516601564,565.3587951660156,6225.457563996571,359.5916748046875,30.0,734.445203057942,0.0,1,P01_GAMMA02_M022_03,P01_GAMMA02_M022_03,P01,M022,7940.75,7966.09375,25.34375,5.938192540994621,2.0
E52_d3460088443e86b69235cf2f,8.949383826342398,10.110906533633653,8.949383826342398,520.9986937965015,557.4049117530444,823.5600798537452,0.3019244763287566,0.009166666666666667,0.007743923611111111,0.3188350666065343,2.241164933393466,0.900364041685458,436.87461547851564,0.0,0.0,436.87461547851564,564.5746154785156,6176.700598903089,276.8628845214844,30.0,730.9986937965015,0.0,1,P01_GAMMA02_M022_03,P01_GAMMA02_M022_03,P01,M022,7940.75,7966.09375,25.34375,6.949383826342398,2.0
E52_c98d1e580ba9a8920eeacbdb,7.682792099954227,9.995636820319618,7.682792099954227,531.3190315479533,569.3529452238973,834.4345810402425,0.30713490815373307,0.009166666666666667,0.007743923611111111,0.3240454984315108,2.23595450156849,0.8987357817401529,456.40696411132814,0.0,0.0,456.40696411132814,584.1069641113281,6258.259357801819,362.73199462890625,30.0,741.3190315479533,0.0,1,P01_GAMMA02_M022_03,P01_GAMMA02_M022_03,P01,M022,7940.75,7966.09375,25.34375,5.682792099954227,2.0
E52_413d3eff5d481ef66f8d3068,7.220018548390186,9.493762996477216,7.220018548390186,548.7789293194231,584.2784598573463,884.5606754113072,0.3204434082194385,0.009166666666666667,0.007743923611111111,0.33735399849721626,2.2226460015027842,0.89457687546962,425.99436645507814,0.0,0.0,425.99436645507814,553.6943664550781,6634.205065584804,329.6845703125,30.0,758.7789293194231,0.0,1,P01_GAMMA02_M022_03,P01_GAMMA02_M022_03,P01,M022,7940.75,7966.09375,25.34375,5.220018548390186,2.0
E52_88c1c7aba1fcf94c58dad20e,7.2318152001826945,9.497510042154289,7.2318152001826945,536.2789293194231,567.6117931906797,884.5606754113072,0.3159978782232965,0.009166666666666667,0.007743923611111111,0.33290846850107425,2.2270915314989264,0.8959661035934143,375.99436645507814,0.0,0.0,375.99436645507814,503.6943664550781,6634.205065584804,329.6845703125,30.0,746.2789293194231,0.0,1,P01_GAMMA02_M022_03,P01_GAMMA02_M022_03,P01,M022,7940.75,7966.09375,25.34375,5.2318152001826945,2.0
E52_2e64690809088e2a96fb2160,7.24071717012805,9.500767968691491,7.24071717012805,523.7789293194231,550.945126524013,884.5606754113072,0.31155234822715455,0.009166666666666667,0.007743923611111111,0.3284629385049323,2.231537061495068,0.8973553317172087,325.99436645507814,0.0,0.0,325.99436645507814,453.6943664550781,6634.205065584804,329.6845703125,30.0,733.7789293194231,0.0,1,P01_GAMMA02_M022_03,P01_GAMMA02_M022_03,P01,M022,7940.75,7966.09375,25.34375,5.24071717012805,2.0
E52_cdef0b479e00ae29ebd83132,4.234916159914022,10.01648148125875,4.234916159914022,520.0071121141804,554.5433095222207,832.7970397801186,0.3028799960747676,0.009166666666666667,0.007743923611111111,0.31979058635254537,2.240209413647455,0.9000654417648296,414.4343688964844,0.0,0.0,414.4343688964844,542.1343688964844,6245.977798350889,297.6476745605469,30.0,730.0071121141804,0.0,1,P01_GAMMA02_M022_03,P01_GAMMA02_M022_03,P01,M022,7940.75,7966.09375,25.34375,2.2349161599140217,2.0
E52_30110e5b3ae38ecfab28ace2,4.669720632610165,10.05954008012911,4.669720632610165,514.4106891471403,547.7506496268766,828.7816154158626,0.30032099335417484,0.009166666666666667,0.007743923611111111,0.3172315836319526,2.242768416368048,0.9008651301150148,400.07952575683595,0.0,0.0,400.07952575683595,527.7795257568359,6215.862115618969,313.0162353515625,30.0,724.4106891471403,0.0,1,P01_GAMMA02_M022_03,P01_GAMMA02_M022_03,P01,M022,7940.75,7966.09375,25.34375,2.669720632610165,2.0
E52_01234cac2d25748209cb57e8,8.91468565876849,5.963634638729843,5.963634638729843,275.78386787661753,295.55487261701467,419.772700963196,0.15719547582798327,0.009166666666666667,0.002310763888888889,0.16867290638353882,2.3913270936164617,0.9472897167551442,248.53977661132814,11.2877197265625,11.2877197265625,248.53977661132814,376.2397766113281,3148.2952572239697,326.2397766113281,30.0,485.78386787661753,0.0,1,P01_GAMMA02_M022_04,P01_GAMMA02_M022_04,P01,M022,7979.0625,7986.625,7.5625,3.963634638729843,2.0
E52_06eb0baa948af7ff52881bcf,7.335705486504153,16.258674653736037,7.335705486504153,296.7597053393259,328.36499963050426,403.88764493158146,0.16274021246714285,0.009166666666666667,0.002310763888888889,0.1742176430226984,2.3857823569773022,0.9455569865554068,379.26353149414064,0.0,0.0,379.26353149414064,506.9635314941406,3029.157336986861,306.9635314941406,30.0,506.7597053393259,0.0,1,P01_GAMMA02_M022_04,P01_GAMMA02_M022_04,P01,M022,7979.0625,7986.625,7.5625,5.335705486504153,2.0
E52_0c9d91fc306062a18ada9948,9.041113153752775,15.697900697510477,9.041113153752775,331.42241999480143,370.2725110389095,429.7442937249544,0.1787296459836012,0.009166666666666667,0.002310763888888889,0.19020707653915675,2.3697929234608437,0.9405602885815135,466.2010925292969,0.0,0.0,466.2010925292969,593.9010925292969,3223.082202937158,326.7436828613281,30.0,541.4224199948014,0.0,1,P01_GAMMA02_M022_04,P01_GAMMA02_M022_04,P01,M022,7979.0625,7986.625,7.5625,7.041113153752775,2.0
E52_189eb019491ad876aa165071,6.696843205820159,3.8094716871601975,3.8094716871601975,403.09916814168594,448.35288467407526,534.676037089036,0.21908171065325852,0.009166666666666667,0.002310763888888889,0.23055914120881407,2.3294408587911866,0.9279502683722456,543.0445983886718,0.0,0.0,543.0445983886718,670.7445983886719,4010.07027816777,391.87322998046875,30.0,613.0991681416859,0.0,1,P01_GAMMA02_M022_04,P01_GAMMA02_M022_04,P01,M022,7979.0625,7986.625,7.5625,1.8094716871601975,2.0
E52_1eac4bbcd37cec5d48241661,8.87416656154393,6.04580255430777,6.04580255430777,275.66392246828667,298.30930922772677,415.4555243799327,0.1568759382441215,0.009166666666666667,0.002310763888888889,0.16835336879967705,2.3916466312003233,0.9473895722501009,271.74464111328126,0.0,0.0,271.74464111328126,399.44464111328125,3115.9164328494953,326.2397766113281,30.0,485.66392246828667,0.0,1,P01_GAMMA02_M022_04,P01_GAMMA02_M022_04,P01,M022,7979.0625,7986.625,7.5625,4.04580255430777,2.0
E52_1ef47ef68c1879e18ddbb164,6.653015198134668,9.684707827919368,6.653015198134668,525.9457118932837,556.9823492630754,865.6715995678175,0.30964781577290457,0.009166666666666667,0.002310763888888889,0.3211252463284601,2.2388747536715403,0.8996483605223562,372.4396484375,0.0,0.0,372.4396484375,500.1396484375,6492.536996758631,304.7821350097656,30.0,735.9457118932837,0.0,1,P01_GAMMA02_M022_04,P01_GAMMA02_M022_04,P01,M022,7979.0625,7986.625,7.5625,4.653015198134668,2.0
E52_214ce9a3b3bd3fa9c582335a,10.23217440214826,15.138353346483314,10.23217440214826,331.46735474952504,365.31699057309277,459.8368945576438,0.1830074384559416,0.009166666666666667,0.002310763888888889,0.19448486901149717,2.3655151309885034,0.9392234784339072,406.1956298828125,0.0,0.0,406.1956298828125,533.8956298828125,3448.7767091823284,283.8956298828125,30.0,541.467354749525,0.0,1,P01_GAMMA02_M022_04,P01_GAMMA02_M022_04,P01,M022,7979.0625,7986.625,7.5625,8.23217440214826,2.0
E52_231555d7070bcf1a0911e332,8.805352048429668,5.981962334569488,5.981962334569488,303.4113952968874,335.0249979987103,417.14117438283733,0.1669828432889251,0.009166666666666667,0.002310763888888889,0.17846027384448065,2.38153972615552,0.9442311644235998,379.363232421875,0.0,0.0,379.363232421875,507.063232421875,3128.55880787128,326.2397766113281,30.0,513.4113952968873,0.0,1,P01_GAMMA02_M022_04,P01_GAMMA02_M022_04,P01,M022,7979.0625,7986.625,7.5625,3.981962334569488,2.0
E52_246111a1ef063bec9e89ec9e,3.986294459158273,13.03223549741864,3.986294459158273,413.11352328410356,453.07003166626504,586.4879962752384,0.22998101771643822,0.009166666666666667,0.002310763888888889,0.24145844827199378,2.3185415517280066,0.9245442349150019,479.4781005859375,0.0,0.0,479.4781005859375,607.1781005859375,4398.659972064288,469.28277587890625,30.0,623.1135232841036,0.0,1,P01_GAMMA02_M022_04,P01_GAMMA02_M022_04,P01,M022,7979.0625,7986.625,7.5625,1.9862944591582732,2.0
E52_24db349315b2a6b84dd4215d,9.74133419757797,5.686957833295324,5.686957833295324,283.5201066466774,305.8382661315407,433.1312563841751,0.1621732249548407,0.009166666666666667,0.002310763888888889,0.17365065551039627,2.386349344489604,0.9457341701530012,267.8179138183594,0.0,0.0,267.8179138183594,395.5179138183594,3248.4844228813135,322.1230773925781,30.0,493.5201066466774,0.0,1,P01_GAMMA02_M022_04,P01_GAMMA02_M022_04,P01,M022,7979.0625,7986.625,7.5625,3.686957833295324,2.0
E52_27bf01e9e990859ae5993708,8.815775749075854,15.932490639468014,8.815775749075854,318.6138217216496,355.0514931287134,418.60161500091635,0.17259630304263499,0.009166666666666667,0.002310763888888889,0.18407373359819054,2.37592626640181,0.9424769582505654,437.25205688476564,0.0,0.0,437.25205688476564,564.9520568847656,3139.5121125068727,326.2397766113281,30.0,528.6138217216496,0.0,1,P01_GAMMA02_M022_04,P01_GAMMA02_M022_04,P01,M022,7979.0625,7986.625,7.5625,6.815775749075854,2.0
E52_27fdcb9bc2da20af468e67a1,9.671500427578593,15.630401191469062,9.671500427578593,333.5201066466774,372.5049327982074,433.1312563841751,0.1799553449394086,0.009166666666666667,0.002310763888888889,0.19143277549496415,2.3685672245050364,0.9401772576578237,467.8179138183594,0.0,0.0,467.8179138183594,595.5179138183594,3248.4844228813135,322.1230773925781,30.0,543.5201066466774,0.0,1,P01_GAMMA02_M022_04,P01_GAMMA02_M022_04,P01,M022,7979.0625,7986.625,7.5625,7.671500427578593,2.0
E52_2cea01313b8862fcfb6b2e63,16.101658413474908,16.460055432828085,16.101658413474908,259.5957489704318,280.08528245838755,396.2542970131293,0.148442074342722,0.009166666666666667,0.002310763888888889,0.15991950489827755,2.400080495101723,0.9500251547192883,245.87440185546876,0.0,0.0,245.87440185546876,373.57440185546875,2971.90722759847,231.8917236328125,30.0,469.5957489704318,0.0,1,P01_GAMMA02_M022_04,P01_GAMMA02_M022_04,P01,M022,7979.0625,7986.625,7.5625,14.101658413474908,2.0
E52_326bd9096774308657b14836,8.56824319908047,6.820761438549596,6.820761438549596,254.20783025924425,275.6237299174474,379.92026256926977,0.1442126230476059,0.009166666666666667,0.002310763888888889,0.15569005360316146,2.404309946396839,0.951346858249012,256.9907958984375,0.0,0.0,256.9907958984375,384.6907958984375,2849.4019692695233,334.6907958984375,30.0,464.20783025924425,0.0,1,P01_GAMMA02_M022_04,P01_GAMMA02_M022_04,P01,M022,7979.0625,7986.625,7.5625,4.820761438549596,2.0
E52_437c6a333219b14c3939f26c,8.832025263586658,6.0194831627628105,6.0194831627628105,277.09771274073506,296.211315442558,417.14117438283733,0.1570562493971614,0.009166666666666667,0.002310763888888889,0.16853367995271695,2.3914663200472837,0.9473332250147759,248.53977661132814,19.176544189453125,19.176544189453125,248.53977661132814,376.2397766113281,3128.55880787128,326.2397766113281,30.0,487.09771274073506,0.0,1,P01_GAMMA02_M022_04,P01_GAMMA02_M022_04,P01,M022,7979.0625,7986.625,7.5625,4.0194831627628105,2.0
E52_44ed69e1d99dc074a7941a18,11.95700152952304,8.900383690419545,8.900383690419545,188.27556058823757,199.0276355292369,299.7078152072368,0.1090911242968749,0.009166666666666667,0.002310763888888889,0.12056855485243045,2.4394314451475703,0.9623223266086155,139.59420471191407,10.569305419921875,10.569305419921875,139.59420471191407,267.29420471191406,2247.808614054276,217.29420471191406,30.0,398.27556058823757,0.0,1,P01_GAMMA02_M022_04,P01_GAMMA02_M022_04,P01,M022,7979.0625,7986.625,7.5625,6.900383690419545,2.0
E52_47db2d0d55c92154c779a4c9,7.065279169959837,16.45726286038159,7.065279169959837,312.62709924858126,351.3219092257948,393.08533863388124,0.16685347284684848,0.009166666666666667,0.002310763888888889,0.17833090340240404,2.3816690965975966,0.9442715926867488,464.3377197265625,0.0,0.0,464.3377197265625,592.0377197265625,2948.1400397541092,295.61395263671875,30.0,522.6270992485813,0.0,1,P01_GAMMA02_M022_04,P01_GAMMA02_M022_04,P01,M022,7979.0625,7986.625,7.5625,5.065279169959837,2.0
E52_4cf0fac9feb721651efb2830,13.378711174339415,17.82597875173802,13.378711174339415,242.69354898018014,267.32891198677197,337.5749199208095,0.13412057160327687,0.009166666666666667,0.002310763888888889,0.14559800215883242,2.414401997841168,0.9545006243253649,295.6243560791016,0.0,0.0,295.6243560791016,423.32435607910156,2531.8118994060715,217.31182861328125,30.0,452.69354898018014,0.0,1,P01_GAMMA02_M022_04,P01_GAMMA02_M022_04,P01,M022,7979.0625,7986.625,7.5625,11.378711174339415,2.0
E52_4d215302190bc5bfb29bf912,6.560512722510111,16.37371485667674,6.560512722510111,307.50969179304633,343.7570581260541,397.53518558804575,0.1656637075427803,0.009166666666666667,0.002310763888888889,0.17714113809833584,2.382858861901665,0.94464339434427,434.96839599609376,0.0,0.0,434.96839599609376,562.6683959960938,2981.5138919103433,336.56707763671875,30.0,517.5096917930464,0.0,1,P01_GAMMA02_M022_04,P01_GAMMA02_M022_04,P01,M022,7979.0625,7986.625,7.5625,4.560512722510111,2.0
E52_50c718ca7f326f764494c89d,16.24059758242754,13.080943299176411,13.080943299176411,350.85355156655817,370.1881015340061,585.6998033284289,0.20772710552759727,0.009166666666666667,0.002310763888888889,0.21920453608315282,2.3407954639168476,0.9314985824740147,232.014599609375,0.0,0.0,232.014599609375,359.714599609375,4392.748524963216,275.29461669921875,30.0,560.8535515665582,0.0,1,P01_GAMMA02_M022_04,P01_GAMMA02_M022_04,P01,M022,7979.0625,7986.625,7.5625,11.080943299176411,2.0
E52_515a3b7c8d98426ee13f2b4e,15.056936395840168,17.07508762021844,15.056936395840168,242.68536134104386,262.0561394884234,369.14605379781034,0.13858886614696947,0.009166666666666667,0.002310763888888889,0.15006629670252503,2.4099337032974755,0.953104282280461,232.4493377685547,0.0,0.0,232.4493377685547,360.1493377685547,2768.5954034835777,210.1493377685547,30.0,452.68536134104386,0.0,1,P01_GAMMA02_M022_04,P01_GAMMA02_M022_04,P01,M022,7979.0625,7986.625,7.5625,13.056936395840168,2.0
E52_60b76d98beea93305f35c25d,15.162376860085573,16.79058398580294,15.162376860085573,271.8613885249859,299.0873836523459,380.3668062858116,0.15055421784231732,0.009166666666666667,0.002310763888888889,0.16203164839787287,2.3979683516021275,0.9493651098756647,326.7119415283203,0.0,0.0,326.7119415283203,454.4119415283203,2852.751047143587,241.2421875,30.0,481.8613885249859,0.0,1,P01_GAMMA02_M022_04,P01_GAMMA02_M022_04,P01,M022,7979.0625,7986.625,7.5625,13.162376860085573,2.0
E52_68694062ed2e2e792aeb51a9,10.34894622191149,17.695890544520793,10.34894622191149,262.3147609906027,292.8212075746684,341.5908424768108,0.1416674545099547,0.009166666666666667,0.002310763888888889,0.15314488506551024,2.40685511493449,0.952142223417028,366.0773590087891,0.0,0.0,366.0773590087891,493.77735900878906,2561.931318576081,213.8477783203125,30.0,472.3147609906027,0.0,1,P01_GAMMA02_M022_04,P01_GAMMA02_M022_04,P01,M022,7979.0625,7986.625,7.5625,8.34894622191149,2.0
E52_6aa461eda22a4c53e6730e81,8.350028953774,6.478254834226846,6.478254834226846,265.8104536255181,288.3542041341444,395.1560268799425,0.15046620221455187,0.009166666666666667,0.002310763888888889,0.16194363277010743,2.398056367229893,0.9493926147593414,271.555615234375,1.030609130859375,1.030609130859375,271.555615234375,399.255615234375,2963.670201599569,349.255615234375,30.0,475.8104536255181,0.0,1,P01_GAMMA02_M022_04,P01_GAMMA02_M022_04,P01,M022,7979.0625,7986.625,7.5625,4.478254834226846,2.0
E52_6dc095df8eb6475486134b5c,4.081895928167498,12.905188948092743,4.081895928167498,424.06014837873875,466.2734748964797,594.8403376510322,0.23505698741925235,0.009166666666666667,0.002310763888888889,0.2465344179748079,2.3134655820251924,0.9229579943828725,506.55991821289064,0.0,0.0,506.55991821289064,634.2599182128906,4461.302532382741,440.2059631347656,30.0,634.0601483787387,0.0,1,P01_GAMMA02_M022_04,P01_GAMMA02_M022_04,P01,M022,7979.0625,7986.625,7.5625,2.081895928167498,2.0
E52_73baea82bbbffa2db9d7426a,9.12015365772622,5.711384152670419,5.711384152670419,297.3854850658978,324.64222792478455,431.2305129784753,0.16683515196021612,0.009166666666666667,0.002310763888888889,0.17831258251577167,2.381687417484229,0.9442773179638213,327.08091430664064,0.0,0.0,327.08091430664064,454.7809143066406,3234.2288473385647,335.390380859375,30.0,507.3854850658978,0.0,1,P01_GAMMA02_M022_04,P01_GAMMA02_M022_04,P01,M022,7979.0625,7986.625,7.5625,3.711384152670419,2.0
E52_74b3fb0a4920873efc33101b,7.102672463499928,6.525083879148042,6.525083879148042,262.62709924858126,284.6552425591281,393.08533863388124,0.14907135286228057,0.009166666666666667,0.002310763888888889,0.16054878341783613,2.399451216582164,0.9498285051819262,264.3377197265625,0.0,0.0,264.3377197265625,392.0377197265625,2948.1400397541092,295.61395263671875,30.0,472.62709924858126,0.0,1,P01_GAMMA02_M022_04,P01_GAMMA02_M022_04,P01,M022,7979.0625,7986.625,7.5625,4.525083879148042,2.0
E52_7547086a1218012670f76a62,11.231827147658677,2.277872015791573,2.277872015791573,370.7957901832663,387.27013608984186,642.7455049270795,0.2228984084752749,0.009166666666666667,0.002310763888888889,0.23437583903083045,2.32562416096917,0.9267575503028654,197.69215087890626,0.0,0.0,197.69215087890626,325.39215087890625,4820.591286953097,275.39215087890625,30.0,580.7957901832663,0.0,1,P01_GAMMA02_M022_04,P01_GAMMA02_M022_04,P01,M022,7979.0625,7986.625,7.5625,0.27787201579157284,2.0
E52_76b4f0bdabd1ccab126282dd,14.387839686529674,17.180198899819032,14.387839686529674,244.7670432960008,265.6078646257534,364.489158613486,0.13866967590706417,0.009166666666666667,0.002310763888888889,0.15014710646261972,2.409852893537381,0.9530790292304313,250.08985595703126,0.0,0.0,250.08985595703126,377.78985595703125,2733.6686896011447,241.2421875,30.0,454.7670432960008,0.0,1,P01_GAMMA02_M022_04,P01_GAMMA02_M022_04,P01,M022,7979.0625,7986.625,7.5625,12.387839686529674,2.0
E52_82c821a5773d0bfbe554f10a,7.689463382027981,11.397135806608844,7.689463382027981,512.9354114719376,566.0737563002253,707.0407539741487,0.2825549862639304,0.009166666666666667,0.002310763888888889,0.29403241681948594,2.2659675831805144,0.9081148697439106,637.6601379394531,0.0,0.0,637.6601379394531,765.3601379394531,5302.805654806116,465.3601379394531,30.0,722.9354114719376,0.0,1,P01_GAMMA02_M022_04,P01_GAMMA02_M022_04,P01,M022,7979.0625,7986.625,7.5625,5.689463382027981,2.0
E52_8ca7795ffa642a3b129c0a3d,9.089174501579066,15.730152054416479,9.089174501579066,330.94608252023,369.9122522589995,428.0951466078428,0.17832668261553564,0.009166666666666667,0.002310763888888889,0.1898041131710912,2.3701958868289092,0.940686214634034,467.5940368652344,0.0,0.0,467.5940368652344,595.2940368652344,3210.713599558821,335.390380859375,30.0,540.94608252023,0.0,1,P01_GAMMA02_M022_04,P01_GAMMA02_M022_04,P01,M022,7979.0625,7986.625,7.5625,7.089174501579066,2.0
E52_9026ce0d2a5dd9a75ef73c8e,7.289484262350996,6.720084116703532,6.720084116703532,248.61637070099954,267.37077642202814,384.70630707582717,0.14290187810434732,0.009166666666666667,0.002310763888888889,0.15437930865990288,2.4056206913400975,0.9517564660437804,225.05286865234376,0.0,0.0,225.05286865234376,352.75286865234375,2885.297303068704,302.75286865234375,30.0,458.61637070099954,0.0,1,P01_GAMMA02_M022_04,P01_GAMMA02_M022_04,P01,M022,7979.0625,7986.625,7.5625,4.720084116703532,2.0
E52_96da4f081c74d8211b4b244f,11.511667626606979,12.47027426673894,11.511667626606979,406.4445801679392,437.368205859671,627.3474061854878,0.23339590098708082,0.009166666666666667,0.002310763888888889,0.24487333154263638,2.315126668457364,0.9234770838929262,371.08350830078126,0.0,0.0,371.08350830078126,498.78350830078125,4705.105546391158,251.37640380859375,30.0,616.4445801679392,0.0,1,P01_GAMMA02_M022_04,P01_GAMMA02_M022_04,P01,M022,7979.0625,7986.625,7.5625,9.511667626606979,2.0
E52_a3836b1674b2d70f748125c1,12.608431032575481,18.388582284998307,12.608431032575481,238.77143733771516,265.74771093797557,315.68523307386783,0.1296256139323784,0.009166666666666667,0.002310763888888889,0.14110304448793395,2.4188969555120665,0.9559052985975206,323.715283203125,0.0,0.0,323.715283203125,451.415283203125,2367.639248054009,217.29420471191406,30.0,448.77143733771516,0.0,1,P01_GAMMA02_M022_04,P01_GAMMA02_M022_04,P01,M022,7979.0625,7986.625,7.5625,10.608431032575481,2.0
E52_a77602565c04dca5831f9b7a,9.26900953539888,15.758600383852013,9.26900953539888,295.3505394617105,322.31471665694164,428.9160157520343,0.16578365241547813,0.009166666666666667,0.002310763888888889,0.17726108297103368,2.382738917028967,0.9446059115715519,323.57012634277345,0.0,0.0,323.57012634277345,451.27012634277344,3216.870118140257,284.58648681640625,30.0,505.3505394617105,0.0,1,P01_GAMMA02_M022_04,P01_GAMMA02_M022_04,P01,M022,7979.0625,7986.625,7.5625,7.2690095353988795,2.0
E52_aaa387ee3ee3170bd804334d,2.21654334508942,18.409477866986336,2.21654334508942,263.5215778829557,299.2286101502083,312.8009621623957,0.13801933350380158,0.009166666666666667,0.002310763888888889,0.14949676405935713,2.4105032359406433,0.9532822612314509,428.48438720703126,0.0,0.0,428.48438720703126,556.1843872070312,2346.0072162179677,386.9435729980469,30.0,473.5215778829557,0.0,1,P01_GAMMA02_M022_04,P01_GAMMA02_M022_04,P01,M022,7979.0625,7986.625,7.5625,0.21654334508941986,2.0
E52_afb1e3673ff3adbe9c45b8fc,7.025266844365376,6.956106286850726,6.956106286850726,250.21040235058808,271.27175132926646,374.0527108291059,0.1419599864782851,0.009166666666666667,0.002310763888888889,0.15343741703384065,2.40656258296616,0.9520508071769248,252.73618774414064,0.0,0.0,252.73618774414064,380.4361877441406,2805.395331218294,291.6474609375,30.0,460.2104023505881,0.0,1,P01_GAMMA02_M022_04,P01_GAMMA02_M022_04,P01,M022,7979.0625,7986.625,7.5625,4.956106286850726,2.0
E52_b544b4d7beda1d6ed7fbeefb,9.019590531910836,16.252686834440453,9.019590531910836,293.91354735972715,324.49113296153376,404.3615811086144,0.16179511839250177,0.009166666666666667,0.002310763888888889,0.17327254894805733,2.386727451051943,0.9458523284537321,366.9310272216797,0.0,0.0,366.9310272216797,494.6310272216797,3032.711858314608,277.91845703125,30.0,503.91354735972715,0.0,1,P01_GAMMA02_M022_04,P01_GAMMA02_M022_04,P01,M022,7979.0625,7986.625,7.5625,7.019590531910836,2.0
E52_b60e4d2a4cdcd5801a5d757f,8.82604845600072,16.480566458341656,8.82604845600072,308.26023760270465,345.626388522301,392.32356968783114,0.16519254750221457,0.009166666666666667,0.002310763888888889,0.17666997805777013,2.38333002194223,0.9447906318569468,448.39381103515626,0.0,0.0,448.39381103515626,576.0938110351562,2942.4267726587336,326.2397766113281,30.0,518.2602376027046,0.0,1,P01_GAMMA02_M022_04,P01_GAMMA02_M022_04,P01,M022,7979.0625,7986.625,7.5625,6.82604845600072,2.0
E52_b6789310c1ab16898a769b78,14.76998144482765,2.625622464396969,2.625622464396969,372.38145547243056,389.4038741939475,617.4514627840539,0.21924054354678854,0.009166666666666667,0.002310763888888889,0.2307179741023441,2.3292820258976565,0.9279006330930175,225.84925537109376,21.580230712890625,21.580230712890625,225.84925537109376,353.54925537109375,4630.885970880404,303.54925537109375,30.0,582.3814554724306,0.0,1,P01_GAMMA02_M022_04,P01_GAMMA02_M022_04,P01,M022,7979.0625,7986.625,7.5625,0.6256224643969688,2.0
E52_b7c433bb400c5a28313b13f0,9.308120351740314,16.00220965111248,9.308120351740314,270.63016208552887,291.2047849391259,417.8125870494757,0.1554195344851095,0.009166666666666667,0.002310763888888889,0.16689696504066506,2.3931030349593354,0.9478446984247921,246.89547424316407,0.0,0.0,246.89547424316407,374.59547424316406,3133.594402871068,284.58648681640625,30.0,480.63016208552887,0.0,1,P01_GAMMA02_M022_04,P01_GAMMA02_M022_04,P01,M022,7979.0625,7986.625,7.5625,7.308120351740314,2.0
E52_be69bdf55826f2eb34075d09,10.98791407815294,12.029424972929434,10.98791407815294,457.6877788138426,500.48965717077624,658.5642874860837,0.25604119113741575,0.009166666666666667,0.002310763888888889,0.2675186216929713,2.2924813783070292,0.9164004307209465,513.6225402832031,0.0,0.0,513.6225402832031,641.3225402832031,4939.232156145627,341.3225402832031,30.0,667.6877788138427,0.0,1,P01_GAMMA02_M022_04,P01_GAMMA02_M022_04,P01,M022,7979.0625,7986.625,7.5625,8.98791407815294,2.0
E52_bfffb2993ede6e2e2bd9340b,15.999572739701321,13.053008949478723,13.053008949478723,400.85355156655817,436.85476820067277,585.6998033284289,0.22550922551216515,0.009166666666666667,0.002310763888888889,0.2369866560677207,2.32301334393228,0.9259416699788373,432.014599609375,0.0,0.0,432.014599609375,559.714599609375,4392.748524963216,275.29461669921875,30.0,610.8535515665582,0.0,1,P01_GAMMA02_M022_04,P01_GAMMA02_M022_04,P01,M022,7979.0625,7986.625,7.5625,11.053008949478723,2.0
E52_c0294c7ff44d44fc4ede8d97,8.496049171089112,16.7256600789149,8.496049171089112,316.70783025924425,358.9570632507807,379.92026256926977,0.16644027302831577,0.009166666666666667,0.002310763888888889,0.17791770358387132,2.382082296416129,0.9444007176300402,506.9907958984375,0.0,0.0,506.9907958984375,634.6907958984375,2849.4019692695233,334.6907958984375,30.0,526.7078302592442,0.0,1,P01_GAMMA02_M022_04,P01_GAMMA02_M022_04,P01,M022,7979.0625,7986.625,7.5625,6.496049171089112,2.0
E52_c10a50247c57c0340b451298,3.8798112016456656,3.1495087650690863,3.1495087650690863,410.4813485396202,450.8988478275434,578.4577013517014,0.22790762835174688,0.009166666666666667,0.002310763888888889,0.23938505890730244,2.320614941092698,0.925192169091468,485.00999145507814,0.0,0.0,485.00999145507814,612.7099914550781,4338.432760137761,515.4917602539062,30.0,620.4813485396203,0.0,1,P01_GAMMA02_M022_04,P01_GAMMA02_M022_04,P01,M022,7979.0625,7986.625,7.5625,1.1495087650690863,2.0
E52_c76d93c5902d0dc017f7065c,9.033622066254495,16.05706218628906,9.033622066254495,260.86241804033426,278.57034040361555,415.47730190098105,0.1516149798935124,0.009166666666666667,0.002310763888888889,0.16309241044906797,2.3969075895509326,0.9490336217346662,212.495068359375,0.0,0.0,212.495068359375,340.195068359375,3116.079764257358,277.91845703125,30.0,470.86241804033426,0.0,1,P01_GAMMA02_M022_04,P01_GAMMA02_M022_04,P01,M022,7979.0625,7986.625,7.5625,7.033622066254495,2.0
E52_d22cbe82615c6d2ee0ebf49f,9.059473168947648,15.758568264926964,9.059473168947648,318.17309843891866,352.9726015110215,427.5491784452201,0.1737067461230003,0.009166666666666667,0.002310763888888889,0.18518417667855586,2.3748158233214447,0.9421299447879513,417.5940368652344,0.0,0.0,417.5940368652344,545.2940368652344,3206.618838339151,335.390380859375,30.0,528.1730984389187,0.0,1,P01_GAMMA02_M022_04,P01_GAMMA02_M022_04,P01,M022,7979.0625,7986.625,7.5625,7.0594731689476475,2.0
E52_dbec4f1422e98765afb262aa,7.4955025619655515,16.38523852602286,7.4955025619655515,322.5402116809159,364.1002534899979,395.72017250733956,0.1707521496628321,0.009166666666666667,0.002310763888888889,0.18222958021838764,2.377770419781613,0.9430532561817538,498.7205017089844,0.0,0.0,498.7205017089844,626.4205017089844,2967.901293805047,326.4205017089844,30.0,532.540211680916,0.0,1,P01_GAMMA02_M022_04,P01_GAMMA02_M022_04,P01,M022,7979.0625,7986.625,7.5625,5.4955025619655515,2.0
E52_dc4c132291b7b9525a26c82f,9.044309606854924,16.290878065555617,9.044309606854924,256.41354735972715,274.49113296153376,404.3615811086144,0.14845852840407586,0.009166666666666667,0.002310763888888889,0.15993595895963142,2.400064041040369,0.9500200128251152,216.9310272216797,0.0,0.0,216.9310272216797,344.6310272216797,3032.711858314608,277.91845703125,30.0,466.41354735972715,0.0,1,P01_GAMMA02_M022_04,P01_GAMMA02_M022_04,P01,M022,7979.0625,7986.625,7.5625,7.044309606854924,2.0
E52_de2c36302e014a6d0284c896,8.765082177423523,15.994052628622484,8.765082177423523,325.41177480357015,364.7238282296769,414.95122905049965,0.1744969638873427,0.009166666666666667,0.002310763888888889,0.18597439444289826,2.3740256055571023,0.9418830017365943,471.74464111328126,0.0,0.0,471.74464111328126,599.4446411132812,3112.134217878747,325.15069580078125,30.0,535.4117748035701,0.0,1,P01_GAMMA02_M022_04,P01_GAMMA02_M022_04,P01,M022,7979.0625,7986.625,7.5625,6.765082177423523,2.0
E52_e0325aad0b87e7c07e10fc2c,8.862631606862664,5.987785159048158,5.987785159048158,275.1983248954777,294.96932963587483,418.60161500091635,0.15682137892336617,0.009166666666666667,0.002310763888888889,0.16829880947892173,2.3917011905210788,0.947406622037837,248.53977661132814,11.2877197265625,11.2877197265625,248.53977661132814,376.2397766113281,3139.5121125068727,326.2397766113281,30.0,485.1983248954777,0.0,1,P01_GAMMA02_M022_04,P01_GAMMA02_M022_04,P01,M022,7979.0625,7986.625,7.5625,3.9877851590481583,2.0
E52_e0cd6bab1a22c4530d9a254c,7.550143499477969,6.471069764274475,6.471069764274475,260.0402116809159,280.7669201566646,395.72017250733956,0.14852449968212222,0.009166666666666667,0.002310763888888889,0.16000193023767778,2.3999980697623227,0.9499993968007256,248.7205017089844,0.0,0.0,248.7205017089844,376.4205017089844,2967.901293805047,326.4205017089844,30.0,470.0402116809159,0.0,1,P01_GAMMA02_M022_04,P01_GAMMA02_M022_04,P01,M022,7979.0625,7986.625,7.5625,4.471069764274475,2.0
E52_ea76d341ab82f2ebc1fa1efe,8.822998157596984,6.056283714240493,6.056283714240493,275.41177480357015,298.05716156301025,414.95122905049965,0.15671484390277482,0.009166666666666667,0.002310763888888889,0.16819227445833038,2.3918077255416703,0.9474399142317718,271.74464111328126,0.0,0.0,271.74464111328126,399.44464111328125,3112.134217878747,325.15069580078125,30.0,485.41177480357015,0.0,1,P01_GAMMA02_M022_04,P01_GAMMA02_M022_04,P01,M022,7979.0625,7986.625,7.5625,4.056283714240493,2.0
E52_eab18c460278cfbad2c20da0,10.381322207268596,7.760329046990023,7.760329046990023,212.31476099060268,226.15454090800176,341.5908424768108,0.12388533452538679,0.009166666666666667,0.002310763888888889,0.13536276508094236,2.424637234919058,0.9576991359122056,166.07735900878907,0.0,0.0,166.07735900878907,293.77735900878906,2561.931318576081,213.8477783203125,30.0,422.3147609906027,0.0,1,P01_GAMMA02_M022_04,P01_GAMMA02_M022_04,P01,M022,7979.0625,7986.625,7.5625,5.760329046990023,2.0
E52_eddf192c3626d88d236d26e4,11.243317350192214,17.034187922993553,11.243317350192214,241.72684180786888,260.473536754158,370.9735139380034,0.13850678679446915,0.009166666666666667,0.002310763888888889,0.1499842173500247,2.410015782649976,0.9531299320781172,224.96033935546876,0.0,0.0,224.96033935546876,352.66033935546875,2782.3013545350254,199.07135009765625,30.0,451.7268418078689,0.0,1,P01_GAMMA02_M022_04,P01_GAMMA02_M022_04,P01,M022,7979.0625,7986.625,7.5625,9.243317350192214,2.0
E52_f2fabdd802684ffd17ed2273,7.013697098165252,16.925225818485302,7.013697098165252,275.2104023505881,304.60508466259984,374.0527108291059,0.15085104647056902,0.009166666666666667,0.002310763888888889,0.16232847702612457,2.397671522973876,0.949272350929336,352.73618774414064,0.0,0.0,352.73618774414064,480.4361877441406,2805.395331218294,291.6474609375,30.0,485.2104023505881,0.0,1,P01_GAMMA02_M022_04,P01_GAMMA02_M022_04,P01,M022,7979.0625,7986.625,7.5625,5.013697098165252,2.0
E52_fd527d975e1813662620f82c,11.695960735271811,12.45056667278017,11.695960735271811,418.2192341110554,452.9085204066283,628.3027504486734,0.23771876612520712,0.009166666666666667,0.002310763888888889,0.24919619668076268,2.3108038033192377,0.9221261885372617,416.271435546875,0.0,0.0,416.271435546875,543.971435546875,4712.2706283650505,306.8754577636719,30.0,628.2192341110554,0.0,1,P01_GAMMA02_M022_04,P01_GAMMA02_M022_04,P01,M022,7979.0625,7986.625,7.5625,9.695960735271811,2.0
E52_831cee7e7a3a549796e42b18,7.089510008436875,10.042846261792022,7.089510008436875,524.445203057942,560.9167693217765,830.061008532876,0.3040708837654974,0.009166666666666667,0.002310763888888889,0.31554831432105296,2.2444516856789476,0.901391151774671,437.65879516601564,0.0,0.0,437.65879516601564,565.3587951660156,6225.457563996571,359.5916748046875,30.0,734.445203057942,0.0,1,P01_GAMMA02_M022_04,P01_GAMMA02_M022_04,P01,M022,7979.0625,7986.625,7.5625,5.089510008436875,2.0
E52_d3460088443e86b69235cf2f,7.866170804649244,10.110906533633653,7.866170804649244,520.9986937965015,557.4049117530444,823.5600798537452,0.3019244763287566,0.009166666666666667,0.002310763888888889,0.31340190688431213,2.246598093115688,0.9020619040986525,436.87461547851564,0.0,0.0,436.87461547851564,564.5746154785156,6176.700598903089,276.8628845214844,30.0,730.9986937965015,0.0,1,P01_GAMMA02_M022_04,P01_GAMMA02_M022_04,P01,M022,7979.0625,7986.625,7.5625,5.866170804649244,2.0
E52_c98d1e580ba9a8920eeacbdb,6.87687303569453,9.995636820319618,6.87687303569453,531.3190315479533,569.3529452238973,834.4345810402425,0.30713490815373307,0.009166666666666667,0.002310763888888889,0.3186123387092886,2.241387661290712,0.9004336441533474,456.40696411132814,0.0,0.0,456.40696411132814,584.1069641113281,6258.259357801819,362.73199462890625,30.0,741.3190315479533,0.0,1,P01_GAMMA02_M022_04,P01_GAMMA02_M022_04,P01,M022,7979.0625,7986.625,7.5625,4.87687303569453,2.0
E52_413d3eff5d481ef66f8d3068,6.337257277822076,9.493762996477216,6.337257277822076,548.7789293194231,584.2784598573463,884.5606754113072,0.3204434082194385,0.009166666666666667,0.002310763888888889,0.33192083877499406,2.2280791612250064,0.8962747378828144,425.99436645507814,0.0,0.0,425.99436645507814,553.6943664550781,6634.205065584804,329.6845703125,30.0,758.7789293194231,0.0,1,P01_GAMMA02_M022_04,P01_GAMMA02_M022_04,P01,M022,7979.0625,7986.625,7.5625,4.337257277822076,2.0
E52_88c1c7aba1fcf94c58dad20e,6.346881686716003,9.497510042154289,6.346881686716003,536.2789293194231,567.6117931906797,884.5606754113072,0.3159978782232965,0.009166666666666667,0.002310763888888889,0.32747530877885206,2.2325246912211485,0.8976639660066087,375.99436645507814,0.0,0.0,375.99436645507814,503.6943664550781,6634.205065584804,329.6845703125,30.0,746.2789293194231,0.0,1,P01_GAMMA02_M022_04,P01_GAMMA02_M022_04,P01,M022,7979.0625,7986.625,7.5625,4.346881686716003,2.0
E52_2e64690809088e2a96fb2160,6.354141253044716,9.500767968691491,6.354141253044716,523.7789293194231,550.945126524013,884.5606754113072,0.31155234822715455,0.009166666666666667,0.002310763888888889,0.3230297787827101,2.23697022121729,0.8990531941304031,325.99436645507814,0.0,0.0,325.99436645507814,453.6943664550781,6634.205065584804,329.6845703125,30.0,733.7789293194231,0.0,1,P01_GAMMA02_M022_04,P01_GAMMA02_M022_04,P01,M022,7979.0625,7986.625,7.5625,4.354141253044716,2.0
E52_cdef0b479e00ae29ebd83132,4.026744877245449,10.01648148125875,4.026744877245449,520.0071121141804,554.5433095222207,832.7970397801186,0.3028799960747676,0.009166666666666667,0.002310763888888889,0.3143574266303232,2.245642573369677,0.901763304178024,414.4343688964844,0.0,0.0,414.4343688964844,542.1343688964844,6245.977798350889,297.6476745605469,30.0,730.0071121141804,0.0,1,P01_GAMMA02_M022_04,P01_GAMMA02_M022_04,P01,M022,7979.0625,7986.625,7.5625,2.0267448772454486,2.0
E52_30110e5b3ae38ecfab28ace2,4.415887189278266,10.05954008012911,4.415887189278266,514.4106891471403,547.7506496268766,828.7816154158626,0.30032099335417484,0.009166666666666667,0.002310763888888889,0.3117984239097304,2.24820157609027,0.9025629925282093,400.07952575683595,0.0,0.0,400.07952575683595,527.7795257568359,6215.862115618969,313.0162353515625,30.0,724.4106891471403,0.0,1,P01_GAMMA02_M022_04,P01_GAMMA02_M022_04,P01,M022,7979.0625,7986.625,7.5625,2.4158871892782656,2.0
E52_4d215302190bc5bfb29bf912,7.6104963551872515,16.37371485667674,7.6104963551872515,307.50969179304633,343.7570581260541,397.53518558804575,0.1656637075427803,0.009166666666666667,0.14249392361111113,0.31732429782055804,2.2426757021794423,0.9008361569310757,434.96839599609376,0.0,0.0,434.96839599609376,562.6683959960938,2981.5138919103433,336.56707763671875,30.0,517.5096917930464,0.0,1,P01_GAMMA02_M023_00,P01_GAMMA02_M023_00,P01,M023,7299.59375,7765.9375,466.34375,5.6104963551872515,2.0
E52_7ccd1e182a1b2540fd645bfb,2.2842575791542856,2.4191590009326376,2.2842575791542856,429.0509151666868,465.88596358791074,630.2977572539465,0.24168092785315382,0.009166666666666667,0.14249392361111113,0.3933415181309316,2.166658481869069,0.8770807755840839,447.8438232421875,5.8232421875,5.8232421875,447.8438232421875,575.5438232421875,4727.2331794045995,525.5438232421875,30.0,639.0509151666868,0.0,1,P01_GAMMA02_M023_00,P01_GAMMA02_M023_00,P01,M023,7299.59375,7765.9375,466.34375,0.2842575791542856,2.0
E52_aaa387ee3ee3170bd804334d,7.017439111244244,18.409477866986336,7.017439111244244,263.5215778829557,299.2286101502083,312.8009621623957,0.13801933350380158,0.009166666666666667,0.14249392361111113,0.28967992378157936,2.2703200762184212,0.9094750238182565,428.48438720703126,0.0,0.0,428.48438720703126,556.1843872070312,2346.0072162179677,386.9435729980469,30.0,473.5215778829557,0.0,1,P01_GAMMA02_M023_00,P01_GAMMA02_M023_00,P01,M023,7299.59375,7765.9375,466.34375,5.017439111244244,2.0
E52_beb70ec57fd2d66bf65b827f,10.292283796734068,2.43785423226241,2.43785423226241,429.6587378248194,468.09544538504076,628.6972302883107,0.2418430061920666,0.009166666666666667,0.14249392361111113,0.3935035964698444,2.166496403530156,0.8770301261031737,461.24049072265626,0.0,0.0,461.24049072265626,588.9404907226562,4715.22922716233,538.9404907226562,30.0,639.6587378248194,0.0,1,P01_GAMMA02_M023_00,P01_GAMMA02_M023_00,P01,M023,7299.59375,7765.9375,466.34375,0.43785423226240994,2.0
E52_575c4f100493de938643a13d,10.545966722753406,2.099203328999508,2.099203328999508,470.05405043895155,518.0123847895375,652.3580947743875,0.259560220504969,0.009166666666666667,0.14249392361111113,0.4112208107827468,2.1487791892172536,0.8714934966303917,575.5000122070312,0.0,0.0,575.5000122070312,703.2000122070312,4892.685710807907,437.3766174316406,30.0,680.0540504389515,0.0,1,P01_GAMMA02_M023_00,P01_GAMMA02_M023_00,P01,M023,7299.59375,7765.9375,466.34375,0.09920332899950779,2.0
E52_0c56c0f390b777971f9a7e58,10.834997714240302,2.1743859331465814,2.1743859331465814,461.3120930283848,507.24512830670517,647.0259743868478,0.2556960576036008,0.009166666666666667,0.14249392361111113,0.4073566478813786,2.1526433521186217,0.8727010475370692,551.1964233398437,0.0,0.0,551.1964233398437,678.8964233398438,4852.694807901358,431.4708251953125,30.0,671.3120930283849,0.0,1,P01_GAMMA02_M023_00,P01_GAMMA02_M023_00,P01,M023,7299.59375,7765.9375,466.34375,0.17438593314658135,2.0
E52_4513f74e4ba51c209cccc792,5.628029192187569,9.790974506635663,5.628029192187569,548.6050089915749,589.1156759023821,854.1460165183059,0.3160741321008959,0.009166666666666667,0.25806076388888893,0.5833015626564515,1.976698437343549,0.817718261669859,486.1280029296875,0.0,0.0,486.1280029296875,613.8280029296875,6406.095123887295,391.8226318359375,30.0,758.6050089915749,0.0,1,P01_GAMMA02_M024_00,P01_GAMMA02_M024_00,P01,M024,7587.0,8431.5625,844.5625,3.6280291921875687,2.0
E52_b677873645e212a13901ede2,4.558377893692466,9.230718628911887,4.558377893692466,575.9444140089429,616.0268887810784,911.3939793850733,0.3339048259552679,0.009166666666666667,0.25806076388888893,0.6011322565108235,1.958867743489177,0.8121461698403677,480.989697265625,0.0,0.0,480.989697265625,608.689697265625,6835.45484538805,390.4056396484375,30.0,785.9444140089429,0.0,1,P01_GAMMA02_M024_00,P01_GAMMA02_M024_00,P01,M024,7587.0,8431.5625,844.5625,2.558377893692466,2.0
E52_575c4f100493de938643a13d,5.145316592407042,2.099203328999508,2.099203328999508,470.05405043895155,518.0123847895375,652.3580947743875,0.259560220504969,0.009166666666666667,0.25806076388888893,0.5267876510605246,2.0332123489394758,0.8353788590435861,575.5000122070312,0.0,0.0,575.5000122070312,703.2000122070312,4892.685710807907,437.3766174316406,30.0,680.0540504389515,0.0,1,P01_GAMMA02_M024_00,P01_GAMMA02_M024_00,P01,M024,7587.0,8431.5625,844.5625,0.09920332899950779,2.0
E52_0c56c0f390b777971f9a7e58,4.866826508382303,2.1743859331465814,2.1743859331465814,461.3120930283848,507.24512830670517,647.0259743868478,0.2556960576036008,0.009166666666666667,0.25806076388888893,0.5229234881591565,2.0370765118408443,0.8365864099502636,551.1964233398437,0.0,0.0,551.1964233398437,678.8964233398438,4852.694807901358,431.4708251953125,30.0,671.3120930283849,0.0,1,P01_GAMMA02_M024_00,P01_GAMMA02_M024_00,P01,M024,7587.0,8431.5625,844.5625,0.17438593314658135,2.0
E52_cdef0b479e00ae29ebd83132,5.657665555114349,10.01648148125875,5.657665555114349,520.0071121141804,554.5433095222207,832.7970397801186,0.3028799960747676,0.009166666666666667,0.25806076388888893,0.5701074266303232,1.9898925733696773,0.821841429178024,414.4343688964844,0.0,0.0,414.4343688964844,542.1343688964844,6245.977798350889,297.6476745605469,30.0,730.0071121141804,0.0,1,P01_GAMMA02_M024_00,P01_GAMMA02_M024_00,P01,M024,7587.0,8431.5625,844.5625,3.657665555114349,2.0
E52_06eb0baa948af7ff52881bcf,11.34921240453653,16.258674653736037,11.34921240453653,296.7597053393259,328.36499963050426,403.88764493158146,0.16274021246714285,0.009166666666666667,0.12996614583333332,0.30187302496714286,2.258126975032858,0.9056646796977679,379.26353149414064,0.0,0.0,379.26353149414064,506.9635314941406,3029.157336986861,306.9635314941406,30.0,506.7597053393259,0.0,1,P01_GAMMA02_M025_00,P01_GAMMA02_M025_00,P01,M025,3155.71875,3581.0625,425.34375,9.34921240453653,2.0
E52_0c9d91fc306062a18ada9948,10.190425106668542,15.697900697510477,10.190425106668542,331.42241999480143,370.2725110389095,429.7442937249544,0.1787296459836012,0.009166666666666667,0.12996614583333332,0.3178624584836012,2.2421375415163993,0.9006679817238746,466.2010925292969,0.0,0.0,466.2010925292969,593.9010925292969,3223.082202937158,326.7436828613281,30.0,541.4224199948014,0.0,1,P01_GAMMA02_M025_00,P01_GAMMA02_M025_00,P01,M025,3155.71875,3581.0625,425.34375,8.190425106668542,2.0
E52_189eb019491ad876aa165071,14.62560917721207,3.8094716871601975,3.8094716871601975,403.09916814168594,448.35288467407526,534.676037089036,0.21908171065325852,0.009166666666666667,0.12996614583333332,0.3582145231532585,2.2017854768467418,0.8880579615146067,543.0445983886718,0.0,0.0,543.0445983886718,670.7445983886719,4010.07027816777,391.87322998046875,30.0,613.0991681416859,0.0,1,P01_GAMMA02_M025_00,P01_GAMMA02_M025_00,P01,M025,3155.71875,3581.0625,425.34375,1.8094716871601975,2.0
E52_214ce9a3b3bd3fa9c582335a,9.466834534918547,15.138353346483314,9.466834534918547,331.46735474952504,365.31699057309277,459.8368945576438,0.1830074384559416,0.009166666666666667,0.12996614583333332,0.32214025095594157,2.237859749044059,0.8993311715762683,406.1956298828125,0.0,0.0,406.1956298828125,533.8956298828125,3448.7767091823284,283.8956298828125,30.0,541.467354749525,0.0,1,P01_GAMMA02_M025_00,P01_GAMMA02_M025_00,P01,M025,3155.71875,3581.0625,425.34375,7.466834534918547,2.0
E52_231555d7070bcf1a0911e332,10.270015299215657,5.981962334569488,5.981962334569488,303.4113952968874,335.0249979987103,417.14117438283733,0.1669828432889251,0.009166666666666667,0.12996614583333332,0.3061156557889251,2.2538843442110754,0.9043388575659609,379.363232421875,0.0,0.0,379.363232421875,507.063232421875,3128.55880787128,326.2397766113281,30.0,513.4113952968873,0.0,1,P01_GAMMA02_M025_00,P01_GAMMA02_M025_00,P01,M025,3155.71875,3581.0625,425.34375,3.981962334569488,2.0
E52_246111a1ef063bec9e89ec9e,19.408232207924755,13.03223549741864,13.03223549741864,413.11352328410356,453.07003166626504,586.4879962752384,0.22998101771643822,0.009166666666666667,0.12996614583333332,0.3691138302164382,2.190886169783562,0.884651928057363,479.4781005859375,0.0,0.0,479.4781005859375,607.1781005859375,4398.659972064288,469.28277587890625,30.0,623.1135232841036,0.0,1,P01_GAMMA02_M025_00,P01_GAMMA02_M025_00,P01,M025,3155.71875,3581.0625,425.34375,11.03223549741864,2.0
E52_27bf01e9e990859ae5993708,10.242823238504869,15.932490639468014,10.242823238504869,318.6138217216496,355.0514931287134,418.60161500091635,0.17259630304263499,0.009166666666666667,0.12996614583333332,0.31172911554263494,2.248270884457366,0.9025846513929265,437.25205688476564,0.0,0.0,437.25205688476564,564.9520568847656,3139.5121125068727,326.2397766113281,30.0,528.6138217216496,0.0,1,P01_GAMMA02_M025_00,P01_GAMMA02_M025_00,P01,M025,3155.71875,3581.0625,425.34375,8.242823238504869,2.0
E52_27fdcb9bc2da20af468e67a1,9.646877129001766,15.630401191469062,9.646877129001766,333.5201066466774,372.5049327982074,433.1312563841751,0.1799553449394086,0.009166666666666667,0.12996614583333332,0.31908815743940855,2.240911842560592,0.9002849508001849,467.8179138183594,0.0,0.0,467.8179138183594,595.5179138183594,3248.4844228813135,322.1230773925781,30.0,543.5201066466774,0.0,1,P01_GAMMA02_M025_00,P01_GAMMA02_M025_00,P01,M025,3155.71875,3581.0625,425.34375,7.646877129001766,2.0
E52_347c51b45a583dd4c5a4aad0,8.81790256753439,10.359339260709504,8.81790256753439,545.8106765870443,594.6474365357748,798.6007934817058,0.3072138543106079,0.009166666666666667,0.12996614583333332,0.44634666681060786,2.1136533331893927,0.860516666621685,586.0411193847656,0.0,0.0,586.0411193847656,713.7411193847656,5989.505951112793,425.30462646484375,30.0,755.8106765870443,0.0,1,P01_GAMMA02_M025_00,P01_GAMMA02_M025_00,P01,M025,3155.71875,3581.0625,425.34375,6.817902567534389,2.0
E52_47db2d0d55c92154c779a4c9,11.176286595238821,16.45726286038159,11.176286595238821,312.62709924858126,351.3219092257948,393.08533863388124,0.16685347284684848,0.009166666666666667,0.12996614583333332,0.30598628534684846,2.2540137146531523,0.9043792858291099,464.3377197265625,0.0,0.0,464.3377197265625,592.0377197265625,2948.1400397541092,295.61395263671875,30.0,522.6270992485813,0.0,1,P01_GAMMA02_M025_00,P01_GAMMA02_M025_00,P01,M025,3155.71875,3581.0625,425.34375,9.176286595238821,2.0
E52_6dc095df8eb6475486134b5c,18.584851689282715,12.905188948092743,12.905188948092743,424.06014837873875,466.2734748964797,594.8403376510322,0.23505698741925235,0.009166666666666667,0.12996614583333332,0.37418979991925233,2.185810200080748,0.8830656875252336,506.55991821289064,0.0,0.0,506.55991821289064,634.2599182128906,4461.302532382741,440.2059631347656,30.0,634.0601483787387,0.0,1,P01_GAMMA02_M025_00,P01_GAMMA02_M025_00,P01,M025,3155.71875,3581.0625,425.34375,10.905188948092743,2.0
E52_73baea82bbbffa2db9d7426a,10.241631917232525,5.711384152670419,5.711384152670419,297.3854850658978,324.64222792478455,431.2305129784753,0.16683515196021612,0.009166666666666667,0.12996614583333332,0.3059679644602161,2.2540320355397845,0.9043850111061824,327.08091430664064,0.0,0.0,327.08091430664064,454.7809143066406,3234.2288473385647,335.390380859375,30.0,507.3854850658978,0.0,1,P01_GAMMA02_M025_00,P01_GAMMA02_M025_00,P01,M025,3155.71875,3581.0625,425.34375,3.711384152670419,2.0
E52_82c821a5773d0bfbe554f10a,6.886736543769302,11.397135806608844,6.886736543769302,512.9354114719376,566.0737563002253,707.0407539741487,0.2825549862639304,0.009166666666666667,0.12996614583333332,0.42168779876393037,2.13831220123607,0.8682225628862718,637.6601379394531,0.0,0.0,637.6601379394531,765.3601379394531,5302.805654806116,465.3601379394531,30.0,722.9354114719376,0.0,1,P01_GAMMA02_M025_00,P01_GAMMA02_M025_00,P01,M025,3155.71875,3581.0625,425.34375,4.886736543769302,2.0
E52_8ca7795ffa642a3b129c0a3d,10.116181077439208,15.730152054416479,10.116181077439208,330.94608252023,369.9122522589995,428.0951466078428,0.17832668261553564,0.009166666666666667,0.12996614583333332,0.3174594951155356,2.242540504884465,0.9007939077763951,467.5940368652344,0.0,0.0,467.5940368652344,595.2940368652344,3210.713599558821,335.390380859375,30.0,540.94608252023,0.0,1,P01_GAMMA02_M025_00,P01_GAMMA02_M025_00,P01,M025,3155.71875,3581.0625,425.34375,8.116181077439208,2.0
E52_b60e4d2a4cdcd5801a5d757f,9.6910339592972,16.480566458341656,9.6910339592972,308.26023760270465,345.626388522301,392.32356968783114,0.16519254750221457,0.009166666666666667,0.12996614583333332,0.30432536000221455,2.255674639997786,0.904898324999308,448.39381103515626,0.0,0.0,448.39381103515626,576.0938110351562,2942.4267726587336,326.2397766113281,30.0,518.2602376027046,0.0,1,P01_GAMMA02_M025_00,P01_GAMMA02_M025_00,P01,M025,3155.71875,3581.0625,425.34375,7.691033959297201,2.0
E52_c0294c7ff44d44fc4ede8d97,9.63131941890856,16.7256600789149,9.63131941890856,316.70783025924425,358.9570632507807,379.92026256926977,0.16644027302831577,0.009166666666666667,0.12996614583333332,0.30557308552831575,2.2544269144716846,0.9045084107724013,506.9907958984375,0.0,0.0,506.9907958984375,634.6907958984375,2849.4019692695233,334.6907958984375,30.0,526.7078302592442,0.0,1,P01_GAMMA02_M025_00,P01_GAMMA02_M025_00,P01,M025,3155.71875,3581.0625,425.34375,7.631319418908561,2.0
E52_c10a50247c57c0340b451298,20.00250631674139,3.1495087650690863,3.1495087650690863,410.4813485396202,450.8988478275434,578.4577013517014,0.22790762835174688,0.009166666666666667,0.12996614583333332,0.36704044085174686,2.1929595591482536,0.8852998622338291,485.00999145507814,0.0,0.0,485.00999145507814,612.7099914550781,4338.432760137761,515.4917602539062,30.0,620.4813485396203,0.0,1,P01_GAMMA02_M025_00,P01_GAMMA02_M025_00,P01,M025,3155.71875,3581.0625,425.34375,1.1495087650690863,2.0
E52_d22cbe82615c6d2ee0ebf49f,10.18232641347295,15.758568264926964,10.18232641347295,318.17309843891866,352.9726015110215,427.5491784452201,0.1737067461230003,0.009166666666666667,0.12996614583333332,0.3128395586230003,2.2471604413770003,0.9022376379303124,417.5940368652344,0.0,0.0,417.5940368652344,545.2940368652344,3206.618838339151,335.390380859375,30.0,528.1730984389187,0.0,1,P01_GAMMA02_M025_00,P01_GAMMA02_M025_00,P01,M025,3155.71875,3581.0625,425.34375,8.18232641347295,2.0
E52_dbec4f1422e98765afb262aa,10.873853311460351,16.38523852602286,10.873853311460351,322.5402116809159,364.1002534899979,395.72017250733956,0.1707521496628321,0.009166666666666667,0.12996614583333332,0.30988496216283207,2.2501150378371686,0.903160949324115,498.7205017089844,0.0,0.0,498.7205017089844,626.4205017089844,2967.901293805047,326.4205017089844,30.0,532.540211680916,0.0,1,P01_GAMMA02_M025_00,P01_GAMMA02_M025_00,P01,M025,3155.71875,3581.0625,425.34375,8.873853311460351,2.0
E52_de2c36302e014a6d0284c896,10.188846349369086,15.994052628622484,10.188846349369086,325.41177480357015,364.7238282296769,414.95122905049965,0.1744969638873427,0.009166666666666667,0.12996614583333332,0.3136297763873427,2.246370223612658,0.9019906948789554,471.74464111328126,0.0,0.0,471.74464111328126,599.4446411132812,3112.134217878747,325.15069580078125,30.0,535.4117748035701,0.0,1,P01_GAMMA02_M025_00,P01_GAMMA02_M025_00,P01,M025,3155.71875,3581.0625,425.34375,8.188846349369086,2.0
E52_214ce9a3b3bd3fa9c582335a,2.22942062366117,15.138353346483314,2.22942062366117,331.46735474952504,365.31699057309277,459.8368945576438,0.1830074384559416,0.009166666666666667,0.1749401041666667,0.36711420928927496,2.1928857907107258,0.8852768095971015,406.1956298828125,0.0,0.0,406.1956298828125,533.8956298828125,3448.7767091823284,283.8956298828125,30.0,541.467354749525,0.0,1,P01_GAMMA02_M027_00,P01_GAMMA02_M027_00,P01,M027,9346.875,9919.40625,572.53125,0.22942062366117,2.0
E52_27fdcb9bc2da20af468e67a1,2.0181303031572497,15.630401191469062,2.0181303031572497,333.5201066466774,372.5049327982074,433.1312563841751,0.1799553449394086,0.009166666666666667,0.1749401041666667,0.36406211577274195,2.1959378842272583,0.8862305888210181,467.8179138183594,0.0,0.0,467.8179138183594,595.5179138183594,3248.4844228813135,322.1230773925781,30.0,543.5201066466774,0.0,1,P01_GAMMA02_M027_00,P01_GAMMA02_M027_00,P01,M027,9346.875,9919.40625,572.53125,0.018130303157249728,2.0
E52_2cea01313b8862fcfb6b2e63,6.264019617413027,16.460055432828085,6.264019617413027,259.5957489704318,280.08528245838755,396.2542970131293,0.148442074342722,0.009166666666666667,0.1749401041666667,0.3325488451760553,2.227451154823945,0.8960784858824827,245.87440185546876,0.0,0.0,245.87440185546876,373.57440185546875,2971.90722759847,231.8917236328125,30.0,469.5957489704318,0.0,1,P01_GAMMA02_M027_00,P01_GAMMA02_M027_00,P01,M027,9346.875,9919.40625,572.53125,4.264019617413027,2.0
E52_44ed69e1d99dc074a7941a18,4.524182138291295,8.900383690419545,4.524182138291295,188.27556058823757,199.0276355292369,299.7078152072368,0.1090911242968749,0.009166666666666667,0.1749401041666667,0.2931978951302083,2.266802104869792,0.90837565777181,139.59420471191407,10.569305419921875,10.569305419921875,139.59420471191407,267.29420471191406,2247.808614054276,217.29420471191406,30.0,398.27556058823757,0.0,1,P01_GAMMA02_M027_00,P01_GAMMA02_M027_00,P01,M027,9346.875,9919.40625,572.53125,2.5241821382912946,2.0
E52_4cf0fac9feb721651efb2830,4.069474337158908,17.82597875173802,4.069474337158908,242.69354898018014,267.32891198677197,337.5749199208095,0.13412057160327687,0.009166666666666667,0.1749401041666667,0.3182273424366102,2.2417726575633905,0.9005539554885593,295.6243560791016,0.0,0.0,295.6243560791016,423.32435607910156,2531.8118994060715,217.31182861328125,30.0,452.69354898018014,0.0,1,P01_GAMMA02_M027_00,P01_GAMMA02_M027_00,P01,M027,9346.875,9919.40625,572.53125,2.0694743371589084,2.0
E52_4d215302190bc5bfb29bf912,5.953592194847886,16.37371485667674,5.953592194847886,307.50969179304633,343.7570581260541,397.53518558804575,0.1656637075427803,0.009166666666666667,0.1749401041666667,0.34977047837611364,2.2102295216238868,0.8906967255074645,434.96839599609376,0.0,0.0,434.96839599609376,562.6683959960938,2981.5138919103433,336.56707763671875,30.0,517.5096917930464,0.0,1,P01_GAMMA02_M027_00,P01_GAMMA02_M027_00,P01,M027,9346.875,9919.40625,572.53125,3.953592194847886,2.0
E52_50c718ca7f326f764494c89d,9.696219730369123,13.080943299176411,9.696219730369123,350.85355156655817,370.1881015340061,585.6998033284289,0.20772710552759727,0.009166666666666667,0.1749401041666667,0.3918338763609306,2.16816612363907,0.8775519136372092,232.014599609375,0.0,0.0,232.014599609375,359.714599609375,4392.748524963216,275.29461669921875,30.0,560.8535515665582,0.0,1,P01_GAMMA02_M027_00,P01_GAMMA02_M027_00,P01,M027,9346.875,9919.40625,572.53125,7.696219730369123,2.0
E52_515a3b7c8d98426ee13f2b4e,4.43354045683563,17.07508762021844,4.43354045683563,242.68536134104386,262.0561394884234,369.14605379781034,0.13858886614696947,0.009166666666666667,0.1749401041666667,0.3226956369803028,2.237304363019698,0.8991576134436554,232.4493377685547,0.0,0.0,232.4493377685547,360.1493377685547,2768.5954034835777,210.1493377685547,30.0,452.68536134104386,0.0,1,P01_GAMMA02_M027_00,P01_GAMMA02_M027_00,P01,M027,9346.875,9919.40625,572.53125,2.4335404568356296,2.0
E52_60b76d98beea93305f35c25d,6.004471256022072,16.79058398580294,6.004471256022072,271.8613885249859,299.0873836523459,380.3668062858116,0.15055421784231732,0.009166666666666667,0.1749401041666667,0.33466098867565064,2.22533901132435,0.8954184410388591,326.7119415283203,0.0,0.0,326.7119415283203,454.4119415283203,2852.751047143587,241.2421875,30.0,481.8613885249859,0.0,1,P01_GAMMA02_M027_00,P01_GAMMA02_M027_00,P01,M027,9346.875,9919.40625,572.53125,4.004471256022072,2.0
E52_68694062ed2e2e792aeb51a9,5.965673202353898,17.695890544520793,5.965673202353898,262.3147609906027,292.8212075746684,341.5908424768108,0.1416674545099547,0.009166666666666667,0.1749401041666667,0.32577422534328804,2.2342257746567125,0.8981955545802225,366.0773590087891,0.0,0.0,366.0773590087891,493.77735900878906,2561.931318576081,213.8477783203125,30.0,472.3147609906027,0.0,1,P01_GAMMA02_M027_00,P01_GAMMA02_M027_00,P01,M027,9346.875,9919.40625,572.53125,3.965673202353898,2.0
E52_7547086a1218012670f76a62,10.665060713484237,2.277872015791573,2.277872015791573,370.7957901832663,387.27013608984186,642.7455049270795,0.2228984084752749,0.009166666666666667,0.1749401041666667,0.40700517930860824,2.1529948206913923,0.8728108814660599,197.69215087890626,0.0,0.0,197.69215087890626,325.39215087890625,4820.591286953097,275.39215087890625,30.0,580.7957901832663,0.0,1,P01_GAMMA02_M027_00,P01_GAMMA02_M027_00,P01,M027,9346.875,9919.40625,572.53125,0.27787201579157284,2.0
E52_76b4f0bdabd1ccab126282dd,5.771840641351304,17.180198899819032,5.771840641351304,244.7670432960008,265.6078646257534,364.489158613486,0.13866967590706417,0.009166666666666667,0.1749401041666667,0.3227764467403975,2.2372235532596028,0.8991323603936258,250.08985595703126,0.0,0.0,250.08985595703126,377.78985595703125,2733.6686896011447,241.2421875,30.0,454.7670432960008,0.0,1,P01_GAMMA02_M027_00,P01_GAMMA02_M027_00,P01,M027,9346.875,9919.40625,572.53125,3.7718406413513037,2.0
E52_96da4f081c74d8211b4b244f,11.191364044380762,12.47027426673894,11.191364044380762,406.4445801679392,437.368205859671,627.3474061854878,0.23339590098708082,0.009166666666666667,0.1749401041666667,0.4175026718204142,2.1424973281795863,0.8695304150561206,371.08350830078126,0.0,0.0,371.08350830078126,498.78350830078125,4705.105546391158,251.37640380859375,30.0,616.4445801679392,0.0,1,P01_GAMMA02_M027_00,P01_GAMMA02_M027_00,P01,M027,9346.875,9919.40625,572.53125,9.191364044380762,2.0
E52_a3836b1674b2d70f748125c1,4.727952780481857,18.388582284998307,4.727952780481857,238.77143733771516,265.74771093797557,315.68523307386783,0.1296256139323784,0.009166666666666667,0.1749401041666667,0.31373238476571175,2.246267615234289,0.9019586297607151,323.715283203125,0.0,0.0,323.715283203125,451.415283203125,2367.639248054009,217.29420471191406,30.0,448.77143733771516,0.0,1,P01_GAMMA02_M027_00,P01_GAMMA02_M027_00,P01,M027,9346.875,9919.40625,572.53125,2.727952780481857,2.0
E52_a77602565c04dca5831f9b7a,7.81446751050494,15.758600383852013,7.81446751050494,295.3505394617105,322.31471665694164,428.9160157520343,0.16578365241547813,0.009166666666666667,0.1749401041666667,0.3498904232488115,2.210109576751189,0.8906592427347464,323.57012634277345,0.0,0.0,323.57012634277345,451.27012634277344,3216.870118140257,284.58648681640625,30.0,505.3505394617105,0.0,1,P01_GAMMA02_M027_00,P01_GAMMA02_M027_00,P01,M027,9346.875,9919.40625,572.53125,5.81446751050494,2.0
E52_b544b4d7beda1d6ed7fbeefb,7.168393459732144,16.252686834440453,7.168393459732144,293.91354735972715,324.49113296153376,404.3615811086144,0.16179511839250177,0.009166666666666667,0.1749401041666667,0.3459018892258351,2.2140981107741653,0.8919056596169266,366.9310272216797,0.0,0.0,366.9310272216797,494.6310272216797,3032.711858314608,277.91845703125,30.0,503.91354735972715,0.0,1,P01_GAMMA02_M027_00,P01_GAMMA02_M027_00,P01,M027,9346.875,9919.40625,572.53125,5.168393459732144,2.0
E52_b677873645e212a13901ede2,3.473511064290804,9.230718628911887,3.473511064290804,575.9444140089429,616.0268887810784,911.3939793850733,0.3339048259552679,0.009166666666666667,0.1749401041666667,0.5180115967886012,2.0419884032113993,0.8381213760035622,480.989697265625,0.0,0.0,480.989697265625,608.689697265625,6835.45484538805,390.4056396484375,30.0,785.9444140089429,0.0,1,P01_GAMMA02_M027_00,P01_GAMMA02_M027_00,P01,M027,9346.875,9919.40625,572.53125,1.473511064290804,2.0
E52_b6789310c1ab16898a769b78,10.051078854658542,2.625622464396969,2.625622464396969,372.38145547243056,389.4038741939475,617.4514627840539,0.21924054354678854,0.009166666666666667,0.1749401041666667,0.4033473143801219,2.1566526856198784,0.873953964256212,225.84925537109376,21.580230712890625,21.580230712890625,225.84925537109376,353.54925537109375,4630.885970880404,303.54925537109375,30.0,582.3814554724306,0.0,1,P01_GAMMA02_M027_00,P01_GAMMA02_M027_00,P01,M027,9346.875,9919.40625,572.53125,0.6256224643969688,2.0
E52_b7c433bb400c5a28313b13f0,7.568193928118205,16.00220965111248,7.568193928118205,270.63016208552887,291.2047849391259,417.8125870494757,0.1554195344851095,0.009166666666666667,0.1749401041666667,0.33952630531844286,2.2204736946815578,0.8938980295879866,246.89547424316407,0.0,0.0,246.89547424316407,374.59547424316406,3133.594402871068,284.58648681640625,30.0,480.63016208552887,0.0,1,P01_GAMMA02_M027_00,P01_GAMMA02_M027_00,P01,M027,9346.875,9919.40625,572.53125,5.568193928118205,2.0
E52_be69bdf55826f2eb34075d09,3.762648549787201,12.029424972929434,3.762648549787201,457.6877788138426,500.48965717077624,658.5642874860837,0.25604119113741575,0.009166666666666667,0.1749401041666667,0.4401479619707491,2.1198520380292516,0.8624537618841409,513.6225402832031,0.0,0.0,513.6225402832031,641.3225402832031,4939.232156145627,341.3225402832031,30.0,667.6877788138427,0.0,1,P01_GAMMA02_M027_00,P01_GAMMA02_M027_00,P01,M027,9346.875,9919.40625,572.53125,1.762648549787201,2.0
E52_bfffb2993ede6e2e2bd9340b,9.602595611945802,13.053008949478723,9.602595611945802,400.85355156655817,436.85476820067277,585.6998033284289,0.22550922551216515,0.009166666666666667,0.1749401041666667,0.4096159963454985,2.150384003654502,0.8719950011420318,432.014599609375,0.0,0.0,432.014599609375,559.714599609375,4392.748524963216,275.29461669921875,30.0,610.8535515665582,0.0,1,P01_GAMMA02_M027_00,P01_GAMMA02_M027_00,P01,M027,9346.875,9919.40625,572.53125,7.602595611945802,2.0
E52_c76d93c5902d0dc017f7065c,7.454794546037789,16.05706218628906,7.454794546037789,260.86241804033426,278.57034040361555,415.47730190098105,0.1516149798935124,0.009166666666666667,0.1749401041666667,0.33572175072684574,2.224278249273155,0.8950869528978607,212.495068359375,0.0,0.0,212.495068359375,340.195068359375,3116.079764257358,277.91845703125,30.0,470.86241804033426,0.0,1,P01_GAMMA02_M027_00,P01_GAMMA02_M027_00,P01,M027,9346.875,9919.40625,572.53125,5.454794546037789,2.0
E52_dc4c132291b7b9525a26c82f,7.201257348444585,16.290878065555617,7.201257348444585,256.41354735972715,274.49113296153376,404.3615811086144,0.14845852840407586,0.009166666666666667,0.1749401041666667,0.3325652992374092,2.227434700762591,0.8960733439883096,216.9310272216797,0.0,0.0,216.9310272216797,344.6310272216797,3032.711858314608,277.91845703125,30.0,466.41354735972715,0.0,1,P01_GAMMA02_M027_00,P01_GAMMA02_M027_00,P01,M027,9346.875,9919.40625,572.53125,5.201257348444585,2.0
E52_eab18c460278cfbad2c20da0,5.9943493619613974,7.760329046990023,5.9943493619613974,212.31476099060268,226.15454090800176,341.5908424768108,0.12388533452538679,0.009166666666666667,0.1749401041666667,0.3079921053587201,2.2520078946412805,0.9037524670754,166.07735900878907,0.0,0.0,166.07735900878907,293.77735900878906,2561.931318576081,213.8477783203125,30.0,422.3147609906027,0.0,1,P01_GAMMA02_M027_00,P01_GAMMA02_M027_00,P01,M027,9346.875,9919.40625,572.53125,3.9943493619613974,2.0
E52_eddf192c3626d88d236d26e4,6.598671975907564,17.034187922993553,6.598671975907564,241.72684180786888,260.473536754158,370.9735139380034,0.13850678679446915,0.009166666666666667,0.1749401041666667,0.3226135576278025,2.237386442372198,0.8991832632413117,224.96033935546876,0.0,0.0,224.96033935546876,352.66033935546875,2782.3013545350254,199.07135009765625,30.0,451.7268418078689,0.0,1,P01_GAMMA02_M027_00,P01_GAMMA02_M027_00,P01,M027,9346.875,9919.40625,572.53125,4.598671975907564,2.0
E52_fd527d975e1813662620f82c,3.7072726387343806,12.45056667278017,3.7072726387343806,418.2192341110554,452.9085204066283,628.3027504486734,0.23771876612520712,0.009166666666666667,0.1749401041666667,0.42182553695854047,2.13817446304146,0.8681795197004561,416.271435546875,0.0,0.0,416.271435546875,543.971435546875,4712.2706283650505,306.8754577636719,30.0,628.2192341110554,0.0,1,P01_GAMMA02_M027_00,P01_GAMMA02_M027_00,P01,M027,9346.875,9919.40625,572.53125,1.7072726387343806,2.0
E52_413d3eff5d481ef66f8d3068,4.193638755597874,9.493762996477216,4.193638755597874,548.7789293194231,584.2784598573463,884.5606754113072,0.3204434082194385,0.009166666666666667,0.1749401041666667,0.5045501790527719,2.0554498209472287,0.8423280690460088,425.99436645507814,0.0,0.0,425.99436645507814,553.6943664550781,6634.205065584804,329.6845703125,30.0,758.7789293194231,0.0,1,P01_GAMMA02_M027_00,P01_GAMMA02_M027_00,P01,M027,9346.875,9919.40625,572.53125,2.193638755597874,2.0
E52_88c1c7aba1fcf94c58dad20e,4.200475347471169,9.497510042154289,4.200475347471169,536.2789293194231,567.6117931906797,884.5606754113072,0.3159978782232965,0.009166666666666667,0.1749401041666667,0.5001046490566299,2.0598953509433704,0.8437172971698031,375.99436645507814,0.0,0.0,375.99436645507814,503.6943664550781,6634.205065584804,329.6845703125,30.0,746.2789293194231,0.0,1,P01_GAMMA02_M027_00,P01_GAMMA02_M027_00,P01,M027,9346.875,9919.40625,572.53125,2.200475347471169,2.0
E52_2e64690809088e2a96fb2160,4.205867807713332,9.500767968691491,4.205867807713332,523.7789293194231,550.945126524013,884.5606754113072,0.31155234822715455,0.009166666666666667,0.1749401041666667,0.4956591190604879,2.0643408809395125,0.8451065252935975,325.99436645507814,0.0,0.0,325.99436645507814,453.6943664550781,6634.205065584804,329.6845703125,30.0,733.7789293194231,0.0,1,P01_GAMMA02_M027_00,P01_GAMMA02_M027_00,P01,M027,9346.875,9919.40625,572.53125,2.2058678077133322,2.0
E52_575c4f100493de938643a13d,3.678419620474088,2.099203328999508,2.099203328999508,470.05405043895155,518.0123847895375,652.3580947743875,0.259560220504969,0.009166666666666667,0.1749401041666667,0.44366699133830234,2.116333008661698,0.8613540652067806,575.5000122070312,0.0,0.0,575.5000122070312,703.2000122070312,4892.685710807907,437.3766174316406,30.0,680.0540504389515,0.0,1,P01_GAMMA02_M027_00,P01_GAMMA02_M027_00,P01,M027,9346.875,9919.40625,572.53125,0.09920332899950779,2.0
E52_0c56c0f390b777971f9a7e58,3.471011364506708,2.1743859331465814,2.1743859331465814,461.3120930283848,507.24512830670517,647.0259743868478,0.2556960576036008,0.009166666666666667,0.1749401041666667,0.4398028284369342,2.120197171563066,0.862561616113458,551.1964233398437,0.0,0.0,551.1964233398437,678.8964233398438,4852.694807901358,431.4708251953125,30.0,671.3120930283849,0.0,1,P01_GAMMA02_M027_00,P01_GAMMA02_M027_00,P01,M027,9346.875,9919.40625,572.53125,0.17438593314658135,2.0
E52_cdef0b479e00ae29ebd83132,5.791298853056077,10.01648148125875,5.791298853056077,520.0071121141804,554.5433095222207,832.7970397801186,0.3028799960747676,0.009166666666666667,0.1749401041666667,0.48698676690810094,2.0730132330918996,0.8478166353412184,414.4343688964844,0.0,0.0,414.4343688964844,542.1343688964844,6245.977798350889,297.6476745605469,30.0,730.0071121141804,0.0,1,P01_GAMMA02_M027_00,P01_GAMMA02_M027_00,P01,M027,9346.875,9919.40625,572.53125,3.7912988530560767,2.0
E52_30110e5b3ae38ecfab28ace2,5.969013628581223,10.05954008012911,5.969013628581223,514.4106891471403,547.7506496268766,828.7816154158626,0.30032099335417484,0.009166666666666667,0.1749401041666667,0.4844277641875082,2.0755722358124924,0.8486163236914037,400.07952575683595,0.0,0.0,400.07952575683595,527.7795257568359,6215.862115618969,313.0162353515625,30.0,724.4106891471403,0.0,1,P01_GAMMA02_M027_00,P01_GAMMA02_M027_00,P01,M027,9346.875,9919.40625,572.53125,3.969013628581223,2.0
