site_id,min_access_margin_db,backhaul_margin_db,min_twohop_margin_db,outbound_time_s,return_time_s,horizontal_time_s,flight_energy_kwh,setup_energy_kwh,service_energy_kwh,total_energy_kwh,energy_margin_kwh,return_soc,climb_out_m,climb_back_m,desc_out_m,desc_back_m,cruise_alt_m,horizontal_distance_m,max_dem_on_route_m,setup_time_s,earliest_ready_s,required_transport_shift_s,as_is_timing_feasible,atomic_task_id,parent_gap_id,pareto_id,transport_sortie_id,service_start_s,service_end_s,service_duration_s,robust_slack_db,Gamma_C_db
E52_01234cac2d25748209cb57e8,0.26215348468102206,5.963634638729843,0.26215348468102206,275.78386787661753,295.55487261701467,419.772700963196,0.15719547582798327,0.009166666666666667,0.1300043402777778,0.2963664827724277,2.2636335172275728,0.9073854741336164,248.53977661132814,11.2877197265625,11.2877197265625,248.53977661132814,376.2397766113281,3148.2952572239697,326.2397766113281,30.0,485.78386787661753,0.0,1,XB01_M003_G00,XB01_M003_G00,XB01,M003,3277.15625,3702.625,425.46875,0.26215348468102206,0.0
E52_06eb0baa948af7ff52881bcf,11.34921240453653,16.258674653736037,11.34921240453653,296.7597053393259,328.36499963050426,403.88764493158146,0.16274021246714285,0.009166666666666667,0.1300043402777778,0.3019112194115873,2.2580887805884133,0.905652743933879,379.26353149414064,0.0,0.0,379.26353149414064,506.9635314941406,3029.157336986861,306.9635314941406,30.0,506.7597053393259,0.0,1,XB01_M003_G00,XB01_M003_G00,XB01,M003,3277.15625,3702.625,425.46875,11.34921240453653,0.0
E52_0c9d91fc306062a18ada9948,10.190425106668542,15.697900697510477,10.190425106668542,331.42241999480143,370.2725110389095,429.7442937249544,0.1787296459836012,0.009166666666666667,0.1300043402777778,0.31790065292804565,2.242099347071955,0.9006560459599857,466.2010925292969,0.0,0.0,466.2010925292969,593.9010925292969,3223.082202937158,326.7436828613281,30.0,541.4224199948014,0.0,1,XB01_M003_G00,XB01_M003_G00,XB01,M003,3277.15625,3702.625,425.46875,10.190425106668542,0.0
E52_189eb019491ad876aa165071,14.62560917721207,3.8094716871601975,3.8094716871601975,403.09916814168594,448.35288467407526,534.676037089036,0.21908171065325852,0.009166666666666667,0.1300043402777778,0.35825271759770294,2.2017472824022977,0.8880460257507179,543.0445983886718,0.0,0.0,543.0445983886718,670.7445983886719,4010.07027816777,391.87322998046875,30.0,613.0991681416859,0.0,1,XB01_M003_G00,XB01_M003_G00,XB01,M003,3277.15625,3702.625,425.46875,3.8094716871601975,0.0
E52_1eac4bbcd37cec5d48241661,0.22059627934990544,6.04580255430777,0.22059627934990544,275.66392246828667,298.30930922772677,415.4555243799327,0.1568759382441215,0.009166666666666667,0.1300043402777778,0.29604694518856595,2.2639530548114344,0.9074853296285732,271.74464111328126,0.0,0.0,271.74464111328126,399.44464111328125,3115.9164328494953,326.2397766113281,30.0,485.66392246828667,0.0,1,XB01_M003_G00,XB01_M003_G00,XB01,M003,3277.15625,3702.625,425.46875,0.22059627934990544,0.0
E52_214ce9a3b3bd3fa9c582335a,9.466834534918547,15.138353346483314,9.466834534918547,331.46735474952504,365.31699057309277,459.8368945576438,0.1830074384559416,0.009166666666666667,0.1300043402777778,0.3221784454003861,2.2378215545996145,0.8993192358123794,406.1956298828125,0.0,0.0,406.1956298828125,533.8956298828125,3448.7767091823284,283.8956298828125,30.0,541.467354749525,0.0,1,XB01_M003_G00,XB01_M003_G00,XB01,M003,3277.15625,3702.625,425.46875,9.466834534918547,0.0
E52_231555d7070bcf1a0911e332,10.270015299215657,5.981962334569488,5.981962334569488,303.4113952968874,335.0249979987103,417.14117438283733,0.1669828432889251,0.009166666666666667,0.1300043402777778,0.30615385023336955,2.253846149766631,0.904326921802072,379.363232421875,0.0,0.0,379.363232421875,507.063232421875,3128.55880787128,326.2397766113281,30.0,513.4113952968873,0.0,1,XB01_M003_G00,XB01_M003_G00,XB01,M003,3277.15625,3702.625,425.46875,5.981962334569488,0.0
E52_231de36c6439da832299e30f,11.086036405358143,16.451156269229884,11.086036405358143,336.2639482811268,383.1573412254627,391.1675388962379,0.1749881335365896,0.009166666666666667,0.1300043402777778,0.31415914048103405,2.2458408595189665,0.9018252685996768,562.7207153320312,0.0,0.0,562.7207153320312,690.4207153320312,2933.7565417217843,390.42071533203125,30.0,546.2639482811268,0.0,1,XB01_M003_G00,XB01_M003_G00,XB01,M003,3277.15625,3702.625,425.46875,11.086036405358143,0.0
E52_246111a1ef063bec9e89ec9e,22.042920413881134,13.03223549741864,13.03223549741864,413.11352328410356,453.07003166626504,586.4879962752384,0.22998101771643822,0.009166666666666667,0.1300043402777778,0.3691520246608827,2.1908479753391177,0.8846399922934741,479.4781005859375,0.0,0.0,479.4781005859375,607.1781005859375,4398.659972064288,469.28277587890625,30.0,623.1135232841036,0.0,1,XB01_M003_G00,XB01_M003_G00,XB01,M003,3277.15625,3702.625,425.46875,13.03223549741864,0.0
E52_27bf01e9e990859ae5993708,10.242823238504869,15.932490639468014,10.242823238504869,318.6138217216496,355.0514931287134,418.60161500091635,0.17259630304263499,0.009166666666666667,0.1300043402777778,0.31176730998707947,2.2482326900129213,0.9025727156290376,437.25205688476564,0.0,0.0,437.25205688476564,564.9520568847656,3139.5121125068727,326.2397766113281,30.0,528.6138217216496,0.0,1,XB01_M003_G00,XB01_M003_G00,XB01,M003,3277.15625,3702.625,425.46875,10.242823238504869,0.0
E52_27bf1882d0e1a812c8450c72,10.928491222917913,16.18675851321828,10.928491222917913,334.03154784809436,377.9609795090644,404.48650573036844,0.17608047258726683,0.009166666666666667,0.1300043402777778,0.3152514795317113,2.2447485204682893,0.9014839126463402,527.1531799316406,0.0,0.0,527.1531799316406,654.8531799316406,3033.648792977763,359.1753845214844,30.0,544.0315478480943,0.0,1,XB01_M003_G00,XB01_M003_G00,XB01,M003,3277.15625,3702.625,425.46875,10.928491222917913,0.0
E52_27fdcb9bc2da20af468e67a1,9.646877129001766,15.630401191469062,9.646877129001766,333.5201066466774,372.5049327982074,433.1312563841751,0.1799553449394086,0.009166666666666667,0.1300043402777778,0.3191263518838531,2.2408736481161475,0.9002730150362959,467.8179138183594,0.0,0.0,467.8179138183594,595.5179138183594,3248.4844228813135,322.1230773925781,30.0,543.5201066466774,0.0,1,XB01_M003_G00,XB01_M003_G00,XB01,M003,3277.15625,3702.625,425.46875,9.646877129001766,0.0
E52_2d7a36258a59c18fc6a856bf,9.861556805186666,16.662039037059316,9.861556805186666,318.72117968179435,361.17160743651436,382.73979283526836,0.16755561647288383,0.009166666666666667,0.1300043402777778,0.30672662341732826,2.2532733765826722,0.904147930182085,509.40513305664064,0.0,0.0,509.40513305664064,637.1051330566406,2870.5484462645127,346.4301452636719,30.0,528.7211796817944,0.0,1,XB01_M003_G00,XB01_M003_G00,XB01,M003,3277.15625,3702.625,425.46875,9.861556805186666,0.0
E52_347c51b45a583dd4c5a4aad0,9.522676686965937,10.359339260709504,9.522676686965937,545.8106765870443,594.6474365357748,798.6007934817058,0.3072138543106079,0.009166666666666667,0.1300043402777778,0.44638486125505233,2.113615138744948,0.8605047308577962,586.0411193847656,0.0,0.0,586.0411193847656,713.7411193847656,5989.505951112793,425.30462646484375,30.0,755.8106765870443,0.0,1,XB01_M003_G00,XB01_M003_G00,XB01,M003,3277.15625,3702.625,425.46875,9.522676686965937,0.0
E52_3a94b6482baa2cfaba8a857d,10.380551441773832,16.425448776817632,10.380551441773832,326.01303055755295,369.111023518165,393.4381033514341,0.17166403726355467,0.009166666666666667,0.1300043402777778,0.3108350442079991,2.2491649557920015,0.9028640486850003,517.1759155273437,0.0,0.0,517.1759155273437,644.8759155273438,2950.785775135756,352.4370422363281,30.0,536.013030557553,0.0,1,XB01_M003_G00,XB01_M003_G00,XB01,M003,3277.15625,3702.625,425.46875,10.380551441773832,0.0
E52_437c6a333219b14c3939f26c,0.2912153955072512,6.0194831627628105,0.2912153955072512,277.09771274073506,296.211315442558,417.14117438283733,0.1570562493971614,0.009166666666666667,0.1300043402777778,0.29622725634160585,2.2637727436583948,0.9074289823932482,248.53977661132814,19.176544189453125,19.176544189453125,248.53977661132814,376.2397766113281,3128.55880787128,326.2397766113281,30.0,487.09771274073506,0.0,1,XB01_M003_G00,XB01_M003_G00,XB01,M003,3277.15625,3702.625,425.46875,0.2912153955072512,0.0
E52_47db2d0d55c92154c779a4c9,11.176286595238821,16.45726286038159,11.176286595238821,312.62709924858126,351.3219092257948,393.08533863388124,0.16685347284684848,0.009166666666666667,0.1300043402777778,0.30602447979129294,2.2539755202087077,0.904367350065221,464.3377197265625,0.0,0.0,464.3377197265625,592.0377197265625,2948.1400397541092,295.61395263671875,30.0,522.6270992485813,0.0,1,XB01_M003_G00,XB01_M003_G00,XB01,M003,3277.15625,3702.625,425.46875,11.176286595238821,0.0
E52_60b0dc656c777ee2cc2279b1,8.902441874268703,0.21315146591224732,0.21315146591224732,563.4362729251038,615.9641949832094,811.705013501575,0.3153381258454166,0.009166666666666667,0.1300043402777778,0.45450913278986105,2.1054908672101393,0.8579658960031684,630.3350646972656,0.0,0.0,630.3350646972656,758.0350646972656,6087.787601261813,495.9024353027344,30.0,773.4362729251038,0.0,1,XB01_M003_G00,XB01_M003_G00,XB01,M003,3277.15625,3702.625,425.46875,0.21315146591224732,0.0
E52_6aa461eda22a4c53e6730e81,0.26027333458110036,6.478254834226846,0.26027333458110036,265.8104536255181,288.3542041341444,395.1560268799425,0.15046620221455187,0.009166666666666667,0.1300043402777778,0.2896372091589963,2.2703627908410042,0.9094883721378136,271.555615234375,1.030609130859375,1.030609130859375,271.555615234375,399.255615234375,2963.670201599569,349.255615234375,30.0,475.8104536255181,0.0,1,XB01_M003_G00,XB01_M003_G00,XB01,M003,3277.15625,3702.625,425.46875,0.26027333458110036,0.0
E52_6dc095df8eb6475486134b5c,20.931448691288793,12.905188948092743,12.905188948092743,424.06014837873875,466.2734748964797,594.8403376510322,0.23505698741925235,0.009166666666666667,0.1300043402777778,0.3742279943636968,2.185772005636304,0.8830537517613447,506.55991821289064,0.0,0.0,506.55991821289064,634.2599182128906,4461.302532382741,440.2059631347656,30.0,634.0601483787387,0.0,1,XB01_M003_G00,XB01_M003_G00,XB01,M003,3277.15625,3702.625,425.46875,12.905188948092743,0.0
E52_73baea82bbbffa2db9d7426a,10.241631917232525,5.711384152670419,5.711384152670419,297.3854850658978,324.64222792478455,431.2305129784753,0.16683515196021612,0.009166666666666667,0.1300043402777778,0.30600615890466054,2.25399384109534,0.9043730753422936,327.08091430664064,0.0,0.0,327.08091430664064,454.7809143066406,3234.2288473385647,335.390380859375,30.0,507.3854850658978,0.0,1,XB01_M003_G00,XB01_M003_G00,XB01,M003,3277.15625,3702.625,425.46875,5.711384152670419,0.0
E52_74b3fb0a4920873efc33101b,1.2602427488312316,6.525083879148042,1.2602427488312316,262.62709924858126,284.6552425591281,393.08533863388124,0.14907135286228057,0.009166666666666667,0.1300043402777778,0.288242359806725,2.2717576401932753,0.9099242625603985,264.3377197265625,0.0,0.0,264.3377197265625,392.0377197265625,2948.1400397541092,295.61395263671875,30.0,472.62709924858126,0.0,1,XB01_M003_G00,XB01_M003_G00,XB01,M003,3277.15625,3702.625,425.46875,1.2602427488312316,0.0
E52_82c821a5773d0bfbe554f10a,7.031429006521563,11.397135806608844,7.031429006521563,512.9354114719376,566.0737563002253,707.0407539741487,0.2825549862639304,0.009166666666666667,0.1300043402777778,0.42172599320837484,2.1382740067916255,0.8682106271223828,637.6601379394531,0.0,0.0,637.6601379394531,765.3601379394531,5302.805654806116,465.3601379394531,30.0,722.9354114719376,0.0,1,XB01_M003_G00,XB01_M003_G00,XB01,M003,3277.15625,3702.625,425.46875,7.031429006521563,0.0
E52_8ca7795ffa642a3b129c0a3d,10.116181077439208,15.730152054416479,10.116181077439208,330.94608252023,369.9122522589995,428.0951466078428,0.17832668261553564,0.009166666666666667,0.1300043402777778,0.3174976895599801,2.2425023104400204,0.9007819720125062,467.5940368652344,0.0,0.0,467.5940368652344,595.2940368652344,3210.713599558821,335.390380859375,30.0,540.94608252023,0.0,1,XB01_M003_G00,XB01_M003_G00,XB01,M003,3277.15625,3702.625,425.46875,10.116181077439208,0.0
E52_8d375985c45fff9288668cb3,10.94719854612093,16.222123863058812,10.94719854612093,353.99602207193686,405.21742048909175,400.663653640944,0.182639281392285,0.009166666666666667,0.1300043402777778,0.3218102883367294,2.238189711663271,0.8994342848947721,614.6567810058593,0.0,0.0,614.6567810058593,742.3567810058594,3004.97740230708,442.3567810058594,30.0,563.9960220719369,0.0,1,XB01_M003_G00,XB01_M003_G00,XB01,M003,3277.15625,3702.625,425.46875,10.94719854612093,0.0
E52_9026ce0d2a5dd9a75ef73c8e,0.8353766427972573,6.720084116703532,0.8353766427972573,248.61637070099954,267.37077642202814,384.70630707582717,0.14290187810434732,0.009166666666666667,0.1300043402777778,0.2820728850487918,2.2779271149512086,0.9118522234222526,225.05286865234376,0.0,0.0,225.05286865234376,352.75286865234375,2885.297303068704,302.75286865234375,30.0,458.61637070099954,0.0,1,XB01_M003_G00,XB01_M003_G00,XB01,M003,3277.15625,3702.625,425.46875,0.8353766427972573,0.0
E52_9b18c2085562c5280ea1e394,8.558271084729157,0.02697066595830222,0.02697066595830222,563.4972144032131,613.0086493397365,829.9258191872856,0.3179402888393461,0.009166666666666667,0.1300043402777778,0.45711129578379056,2.10288870421621,0.8571527200675655,594.1372192382812,0.0,0.0,594.1372192382812,721.8372192382812,6224.443643904642,487.8569030761719,30.0,773.4972144032131,0.0,1,XB01_M003_G00,XB01_M003_G00,XB01,M003,3277.15625,3702.625,425.46875,0.02697066595830222,0.0
E52_a1af1f4ab7d520e82e20be53,8.936812229424106,0.45430012492889205,0.45430012492889205,547.7224457312177,598.7128286250978,789.5025940991541,0.30660524396013417,0.009166666666666667,0.1300043402777778,0.4457762509045786,2.114223749095422,0.8606949215923192,611.8845947265625,0.0,0.0,611.8845947265625,739.5845947265625,5921.269455743655,492.6366271972656,30.0,757.7224457312177,0.0,1,XB01_M003_G00,XB01_M003_G00,XB01,M003,3277.15625,3702.625,425.46875,0.45430012492889205,0.0
E52_afb1e3673ff3adbe9c45b8fc,0.7145340071712383,6.956106286850726,0.7145340071712383,250.21040235058808,271.27175132926646,374.0527108291059,0.1419599864782851,0.009166666666666667,0.1300043402777778,0.2811309934227295,2.278869006577271,0.912146564555397,252.73618774414064,0.0,0.0,252.73618774414064,380.4361877441406,2805.395331218294,291.6474609375,30.0,460.2104023505881,0.0,1,XB01_M003_G00,XB01_M003_G00,XB01,M003,3277.15625,3702.625,425.46875,0.7145340071712383,0.0
E52_b60e4d2a4cdcd5801a5d757f,9.6910339592972,16.480566458341656,9.6910339592972,308.26023760270465,345.626388522301,392.32356968783114,0.16519254750221457,0.009166666666666667,0.1300043402777778,0.304363554446659,2.2556364455533413,0.9048863892354191,448.39381103515626,0.0,0.0,448.39381103515626,576.0938110351562,2942.4267726587336,326.2397766113281,30.0,518.2602376027046,0.0,1,XB01_M003_G00,XB01_M003_G00,XB01,M003,3277.15625,3702.625,425.46875,9.6910339592972,0.0
E52_b8aeee13ee5f313ffdb298e7,9.262418754135979,0.32052137756616617,0.32052137756616617,550.9628084392909,600.9445446860357,802.0351993981131,0.309532562555218,0.009166666666666667,0.1300043402777778,0.44870356949966245,2.111296430500338,0.8597801345313555,599.7808349609375,0.0,0.0,599.7808349609375,727.4808349609375,6015.263995485849,485.42230224609375,30.0,760.9628084392909,0.0,1,XB01_M003_G00,XB01_M003_G00,XB01,M003,3277.15625,3702.625,425.46875,0.32052137756616617,0.0
E52_c0294c7ff44d44fc4ede8d97,9.63131941890856,16.7256600789149,9.63131941890856,316.70783025924425,358.9570632507807,379.92026256926977,0.16644027302831577,0.009166666666666667,0.1300043402777778,0.3056112799727602,2.25438872002724,0.9044964750085125,506.9907958984375,0.0,0.0,506.9907958984375,634.6907958984375,2849.4019692695233,334.6907958984375,30.0,526.7078302592442,0.0,1,XB01_M003_G00,XB01_M003_G00,XB01,M003,3277.15625,3702.625,425.46875,9.63131941890856,0.0
E52_c10a50247c57c0340b451298,22.71474975072789,3.1495087650690863,3.1495087650690863,410.4813485396202,450.8988478275434,578.4577013517014,0.22790762835174688,0.009166666666666667,0.1300043402777778,0.36707863529619134,2.192921364703809,0.8852879264699403,485.00999145507814,0.0,0.0,485.00999145507814,612.7099914550781,4338.432760137761,515.4917602539062,30.0,620.4813485396203,0.0,1,XB01_M003_G00,XB01_M003_G00,XB01,M003,3277.15625,3702.625,425.46875,3.1495087650690863,0.0
E52_c117f06f984d58b2275e6c48,9.541213497429865,0.365836005255062,0.365836005255062,533.3106765870443,577.980769869108,798.6007934817058,0.30276832431446593,0.009166666666666667,0.1300043402777778,0.4419393312589104,2.11806066874109,0.8618939589815905,536.0411193847656,0.0,0.0,536.0411193847656,663.7411193847656,5989.505951112793,425.30462646484375,30.0,743.3106765870443,0.0,1,XB01_M003_G00,XB01_M003_G00,XB01,M003,3277.15625,3702.625,425.46875,0.365836005255062,0.0
E52_d22cbe82615c6d2ee0ebf49f,10.18232641347295,15.758568264926964,10.18232641347295,318.17309843891866,352.9726015110215,427.5491784452201,0.1737067461230003,0.009166666666666667,0.1300043402777778,0.31287775306744475,2.247122246932556,0.9022257021664235,417.5940368652344,0.0,0.0,417.5940368652344,545.2940368652344,3206.618838339151,335.390380859375,30.0,528.1730984389187,0.0,1,XB01_M003_G00,XB01_M003_G00,XB01,M003,3277.15625,3702.625,425.46875,10.18232641347295,0.0
E52_d6d1511afdebb88632549a71,11.95681392735753,16.177909036830457,11.95681392735753,342.76879390848103,389.67749650450963,404.08537224079015,0.1791309979165653,0.009166666666666667,0.1300043402777778,0.3183020048610098,2.2416979951389906,0.9005306234809345,562.9044311523437,0.0,0.0,562.9044311523437,690.6044311523438,3030.640291805926,390.60443115234375,30.0,552.768793908481,0.0,1,XB01_M003_G00,XB01_M003_G00,XB01,M003,3277.15625,3702.625,425.46875,11.95681392735753,0.0
E52_dbec4f1422e98765afb262aa,10.873853311460351,16.38523852602286,10.873853311460351,322.5402116809159,364.1002534899979,395.72017250733956,0.1707521496628321,0.009166666666666667,0.1300043402777778,0.30992315660727654,2.250076843392724,0.903149013560226,498.7205017089844,0.0,0.0,498.7205017089844,626.4205017089844,2967.901293805047,326.4205017089844,30.0,532.540211680916,0.0,1,XB01_M003_G00,XB01_M003_G00,XB01,M003,3277.15625,3702.625,425.46875,10.873853311460351,0.0
E52_dd12fb0cc4aee52816704b73,9.458245877452626,0.5498680641518376,0.5498680641518376,547.6210002825783,600.0718247658139,780.5370536657424,0.3052994367315811,0.009166666666666667,0.1300043402777778,0.44447044367602556,2.115529556323975,0.861102986351242,629.4098937988281,0.0,0.0,629.4098937988281,757.1098937988281,5854.027902493068,543.108642578125,30.0,757.6210002825783,0.0,1,XB01_M003_G00,XB01_M003_G00,XB01,M003,3277.15625,3702.625,425.46875,0.5498680641518376,0.0
E52_de2c36302e014a6d0284c896,10.188846349369086,15.994052628622484,10.188846349369086,325.41177480357015,364.7238282296769,414.95122905049965,0.1744969638873427,0.009166666666666667,0.1300043402777778,0.31366797083178716,2.2463320291682134,0.9019787591150665,471.74464111328126,0.0,0.0,471.74464111328126,599.4446411132812,3112.134217878747,325.15069580078125,30.0,535.4117748035701,0.0,1,XB01_M003_G00,XB01_M003_G00,XB01,M003,3277.15625,3702.625,425.46875,10.188846349369086,0.0
E52_e0325aad0b87e7c07e10fc2c,0.28998498190983923,5.987785159048158,0.28998498190983923,275.1983248954777,294.96932963587483,418.60161500091635,0.15682137892336617,0.009166666666666667,0.1300043402777778,0.2959923858678106,2.26400761413219,0.9075023794163092,248.53977661132814,11.2877197265625,11.2877197265625,248.53977661132814,376.2397766113281,3139.5121125068727,326.2397766113281,30.0,485.1983248954777,0.0,1,XB01_M003_G00,XB01_M003_G00,XB01,M003,3277.15625,3702.625,425.46875,0.28998498190983923,0.0
E52_e0cd6bab1a22c4530d9a254c,0.9640347635427418,6.471069764274475,0.9640347635427418,260.0402116809159,280.7669201566646,395.72017250733956,0.14852449968212222,0.009166666666666667,0.1300043402777778,0.2876955066265667,2.2723044933734338,0.910095154179198,248.7205017089844,0.0,0.0,248.7205017089844,376.4205017089844,2967.901293805047,326.4205017089844,30.0,470.0402116809159,0.0,1,XB01_M003_G00,XB01_M003_G00,XB01,M003,3277.15625,3702.625,425.46875,0.9640347635427418,0.0
E52_ea76d341ab82f2ebc1fa1efe,0.2590687234203841,6.056283714240493,0.2590687234203841,275.41177480357015,298.05716156301025,414.95122905049965,0.15671484390277482,0.009166666666666667,0.1300043402777778,0.2958858508472193,2.264114149152781,0.907535671610244,271.74464111328126,0.0,0.0,271.74464111328126,399.44464111328125,3112.134217878747,325.15069580078125,30.0,485.41177480357015,0.0,1,XB01_M003_G00,XB01_M003_G00,XB01,M003,3277.15625,3702.625,425.46875,0.2590687234203841,0.0
E52_f2fabdd802684ffd17ed2273,0.6936377613534717,16.925225818485302,0.6936377613534717,275.2104023505881,304.60508466259984,374.0527108291059,0.15085104647056902,0.009166666666666667,0.1300043402777778,0.29002205341501347,2.269977946584987,0.9093681083078083,352.73618774414064,0.0,0.0,352.73618774414064,480.4361877441406,2805.395331218294,291.6474609375,30.0,485.2104023505881,0.0,1,XB01_M003_G00,XB01_M003_G00,XB01,M003,3277.15625,3702.625,425.46875,0.6936377613534717,0.0
E52_01234cac2d25748209cb57e8,0.18870371956508336,5.963634638729843,0.18870371956508336,275.78386787661753,295.55487261701467,419.772700963196,0.15719547582798327,0.009166666666666667,0.1215060763888889,0.2878682188835388,2.2721317811164616,0.9100411815988941,248.53977661132814,11.2877197265625,11.2877197265625,248.53977661132814,376.2397766113281,3148.2952572239697,326.2397766113281,30.0,485.78386787661753,0.0,1,XB01_M005_G00,XB01_M005_G00,XB01,M005,2610.84375,3008.5,397.65625,0.18870371956508336,0.0
E52_060143e4033ea7dfc142ce26,18.832708606146767,13.051384290227645,13.051384290227645,390.52156568077555,422.97629514244545,586.3147545915316,0.2219218246513189,0.009166666666666667,0.1215060763888889,0.3525945677068745,2.2074054322931262,0.8898141975916017,389.4567535400391,0.0,0.0,389.4567535400391,517.1567535400391,4397.360659436487,293.1027526855469,30.0,600.5215656807756,0.0,1,XB01_M005_G00,XB01_M005_G00,XB01,M005,2610.84375,3008.5,397.65625,13.051384290227645,0.0
E52_0c56c0f390b777971f9a7e58,13.58101081630528,2.1743859331465814,2.1743859331465814,461.3120930283848,507.24512830670517,647.0259743868478,0.2556960576036008,0.009166666666666667,0.1215060763888889,0.38636880065915635,2.173631199340844,0.8792597497940137,551.1964233398437,0.0,0.0,551.1964233398437,678.8964233398438,4852.694807901358,431.4708251953125,30.0,671.3120930283849,0.0,1,XB01_M005_G00,XB01_M005_G00,XB01,M005,2610.84375,3008.5,397.65625,2.1743859331465814,0.0
E52_0c9d91fc306062a18ada9948,0.17344186842686327,15.697900697510477,0.17344186842686327,331.42241999480143,370.2725110389095,429.7442937249544,0.1787296459836012,0.009166666666666667,0.1215060763888889,0.30940238903915673,2.2505976109608437,0.9033117534252635,466.2010925292969,0.0,0.0,466.2010925292969,593.9010925292969,3223.082202937158,326.7436828613281,30.0,541.4224199948014,0.0,1,XB01_M005_G00,XB01_M005_G00,XB01,M005,2610.84375,3008.5,397.65625,0.17344186842686327,0.0
E52_0f45fcab7c66cb90fa618929,19.18986144524993,12.721246579688795,12.721246579688795,427.8988653120833,469.21977900837237,607.8722484464322,0.23826781941132907,0.009166666666666667,0.1215060763888889,0.3689405624668846,2.191059437533116,0.8847060742290985,495.85096435546876,0.0,0.0,495.85096435546876,623.5509643554688,4559.041863348241,326.6978454589844,30.0,637.8988653120832,0.0,1,XB01_M005_G00,XB01_M005_G00,XB01,M005,2610.84375,3008.5,397.65625,12.721246579688795,0.0
E52_0fa03b8d9ed736d48919c1b7,12.258553620792014,11.555158541579928,11.555158541579928,469.53189880990186,510.00510285042924,696.2245733766397,0.2655870342753843,0.009166666666666667,0.1215060763888889,0.39625977733093987,2.1637402226690607,0.8761688195840813,485.67844848632814,0.0,0.0,485.67844848632814,613.3784484863281,5221.684300324798,318.1667785644531,30.0,679.5318988099018,0.0,1,XB01_M005_G00,XB01_M005_G00,XB01,M005,2610.84375,3008.5,397.65625,11.555158541579928,0.0
E52_12b142f00e8cb4e3948f96c2,20.084223221618586,12.991659521749298,12.991659521749298,402.5936730780369,438.4739485500421,589.9056933240425,0.22672373828986628,0.009166666666666667,0.1215060763888889,0.35739648134542185,2.2026035186545787,0.8883135995795557,430.5633056640625,0.0,0.0,430.5633056640625,558.2633056640625,4424.292699930319,284.7546081542969,30.0,612.5936730780369,0.0,1,XB01_M005_G00,XB01_M005_G00,XB01,M005,2610.84375,3008.5,397.65625,12.991659521749298,0.0
E52_132fcaf6d631eae41e83e018,7.538592945304558,12.621037374336296,7.538592945304558,466.52713400648173,519.919143487276,612.7022111281979,0.2526897045720101,0.009166666666666667,0.1215060763888889,0.38336244762756566,2.176637552372435,0.8801992351163858,640.7041137695312,0.0,0.0,640.7041137695312,768.4041137695312,4595.266583461484,468.40411376953125,30.0,676.5271340064817,0.0,1,XB01_M005_G00,XB01_M005_G00,XB01,M005,2610.84375,3008.5,397.65625,7.538592945304558,0.0
E52_154bbd26b7808edf72eaa410,6.187729331610996,13.235683344326844,6.187729331610996,444.90797820490957,498.19814035497467,570.0749835094285,0.23896400983981742,0.009166666666666667,0.1215060763888889,0.36963675289537296,2.1903632471046275,0.884488514720196,639.4819458007812,0.0,0.0,639.4819458007812,767.1819458007812,4275.562376320714,467.18194580078125,30.0,654.9079782049096,0.0,1,XB01_M005_G00,XB01_M005_G00,XB01,M005,2610.84375,3008.5,397.65625,6.187729331610996,0.0
E52_1eac4bbcd37cec5d48241661,0.2053602742329872,6.04580255430777,0.2053602742329872,275.66392246828667,298.30930922772677,415.4555243799327,0.1568759382441215,0.009166666666666667,0.1215060763888889,0.28754868129967703,2.2724513187003232,0.910141037093851,271.74464111328126,0.0,0.0,271.74464111328126,399.44464111328125,3115.9164328494953,326.2397766113281,30.0,485.66392246828667,0.0,1,XB01_M005_G00,XB01_M005_G00,XB01,M005,2610.84375,3008.5,397.65625,0.2053602742329872,0.0
E52_214ce9a3b3bd3fa9c582335a,0.3126060525719936,15.138353346483314,0.3126060525719936,331.46735474952504,365.31699057309277,459.8368945576438,0.1830074384559416,0.009166666666666667,0.1215060763888889,0.3136801815114972,2.2463198184885034,0.9019749432776571,406.1956298828125,0.0,0.0,406.1956298828125,533.8956298828125,3448.7767091823284,283.8956298828125,30.0,541.467354749525,0.0,1,XB01_M005_G00,XB01_M005_G00,XB01,M005,2610.84375,3008.5,397.65625,0.3126060525719936,0.0
E52_215ef380a7eb56a6f7d09ab1,0.7387297242813418,12.440860913671315,0.7387297242813418,437.2780853288336,478.35957590907447,628.0672271762219,0.2444635461376352,0.009166666666666667,0.1215060763888889,0.37513628919319075,2.18486371080681,0.8827699096271279,492.97788696289064,0.0,0.0,492.97788696289064,620.6778869628906,4710.504203821664,324.9881591796875,30.0,647.2780853288336,0.0,1,XB01_M005_G00,XB01_M005_G00,XB01,M005,2610.84375,3008.5,397.65625,0.7387297242813418,0.0
E52_231555d7070bcf1a0911e332,0.1788186397614595,5.981962334569488,0.1788186397614595,303.4113952968874,335.0249979987103,417.14117438283733,0.1669828432889251,0.009166666666666667,0.1215060763888889,0.29765558634448064,2.2623444136555197,0.9069826292673498,379.363232421875,0.0,0.0,379.363232421875,507.063232421875,3128.55880787128,326.2397766113281,30.0,513.4113952968873,0.0,1,XB01_M005_G00,XB01_M005_G00,XB01,M005,2610.84375,3008.5,397.65625,0.1788186397614595,0.0
E52_24cc4f01335372459fb4c2ba,4.810120311728326,12.909161020133865,4.810120311728326,410.2633482290822,447.7953418407359,595.3347347882426,0.23022027843265847,0.009166666666666667,0.1215060763888889,0.360893021488214,2.1991069785117867,0.8872209307849331,450.38392333984376,0.0,0.0,450.38392333984376,578.0839233398438,4465.010510911819,278.08392333984375,30.0,620.2633482290822,0.0,1,XB01_M005_G00,XB01_M005_G00,XB01,M005,2610.84375,3008.5,397.65625,4.810120311728326,0.0
E52_24db349315b2a6b84dd4215d,0.3359780338329159,5.686957833295324,0.3359780338329159,283.5201066466774,305.8382661315407,433.1312563841751,0.1621732249548407,0.009166666666666667,0.1215060763888889,0.29284596801039625,2.2671540319896044,0.9084856349967512,267.8179138183594,0.0,0.0,267.8179138183594,395.5179138183594,3248.4844228813135,322.1230773925781,30.0,493.5201066466774,0.0,1,XB01_M005_G00,XB01_M005_G00,XB01,M005,2610.84375,3008.5,397.65625,0.3359780338329159,0.0
E52_27bf01e9e990859ae5993708,0.17604921844527155,15.932490639468014,0.17604921844527155,318.6138217216496,355.0514931287134,418.60161500091635,0.17259630304263499,0.009166666666666667,0.1215060763888889,0.30326904609819055,2.25673095390181,0.9052284230943155,437.25205688476564,0.0,0.0,437.25205688476564,564.9520568847656,3139.5121125068727,326.2397766113281,30.0,528.6138217216496,0.0,1,XB01_M005_G00,XB01_M005_G00,XB01,M005,2610.84375,3008.5,397.65625,0.17604921844527155,0.0
E52_27fdcb9bc2da20af468e67a1,0.32911786947522614,15.630401191469062,0.32911786947522614,333.5201066466774,372.5049327982074,433.1312563841751,0.1799553449394086,0.009166666666666667,0.1215060763888889,0.31062808799496416,2.2493719120050364,0.9029287225015737,467.8179138183594,0.0,0.0,467.8179138183594,595.5179138183594,3248.4844228813135,322.1230773925781,30.0,543.5201066466774,0.0,1,XB01_M005_G00,XB01_M005_G00,XB01,M005,2610.84375,3008.5,397.65625,0.32911786947522614,0.0
E52_29c9aa5399273a7ee24bceb6,11.920394434504132,11.583777919859742,11.583777919859742,451.9321692173844,486.7995103225277,694.6602918039094,0.2591062855773863,0.009166666666666667,0.1215060763888889,0.38977902863294184,2.170220971367059,0.8781940535522057,418.40809326171876,0.0,0.0,418.40809326171876,546.1080932617188,5209.952188529321,322.9142761230469,30.0,661.9321692173844,0.0,1,XB01_M005_G00,XB01_M005_G00,XB01,M005,2610.84375,3008.5,397.65625,11.583777919859742,0.0
E52_2cea01313b8862fcfb6b2e63,4.186278745264218,16.460055432828085,4.186278745264218,259.5957489704318,280.08528245838755,396.2542970131293,0.148442074342722,0.009166666666666667,0.1215060763888889,0.27911481739827754,2.280885182601723,0.9127766195630382,245.87440185546876,0.0,0.0,245.87440185546876,373.57440185546875,2971.90722759847,231.8917236328125,30.0,469.5957489704318,0.0,1,XB01_M005_G00,XB01_M005_G00,XB01,M005,2610.84375,3008.5,397.65625,4.186278745264218,0.0
E52_2d291a2169e36d61d7bf7582,6.4716668796534975,12.790365797832976,6.4716668796534975,470.3839036593983,527.1993216484933,599.8752993842263,0.25224474652706685,0.009166666666666667,0.1215060763888889,0.3829174895826224,2.177082510417378,0.8803382845054305,681.7850158691406,0.0,0.0,681.7850158691406,809.4850158691406,4499.064745381697,509.4850158691406,30.0,680.3839036593984,0.0,1,XB01_M005_G00,XB01_M005_G00,XB01,M005,2610.84375,3008.5,397.65625,6.4716668796534975,0.0
E52_2d7a36258a59c18fc6a856bf,0.2618877857591997,16.662039037059316,0.2618877857591997,318.72117968179435,361.17160743651436,382.73979283526836,0.16755561647288383,0.009166666666666667,0.1215060763888889,0.2982283595284394,2.261771640471561,0.9068036376473627,509.40513305664064,0.0,0.0,509.40513305664064,637.1051330566406,2870.5484462645127,346.4301452636719,30.0,528.7211796817944,0.0,1,XB01_M005_G00,XB01_M005_G00,XB01,M005,2610.84375,3008.5,397.65625,0.2618877857591997,0.0
E52_2dadfb43d7dd9558e21effa9,5.067641440210238,12.85982438864363,5.067641440210238,396.07517918576866,428.1792069974549,599.5261915014202,0.22576797164618329,0.009166666666666667,0.1215060763888889,0.3564407147017388,2.2035592852982617,0.8886122766557066,385.2483337402344,0.0,0.0,385.2483337402344,512.9483337402344,4496.446436260651,248.30487060546875,30.0,606.0751791857687,0.0,1,XB01_M005_G00,XB01_M005_G00,XB01,M005,2610.84375,3008.5,397.65625,5.067641440210238,0.0
E52_2e64690809088e2a96fb2160,1.1939793087223904,9.500767968691491,1.1939793087223904,523.7789293194231,550.945126524013,884.5606754113072,0.31155234822715455,0.009166666666666667,0.1215060763888889,0.4422250912827101,2.1177749087172906,0.861804658974153,325.99436645507814,0.0,0.0,325.99436645507814,453.6943664550781,6634.205065584804,329.6845703125,30.0,733.7789293194231,0.0,1,XB01_M005_G00,XB01_M005_G00,XB01,M005,2610.84375,3008.5,397.65625,1.1939793087223904,0.0
E52_30110e5b3ae38ecfab28ace2,5.554144350390914,10.05954008012911,5.554144350390914,514.4106891471403,547.7506496268766,828.7816154158626,0.30032099335417484,0.009166666666666667,0.1215060763888889,0.4309937364097304,2.12900626359027,0.8653144573719593,400.07952575683595,0.0,0.0,400.07952575683595,527.7795257568359,6215.862115618969,313.0162353515625,30.0,724.4106891471403,0.0,1,XB01_M005_G00,XB01_M005_G00,XB01,M005,2610.84375,3008.5,397.65625,5.554144350390914,0.0
E52_326bd9096774308657b14836,0.3547984048494044,6.820761438549596,0.3547984048494044,254.20783025924425,275.6237299174474,379.92026256926977,0.1442126230476059,0.009166666666666667,0.1215060763888889,0.27488536610316144,2.285114633896839,0.9140983230927621,256.9907958984375,0.0,0.0,256.9907958984375,384.6907958984375,2849.4019692695233,334.6907958984375,30.0,464.20783025924425,0.0,1,XB01_M005_G00,XB01_M005_G00,XB01,M005,2610.84375,3008.5,397.65625,0.3547984048494044,0.0
E52_32cd7932ac3bc8f6e82bd016,18.135199247193597,12.531399030736651,12.531399030736651,433.33722088021847,474.19552115284216,621.5246401246948,0.24213542524196421,0.009166666666666667,0.1215060763888889,0.3728081682975198,2.1871918317024805,0.8834974474070251,490.2996032714844,0.0,0.0,490.2996032714844,617.9996032714844,4661.434800935211,324.9372863769531,30.0,643.3372208802184,0.0,1,XB01_M005_G00,XB01_M005_G00,XB01,M005,2610.84375,3008.5,397.65625,12.531399030736651,0.0
E52_3322673a66874be8fb5ff9e0,20.747586756255018,12.93559360833251,12.93559360833251,392.2739001975914,423.9757012433271,594.3369941207687,0.2236811646950203,0.009166666666666667,0.1215060763888889,0.35435390775057585,2.2056460922494248,0.889264403827945,380.42161254882814,0.0,0.0,380.42161254882814,508.1216125488281,4457.527455905765,308.1216125488281,30.0,602.2739001975914,0.0,1,XB01_M005_G00,XB01_M005_G00,XB01,M005,2610.84375,3008.5,397.65625,12.93559360833251,0.0
E52_357bbbd4dc4420221c875ea3,5.458019246096001,12.241245229232817,5.458019246096001,405.4327582223269,433.1514265878055,644.5535062517828,0.23547283792056264,0.009166666666666667,0.1215060763888889,0.3661455809761182,2.1938544190238822,0.885579505944963,332.6240203857422,0.0,0.0,332.6240203857422,460.3240203857422,4834.151296888371,255.67149353027344,30.0,615.4327582223269,0.0,1,XB01_M005_G00,XB01_M005_G00,XB01,M005,2610.84375,3008.5,397.65625,5.458019246096001,0.0
E52_3875f0f2b8e39572338b498b,0.8034758095627552,12.654831201135607,0.8034758095627552,430.443023323014,471.8276755243487,612.5781334380202,0.23983909257274777,0.009166666666666667,0.1215060763888889,0.3705118356283033,2.189488164371697,0.8842150513661552,496.61582641601564,0.0,0.0,496.61582641601564,624.3158264160156,4594.336000785152,324.3158264160156,30.0,640.443023323014,0.0,1,XB01_M005_G00,XB01_M005_G00,XB01,M005,2610.84375,3008.5,397.65625,0.8034758095627552,0.0
E52_3a94b6482baa2cfaba8a857d,0.09209556162311117,16.425448776817632,0.09209556162311117,326.01303055755295,369.111023518165,393.4381033514341,0.17166403726355467,0.009166666666666667,0.1215060763888889,0.3023367803191102,2.2576632196808903,0.905519756150278,517.1759155273437,0.0,0.0,517.1759155273437,644.8759155273438,2950.785775135756,352.4370422363281,30.0,536.013030557553,0.0,1,XB01_M005_G00,XB01_M005_G00,XB01,M005,2610.84375,3008.5,397.65625,0.09209556162311117,0.0
E52_413d3eff5d481ef66f8d3068,1.189561150282401,9.493762996477216,1.189561150282401,548.7789293194231,584.2784598573463,884.5606754113072,0.3204434082194385,0.009166666666666667,0.1215060763888889,0.45111615127499405,2.1088838487250063,0.8590262027265644,425.99436645507814,0.0,0.0,425.99436645507814,553.6943664550781,6634.205065584804,329.6845703125,30.0,758.7789293194231,0.0,1,XB01_M005_G00,XB01_M005_G00,XB01,M005,2610.84375,3008.5,397.65625,1.189561150282401,0.0
E52_437c6a333219b14c3939f26c,0.18141066965117147,6.0194831627628105,0.18141066965117147,277.09771274073506,296.211315442558,417.14117438283733,0.1570562493971614,0.009166666666666667,0.1215060763888889,0.28772899245271694,2.2722710075472836,0.910084689858526,248.53977661132814,19.176544189453125,19.176544189453125,248.53977661132814,376.2397766113281,3128.55880787128,326.2397766113281,30.0,487.09771274073506,0.0,1,XB01_M005_G00,XB01_M005_G00,XB01,M005,2610.84375,3008.5,397.65625,0.18141066965117147,0.0
E52_44ed69e1d99dc074a7941a18,3.7548693303543814,8.900383690419545,3.7548693303543814,188.27556058823757,199.0276355292369,299.7078152072368,0.1090911242968749,0.009166666666666667,0.1215060763888889,0.23976386735243047,2.3202361326475702,0.9250737914523655,139.59420471191407,10.569305419921875,10.569305419921875,139.59420471191407,267.29420471191406,2247.808614054276,217.29420471191406,30.0,398.27556058823757,0.0,1,XB01_M005_G00,XB01_M005_G00,XB01,M005,2610.84375,3008.5,397.65625,3.7548693303543814,0.0
E52_4513f74e4ba51c209cccc792,7.43114835139373,9.790974506635663,7.43114835139373,548.6050089915749,589.1156759023821,854.1460165183059,0.3160741321008959,0.009166666666666667,0.1215060763888889,0.44674687515645145,2.113253124843549,0.8603916015136089,486.1280029296875,0.0,0.0,486.1280029296875,613.8280029296875,6406.095123887295,391.8226318359375,30.0,758.6050089915749,0.0,1,XB01_M005_G00,XB01_M005_G00,XB01,M005,2610.84375,3008.5,397.65625,7.43114835139373,0.0
E52_4cf0fac9feb721651efb2830,2.658280742848845,17.82597875173802,2.658280742848845,242.69354898018014,267.32891198677197,337.5749199208095,0.13412057160327687,0.009166666666666667,0.1215060763888889,0.26479331465883243,2.295206685341168,0.9172520891691148,295.6243560791016,0.0,0.0,295.6243560791016,423.32435607910156,2531.8118994060715,217.31182861328125,30.0,452.69354898018014,0.0,1,XB01_M005_G00,XB01_M005_G00,XB01,M005,2610.84375,3008.5,397.65625,2.658280742848845,0.0
E52_4d215302190bc5bfb29bf912,9.713639065507849,16.37371485667674,9.713639065507849,307.50969179304633,343.7570581260541,397.53518558804575,0.1656637075427803,0.009166666666666667,0.1215060763888889,0.29633645059833585,2.263663549401665,0.9073948591880201,434.96839599609376,0.0,0.0,434.96839599609376,562.6683959960938,2981.5138919103433,336.56707763671875,30.0,517.5096917930464,0.0,1,XB01_M005_G00,XB01_M005_G00,XB01,M005,2610.84375,3008.5,397.65625,9.713639065507849,0.0
E52_50c718ca7f326f764494c89d,3.701698237055382,13.080943299176411,3.701698237055382,350.85355156655817,370.1881015340061,585.6998033284289,0.20772710552759727,0.009166666666666667,0.1215060763888889,0.3383998485831528,2.2216001514168475,0.8942500473177648,232.014599609375,0.0,0.0,232.014599609375,359.714599609375,4392.748524963216,275.29461669921875,30.0,560.8535515665582,0.0,1,XB01_M005_G00,XB01_M005_G00,XB01,M005,2610.84375,3008.5,397.65625,3.701698237055382,0.0
E52_515a3b7c8d98426ee13f2b4e,2.643031927550723,17.07508762021844,2.643031927550723,242.68536134104386,262.0561394884234,369.14605379781034,0.13858886614696947,0.009166666666666667,0.1215060763888889,0.269261609202525,2.2907383907974754,0.9158557471242109,232.4493377685547,0.0,0.0,232.4493377685547,360.1493377685547,2768.5954034835777,210.1493377685547,30.0,452.68536134104386,0.0,1,XB01_M005_G00,XB01_M005_G00,XB01,M005,2610.84375,3008.5,397.65625,2.643031927550723,0.0
E52_575c4f100493de938643a13d,13.764230917579653,2.099203328999508,2.099203328999508,470.05405043895155,518.0123847895375,652.3580947743875,0.259560220504969,0.009166666666666667,0.1215060763888889,0.39023296356052456,2.169767036439476,0.8780521988873361,575.5000122070312,0.0,0.0,575.5000122070312,703.2000122070312,4892.685710807907,437.3766174316406,30.0,680.0540504389515,0.0,1,XB01_M005_G00,XB01_M005_G00,XB01,M005,2610.84375,3008.5,397.65625,2.099203328999508,0.0
E52_60b76d98beea93305f35c25d,4.21414290078512,16.79058398580294,4.21414290078512,271.8613885249859,299.0873836523459,380.3668062858116,0.15055421784231732,0.009166666666666667,0.1215060763888889,0.28122696089787286,2.2787730391021275,0.9121165747194148,326.7119415283203,0.0,0.0,326.7119415283203,454.4119415283203,2852.751047143587,241.2421875,30.0,481.8613885249859,0.0,1,XB01_M005_G00,XB01_M005_G00,XB01,M005,2610.84375,3008.5,397.65625,4.21414290078512,0.0
E52_67646c2afbeb5602853e5a9c,20.573034363611157,12.927232110573698,12.927232110573698,404.7739001975914,440.6423679099937,594.3369941207687,0.22812669469116229,0.009166666666666667,0.1215060763888889,0.35879943774671785,2.2012005622532826,0.8878751757041506,430.42161254882814,0.0,0.0,430.42161254882814,558.1216125488281,4457.527455905765,308.1216125488281,30.0,614.7739001975914,0.0,1,XB01_M005_G00,XB01_M005_G00,XB01,M005,2610.84375,3008.5,397.65625,12.927232110573698,0.0
E52_68694062ed2e2e792aeb51a9,6.028045227530427,17.695890544520793,6.028045227530427,262.3147609906027,292.8212075746684,341.5908424768108,0.1416674545099547,0.009166666666666667,0.1215060763888889,0.27234019756551026,2.28765980243449,0.9148936882607781,366.0773590087891,0.0,0.0,366.0773590087891,493.77735900878906,2561.931318576081,213.8477783203125,30.0,472.3147609906027,0.0,1,XB01_M005_G00,XB01_M005_G00,XB01,M005,2610.84375,3008.5,397.65625,6.028045227530427,0.0
E52_6aa461eda22a4c53e6730e81,0.1830529803829961,6.478254834226846,0.1830529803829961,265.8104536255181,288.3542041341444,395.1560268799425,0.15046620221455187,0.009166666666666667,0.1215060763888889,0.2811389452701074,2.278861054729893,0.9121440796030914,271.555615234375,1.030609130859375,1.030609130859375,271.555615234375,399.255615234375,2963.670201599569,349.255615234375,30.0,475.8104536255181,0.0,1,XB01_M005_G00,XB01_M005_G00,XB01,M005,2610.84375,3008.5,397.65625,0.1830529803829961,0.0
E52_73baea82bbbffa2db9d7426a,0.17827121859157558,5.711384152670419,0.17827121859157558,297.3854850658978,324.64222792478455,431.2305129784753,0.16683515196021612,0.009166666666666667,0.1215060763888889,0.2975078950157717,2.262492104984229,0.9070287828075714,327.08091430664064,0.0,0.0,327.08091430664064,454.7809143066406,3234.2288473385647,335.390380859375,30.0,507.3854850658978,0.0,1,XB01_M005_G00,XB01_M005_G00,XB01,M005,2610.84375,3008.5,397.65625,0.17827121859157558,0.0
E52_7547086a1218012670f76a62,4.7502446372572535,2.277872015791573,2.277872015791573,370.7957901832663,387.27013608984186,642.7455049270795,0.2228984084752749,0.009166666666666667,0.1215060763888889,0.35357115153083046,2.20642884846917,0.8895090151466155,197.69215087890626,0.0,0.0,197.69215087890626,325.39215087890625,4820.591286953097,275.39215087890625,30.0,580.7957901832663,0.0,1,XB01_M005_G00,XB01_M005_G00,XB01,M005,2610.84375,3008.5,397.65625,2.277872015791573,0.0
E52_76b4f0bdabd1ccab126282dd,4.239562692964,17.180198899819032,4.239562692964,244.7670432960008,265.6078646257534,364.489158613486,0.13866967590706417,0.009166666666666667,0.1215060763888889,0.26934241896261973,2.290657581037381,0.9158304940741814,250.08985595703126,0.0,0.0,250.08985595703126,377.78985595703125,2733.6686896011447,241.2421875,30.0,454.7670432960008,0.0,1,XB01_M005_G00,XB01_M005_G00,XB01,M005,2610.84375,3008.5,397.65625,4.239562692964,0.0
E52_7e4744117cf2a1b6b8665ab3,6.783735696851437,12.590569849682154,6.783735696851437,474.82609328547096,530.7107225986219,614.3444106920357,0.25587373999544005,0.009166666666666667,0.1215060763888889,0.3865464830509956,2.173453516949005,0.8792042240465638,670.6155517578125,0.0,0.0,670.6155517578125,798.3155517578125,4607.5830801902675,498.3155517578125,30.0,684.826093285471,0.0,1,XB01_M005_G00,XB01_M005_G00,XB01,M005,2610.84375,3008.5,397.65625,6.783735696851437,0.0
E52_7e5f4a4eaf9aa5b10576997a,5.226764664584721,13.086620585622072,5.226764664584721,384.11958913832314,414.7999833745699,584.1568128591658,0.21933939564120059,0.009166666666666667,0.1215060763888889,0.3500121386967561,2.209987861303244,0.8906212066572637,368.16473083496095,0.0,0.0,368.16473083496095,495.86473083496094,4381.1760964437435,247.829345703125,30.0,594.1195891383231,0.0,1,XB01_M005_G00,XB01_M005_G00,XB01,M005,2610.84375,3008.5,397.65625,5.226764664584721,0.0
E52_88c1c7aba1fcf94c58dad20e,1.1921330317019851,9.497510042154289,1.1921330317019851,536.2789293194231,567.6117931906797,884.5606754113072,0.3159978782232965,0.009166666666666667,0.1215060763888889,0.44667062127885204,2.1133293787211485,0.8604154308503588,375.99436645507814,0.0,0.0,375.99436645507814,503.6943664550781,6634.205065584804,329.6845703125,30.0,746.2789293194231,0.0,1,XB01_M005_G00,XB01_M005_G00,XB01,M005,2610.84375,3008.5,397.65625,1.1921330317019851,0.0
E52_8ca7795ffa642a3b129c0a3d,0.1974179151247455,15.730152054416479,0.1974179151247455,330.94608252023,369.9122522589995,428.0951466078428,0.17832668261553564,0.009166666666666667,0.1215060763888889,0.3089994256710912,2.251000574328909,0.903437679477784,467.5940368652344,0.0,0.0,467.5940368652344,595.2940368652344,3210.713599558821,335.390380859375,30.0,540.94608252023,0.0,1,XB01_M005_G00,XB01_M005_G00,XB01,M005,2610.84375,3008.5,397.65625,0.1974179151247455,0.0
E52_924cec2d58c933358893a332,5.212345615614524,12.302862284422105,5.212345615614524,416.670444788364,448.9844576972996,639.4568121231148,0.23874762537865796,0.009166666666666667,0.1215060763888889,0.3694203684342135,2.190579631565787,0.8845561348643083,387.7681549072266,0.0,0.0,387.7681549072266,515.4681549072266,4795.926090923361,252.644287109375,30.0,626.670444788364,0.0,1,XB01_M005_G00,XB01_M005_G00,XB01,M005,2610.84375,3008.5,397.65625,5.212345615614524,0.0
E52_96da4f081c74d8211b4b244f,4.916796458313556,12.47027426673894,4.916796458313556,406.4445801679392,437.368205859671,627.3474061854878,0.23339590098708082,0.009166666666666667,0.1215060763888889,0.3640686440426364,2.195931355957364,0.8862285487366761,371.08350830078126,0.0,0.0,371.08350830078126,498.78350830078125,4705.105546391158,251.37640380859375,30.0,616.4445801679392,0.0,1,XB01_M005_G00,XB01_M005_G00,XB01,M005,2610.84375,3008.5,397.65625,4.916796458313556,0.0
E52_a0032802edd73d232f2c84c2,7.837604783519836,12.395809404549922,7.837604783519836,482.4923087567502,538.5719606529091,628.5067061365473,0.26060588149401487,0.009166666666666667,0.1215060763888889,0.3912786245495704,2.16872137545043,0.8777254298282593,672.9558227539062,0.0,0.0,672.9558227539062,800.6558227539062,4713.800296024105,500.65582275390625,30.0,692.4923087567502,0.0,1,XB01_M005_G00,XB01_M005_G00,XB01,M005,2610.84375,3008.5,397.65625,7.837604783519836,0.0
E52_a3836b1674b2d70f748125c1,3.7666674360043686,18.388582284998307,3.7666674360043686,238.77143733771516,265.74771093797557,315.68523307386783,0.1296256139323784,0.009166666666666667,0.1215060763888889,0.26029835698793397,2.2997016430120665,0.9186567634412707,323.715283203125,0.0,0.0,323.715283203125,451.415283203125,2367.639248054009,217.29420471191406,30.0,448.77143733771516,0.0,1,XB01_M005_G00,XB01_M005_G00,XB01,M005,2610.84375,3008.5,397.65625,3.7666674360043686,0.0
E52_a77602565c04dca5831f9b7a,8.04678301857929,15.758600383852013,8.04678301857929,295.3505394617105,322.31471665694164,428.9160157520343,0.16578365241547813,0.009166666666666667,0.1215060763888889,0.2964563954710337,2.2635436045289667,0.907357376415302,323.57012634277345,0.0,0.0,323.57012634277345,451.27012634277344,3216.870118140257,284.58648681640625,30.0,505.3505394617105,0.0,1,XB01_M005_G00,XB01_M005_G00,XB01,M005,2610.84375,3008.5,397.65625,8.04678301857929,0.0
E52_aaa387ee3ee3170bd804334d,5.317989794894615,18.409477866986336,5.317989794894615,263.5215778829557,299.2286101502083,312.8009621623957,0.13801933350380158,0.009166666666666667,0.1215060763888889,0.2686920765593571,2.2913079234406433,0.916033726075201,428.48438720703126,0.0,0.0,428.48438720703126,556.1843872070312,2346.0072162179677,386.9435729980469,30.0,473.5215778829557,0.0,1,XB01_M005_G00,XB01_M005_G00,XB01,M005,2610.84375,3008.5,397.65625,5.317989794894615,0.0
E52_b4122a9095172602242b40e3,20.3450150405031,12.917805218005896,12.917805218005896,417.2739001975914,457.30903457666045,594.3369941207687,0.23257222468730426,0.009166666666666667,0.1215060763888889,0.3632449677428598,2.1967550322571405,0.8864859475803564,480.42161254882814,0.0,0.0,480.42161254882814,608.1216125488281,4457.527455905765,308.1216125488281,30.0,627.2739001975914,0.0,1,XB01_M005_G00,XB01_M005_G00,XB01,M005,2610.84375,3008.5,397.65625,12.917805218005896,0.0
E52_b45db00398315637fb020e5f,10.668521625893561,10.742298629097064,10.668521625893561,520.0993036420956,566.0861185224667,764.2777180019647,0.2932088546230577,0.009166666666666667,0.1215060763888889,0.4238815976786132,2.1361184023213875,0.8675370007254334,551.8417785644531,0.0,0.0,551.8417785644531,679.5417785644531,5732.082885014735,386.71868896484375,30.0,730.0993036420956,0.0,1,XB01_M005_G00,XB01_M005_G00,XB01,M005,2610.84375,3008.5,397.65625,10.668521625893561,0.0
E52_b544b4d7beda1d6ed7fbeefb,7.916047012305,16.252686834440453,7.916047012305,293.91354735972715,324.49113296153376,404.3615811086144,0.16179511839250177,0.009166666666666667,0.1215060763888889,0.2924678614480573,2.2675321385519434,0.9086037932974821,366.9310272216797,0.0,0.0,366.9310272216797,494.6310272216797,3032.711858314608,277.91845703125,30.0,503.91354735972715,0.0,1,XB01_M005_G00,XB01_M005_G00,XB01,M005,2610.84375,3008.5,397.65625,7.916047012305,0.0
E52_b60e4d2a4cdcd5801a5d757f,0.3548119472465885,16.480566458341656,0.3548119472465885,308.26023760270465,345.626388522301,392.32356968783114,0.16519254750221457,0.009166666666666667,0.1215060763888889,0.2958652905577701,2.2641347094422306,0.9075420967006969,448.39381103515626,0.0,0.0,448.39381103515626,576.0938110351562,2942.4267726587336,326.2397766113281,30.0,518.2602376027046,0.0,1,XB01_M005_G00,XB01_M005_G00,XB01,M005,2610.84375,3008.5,397.65625,0.3548119472465885,0.0
E52_b677873645e212a13901ede2,6.213611921293648,9.230718628911887,6.213611921293648,575.9444140089429,616.0268887810784,911.3939793850733,0.3339048259552679,0.009166666666666667,0.1215060763888889,0.4645775690108234,2.095422430989177,0.8548195096841177,480.989697265625,0.0,0.0,480.989697265625,608.689697265625,6835.45484538805,390.4056396484375,30.0,785.9444140089429,0.0,1,XB01_M005_G00,XB01_M005_G00,XB01,M005,2610.84375,3008.5,397.65625,6.213611921293648,0.0
E52_b6789310c1ab16898a769b78,3.4561011998927995,2.625622464396969,2.625622464396969,372.38145547243056,389.4038741939475,617.4514627840539,0.21924054354678854,0.009166666666666667,0.1215060763888889,0.3499132866023441,2.2100867133976565,0.8906520979367675,225.84925537109376,21.580230712890625,21.580230712890625,225.84925537109376,353.54925537109375,4630.885970880404,303.54925537109375,30.0,582.3814554724306,0.0,1,XB01_M005_G00,XB01_M005_G00,XB01,M005,2610.84375,3008.5,397.65625,2.625622464396969,0.0
E52_b7c433bb400c5a28313b13f0,7.90648237169664,16.00220965111248,7.90648237169664,270.63016208552887,291.2047849391259,417.8125870494757,0.1554195344851095,0.009166666666666667,0.1215060763888889,0.2860922775406651,2.2739077224593354,0.9105961632685422,246.89547424316407,0.0,0.0,246.89547424316407,374.59547424316406,3133.594402871068,284.58648681640625,30.0,480.63016208552887,0.0,1,XB01_M005_G00,XB01_M005_G00,XB01,M005,2610.84375,3008.5,397.65625,7.90648237169664,0.0
E52_be69bdf55826f2eb34075d09,0.129100810593485,12.029424972929434,0.129100810593485,457.6877788138426,500.48965717077624,658.5642874860837,0.25604119113741575,0.009166666666666667,0.1215060763888889,0.3867139341929713,2.173286065807029,0.8791518955646964,513.6225402832031,0.0,0.0,513.6225402832031,641.3225402832031,4939.232156145627,341.3225402832031,30.0,667.6877788138427,0.0,1,XB01_M005_G00,XB01_M005_G00,XB01,M005,2610.84375,3008.5,397.65625,0.129100810593485,0.0
E52_be79b94db4a0a5b6faaed631,5.8556195066339995,13.435452033242427,5.8556195066339995,439.28613208838135,492.92224150407145,556.7556076826221,0.23507830977561708,0.009166666666666667,0.1215060763888889,0.36575105283117265,2.194248947168828,0.8857027959902586,643.6333129882812,0.0,0.0,643.6333129882812,771.3333129882812,4175.667057619666,471.33331298828125,30.0,649.2861320883814,0.0,1,XB01_M005_G00,XB01_M005_G00,XB01,M005,2610.84375,3008.5,397.65625,5.8556195066339995,0.0
E52_beb70ec57fd2d66bf65b827f,7.541541972929281,2.43785423226241,2.43785423226241,429.6587378248194,468.09544538504076,628.6972302883107,0.2418430061920666,0.009166666666666667,0.1215060763888889,0.37251574924762215,2.1874842507523784,0.8835888283601181,461.24049072265626,0.0,0.0,461.24049072265626,588.9404907226562,4715.22922716233,538.9404907226562,30.0,639.6587378248194,0.0,1,XB01_M005_G00,XB01_M005_G00,XB01,M005,2610.84375,3008.5,397.65625,2.43785423226241,0.0
E52_bfffb2993ede6e2e2bd9340b,3.690870292320824,13.053008949478723,3.690870292320824,400.85355156655817,436.85476820067277,585.6998033284289,0.22550922551216515,0.009166666666666667,0.1215060763888889,0.3561819685677207,2.20381803143228,0.8886931348225873,432.014599609375,0.0,0.0,432.014599609375,559.714599609375,4392.748524963216,275.29461669921875,30.0,610.8535515665582,0.0,1,XB01_M005_G00,XB01_M005_G00,XB01,M005,2610.84375,3008.5,397.65625,3.690870292320824,0.0
E52_c0294c7ff44d44fc4ede8d97,0.3453400539276714,16.7256600789149,0.3453400539276714,316.70783025924425,358.9570632507807,379.92026256926977,0.16644027302831577,0.009166666666666667,0.1215060763888889,0.2971130160838713,2.262886983916129,0.9071521824737903,506.9907958984375,0.0,0.0,506.9907958984375,634.6907958984375,2849.4019692695233,334.6907958984375,30.0,526.7078302592442,0.0,1,XB01_M005_G00,XB01_M005_G00,XB01,M005,2610.84375,3008.5,397.65625,0.3453400539276714,0.0
E52_c515ea57360fd29f9add62f7,10.376389813011386,10.649906727109496,10.376389813011386,525.5980011021792,572.0554631586571,772.4512298654912,0.29632198385281766,0.009166666666666667,0.1215060763888889,0.4269947269083732,2.1330052730916274,0.8665641478411334,557.4895446777343,0.0,0.0,557.4895446777343,685.1895446777344,5793.384223991184,393.3172912597656,30.0,735.5980011021792,0.0,1,XB01_M005_G00,XB01_M005_G00,XB01,M005,2610.84375,3008.5,397.65625,10.376389813011386,0.0
E52_c76d93c5902d0dc017f7065c,8.086972830243951,16.05706218628906,8.086972830243951,260.86241804033426,278.57034040361555,415.47730190098105,0.1516149798935124,0.009166666666666667,0.1215060763888889,0.28228772294906795,2.2777122770509326,0.9117850865784163,212.495068359375,0.0,0.0,212.495068359375,340.195068359375,3116.079764257358,277.91845703125,30.0,470.86241804033426,0.0,1,XB01_M005_G00,XB01_M005_G00,XB01,M005,2610.84375,3008.5,397.65625,8.086972830243951,0.0
E52_cdef0b479e00ae29ebd83132,5.870289292180857,10.01648148125875,5.870289292180857,520.0071121141804,554.5433095222207,832.7970397801186,0.3028799960747676,0.009166666666666667,0.1215060763888889,0.43355273913032316,2.126447260869677,0.864514769021774,414.4343688964844,0.0,0.0,414.4343688964844,542.1343688964844,6245.977798350889,297.6476745605469,30.0,730.0071121141804,0.0,1,XB01_M005_G00,XB01_M005_G00,XB01,M005,2610.84375,3008.5,397.65625,5.870289292180857,0.0
E52_d1d4424e0dfaa7a0ce62d445,10.326438120911263,12.872868339328704,10.326438120911263,402.0751033963921,436.37951216917855,598.3237541560654,0.22773150601213982,0.009166666666666667,0.1215060763888889,0.35840424906769536,2.201595750932305,0.8879986721663452,411.6529052734375,0.0,0.0,411.6529052734375,539.3529052734375,4487.428156170491,269.83203125,30.0,612.075103396392,0.0,1,XB01_M005_G00,XB01_M005_G00,XB01,M005,2610.84375,3008.5,397.65625,10.326438120911263,0.0
E52_d22cbe82615c6d2ee0ebf49f,0.18869264552814968,15.758568264926964,0.18869264552814968,318.17309843891866,352.9726015110215,427.5491784452201,0.1737067461230003,0.009166666666666667,0.1215060763888889,0.30437948917855584,2.2556205108214447,0.9048814096317013,417.5940368652344,0.0,0.0,417.5940368652344,545.2940368652344,3206.618838339151,335.390380859375,30.0,528.1730984389187,0.0,1,XB01_M005_G00,XB01_M005_G00,XB01,M005,2610.84375,3008.5,397.65625,0.18869264552814968,0.0
E52_d3460088443e86b69235cf2f,0.09751656362870165,10.110906533633653,0.09751656362870165,520.9986937965015,557.4049117530444,823.5600798537452,0.3019244763287566,0.009166666666666667,0.1215060763888889,0.4325972193843121,2.1274027806156885,0.8648133689424025,436.87461547851564,0.0,0.0,436.87461547851564,564.5746154785156,6176.700598903089,276.8628845214844,30.0,730.9986937965015,0.0,1,XB01_M005_G00,XB01_M005_G00,XB01,M005,2610.84375,3008.5,397.65625,0.09751656362870165,0.0
E52_d7f1f5d49edaa9f52000c452,4.816859079935227,12.917919470378578,4.816859079935227,397.7633482290822,431.12867517406926,595.3347347882426,0.22577474843651651,0.009166666666666667,0.1215060763888889,0.35644749149207205,2.2035525085079284,0.8886101589087275,400.38392333984376,0.0,0.0,400.38392333984376,528.0839233398438,4465.010510911819,278.08392333984375,30.0,607.7633482290822,0.0,1,XB01_M005_G00,XB01_M005_G00,XB01,M005,2610.84375,3008.5,397.65625,4.816859079935227,0.0
E52_da1eeef61bb4fffd90feecd9,11.890634585908685,11.577048041656667,11.577048041656667,464.4321692173844,503.4661769891943,694.6602918039094,0.2635518155735283,0.009166666666666667,0.1215060763888889,0.39422455862908384,2.1657754413709167,0.8768048254284113,468.40809326171876,0.0,0.0,468.40809326171876,596.1080932617188,5209.952188529321,322.9142761230469,30.0,674.4321692173844,0.0,1,XB01_M005_G00,XB01_M005_G00,XB01,M005,2610.84375,3008.5,397.65625,11.577048041656667,0.0
E52_dbe1bedc9b83d29f34556dbd,5.48925853779113,13.016499113861627,5.48925853779113,387.86022911882606,419.0031732004504,588.862793747906,0.22133620210273125,0.009166666666666667,0.1215060763888889,0.3520089451582868,2.2079910548417137,0.8899972046380353,373.7153289794922,0.0,0.0,373.7153289794922,501.4153289794922,4416.470953109295,232.19436645507812,30.0,597.860229118826,0.0,1,XB01_M005_G00,XB01_M005_G00,XB01,M005,2610.84375,3008.5,397.65625,5.48925853779113,0.0
E52_dc4c132291b7b9525a26c82f,7.928127524284349,16.290878065555617,7.928127524284349,256.41354735972715,274.49113296153376,404.3615811086144,0.14845852840407586,0.009166666666666667,0.1215060763888889,0.2791312714596314,2.2808687285403693,0.9127714776688652,216.9310272216797,0.0,0.0,216.9310272216797,344.6310272216797,3032.711858314608,277.91845703125,30.0,466.41354735972715,0.0,1,XB01_M005_G00,XB01_M005_G00,XB01,M005,2610.84375,3008.5,397.65625,7.928127524284349,0.0
E52_de2c36302e014a6d0284c896,0.18695850876338227,15.994052628622484,0.18695850876338227,325.41177480357015,364.7238282296769,414.95122905049965,0.1744969638873427,0.009166666666666667,0.1215060763888889,0.30516970694289824,2.2548302930571023,0.9046344665803443,471.74464111328126,0.0,0.0,471.74464111328126,599.4446411132812,3112.134217878747,325.15069580078125,30.0,535.4117748035701,0.0,1,XB01_M005_G00,XB01_M005_G00,XB01,M005,2610.84375,3008.5,397.65625,0.18695850876338227,0.0
E52_e0325aad0b87e7c07e10fc2c,0.181162436691352,5.987785159048158,0.181162436691352,275.1983248954777,294.96932963587483,418.60161500091635,0.15682137892336617,0.009166666666666667,0.1215060763888889,0.2874941219789217,2.2725058780210787,0.910158086881587,248.53977661132814,11.2877197265625,11.2877197265625,248.53977661132814,376.2397766113281,3139.5121125068727,326.2397766113281,30.0,485.1983248954777,0.0,1,XB01_M005_G00,XB01_M005_G00,XB01,M005,2610.84375,3008.5,397.65625,0.181162436691352,0.0
E52_ea76d341ab82f2ebc1fa1efe,0.19377899526962494,6.056283714240493,0.19377899526962494,275.41177480357015,298.05716156301025,414.95122905049965,0.15671484390277482,0.009166666666666667,0.1215060763888889,0.2873875869583304,2.2726124130416703,0.9101913790755217,271.74464111328126,0.0,0.0,271.74464111328126,399.44464111328125,3112.134217878747,325.15069580078125,30.0,485.41177480357015,0.0,1,XB01_M005_G00,XB01_M005_G00,XB01,M005,2610.84375,3008.5,397.65625,0.19377899526962494,0.0
E52_eab18c460278cfbad2c20da0,6.032231025717834,7.760329046990023,6.032231025717834,212.31476099060268,226.15454090800176,341.5908424768108,0.12388533452538679,0.009166666666666667,0.1215060763888889,0.25455807758094234,2.305441922419058,0.9204506007559555,166.07735900878907,0.0,0.0,166.07735900878907,293.77735900878906,2561.931318576081,213.8477783203125,30.0,422.3147609906027,0.0,1,XB01_M005_G00,XB01_M005_G00,XB01,M005,2610.84375,3008.5,397.65625,6.032231025717834,0.0
E52_eb490529b308e18523949520,5.452835615478591,12.235001379754962,5.452835615478591,417.9327582223269,449.8180932544721,644.5535062517828,0.23991836791670462,0.009166666666666667,0.1215060763888889,0.37059111097226016,2.1894088890277406,0.8841902778211687,382.6240203857422,0.0,0.0,382.6240203857422,510.3240203857422,4834.151296888371,255.67149353027344,30.0,627.9327582223269,0.0,1,XB01_M005_G00,XB01_M005_G00,XB01,M005,2610.84375,3008.5,397.65625,5.452835615478591,0.0
E52_eddf192c3626d88d236d26e4,6.035486968978105,17.034187922993553,6.035486968978105,241.72684180786888,260.473536754158,370.9735139380034,0.13850678679446915,0.009166666666666667,0.1215060763888889,0.2691795298500247,2.290820470149976,0.9158813969218673,224.96033935546876,0.0,0.0,224.96033935546876,352.66033935546875,2782.3013545350254,199.07135009765625,30.0,451.7268418078689,0.0,1,XB01_M005_G00,XB01_M005_G00,XB01,M005,2610.84375,3008.5,397.65625,6.035486968978105,0.0
E52_ede4029bd5e695a7a0c85289,4.8219316267261405,12.925612211179384,4.8219316267261405,385.2633482290822,414.4620085074026,595.3347347882426,0.22132921844037454,0.009166666666666667,0.1215060763888889,0.3520019614959301,2.2079980385040705,0.8899993870325218,350.38392333984376,0.0,0.0,350.38392333984376,478.08392333984375,4465.010510911819,278.08392333984375,30.0,595.2633482290822,0.0,1,XB01_M005_G00,XB01_M005_G00,XB01,M005,2610.84375,3008.5,397.65625,4.8219316267261405,0.0
E52_ef8fa59407d07a2296b5f591,5.471366348049031,0.3151276047193221,0.3151276047193221,505.85939793409244,540.3898465933535,804.5361039126185,0.29384606362066074,0.009166666666666667,0.1215060763888889,0.4245188066762163,2.135481193323784,0.8673378729136825,414.3653839111328,0.0,0.0,414.3653839111328,542.0653839111328,6034.020779344639,284.8677062988281,30.0,715.8593979340924,0.0,1,XB01_M005_G00,XB01_M005_G00,XB01,M005,2610.84375,3008.5,397.65625,0.3151276047193221,0.0
E52_f4836ff0bfcbe7f74f580128,5.857186879240203,13.198394987858308,5.857186879240203,446.8309536018799,500.3537512499919,572.525121315088,0.23999489789029496,0.009166666666666667,0.1215060763888889,0.37066764094585053,2.18933235905415,0.8841663622044217,642.2735717773437,0.0,0.0,642.2735717773437,769.9735717773438,4293.93840986316,483.0478820800781,30.0,656.8309536018799,0.0,1,XB01_M005_G00,XB01_M005_G00,XB01,M005,2610.84375,3008.5,397.65625,5.857186879240203,0.0
E52_fb97bb829fc82a7376005525,6.420468847062537,12.561592200960149,6.420468847062537,483.9909817485873,542.6900133241081,615.7877740440496,0.2593375767224136,0.009166666666666667,0.1215060763888889,0.3900103197779691,2.1699896802220313,0.8781217750693846,704.38837890625,0.0,0.0,704.38837890625,832.08837890625,4618.408305330372,532.08837890625,30.0,693.9909817485873,0.0,1,XB01_M005_G00,XB01_M005_G00,XB01,M005,2610.84375,3008.5,397.65625,6.420468847062537,0.0
E52_fd527d975e1813662620f82c,0.2515585281702357,12.45056667278017,0.2515585281702357,418.2192341110554,452.9085204066283,628.3027504486734,0.23771876612520712,0.009166666666666667,0.1215060763888889,0.3683915091807627,2.1916084908192377,0.8848776533810117,416.271435546875,0.0,0.0,416.271435546875,543.971435546875,4712.2706283650505,306.8754577636719,30.0,628.2192341110554,0.0,1,XB01_M005_G00,XB01_M005_G00,XB01,M005,2610.84375,3008.5,397.65625,0.2515585281702357,0.0
E52_0c56c0f390b777971f9a7e58,9.191817182292596,2.1743859331465814,2.1743859331465814,461.3120930283848,507.24512830670517,647.0259743868478,0.2556960576036008,0.009166666666666667,0.18918663194444446,0.45404935621471193,2.1059506437852886,0.8581095761829025,551.1964233398437,0.0,0.0,551.1964233398437,678.8964233398438,4852.694807901358,431.4708251953125,30.0,671.3120930283849,0.0,1,XB01_M006_G00,XB01_M006_G00,XB01,M006,804.8125,1423.96875,619.15625,2.1743859331465814,0.0
E52_132fcaf6d631eae41e83e018,16.277039427598496,12.621037374336296,12.621037374336296,466.52713400648173,519.919143487276,612.7022111281979,0.2526897045720101,0.009166666666666667,0.18918663194444446,0.45104300318312124,2.1089569968168793,0.8590490615052746,640.7041137695312,0.0,0.0,640.7041137695312,768.4041137695312,4595.266583461484,468.40411376953125,30.0,676.5271340064817,0.0,1,XB01_M006_G00,XB01_M006_G00,XB01,M006,804.8125,1423.96875,619.15625,12.621037374336296,0.0
E52_154bbd26b7808edf72eaa410,13.995666599621927,13.235683344326844,13.235683344326844,444.90797820490957,498.19814035497467,570.0749835094285,0.23896400983981742,0.009166666666666667,0.18918663194444446,0.43731730845092853,2.122682691549072,0.8633383411090848,639.4819458007812,0.0,0.0,639.4819458007812,767.1819458007812,4275.562376320714,467.18194580078125,30.0,654.9079782049096,0.0,1,XB01_M006_G00,XB01_M006_G00,XB01,M006,804.8125,1423.96875,619.15625,13.235683344326844,0.0
E52_2d291a2169e36d61d7bf7582,15.632231005935907,12.790365797832976,12.790365797832976,470.3839036593983,527.1993216484933,599.8752993842263,0.25224474652706685,0.009166666666666667,0.18918663194444446,0.45059804513817797,2.1094019548618226,0.8591881108943193,681.7850158691406,0.0,0.0,681.7850158691406,809.4850158691406,4499.064745381697,509.4850158691406,30.0,680.3839036593984,0.0,1,XB01_M006_G00,XB01_M006_G00,XB01,M006,804.8125,1423.96875,619.15625,12.790365797832976,0.0
E52_575c4f100493de938643a13d,8.748145591440831,2.099203328999508,2.099203328999508,470.05405043895155,518.0123847895375,652.3580947743875,0.259560220504969,0.009166666666666667,0.18918663194444446,0.45791351911608014,2.10208648088392,0.8569020252762249,575.5000122070312,0.0,0.0,575.5000122070312,703.2000122070312,4892.685710807907,437.3766174316406,30.0,680.0540504389515,0.0,1,XB01_M006_G00,XB01_M006_G00,XB01,M006,804.8125,1423.96875,619.15625,2.099203328999508,0.0
E52_7ccd1e182a1b2540fd645bfb,17.598222271069588,2.4191590009326376,2.4191590009326376,429.0509151666868,465.88596358791074,630.2977572539465,0.24168092785315382,0.009166666666666667,0.18918663194444446,0.44003422646426493,2.1199657735357356,0.8624893042299172,447.8438232421875,5.8232421875,5.8232421875,447.8438232421875,575.5438232421875,4727.2331794045995,525.5438232421875,30.0,639.0509151666868,0.0,1,XB01_M006_G00,XB01_M006_G00,XB01,M006,804.8125,1423.96875,619.15625,2.4191590009326376,0.0
E52_7e4744117cf2a1b6b8665ab3,16.603245099807324,12.590569849682154,12.590569849682154,474.82609328547096,530.7107225986219,614.3444106920357,0.25587373999544005,0.009166666666666667,0.18918663194444446,0.45422703860655117,2.1057729613934493,0.8580540504354528,670.6155517578125,0.0,0.0,670.6155517578125,798.3155517578125,4607.5830801902675,498.3155517578125,30.0,684.826093285471,0.0,1,XB01_M006_G00,XB01_M006_G00,XB01,M006,804.8125,1423.96875,619.15625,12.590569849682154,0.0
E52_928897c58ab324fea0c4e2a6,3.484611903020678,1.5883194156787255,1.5883194156787255,531.9728362225934,555.928866496031,695.4103981938848,0.2819677951972939,0.009166666666666667,0.18918663194444446,0.48032109380840504,2.0796789061915955,0.8498996581848735,480.1572998046875,192.6849365234375,192.6849365234375,480.1572998046875,607.8572998046875,5215.577986454136,557.8572998046875,30.0,741.9728362225934,0.0,1,XB01_M006_G00,XB01_M006_G00,XB01,M006,804.8125,1423.96875,619.15625,1.5883194156787255,0.0
E52_a0032802edd73d232f2c84c2,16.578178410595456,12.395809404549922,12.395809404549922,482.4923087567502,538.5719606529091,628.5067061365473,0.26060588149401487,0.009166666666666667,0.18918663194444446,0.458959180105126,2.1010408198948745,0.8565752562171481,672.9558227539062,0.0,0.0,672.9558227539062,800.6558227539062,4713.800296024105,500.65582275390625,30.0,692.4923087567502,0.0,1,XB01_M006_G00,XB01_M006_G00,XB01,M006,804.8125,1423.96875,619.15625,12.395809404549922,0.0
E52_b45db00398315637fb020e5f,5.400247916756143,10.742298629097064,5.400247916756143,520.0993036420956,566.0861185224667,764.2777180019647,0.2932088546230577,0.009166666666666667,0.18918663194444446,0.4915621532341688,2.0684378467658315,0.8463868271143222,551.8417785644531,0.0,0.0,551.8417785644531,679.5417785644531,5732.082885014735,386.71868896484375,30.0,730.0993036420956,0.0,1,XB01_M006_G00,XB01_M006_G00,XB01,M006,804.8125,1423.96875,619.15625,5.400247916756143,0.0
E52_be79b94db4a0a5b6faaed631,13.11389912953588,13.435452033242427,13.11389912953588,439.28613208838135,492.92224150407145,556.7556076826221,0.23507830977561708,0.009166666666666667,0.18918663194444446,0.43343160838672823,2.1265683916132723,0.8645526223791474,643.6333129882812,0.0,0.0,643.6333129882812,771.3333129882812,4175.667057619666,471.33331298828125,30.0,649.2861320883814,0.0,1,XB01_M006_G00,XB01_M006_G00,XB01,M006,804.8125,1423.96875,619.15625,13.11389912953588,0.0
E52_beb70ec57fd2d66bf65b827f,17.38358245881338,2.43785423226241,2.43785423226241,429.6587378248194,468.09544538504076,628.6972302883107,0.2418430061920666,0.009166666666666667,0.18918663194444446,0.44019630480317773,2.119803695196823,0.8624386547490069,461.24049072265626,0.0,0.0,461.24049072265626,588.9404907226562,4715.22922716233,538.9404907226562,30.0,639.6587378248194,0.0,1,XB01_M006_G00,XB01_M006_G00,XB01,M006,804.8125,1423.96875,619.15625,2.43785423226241,0.0
E52_c515ea57360fd29f9add62f7,5.110675927180537,10.649906727109496,5.110675927180537,525.5980011021792,572.0554631586571,772.4512298654912,0.29632198385281766,0.009166666666666667,0.18918663194444446,0.4946752824639288,2.065324717536072,0.8454139742300223,557.4895446777343,0.0,0.0,557.4895446777343,685.1895446777344,5793.384223991184,393.3172912597656,30.0,735.5980011021792,0.0,1,XB01_M006_G00,XB01_M006_G00,XB01,M006,804.8125,1423.96875,619.15625,5.110675927180537,0.0
E52_f4836ff0bfcbe7f74f580128,13.84134266108093,13.198394987858308,13.198394987858308,446.8309536018799,500.3537512499919,572.525121315088,0.23999489789029496,0.009166666666666667,0.18918663194444446,0.4383481965014061,2.1216518034985943,0.8630161885933106,642.2735717773437,0.0,0.0,642.2735717773437,769.9735717773438,4293.93840986316,483.0478820800781,30.0,656.8309536018799,0.0,1,XB01_M006_G00,XB01_M006_G00,XB01,M006,804.8125,1423.96875,619.15625,13.198394987858308,0.0
E52_fb97bb829fc82a7376005525,16.46353643879513,12.561592200960149,12.561592200960149,483.9909817485873,542.6900133241081,615.7877740440496,0.2593375767224136,0.009166666666666667,0.18918663194444446,0.4576908753335247,2.102309124666476,0.8569716014582736,704.38837890625,0.0,0.0,704.38837890625,832.08837890625,4618.408305330372,532.08837890625,30.0,693.9909817485873,0.0,1,XB01_M006_G00,XB01_M006_G00,XB01,M006,804.8125,1423.96875,619.15625,12.561592200960149,0.0
E52_0fa03b8d9ed736d48919c1b7,4.742741805859765,11.555158541579928,4.742741805859765,469.53189880990186,510.00510285042924,696.2245733766397,0.2655870342753843,0.009166666666666667,0.2523888888888889,0.5271425898309399,2.0328574101690604,0.8352679406778313,485.67844848632814,0.0,0.0,485.67844848632814,613.3784484863281,5221.684300324798,318.1667785644531,30.0,679.5318988099018,0.0,1,XB01_M009_G00,XB01_M009_G00,XB01,M009,2828.96875,3654.96875,826.0,4.742741805859765,0.0
E52_1ef47ef68c1879e18ddbb164,3.398043037439095,9.684707827919368,3.398043037439095,525.9457118932837,556.9823492630754,865.6715995678175,0.30964781577290457,0.009166666666666667,0.2523888888888889,0.5712033713284601,1.9887966286715404,0.8214989464598562,372.4396484375,0.0,0.0,372.4396484375,500.1396484375,6492.536996758631,304.7821350097656,30.0,735.9457118932837,0.0,1,XB01_M009_G00,XB01_M009_G00,XB01,M009,2828.96875,3654.96875,826.0,3.398043037439095,0.0
E52_214ce9a3b3bd3fa9c582335a,0.14955749359387482,15.138353346483314,0.14955749359387482,331.46735474952504,365.31699057309277,459.8368945576438,0.1830074384559416,0.009166666666666667,0.2523888888888889,0.4445629940114971,2.1154370059885035,0.8610740643714072,406.1956298828125,0.0,0.0,406.1956298828125,533.8956298828125,3448.7767091823284,283.8956298828125,30.0,541.467354749525,0.0,1,XB01_M009_G00,XB01_M009_G00,XB01,M009,2828.96875,3654.96875,826.0,0.14955749359387482,0.0
E52_215ef380a7eb56a6f7d09ab1,2.537885409617246,12.440860913671315,2.537885409617246,437.2780853288336,478.35957590907447,628.0672271762219,0.2444635461376352,0.009166666666666667,0.2523888888888889,0.5060191016931908,2.0539808983068095,0.8418690307208779,492.97788696289064,0.0,0.0,492.97788696289064,620.6778869628906,4710.504203821664,324.9881591796875,30.0,647.2780853288336,0.0,1,XB01_M009_G00,XB01_M009_G00,XB01,M009,2828.96875,3654.96875,826.0,2.537885409617246,0.0
E52_24cc4f01335372459fb4c2ba,6.1310389492713,12.909161020133865,6.1310389492713,410.2633482290822,447.7953418407359,595.3347347882426,0.23022027843265847,0.009166666666666667,0.2523888888888889,0.491775833988214,2.0682241660117864,0.8463200518786831,450.38392333984376,0.0,0.0,450.38392333984376,578.0839233398438,4465.010510911819,278.08392333984375,30.0,620.2633482290822,0.0,1,XB01_M009_G00,XB01_M009_G00,XB01,M009,2828.96875,3654.96875,826.0,6.1310389492713,0.0
E52_2dadfb43d7dd9558e21effa9,6.345543613126054,12.85982438864363,6.345543613126054,396.07517918576866,428.1792069974549,599.5261915014202,0.22576797164618329,0.009166666666666667,0.2523888888888889,0.4873235272017388,2.072676472798262,0.8477113977494566,385.2483337402344,0.0,0.0,385.2483337402344,512.9483337402344,4496.446436260651,248.30487060546875,30.0,606.0751791857687,0.0,1,XB01_M009_G00,XB01_M009_G00,XB01,M009,2828.96875,3654.96875,826.0,6.345543613126054,0.0
E52_2e64690809088e2a96fb2160,6.026568482246603,9.500767968691491,6.026568482246603,523.7789293194231,550.945126524013,884.5606754113072,0.31155234822715455,0.009166666666666667,0.2523888888888889,0.57310790378271,1.9868920962172905,0.8209037800679031,325.99436645507814,0.0,0.0,325.99436645507814,453.6943664550781,6634.205065584804,329.6845703125,30.0,733.7789293194231,0.0,1,XB01_M009_G00,XB01_M009_G00,XB01,M009,2828.96875,3654.96875,826.0,6.026568482246603,0.0
E52_30110e5b3ae38ecfab28ace2,8.29379008204161,10.05954008012911,8.29379008204161,514.4106891471403,547.7506496268766,828.7816154158626,0.30032099335417484,0.009166666666666667,0.2523888888888889,0.5618765489097304,1.9981234510902701,0.8244135784657093,400.07952575683595,0.0,0.0,400.07952575683595,527.7795257568359,6215.862115618969,313.0162353515625,30.0,724.4106891471403,0.0,1,XB01_M009_G00,XB01_M009_G00,XB01,M009,2828.96875,3654.96875,826.0,8.29379008204161,0.0
E52_357bbbd4dc4420221c875ea3,7.575644866037791,12.241245229232817,7.575644866037791,405.4327582223269,433.1514265878055,644.5535062517828,0.23547283792056264,0.009166666666666667,0.2523888888888889,0.49702839347611816,2.0629716065238823,0.8446786270387131,332.6240203857422,0.0,0.0,332.6240203857422,460.3240203857422,4834.151296888371,255.67149353027344,30.0,615.4327582223269,0.0,1,XB01_M009_G00,XB01_M009_G00,XB01,M009,2828.96875,3654.96875,826.0,7.575644866037791,0.0
E52_3875f0f2b8e39572338b498b,2.428943672281946,12.654831201135607,2.428943672281946,430.443023323014,471.8276755243487,612.5781334380202,0.23983909257274777,0.009166666666666667,0.2523888888888889,0.5013946481283034,2.058605351871697,0.8433141724599051,496.61582641601564,0.0,0.0,496.61582641601564,624.3158264160156,4594.336000785152,324.3158264160156,30.0,640.443023323014,0.0,1,XB01_M009_G00,XB01_M009_G00,XB01,M009,2828.96875,3654.96875,826.0,2.428943672281946,0.0
E52_413d3eff5d481ef66f8d3068,6.009370050414574,9.493762996477216,6.009370050414574,548.7789293194231,584.2784598573463,884.5606754113072,0.3204434082194385,0.009166666666666667,0.2523888888888889,0.581998963774994,1.9780010362250064,0.8181253238203143,425.99436645507814,0.0,0.0,425.99436645507814,553.6943664550781,6634.205065584804,329.6845703125,30.0,758.7789293194231,0.0,1,XB01_M009_G00,XB01_M009_G00,XB01,M009,2828.96875,3654.96875,826.0,6.009370050414574,0.0
E52_4513f74e4ba51c209cccc792,5.438836103172676,9.790974506635663,5.438836103172676,548.6050089915749,589.1156759023821,854.1460165183059,0.3160741321008959,0.009166666666666667,0.2523888888888889,0.5776296876564515,1.982370312343549,0.8194907226073589,486.1280029296875,0.0,0.0,486.1280029296875,613.8280029296875,6406.095123887295,391.8226318359375,30.0,758.6050089915749,0.0,1,XB01_M009_G00,XB01_M009_G00,XB01,M009,2828.96875,3654.96875,826.0,5.438836103172676,0.0
E52_575c4f100493de938643a13d,1.2735129256524829,2.099203328999508,1.2735129256524829,470.05405043895155,518.0123847895375,652.3580947743875,0.259560220504969,0.009166666666666667,0.2523888888888889,0.5211157760605245,2.038884223939476,0.837151319981086,575.5000122070312,0.0,0.0,575.5000122070312,703.2000122070312,4892.685710807907,437.3766174316406,30.0,680.0540504389515,0.0,1,XB01_M009_G00,XB01_M009_G00,XB01,M009,2828.96875,3654.96875,826.0,1.2735129256524829,0.0
E52_7e5f4a4eaf9aa5b10576997a,6.0680963914717125,13.086620585622072,6.0680963914717125,384.11958913832314,414.7999833745699,584.1568128591658,0.21933939564120059,0.009166666666666667,0.2523888888888889,0.4808949511967561,2.0791050488032443,0.8497203277510137,368.16473083496095,0.0,0.0,368.16473083496095,495.86473083496094,4381.1760964437435,247.829345703125,30.0,594.1195891383231,0.0,1,XB01_M009_G00,XB01_M009_G00,XB01,M009,2828.96875,3654.96875,826.0,6.0680963914717125,0.0
E52_82c821a5773d0bfbe554f10a,0.6230836731091074,11.397135806608844,0.6230836731091074,512.9354114719376,566.0737563002253,707.0407539741487,0.2825549862639304,0.009166666666666667,0.2523888888888889,0.5441105418194859,2.0158894581805145,0.8299654556814107,637.6601379394531,0.0,0.0,637.6601379394531,765.3601379394531,5302.805654806116,465.3601379394531,30.0,722.9354114719376,0.0,1,XB01_M009_G00,XB01_M009_G00,XB01,M009,2828.96875,3654.96875,826.0,0.6230836731091074,0.0
E52_831cee7e7a3a549796e42b18,2.595053298307789,10.042846261792022,2.595053298307789,524.445203057942,560.9167693217765,830.061008532876,0.3040708837654974,0.009166666666666667,0.2523888888888889,0.5656264393210529,1.9943735606789477,0.823241737712171,437.65879516601564,0.0,0.0,437.65879516601564,565.3587951660156,6225.457563996571,359.5916748046875,30.0,734.445203057942,0.0,1,XB01_M009_G00,XB01_M009_G00,XB01,M009,2828.96875,3654.96875,826.0,2.595053298307789,0.0
E52_88c1c7aba1fcf94c58dad20e,6.019064826670956,9.497510042154289,6.019064826670956,536.2789293194231,567.6117931906797,884.5606754113072,0.3159978782232965,0.009166666666666667,0.2523888888888889,0.577553433778852,1.9824465662211486,0.8195145519441087,375.99436645507814,0.0,0.0,375.99436645507814,503.6943664550781,6634.205065584804,329.6845703125,30.0,746.2789293194231,0.0,1,XB01_M009_G00,XB01_M009_G00,XB01,M009,2828.96875,3654.96875,826.0,6.019064826670956,0.0
E52_924cec2d58c933358893a332,7.352343479023318,12.302862284422105,7.352343479023318,416.670444788364,448.9844576972996,639.4568121231148,0.23874762537865796,0.009166666666666667,0.2523888888888889,0.5003031809342136,2.059696819065787,0.8436552559580582,387.7681549072266,0.0,0.0,387.7681549072266,515.4681549072266,4795.926090923361,252.644287109375,30.0,626.670444788364,0.0,1,XB01_M009_G00,XB01_M009_G00,XB01,M009,2828.96875,3654.96875,826.0,7.352343479023318,0.0
E52_96da4f081c74d8211b4b244f,6.937264214523168,12.47027426673894,6.937264214523168,406.4445801679392,437.368205859671,627.3474061854878,0.23339590098708082,0.009166666666666667,0.2523888888888889,0.4949514565426364,2.065048543457364,0.8453276698304262,371.08350830078126,0.0,0.0,371.08350830078126,498.78350830078125,4705.105546391158,251.37640380859375,30.0,616.4445801679392,0.0,1,XB01_M009_G00,XB01_M009_G00,XB01,M009,2828.96875,3654.96875,826.0,6.937264214523168,0.0
E52_b45db00398315637fb020e5f,2.9857581937912556,10.742298629097064,2.9857581937912556,520.0993036420956,566.0861185224667,764.2777180019647,0.2932088546230577,0.009166666666666667,0.2523888888888889,0.5547644101786132,2.005235589821387,0.8266361218191833,551.8417785644531,0.0,0.0,551.8417785644531,679.5417785644531,5732.082885014735,386.71868896484375,30.0,730.0993036420956,0.0,1,XB01_M009_G00,XB01_M009_G00,XB01,M009,2828.96875,3654.96875,826.0,2.9857581937912556,0.0
E52_be69bdf55826f2eb34075d09,1.990666271520169,12.029424972929434,1.990666271520169,457.6877788138426,500.48965717077624,658.5642874860837,0.25604119113741575,0.009166666666666667,0.2523888888888889,0.5175967466929713,2.0424032533070293,0.8382510166584465,513.6225402832031,0.0,0.0,513.6225402832031,641.3225402832031,4939.232156145627,341.3225402832031,30.0,667.6877788138427,0.0,1,XB01_M009_G00,XB01_M009_G00,XB01,M009,2828.96875,3654.96875,826.0,1.990666271520169,0.0
E52_bfffb2993ede6e2e2bd9340b,5.25975548786549,13.053008949478723,5.25975548786549,400.85355156655817,436.85476820067277,585.6998033284289,0.22550922551216515,0.009166666666666667,0.2523888888888889,0.48706478106772066,2.0729352189322796,0.8477922559163373,432.014599609375,0.0,0.0,432.014599609375,559.714599609375,4392.748524963216,275.29461669921875,30.0,610.8535515665582,0.0,1,XB01_M009_G00,XB01_M009_G00,XB01,M009,2828.96875,3654.96875,826.0,5.25975548786549,0.0
E52_c515ea57360fd29f9add62f7,3.1934017791412828,10.649906727109496,3.1934017791412828,525.5980011021792,572.0554631586571,772.4512298654912,0.29632198385281766,0.009166666666666667,0.2523888888888889,0.5578775394083733,2.002122460591627,0.8256632689348834,557.4895446777343,0.0,0.0,557.4895446777343,685.1895446777344,5793.384223991184,393.3172912597656,30.0,735.5980011021792,0.0,1,XB01_M009_G00,XB01_M009_G00,XB01,M009,2828.96875,3654.96875,826.0,3.1934017791412828,0.0
E52_c98d1e580ba9a8920eeacbdb,2.3750792528131655,9.995636820319618,2.3750792528131655,531.3190315479533,569.3529452238973,834.4345810402425,0.30713490815373307,0.009166666666666667,0.2523888888888889,0.5686904637092887,1.9913095362907118,0.8222842300908473,456.40696411132814,0.0,0.0,456.40696411132814,584.1069641113281,6258.259357801819,362.73199462890625,30.0,741.3190315479533,0.0,1,XB01_M009_G00,XB01_M009_G00,XB01,M009,2828.96875,3654.96875,826.0,2.3750792528131655,0.0
E52_cdef0b479e00ae29ebd83132,7.9325443699087685,10.01648148125875,7.9325443699087685,520.0071121141804,554.5433095222207,832.7970397801186,0.3028799960747676,0.009166666666666667,0.2523888888888889,0.5644355516303232,1.9955644483696773,0.823613890115524,414.4343688964844,0.0,0.0,414.4343688964844,542.1343688964844,6245.977798350889,297.6476745605469,30.0,730.0071121141804,0.0,1,XB01_M009_G00,XB01_M009_G00,XB01,M009,2828.96875,3654.96875,826.0,7.9325443699087685,0.0
E52_d3460088443e86b69235cf2f,4.33701458107241,10.110906533633653,4.33701458107241,520.9986937965015,557.4049117530444,823.5600798537452,0.3019244763287566,0.009166666666666667,0.2523888888888889,0.5634800318843121,1.9965199681156884,0.8239124900361525,436.87461547851564,0.0,0.0,436.87461547851564,564.5746154785156,6176.700598903089,276.8628845214844,30.0,730.9986937965015,0.0,1,XB01_M009_G00,XB01_M009_G00,XB01,M009,2828.96875,3654.96875,826.0,4.33701458107241,0.0
E52_d7f1f5d49edaa9f52000c452,6.146184073429467,12.917919470378578,6.146184073429467,397.7633482290822,431.12867517406926,595.3347347882426,0.22577474843651651,0.009166666666666667,0.2523888888888889,0.48733030399207206,2.0726696960079285,0.8477092800024775,400.38392333984376,0.0,0.0,400.38392333984376,528.0839233398438,4465.010510911819,278.08392333984375,30.0,607.7633482290822,0.0,1,XB01_M009_G00,XB01_M009_G00,XB01,M009,2828.96875,3654.96875,826.0,6.146184073429467,0.0
E52_da1eeef61bb4fffd90feecd9,5.1098972412253545,11.577048041656667,5.1098972412253545,464.4321692173844,503.4661769891943,694.6602918039094,0.2635518155735283,0.009166666666666667,0.2523888888888889,0.5251073711290839,2.0348926288709164,0.8359039465221613,468.40809326171876,0.0,0.0,468.40809326171876,596.1080932617188,5209.952188529321,322.9142761230469,30.0,674.4321692173844,0.0,1,XB01_M009_G00,XB01_M009_G00,XB01,M009,2828.96875,3654.96875,826.0,5.1098972412253545,0.0
E52_dbe1bedc9b83d29f34556dbd,6.244700193731603,13.016499113861627,6.244700193731603,387.86022911882606,419.0031732004504,588.862793747906,0.22133620210273125,0.009166666666666667,0.2523888888888889,0.4828917576582868,2.0771082423417138,0.8490963257317854,373.7153289794922,0.0,0.0,373.7153289794922,501.4153289794922,4416.470953109295,232.19436645507812,30.0,597.860229118826,0.0,1,XB01_M009_G00,XB01_M009_G00,XB01,M009,2828.96875,3654.96875,826.0,6.244700193731603,0.0
E52_eb490529b308e18523949520,7.558875109955238,12.235001379754962,7.558875109955238,417.9327582223269,449.8180932544721,644.5535062517828,0.23991836791670462,0.009166666666666667,0.2523888888888889,0.5014739234722602,2.0585260765277402,0.8432893989149187,382.6240203857422,0.0,0.0,382.6240203857422,510.3240203857422,4834.151296888371,255.67149353027344,30.0,627.9327582223269,0.0,1,XB01_M009_G00,XB01_M009_G00,XB01,M009,2828.96875,3654.96875,826.0,7.558875109955238,0.0
E52_ede4029bd5e695a7a0c85289,6.159100800556587,12.925612211179384,6.159100800556587,385.2633482290822,414.4620085074026,595.3347347882426,0.22132921844037454,0.009166666666666667,0.2523888888888889,0.4828847739959301,2.0771152260040706,0.8490985081262719,350.38392333984376,0.0,0.0,350.38392333984376,478.08392333984375,4465.010510911819,278.08392333984375,30.0,595.2633482290822,0.0,1,XB01_M009_G00,XB01_M009_G00,XB01,M009,2828.96875,3654.96875,826.0,6.159100800556587,0.0
E52_ef8fa59407d07a2296b5f591,9.208656615521534,0.3151276047193221,0.3151276047193221,505.85939793409244,540.3898465933535,804.5361039126185,0.29384606362066074,0.009166666666666667,0.2523888888888889,0.5554016191762163,2.004598380823784,0.8264369940074324,414.3653839111328,0.0,0.0,414.3653839111328,542.0653839111328,6034.020779344639,284.8677062988281,30.0,715.8593979340924,0.0,1,XB01_M009_G00,XB01_M009_G00,XB01,M009,2828.96875,3654.96875,826.0,0.3151276047193221,0.0
E52_fd527d975e1813662620f82c,1.8183366490410862,12.45056667278017,1.8183366490410862,418.2192341110554,452.9085204066283,628.3027504486734,0.23771876612520712,0.009166666666666667,0.2523888888888889,0.4992743216807627,2.060725678319238,0.8439767744747617,416.271435546875,0.0,0.0,416.271435546875,543.971435546875,4712.2706283650505,306.8754577636719,30.0,628.2192341110554,0.0,1,XB01_M009_G00,XB01_M009_G00,XB01,M009,2828.96875,3654.96875,826.0,1.8183366490410862,0.0
E52_01234cac2d25748209cb57e8,0.2621350880685327,5.963634638729843,0.2621350880685327,275.78386787661753,295.55487261701467,419.772700963196,0.15719547582798327,0.009166666666666667,0.1300138888888889,0.29637603138353885,2.2636239686164616,0.9073824901926442,248.53977661132814,11.2877197265625,11.2877197265625,248.53977661132814,376.2397766113281,3148.2952572239697,326.2397766113281,30.0,485.78386787661753,0.0,1,XB01_M010_G00,XB01_M010_G00,XB01,M010,2572.40625,2997.90625,425.5,0.2621350880685327,0.0
E52_06eb0baa948af7ff52881bcf,11.34921240453653,16.258674653736037,11.34921240453653,296.7597053393259,328.36499963050426,403.88764493158146,0.16274021246714285,0.009166666666666667,0.1300138888888889,0.3019207680226984,2.258079231977302,0.9056497599929068,379.26353149414064,0.0,0.0,379.26353149414064,506.9635314941406,3029.157336986861,306.9635314941406,30.0,506.7597053393259,0.0,1,XB01_M010_G00,XB01_M010_G00,XB01,M010,2572.40625,2997.90625,425.5,11.34921240453653,0.0
E52_0c9d91fc306062a18ada9948,10.190425106668542,15.697900697510477,10.190425106668542,331.42241999480143,370.2725110389095,429.7442937249544,0.1787296459836012,0.009166666666666667,0.1300138888888889,0.3179102015391567,2.2420897984608437,0.9006530620190135,466.2010925292969,0.0,0.0,466.2010925292969,593.9010925292969,3223.082202937158,326.7436828613281,30.0,541.4224199948014,0.0,1,XB01_M010_G00,XB01_M010_G00,XB01,M010,2572.40625,2997.90625,425.5,10.190425106668542,0.0
E52_189eb019491ad876aa165071,14.62560917721207,3.8094716871601975,3.8094716871601975,403.09916814168594,448.35288467407526,534.676037089036,0.21908171065325852,0.009166666666666667,0.1300138888888889,0.3582622662088141,2.2017377337911865,0.8880430418097456,543.0445983886718,0.0,0.0,543.0445983886718,670.7445983886719,4010.07027816777,391.87322998046875,30.0,613.0991681416859,0.0,1,XB01_M010_G00,XB01_M010_G00,XB01,M010,2572.40625,2997.90625,425.5,3.8094716871601975,0.0
E52_1eac4bbcd37cec5d48241661,0.22059627934990544,6.04580255430777,0.22059627934990544,275.66392246828667,298.30930922772677,415.4555243799327,0.1568759382441215,0.009166666666666667,0.1300138888888889,0.296056493799677,2.2639435062003237,0.9074823456876009,271.74464111328126,0.0,0.0,271.74464111328126,399.44464111328125,3115.9164328494953,326.2397766113281,30.0,485.66392246828667,0.0,1,XB01_M010_G00,XB01_M010_G00,XB01,M010,2572.40625,2997.90625,425.5,0.22059627934990544,0.0
E52_214ce9a3b3bd3fa9c582335a,9.466834534918547,15.138353346483314,9.466834534918547,331.46735474952504,365.31699057309277,459.8368945576438,0.1830074384559416,0.009166666666666667,0.1300138888888889,0.32218799401149717,2.2378120059885034,0.8993162518714072,406.1956298828125,0.0,0.0,406.1956298828125,533.8956298828125,3448.7767091823284,283.8956298828125,30.0,541.467354749525,0.0,1,XB01_M010_G00,XB01_M010_G00,XB01,M010,2572.40625,2997.90625,425.5,9.466834534918547,0.0
E52_231555d7070bcf1a0911e332,10.270015299215657,5.981962334569488,5.981962334569488,303.4113952968874,335.0249979987103,417.14117438283733,0.1669828432889251,0.009166666666666667,0.1300138888888889,0.3061633988444806,2.2538366011555198,0.9043239378610998,379.363232421875,0.0,0.0,379.363232421875,507.063232421875,3128.55880787128,326.2397766113281,30.0,513.4113952968873,0.0,1,XB01_M010_G00,XB01_M010_G00,XB01,M010,2572.40625,2997.90625,425.5,5.981962334569488,0.0
E52_231de36c6439da832299e30f,11.086036405358143,16.451156269229884,11.086036405358143,336.2639482811268,383.1573412254627,391.1675388962379,0.1749881335365896,0.009166666666666667,0.1300138888888889,0.3141686890921451,2.2458313109078554,0.9018222846587046,562.7207153320312,0.0,0.0,562.7207153320312,690.4207153320312,2933.7565417217843,390.42071533203125,30.0,546.2639482811268,0.0,1,XB01_M010_G00,XB01_M010_G00,XB01,M010,2572.40625,2997.90625,425.5,11.086036405358143,0.0
E52_246111a1ef063bec9e89ec9e,22.039466879428943,13.03223549741864,13.03223549741864,413.11352328410356,453.07003166626504,586.4879962752384,0.22998101771643822,0.009166666666666667,0.1300138888888889,0.3691615732719938,2.1908384267280065,0.8846370083525019,479.4781005859375,0.0,0.0,479.4781005859375,607.1781005859375,4398.659972064288,469.28277587890625,30.0,623.1135232841036,0.0,1,XB01_M010_G00,XB01_M010_G00,XB01,M010,2572.40625,2997.90625,425.5,13.03223549741864,0.0
E52_27bf01e9e990859ae5993708,10.242823238504869,15.932490639468014,10.242823238504869,318.6138217216496,355.0514931287134,418.60161500091635,0.17259630304263499,0.009166666666666667,0.1300138888888889,0.31177685859819054,2.24822314140181,0.9025697316880654,437.25205688476564,0.0,0.0,437.25205688476564,564.9520568847656,3139.5121125068727,326.2397766113281,30.0,528.6138217216496,0.0,1,XB01_M010_G00,XB01_M010_G00,XB01,M010,2572.40625,2997.90625,425.5,10.242823238504869,0.0
E52_27bf1882d0e1a812c8450c72,10.928491222917913,16.18675851321828,10.928491222917913,334.03154784809436,377.9609795090644,404.48650573036844,0.17608047258726683,0.009166666666666667,0.1300138888888889,0.3152610281428224,2.244738971857178,0.901480928705368,527.1531799316406,0.0,0.0,527.1531799316406,654.8531799316406,3033.648792977763,359.1753845214844,30.0,544.0315478480943,0.0,1,XB01_M010_G00,XB01_M010_G00,XB01,M010,2572.40625,2997.90625,425.5,10.928491222917913,0.0
E52_27fdcb9bc2da20af468e67a1,9.646877129001766,15.630401191469062,9.646877129001766,333.5201066466774,372.5049327982074,433.1312563841751,0.1799553449394086,0.009166666666666667,0.1300138888888889,0.31913590049496415,2.2408640995050364,0.9002700310953237,467.8179138183594,0.0,0.0,467.8179138183594,595.5179138183594,3248.4844228813135,322.1230773925781,30.0,543.5201066466774,0.0,1,XB01_M010_G00,XB01_M010_G00,XB01,M010,2572.40625,2997.90625,425.5,9.646877129001766,0.0
E52_2d7a36258a59c18fc6a856bf,9.861556805186666,16.662039037059316,9.861556805186666,318.72117968179435,361.17160743651436,382.73979283526836,0.16755561647288383,0.009166666666666667,0.1300138888888889,0.3067361720284394,2.253263827971561,0.9041449462411126,509.40513305664064,0.0,0.0,509.40513305664064,637.1051330566406,2870.5484462645127,346.4301452636719,30.0,528.7211796817944,0.0,1,XB01_M010_G00,XB01_M010_G00,XB01,M010,2572.40625,2997.90625,425.5,9.861556805186666,0.0
E52_347c51b45a583dd4c5a4aad0,9.521847588664372,10.359339260709504,9.521847588664372,545.8106765870443,594.6474365357748,798.6007934817058,0.3072138543106079,0.009166666666666667,0.1300138888888889,0.4463944098661634,2.113605590133837,0.8605017469168239,586.0411193847656,0.0,0.0,586.0411193847656,713.7411193847656,5989.505951112793,425.30462646484375,30.0,755.8106765870443,0.0,1,XB01_M010_G00,XB01_M010_G00,XB01,M010,2572.40625,2997.90625,425.5,9.521847588664372,0.0
E52_3a94b6482baa2cfaba8a857d,10.380551441773832,16.425448776817632,10.380551441773832,326.01303055755295,369.111023518165,393.4381033514341,0.17166403726355467,0.009166666666666667,0.1300138888888889,0.31084459281911025,2.2491554071808904,0.902861064744028,517.1759155273437,0.0,0.0,517.1759155273437,644.8759155273438,2950.785775135756,352.4370422363281,30.0,536.013030557553,0.0,1,XB01_M010_G00,XB01_M010_G00,XB01,M010,2572.40625,2997.90625,425.5,10.380551441773832,0.0
E52_437c6a333219b14c3939f26c,0.2912053202005609,6.0194831627628105,0.2912053202005609,277.09771274073506,296.211315442558,417.14117438283733,0.1570562493971614,0.009166666666666667,0.1300138888888889,0.296236804952717,2.2637631950472836,0.9074259984522759,248.53977661132814,19.176544189453125,19.176544189453125,248.53977661132814,376.2397766113281,3128.55880787128,326.2397766113281,30.0,487.09771274073506,0.0,1,XB01_M010_G00,XB01_M010_G00,XB01,M010,2572.40625,2997.90625,425.5,0.2912053202005609,0.0
E52_47db2d0d55c92154c779a4c9,11.176286595238821,16.45726286038159,11.176286595238821,312.62709924858126,351.3219092257948,393.08533863388124,0.16685347284684848,0.009166666666666667,0.1300138888888889,0.306034028402404,2.2539659715975966,0.9043643661242488,464.3377197265625,0.0,0.0,464.3377197265625,592.0377197265625,2948.1400397541092,295.61395263671875,30.0,522.6270992485813,0.0,1,XB01_M010_G00,XB01_M010_G00,XB01,M010,2572.40625,2997.90625,425.5,11.176286595238821,0.0
E52_60b0dc656c777ee2cc2279b1,8.901699406656377,0.21315146591224732,0.21315146591224732,563.4362729251038,615.9641949832094,811.705013501575,0.3153381258454166,0.009166666666666667,0.1300138888888889,0.4545186814009722,2.105481318599028,0.8579629120621962,630.3350646972656,0.0,0.0,630.3350646972656,758.0350646972656,6087.787601261813,495.9024353027344,30.0,773.4362729251038,0.0,1,XB01_M010_G00,XB01_M010_G00,XB01,M010,2572.40625,2997.90625,425.5,0.21315146591224732,0.0
E52_6aa461eda22a4c53e6730e81,0.26027333458110036,6.478254834226846,0.26027333458110036,265.8104536255181,288.3542041341444,395.1560268799425,0.15046620221455187,0.009166666666666667,0.1300138888888889,0.2896467577701074,2.270353242229893,0.9094853881968414,271.555615234375,1.030609130859375,1.030609130859375,271.555615234375,399.255615234375,2963.670201599569,349.255615234375,30.0,475.8104536255181,0.0,1,XB01_M010_G00,XB01_M010_G00,XB01,M010,2572.40625,2997.90625,425.5,0.26027333458110036,0.0
E52_6dc095df8eb6475486134b5c,20.928428051823985,12.905188948092743,12.905188948092743,424.06014837873875,466.2734748964797,594.8403376510322,0.23505698741925235,0.009166666666666667,0.1300138888888889,0.37423754297480794,2.1857624570251923,0.8830507678203725,506.55991821289064,0.0,0.0,506.55991821289064,634.2599182128906,4461.302532382741,440.2059631347656,30.0,634.0601483787387,0.0,1,XB01_M010_G00,XB01_M010_G00,XB01,M010,2572.40625,2997.90625,425.5,12.905188948092743,0.0
E52_73baea82bbbffa2db9d7426a,10.241631917232525,5.711384152670419,5.711384152670419,297.3854850658978,324.64222792478455,431.2305129784753,0.16683515196021612,0.009166666666666667,0.1300138888888889,0.3060157075157717,2.253984292484229,0.9043700914013213,327.08091430664064,0.0,0.0,327.08091430664064,454.7809143066406,3234.2288473385647,335.390380859375,30.0,507.3854850658978,0.0,1,XB01_M010_G00,XB01_M010_G00,XB01,M010,2572.40625,2997.90625,425.5,5.711384152670419,0.0
E52_74b3fb0a4920873efc33101b,1.2602427488312316,6.525083879148042,1.2602427488312316,262.62709924858126,284.6552425591281,393.08533863388124,0.14907135286228057,0.009166666666666667,0.1300138888888889,0.2882519084178361,2.2717480915821646,0.9099212786194262,264.3377197265625,0.0,0.0,264.3377197265625,392.0377197265625,2948.1400397541092,295.61395263671875,30.0,472.62709924858126,0.0,1,XB01_M010_G00,XB01_M010_G00,XB01,M010,2572.40625,2997.90625,425.5,1.2602427488312316,0.0
E52_82c821a5773d0bfbe554f10a,7.031282900672025,11.397135806608844,7.031282900672025,512.9354114719376,566.0737563002253,707.0407539741487,0.2825549862639304,0.009166666666666667,0.1300138888888889,0.4217355418194859,2.1382644581805144,0.8682076431814106,637.6601379394531,0.0,0.0,637.6601379394531,765.3601379394531,5302.805654806116,465.3601379394531,30.0,722.9354114719376,0.0,1,XB01_M010_G00,XB01_M010_G00,XB01,M010,2572.40625,2997.90625,425.5,7.031282900672025,0.0
E52_8ca7795ffa642a3b129c0a3d,10.116181077439208,15.730152054416479,10.116181077439208,330.94608252023,369.9122522589995,428.0951466078428,0.17832668261553564,0.009166666666666667,0.1300138888888889,0.31750723817109117,2.242492761828909,0.900778988071534,467.5940368652344,0.0,0.0,467.5940368652344,595.2940368652344,3210.713599558821,335.390380859375,30.0,540.94608252023,0.0,1,XB01_M010_G00,XB01_M010_G00,XB01,M010,2572.40625,2997.90625,425.5,10.116181077439208,0.0
E52_8d375985c45fff9288668cb3,10.94719854612093,16.222123863058812,10.94719854612093,353.99602207193686,405.21742048909175,400.663653640944,0.182639281392285,0.009166666666666667,0.1300138888888889,0.32181983694784055,2.23818016305216,0.8994313009537999,614.6567810058593,0.0,0.0,614.6567810058593,742.3567810058594,3004.97740230708,442.3567810058594,30.0,563.9960220719369,0.0,1,XB01_M010_G00,XB01_M010_G00,XB01,M010,2572.40625,2997.90625,425.5,10.94719854612093,0.0
E52_9026ce0d2a5dd9a75ef73c8e,0.8353766427972573,6.720084116703532,0.8353766427972573,248.61637070099954,267.37077642202814,384.70630707582717,0.14290187810434732,0.009166666666666667,0.1300138888888889,0.2820824336599029,2.2779175663400975,0.9118492394812804,225.05286865234376,0.0,0.0,225.05286865234376,352.75286865234375,2885.297303068704,302.75286865234375,30.0,458.61637070099954,0.0,1,XB01_M010_G00,XB01_M010_G00,XB01,M010,2572.40625,2997.90625,425.5,0.8353766427972573,0.0
E52_9b18c2085562c5280ea1e394,8.55753401962643,0.02697066595830222,0.02697066595830222,563.4972144032131,613.0086493397365,829.9258191872856,0.3179402888393461,0.009166666666666667,0.1300138888888889,0.45712084439490164,2.1028791556050987,0.8571497361265933,594.1372192382812,0.0,0.0,594.1372192382812,721.8372192382812,6224.443643904642,487.8569030761719,30.0,773.4972144032131,0.0,1,XB01_M010_G00,XB01_M010_G00,XB01,M010,2572.40625,2997.90625,425.5,0.02697066595830222,0.0
E52_a1af1f4ab7d520e82e20be53,8.936151943099347,0.45430012492889205,0.45430012492889205,547.7224457312177,598.7128286250978,789.5025940991541,0.30660524396013417,0.009166666666666667,0.1300138888888889,0.44578579951568975,2.1142142004843105,0.860691937651347,611.8845947265625,0.0,0.0,611.8845947265625,739.5845947265625,5921.269455743655,492.6366271972656,30.0,757.7224457312177,0.0,1,XB01_M010_G00,XB01_M010_G00,XB01,M010,2572.40625,2997.90625,425.5,0.45430012492889205,0.0
E52_afb1e3673ff3adbe9c45b8fc,0.714524932493859,6.956106286850726,0.714524932493859,250.21040235058808,271.27175132926646,374.0527108291059,0.1419599864782851,0.009166666666666667,0.1300138888888889,0.28114054203384065,2.27885945796616,0.9121435806144248,252.73618774414064,0.0,0.0,252.73618774414064,380.4361877441406,2805.395331218294,291.6474609375,30.0,460.2104023505881,0.0,1,XB01_M010_G00,XB01_M010_G00,XB01,M010,2572.40625,2997.90625,425.5,0.714524932493859,0.0
E52_b60e4d2a4cdcd5801a5d757f,9.6910339592972,16.480566458341656,9.6910339592972,308.26023760270465,345.626388522301,392.32356968783114,0.16519254750221457,0.009166666666666667,0.1300138888888889,0.3043731030577701,2.25562689694223,0.9048834052944469,448.39381103515626,0.0,0.0,448.39381103515626,576.0938110351562,2942.4267726587336,326.2397766113281,30.0,518.2602376027046,0.0,1,XB01_M010_G00,XB01_M010_G00,XB01,M010,2572.40625,2997.90625,425.5,9.6910339592972,0.0
E52_b8aeee13ee5f313ffdb298e7,9.261635745564107,0.32052137756616617,0.32052137756616617,550.9628084392909,600.9445446860357,802.0351993981131,0.309532562555218,0.009166666666666667,0.1300138888888889,0.4487131181107735,2.111286881889227,0.8597771505903833,599.7808349609375,0.0,0.0,599.7808349609375,727.4808349609375,6015.263995485849,485.42230224609375,30.0,760.9628084392909,0.0,1,XB01_M010_G00,XB01_M010_G00,XB01,M010,2572.40625,2997.90625,425.5,0.32052137756616617,0.0
E52_c0294c7ff44d44fc4ede8d97,9.63131941890856,16.7256600789149,9.63131941890856,316.70783025924425,358.9570632507807,379.92026256926977,0.16644027302831577,0.009166666666666667,0.1300138888888889,0.3056208285838713,2.2543791714161294,0.9044934910675402,506.9907958984375,0.0,0.0,506.9907958984375,634.6907958984375,2849.4019692695233,334.6907958984375,30.0,526.7078302592442,0.0,1,XB01_M010_G00,XB01_M010_G00,XB01,M010,2572.40625,2997.90625,425.5,9.63131941890856,0.0
E52_c10a50247c57c0340b451298,22.711241293271357,3.1495087650690863,3.1495087650690863,410.4813485396202,450.8988478275434,578.4577013517014,0.22790762835174688,0.009166666666666667,0.1300138888888889,0.36708818390730247,2.192911816092698,0.8852849425289679,485.00999145507814,0.0,0.0,485.00999145507814,612.7099914550781,4338.432760137761,515.4917602539062,30.0,620.4813485396203,0.0,1,XB01_M010_G00,XB01_M010_G00,XB01,M010,2572.40625,2997.90625,425.5,3.1495087650690863,0.0
E52_c117f06f984d58b2275e6c48,9.540380853099464,0.365836005255062,0.365836005255062,533.3106765870443,577.980769869108,798.6007934817058,0.30276832431446593,0.009166666666666667,0.1300138888888889,0.4419488798700215,2.118051120129979,0.8618909750406183,536.0411193847656,0.0,0.0,536.0411193847656,663.7411193847656,5989.505951112793,425.30462646484375,30.0,743.3106765870443,0.0,1,XB01_M010_G00,XB01_M010_G00,XB01,M010,2572.40625,2997.90625,425.5,0.365836005255062,0.0
E52_d22cbe82615c6d2ee0ebf49f,10.18232641347295,15.758568264926964,10.18232641347295,318.17309843891866,352.9726015110215,427.5491784452201,0.1737067461230003,0.009166666666666667,0.1300138888888889,0.31288730167855583,2.2471126983214447,0.9022227182254513,417.5940368652344,0.0,0.0,417.5940368652344,545.2940368652344,3206.618838339151,335.390380859375,30.0,528.1730984389187,0.0,1,XB01_M010_G00,XB01_M010_G00,XB01,M010,2572.40625,2997.90625,425.5,10.18232641347295,0.0
E52_d6d1511afdebb88632549a71,11.95681392735753,16.177909036830457,11.95681392735753,342.76879390848103,389.67749650450963,404.08537224079015,0.1791309979165653,0.009166666666666667,0.1300138888888889,0.31831155347212087,2.2416884465278795,0.9005276395399622,562.9044311523437,0.0,0.0,562.9044311523437,690.6044311523438,3030.640291805926,390.60443115234375,30.0,552.768793908481,0.0,1,XB01_M010_G00,XB01_M010_G00,XB01,M010,2572.40625,2997.90625,425.5,11.95681392735753,0.0
E52_dbec4f1422e98765afb262aa,10.873853311460351,16.38523852602286,10.873853311460351,322.5402116809159,364.1002534899979,395.72017250733956,0.1707521496628321,0.009166666666666667,0.1300138888888889,0.30993270521838767,2.250067294781613,0.9031460296192538,498.7205017089844,0.0,0.0,498.7205017089844,626.4205017089844,2967.901293805047,326.4205017089844,30.0,532.540211680916,0.0,1,XB01_M010_G00,XB01_M010_G00,XB01,M010,2572.40625,2997.90625,425.5,10.873853311460351,0.0
E52_dd12fb0cc4aee52816704b73,9.45751220822487,0.5498680641518376,0.5498680641518376,547.6210002825783,600.0718247658139,780.5370536657424,0.3052994367315811,0.009166666666666667,0.1300138888888889,0.44447999228713664,2.1155200077128637,0.8611000024102698,629.4098937988281,0.0,0.0,629.4098937988281,757.1098937988281,5854.027902493068,543.108642578125,30.0,757.6210002825783,0.0,1,XB01_M010_G00,XB01_M010_G00,XB01,M010,2572.40625,2997.90625,425.5,0.5498680641518376,0.0
E52_de2c36302e014a6d0284c896,10.188846349369086,15.994052628622484,10.188846349369086,325.41177480357015,364.7238282296769,414.95122905049965,0.1744969638873427,0.009166666666666667,0.1300138888888889,0.31367751944289823,2.2463224805571023,0.9019757751740943,471.74464111328126,0.0,0.0,471.74464111328126,599.4446411132812,3112.134217878747,325.15069580078125,30.0,535.4117748035701,0.0,1,XB01_M010_G00,XB01_M010_G00,XB01,M010,2572.40625,2997.90625,425.5,10.188846349369086,0.0
E52_e0325aad0b87e7c07e10fc2c,0.28996646702546514,5.987785159048158,0.28996646702546514,275.1983248954777,294.96932963587483,418.60161500091635,0.15682137892336617,0.009166666666666667,0.1300138888888889,0.29600193447892176,2.2639980655210787,0.907499395475337,248.53977661132814,11.2877197265625,11.2877197265625,248.53977661132814,376.2397766113281,3139.5121125068727,326.2397766113281,30.0,485.1983248954777,0.0,1,XB01_M010_G00,XB01_M010_G00,XB01,M010,2572.40625,2997.90625,425.5,0.28996646702546514,0.0
E52_e0cd6bab1a22c4530d9a254c,0.9640200639559708,6.471069764274475,0.9640200639559708,260.0402116809159,280.7669201566646,395.72017250733956,0.14852449968212222,0.009166666666666667,0.1300138888888889,0.28770505523767775,2.2722949447623226,0.9100921702382258,248.7205017089844,0.0,0.0,248.7205017089844,376.4205017089844,2967.901293805047,326.4205017089844,30.0,470.0402116809159,0.0,1,XB01_M010_G00,XB01_M010_G00,XB01,M010,2572.40625,2997.90625,425.5,0.9640200639559708,0.0
E52_ea76d341ab82f2ebc1fa1efe,0.2590687234203841,6.056283714240493,0.2590687234203841,275.41177480357015,298.05716156301025,414.95122905049965,0.15671484390277482,0.009166666666666667,0.1300138888888889,0.2958953994583304,2.2641046005416703,0.9075326876692718,271.74464111328126,0.0,0.0,271.74464111328126,399.44464111328125,3112.134217878747,325.15069580078125,30.0,485.41177480357015,0.0,1,XB01_M010_G00,XB01_M010_G00,XB01,M010,2572.40625,2997.90625,425.5,0.2590687234203841,0.0
E52_f2fabdd802684ffd17ed2273,0.6936377613534717,16.925225818485302,0.6936377613534717,275.2104023505881,304.60508466259984,374.0527108291059,0.15085104647056902,0.009166666666666667,0.1300138888888889,0.29003160202612455,2.269968397973876,0.9093651243668361,352.73618774414064,0.0,0.0,352.73618774414064,480.4361877441406,2805.395331218294,291.6474609375,30.0,485.2104023505881,0.0,1,XB01_M010_G00,XB01_M010_G00,XB01,M010,2572.40625,2997.90625,425.5,0.6936377613534717,0.0
E52_060143e4033ea7dfc142ce26,6.23446973686174,13.051384290227645,6.23446973686174,390.52156568077555,422.97629514244545,586.3147545915316,0.2219218246513189,0.009166666666666667,0.2445399305555556,0.47562842187354115,2.0843715781264596,0.8513661181645185,389.4567535400391,0.0,0.0,389.4567535400391,517.1567535400391,4397.360659436487,293.1027526855469,30.0,600.5215656807756,0.0,1,XB01_M011_G00,XB01_M011_G00,XB01,M011,2301.40625,3101.71875,800.3125,6.23446973686174,0.0
E52_0c56c0f390b777971f9a7e58,4.866826508382303,2.1743859331465814,2.1743859331465814,461.3120930283848,507.24512830670517,647.0259743868478,0.2556960576036008,0.009166666666666667,0.2445399305555556,0.509402654825823,2.0505973451741775,0.8408116703669303,551.1964233398437,0.0,0.0,551.1964233398437,678.8964233398438,4852.694807901358,431.4708251953125,30.0,671.3120930283849,0.0,1,XB01_M011_G00,XB01_M011_G00,XB01,M011,2301.40625,3101.71875,800.3125,2.1743859331465814,0.0
E52_0f45fcab7c66cb90fa618929,6.225159710310805,12.721246579688795,6.225159710310805,427.8988653120833,469.21977900837237,607.8722484464322,0.23826781941132907,0.009166666666666667,0.2445399305555556,0.49197441663355135,2.068025583366449,0.8462579948020152,495.85096435546876,0.0,0.0,495.85096435546876,623.5509643554688,4559.041863348241,326.6978454589844,30.0,637.8988653120832,0.0,1,XB01_M011_G00,XB01_M011_G00,XB01,M011,2301.40625,3101.71875,800.3125,6.225159710310805,0.0
E52_0fa03b8d9ed736d48919c1b7,9.041566526676078,11.555158541579928,9.041566526676078,469.53189880990186,510.00510285042924,696.2245733766397,0.2655870342753843,0.009166666666666667,0.2445399305555556,0.5192936314976065,2.040706368502394,0.8377207401569979,485.67844848632814,0.0,0.0,485.67844848632814,613.3784484863281,5221.684300324798,318.1667785644531,30.0,679.5318988099018,0.0,1,XB01_M011_G00,XB01_M011_G00,XB01,M011,2301.40625,3101.71875,800.3125,9.041566526676078,0.0
E52_12b142f00e8cb4e3948f96c2,6.158926941785182,12.991659521749298,6.158926941785182,402.5936730780369,438.4739485500421,589.9056933240425,0.22672373828986628,0.009166666666666667,0.2445399305555556,0.4804303355120885,2.079569664487912,0.8498655201524723,430.5633056640625,0.0,0.0,430.5633056640625,558.2633056640625,4424.292699930319,284.7546081542969,30.0,612.5936730780369,0.0,1,XB01_M011_G00,XB01_M011_G00,XB01,M011,2301.40625,3101.71875,800.3125,6.158926941785182,0.0
E52_132fcaf6d631eae41e83e018,1.5759565138826304,12.621037374336296,1.5759565138826304,466.52713400648173,519.919143487276,612.7022111281979,0.2526897045720101,0.009166666666666667,0.2445399305555556,0.5063963017942323,2.053603698205768,0.8417511556893024,640.7041137695312,0.0,0.0,640.7041137695312,768.4041137695312,4595.266583461484,468.40411376953125,30.0,676.5271340064817,0.0,1,XB01_M011_G00,XB01_M011_G00,XB01,M011,2301.40625,3101.71875,800.3125,1.5759565138826304,0.0
E52_154bbd26b7808edf72eaa410,0.7291434862026591,13.235683344326844,0.7291434862026591,444.90797820490957,498.19814035497467,570.0749835094285,0.23896400983981742,0.009166666666666667,0.2445399305555556,0.4926706070620397,2.067329392937961,0.8460404352931126,639.4819458007812,0.0,0.0,639.4819458007812,767.1819458007812,4275.562376320714,467.18194580078125,30.0,654.9079782049096,0.0,1,XB01_M011_G00,XB01_M011_G00,XB01,M011,2301.40625,3101.71875,800.3125,0.7291434862026591,0.0
E52_29c9aa5399273a7ee24bceb6,9.102344682225166,11.583777919859742,9.102344682225166,451.9321692173844,486.7995103225277,694.6602918039094,0.2591062855773863,0.009166666666666667,0.2445399305555556,0.5128128827996086,2.0471871172003917,0.8397459741251223,418.40809326171876,0.0,0.0,418.40809326171876,546.1080932617188,5209.952188529321,322.9142761230469,30.0,661.9321692173844,0.0,1,XB01_M011_G00,XB01_M011_G00,XB01,M011,2301.40625,3101.71875,800.3125,9.102344682225166,0.0
E52_2d291a2169e36d61d7bf7582,0.9713488889093327,12.790365797832976,0.9713488889093327,470.3839036593983,527.1993216484933,599.8752993842263,0.25224474652706685,0.009166666666666667,0.2445399305555556,0.5059513437492891,2.0540486562507114,0.8418902050783472,681.7850158691406,0.0,0.0,681.7850158691406,809.4850158691406,4499.064745381697,509.4850158691406,30.0,680.3839036593984,0.0,1,XB01_M011_G00,XB01_M011_G00,XB01,M011,2301.40625,3101.71875,800.3125,0.9713488889093327,0.0
E52_32cd7932ac3bc8f6e82bd016,6.395317050697628,12.531399030736651,6.395317050697628,433.33722088021847,474.19552115284216,621.5246401246948,0.24213542524196421,0.009166666666666667,0.2445399305555556,0.4958420224641865,2.064157977535814,0.8450493679799418,490.2996032714844,0.0,0.0,490.2996032714844,617.9996032714844,4661.434800935211,324.9372863769531,30.0,643.3372208802184,0.0,1,XB01_M011_G00,XB01_M011_G00,XB01,M011,2301.40625,3101.71875,800.3125,6.395317050697628,0.0
E52_3322673a66874be8fb5ff9e0,6.079752587594399,12.93559360833251,6.079752587594399,392.2739001975914,423.9757012433271,594.3369941207687,0.2236811646950203,0.009166666666666667,0.2445399305555556,0.4773877619172425,2.082612238082758,0.8508163244008617,380.42161254882814,0.0,0.0,380.42161254882814,508.1216125488281,4457.527455905765,308.1216125488281,30.0,602.2739001975914,0.0,1,XB01_M011_G00,XB01_M011_G00,XB01,M011,2301.40625,3101.71875,800.3125,6.079752587594399,0.0
E52_4513f74e4ba51c209cccc792,7.979376458962946,9.790974506635663,7.979376458962946,548.6050089915749,589.1156759023821,854.1460165183059,0.3160741321008959,0.009166666666666667,0.2445399305555556,0.5697807293231182,1.9902192706768824,0.8219435220865255,486.1280029296875,0.0,0.0,486.1280029296875,613.8280029296875,6406.095123887295,391.8226318359375,30.0,758.6050089915749,0.0,1,XB01_M011_G00,XB01_M011_G00,XB01,M011,2301.40625,3101.71875,800.3125,7.979376458962946,0.0
E52_575c4f100493de938643a13d,5.145316592407042,2.099203328999508,2.099203328999508,470.05405043895155,518.0123847895375,652.3580947743875,0.259560220504969,0.009166666666666667,0.2445399305555556,0.5132668177271913,2.046733182272809,0.8396041194602527,575.5000122070312,0.0,0.0,575.5000122070312,703.2000122070312,4892.685710807907,437.3766174316406,30.0,680.0540504389515,0.0,1,XB01_M011_G00,XB01_M011_G00,XB01,M011,2301.40625,3101.71875,800.3125,2.099203328999508,0.0
E52_67646c2afbeb5602853e5a9c,6.068421082484775,12.927232110573698,6.068421082484775,404.7739001975914,440.6423679099937,594.3369941207687,0.22812669469116229,0.009166666666666667,0.2445399305555556,0.48183329191338453,2.078166708086616,0.8494270962770674,430.42161254882814,0.0,0.0,430.42161254882814,558.1216125488281,4457.527455905765,308.1216125488281,30.0,614.7739001975914,0.0,1,XB01_M011_G00,XB01_M011_G00,XB01,M011,2301.40625,3101.71875,800.3125,6.068421082484775,0.0
E52_7e4744117cf2a1b6b8665ab3,1.1880430529864014,12.590569849682154,1.1880430529864014,474.82609328547096,530.7107225986219,614.3444106920357,0.25587373999544005,0.009166666666666667,0.2445399305555556,0.5095803372176623,2.050419662782338,0.8407561446194806,670.6155517578125,0.0,0.0,670.6155517578125,798.3155517578125,4607.5830801902675,498.3155517578125,30.0,684.826093285471,0.0,1,XB01_M011_G00,XB01_M011_G00,XB01,M011,2301.40625,3101.71875,800.3125,1.1880430529864014,0.0
E52_a0032802edd73d232f2c84c2,1.7992292978925093,12.395809404549922,1.7992292978925093,482.4923087567502,538.5719606529091,628.5067061365473,0.26060588149401487,0.009166666666666667,0.2445399305555556,0.5143124787162371,2.0456875212837633,0.8392773504011759,672.9558227539062,0.0,0.0,672.9558227539062,800.6558227539062,4713.800296024105,500.65582275390625,30.0,692.4923087567502,0.0,1,XB01_M011_G00,XB01_M011_G00,XB01,M011,2301.40625,3101.71875,800.3125,1.7992292978925093,0.0
E52_b4122a9095172602242b40e3,6.054891773416557,12.917805218005896,6.054891773416557,417.2739001975914,457.30903457666045,594.3369941207687,0.23257222468730426,0.009166666666666667,0.2445399305555556,0.48627882190952654,2.073721178090474,0.848037868153273,480.42161254882814,0.0,0.0,480.42161254882814,608.1216125488281,4457.527455905765,308.1216125488281,30.0,627.2739001975914,0.0,1,XB01_M011_G00,XB01_M011_G00,XB01,M011,2301.40625,3101.71875,800.3125,6.054891773416557,0.0
E52_b45db00398315637fb020e5f,8.990116679844363,10.742298629097064,8.990116679844363,520.0993036420956,566.0861185224667,764.2777180019647,0.2932088546230577,0.009166666666666667,0.2445399305555556,0.5469154518452799,2.013084548154721,0.8290889212983501,551.8417785644531,0.0,0.0,551.8417785644531,679.5417785644531,5732.082885014735,386.71868896484375,30.0,730.0993036420956,0.0,1,XB01_M011_G00,XB01_M011_G00,XB01,M011,2301.40625,3101.71875,800.3125,8.990116679844363,0.0
E52_b677873645e212a13901ede2,6.6019144323903305,9.230718628911887,6.6019144323903305,575.9444140089429,616.0268887810784,911.3939793850733,0.3339048259552679,0.009166666666666667,0.2445399305555556,0.5876114231774902,1.9723885768225102,0.8163714302570344,480.989697265625,0.0,0.0,480.989697265625,608.689697265625,6835.45484538805,390.4056396484375,30.0,785.9444140089429,0.0,1,XB01_M011_G00,XB01_M011_G00,XB01,M011,2301.40625,3101.71875,800.3125,6.6019144323903305,0.0
E52_be79b94db4a0a5b6faaed631,0.5166988155209538,13.435452033242427,0.5166988155209538,439.28613208838135,492.92224150407145,556.7556076826221,0.23507830977561708,0.009166666666666667,0.2445399305555556,0.48878490699783933,2.071215093002161,0.8472547165631752,643.6333129882812,0.0,0.0,643.6333129882812,771.3333129882812,4175.667057619666,471.33331298828125,30.0,649.2861320883814,0.0,1,XB01_M011_G00,XB01_M011_G00,XB01,M011,2301.40625,3101.71875,800.3125,0.5166988155209538,0.0
E52_beb70ec57fd2d66bf65b827f,1.6281698264162543,2.43785423226241,1.6281698264162543,429.6587378248194,468.09544538504076,628.6972302883107,0.2418430061920666,0.009166666666666667,0.2445399305555556,0.4955496034142889,2.0644503965857117,0.8451407489330347,461.24049072265626,0.0,0.0,461.24049072265626,588.9404907226562,4715.22922716233,538.9404907226562,30.0,639.6587378248194,0.0,1,XB01_M011_G00,XB01_M011_G00,XB01,M011,2301.40625,3101.71875,800.3125,1.6281698264162543,0.0
E52_c515ea57360fd29f9add62f7,9.391667597616788,10.649906727109496,9.391667597616788,525.5980011021792,572.0554631586571,772.4512298654912,0.29632198385281766,0.009166666666666667,0.2445399305555556,0.5500285810750399,2.0099714189249607,0.82811606841405,557.4895446777343,0.0,0.0,557.4895446777343,685.1895446777344,5793.384223991184,393.3172912597656,30.0,735.5980011021792,0.0,1,XB01_M011_G00,XB01_M011_G00,XB01,M011,2301.40625,3101.71875,800.3125,9.391667597616788,0.0
E52_cdef0b479e00ae29ebd83132,7.697605995399101,10.01648148125875,7.697605995399101,520.0071121141804,554.5433095222207,832.7970397801186,0.3028799960747676,0.009166666666666667,0.2445399305555556,0.5565865932969899,2.0034134067030105,0.8260666895946907,414.4343688964844,0.0,0.0,414.4343688964844,542.1343688964844,6245.977798350889,297.6476745605469,30.0,730.0071121141804,0.0,1,XB01_M011_G00,XB01_M011_G00,XB01,M011,2301.40625,3101.71875,800.3125,7.697605995399101,0.0
E52_d1d4424e0dfaa7a0ce62d445,6.1120469020989106,12.872868339328704,6.1120469020989106,402.0751033963921,436.37951216917855,598.3237541560654,0.22773150601213982,0.009166666666666667,0.2445399305555556,0.4814381032343621,2.0785618967656383,0.8495505927392619,411.6529052734375,0.0,0.0,411.6529052734375,539.3529052734375,4487.428156170491,269.83203125,30.0,612.075103396392,0.0,1,XB01_M011_G00,XB01_M011_G00,XB01,M011,2301.40625,3101.71875,800.3125,6.1120469020989106,0.0
E52_da1eeef61bb4fffd90feecd9,9.076253808869353,11.577048041656667,9.076253808869353,464.4321692173844,503.4661769891943,694.6602918039094,0.2635518155735283,0.009166666666666667,0.2445399305555556,0.5172584127957506,2.04274158720425,0.8383567460013279,468.40809326171876,0.0,0.0,468.40809326171876,596.1080932617188,5209.952188529321,322.9142761230469,30.0,674.4321692173844,0.0,1,XB01_M011_G00,XB01_M011_G00,XB01,M011,2301.40625,3101.71875,800.3125,9.076253808869353,0.0
E52_ef8fa59407d07a2296b5f591,7.566508352142932,0.3151276047193221,0.3151276047193221,505.85939793409244,540.3898465933535,804.5361039126185,0.29384606362066074,0.009166666666666667,0.2445399305555556,0.547552660842883,2.0124473391571174,0.8288897934865991,414.3653839111328,0.0,0.0,414.3653839111328,542.0653839111328,6034.020779344639,284.8677062988281,30.0,715.8593979340924,0.0,1,XB01_M011_G00,XB01_M011_G00,XB01,M011,2301.40625,3101.71875,800.3125,0.3151276047193221,0.0
E52_f4836ff0bfcbe7f74f580128,0.5542145221587873,13.198394987858308,0.5542145221587873,446.8309536018799,500.3537512499919,572.525121315088,0.23999489789029496,0.009166666666666667,0.2445399305555556,0.4937014951125172,2.066298504887483,0.8457182827773384,642.2735717773437,0.0,0.0,642.2735717773437,769.9735717773438,4293.93840986316,483.0478820800781,30.0,656.8309536018799,0.0,1,XB01_M011_G00,XB01_M011_G00,XB01,M011,2301.40625,3101.71875,800.3125,0.5542145221587873,0.0
E52_fb97bb829fc82a7376005525,0.997404674963903,12.561592200960149,0.997404674963903,483.9909817485873,542.6900133241081,615.7877740440496,0.2593375767224136,0.009166666666666667,0.2445399305555556,0.5130441739446359,2.0469558260553646,0.8396736956423013,704.38837890625,0.0,0.0,704.38837890625,832.08837890625,4618.408305330372,532.08837890625,30.0,693.9909817485873,0.0,1,XB01_M011_G00,XB01_M011_G00,XB01,M011,2301.40625,3101.71875,800.3125,0.997404674963903,0.0
E52_189eb019491ad876aa165071,4.910998135102375,3.8094716871601975,3.8094716871601975,403.09916814168594,448.35288467407526,534.676037089036,0.21908171065325852,0.009166666666666667,0.31635503472222226,0.5446034120421475,2.015396587957853,0.829811433736829,543.0445983886718,0.0,0.0,543.0445983886718,670.7445983886719,4010.07027816777,391.87322998046875,30.0,613.0991681416859,0.0,1,XB01_M012_G00,XB01_M012_G00,XB01,M012,2536.03125,3571.375,1035.34375,3.8094716871601975,0.0
E52_231de36c6439da832299e30f,3.094118306520926,16.451156269229884,3.094118306520926,336.2639482811268,383.1573412254627,391.1675388962379,0.1749881335365896,0.009166666666666667,0.31635503472222226,0.5005098349254785,2.059490165074522,0.843590676585788,562.7207153320312,0.0,0.0,562.7207153320312,690.4207153320312,2933.7565417217843,390.42071533203125,30.0,546.2639482811268,0.0,1,XB01_M012_G00,XB01_M012_G00,XB01,M012,2536.03125,3571.375,1035.34375,3.094118306520926,0.0
E52_246111a1ef063bec9e89ec9e,6.759696504692187,13.03223549741864,6.759696504692187,413.11352328410356,453.07003166626504,586.4879962752384,0.22998101771643822,0.009166666666666667,0.31635503472222226,0.5555027191053271,2.0044972808946735,0.8264054002795853,479.4781005859375,0.0,0.0,479.4781005859375,607.1781005859375,4398.659972064288,469.28277587890625,30.0,623.1135232841036,0.0,1,XB01_M012_G00,XB01_M012_G00,XB01,M012,2536.03125,3571.375,1035.34375,6.759696504692187,0.0
E52_347c51b45a583dd4c5a4aad0,9.414715573204205,10.359339260709504,9.414715573204205,545.8106765870443,594.6474365357748,798.6007934817058,0.3072138543106079,0.009166666666666667,0.31635503472222226,0.6327355556994968,1.9272644443005036,0.8022701388439073,586.0411193847656,0.0,0.0,586.0411193847656,713.7411193847656,5989.505951112793,425.30462646484375,30.0,755.8106765870443,0.0,1,XB01_M012_G00,XB01_M012_G00,XB01,M012,2536.03125,3571.375,1035.34375,9.414715573204205,0.0
E52_47db2d0d55c92154c779a4c9,3.0205906267075733,16.45726286038159,3.0205906267075733,312.62709924858126,351.3219092257948,393.08533863388124,0.16685347284684848,0.009166666666666667,0.31635503472222226,0.4923751742357374,2.067624825764263,0.846132758051332,464.3377197265625,0.0,0.0,464.3377197265625,592.0377197265625,2948.1400397541092,295.61395263671875,30.0,522.6270992485813,0.0,1,XB01_M012_G00,XB01_M012_G00,XB01,M012,2536.03125,3571.375,1035.34375,3.0205906267075733,0.0
E52_60b0dc656c777ee2cc2279b1,8.73278001814036,0.21315146591224732,0.21315146591224732,563.4362729251038,615.9641949832094,811.705013501575,0.3153381258454166,0.009166666666666667,0.31635503472222226,0.6408598272343056,1.919140172765695,0.7997313039892795,630.3350646972656,0.0,0.0,630.3350646972656,758.0350646972656,6087.787601261813,495.9024353027344,30.0,773.4362729251038,0.0,1,XB01_M012_G00,XB01_M012_G00,XB01,M012,2536.03125,3571.375,1035.34375,0.21315146591224732,0.0
E52_6dc095df8eb6475486134b5c,6.915729524772303,12.905188948092743,6.915729524772303,424.06014837873875,466.2734748964797,594.8403376510322,0.23505698741925235,0.009166666666666667,0.31635503472222226,0.5605786888081412,1.9994213111918593,0.8248191597474559,506.55991821289064,0.0,0.0,506.55991821289064,634.2599182128906,4461.302532382741,440.2059631347656,30.0,634.0601483787387,0.0,1,XB01_M012_G00,XB01_M012_G00,XB01,M012,2536.03125,3571.375,1035.34375,6.915729524772303,0.0
E52_82c821a5773d0bfbe554f10a,3.9055423871373875,11.397135806608844,3.9055423871373875,512.9354114719376,566.0737563002253,707.0407539741487,0.2825549862639304,0.009166666666666667,0.31635503472222226,0.6080766876528193,1.9519233123471813,0.8099760351084939,637.6601379394531,0.0,0.0,637.6601379394531,765.3601379394531,5302.805654806116,465.3601379394531,30.0,722.9354114719376,0.0,1,XB01_M012_G00,XB01_M012_G00,XB01,M012,2536.03125,3571.375,1035.34375,3.9055423871373875,0.0
E52_8d375985c45fff9288668cb3,3.1370206879068405,16.222123863058812,3.1370206879068405,353.99602207193686,405.21742048909175,400.663653640944,0.182639281392285,0.009166666666666667,0.31635503472222226,0.5081609827811739,2.0518390172188266,0.8411996928808831,614.6567810058593,0.0,0.0,614.6567810058593,742.3567810058594,3004.97740230708,442.3567810058594,30.0,563.9960220719369,0.0,1,XB01_M012_G00,XB01_M012_G00,XB01,M012,2536.03125,3571.375,1035.34375,3.1370206879068405,0.0
E52_9b18c2085562c5280ea1e394,8.44166843749889,0.02697066595830222,0.02697066595830222,563.4972144032131,613.0086493397365,829.9258191872856,0.3179402888393461,0.009166666666666667,0.31635503472222226,0.643461990228235,1.9165380097717655,0.7989181280536766,594.1372192382812,0.0,0.0,594.1372192382812,721.8372192382812,6224.443643904642,487.8569030761719,30.0,773.4972144032131,0.0,1,XB01_M012_G00,XB01_M012_G00,XB01,M012,2536.03125,3571.375,1035.34375,0.02697066595830222,0.0
E52_a1af1f4ab7d520e82e20be53,8.666507293212305,0.45430012492889205,0.45430012492889205,547.7224457312177,598.7128286250978,789.5025940991541,0.30660524396013417,0.009166666666666667,0.31635503472222226,0.632126945349023,1.9278730546509775,0.8024603295784303,611.8845947265625,0.0,0.0,611.8845947265625,739.5845947265625,5921.269455743655,492.6366271972656,30.0,757.7224457312177,0.0,1,XB01_M012_G00,XB01_M012_G00,XB01,M012,2536.03125,3571.375,1035.34375,0.45430012492889205,0.0
E52_b8aeee13ee5f313ffdb298e7,9.098823158434342,0.32052137756616617,0.32052137756616617,550.9628084392909,600.9445446860357,802.0351993981131,0.309532562555218,0.009166666666666667,0.31635503472222226,0.6350542639441069,1.9249457360558937,0.8015455425174666,599.7808349609375,0.0,0.0,599.7808349609375,727.4808349609375,6015.263995485849,485.42230224609375,30.0,760.9628084392909,0.0,1,XB01_M012_G00,XB01_M012_G00,XB01,M012,2536.03125,3571.375,1035.34375,0.32052137756616617,0.0
E52_be69bdf55826f2eb34075d09,2.1858471240912536,12.029424972929434,2.1858471240912536,457.6877788138426,500.48965717077624,658.5642874860837,0.25604119113741575,0.009166666666666667,0.31635503472222226,0.5815628925263047,1.9784371074736957,0.8182615960855298,513.6225402832031,0.0,0.0,513.6225402832031,641.3225402832031,4939.232156145627,341.3225402832031,30.0,667.6877788138427,0.0,1,XB01_M012_G00,XB01_M012_G00,XB01,M012,2536.03125,3571.375,1035.34375,2.1858471240912536,0.0
E52_c10a50247c57c0340b451298,6.585315506004903,3.1495087650690863,3.1495087650690863,410.4813485396202,450.8988478275434,578.4577013517014,0.22790762835174688,0.009166666666666667,0.31635503472222226,0.5534293297406359,2.0065706702593644,0.8270533344560513,485.00999145507814,0.0,0.0,485.00999145507814,612.7099914550781,4338.432760137761,515.4917602539062,30.0,620.4813485396203,0.0,1,XB01_M012_G00,XB01_M012_G00,XB01,M012,2536.03125,3571.375,1035.34375,3.1495087650690863,0.0
E52_c117f06f984d58b2275e6c48,9.427991167363132,0.365836005255062,0.365836005255062,533.3106765870443,577.980769869108,798.6007934817058,0.30276832431446593,0.009166666666666667,0.31635503472222226,0.6282900257033548,1.9317099742966457,0.8036593669677017,536.0411193847656,0.0,0.0,536.0411193847656,663.7411193847656,5989.505951112793,425.30462646484375,30.0,743.3106765870443,0.0,1,XB01_M012_G00,XB01_M012_G00,XB01,M012,2536.03125,3571.375,1035.34375,0.365836005255062,0.0
E52_d6d1511afdebb88632549a71,3.3606450562612338,16.177909036830457,3.3606450562612338,342.76879390848103,389.67749650450963,404.08537224079015,0.1791309979165653,0.009166666666666667,0.31635503472222226,0.5046526993054542,2.0553473006945464,0.8422960314670456,562.9044311523437,0.0,0.0,562.9044311523437,690.6044311523438,3030.640291805926,390.60443115234375,30.0,552.768793908481,0.0,1,XB01_M012_G00,XB01_M012_G00,XB01,M012,2536.03125,3571.375,1035.34375,3.3606450562612338,0.0
E52_dd12fb0cc4aee52816704b73,9.204394904756654,0.5498680641518376,0.5498680641518376,547.6210002825783,600.0718247658139,780.5370536657424,0.3052994367315811,0.009166666666666667,0.31635503472222226,0.63082113812047,1.9291788618795305,0.8028683943373531,629.4098937988281,0.0,0.0,629.4098937988281,757.1098937988281,5854.027902493068,543.108642578125,30.0,757.6210002825783,0.0,1,XB01_M012_G00,XB01_M012_G00,XB01,M012,2536.03125,3571.375,1035.34375,0.5498680641518376,0.0
E52_0fa03b8d9ed736d48919c1b7,4.742741805859765,11.555158541579928,4.742741805859765,469.53189880990186,510.00510285042924,696.2245733766397,0.2655870342753843,0.009166666666666667,0.29871875000000003,0.573472450942051,1.9865275490579495,0.8207898590806091,485.67844848632814,0.0,0.0,485.67844848632814,613.3784484863281,5221.684300324798,318.1667785644531,30.0,679.5318988099018,0.0,1,XB01_M013_G00,XB01_M013_G00,XB01,M013,2405.59375,3383.21875,977.625,4.742741805859765,0.0
E52_1ef47ef68c1879e18ddbb164,3.398043037439095,9.684707827919368,3.398043037439095,525.9457118932837,556.9823492630754,865.6715995678175,0.30964781577290457,0.009166666666666667,0.29871875000000003,0.6175332324395713,1.9424667675604292,0.807020864862634,372.4396484375,0.0,0.0,372.4396484375,500.1396484375,6492.536996758631,304.7821350097656,30.0,735.9457118932837,0.0,1,XB01_M013_G00,XB01_M013_G00,XB01,M013,2405.59375,3383.21875,977.625,3.398043037439095,0.0
E52_214ce9a3b3bd3fa9c582335a,0.14955749359387482,15.138353346483314,0.14955749359387482,331.46735474952504,365.31699057309277,459.8368945576438,0.1830074384559416,0.009166666666666667,0.29871875000000003,0.4908928551226083,2.069107144877392,0.8465959827741849,406.1956298828125,0.0,0.0,406.1956298828125,533.8956298828125,3448.7767091823284,283.8956298828125,30.0,541.467354749525,0.0,1,XB01_M013_G00,XB01_M013_G00,XB01,M013,2405.59375,3383.21875,977.625,0.14955749359387482,0.0
E52_215ef380a7eb56a6f7d09ab1,2.537885409617246,12.440860913671315,2.537885409617246,437.2780853288336,478.35957590907447,628.0672271762219,0.2444635461376352,0.009166666666666667,0.29871875000000003,0.5523489628043019,2.0076510371956986,0.8273909491236556,492.97788696289064,0.0,0.0,492.97788696289064,620.6778869628906,4710.504203821664,324.9881591796875,30.0,647.2780853288336,0.0,1,XB01_M013_G00,XB01_M013_G00,XB01,M013,2405.59375,3383.21875,977.625,2.537885409617246,0.0
E52_24cc4f01335372459fb4c2ba,6.1310389492713,12.909161020133865,6.1310389492713,410.2633482290822,447.7953418407359,595.3347347882426,0.23022027843265847,0.009166666666666667,0.29871875000000003,0.5381056950993252,2.0218943049006755,0.8318419702814609,450.38392333984376,0.0,0.0,450.38392333984376,578.0839233398438,4465.010510911819,278.08392333984375,30.0,620.2633482290822,0.0,1,XB01_M013_G00,XB01_M013_G00,XB01,M013,2405.59375,3383.21875,977.625,6.1310389492713,0.0
E52_2dadfb43d7dd9558e21effa9,6.345543613126054,12.85982438864363,6.345543613126054,396.07517918576866,428.1792069974549,599.5261915014202,0.22576797164618329,0.009166666666666667,0.29871875000000003,0.53365338831285,2.0263466116871505,0.8332333161522344,385.2483337402344,0.0,0.0,385.2483337402344,512.9483337402344,4496.446436260651,248.30487060546875,30.0,606.0751791857687,0.0,1,XB01_M013_G00,XB01_M013_G00,XB01,M013,2405.59375,3383.21875,977.625,6.345543613126054,0.0
E52_2e64690809088e2a96fb2160,6.013945438532147,9.500767968691491,6.013945438532147,523.7789293194231,550.945126524013,884.5606754113072,0.31155234822715455,0.009166666666666667,0.29871875000000003,0.6194377648938212,1.9405622351061793,0.8064256984706809,325.99436645507814,0.0,0.0,325.99436645507814,453.6943664550781,6634.205065584804,329.6845703125,30.0,733.7789293194231,0.0,1,XB01_M013_G00,XB01_M013_G00,XB01,M013,2405.59375,3383.21875,977.625,6.013945438532147,0.0
E52_30110e5b3ae38ecfab28ace2,8.274065448427606,10.05954008012911,8.274065448427606,514.4106891471403,547.7506496268766,828.7816154158626,0.30032099335417484,0.009166666666666667,0.29871875000000003,0.6082064100208415,1.951793589979159,0.8099354968684871,400.07952575683595,0.0,0.0,400.07952575683595,527.7795257568359,6215.862115618969,313.0162353515625,30.0,724.4106891471403,0.0,1,XB01_M013_G00,XB01_M013_G00,XB01,M013,2405.59375,3383.21875,977.625,8.274065448427606,0.0
E52_357bbbd4dc4420221c875ea3,7.575644866037791,12.241245229232817,7.575644866037791,405.4327582223269,433.1514265878055,644.5535062517828,0.23547283792056264,0.009166666666666667,0.29871875000000003,0.5433582545872293,2.0166417454127714,0.8302005454414909,332.6240203857422,0.0,0.0,332.6240203857422,460.3240203857422,4834.151296888371,255.67149353027344,30.0,615.4327582223269,0.0,1,XB01_M013_G00,XB01_M013_G00,XB01,M013,2405.59375,3383.21875,977.625,7.575644866037791,0.0
E52_3875f0f2b8e39572338b498b,2.428943672281946,12.654831201135607,2.428943672281946,430.443023323014,471.8276755243487,612.5781334380202,0.23983909257274777,0.009166666666666667,0.29871875000000003,0.5477245092394145,2.0122754907605858,0.828836090862683,496.61582641601564,0.0,0.0,496.61582641601564,624.3158264160156,4594.336000785152,324.3158264160156,30.0,640.443023323014,0.0,1,XB01_M013_G00,XB01_M013_G00,XB01,M013,2405.59375,3383.21875,977.625,2.428943672281946,0.0
E52_413d3eff5d481ef66f8d3068,5.996796824033623,9.493762996477216,5.996796824033623,548.7789293194231,584.2784598573463,884.5606754113072,0.3204434082194385,0.009166666666666667,0.29871875000000003,0.6283288248861052,1.9316711751138953,0.8036472422230921,425.99436645507814,0.0,0.0,425.99436645507814,553.6943664550781,6634.205065584804,329.6845703125,30.0,758.7789293194231,0.0,1,XB01_M013_G00,XB01_M013_G00,XB01,M013,2405.59375,3383.21875,977.625,5.996796824033623,0.0
E52_4513f74e4ba51c209cccc792,5.43034245761379,9.790974506635663,5.43034245761379,548.6050089915749,589.1156759023821,854.1460165183059,0.3160741321008959,0.009166666666666667,0.29871875000000003,0.6239595487675627,1.9360404512324378,0.8050126410101367,486.1280029296875,0.0,0.0,486.1280029296875,613.8280029296875,6406.095123887295,391.8226318359375,30.0,758.6050089915749,0.0,1,XB01_M013_G00,XB01_M013_G00,XB01,M013,2405.59375,3383.21875,977.625,5.43034245761379,0.0
E52_575c4f100493de938643a13d,1.2735129256524829,2.099203328999508,1.2735129256524829,470.05405043895155,518.0123847895375,652.3580947743875,0.259560220504969,0.009166666666666667,0.29871875000000003,0.5674456371716357,1.9925543628283648,0.8226732383838639,575.5000122070312,0.0,0.0,575.5000122070312,703.2000122070312,4892.685710807907,437.3766174316406,30.0,680.0540504389515,0.0,1,XB01_M013_G00,XB01_M013_G00,XB01,M013,2405.59375,3383.21875,977.625,1.2735129256524829,0.0
E52_7e5f4a4eaf9aa5b10576997a,6.0680963914717125,13.086620585622072,6.0680963914717125,384.11958913832314,414.7999833745699,584.1568128591658,0.21933939564120059,0.009166666666666667,0.29871875000000003,0.5272248123078673,2.032775187692133,0.8352422461537915,368.16473083496095,0.0,0.0,368.16473083496095,495.86473083496094,4381.1760964437435,247.829345703125,30.0,594.1195891383231,0.0,1,XB01_M013_G00,XB01_M013_G00,XB01,M013,2405.59375,3383.21875,977.625,6.0680963914717125,0.0
E52_82c821a5773d0bfbe554f10a,0.6230836731091074,11.397135806608844,0.6230836731091074,512.9354114719376,566.0737563002253,707.0407539741487,0.2825549862639304,0.009166666666666667,0.29871875000000003,0.5904404029305971,1.9695595970694035,0.8154873740841884,637.6601379394531,0.0,0.0,637.6601379394531,765.3601379394531,5302.805654806116,465.3601379394531,30.0,722.9354114719376,0.0,1,XB01_M013_G00,XB01_M013_G00,XB01,M013,2405.59375,3383.21875,977.625,0.6230836731091074,0.0
E52_831cee7e7a3a549796e42b18,2.595053298307789,10.042846261792022,2.595053298307789,524.445203057942,560.9167693217765,830.061008532876,0.3040708837654974,0.009166666666666667,0.29871875000000003,0.6119563004321641,1.9480436995678363,0.8087636561149487,437.65879516601564,0.0,0.0,437.65879516601564,565.3587951660156,6225.457563996571,359.5916748046875,30.0,734.445203057942,0.0,1,XB01_M013_G00,XB01_M013_G00,XB01,M013,2405.59375,3383.21875,977.625,2.595053298307789,0.0
E52_88c1c7aba1fcf94c58dad20e,6.006463542392098,9.497510042154289,6.006463542392098,536.2789293194231,567.6117931906797,884.5606754113072,0.3159978782232965,0.009166666666666667,0.29871875000000003,0.6238832948899632,1.9361167051100372,0.8050364703468865,375.99436645507814,0.0,0.0,375.99436645507814,503.6943664550781,6634.205065584804,329.6845703125,30.0,746.2789293194231,0.0,1,XB01_M013_G00,XB01_M013_G00,XB01,M013,2405.59375,3383.21875,977.625,6.006463542392098,0.0
E52_924cec2d58c933358893a332,7.352343479023318,12.302862284422105,7.352343479023318,416.670444788364,448.9844576972996,639.4568121231148,0.23874762537865796,0.009166666666666667,0.29871875000000003,0.5466330420453247,2.013366957954676,0.829177174360836,387.7681549072266,0.0,0.0,387.7681549072266,515.4681549072266,4795.926090923361,252.644287109375,30.0,626.670444788364,0.0,1,XB01_M013_G00,XB01_M013_G00,XB01,M013,2405.59375,3383.21875,977.625,7.352343479023318,0.0
E52_96da4f081c74d8211b4b244f,6.937264214523168,12.47027426673894,6.937264214523168,406.4445801679392,437.368205859671,627.3474061854878,0.23339590098708082,0.009166666666666667,0.29871875000000003,0.5412813176537475,2.018718682346253,0.8308495882332039,371.08350830078126,0.0,0.0,371.08350830078126,498.78350830078125,4705.105546391158,251.37640380859375,30.0,616.4445801679392,0.0,1,XB01_M013_G00,XB01_M013_G00,XB01,M013,2405.59375,3383.21875,977.625,6.937264214523168,0.0
E52_b45db00398315637fb020e5f,2.9857581937912556,10.742298629097064,2.9857581937912556,520.0993036420956,566.0861185224667,764.2777180019647,0.2932088546230577,0.009166666666666667,0.29871875000000003,0.6010942712897244,1.9589057287102762,0.8121580402219611,551.8417785644531,0.0,0.0,551.8417785644531,679.5417785644531,5732.082885014735,386.71868896484375,30.0,730.0993036420956,0.0,1,XB01_M013_G00,XB01_M013_G00,XB01,M013,2405.59375,3383.21875,977.625,2.9857581937912556,0.0
E52_be69bdf55826f2eb34075d09,1.990666271520169,12.029424972929434,1.990666271520169,457.6877788138426,500.48965717077624,658.5642874860837,0.25604119113741575,0.009166666666666667,0.29871875000000003,0.5639266078040824,1.996073392195918,0.8237729350612243,513.6225402832031,0.0,0.0,513.6225402832031,641.3225402832031,4939.232156145627,341.3225402832031,30.0,667.6877788138427,0.0,1,XB01_M013_G00,XB01_M013_G00,XB01,M013,2405.59375,3383.21875,977.625,1.990666271520169,0.0
E52_bfffb2993ede6e2e2bd9340b,5.25975548786549,13.053008949478723,5.25975548786549,400.85355156655817,436.85476820067277,585.6998033284289,0.22550922551216515,0.009166666666666667,0.29871875000000003,0.5333946421788318,2.0266053578211687,0.833314174319115,432.014599609375,0.0,0.0,432.014599609375,559.714599609375,4392.748524963216,275.29461669921875,30.0,610.8535515665582,0.0,1,XB01_M013_G00,XB01_M013_G00,XB01,M013,2405.59375,3383.21875,977.625,5.25975548786549,0.0
E52_c515ea57360fd29f9add62f7,3.1934017791412828,10.649906727109496,3.1934017791412828,525.5980011021792,572.0554631586571,772.4512298654912,0.29632198385281766,0.009166666666666667,0.29871875000000003,0.6042074005194844,1.955792599480516,0.8111851873376611,557.4895446777343,0.0,0.0,557.4895446777343,685.1895446777344,5793.384223991184,393.3172912597656,30.0,735.5980011021792,0.0,1,XB01_M013_G00,XB01_M013_G00,XB01,M013,2405.59375,3383.21875,977.625,3.1934017791412828,0.0
E52_c98d1e580ba9a8920eeacbdb,2.3750792528131655,9.995636820319618,2.3750792528131655,531.3190315479533,569.3529452238973,834.4345810402425,0.30713490815373307,0.009166666666666667,0.29871875000000003,0.6150203248203998,1.9449796751796007,0.8078061484936251,456.40696411132814,0.0,0.0,456.40696411132814,584.1069641113281,6258.259357801819,362.73199462890625,30.0,741.3190315479533,0.0,1,XB01_M013_G00,XB01_M013_G00,XB01,M013,2405.59375,3383.21875,977.625,2.3750792528131655,0.0
E52_cdef0b479e00ae29ebd83132,7.91451882402805,10.01648148125875,7.91451882402805,520.0071121141804,554.5433095222207,832.7970397801186,0.3028799960747676,0.009166666666666667,0.29871875000000003,0.6107654127414344,1.9492345872585661,0.8091358085183018,414.4343688964844,0.0,0.0,414.4343688964844,542.1343688964844,6245.977798350889,297.6476745605469,30.0,730.0071121141804,0.0,1,XB01_M013_G00,XB01_M013_G00,XB01,M013,2405.59375,3383.21875,977.625,7.91451882402805,0.0
E52_d3460088443e86b69235cf2f,4.33701458107241,10.110906533633653,4.33701458107241,520.9986937965015,557.4049117530444,823.5600798537452,0.3019244763287566,0.009166666666666667,0.29871875000000003,0.6098098929954232,1.9501901070045773,0.8094344084389302,436.87461547851564,0.0,0.0,436.87461547851564,564.5746154785156,6176.700598903089,276.8628845214844,30.0,730.9986937965015,0.0,1,XB01_M013_G00,XB01_M013_G00,XB01,M013,2405.59375,3383.21875,977.625,4.33701458107241,0.0
E52_d7f1f5d49edaa9f52000c452,6.146184073429467,12.917919470378578,6.146184073429467,397.7633482290822,431.12867517406926,595.3347347882426,0.22577474843651651,0.009166666666666667,0.29871875000000003,0.5336601651031831,2.0263398348968176,0.8332311984052553,400.38392333984376,0.0,0.0,400.38392333984376,528.0839233398438,4465.010510911819,278.08392333984375,30.0,607.7633482290822,0.0,1,XB01_M013_G00,XB01_M013_G00,XB01,M013,2405.59375,3383.21875,977.625,6.146184073429467,0.0
E52_da1eeef61bb4fffd90feecd9,5.1098972412253545,11.577048041656667,5.1098972412253545,464.4321692173844,503.4661769891943,694.6602918039094,0.2635518155735283,0.009166666666666667,0.29871875000000003,0.571437232240195,1.9885627677598054,0.8214258649249391,468.40809326171876,0.0,0.0,468.40809326171876,596.1080932617188,5209.952188529321,322.9142761230469,30.0,674.4321692173844,0.0,1,XB01_M013_G00,XB01_M013_G00,XB01,M013,2405.59375,3383.21875,977.625,5.1098972412253545,0.0
E52_dbe1bedc9b83d29f34556dbd,6.244700193731603,13.016499113861627,6.244700193731603,387.86022911882606,419.0031732004504,588.862793747906,0.22133620210273125,0.009166666666666667,0.29871875000000003,0.5292216187693979,2.0307783812306024,0.8346182441345632,373.7153289794922,0.0,0.0,373.7153289794922,501.4153289794922,4416.470953109295,232.19436645507812,30.0,597.860229118826,0.0,1,XB01_M013_G00,XB01_M013_G00,XB01,M013,2405.59375,3383.21875,977.625,6.244700193731603,0.0
E52_eb490529b308e18523949520,7.558875109955238,12.235001379754962,7.558875109955238,417.9327582223269,449.8180932544721,644.5535062517828,0.23991836791670462,0.009166666666666667,0.29871875000000003,0.5478037845833713,2.0121962154166293,0.8288113173176965,382.6240203857422,0.0,0.0,382.6240203857422,510.3240203857422,4834.151296888371,255.67149353027344,30.0,627.9327582223269,0.0,1,XB01_M013_G00,XB01_M013_G00,XB01,M013,2405.59375,3383.21875,977.625,7.558875109955238,0.0
E52_ede4029bd5e695a7a0c85289,6.159100800556587,12.925612211179384,6.159100800556587,385.2633482290822,414.4620085074026,595.3347347882426,0.22132921844037454,0.009166666666666667,0.29871875000000003,0.5292146351070413,2.0307853648929592,0.8346204265290496,350.38392333984376,0.0,0.0,350.38392333984376,478.08392333984375,4465.010510911819,278.08392333984375,30.0,595.2633482290822,0.0,1,XB01_M013_G00,XB01_M013_G00,XB01,M013,2405.59375,3383.21875,977.625,6.159100800556587,0.0
E52_ef8fa59407d07a2296b5f591,9.185870675343665,0.3151276047193221,0.3151276047193221,505.85939793409244,540.3898465933535,804.5361039126185,0.29384606362066074,0.009166666666666667,0.29871875000000003,0.6017314802873275,1.958268519712673,0.8119589124102102,414.3653839111328,0.0,0.0,414.3653839111328,542.0653839111328,6034.020779344639,284.8677062988281,30.0,715.8593979340924,0.0,1,XB01_M013_G00,XB01_M013_G00,XB01,M013,2405.59375,3383.21875,977.625,0.3151276047193221,0.0
E52_fd527d975e1813662620f82c,1.8183366490410862,12.45056667278017,1.8183366490410862,418.2192341110554,452.9085204066283,628.3027504486734,0.23771876612520712,0.009166666666666667,0.29871875000000003,0.5456041827918738,2.0143958172081264,0.8294986928775394,416.271435546875,0.0,0.0,416.271435546875,543.971435546875,4712.2706283650505,306.8754577636719,30.0,628.2192341110554,0.0,1,XB01_M013_G00,XB01_M013_G00,XB01,M013,2405.59375,3383.21875,977.625,1.8183366490410862,0.0
E52_060143e4033ea7dfc142ce26,0.46341723162035464,13.051384290227645,0.46341723162035464,390.52156568077555,422.97629514244545,586.3147545915316,0.2219218246513189,0.009166666666666667,0.12755989583333335,0.3586483871513189,2.2013516128486814,0.8879223790152129,389.4567535400391,0.0,0.0,389.4567535400391,517.1567535400391,4397.360659436487,293.1027526855469,30.0,600.5215656807756,0.0,1,XB01_M014_G00,XB01_M014_G00,XB01,M014,753.6875,1171.15625,417.46875,0.46341723162035464,0.0
E52_0c56c0f390b777971f9a7e58,15.631277195261305,2.1743859331465814,2.1743859331465814,461.3120930283848,507.24512830670517,647.0259743868478,0.2556960576036008,0.009166666666666667,0.12755989583333335,0.39242262010360085,2.1675773798963998,0.8773679312176248,551.1964233398437,0.0,0.0,551.1964233398437,678.8964233398438,4852.694807901358,431.4708251953125,30.0,671.3120930283849,0.0,1,XB01_M014_G00,XB01_M014_G00,XB01,M014,753.6875,1171.15625,417.46875,2.1743859331465814,0.0
E52_0f45fcab7c66cb90fa618929,12.448871869132986,12.721246579688795,12.448871869132986,427.8988653120833,469.21977900837237,607.8722484464322,0.23826781941132907,0.009166666666666667,0.12755989583333335,0.37499438191132906,2.185005618088671,0.8828142556527097,495.85096435546876,0.0,0.0,495.85096435546876,623.5509643554688,4559.041863348241,326.6978454589844,30.0,637.8988653120832,0.0,1,XB01_M014_G00,XB01_M014_G00,XB01,M014,753.6875,1171.15625,417.46875,12.448871869132986,0.0
E52_12b142f00e8cb4e3948f96c2,1.250076748455598,12.991659521749298,1.250076748455598,402.5936730780369,438.4739485500421,589.9056933240425,0.22672373828986628,0.009166666666666667,0.12755989583333335,0.3634503007898663,2.1965496992101343,0.8864217810031668,430.5633056640625,0.0,0.0,430.5633056640625,558.2633056640625,4424.292699930319,284.7546081542969,30.0,612.5936730780369,0.0,1,XB01_M014_G00,XB01_M014_G00,XB01,M014,753.6875,1171.15625,417.46875,1.250076748455598,0.0
E52_132fcaf6d631eae41e83e018,13.25248572685625,12.621037374336296,12.621037374336296,466.52713400648173,519.919143487276,612.7022111281979,0.2526897045720101,0.009166666666666667,0.12755989583333335,0.38941626707201016,2.1705837329279905,0.8783074165399969,640.7041137695312,0.0,0.0,640.7041137695312,768.4041137695312,4595.266583461484,468.40411376953125,30.0,676.5271340064817,0.0,1,XB01_M014_G00,XB01_M014_G00,XB01,M014,753.6875,1171.15625,417.46875,12.621037374336296,0.0
E52_154bbd26b7808edf72eaa410,10.639890586326203,13.235683344326844,10.639890586326203,444.90797820490957,498.19814035497467,570.0749835094285,0.23896400983981742,0.009166666666666667,0.12755989583333335,0.3756905723398174,2.184309427660183,0.8825966961438071,639.4819458007812,0.0,0.0,639.4819458007812,767.1819458007812,4275.562376320714,467.18194580078125,30.0,654.9079782049096,0.0,1,XB01_M014_G00,XB01_M014_G00,XB01,M014,753.6875,1171.15625,417.46875,10.639890586326203,0.0
E52_2d291a2169e36d61d7bf7582,11.343100122152421,12.790365797832976,11.343100122152421,470.3839036593983,527.1993216484933,599.8752993842263,0.25224474652706685,0.009166666666666667,0.12755989583333335,0.3889713090270669,2.1710286909729337,0.8784464659290416,681.7850158691406,0.0,0.0,681.7850158691406,809.4850158691406,4499.064745381697,509.4850158691406,30.0,680.3839036593984,0.0,1,XB01_M014_G00,XB01_M014_G00,XB01,M014,753.6875,1171.15625,417.46875,11.343100122152421,0.0
E52_32cd7932ac3bc8f6e82bd016,12.505900182944202,12.531399030736651,12.505900182944202,433.33722088021847,474.19552115284216,621.5246401246948,0.24213542524196421,0.009166666666666667,0.12755989583333335,0.3788619877419642,2.181138012258036,0.8816056288306362,490.2996032714844,0.0,0.0,490.2996032714844,617.9996032714844,4661.434800935211,324.9372863769531,30.0,643.3372208802184,0.0,1,XB01_M014_G00,XB01_M014_G00,XB01,M014,753.6875,1171.15625,417.46875,12.505900182944202,0.0
E52_3322673a66874be8fb5ff9e0,2.167407480562815,12.93559360833251,2.167407480562815,392.2739001975914,423.9757012433271,594.3369941207687,0.2236811646950203,0.009166666666666667,0.12755989583333335,0.36040772719502034,2.1995922728049804,0.8873725852515562,380.42161254882814,0.0,0.0,380.42161254882814,508.1216125488281,4457.527455905765,308.1216125488281,30.0,602.2739001975914,0.0,1,XB01_M014_G00,XB01_M014_G00,XB01,M014,753.6875,1171.15625,417.46875,2.167407480562815,0.0
E52_4d215302190bc5bfb29bf912,7.6104963551872515,16.37371485667674,7.6104963551872515,307.50969179304633,343.7570581260541,397.53518558804575,0.1656637075427803,0.009166666666666667,0.12755989583333335,0.3023902700427803,2.2576097299572204,0.9055030406116311,434.96839599609376,0.0,0.0,434.96839599609376,562.6683959960938,2981.5138919103433,336.56707763671875,30.0,517.5096917930464,0.0,1,XB01_M014_G00,XB01_M014_G00,XB01,M014,753.6875,1171.15625,417.46875,7.6104963551872515,0.0
E52_575c4f100493de938643a13d,14.97253526452974,2.099203328999508,2.099203328999508,470.05405043895155,518.0123847895375,652.3580947743875,0.259560220504969,0.009166666666666667,0.12755989583333335,0.396286783004969,2.1637132169950313,0.8761603803109472,575.5000122070312,0.0,0.0,575.5000122070312,703.2000122070312,4892.685710807907,437.3766174316406,30.0,680.0540504389515,0.0,1,XB01_M014_G00,XB01_M014_G00,XB01,M014,753.6875,1171.15625,417.46875,2.099203328999508,0.0
E52_67646c2afbeb5602853e5a9c,2.134504918499786,12.927232110573698,2.134504918499786,404.7739001975914,440.6423679099937,594.3369941207687,0.22812669469116229,0.009166666666666667,0.12755989583333335,0.3648532571911623,2.1951467428088383,0.8859833571277618,430.42161254882814,0.0,0.0,430.42161254882814,558.1216125488281,4457.527455905765,308.1216125488281,30.0,614.7739001975914,0.0,1,XB01_M014_G00,XB01_M014_G00,XB01,M014,753.6875,1171.15625,417.46875,2.134504918499786,0.0
E52_7ccd1e182a1b2540fd645bfb,2.2842575791542856,2.4191590009326376,2.2842575791542856,429.0509151666868,465.88596358791074,630.2977572539465,0.24168092785315382,0.009166666666666667,0.12755989583333335,0.3784074903531538,2.1815925096468467,0.8817476592646394,447.8438232421875,5.8232421875,5.8232421875,447.8438232421875,575.5438232421875,4727.2331794045995,525.5438232421875,30.0,639.0509151666868,0.0,1,XB01_M014_G00,XB01_M014_G00,XB01,M014,753.6875,1171.15625,417.46875,2.2842575791542856,0.0
E52_7e4744117cf2a1b6b8665ab3,12.013229015233236,12.590569849682154,12.013229015233236,474.82609328547096,530.7107225986219,614.3444106920357,0.25587373999544005,0.009166666666666667,0.12755989583333335,0.3926003024954401,2.1673996975045604,0.877312405470175,670.6155517578125,0.0,0.0,670.6155517578125,798.3155517578125,4607.5830801902675,498.3155517578125,30.0,684.826093285471,0.0,1,XB01_M014_G00,XB01_M014_G00,XB01,M014,753.6875,1171.15625,417.46875,12.013229015233236,0.0
E52_a0032802edd73d232f2c84c2,13.281235066380034,12.395809404549922,12.395809404549922,482.4923087567502,538.5719606529091,628.5067061365473,0.26060588149401487,0.009166666666666667,0.12755989583333335,0.3973324439940149,2.1626675560059856,0.8758336112518703,672.9558227539062,0.0,0.0,672.9558227539062,800.6558227539062,4713.800296024105,500.65582275390625,30.0,692.4923087567502,0.0,1,XB01_M014_G00,XB01_M014_G00,XB01,M014,753.6875,1171.15625,417.46875,12.395809404549922,0.0
E52_aaa387ee3ee3170bd804334d,7.017439111244244,18.409477866986336,7.017439111244244,263.5215778829557,299.2286101502083,312.8009621623957,0.13801933350380158,0.009166666666666667,0.12755989583333335,0.2747458960038016,2.285254103996199,0.914141907498812,428.48438720703126,0.0,0.0,428.48438720703126,556.1843872070312,2346.0072162179677,386.9435729980469,30.0,473.5215778829557,0.0,1,XB01_M014_G00,XB01_M014_G00,XB01,M014,753.6875,1171.15625,417.46875,7.017439111244244,0.0
E52_b4122a9095172602242b40e3,12.09289787926771,12.917805218005896,12.09289787926771,417.2739001975914,457.30903457666045,594.3369941207687,0.23257222468730426,0.009166666666666667,0.12755989583333335,0.36929878718730424,2.190701212812696,0.8845941290039674,480.42161254882814,0.0,0.0,480.42161254882814,608.1216125488281,4457.527455905765,308.1216125488281,30.0,627.2739001975914,0.0,1,XB01_M014_G00,XB01_M014_G00,XB01,M014,753.6875,1171.15625,417.46875,12.09289787926771,0.0
E52_b45db00398315637fb020e5f,8.818856551847475,10.742298629097064,8.818856551847475,520.0993036420956,566.0861185224667,764.2777180019647,0.2932088546230577,0.009166666666666667,0.12755989583333335,0.4299354171230577,2.1300645828769427,0.8656451821490445,551.8417785644531,0.0,0.0,551.8417785644531,679.5417785644531,5732.082885014735,386.71868896484375,30.0,730.0993036420956,0.0,1,XB01_M014_G00,XB01_M014_G00,XB01,M014,753.6875,1171.15625,417.46875,8.818856551847475,0.0
E52_be79b94db4a0a5b6faaed631,9.987469372231445,13.435452033242427,9.987469372231445,439.28613208838135,492.92224150407145,556.7556076826221,0.23507830977561708,0.009166666666666667,0.12755989583333335,0.3718048722756171,2.1881951277243834,0.8838109774138696,643.6333129882812,0.0,0.0,643.6333129882812,771.3333129882812,4175.667057619666,471.33331298828125,30.0,649.2861320883814,0.0,1,XB01_M014_G00,XB01_M014_G00,XB01,M014,753.6875,1171.15625,417.46875,9.987469372231445,0.0
E52_beb70ec57fd2d66bf65b827f,12.986294405095663,2.43785423226241,2.43785423226241,429.6587378248194,468.09544538504076,628.6972302883107,0.2418430061920666,0.009166666666666667,0.12755989583333335,0.3785695686920666,2.181430431307934,0.8816970097837292,461.24049072265626,0.0,0.0,461.24049072265626,588.9404907226562,4715.22922716233,538.9404907226562,30.0,639.6587378248194,0.0,1,XB01_M014_G00,XB01_M014_G00,XB01,M014,753.6875,1171.15625,417.46875,2.43785423226241,0.0
E52_c515ea57360fd29f9add62f7,8.430087632149124,10.649906727109496,8.430087632149124,525.5980011021792,572.0554631586571,772.4512298654912,0.29632198385281766,0.009166666666666667,0.12755989583333335,0.43304854635281764,2.126951453647183,0.8646723292647445,557.4895446777343,0.0,0.0,557.4895446777343,685.1895446777344,5793.384223991184,393.3172912597656,30.0,735.5980011021792,0.0,1,XB01_M014_G00,XB01_M014_G00,XB01,M014,753.6875,1171.15625,417.46875,8.430087632149124,0.0
E52_f4836ff0bfcbe7f74f580128,10.114867033149864,13.198394987858308,10.114867033149864,446.8309536018799,500.3537512499919,572.525121315088,0.23999489789029496,0.009166666666666667,0.12755989583333335,0.37672146039029497,2.1832785396097054,0.8822745436280328,642.2735717773437,0.0,0.0,642.2735717773437,769.9735717773438,4293.93840986316,483.0478820800781,30.0,656.8309536018799,0.0,1,XB01_M014_G00,XB01_M014_G00,XB01,M014,753.6875,1171.15625,417.46875,10.114867033149864,0.0
E52_fb97bb829fc82a7376005525,11.350987848164124,12.561592200960149,11.350987848164124,483.9909817485873,542.6900133241081,615.7877740440496,0.2593375767224136,0.009166666666666667,0.12755989583333335,0.39606413922241357,2.163935860777587,0.8762299564929957,704.38837890625,0.0,0.0,704.38837890625,832.08837890625,4618.408305330372,532.08837890625,30.0,693.9909817485873,0.0,1,XB01_M014_G00,XB01_M014_G00,XB01,M014,753.6875,1171.15625,417.46875,11.350987848164124,0.0
E52_01234cac2d25748209cb57e8,0.2621320201981234,5.963634638729843,0.2621320201981234,275.78386787661753,295.55487261701467,419.772700963196,0.15719547582798327,0.009166666666666667,0.12084722222222223,0.28720936471687214,2.2727906352831284,0.9102470735259774,248.53977661132814,11.2877197265625,11.2877197265625,248.53977661132814,376.2397766113281,3148.2952572239697,326.2397766113281,30.0,485.78386787661753,0.0,1,XB01_M016_G00,XB01_M016_G00,XB01,M016,781.0625,1176.5625,395.5,0.2621320201981234,0.0
E52_06eb0baa948af7ff52881bcf,11.34921240453653,16.258674653736037,11.34921240453653,296.7597053393259,328.36499963050426,403.88764493158146,0.16274021246714285,0.009166666666666667,0.12084722222222223,0.29275410135603175,2.267245898643969,0.90851434332624,379.26353149414064,0.0,0.0,379.26353149414064,506.9635314941406,3029.157336986861,306.9635314941406,30.0,506.7597053393259,0.0,1,XB01_M016_G00,XB01_M016_G00,XB01,M016,781.0625,1176.5625,395.5,11.34921240453653,0.0
E52_0c9d91fc306062a18ada9948,10.190425106668542,15.697900697510477,10.190425106668542,331.42241999480143,370.2725110389095,429.7442937249544,0.1787296459836012,0.009166666666666667,0.12084722222222223,0.30874353487249007,2.2512564651275104,0.9035176453523468,466.2010925292969,0.0,0.0,466.2010925292969,593.9010925292969,3223.082202937158,326.7436828613281,30.0,541.4224199948014,0.0,1,XB01_M016_G00,XB01_M016_G00,XB01,M016,781.0625,1176.5625,395.5,10.190425106668542,0.0
E52_189eb019491ad876aa165071,14.62560917721207,3.8094716871601975,3.8094716871601975,403.09916814168594,448.35288467407526,534.676037089036,0.21908171065325852,0.009166666666666667,0.12084722222222223,0.3490955995421474,2.210904400457853,0.890907625143079,543.0445983886718,0.0,0.0,543.0445983886718,670.7445983886719,4010.07027816777,391.87322998046875,30.0,613.0991681416859,0.0,1,XB01_M016_G00,XB01_M016_G00,XB01,M016,781.0625,1176.5625,395.5,3.8094716871601975,0.0
E52_1eac4bbcd37cec5d48241661,0.22059627934990544,6.04580255430777,0.22059627934990544,275.66392246828667,298.30930922772677,415.4555243799327,0.1568759382441215,0.009166666666666667,0.12084722222222223,0.28688982713301037,2.27311017286699,0.9103469290209343,271.74464111328126,0.0,0.0,271.74464111328126,399.44464111328125,3115.9164328494953,326.2397766113281,30.0,485.66392246828667,0.0,1,XB01_M016_G00,XB01_M016_G00,XB01,M016,781.0625,1176.5625,395.5,0.22059627934990544,0.0
E52_214ce9a3b3bd3fa9c582335a,9.466834534918547,15.138353346483314,9.466834534918547,331.46735474952504,365.31699057309277,459.8368945576438,0.1830074384559416,0.009166666666666667,0.12084722222222223,0.3130213273448305,2.24697867265517,0.9021808352047405,406.1956298828125,0.0,0.0,406.1956298828125,533.8956298828125,3448.7767091823284,283.8956298828125,30.0,541.467354749525,0.0,1,XB01_M016_G00,XB01_M016_G00,XB01,M016,781.0625,1176.5625,395.5,9.466834534918547,0.0
E52_231555d7070bcf1a0911e332,10.270015299215657,5.981962334569488,5.981962334569488,303.4113952968874,335.0249979987103,417.14117438283733,0.1669828432889251,0.009166666666666667,0.12084722222222223,0.29699673217781397,2.2630032678221865,0.9071885211944332,379.363232421875,0.0,0.0,379.363232421875,507.063232421875,3128.55880787128,326.2397766113281,30.0,513.4113952968873,0.0,1,XB01_M016_G00,XB01_M016_G00,XB01,M016,781.0625,1176.5625,395.5,5.981962334569488,0.0
E52_231de36c6439da832299e30f,11.086036405358143,16.451156269229884,11.086036405358143,336.2639482811268,383.1573412254627,391.1675388962379,0.1749881335365896,0.009166666666666667,0.12084722222222223,0.30500202242547847,2.254997977574522,0.904686867992038,562.7207153320312,0.0,0.0,562.7207153320312,690.4207153320312,2933.7565417217843,390.42071533203125,30.0,546.2639482811268,0.0,1,XB01_M016_G00,XB01_M016_G00,XB01,M016,781.0625,1176.5625,395.5,11.086036405358143,0.0
E52_246111a1ef063bec9e89ec9e,22.039276153987473,13.03223549741864,13.03223549741864,413.11352328410356,453.07003166626504,586.4879962752384,0.22998101771643822,0.009166666666666667,0.12084722222222223,0.3599949066053271,2.2000050933946733,0.8875015916858353,479.4781005859375,0.0,0.0,479.4781005859375,607.1781005859375,4398.659972064288,469.28277587890625,30.0,623.1135232841036,0.0,1,XB01_M016_G00,XB01_M016_G00,XB01,M016,781.0625,1176.5625,395.5,13.03223549741864,0.0
E52_27bf01e9e990859ae5993708,10.242823238504869,15.932490639468014,10.242823238504869,318.6138217216496,355.0514931287134,418.60161500091635,0.17259630304263499,0.009166666666666667,0.12084722222222223,0.3026101919315239,2.2573898080684764,0.9054343150213988,437.25205688476564,0.0,0.0,437.25205688476564,564.9520568847656,3139.5121125068727,326.2397766113281,30.0,528.6138217216496,0.0,1,XB01_M016_G00,XB01_M016_G00,XB01,M016,781.0625,1176.5625,395.5,10.242823238504869,0.0
E52_27bf1882d0e1a812c8450c72,10.928491222917913,16.18675851321828,10.928491222917913,334.03154784809436,377.9609795090644,404.48650573036844,0.17608047258726683,0.009166666666666667,0.12084722222222223,0.3060943614761557,2.253905638523845,0.9043455120387014,527.1531799316406,0.0,0.0,527.1531799316406,654.8531799316406,3033.648792977763,359.1753845214844,30.0,544.0315478480943,0.0,1,XB01_M016_G00,XB01_M016_G00,XB01,M016,781.0625,1176.5625,395.5,10.928491222917913,0.0
E52_27fdcb9bc2da20af468e67a1,9.646877129001766,15.630401191469062,9.646877129001766,333.5201066466774,372.5049327982074,433.1312563841751,0.1799553449394086,0.009166666666666667,0.12084722222222223,0.3099692338282975,2.250030766171703,0.9031346144286571,467.8179138183594,0.0,0.0,467.8179138183594,595.5179138183594,3248.4844228813135,322.1230773925781,30.0,543.5201066466774,0.0,1,XB01_M016_G00,XB01_M016_G00,XB01,M016,781.0625,1176.5625,395.5,9.646877129001766,0.0
E52_2d7a36258a59c18fc6a856bf,9.861556805186666,16.662039037059316,9.861556805186666,318.72117968179435,361.17160743651436,382.73979283526836,0.16755561647288383,0.009166666666666667,0.12084722222222223,0.29756950536177273,2.262430494638228,0.907009529574446,509.40513305664064,0.0,0.0,509.40513305664064,637.1051330566406,2870.5484462645127,346.4301452636719,30.0,528.7211796817944,0.0,1,XB01_M016_G00,XB01_M016_G00,XB01,M016,781.0625,1176.5625,395.5,9.861556805186666,0.0
E52_347c51b45a583dd4c5a4aad0,9.52180179393551,10.359339260709504,9.52180179393551,545.8106765870443,594.6474365357748,798.6007934817058,0.3072138543106079,0.009166666666666667,0.12084722222222223,0.43722774319949675,2.122772256800504,0.8633663302501573,586.0411193847656,0.0,0.0,586.0411193847656,713.7411193847656,5989.505951112793,425.30462646484375,30.0,755.8106765870443,0.0,1,XB01_M016_G00,XB01_M016_G00,XB01,M016,781.0625,1176.5625,395.5,9.52180179393551,0.0
E52_3a94b6482baa2cfaba8a857d,10.380551441773832,16.425448776817632,10.380551441773832,326.01303055755295,369.111023518165,393.4381033514341,0.17166403726355467,0.009166666666666667,0.12084722222222223,0.30167792615244354,2.258322073847557,0.9057256480773614,517.1759155273437,0.0,0.0,517.1759155273437,644.8759155273438,2950.785775135756,352.4370422363281,30.0,536.013030557553,0.0,1,XB01_M016_G00,XB01_M016_G00,XB01,M016,781.0625,1176.5625,395.5,10.380551441773832,0.0
E52_437c6a333219b14c3939f26c,0.29122429237300196,6.0194831627628105,0.29122429237300196,277.09771274073506,296.211315442558,417.14117438283733,0.1570562493971614,0.009166666666666667,0.12084722222222223,0.28707013828605027,2.2729298617139504,0.9102905817856093,248.53977661132814,19.176544189453125,19.176544189453125,248.53977661132814,376.2397766113281,3128.55880787128,326.2397766113281,30.0,487.09771274073506,0.0,1,XB01_M016_G00,XB01_M016_G00,XB01,M016,781.0625,1176.5625,395.5,0.29122429237300196,0.0
E52_47db2d0d55c92154c779a4c9,11.176286595238821,16.45726286038159,11.176286595238821,312.62709924858126,351.3219092257948,393.08533863388124,0.16685347284684848,0.009166666666666667,0.12084722222222223,0.29686736173573736,2.2631326382642634,0.907228949457582,464.3377197265625,0.0,0.0,464.3377197265625,592.0377197265625,2948.1400397541092,295.61395263671875,30.0,522.6270992485813,0.0,1,XB01_M016_G00,XB01_M016_G00,XB01,M016,781.0625,1176.5625,395.5,11.176286595238821,0.0
E52_60b0dc656c777ee2cc2279b1,8.901658396555689,0.21315146591224732,0.21315146591224732,563.4362729251038,615.9641949832094,811.705013501575,0.3153381258454166,0.009166666666666667,0.12084722222222223,0.44535201473430547,2.114647985265695,0.8608274953955295,630.3350646972656,0.0,0.0,630.3350646972656,758.0350646972656,6087.787601261813,495.9024353027344,30.0,773.4362729251038,0.0,1,XB01_M016_G00,XB01_M016_G00,XB01,M016,781.0625,1176.5625,395.5,0.21315146591224732,0.0
E52_6aa461eda22a4c53e6730e81,0.26027333458110036,6.478254834226846,0.26027333458110036,265.8104536255181,288.3542041341444,395.1560268799425,0.15046620221455187,0.009166666666666667,0.12084722222222223,0.28048009110344074,2.27951990889656,0.9123499715301748,271.555615234375,1.030609130859375,1.030609130859375,271.555615234375,399.255615234375,2963.670201599569,349.255615234375,30.0,475.8104536255181,0.0,1,XB01_M016_G00,XB01_M016_G00,XB01,M016,781.0625,1176.5625,395.5,0.26027333458110036,0.0
E52_6dc095df8eb6475486134b5c,20.928261228982535,12.905188948092743,12.905188948092743,424.06014837873875,466.2734748964797,594.8403376510322,0.23505698741925235,0.009166666666666667,0.12084722222222223,0.3650708763081412,2.194929123691859,0.8859153511537059,506.55991821289064,0.0,0.0,506.55991821289064,634.2599182128906,4461.302532382741,440.2059631347656,30.0,634.0601483787387,0.0,1,XB01_M016_G00,XB01_M016_G00,XB01,M016,781.0625,1176.5625,395.5,12.905188948092743,0.0
E52_73baea82bbbffa2db9d7426a,10.241631917232525,5.711384152670419,5.711384152670419,297.3854850658978,324.64222792478455,431.2305129784753,0.16683515196021612,0.009166666666666667,0.12084722222222223,0.296849040849105,2.2631509591508956,0.9072346747346547,327.08091430664064,0.0,0.0,327.08091430664064,454.7809143066406,3234.2288473385647,335.390380859375,30.0,507.3854850658978,0.0,1,XB01_M016_G00,XB01_M016_G00,XB01,M016,781.0625,1176.5625,395.5,5.711384152670419,0.0
E52_74b3fb0a4920873efc33101b,1.2602427488312316,6.525083879148042,1.2602427488312316,262.62709924858126,284.6552425591281,393.08533863388124,0.14907135286228057,0.009166666666666667,0.12084722222222223,0.27908524175116944,2.280914758248831,0.9127858619527596,264.3377197265625,0.0,0.0,264.3377197265625,392.0377197265625,2948.1400397541092,295.61395263671875,30.0,472.62709924858126,0.0,1,XB01_M016_G00,XB01_M016_G00,XB01,M016,781.0625,1176.5625,395.5,1.2602427488312316,0.0
E52_82c821a5773d0bfbe554f10a,7.03127482901877,11.397135806608844,7.03127482901877,512.9354114719376,566.0737563002253,707.0407539741487,0.2825549862639304,0.009166666666666667,0.12084722222222223,0.41256887515281926,2.147431124847181,0.871072226514744,637.6601379394531,0.0,0.0,637.6601379394531,765.3601379394531,5302.805654806116,465.3601379394531,30.0,722.9354114719376,0.0,1,XB01_M016_G00,XB01_M016_G00,XB01,M016,781.0625,1176.5625,395.5,7.03127482901877,0.0
E52_8ca7795ffa642a3b129c0a3d,10.116181077439208,15.730152054416479,10.116181077439208,330.94608252023,369.9122522589995,428.0951466078428,0.17832668261553564,0.009166666666666667,0.12084722222222223,0.3083405715044245,2.251659428495576,0.9036435714048674,467.5940368652344,0.0,0.0,467.5940368652344,595.2940368652344,3210.713599558821,335.390380859375,30.0,540.94608252023,0.0,1,XB01_M016_G00,XB01_M016_G00,XB01,M016,781.0625,1176.5625,395.5,10.116181077439208,0.0
E52_8d375985c45fff9288668cb3,10.94719854612093,16.222123863058812,10.94719854612093,353.99602207193686,405.21742048909175,400.663653640944,0.182639281392285,0.009166666666666667,0.12084722222222223,0.3126531702811739,2.2473468297188264,0.9022958842871331,614.6567810058593,0.0,0.0,614.6567810058593,742.3567810058594,3004.97740230708,442.3567810058594,30.0,563.9960220719369,0.0,1,XB01_M016_G00,XB01_M016_G00,XB01,M016,781.0625,1176.5625,395.5,10.94719854612093,0.0
E52_9026ce0d2a5dd9a75ef73c8e,0.8353766427972573,6.720084116703532,0.8353766427972573,248.61637070099954,267.37077642202814,384.70630707582717,0.14290187810434732,0.009166666666666667,0.12084722222222223,0.2729157669932362,2.2870842330067642,0.9147138228146137,225.05286865234376,0.0,0.0,225.05286865234376,352.75286865234375,2885.297303068704,302.75286865234375,30.0,458.61637070099954,0.0,1,XB01_M016_G00,XB01_M016_G00,XB01,M016,781.0625,1176.5625,395.5,0.8353766427972573,0.0
E52_9b18c2085562c5280ea1e394,8.557493308047512,0.02697066595830222,0.02697066595830222,563.4972144032131,613.0086493397365,829.9258191872856,0.3179402888393461,0.009166666666666667,0.12084722222222223,0.447954177728235,2.1120458222717655,0.8600143194599266,594.1372192382812,0.0,0.0,594.1372192382812,721.8372192382812,6224.443643904642,487.8569030761719,30.0,773.4972144032131,0.0,1,XB01_M016_G00,XB01_M016_G00,XB01,M016,781.0625,1176.5625,395.5,0.02697066595830222,0.0
E52_a1af1f4ab7d520e82e20be53,8.9361154716633,0.45430012492889205,0.45430012492889205,547.7224457312177,598.7128286250978,789.5025940991541,0.30660524396013417,0.009166666666666667,0.12084722222222223,0.43661913284902304,2.1233808671509773,0.8635565209846803,611.8845947265625,0.0,0.0,611.8845947265625,739.5845947265625,5921.269455743655,492.6366271972656,30.0,757.7224457312177,0.0,1,XB01_M016_G00,XB01_M016_G00,XB01,M016,781.0625,1176.5625,395.5,0.45430012492889205,0.0
E52_afb1e3673ff3adbe9c45b8fc,0.7145234178841662,6.956106286850726,0.7145234178841662,250.21040235058808,271.27175132926646,374.0527108291059,0.1419599864782851,0.009166666666666667,0.12084722222222223,0.271973875367174,2.2880261246328266,0.9150081639477581,252.73618774414064,0.0,0.0,252.73618774414064,380.4361877441406,2805.395331218294,291.6474609375,30.0,460.2104023505881,0.0,1,XB01_M016_G00,XB01_M016_G00,XB01,M016,781.0625,1176.5625,395.5,0.7145234178841662,0.0
E52_b60e4d2a4cdcd5801a5d757f,9.6910339592972,16.480566458341656,9.6910339592972,308.26023760270465,345.626388522301,392.32356968783114,0.16519254750221457,0.009166666666666667,0.12084722222222223,0.29520643639110344,2.264793563608897,0.9077479886277802,448.39381103515626,0.0,0.0,448.39381103515626,576.0938110351562,2942.4267726587336,326.2397766113281,30.0,518.2602376027046,0.0,1,XB01_M016_G00,XB01_M016_G00,XB01,M016,781.0625,1176.5625,395.5,9.6910339592972,0.0
E52_b8aeee13ee5f313ffdb298e7,9.261592496336604,0.32052137756616617,0.32052137756616617,550.9628084392909,600.9445446860357,802.0351993981131,0.309532562555218,0.009166666666666667,0.12084722222222223,0.43954645144410687,2.1204535485558935,0.8626417339237167,599.7808349609375,0.0,0.0,599.7808349609375,727.4808349609375,6015.263995485849,485.42230224609375,30.0,760.9628084392909,0.0,1,XB01_M016_G00,XB01_M016_G00,XB01,M016,781.0625,1176.5625,395.5,0.32052137756616617,0.0
E52_c0294c7ff44d44fc4ede8d97,9.63131941890856,16.7256600789149,9.63131941890856,316.70783025924425,358.9570632507807,379.92026256926977,0.16644027302831577,0.009166666666666667,0.12084722222222223,0.29645416191720464,2.2635458380827957,0.9073580744008736,506.9907958984375,0.0,0.0,506.9907958984375,634.6907958984375,2849.4019692695233,334.6907958984375,30.0,526.7078302592442,0.0,1,XB01_M016_G00,XB01_M016_G00,XB01,M016,781.0625,1176.5625,395.5,9.63131941890856,0.0
E52_c10a50247c57c0340b451298,22.711047529536316,3.1495087650690863,3.1495087650690863,410.4813485396202,450.8988478275434,578.4577013517014,0.22790762835174688,0.009166666666666667,0.12084722222222223,0.35792151724063576,2.2020784827593647,0.8881495258623013,485.00999145507814,0.0,0.0,485.00999145507814,612.7099914550781,4338.432760137761,515.4917602539062,30.0,620.4813485396203,0.0,1,XB01_M016_G00,XB01_M016_G00,XB01,M016,781.0625,1176.5625,395.5,3.1495087650690863,0.0
E52_c117f06f984d58b2275e6c48,9.540334862527715,0.365836005255062,0.365836005255062,533.3106765870443,577.980769869108,798.6007934817058,0.30276832431446593,0.009166666666666667,0.12084722222222223,0.4327822132033548,2.1272177867966455,0.8647555583739517,536.0411193847656,0.0,0.0,536.0411193847656,663.7411193847656,5989.505951112793,425.30462646484375,30.0,743.3106765870443,0.0,1,XB01_M016_G00,XB01_M016_G00,XB01,M016,781.0625,1176.5625,395.5,0.365836005255062,0.0
E52_d22cbe82615c6d2ee0ebf49f,10.18232641347295,15.758568264926964,10.18232641347295,318.17309843891866,352.9726015110215,427.5491784452201,0.1737067461230003,0.009166666666666667,0.12084722222222223,0.3037206350118892,2.2562793649881114,0.9050873015587846,417.5940368652344,0.0,0.0,417.5940368652344,545.2940368652344,3206.618838339151,335.390380859375,30.0,528.1730984389187,0.0,1,XB01_M016_G00,XB01_M016_G00,XB01,M016,781.0625,1176.5625,395.5,10.18232641347295,0.0
E52_d6d1511afdebb88632549a71,11.95681392735753,16.177909036830457,11.95681392735753,342.76879390848103,389.67749650450963,404.08537224079015,0.1791309979165653,0.009166666666666667,0.12084722222222223,0.3091448868054542,2.2508551131945462,0.9033922228732956,562.9044311523437,0.0,0.0,562.9044311523437,690.6044311523438,3030.640291805926,390.60443115234375,30.0,552.768793908481,0.0,1,XB01_M016_G00,XB01_M016_G00,XB01,M016,781.0625,1176.5625,395.5,11.95681392735753,0.0
E52_dbec4f1422e98765afb262aa,10.873853311460351,16.38523852602286,10.873853311460351,322.5402116809159,364.1002534899979,395.72017250733956,0.1707521496628321,0.009166666666666667,0.12084722222222223,0.30076603855172096,2.2592339614482797,0.9060106129525872,498.7205017089844,0.0,0.0,498.7205017089844,626.4205017089844,2967.901293805047,326.4205017089844,30.0,532.540211680916,0.0,1,XB01_M016_G00,XB01_M016_G00,XB01,M016,781.0625,1176.5625,395.5,10.873853311460351,0.0
E52_dd12fb0cc4aee52816704b73,9.457471683753681,0.5498680641518376,0.5498680641518376,547.6210002825783,600.0718247658139,780.5370536657424,0.3052994367315811,0.009166666666666667,0.12084722222222223,0.43531332562047,2.1246866743795305,0.8639645857436031,629.4098937988281,0.0,0.0,629.4098937988281,757.1098937988281,5854.027902493068,543.108642578125,30.0,757.6210002825783,0.0,1,XB01_M016_G00,XB01_M016_G00,XB01,M016,781.0625,1176.5625,395.5,0.5498680641518376,0.0
E52_de2c36302e014a6d0284c896,10.188846349369086,15.994052628622484,10.188846349369086,325.41177480357015,364.7238282296769,414.95122905049965,0.1744969638873427,0.009166666666666667,0.12084722222222223,0.3045108527762316,2.255489147223769,0.9048403585074276,471.74464111328126,0.0,0.0,471.74464111328126,599.4446411132812,3112.134217878747,325.15069580078125,30.0,535.4117748035701,0.0,1,XB01_M016_G00,XB01_M016_G00,XB01,M016,781.0625,1176.5625,395.5,10.188846349369086,0.0
E52_e0325aad0b87e7c07e10fc2c,0.28996337943175376,5.987785159048158,0.28996337943175376,275.1983248954777,294.96932963587483,418.60161500091635,0.15682137892336617,0.009166666666666667,0.12084722222222223,0.28683526781225505,2.2731647321877455,0.9103639788086703,248.53977661132814,11.2877197265625,11.2877197265625,248.53977661132814,376.2397766113281,3139.5121125068727,326.2397766113281,30.0,485.1983248954777,0.0,1,XB01_M016_G00,XB01_M016_G00,XB01,M016,781.0625,1176.5625,395.5,0.28996337943175376,0.0
E52_e0cd6bab1a22c4530d9a254c,0.9640465059994483,6.471069764274475,0.9640465059994483,260.0402116809159,280.7669201566646,395.72017250733956,0.14852449968212222,0.009166666666666667,0.12084722222222223,0.2785383885710111,2.2814616114289894,0.912956753571559,248.7205017089844,0.0,0.0,248.7205017089844,376.4205017089844,2967.901293805047,326.4205017089844,30.0,470.0402116809159,0.0,1,XB01_M016_G00,XB01_M016_G00,XB01,M016,781.0625,1176.5625,395.5,0.9640465059994483,0.0
E52_ea76d341ab82f2ebc1fa1efe,0.2590687234203841,6.056283714240493,0.2590687234203841,275.41177480357015,298.05716156301025,414.95122905049965,0.15671484390277482,0.009166666666666667,0.12084722222222223,0.2867287327916637,2.2732712672083366,0.9103972710026051,271.74464111328126,0.0,0.0,271.74464111328126,399.44464111328125,3112.134217878747,325.15069580078125,30.0,485.41177480357015,0.0,1,XB01_M016_G00,XB01_M016_G00,XB01,M016,781.0625,1176.5625,395.5,0.2590687234203841,0.0
E52_f2fabdd802684ffd17ed2273,0.6936377613534717,16.925225818485302,0.6936377613534717,275.2104023505881,304.60508466259984,374.0527108291059,0.15085104647056902,0.009166666666666667,0.12084722222222223,0.2808649353594579,2.279135064640543,0.9122297077001694,352.73618774414064,0.0,0.0,352.73618774414064,480.4361877441406,2805.395331218294,291.6474609375,30.0,485.2104023505881,0.0,1,XB01_M016_G00,XB01_M016_G00,XB01,M016,781.0625,1176.5625,395.5,0.6936377613534717,0.0
E52_189eb019491ad876aa165071,4.910998135102375,3.8094716871601975,3.8094716871601975,403.09916814168594,448.35288467407526,534.676037089036,0.21908171065325852,0.009166666666666667,0.28258159722222226,0.5108299745421474,2.049170025457853,0.840365632955579,543.0445983886718,0.0,0.0,543.0445983886718,670.7445983886719,4010.07027816777,391.87322998046875,30.0,613.0991681416859,0.0,1,XB01_M017_G00,XB01_M017_G00,XB01,M017,4989.78125,5914.59375,924.8125,3.8094716871601975,0.0
E52_231de36c6439da832299e30f,3.094118306520926,16.451156269229884,3.094118306520926,336.2639482811268,383.1573412254627,391.1675388962379,0.1749881335365896,0.009166666666666667,0.28258159722222226,0.4667363974254785,2.093263602574522,0.854144875804538,562.7207153320312,0.0,0.0,562.7207153320312,690.4207153320312,2933.7565417217843,390.42071533203125,30.0,546.2639482811268,0.0,1,XB01_M017_G00,XB01_M017_G00,XB01,M017,4989.78125,5914.59375,924.8125,3.094118306520926,0.0
E52_246111a1ef063bec9e89ec9e,6.759696504692187,13.03223549741864,6.759696504692187,413.11352328410356,453.07003166626504,586.4879962752384,0.22998101771643822,0.009166666666666667,0.28258159722222226,0.5217292816053272,2.0382707183946733,0.8369595994983352,479.4781005859375,0.0,0.0,479.4781005859375,607.1781005859375,4398.659972064288,469.28277587890625,30.0,623.1135232841036,0.0,1,XB01_M017_G00,XB01_M017_G00,XB01,M017,4989.78125,5914.59375,924.8125,6.759696504692187,0.0
E52_347c51b45a583dd4c5a4aad0,9.438041382913596,10.359339260709504,9.438041382913596,545.8106765870443,594.6474365357748,798.6007934817058,0.3072138543106079,0.009166666666666667,0.28258159722222226,0.5989621181994969,1.9610378818005036,0.8128243380626572,586.0411193847656,0.0,0.0,586.0411193847656,713.7411193847656,5989.505951112793,425.30462646484375,30.0,755.8106765870443,0.0,1,XB01_M017_G00,XB01_M017_G00,XB01,M017,4989.78125,5914.59375,924.8125,9.438041382913596,0.0
E52_47db2d0d55c92154c779a4c9,3.0205906267075733,16.45726286038159,3.0205906267075733,312.62709924858126,351.3219092257948,393.08533863388124,0.16685347284684848,0.009166666666666667,0.28258159722222226,0.4586017367357374,2.101398263264263,0.856686957270082,464.3377197265625,0.0,0.0,464.3377197265625,592.0377197265625,2948.1400397541092,295.61395263671875,30.0,522.6270992485813,0.0,1,XB01_M017_G00,XB01_M017_G00,XB01,M017,4989.78125,5914.59375,924.8125,3.0205906267075733,0.0
E52_60b0dc656c777ee2cc2279b1,8.753251529552415,0.21315146591224732,0.21315146591224732,563.4362729251038,615.9641949832094,811.705013501575,0.3153381258454166,0.009166666666666667,0.28258159722222226,0.6070863897343055,1.952913610265695,0.8102855032080295,630.3350646972656,0.0,0.0,630.3350646972656,758.0350646972656,6087.787601261813,495.9024353027344,30.0,773.4362729251038,0.0,1,XB01_M017_G00,XB01_M017_G00,XB01,M017,4989.78125,5914.59375,924.8125,0.21315146591224732,0.0
E52_6dc095df8eb6475486134b5c,6.915729524772303,12.905188948092743,6.915729524772303,424.06014837873875,466.2734748964797,594.8403376510322,0.23505698741925235,0.009166666666666667,0.28258159722222226,0.5268052513081413,2.033194748691859,0.8353733589662059,506.55991821289064,0.0,0.0,506.55991821289064,634.2599182128906,4461.302532382741,440.2059631347656,30.0,634.0601483787387,0.0,1,XB01_M017_G00,XB01_M017_G00,XB01,M017,4989.78125,5914.59375,924.8125,6.915729524772303,0.0
E52_82c821a5773d0bfbe554f10a,3.9055423871373875,11.397135806608844,3.9055423871373875,512.9354114719376,566.0737563002253,707.0407539741487,0.2825549862639304,0.009166666666666667,0.28258159722222226,0.5743032501528194,1.9856967498471811,0.8205302343272439,637.6601379394531,0.0,0.0,637.6601379394531,765.3601379394531,5302.805654806116,465.3601379394531,30.0,722.9354114719376,0.0,1,XB01_M017_G00,XB01_M017_G00,XB01,M017,4989.78125,5914.59375,924.8125,3.9055423871373875,0.0
E52_8d375985c45fff9288668cb3,3.1370206879068405,16.222123863058812,3.1370206879068405,353.99602207193686,405.21742048909175,400.663653640944,0.182639281392285,0.009166666666666667,0.28258159722222226,0.4743875452811739,2.0856124547188264,0.8517538920996331,614.6567810058593,0.0,0.0,614.6567810058593,742.3567810058594,3004.97740230708,442.3567810058594,30.0,563.9960220719369,0.0,1,XB01_M017_G00,XB01_M017_G00,XB01,M017,4989.78125,5914.59375,924.8125,3.1370206879068405,0.0
E52_9b18c2085562c5280ea1e394,8.462320179060413,0.02697066595830222,0.02697066595830222,563.4972144032131,613.0086493397365,829.9258191872856,0.3179402888393461,0.009166666666666667,0.28258159722222226,0.609688552728235,1.9503114472717655,0.8094723272724266,594.1372192382812,0.0,0.0,594.1372192382812,721.8372192382812,6224.443643904642,487.8569030761719,30.0,773.4972144032131,0.0,1,XB01_M017_G00,XB01_M017_G00,XB01,M017,4989.78125,5914.59375,924.8125,0.02697066595830222,0.0
E52_a1af1f4ab7d520e82e20be53,8.684121635912575,0.45430012492889205,0.45430012492889205,547.7224457312177,598.7128286250978,789.5025940991541,0.30660524396013417,0.009166666666666667,0.28258159722222226,0.5983535078490231,1.9616464921509773,0.8130145287971803,611.8845947265625,0.0,0.0,611.8845947265625,739.5845947265625,5921.269455743655,492.6366271972656,30.0,757.7224457312177,0.0,1,XB01_M017_G00,XB01_M017_G00,XB01,M017,4989.78125,5914.59375,924.8125,0.45430012492889205,0.0
E52_b8aeee13ee5f313ffdb298e7,9.120474002873337,0.32052137756616617,0.32052137756616617,550.9628084392909,600.9445446860357,802.0351993981131,0.309532562555218,0.009166666666666667,0.28258159722222226,0.601280826444107,1.9587191735558935,0.8120997417362166,599.7808349609375,0.0,0.0,599.7808349609375,727.4808349609375,6015.263995485849,485.42230224609375,30.0,760.9628084392909,0.0,1,XB01_M017_G00,XB01_M017_G00,XB01,M017,4989.78125,5914.59375,924.8125,0.32052137756616617,0.0
E52_be69bdf55826f2eb34075d09,2.1858471240912536,12.029424972929434,2.1858471240912536,457.6877788138426,500.48965717077624,658.5642874860837,0.25604119113741575,0.009166666666666667,0.28258159722222226,0.5477894550263047,2.012210544973696,0.8288157953042798,513.6225402832031,0.0,0.0,513.6225402832031,641.3225402832031,4939.232156145627,341.3225402832031,30.0,667.6877788138427,0.0,1,XB01_M017_G00,XB01_M017_G00,XB01,M017,4989.78125,5914.59375,924.8125,2.1858471240912536,0.0
E52_c10a50247c57c0340b451298,6.585315506004903,3.1495087650690863,3.1495087650690863,410.4813485396202,450.8988478275434,578.4577013517014,0.22790762835174688,0.009166666666666667,0.28258159722222226,0.5196558922406358,2.0403441077593647,0.8376075336748013,485.00999145507814,0.0,0.0,485.00999145507814,612.7099914550781,4338.432760137761,515.4917602539062,30.0,620.4813485396203,0.0,1,XB01_M017_G00,XB01_M017_G00,XB01,M017,4989.78125,5914.59375,924.8125,3.1495087650690863,0.0
E52_c117f06f984d58b2275e6c48,9.451388581640032,0.365836005255062,0.365836005255062,533.3106765870443,577.980769869108,798.6007934817058,0.30276832431446593,0.009166666666666667,0.28258159722222226,0.5945165882033548,1.9654834117966455,0.8142135661864516,536.0411193847656,0.0,0.0,536.0411193847656,663.7411193847656,5989.505951112793,425.30462646484375,30.0,743.3106765870443,0.0,1,XB01_M017_G00,XB01_M017_G00,XB01,M017,4989.78125,5914.59375,924.8125,0.365836005255062,0.0
E52_d6d1511afdebb88632549a71,3.3606450562612338,16.177909036830457,3.3606450562612338,342.76879390848103,389.67749650450963,404.08537224079015,0.1791309979165653,0.009166666666666667,0.28258159722222226,0.47087926180545425,2.0891207381945462,0.8528502306857956,562.9044311523437,0.0,0.0,562.9044311523437,690.6044311523438,3030.640291805926,390.60443115234375,30.0,552.768793908481,0.0,1,XB01_M017_G00,XB01_M017_G00,XB01,M017,4989.78125,5914.59375,924.8125,3.3606450562612338,0.0
E52_dd12fb0cc4aee52816704b73,9.224112981952246,0.5498680641518376,0.5498680641518376,547.6210002825783,600.0718247658139,780.5370536657424,0.3052994367315811,0.009166666666666667,0.28258159722222226,0.59704770062047,1.9629522993795305,0.8134225935561031,629.4098937988281,0.0,0.0,629.4098937988281,757.1098937988281,5854.027902493068,543.108642578125,30.0,757.6210002825783,0.0,1,XB01_M017_G00,XB01_M017_G00,XB01,M017,4989.78125,5914.59375,924.8125,0.5498680641518376,0.0
E52_1ef47ef68c1879e18ddbb164,1.8109249337023954,9.684707827919368,1.8109249337023954,525.9457118932837,556.9823492630754,865.6715995678175,0.30964781577290457,0.009166666666666667,0.2702256944444445,0.5890401768840157,1.9709598231159848,0.8159249447237451,372.4396484375,0.0,0.0,372.4396484375,500.1396484375,6492.536996758631,304.7821350097656,30.0,735.9457118932837,0.0,1,XB01_M018_G00,XB01_M018_G00,XB01,M018,770.21875,1654.59375,884.375,1.8109249337023954,0.0
E52_2e64690809088e2a96fb2160,6.775690561658408,9.500767968691491,6.775690561658408,523.7789293194231,550.945126524013,884.5606754113072,0.31155234822715455,0.009166666666666667,0.2702256944444445,0.5909447093382657,1.9690552906617347,0.815329778331792,325.99436645507814,0.0,0.0,325.99436645507814,453.6943664550781,6634.205065584804,329.6845703125,30.0,733.7789293194231,0.0,1,XB01_M018_G00,XB01_M018_G00,XB01,M018,770.21875,1654.59375,884.375,6.775690561658408,0.0
E52_30110e5b3ae38ecfab28ace2,0.871248743195423,10.05954008012911,0.871248743195423,514.4106891471403,547.7506496268766,828.7816154158626,0.30032099335417484,0.009166666666666667,0.2702256944444445,0.5797133544652859,1.9802866455347146,0.8188395767295982,400.07952575683595,0.0,0.0,400.07952575683595,527.7795257568359,6215.862115618969,313.0162353515625,30.0,724.4106891471403,0.0,1,XB01_M018_G00,XB01_M018_G00,XB01,M018,770.21875,1654.59375,884.375,0.871248743195423,0.0
E52_413d3eff5d481ef66f8d3068,6.761960350847289,9.493762996477216,6.761960350847289,548.7789293194231,584.2784598573463,884.5606754113072,0.3204434082194385,0.009166666666666667,0.2702256944444445,0.5998357693305496,1.960164230669451,0.8125513220842032,425.99436645507814,0.0,0.0,425.99436645507814,553.6943664550781,6634.205065584804,329.6845703125,30.0,758.7789293194231,0.0,1,XB01_M018_G00,XB01_M018_G00,XB01,M018,770.21875,1654.59375,884.375,6.761960350847289,0.0
E52_82c821a5773d0bfbe554f10a,5.523919136465679,11.397135806608844,5.523919136465679,512.9354114719376,566.0737563002253,707.0407539741487,0.2825549862639304,0.009166666666666667,0.2702256944444445,0.5619473473750416,1.998052652624959,0.8243914539452994,637.6601379394531,0.0,0.0,637.6601379394531,765.3601379394531,5302.805654806116,465.3601379394531,30.0,722.9354114719376,0.0,1,XB01_M018_G00,XB01_M018_G00,XB01,M018,770.21875,1654.59375,884.375,5.523919136465679,0.0
E52_831cee7e7a3a549796e42b18,10.148020964199446,10.042846261792022,10.042846261792022,524.445203057942,560.9167693217765,830.061008532876,0.3040708837654974,0.009166666666666667,0.2702256944444445,0.5834632448766086,1.9765367551233919,0.8176677359760598,437.65879516601564,0.0,0.0,437.65879516601564,565.3587951660156,6225.457563996571,359.5916748046875,30.0,734.445203057942,0.0,1,XB01_M018_G00,XB01_M018_G00,XB01,M018,770.21875,1654.59375,884.375,10.042846261792022,0.0
E52_88c1c7aba1fcf94c58dad20e,6.770132515493884,9.497510042154289,6.770132515493884,536.2789293194231,567.6117931906797,884.5606754113072,0.3159978782232965,0.009166666666666667,0.2702256944444445,0.5953902393344077,1.9646097606655928,0.8139405502079976,375.99436645507814,0.0,0.0,375.99436645507814,503.6943664550781,6634.205065584804,329.6845703125,30.0,746.2789293194231,0.0,1,XB01_M018_G00,XB01_M018_G00,XB01,M018,770.21875,1654.59375,884.375,6.770132515493884,0.0
E52_c98d1e580ba9a8920eeacbdb,9.933758786130525,9.995636820319618,9.933758786130525,531.3190315479533,569.3529452238973,834.4345810402425,0.30713490815373307,0.009166666666666667,0.2702256944444445,0.5865272692648442,1.9734727307351563,0.8167102283547362,456.40696411132814,0.0,0.0,456.40696411132814,584.1069641113281,6258.259357801819,362.73199462890625,30.0,741.3190315479533,0.0,1,XB01_M018_G00,XB01_M018_G00,XB01,M018,770.21875,1654.59375,884.375,9.933758786130525,0.0
E52_cdef0b479e00ae29ebd83132,0.4692401324579123,10.01648148125875,0.4692401324579123,520.0071121141804,554.5433095222207,832.7970397801186,0.3028799960747676,0.009166666666666667,0.2702256944444445,0.5822723571858788,1.9777276428141217,0.8180398883794129,414.4343688964844,0.0,0.0,414.4343688964844,542.1343688964844,6245.977798350889,297.6476745605469,30.0,730.0071121141804,0.0,1,XB01_M018_G00,XB01_M018_G00,XB01,M018,770.21875,1654.59375,884.375,0.4692401324579123,0.0
E52_d3460088443e86b69235cf2f,9.820370805240273,10.110906533633653,9.820370805240273,520.9986937965015,557.4049117530444,823.5600798537452,0.3019244763287566,0.009166666666666667,0.2702256944444445,0.5813168374398677,1.9786831625601327,0.8183384883000413,436.87461547851564,0.0,0.0,436.87461547851564,564.5746154785156,6176.700598903089,276.8628845214844,30.0,730.9986937965015,0.0,1,XB01_M018_G00,XB01_M018_G00,XB01,M018,770.21875,1654.59375,884.375,9.820370805240273,0.0
E52_ef8fa59407d07a2296b5f591,1.3695242495045648,0.3151276047193221,0.3151276047193221,505.85939793409244,540.3898465933535,804.5361039126185,0.29384606362066074,0.009166666666666667,0.2702256944444445,0.5732384247317719,1.9867615752682286,0.8208629922713213,414.3653839111328,0.0,0.0,414.3653839111328,542.0653839111328,6034.020779344639,284.8677062988281,30.0,715.8593979340924,0.0,1,XB01_M018_G00,XB01_M018_G00,XB01,M018,770.21875,1654.59375,884.375,0.3151276047193221,0.0
E52_060143e4033ea7dfc142ce26,7.189601053278707,13.051384290227645,7.189601053278707,390.52156568077555,422.97629514244545,586.3147545915316,0.2219218246513189,0.009166666666666667,0.1600920138888889,0.3911805052068745,2.168819494793126,0.8777560921228518,389.4567535400391,0.0,0.0,389.4567535400391,517.1567535400391,4397.360659436487,293.1027526855469,30.0,600.5215656807756,0.0,1,XB01_M019_G00,XB01_M019_G00,XB01,M019,4084.3125,4608.25,523.9375,7.189601053278707,0.0
E52_06eb0baa948af7ff52881bcf,1.0060553752836086,16.258674653736037,1.0060553752836086,296.7597053393259,328.36499963050426,403.88764493158146,0.16274021246714285,0.009166666666666667,0.1600920138888889,0.3319988930226984,2.228001106977302,0.8962503459304068,379.26353149414064,0.0,0.0,379.26353149414064,506.9635314941406,3029.157336986861,306.9635314941406,30.0,506.7597053393259,0.0,1,XB01_M019_G00,XB01_M019_G00,XB01,M019,4084.3125,4608.25,523.9375,1.0060553752836086,0.0
E52_0c56c0f390b777971f9a7e58,3.471011364506708,2.1743859331465814,2.1743859331465814,461.3120930283848,507.24512830670517,647.0259743868478,0.2556960576036008,0.009166666666666667,0.1600920138888889,0.4249547381591564,2.135045261840844,0.8672016443252637,551.1964233398437,0.0,0.0,551.1964233398437,678.8964233398438,4852.694807901358,431.4708251953125,30.0,671.3120930283849,0.0,1,XB01_M019_G00,XB01_M019_G00,XB01,M019,4084.3125,4608.25,523.9375,2.1743859331465814,0.0
E52_0c9d91fc306062a18ada9948,1.7538108177590743,15.697900697510477,1.7538108177590743,331.42241999480143,370.2725110389095,429.7442937249544,0.1787296459836012,0.009166666666666667,0.1600920138888889,0.3479883265391568,2.212011673460844,0.8912536479565135,466.2010925292969,0.0,0.0,466.2010925292969,593.9010925292969,3223.082202937158,326.7436828613281,30.0,541.4224199948014,0.0,1,XB01_M019_G00,XB01_M019_G00,XB01,M019,4084.3125,4608.25,523.9375,1.7538108177590743,0.0
E52_0f45fcab7c66cb90fa618929,6.060232928981648,12.721246579688795,6.060232928981648,427.8988653120833,469.21977900837237,607.8722484464322,0.23826781941132907,0.009166666666666667,0.1600920138888889,0.4075264999668846,2.152473500033116,0.8726479687603486,495.85096435546876,0.0,0.0,495.85096435546876,623.5509643554688,4559.041863348241,326.6978454589844,30.0,637.8988653120832,0.0,1,XB01_M019_G00,XB01_M019_G00,XB01,M019,4084.3125,4608.25,523.9375,6.060232928981648,0.0
E52_0fa03b8d9ed736d48919c1b7,8.362549553232114,11.555158541579928,8.362549553232114,469.53189880990186,510.00510285042924,696.2245733766397,0.2655870342753843,0.009166666666666667,0.1600920138888889,0.4348457148309399,2.1251542851690606,0.8641107141153312,485.67844848632814,0.0,0.0,485.67844848632814,613.3784484863281,5221.684300324798,318.1667785644531,30.0,679.5318988099018,0.0,1,XB01_M019_G00,XB01_M019_G00,XB01,M019,4084.3125,4608.25,523.9375,8.362549553232114,0.0
E52_12b142f00e8cb4e3948f96c2,6.691985171180306,12.991659521749298,6.691985171180306,402.5936730780369,438.4739485500421,589.9056933240425,0.22672373828986628,0.009166666666666667,0.1600920138888889,0.39598241884542185,2.1640175811545785,0.8762554941108057,430.5633056640625,0.0,0.0,430.5633056640625,558.2633056640625,4424.292699930319,284.7546081542969,30.0,612.5936730780369,0.0,1,XB01_M019_G00,XB01_M019_G00,XB01,M019,4084.3125,4608.25,523.9375,6.691985171180306,0.0
E52_132fcaf6d631eae41e83e018,0.8070989219459364,12.621037374336296,0.8070989219459364,466.52713400648173,519.919143487276,612.7022111281979,0.2526897045720101,0.009166666666666667,0.1600920138888889,0.4219483851275657,2.1380516148724347,0.8681411296476358,640.7041137695312,0.0,0.0,640.7041137695312,768.4041137695312,4595.266583461484,468.40411376953125,30.0,676.5271340064817,0.0,1,XB01_M019_G00,XB01_M019_G00,XB01,M019,4084.3125,4608.25,523.9375,0.8070989219459364,0.0
E52_154bbd26b7808edf72eaa410,0.32028936068445546,13.235683344326844,0.32028936068445546,444.90797820490957,498.19814035497467,570.0749835094285,0.23896400983981742,0.009166666666666667,0.1600920138888889,0.40822269039537296,2.1517773096046273,0.872430409251446,639.4819458007812,0.0,0.0,639.4819458007812,767.1819458007812,4275.562376320714,467.18194580078125,30.0,654.9079782049096,0.0,1,XB01_M019_G00,XB01_M019_G00,XB01,M019,4084.3125,4608.25,523.9375,0.32028936068445546,0.0
E52_189eb019491ad876aa165071,0.6683873012807737,3.8094716871601975,0.6683873012807737,403.09916814168594,448.35288467407526,534.676037089036,0.21908171065325852,0.009166666666666667,0.1600920138888889,0.3883403912088141,2.1716596087911864,0.8786436277472456,543.0445983886718,0.0,0.0,543.0445983886718,670.7445983886719,4010.07027816777,391.87322998046875,30.0,613.0991681416859,0.0,1,XB01_M019_G00,XB01_M019_G00,XB01,M019,4084.3125,4608.25,523.9375,0.6683873012807737,0.0
E52_1eac4bbcd37cec5d48241661,1.6885288587671141,6.04580255430777,1.6885288587671141,275.66392246828667,298.30930922772677,415.4555243799327,0.1568759382441215,0.009166666666666667,0.1600920138888889,0.3261346187996771,2.2338653812003235,0.8980829316251009,271.74464111328126,0.0,0.0,271.74464111328126,399.44464111328125,3115.9164328494953,326.2397766113281,30.0,485.66392246828667,0.0,1,XB01_M019_G00,XB01_M019_G00,XB01,M019,4084.3125,4608.25,523.9375,1.6885288587671141,0.0
E52_214ce9a3b3bd3fa9c582335a,2.22942062366117,15.138353346483314,2.22942062366117,331.46735474952504,365.31699057309277,459.8368945576438,0.1830074384559416,0.009166666666666667,0.1600920138888889,0.3522661190114972,2.207733880988503,0.8899168378089072,406.1956298828125,0.0,0.0,406.1956298828125,533.8956298828125,3448.7767091823284,283.8956298828125,30.0,541.467354749525,0.0,1,XB01_M019_G00,XB01_M019_G00,XB01,M019,4084.3125,4608.25,523.9375,2.22942062366117,0.0
E52_215ef380a7eb56a6f7d09ab1,4.619633923612724,12.440860913671315,4.619633923612724,437.2780853288336,478.35957590907447,628.0672271762219,0.2444635461376352,0.009166666666666667,0.1600920138888889,0.4137222266931908,2.1462777733068097,0.8707118041583779,492.97788696289064,0.0,0.0,492.97788696289064,620.6778869628906,4710.504203821664,324.9881591796875,30.0,647.2780853288336,0.0,1,XB01_M019_G00,XB01_M019_G00,XB01,M019,4084.3125,4608.25,523.9375,4.619633923612724,0.0
E52_231555d7070bcf1a0911e332,1.6588153883970875,5.981962334569488,1.6588153883970875,303.4113952968874,335.0249979987103,417.14117438283733,0.1669828432889251,0.009166666666666667,0.1600920138888889,0.3362415238444807,2.2237584761555196,0.8949245237985998,379.363232421875,0.0,0.0,379.363232421875,507.063232421875,3128.55880787128,326.2397766113281,30.0,513.4113952968873,0.0,1,XB01_M019_G00,XB01_M019_G00,XB01,M019,4084.3125,4608.25,523.9375,1.6588153883970875,0.0
E52_24cc4f01335372459fb4c2ba,11.810135906013329,12.909161020133865,11.810135906013329,410.2633482290822,447.7953418407359,595.3347347882426,0.23022027843265847,0.009166666666666667,0.1600920138888889,0.39947895898821406,2.1605210410117865,0.8751628253161832,450.38392333984376,0.0,0.0,450.38392333984376,578.0839233398438,4465.010510911819,278.08392333984375,30.0,620.2633482290822,0.0,1,XB01_M019_G00,XB01_M019_G00,XB01,M019,4084.3125,4608.25,523.9375,11.810135906013329,0.0
E52_27bf01e9e990859ae5993708,1.6648745594862788,15.932490639468014,1.6648745594862788,318.6138217216496,355.0514931287134,418.60161500091635,0.17259630304263499,0.009166666666666667,0.1600920138888889,0.34185498359819055,2.21814501640181,0.8931703176255654,437.25205688476564,0.0,0.0,437.25205688476564,564.9520568847656,3139.5121125068727,326.2397766113281,30.0,528.6138217216496,0.0,1,XB01_M019_G00,XB01_M019_G00,XB01,M019,4084.3125,4608.25,523.9375,1.6648745594862788,0.0
E52_27bf1882d0e1a812c8450c72,1.1675577395526062,16.18675851321828,1.1675577395526062,334.03154784809436,377.9609795090644,404.48650573036844,0.17608047258726683,0.009166666666666667,0.1600920138888889,0.3453391531428224,2.214660846857178,0.892081514642868,527.1531799316406,0.0,0.0,527.1531799316406,654.8531799316406,3033.648792977763,359.1753845214844,30.0,544.0315478480943,0.0,1,XB01_M019_G00,XB01_M019_G00,XB01,M019,4084.3125,4608.25,523.9375,1.1675577395526062,0.0
E52_27fdcb9bc2da20af468e67a1,2.0181303031572497,15.630401191469062,2.0181303031572497,333.5201066466774,372.5049327982074,433.1312563841751,0.1799553449394086,0.009166666666666667,0.1600920138888889,0.34921402549496416,2.2107859745050362,0.8908706170328237,467.8179138183594,0.0,0.0,467.8179138183594,595.5179138183594,3248.4844228813135,322.1230773925781,30.0,543.5201066466774,0.0,1,XB01_M019_G00,XB01_M019_G00,XB01,M019,4084.3125,4608.25,523.9375,2.0181303031572497,0.0
E52_29c9aa5399273a7ee24bceb6,9.031447978553189,11.583777919859742,9.031447978553189,451.9321692173844,486.7995103225277,694.6602918039094,0.2591062855773863,0.009166666666666667,0.1600920138888889,0.42836496613294184,2.1316350338670587,0.8661359480834556,418.40809326171876,0.0,0.0,418.40809326171876,546.1080932617188,5209.952188529321,322.9142761230469,30.0,661.9321692173844,0.0,1,XB01_M019_G00,XB01_M019_G00,XB01,M019,4084.3125,4608.25,523.9375,9.031447978553189,0.0
E52_2cea01313b8862fcfb6b2e63,6.264019617413027,16.460055432828085,6.264019617413027,259.5957489704318,280.08528245838755,396.2542970131293,0.148442074342722,0.009166666666666667,0.1600920138888889,0.31770075489827754,2.242299245101723,0.9007185140942883,245.87440185546876,0.0,0.0,245.87440185546876,373.57440185546875,2971.90722759847,231.8917236328125,30.0,469.5957489704318,0.0,1,XB01_M019_G00,XB01_M019_G00,XB01,M019,4084.3125,4608.25,523.9375,6.264019617413027,0.0
E52_2d291a2169e36d61d7bf7582,0.3685871477805449,12.790365797832976,0.3685871477805449,470.3839036593983,527.1993216484933,599.8752993842263,0.25224474652706685,0.009166666666666667,0.1600920138888889,0.42150342708262245,2.138496572917378,0.8682801790366805,681.7850158691406,0.0,0.0,681.7850158691406,809.4850158691406,4499.064745381697,509.4850158691406,30.0,680.3839036593984,0.0,1,XB01_M019_G00,XB01_M019_G00,XB01,M019,4084.3125,4608.25,523.9375,0.3685871477805449,0.0
E52_2d7a36258a59c18fc6a856bf,1.4905075616942156,16.662039037059316,1.4905075616942156,318.72117968179435,361.17160743651436,382.73979283526836,0.16755561647288383,0.009166666666666667,0.1600920138888889,0.3368142970284394,2.223185702971561,0.8947455321786126,509.40513305664064,0.0,0.0,509.40513305664064,637.1051330566406,2870.5484462645127,346.4301452636719,30.0,528.7211796817944,0.0,1,XB01_M019_G00,XB01_M019_G00,XB01,M019,4084.3125,4608.25,523.9375,1.4905075616942156,0.0
E52_2dadfb43d7dd9558e21effa9,12.43485929896633,12.85982438864363,12.43485929896633,396.07517918576866,428.1792069974549,599.5261915014202,0.22576797164618329,0.009166666666666667,0.1600920138888889,0.3950266522017388,2.1649733477982616,0.8765541711869567,385.2483337402344,0.0,0.0,385.2483337402344,512.9483337402344,4496.446436260651,248.30487060546875,30.0,606.0751791857687,0.0,1,XB01_M019_G00,XB01_M019_G00,XB01,M019,4084.3125,4608.25,523.9375,12.43485929896633,0.0
E52_2e64690809088e2a96fb2160,5.735655689984782,9.500767968691491,5.735655689984782,523.7789293194231,550.945126524013,884.5606754113072,0.31155234822715455,0.009166666666666667,0.1600920138888889,0.4808110287827101,2.0791889712172904,0.8497465535054031,325.99436645507814,0.0,0.0,325.99436645507814,453.6943664550781,6634.205065584804,329.6845703125,30.0,733.7789293194231,0.0,1,XB01_M019_G00,XB01_M019_G00,XB01,M019,4084.3125,4608.25,523.9375,5.735655689984782,0.0
E52_30110e5b3ae38ecfab28ace2,8.455769159371883,10.05954008012911,8.455769159371883,514.4106891471403,547.7506496268766,828.7816154158626,0.30032099335417484,0.009166666666666667,0.1600920138888889,0.46957967390973043,2.0904203260902703,0.8532563519032093,400.07952575683595,0.0,0.0,400.07952575683595,527.7795257568359,6215.862115618969,313.0162353515625,30.0,724.4106891471403,0.0,1,XB01_M019_G00,XB01_M019_G00,XB01,M019,4084.3125,4608.25,523.9375,8.455769159371883,0.0
E52_326bd9096774308657b14836,1.6105080335571103,6.820761438549596,1.6105080335571103,254.20783025924425,275.6237299174474,379.92026256926977,0.1442126230476059,0.009166666666666667,0.1600920138888889,0.31347130360316144,2.246528696396839,0.9020402176240121,256.9907958984375,0.0,0.0,256.9907958984375,384.6907958984375,2849.4019692695233,334.6907958984375,30.0,464.20783025924425,0.0,1,XB01_M019_G00,XB01_M019_G00,XB01,M019,4084.3125,4608.25,523.9375,1.6105080335571103,0.0
E52_32cd7932ac3bc8f6e82bd016,5.9060728263056035,12.531399030736651,5.9060728263056035,433.33722088021847,474.19552115284216,621.5246401246948,0.24213542524196421,0.009166666666666667,0.1600920138888889,0.4113941057975198,2.148605894202481,0.8714393419382751,490.2996032714844,0.0,0.0,490.2996032714844,617.9996032714844,4661.434800935211,324.9372863769531,30.0,643.3372208802184,0.0,1,XB01_M019_G00,XB01_M019_G00,XB01,M019,4084.3125,4608.25,523.9375,5.9060728263056035,0.0
E52_3322673a66874be8fb5ff9e0,6.24468723940268,12.93559360833251,6.24468723940268,392.2739001975914,423.9757012433271,594.3369941207687,0.2236811646950203,0.009166666666666667,0.1600920138888889,0.3929398452505759,2.1670601547494246,0.8772062983591951,380.42161254882814,0.0,0.0,380.42161254882814,508.1216125488281,4457.527455905765,308.1216125488281,30.0,602.2739001975914,0.0,1,XB01_M019_G00,XB01_M019_G00,XB01,M019,4084.3125,4608.25,523.9375,6.24468723940268,0.0
E52_357bbbd4dc4420221c875ea3,15.408936275555874,12.241245229232817,12.241245229232817,405.4327582223269,433.1514265878055,644.5535062517828,0.23547283792056264,0.009166666666666667,0.1600920138888889,0.4047315184761182,2.1552684815238825,0.8735214004762131,332.6240203857422,0.0,0.0,332.6240203857422,460.3240203857422,4834.151296888371,255.67149353027344,30.0,615.4327582223269,0.0,1,XB01_M019_G00,XB01_M019_G00,XB01,M019,4084.3125,4608.25,523.9375,12.241245229232817,0.0
E52_3875f0f2b8e39572338b498b,4.569185612572468,12.654831201135607,4.569185612572468,430.443023323014,471.8276755243487,612.5781334380202,0.23983909257274777,0.009166666666666667,0.1600920138888889,0.4090977731283033,2.1509022268716973,0.8721569458974052,496.61582641601564,0.0,0.0,496.61582641601564,624.3158264160156,4594.336000785152,324.3158264160156,30.0,640.443023323014,0.0,1,XB01_M019_G00,XB01_M019_G00,XB01,M019,4084.3125,4608.25,523.9375,4.569185612572468,0.0
E52_3a94b6482baa2cfaba8a857d,1.328339870161983,16.425448776817632,1.328339870161983,326.01303055755295,369.111023518165,393.4381033514341,0.17166403726355467,0.009166666666666667,0.1600920138888889,0.3409227178191102,2.21907728218089,0.893461650681528,517.1759155273437,0.0,0.0,517.1759155273437,644.8759155273438,2950.785775135756,352.4370422363281,30.0,536.013030557553,0.0,1,XB01_M019_G00,XB01_M019_G00,XB01,M019,4084.3125,4608.25,523.9375,1.328339870161983,0.0
E52_413d3eff5d481ef66f8d3068,5.7182731289826165,9.493762996477216,5.7182731289826165,548.7789293194231,584.2784598573463,884.5606754113072,0.3204434082194385,0.009166666666666667,0.1600920138888889,0.4897020887749941,2.0702979112250066,0.8469680972578144,425.99436645507814,0.0,0.0,425.99436645507814,553.6943664550781,6634.205065584804,329.6845703125,30.0,758.7789293194231,0.0,1,XB01_M019_G00,XB01_M019_G00,XB01,M019,4084.3125,4608.25,523.9375,5.7182731289826165,0.0
E52_44ed69e1d99dc074a7941a18,4.524182138291295,8.900383690419545,4.524182138291295,188.27556058823757,199.0276355292369,299.7078152072368,0.1090911242968749,0.009166666666666667,0.1600920138888889,0.2783498048524305,2.28165019514757,0.9130156859836155,139.59420471191407,10.569305419921875,10.569305419921875,139.59420471191407,267.29420471191406,2247.808614054276,217.29420471191406,30.0,398.27556058823757,0.0,1,XB01_M019_G00,XB01_M019_G00,XB01,M019,4084.3125,4608.25,523.9375,4.524182138291295,0.0
E52_47db2d0d55c92154c779a4c9,0.8951419926504371,16.45726286038159,0.8951419926504371,312.62709924858126,351.3219092257948,393.08533863388124,0.16685347284684848,0.009166666666666667,0.1600920138888889,0.3361121534024041,2.2238878465975964,0.8949649520617488,464.3377197265625,0.0,0.0,464.3377197265625,592.0377197265625,2948.1400397541092,295.61395263671875,30.0,522.6270992485813,0.0,1,XB01_M019_G00,XB01_M019_G00,XB01,M019,4084.3125,4608.25,523.9375,0.8951419926504371,0.0
E52_4cf0fac9feb721651efb2830,4.069474337158908,17.82597875173802,4.069474337158908,242.69354898018014,267.32891198677197,337.5749199208095,0.13412057160327687,0.009166666666666667,0.1600920138888889,0.30337925215883244,2.256620747841168,0.9051939837003649,295.6243560791016,0.0,0.0,295.6243560791016,423.32435607910156,2531.8118994060715,217.31182861328125,30.0,452.69354898018014,0.0,1,XB01_M019_G00,XB01_M019_G00,XB01,M019,4084.3125,4608.25,523.9375,4.069474337158908,0.0
E52_4d215302190bc5bfb29bf912,5.953592194847886,16.37371485667674,5.953592194847886,307.50969179304633,343.7570581260541,397.53518558804575,0.1656637075427803,0.009166666666666667,0.1600920138888889,0.33492238809833585,2.2250776119016646,0.89533675371927,434.96839599609376,0.0,0.0,434.96839599609376,562.6683959960938,2981.5138919103433,336.56707763671875,30.0,517.5096917930464,0.0,1,XB01_M019_G00,XB01_M019_G00,XB01,M019,4084.3125,4608.25,523.9375,5.953592194847886,0.0
E52_50c718ca7f326f764494c89d,9.696219730369123,13.080943299176411,9.696219730369123,350.85355156655817,370.1881015340061,585.6998033284289,0.20772710552759727,0.009166666666666667,0.1600920138888889,0.3769857860831528,2.183014213916848,0.8821919418490147,232.014599609375,0.0,0.0,232.014599609375,359.714599609375,4392.748524963216,275.29461669921875,30.0,560.8535515665582,0.0,1,XB01_M019_G00,XB01_M019_G00,XB01,M019,4084.3125,4608.25,523.9375,9.696219730369123,0.0
E52_515a3b7c8d98426ee13f2b4e,4.43354045683563,17.07508762021844,4.43354045683563,242.68536134104386,262.0561394884234,369.14605379781034,0.13858886614696947,0.009166666666666667,0.1600920138888889,0.307847546702525,2.2521524532974757,0.903797641655461,232.4493377685547,0.0,0.0,232.4493377685547,360.1493377685547,2768.5954034835777,210.1493377685547,30.0,452.68536134104386,0.0,1,XB01_M019_G00,XB01_M019_G00,XB01,M019,4084.3125,4608.25,523.9375,4.43354045683563,0.0
E52_575c4f100493de938643a13d,3.678419620474088,2.099203328999508,2.099203328999508,470.05405043895155,518.0123847895375,652.3580947743875,0.259560220504969,0.009166666666666667,0.1600920138888889,0.42881890106052456,2.131181098939476,0.8659940934185861,575.5000122070312,0.0,0.0,575.5000122070312,703.2000122070312,4892.685710807907,437.3766174316406,30.0,680.0540504389515,0.0,1,XB01_M019_G00,XB01_M019_G00,XB01,M019,4084.3125,4608.25,523.9375,2.099203328999508,0.0
E52_60b76d98beea93305f35c25d,6.004471256022072,16.79058398580294,6.004471256022072,271.8613885249859,299.0873836523459,380.3668062858116,0.15055421784231732,0.009166666666666667,0.1600920138888889,0.31981289839787286,2.2401871016021278,0.9000584692506648,326.7119415283203,0.0,0.0,326.7119415283203,454.4119415283203,2852.751047143587,241.2421875,30.0,481.8613885249859,0.0,1,XB01_M019_G00,XB01_M019_G00,XB01,M019,4084.3125,4608.25,523.9375,6.004471256022072,0.0
E52_67646c2afbeb5602853e5a9c,6.230607706260017,12.927232110573698,6.230607706260017,404.7739001975914,440.6423679099937,594.3369941207687,0.22812669469116229,0.009166666666666667,0.1600920138888889,0.39738537524671785,2.1626146247532825,0.8758170702354007,430.42161254882814,0.0,0.0,430.42161254882814,558.1216125488281,4457.527455905765,308.1216125488281,30.0,614.7739001975914,0.0,1,XB01_M019_G00,XB01_M019_G00,XB01,M019,4084.3125,4608.25,523.9375,6.230607706260017,0.0
E52_68694062ed2e2e792aeb51a9,5.965673202353898,17.695890544520793,5.965673202353898,262.3147609906027,292.8212075746684,341.5908424768108,0.1416674545099547,0.009166666666666667,0.1600920138888889,0.31092613506551026,2.2490738649344904,0.902835582792028,366.0773590087891,0.0,0.0,366.0773590087891,493.77735900878906,2561.931318576081,213.8477783203125,30.0,472.3147609906027,0.0,1,XB01_M019_G00,XB01_M019_G00,XB01,M019,4084.3125,4608.25,523.9375,5.965673202353898,0.0
E52_6aa461eda22a4c53e6730e81,1.4854063027523523,6.478254834226846,1.4854063027523523,265.8104536255181,288.3542041341444,395.1560268799425,0.15046620221455187,0.009166666666666667,0.1600920138888889,0.31972488277010747,2.240275117229893,0.9000859741343414,271.555615234375,1.030609130859375,1.030609130859375,271.555615234375,399.255615234375,2963.670201599569,349.255615234375,30.0,475.8104536255181,0.0,1,XB01_M019_G00,XB01_M019_G00,XB01,M019,4084.3125,4608.25,523.9375,1.4854063027523523,0.0
E52_73baea82bbbffa2db9d7426a,1.7789308976228142,5.711384152670419,1.7789308976228142,297.3854850658978,324.64222792478455,431.2305129784753,0.16683515196021612,0.009166666666666667,0.1600920138888889,0.3360938325157717,2.2239061674842286,0.8949706773388213,327.08091430664064,0.0,0.0,327.08091430664064,454.7809143066406,3234.2288473385647,335.390380859375,30.0,507.3854850658978,0.0,1,XB01_M019_G00,XB01_M019_G00,XB01,M019,4084.3125,4608.25,523.9375,1.7789308976228142,0.0
E52_74b3fb0a4920873efc33101b,0.9093933808896679,6.525083879148042,0.9093933808896679,262.62709924858126,284.6552425591281,393.08533863388124,0.14907135286228057,0.009166666666666667,0.1600920138888889,0.31833003341783617,2.2416699665821644,0.9005218645569262,264.3377197265625,0.0,0.0,264.3377197265625,392.0377197265625,2948.1400397541092,295.61395263671875,30.0,472.62709924858126,0.0,1,XB01_M019_G00,XB01_M019_G00,XB01,M019,4084.3125,4608.25,523.9375,0.9093933808896679,0.0
E52_7547086a1218012670f76a62,13.896729151661106,2.277872015791573,2.277872015791573,370.7957901832663,387.27013608984186,642.7455049270795,0.2228984084752749,0.009166666666666667,0.1600920138888889,0.39215708903083046,2.16784291096917,0.8774509096778655,197.69215087890626,0.0,0.0,197.69215087890626,325.39215087890625,4820.591286953097,275.39215087890625,30.0,580.7957901832663,0.0,1,XB01_M019_G00,XB01_M019_G00,XB01,M019,4084.3125,4608.25,523.9375,2.277872015791573,0.0
E52_76b4f0bdabd1ccab126282dd,5.771840641351304,17.180198899819032,5.771840641351304,244.7670432960008,265.6078646257534,364.489158613486,0.13866967590706417,0.009166666666666667,0.1600920138888889,0.30792835646261973,2.2520716435373807,0.9037723886054313,250.08985595703126,0.0,0.0,250.08985595703126,377.78985595703125,2733.6686896011447,241.2421875,30.0,454.7670432960008,0.0,1,XB01_M019_G00,XB01_M019_G00,XB01,M019,4084.3125,4608.25,523.9375,5.771840641351304,0.0
E52_7e4744117cf2a1b6b8665ab3,0.47189938945066956,12.590569849682154,0.47189938945066956,474.82609328547096,530.7107225986219,614.3444106920357,0.25587373999544005,0.009166666666666667,0.1600920138888889,0.42513242055099565,2.134867579449005,0.8671461185778139,670.6155517578125,0.0,0.0,670.6155517578125,798.3155517578125,4607.5830801902675,498.3155517578125,30.0,684.826093285471,0.0,1,XB01_M019_G00,XB01_M019_G00,XB01,M019,4084.3125,4608.25,523.9375,0.47189938945066956,0.0
E52_7e5f4a4eaf9aa5b10576997a,12.057152767058469,13.086620585622072,12.057152767058469,384.11958913832314,414.7999833745699,584.1568128591658,0.21933939564120059,0.009166666666666667,0.1600920138888889,0.3885980761967561,2.1714019238032445,0.8785631011885138,368.16473083496095,0.0,0.0,368.16473083496095,495.86473083496094,4381.1760964437435,247.829345703125,30.0,594.1195891383231,0.0,1,XB01_M019_G00,XB01_M019_G00,XB01,M019,4084.3125,4608.25,523.9375,12.057152767058469,0.0
E52_82c821a5773d0bfbe554f10a,1.9898130596061634,11.397135806608844,1.9898130596061634,512.9354114719376,566.0737563002253,707.0407539741487,0.2825549862639304,0.009166666666666667,0.1600920138888889,0.451813666819486,2.1081863331805146,0.8588082291189106,637.6601379394531,0.0,0.0,637.6601379394531,765.3601379394531,5302.805654806116,465.3601379394531,30.0,722.9354114719376,0.0,1,XB01_M019_G00,XB01_M019_G00,XB01,M019,4084.3125,4608.25,523.9375,1.9898130596061634,0.0
E52_88c1c7aba1fcf94c58dad20e,5.7279882221790075,9.497510042154289,5.7279882221790075,536.2789293194231,567.6117931906797,884.5606754113072,0.3159978782232965,0.009166666666666667,0.1600920138888889,0.4852565587788521,2.0747434412211483,0.8483573253816088,375.99436645507814,0.0,0.0,375.99436645507814,503.6943664550781,6634.205065584804,329.6845703125,30.0,746.2789293194231,0.0,1,XB01_M019_G00,XB01_M019_G00,XB01,M019,4084.3125,4608.25,523.9375,5.7279882221790075,0.0
E52_8ca7795ffa642a3b129c0a3d,1.7761226290646874,15.730152054416479,1.7761226290646874,330.94608252023,369.9122522589995,428.0951466078428,0.17832668261553564,0.009166666666666667,0.1600920138888889,0.34758536317109123,2.2124146368289095,0.891379574009034,467.5940368652344,0.0,0.0,467.5940368652344,595.2940368652344,3210.713599558821,335.390380859375,30.0,540.94608252023,0.0,1,XB01_M019_G00,XB01_M019_G00,XB01,M019,4084.3125,4608.25,523.9375,1.7761226290646874,0.0
E52_924cec2d58c933358893a332,14.547810930459775,12.302862284422105,12.302862284422105,416.670444788364,448.9844576972996,639.4568121231148,0.23874762537865796,0.009166666666666667,0.1600920138888889,0.4080063059342135,2.151993694065787,0.8724980293955583,387.7681549072266,0.0,0.0,387.7681549072266,515.4681549072266,4795.926090923361,252.644287109375,30.0,626.670444788364,0.0,1,XB01_M019_G00,XB01_M019_G00,XB01,M019,4084.3125,4608.25,523.9375,12.302862284422105,0.0
E52_96da4f081c74d8211b4b244f,13.386806510368018,12.47027426673894,12.47027426673894,406.4445801679392,437.368205859671,627.3474061854878,0.23339590098708082,0.009166666666666667,0.1600920138888889,0.4026545815426364,2.157345418457364,0.8741704432679261,371.08350830078126,0.0,0.0,371.08350830078126,498.78350830078125,4705.105546391158,251.37640380859375,30.0,616.4445801679392,0.0,1,XB01_M019_G00,XB01_M019_G00,XB01,M019,4084.3125,4608.25,523.9375,12.47027426673894,0.0
E52_a0032802edd73d232f2c84c2,0.8992218061412274,12.395809404549922,0.8992218061412274,482.4923087567502,538.5719606529091,628.5067061365473,0.26060588149401487,0.009166666666666667,0.1600920138888889,0.42986456204957046,2.13013543795043,0.8656673243595092,672.9558227539062,0.0,0.0,672.9558227539062,800.6558227539062,4713.800296024105,500.65582275390625,30.0,692.4923087567502,0.0,1,XB01_M019_G00,XB01_M019_G00,XB01,M019,4084.3125,4608.25,523.9375,0.8992218061412274,0.0
E52_a3836b1674b2d70f748125c1,4.727952780481857,18.388582284998307,4.727952780481857,238.77143733771516,265.74771093797557,315.68523307386783,0.1296256139323784,0.009166666666666667,0.1600920138888889,0.29888429448793397,2.2611157055120668,0.9065986579725206,323.715283203125,0.0,0.0,323.715283203125,451.415283203125,2367.639248054009,217.29420471191406,30.0,448.77143733771516,0.0,1,XB01_M019_G00,XB01_M019_G00,XB01,M019,4084.3125,4608.25,523.9375,4.727952780481857,0.0
E52_a77602565c04dca5831f9b7a,7.81446751050494,15.758600383852013,7.81446751050494,295.3505394617105,322.31471665694164,428.9160157520343,0.16578365241547813,0.009166666666666667,0.1600920138888889,0.3350423329710337,2.224957667028967,0.8952992709465519,323.57012634277345,0.0,0.0,323.57012634277345,451.27012634277344,3216.870118140257,284.58648681640625,30.0,505.3505394617105,0.0,1,XB01_M019_G00,XB01_M019_G00,XB01,M019,4084.3125,4608.25,523.9375,7.81446751050494,0.0
E52_aaa387ee3ee3170bd804334d,1.0679697108534043,18.409477866986336,1.0679697108534043,263.5215778829557,299.2286101502083,312.8009621623957,0.13801933350380158,0.009166666666666667,0.1600920138888889,0.3072780140593572,2.252721985940643,0.9039756206064509,428.48438720703126,0.0,0.0,428.48438720703126,556.1843872070312,2346.0072162179677,386.9435729980469,30.0,473.5215778829557,0.0,1,XB01_M019_G00,XB01_M019_G00,XB01,M019,4084.3125,4608.25,523.9375,1.0679697108534043,0.0
E52_afb1e3673ff3adbe9c45b8fc,0.903438095396325,6.956106286850726,0.903438095396325,250.21040235058808,271.27175132926646,374.0527108291059,0.1419599864782851,0.009166666666666667,0.1600920138888889,0.31121866703384066,2.2487813329661597,0.9027441665519248,252.73618774414064,0.0,0.0,252.73618774414064,380.4361877441406,2805.395331218294,291.6474609375,30.0,460.2104023505881,0.0,1,XB01_M019_G00,XB01_M019_G00,XB01,M019,4084.3125,4608.25,523.9375,0.903438095396325,0.0
E52_b4122a9095172602242b40e3,6.214263103198391,12.917805218005896,6.214263103198391,417.2739001975914,457.30903457666045,594.3369941207687,0.23257222468730426,0.009166666666666667,0.1600920138888889,0.4018309052428598,2.158169094757141,0.8744278421116063,480.42161254882814,0.0,0.0,480.42161254882814,608.1216125488281,4457.527455905765,308.1216125488281,30.0,627.2739001975914,0.0,1,XB01_M019_G00,XB01_M019_G00,XB01,M019,4084.3125,4608.25,523.9375,6.214263103198391,0.0
E52_b45db00398315637fb020e5f,5.292963121934761,10.742298629097064,5.292963121934761,520.0993036420956,566.0861185224667,764.2777180019647,0.2932088546230577,0.009166666666666667,0.1600920138888889,0.4624675351786133,2.0975324648213873,0.8554788952566834,551.8417785644531,0.0,0.0,551.8417785644531,679.5417785644531,5732.082885014735,386.71868896484375,30.0,730.0993036420956,0.0,1,XB01_M019_G00,XB01_M019_G00,XB01,M019,4084.3125,4608.25,523.9375,5.292963121934761,0.0
E52_b544b4d7beda1d6ed7fbeefb,7.168393459732144,16.252686834440453,7.168393459732144,293.91354735972715,324.49113296153376,404.3615811086144,0.16179511839250177,0.009166666666666667,0.1600920138888889,0.3310537989480573,2.228946201051943,0.8965456878287321,366.9310272216797,0.0,0.0,366.9310272216797,494.6310272216797,3032.711858314608,277.91845703125,30.0,503.91354735972715,0.0,1,XB01_M019_G00,XB01_M019_G00,XB01,M019,4084.3125,4608.25,523.9375,7.168393459732144,0.0
E52_b60e4d2a4cdcd5801a5d757f,1.707943132616407,16.480566458341656,1.707943132616407,308.26023760270465,345.626388522301,392.32356968783114,0.16519254750221457,0.009166666666666667,0.1600920138888889,0.33445122805777017,2.2255487719422304,0.8954839912319468,448.39381103515626,0.0,0.0,448.39381103515626,576.0938110351562,2942.4267726587336,326.2397766113281,30.0,518.2602376027046,0.0,1,XB01_M019_G00,XB01_M019_G00,XB01,M019,4084.3125,4608.25,523.9375,1.707943132616407,0.0
E52_b677873645e212a13901ede2,4.731319196426398,9.230718628911887,4.731319196426398,575.9444140089429,616.0268887810784,911.3939793850733,0.3339048259552679,0.009166666666666667,0.1600920138888889,0.5031635065108234,2.056836493489177,0.8427614042153677,480.989697265625,0.0,0.0,480.989697265625,608.689697265625,6835.45484538805,390.4056396484375,30.0,785.9444140089429,0.0,1,XB01_M019_G00,XB01_M019_G00,XB01,M019,4084.3125,4608.25,523.9375,4.731319196426398,0.0
E52_b6789310c1ab16898a769b78,10.051078854658542,2.625622464396969,2.625622464396969,372.38145547243056,389.4038741939475,617.4514627840539,0.21924054354678854,0.009166666666666667,0.1600920138888889,0.3884992241023441,2.1715007758976563,0.8785939924680175,225.84925537109376,21.580230712890625,21.580230712890625,225.84925537109376,353.54925537109375,4630.885970880404,303.54925537109375,30.0,582.3814554724306,0.0,1,XB01_M019_G00,XB01_M019_G00,XB01,M019,4084.3125,4608.25,523.9375,2.625622464396969,0.0
E52_b7c433bb400c5a28313b13f0,7.568193928118205,16.00220965111248,7.568193928118205,270.63016208552887,291.2047849391259,417.8125870494757,0.1554195344851095,0.009166666666666667,0.1600920138888889,0.3246782150406651,2.2353217849593356,0.8985380577997921,246.89547424316407,0.0,0.0,246.89547424316407,374.59547424316406,3133.594402871068,284.58648681640625,30.0,480.63016208552887,0.0,1,XB01_M019_G00,XB01_M019_G00,XB01,M019,4084.3125,4608.25,523.9375,7.568193928118205,0.0
E52_be69bdf55826f2eb34075d09,3.762648549787201,12.029424972929434,3.762648549787201,457.6877788138426,500.48965717077624,658.5642874860837,0.25604119113741575,0.009166666666666667,0.1600920138888889,0.42529987169297134,2.134700128307029,0.8670937900959464,513.6225402832031,0.0,0.0,513.6225402832031,641.3225402832031,4939.232156145627,341.3225402832031,30.0,667.6877788138427,0.0,1,XB01_M019_G00,XB01_M019_G00,XB01,M019,4084.3125,4608.25,523.9375,3.762648549787201,0.0
E52_be79b94db4a0a5b6faaed631,0.20474449164370867,13.435452033242427,0.20474449164370867,439.28613208838135,492.92224150407145,556.7556076826221,0.23507830977561708,0.009166666666666667,0.1600920138888889,0.40433699033117265,2.155663009668828,0.8736446905215085,643.6333129882812,0.0,0.0,643.6333129882812,771.3333129882812,4175.667057619666,471.33331298828125,30.0,649.2861320883814,0.0,1,XB01_M019_G00,XB01_M019_G00,XB01,M019,4084.3125,4608.25,523.9375,0.20474449164370867,0.0
E52_bfffb2993ede6e2e2bd9340b,9.602595611945802,13.053008949478723,9.602595611945802,400.85355156655817,436.85476820067277,585.6998033284289,0.22550922551216515,0.009166666666666667,0.1600920138888889,0.3947679060677207,2.1652320939322798,0.8766350293538373,432.014599609375,0.0,0.0,432.014599609375,559.714599609375,4392.748524963216,275.29461669921875,30.0,610.8535515665582,0.0,1,XB01_M019_G00,XB01_M019_G00,XB01,M019,4084.3125,4608.25,523.9375,9.602595611945802,0.0
E52_c0294c7ff44d44fc4ede8d97,1.5881831575630088,16.7256600789149,1.5881831575630088,316.70783025924425,358.9570632507807,379.92026256926977,0.16644027302831577,0.009166666666666667,0.1600920138888889,0.33569895358387136,2.2243010464161292,0.8950940770050402,506.9907958984375,0.0,0.0,506.9907958984375,634.6907958984375,2849.4019692695233,334.6907958984375,30.0,526.7078302592442,0.0,1,XB01_M019_G00,XB01_M019_G00,XB01,M019,4084.3125,4608.25,523.9375,1.5881831575630088,0.0
E52_c515ea57360fd29f9add62f7,5.479250015731552,10.649906727109496,5.479250015731552,525.5980011021792,572.0554631586571,772.4512298654912,0.29632198385281766,0.009166666666666667,0.1600920138888889,0.4655806644083732,2.094419335591627,0.8545060423723834,557.4895446777343,0.0,0.0,557.4895446777343,685.1895446777344,5793.384223991184,393.3172912597656,30.0,735.5980011021792,0.0,1,XB01_M019_G00,XB01_M019_G00,XB01,M019,4084.3125,4608.25,523.9375,5.479250015731552,0.0
E52_c76d93c5902d0dc017f7065c,7.454794546037789,16.05706218628906,7.454794546037789,260.86241804033426,278.57034040361555,415.47730190098105,0.1516149798935124,0.009166666666666667,0.1600920138888889,0.32087366044906795,2.2391263395509324,0.8997269811096663,212.495068359375,0.0,0.0,212.495068359375,340.195068359375,3116.079764257358,277.91845703125,30.0,470.86241804033426,0.0,1,XB01_M019_G00,XB01_M019_G00,XB01,M019,4084.3125,4608.25,523.9375,7.454794546037789,0.0
E52_cdef0b479e00ae29ebd83132,8.139250262418258,10.01648148125875,8.139250262418258,520.0071121141804,554.5433095222207,832.7970397801186,0.3028799960747676,0.009166666666666667,0.1600920138888889,0.47213867663032316,2.0878613233696774,0.852456663553024,414.4343688964844,0.0,0.0,414.4343688964844,542.1343688964844,6245.977798350889,297.6476745605469,30.0,730.0071121141804,0.0,1,XB01_M019_G00,XB01_M019_G00,XB01,M019,4084.3125,4608.25,523.9375,8.139250262418258,0.0
E52_d1d4424e0dfaa7a0ce62d445,11.889203500035222,12.872868339328704,11.889203500035222,402.0751033963921,436.37951216917855,598.3237541560654,0.22773150601213982,0.009166666666666667,0.1600920138888889,0.39699018656769536,2.1630098134323053,0.8759405666975952,411.6529052734375,0.0,0.0,411.6529052734375,539.3529052734375,4487.428156170491,269.83203125,30.0,612.075103396392,0.0,1,XB01_M019_G00,XB01_M019_G00,XB01,M019,4084.3125,4608.25,523.9375,11.889203500035222,0.0
E52_d22cbe82615c6d2ee0ebf49f,1.7601195929367464,15.758568264926964,1.7601195929367464,318.17309843891866,352.9726015110215,427.5491784452201,0.1737067461230003,0.009166666666666667,0.1600920138888889,0.3429654266785559,2.2170345733214445,0.8928233041629513,417.5940368652344,0.0,0.0,417.5940368652344,545.2940368652344,3206.618838339151,335.390380859375,30.0,528.1730984389187,0.0,1,XB01_M019_G00,XB01_M019_G00,XB01,M019,4084.3125,4608.25,523.9375,1.7601195929367464,0.0
E52_d7f1f5d49edaa9f52000c452,11.864618403867226,12.917919470378578,11.864618403867226,397.7633482290822,431.12867517406926,595.3347347882426,0.22577474843651651,0.009166666666666667,0.1600920138888889,0.39503342899207206,2.1649665710079287,0.8765520534399774,400.38392333984376,0.0,0.0,400.38392333984376,528.0839233398438,4465.010510911819,278.08392333984375,30.0,607.7633482290822,0.0,1,XB01_M019_G00,XB01_M019_G00,XB01,M019,4084.3125,4608.25,523.9375,11.864618403867226,0.0
E52_da1eeef61bb4fffd90feecd9,9.001405164504561,11.577048041656667,9.001405164504561,464.4321692173844,503.4661769891943,694.6602918039094,0.2635518155735283,0.009166666666666667,0.1600920138888889,0.43281049612908384,2.1271895038709165,0.8647467199596613,468.40809326171876,0.0,0.0,468.40809326171876,596.1080932617188,5209.952188529321,322.9142761230469,30.0,674.4321692173844,0.0,1,XB01_M019_G00,XB01_M019_G00,XB01,M019,4084.3125,4608.25,523.9375,9.001405164504561,0.0
E52_dbe1bedc9b83d29f34556dbd,12.573278230487418,13.016499113861627,12.573278230487418,387.86022911882606,419.0031732004504,588.862793747906,0.22133620210273125,0.009166666666666667,0.1600920138888889,0.3905948826582868,2.1694051173417135,0.8779390991692854,373.7153289794922,0.0,0.0,373.7153289794922,501.4153289794922,4416.470953109295,232.19436645507812,30.0,597.860229118826,0.0,1,XB01_M019_G00,XB01_M019_G00,XB01,M019,4084.3125,4608.25,523.9375,12.573278230487418,0.0
E52_dbec4f1422e98765afb262aa,1.0982220753490992,16.38523852602286,1.0982220753490992,322.5402116809159,364.1002534899979,395.72017250733956,0.1707521496628321,0.009166666666666667,0.1600920138888889,0.3400108302183876,2.2199891697816128,0.8937466155567538,498.7205017089844,0.0,0.0,498.7205017089844,626.4205017089844,2967.901293805047,326.4205017089844,30.0,532.540211680916,0.0,1,XB01_M019_G00,XB01_M019_G00,XB01,M019,4084.3125,4608.25,523.9375,1.0982220753490992,0.0
E52_dc4c132291b7b9525a26c82f,7.201257348444585,16.290878065555617,7.201257348444585,256.41354735972715,274.49113296153376,404.3615811086144,0.14845852840407586,0.009166666666666667,0.1600920138888889,0.3177172089596314,2.242282791040369,0.9007133722001152,216.9310272216797,0.0,0.0,216.9310272216797,344.6310272216797,3032.711858314608,277.91845703125,30.0,466.41354735972715,0.0,1,XB01_M019_G00,XB01_M019_G00,XB01,M019,4084.3125,4608.25,523.9375,7.201257348444585,0.0
E52_de2c36302e014a6d0284c896,1.6494415831593159,15.994052628622484,1.6494415831593159,325.41177480357015,364.7238282296769,414.95122905049965,0.1744969638873427,0.009166666666666667,0.1600920138888889,0.3437556444428983,2.216244355557102,0.8925763611115943,471.74464111328126,0.0,0.0,471.74464111328126,599.4446411132812,3112.134217878747,325.15069580078125,30.0,535.4117748035701,0.0,1,XB01_M019_G00,XB01_M019_G00,XB01,M019,4084.3125,4608.25,523.9375,1.6494415831593159,0.0
E52_e0cd6bab1a22c4530d9a254c,1.117568852771882,6.471069764274475,1.117568852771882,260.0402116809159,280.7669201566646,395.72017250733956,0.14852449968212222,0.009166666666666667,0.1600920138888889,0.3177831802376778,2.242216819762323,0.9006927561757256,248.7205017089844,0.0,0.0,248.7205017089844,376.4205017089844,2967.901293805047,326.4205017089844,30.0,470.0402116809159,0.0,1,XB01_M019_G00,XB01_M019_G00,XB01,M019,4084.3125,4608.25,523.9375,1.117568852771882,0.0
E52_ea76d341ab82f2ebc1fa1efe,1.666881813419991,6.056283714240493,1.666881813419991,275.41177480357015,298.05716156301025,414.95122905049965,0.15671484390277482,0.009166666666666667,0.1600920138888889,0.3259735244583304,2.23402647554167,0.8981332736067718,271.74464111328126,0.0,0.0,271.74464111328126,399.44464111328125,3112.134217878747,325.15069580078125,30.0,485.41177480357015,0.0,1,XB01_M019_G00,XB01_M019_G00,XB01,M019,4084.3125,4608.25,523.9375,1.666881813419991,0.0
E52_eab18c460278cfbad2c20da0,5.9943493619613974,7.760329046990023,5.9943493619613974,212.31476099060268,226.15454090800176,341.5908424768108,0.12388533452538679,0.009166666666666667,0.1600920138888889,0.29314401508094234,2.266855984919058,0.9083924952872056,166.07735900878907,0.0,0.0,166.07735900878907,293.77735900878906,2561.931318576081,213.8477783203125,30.0,422.3147609906027,0.0,1,XB01_M019_G00,XB01_M019_G00,XB01,M019,4084.3125,4608.25,523.9375,5.9943493619613974,0.0
E52_eb490529b308e18523949520,15.31203311776855,12.235001379754962,12.235001379754962,417.9327582223269,449.8180932544721,644.5535062517828,0.23991836791670462,0.009166666666666667,0.1600920138888889,0.4091770484722602,2.1508229515277404,0.8721321723524187,382.6240203857422,0.0,0.0,382.6240203857422,510.3240203857422,4834.151296888371,255.67149353027344,30.0,627.9327582223269,0.0,1,XB01_M019_G00,XB01_M019_G00,XB01,M019,4084.3125,4608.25,523.9375,12.235001379754962,0.0
E52_eddf192c3626d88d236d26e4,6.598671975907564,17.034187922993553,6.598671975907564,241.72684180786888,260.473536754158,370.9735139380034,0.13850678679446915,0.009166666666666667,0.1600920138888889,0.30776546735002475,2.2522345326499758,0.9038232914531172,224.96033935546876,0.0,0.0,224.96033935546876,352.66033935546875,2782.3013545350254,199.07135009765625,30.0,451.7268418078689,0.0,1,XB01_M019_G00,XB01_M019_G00,XB01,M019,4084.3125,4608.25,523.9375,6.598671975907564,0.0
E52_ede4029bd5e695a7a0c85289,11.911208347327957,12.925612211179384,11.911208347327957,385.2633482290822,414.4620085074026,595.3347347882426,0.22132921844037454,0.009166666666666667,0.1600920138888889,0.3905878989959301,2.1694121010040703,0.8779412815637718,350.38392333984376,0.0,0.0,350.38392333984376,478.08392333984375,4465.010510911819,278.08392333984375,30.0,595.2633482290822,0.0,1,XB01_M019_G00,XB01_M019_G00,XB01,M019,4084.3125,4608.25,523.9375,11.911208347327957,0.0
E52_ef8fa59407d07a2296b5f591,9.31575030276997,0.3151276047193221,0.3151276047193221,505.85939793409244,540.3898465933535,804.5361039126185,0.29384606362066074,0.009166666666666667,0.1600920138888889,0.4631047441762163,2.0968952558237843,0.8552797674449324,414.3653839111328,0.0,0.0,414.3653839111328,542.0653839111328,6034.020779344639,284.8677062988281,30.0,715.8593979340924,0.0,1,XB01_M019_G00,XB01_M019_G00,XB01,M019,4084.3125,4608.25,523.9375,0.3151276047193221,0.0
E52_f2fabdd802684ffd17ed2273,0.8979895035542853,16.925225818485302,0.8979895035542853,275.2104023505881,304.60508466259984,374.0527108291059,0.15085104647056902,0.009166666666666667,0.1600920138888889,0.3201097270261246,2.239890272973876,0.899965710304336,352.73618774414064,0.0,0.0,352.73618774414064,480.4361877441406,2805.395331218294,291.6474609375,30.0,485.2104023505881,0.0,1,XB01_M019_G00,XB01_M019_G00,XB01,M019,4084.3125,4608.25,523.9375,0.8979895035542853,0.0
E52_f4836ff0bfcbe7f74f580128,0.15725086298050428,13.198394987858308,0.15725086298050428,446.8309536018799,500.3537512499919,572.525121315088,0.23999489789029496,0.009166666666666667,0.1600920138888889,0.40925357844585053,2.15074642155415,0.8721082567356717,642.2735717773437,0.0,0.0,642.2735717773437,769.9735717773438,4293.93840986316,483.0478820800781,30.0,656.8309536018799,0.0,1,XB01_M019_G00,XB01_M019_G00,XB01,M019,4084.3125,4608.25,523.9375,0.15725086298050428,0.0
E52_fb97bb829fc82a7376005525,0.30567736412182,12.561592200960149,0.30567736412182,483.9909817485873,542.6900133241081,615.7877740440496,0.2593375767224136,0.009166666666666667,0.1600920138888889,0.42859625727796913,2.131403742722031,0.8660636696006346,704.38837890625,0.0,0.0,704.38837890625,832.08837890625,4618.408305330372,532.08837890625,30.0,693.9909817485873,0.0,1,XB01_M019_G00,XB01_M019_G00,XB01,M019,4084.3125,4608.25,523.9375,0.30567736412182,0.0
E52_fd527d975e1813662620f82c,3.7072726387343806,12.45056667278017,3.7072726387343806,418.2192341110554,452.9085204066283,628.3027504486734,0.23771876612520712,0.009166666666666667,0.1600920138888889,0.4069774466807627,2.153022553319238,0.8728195479122617,416.271435546875,0.0,0.0,416.271435546875,543.971435546875,4712.2706283650505,306.8754577636719,30.0,628.2192341110554,0.0,1,XB01_M019_G00,XB01_M019_G00,XB01,M019,4084.3125,4608.25,523.9375,3.7072726387343806,0.0
E52_0c9d91fc306062a18ada9948,7.0084862389900024,15.697900697510477,7.0084862389900024,331.42241999480143,370.2725110389095,429.7442937249544,0.1787296459836012,0.009166666666666667,0.1807265625,0.3686228751502678,2.1913771248497325,0.8848053515155413,466.2010925292969,0.0,0.0,466.2010925292969,593.9010925292969,3223.082202937158,326.7436828613281,30.0,541.4224199948014,0.0,1,XB01_M020_G00,XB01_M020_G00,XB01,M020,4274.6875,4866.15625,591.46875,7.0084862389900024,0.0
E52_189eb019491ad876aa165071,9.695128280784644,3.8094716871601975,3.8094716871601975,403.09916814168594,448.35288467407526,534.676037089036,0.21908171065325852,0.009166666666666667,0.1807265625,0.40897493981992517,2.1510250601800753,0.8721953313062734,543.0445983886718,0.0,0.0,543.0445983886718,670.7445983886719,4010.07027816777,391.87322998046875,30.0,613.0991681416859,0.0,1,XB01_M020_G00,XB01_M020_G00,XB01,M020,4274.6875,4866.15625,591.46875,3.8094716871601975,0.0
E52_215ef380a7eb56a6f7d09ab1,7.236269287947721,12.440860913671315,7.236269287947721,437.2780853288336,478.35957590907447,628.0672271762219,0.2444635461376352,0.009166666666666667,0.1807265625,0.43435677530430183,2.1256432246956987,0.8642635077174057,492.97788696289064,0.0,0.0,492.97788696289064,620.6778869628906,4710.504203821664,324.9881591796875,30.0,647.2780853288336,0.0,1,XB01_M020_G00,XB01_M020_G00,XB01,M020,4274.6875,4866.15625,591.46875,7.236269287947721,0.0
E52_231de36c6439da832299e30f,4.599017917286076,16.451156269229884,4.599017917286076,336.2639482811268,383.1573412254627,391.1675388962379,0.1749881335365896,0.009166666666666667,0.1807265625,0.3648813627032562,2.195118637296744,0.8859745741552324,562.7207153320312,0.0,0.0,562.7207153320312,690.4207153320312,2933.7565417217843,390.42071533203125,30.0,546.2639482811268,0.0,1,XB01_M020_G00,XB01_M020_G00,XB01,M020,4274.6875,4866.15625,591.46875,4.599017917286076,0.0
E52_246111a1ef063bec9e89ec9e,8.575691888014816,13.03223549741864,8.575691888014816,413.11352328410356,453.07003166626504,586.4879962752384,0.22998101771643822,0.009166666666666667,0.1807265625,0.4198742468831049,2.140125753116896,0.8687892978490297,479.4781005859375,0.0,0.0,479.4781005859375,607.1781005859375,4398.659972064288,469.28277587890625,30.0,623.1135232841036,0.0,1,XB01_M020_G00,XB01_M020_G00,XB01,M020,4274.6875,4866.15625,591.46875,8.575691888014816,0.0
E52_27bf1882d0e1a812c8450c72,6.4104812089145184,16.18675851321828,6.4104812089145184,334.03154784809436,377.9609795090644,404.48650573036844,0.17608047258726683,0.009166666666666667,0.1807265625,0.3659737017539335,2.194026298246067,0.8856332182018958,527.1531799316406,0.0,0.0,527.1531799316406,654.8531799316406,3033.648792977763,359.1753845214844,30.0,544.0315478480943,0.0,1,XB01_M020_G00,XB01_M020_G00,XB01,M020,4274.6875,4866.15625,591.46875,6.4104812089145184,0.0
E52_27fdcb9bc2da20af468e67a1,7.006487078186609,15.630401191469062,7.006487078186609,333.5201066466774,372.5049327982074,433.1312563841751,0.1799553449394086,0.009166666666666667,0.1807265625,0.36984857410607525,2.190151425893925,0.8844223205918516,467.8179138183594,0.0,0.0,467.8179138183594,595.5179138183594,3248.4844228813135,322.1230773925781,30.0,543.5201066466774,0.0,1,XB01_M020_G00,XB01_M020_G00,XB01,M020,4274.6875,4866.15625,591.46875,7.006487078186609,0.0
E52_2d7a36258a59c18fc6a856bf,5.997167616304111,16.662039037059316,5.997167616304111,318.72117968179435,361.17160743651436,382.73979283526836,0.16755561647288383,0.009166666666666667,0.1807265625,0.3574488456395505,2.20255115436045,0.8882972357376405,509.40513305664064,0.0,0.0,509.40513305664064,637.1051330566406,2870.5484462645127,346.4301452636719,30.0,528.7211796817944,0.0,1,XB01_M020_G00,XB01_M020_G00,XB01,M020,4274.6875,4866.15625,591.46875,5.997167616304111,0.0
E52_347c51b45a583dd4c5a4aad0,8.072172391641445,10.359339260709504,8.072172391641445,545.8106765870443,594.6474365357748,798.6007934817058,0.3072138543106079,0.009166666666666667,0.1807265625,0.4971070834772745,2.062892916522726,0.8446540364133517,586.0411193847656,0.0,0.0,586.0411193847656,713.7411193847656,5989.505951112793,425.30462646484375,30.0,755.8106765870443,0.0,1,XB01_M020_G00,XB01_M020_G00,XB01,M020,4274.6875,4866.15625,591.46875,8.072172391641445,0.0
E52_3875f0f2b8e39572338b498b,7.224642538904277,12.654831201135607,7.224642538904277,430.443023323014,471.8276755243487,612.5781334380202,0.23983909257274777,0.009166666666666667,0.1807265625,0.42973232173941445,2.1302676782605863,0.865708649456433,496.61582641601564,0.0,0.0,496.61582641601564,624.3158264160156,4594.336000785152,324.3158264160156,30.0,640.443023323014,0.0,1,XB01_M020_G00,XB01_M020_G00,XB01,M020,4274.6875,4866.15625,591.46875,7.224642538904277,0.0
E52_3a94b6482baa2cfaba8a857d,6.205753892012169,16.425448776817632,6.205753892012169,326.01303055755295,369.111023518165,393.4381033514341,0.17166403726355467,0.009166666666666667,0.1807265625,0.36155726643022135,2.198442733569779,0.8870133542405558,517.1759155273437,0.0,0.0,517.1759155273437,644.8759155273438,2950.785775135756,352.4370422363281,30.0,536.013030557553,0.0,1,XB01_M020_G00,XB01_M020_G00,XB01,M020,4274.6875,4866.15625,591.46875,6.205753892012169,0.0
E52_47db2d0d55c92154c779a4c9,6.061526749283374,16.45726286038159,6.061526749283374,312.62709924858126,351.3219092257948,393.08533863388124,0.16685347284684848,0.009166666666666667,0.1807265625,0.3567467020135151,2.2032532979864854,0.8885166556207765,464.3377197265625,0.0,0.0,464.3377197265625,592.0377197265625,2948.1400397541092,295.61395263671875,30.0,522.6270992485813,0.0,1,XB01_M020_G00,XB01_M020_G00,XB01,M020,4274.6875,4866.15625,591.46875,6.061526749283374,0.0
E52_60b0dc656c777ee2cc2279b1,8.271273123677517,0.21315146591224732,0.21315146591224732,563.4362729251038,615.9641949832094,811.705013501575,0.3153381258454166,0.009166666666666667,0.1807265625,0.5052313550120833,2.0547686449879174,0.842115201558724,630.3350646972656,0.0,0.0,630.3350646972656,758.0350646972656,6087.787601261813,495.9024353027344,30.0,773.4362729251038,0.0,1,XB01_M020_G00,XB01_M020_G00,XB01,M020,4274.6875,4866.15625,591.46875,0.21315146591224732,0.0
E52_6dc095df8eb6475486134b5c,9.025375827509535,12.905188948092743,9.025375827509535,424.06014837873875,466.2734748964797,594.8403376510322,0.23505698741925235,0.009166666666666667,0.1807265625,0.424950216585919,2.1350497834140816,0.8672030573169003,506.55991821289064,0.0,0.0,506.55991821289064,634.2599182128906,4461.302532382741,440.2059631347656,30.0,634.0601483787387,0.0,1,XB01_M020_G00,XB01_M020_G00,XB01,M020,4274.6875,4866.15625,591.46875,9.025375827509535,0.0
E52_82c821a5773d0bfbe554f10a,11.24094673410805,11.397135806608844,11.24094673410805,512.9354114719376,566.0737563002253,707.0407539741487,0.2825549862639304,0.009166666666666667,0.1807265625,0.472448215430597,2.0875517845694036,0.8523599326779384,637.6601379394531,0.0,0.0,637.6601379394531,765.3601379394531,5302.805654806116,465.3601379394531,30.0,722.9354114719376,0.0,1,XB01_M020_G00,XB01_M020_G00,XB01,M020,4274.6875,4866.15625,591.46875,11.24094673410805,0.0
E52_8ca7795ffa642a3b129c0a3d,6.966080081699303,15.730152054416479,6.966080081699303,330.94608252023,369.9122522589995,428.0951466078428,0.17832668261553564,0.009166666666666667,0.1807265625,0.36821991178220226,2.191780088217798,0.8849312775680618,467.5940368652344,0.0,0.0,467.5940368652344,595.2940368652344,3210.713599558821,335.390380859375,30.0,540.94608252023,0.0,1,XB01_M020_G00,XB01_M020_G00,XB01,M020,4274.6875,4866.15625,591.46875,6.966080081699303,0.0
E52_8d375985c45fff9288668cb3,4.407503473049033,16.222123863058812,4.407503473049033,353.99602207193686,405.21742048909175,400.663653640944,0.182639281392285,0.009166666666666667,0.1807265625,0.37253251055895165,2.187467489441049,0.8835835904503276,614.6567810058593,0.0,0.0,614.6567810058593,742.3567810058594,3004.97740230708,442.3567810058594,30.0,563.9960220719369,0.0,1,XB01_M020_G00,XB01_M020_G00,XB01,M020,4274.6875,4866.15625,591.46875,4.407503473049033,0.0
E52_9b18c2085562c5280ea1e394,7.516144021587053,0.02697066595830222,0.02697066595830222,563.4972144032131,613.0086493397365,829.9258191872856,0.3179402888393461,0.009166666666666667,0.1807265625,0.5078335180060127,2.0521664819939875,0.8413020256231211,594.1372192382812,0.0,0.0,594.1372192382812,721.8372192382812,6224.443643904642,487.8569030761719,30.0,773.4972144032131,0.0,1,XB01_M020_G00,XB01_M020_G00,XB01,M020,4274.6875,4866.15625,591.46875,0.02697066595830222,0.0
E52_a1af1f4ab7d520e82e20be53,9.496932409539141,0.45430012492889205,0.45430012492889205,547.7224457312177,598.7128286250978,789.5025940991541,0.30660524396013417,0.009166666666666667,0.1807265625,0.49649847312680084,2.0635015268731998,0.8448442271478748,611.8845947265625,0.0,0.0,611.8845947265625,739.5845947265625,5921.269455743655,492.6366271972656,30.0,757.7224457312177,0.0,1,XB01_M020_G00,XB01_M020_G00,XB01,M020,4274.6875,4866.15625,591.46875,0.45430012492889205,0.0
E52_b8aeee13ee5f313ffdb298e7,8.402244465607836,0.32052137756616617,0.32052137756616617,550.9628084392909,600.9445446860357,802.0351993981131,0.309532562555218,0.009166666666666667,0.1807265625,0.4994257917218846,2.060574208278116,0.8439294400869111,599.7808349609375,0.0,0.0,599.7808349609375,727.4808349609375,6015.263995485849,485.42230224609375,30.0,760.9628084392909,0.0,1,XB01_M020_G00,XB01_M020_G00,XB01,M020,4274.6875,4866.15625,591.46875,0.32052137756616617,0.0
E52_be69bdf55826f2eb34075d09,8.607486198729944,12.029424972929434,8.607486198729944,457.6877788138426,500.48965717077624,658.5642874860837,0.25604119113741575,0.009166666666666667,0.1807265625,0.44593442030408237,2.114065579695918,0.8606454936549743,513.6225402832031,0.0,0.0,513.6225402832031,641.3225402832031,4939.232156145627,341.3225402832031,30.0,667.6877788138427,0.0,1,XB01_M020_G00,XB01_M020_G00,XB01,M020,4274.6875,4866.15625,591.46875,8.607486198729944,0.0
E52_c0294c7ff44d44fc4ede8d97,5.940365891923506,16.7256600789149,5.940365891923506,316.70783025924425,358.9570632507807,379.92026256926977,0.16644027302831577,0.009166666666666667,0.1807265625,0.3563335021949824,2.203666497805018,0.888645780564068,506.9907958984375,0.0,0.0,506.9907958984375,634.6907958984375,2849.4019692695233,334.6907958984375,30.0,526.7078302592442,0.0,1,XB01_M020_G00,XB01_M020_G00,XB01,M020,4274.6875,4866.15625,591.46875,5.940365891923506,0.0
E52_c10a50247c57c0340b451298,8.14063124848731,3.1495087650690863,3.1495087650690863,410.4813485396202,450.8988478275434,578.4577013517014,0.22790762835174688,0.009166666666666667,0.1807265625,0.41780085751841356,2.142199142481587,0.8694372320254957,485.00999145507814,0.0,0.0,485.00999145507814,612.7099914550781,4338.432760137761,515.4917602539062,30.0,620.4813485396203,0.0,1,XB01_M020_G00,XB01_M020_G00,XB01,M020,4274.6875,4866.15625,591.46875,3.1495087650690863,0.0
E52_c117f06f984d58b2275e6c48,8.080533239768812,0.365836005255062,0.365836005255062,533.3106765870443,577.980769869108,798.6007934817058,0.30276832431446593,0.009166666666666667,0.1807265625,0.4926615534811326,2.067338446518868,0.8460432645371461,536.0411193847656,0.0,0.0,536.0411193847656,663.7411193847656,5989.505951112793,425.30462646484375,30.0,743.3106765870443,0.0,1,XB01_M020_G00,XB01_M020_G00,XB01,M020,4274.6875,4866.15625,591.46875,0.365836005255062,0.0
E52_d6d1511afdebb88632549a71,5.148881955737139,16.177909036830457,5.148881955737139,342.76879390848103,389.67749650450963,404.08537224079015,0.1791309979165653,0.009166666666666667,0.1807265625,0.36902422708323196,2.1909757729167687,0.8846799290364901,562.9044311523437,0.0,0.0,562.9044311523437,690.6044311523438,3030.640291805926,390.60443115234375,30.0,552.768793908481,0.0,1,XB01_M020_G00,XB01_M020_G00,XB01,M020,4274.6875,4866.15625,591.46875,5.148881955737139,0.0
E52_dbec4f1422e98765afb262aa,6.201096709067627,16.38523852602286,6.201096709067627,322.5402116809159,364.1002534899979,395.72017250733956,0.1707521496628321,0.009166666666666667,0.1807265625,0.36064537882949876,2.1993546211705017,0.8872983191157816,498.7205017089844,0.0,0.0,498.7205017089844,626.4205017089844,2967.901293805047,326.4205017089844,30.0,532.540211680916,0.0,1,XB01_M020_G00,XB01_M020_G00,XB01,M020,4274.6875,4866.15625,591.46875,6.201096709067627,0.0
E52_dd12fb0cc4aee52816704b73,9.541043552913195,0.5498680641518376,0.5498680641518376,547.6210002825783,600.0718247658139,780.5370536657424,0.3052994367315811,0.009166666666666667,0.1807265625,0.49519266589824773,2.0648073341017525,0.8452522919067976,629.4098937988281,0.0,0.0,629.4098937988281,757.1098937988281,5854.027902493068,543.108642578125,30.0,757.6210002825783,0.0,1,XB01_M020_G00,XB01_M020_G00,XB01,M020,4274.6875,4866.15625,591.46875,0.5498680641518376,0.0
E52_de2c36302e014a6d0284c896,6.690406713655818,15.994052628622484,6.690406713655818,325.41177480357015,364.7238282296769,414.95122905049965,0.1744969638873427,0.009166666666666667,0.1807265625,0.3643901930540093,2.195609806945991,0.8861280646706221,471.74464111328126,0.0,0.0,471.74464111328126,599.4446411132812,3112.134217878747,325.15069580078125,30.0,535.4117748035701,0.0,1,XB01_M020_G00,XB01_M020_G00,XB01,M020,4274.6875,4866.15625,591.46875,6.690406713655818,0.0
E52_01234cac2d25748209cb57e8,7.601074084736112,5.963634638729843,5.963634638729843,275.78386787661753,295.55487261701467,419.772700963196,0.15719547582798327,0.009166666666666667,0.007743923611111111,0.17410606610576104,2.3858939338942395,0.9455918543419497,248.53977661132814,11.2877197265625,11.2877197265625,248.53977661132814,376.2397766113281,3148.2952572239697,326.2397766113281,30.0,485.78386787661753,0.0,1,XB01_M021_G00,XB01_M021_G00,XB01,M021,4621.5625,4646.90625,25.34375,5.963634638729843,0.0
E52_060143e4033ea7dfc142ce26,3.7528362029138975,13.051384290227645,3.7528362029138975,390.52156568077555,422.97629514244545,586.3147545915316,0.2219218246513189,0.009166666666666667,0.007743923611111111,0.23883241492909668,2.3211675850709037,0.9253648703346573,389.4567535400391,0.0,0.0,389.4567535400391,517.1567535400391,4397.360659436487,293.1027526855469,30.0,600.5215656807756,0.0,1,XB01_M021_G00,XB01_M021_G00,XB01,M021,4621.5625,4646.90625,25.34375,3.7528362029138975,0.0
E52_06eb0baa948af7ff52881bcf,6.175547054289353,16.258674653736037,6.175547054289353,296.7597053393259,328.36499963050426,403.88764493158146,0.16274021246714285,0.009166666666666667,0.007743923611111111,0.17965080274492062,2.3803491972550797,0.9438591241422123,379.26353149414064,0.0,0.0,379.26353149414064,506.9635314941406,3029.157336986861,306.9635314941406,30.0,506.7597053393259,0.0,1,XB01_M021_G00,XB01_M021_G00,XB01,M021,4621.5625,4646.90625,25.34375,6.175547054289353,0.0
E52_0c56c0f390b777971f9a7e58,1.077402066011416,2.1743859331465814,1.077402066011416,461.3120930283848,507.24512830670517,647.0259743868478,0.2556960576036008,0.009166666666666667,0.007743923611111111,0.27260664788137856,2.287393352118622,0.9148104225370692,551.1964233398437,0.0,0.0,551.1964233398437,678.8964233398438,4852.694807901358,431.4708251953125,30.0,671.3120930283849,0.0,1,XB01_M021_G00,XB01_M021_G00,XB01,M021,4621.5625,4646.90625,25.34375,1.077402066011416,0.0
E52_0c9d91fc306062a18ada9948,7.762490754414429,15.697900697510477,7.762490754414429,331.42241999480143,370.2725110389095,429.7442937249544,0.1787296459836012,0.009166666666666667,0.007743923611111111,0.19564023626137897,2.3643597637386216,0.938862426168319,466.2010925292969,0.0,0.0,466.2010925292969,593.9010925292969,3223.082202937158,326.7436828613281,30.0,541.4224199948014,0.0,1,XB01_M021_G00,XB01_M021_G00,XB01,M021,4621.5625,4646.90625,25.34375,7.762490754414429,0.0
E52_0f45fcab7c66cb90fa618929,2.873321976520401,12.721246579688795,2.873321976520401,427.8988653120833,469.21977900837237,607.8722484464322,0.23826781941132907,0.009166666666666667,0.007743923611111111,0.2551784096891068,2.3048215903108935,0.9202567469721541,495.85096435546876,0.0,0.0,495.85096435546876,623.5509643554688,4559.041863348241,326.6978454589844,30.0,637.8988653120832,0.0,1,XB01_M021_G00,XB01_M021_G00,XB01,M021,4621.5625,4646.90625,25.34375,2.873321976520401,0.0
E52_0fa03b8d9ed736d48919c1b7,3.298144380890051,11.555158541579928,3.298144380890051,469.53189880990186,510.00510285042924,696.2245733766397,0.2655870342753843,0.009166666666666667,0.007743923611111111,0.2824976245531621,2.277502375446838,0.9117194923271369,485.67844848632814,0.0,0.0,485.67844848632814,613.3784484863281,5221.684300324798,318.1667785644531,30.0,679.5318988099018,0.0,1,XB01_M021_G00,XB01_M021_G00,XB01,M021,4621.5625,4646.90625,25.34375,3.298144380890051,0.0
E52_12b142f00e8cb4e3948f96c2,3.4138797930132085,12.991659521749298,3.4138797930132085,402.5936730780369,438.4739485500421,589.9056933240425,0.22672373828986628,0.009166666666666667,0.007743923611111111,0.24363432856764405,2.3163656714323566,0.9238642723226113,430.5633056640625,0.0,0.0,430.5633056640625,558.2633056640625,4424.292699930319,284.7546081542969,30.0,612.5936730780369,0.0,1,XB01_M021_G00,XB01_M021_G00,XB01,M021,4621.5625,4646.90625,25.34375,3.4138797930132085,0.0
E52_189eb019491ad876aa165071,6.054128521178271,3.8094716871601975,3.8094716871601975,403.09916814168594,448.35288467407526,534.676037089036,0.21908171065325852,0.009166666666666667,0.007743923611111111,0.2359923009310363,2.3240076990689644,0.9262524059590511,543.0445983886718,0.0,0.0,543.0445983886718,670.7445983886719,4010.07027816777,391.87322998046875,30.0,613.0991681416859,0.0,1,XB01_M021_G00,XB01_M021_G00,XB01,M021,4621.5625,4646.90625,25.34375,3.8094716871601975,0.0
E52_1eac4bbcd37cec5d48241661,7.547676601504463,6.04580255430777,6.04580255430777,275.66392246828667,298.30930922772677,415.4555243799327,0.1568759382441215,0.009166666666666667,0.007743923611111111,0.17378652852189927,2.386213471478101,0.9456917098369064,271.74464111328126,0.0,0.0,271.74464111328126,399.44464111328125,3115.9164328494953,326.2397766113281,30.0,485.66392246828667,0.0,1,XB01_M021_G00,XB01_M021_G00,XB01,M021,4621.5625,4646.90625,25.34375,6.04580255430777,0.0
E52_1ef47ef68c1879e18ddbb164,7.5447865723863,9.684707827919368,7.5447865723863,525.9457118932837,556.9823492630754,865.6715995678175,0.30964781577290457,0.009166666666666667,0.007743923611111111,0.3265584060506823,2.233441593949318,0.8979504981091617,372.4396484375,0.0,0.0,372.4396484375,500.1396484375,6492.536996758631,304.7821350097656,30.0,735.9457118932837,0.0,1,XB01_M021_G00,XB01_M021_G00,XB01,M021,4621.5625,4646.90625,25.34375,7.5447865723863,0.0
E52_214ce9a3b3bd3fa9c582335a,8.951833807333173,15.138353346483314,8.951833807333173,331.46735474952504,365.31699057309277,459.8368945576438,0.1830074384559416,0.009166666666666667,0.007743923611111111,0.1999180287337194,2.3600819712662813,0.9375256160207127,406.1956298828125,0.0,0.0,406.1956298828125,533.8956298828125,3448.7767091823284,283.8956298828125,30.0,541.467354749525,0.0,1,XB01_M021_G00,XB01_M021_G00,XB01,M021,4621.5625,4646.90625,25.34375,8.951833807333173,0.0
E52_215ef380a7eb56a6f7d09ab1,14.361801631210326,12.440860913671315,12.440860913671315,437.2780853288336,478.35957590907447,628.0672271762219,0.2444635461376352,0.009166666666666667,0.007743923611111111,0.26137413641541296,2.2986258635845873,0.9183205823701834,492.97788696289064,0.0,0.0,492.97788696289064,620.6778869628906,4710.504203821664,324.9881591796875,30.0,647.2780853288336,0.0,1,XB01_M021_G00,XB01_M021_G00,XB01,M021,4621.5625,4646.90625,25.34375,12.440860913671315,0.0
E52_231555d7070bcf1a0911e332,7.499199858719564,5.981962334569488,5.981962334569488,303.4113952968874,335.0249979987103,417.14117438283733,0.1669828432889251,0.009166666666666667,0.007743923611111111,0.18389343356670287,2.3761065664332977,0.9425333020104053,379.363232421875,0.0,0.0,379.363232421875,507.063232421875,3128.55880787128,326.2397766113281,30.0,513.4113952968873,0.0,1,XB01_M021_G00,XB01_M021_G00,XB01,M021,4621.5625,4646.90625,25.34375,5.981962334569488,0.0
E52_231de36c6439da832299e30f,3.5038654068325457,16.451156269229884,3.5038654068325457,336.2639482811268,383.1573412254627,391.1675388962379,0.1749881335365896,0.009166666666666667,0.007743923611111111,0.19189872381436737,2.3681012761856333,0.9400316488080102,562.7207153320312,0.0,0.0,562.7207153320312,690.4207153320312,2933.7565417217843,390.42071533203125,30.0,546.2639482811268,0.0,1,XB01_M021_G00,XB01_M021_G00,XB01,M021,4621.5625,4646.90625,25.34375,3.5038654068325457,0.0
E52_246111a1ef063bec9e89ec9e,3.476658180346533,13.03223549741864,3.476658180346533,413.11352328410356,453.07003166626504,586.4879962752384,0.22998101771643822,0.009166666666666667,0.007743923611111111,0.246891607994216,2.3131083920057844,0.9228463725018075,479.4781005859375,0.0,0.0,479.4781005859375,607.1781005859375,4398.659972064288,469.28277587890625,30.0,623.1135232841036,0.0,1,XB01_M021_G00,XB01_M021_G00,XB01,M021,4621.5625,4646.90625,25.34375,3.476658180346533,0.0
E52_24cc4f01335372459fb4c2ba,13.47508768667528,12.909161020133865,12.909161020133865,410.2633482290822,447.7953418407359,595.3347347882426,0.23022027843265847,0.009166666666666667,0.007743923611111111,0.24713086871043624,2.312869131289564,0.9227716035279887,450.38392333984376,0.0,0.0,450.38392333984376,578.0839233398438,4465.010510911819,278.08392333984375,30.0,620.2633482290822,0.0,1,XB01_M021_G00,XB01_M021_G00,XB01,M021,4621.5625,4646.90625,25.34375,12.909161020133865,0.0
E52_24db349315b2a6b84dd4215d,8.366890541696236,5.686957833295324,5.686957833295324,283.5201066466774,305.8382661315407,433.1312563841751,0.1621732249548407,0.009166666666666667,0.007743923611111111,0.1790838152326185,2.380916184767382,0.9440363077398067,267.8179138183594,0.0,0.0,267.8179138183594,395.5179138183594,3248.4844228813135,322.1230773925781,30.0,493.5201066466774,0.0,1,XB01_M021_G00,XB01_M021_G00,XB01,M021,4621.5625,4646.90625,25.34375,5.686957833295324,0.0
E52_27bf01e9e990859ae5993708,7.516819758811437,15.932490639468014,7.516819758811437,318.6138217216496,355.0514931287134,418.60161500091635,0.17259630304263499,0.009166666666666667,0.007743923611111111,0.18950689332041276,2.3704931066795876,0.940779095837371,437.25205688476564,0.0,0.0,437.25205688476564,564.9520568847656,3139.5121125068727,326.2397766113281,30.0,528.6138217216496,0.0,1,XB01_M021_G00,XB01_M021_G00,XB01,M021,4621.5625,4646.90625,25.34375,7.516819758811437,0.0
E52_27bf1882d0e1a812c8450c72,6.471917474234402,16.18675851321828,6.471917474234402,334.03154784809436,377.9609795090644,404.48650573036844,0.17608047258726683,0.009166666666666667,0.007743923611111111,0.1929910628650446,2.367008937134956,0.9396902928546735,527.1531799316406,0.0,0.0,527.1531799316406,654.8531799316406,3033.648792977763,359.1753845214844,30.0,544.0315478480943,0.0,1,XB01_M021_G00,XB01_M021_G00,XB01,M021,4621.5625,4646.90625,25.34375,6.471917474234402,0.0
E52_27fdcb9bc2da20af468e67a1,8.315891146619052,15.630401191469062,8.315891146619052,333.5201066466774,372.5049327982074,433.1312563841751,0.1799553449394086,0.009166666666666667,0.007743923611111111,0.19686593521718637,2.3631340647828143,0.9384793952446293,467.8179138183594,0.0,0.0,467.8179138183594,595.5179138183594,3248.4844228813135,322.1230773925781,30.0,543.5201066466774,0.0,1,XB01_M021_G00,XB01_M021_G00,XB01,M021,4621.5625,4646.90625,25.34375,8.315891146619052,0.0
E52_29c9aa5399273a7ee24bceb6,3.6028294816052977,11.583777919859742,3.6028294816052977,451.9321692173844,486.7995103225277,694.6602918039094,0.2591062855773863,0.009166666666666667,0.007743923611111111,0.27601687585516405,2.2839831241448363,0.9137447262952613,418.40809326171876,0.0,0.0,418.40809326171876,546.1080932617188,5209.952188529321,322.9142761230469,30.0,661.9321692173844,0.0,1,XB01_M021_G00,XB01_M021_G00,XB01,M021,4621.5625,4646.90625,25.34375,3.6028294816052977,0.0
E52_2cea01313b8862fcfb6b2e63,12.339807150020377,16.460055432828085,12.339807150020377,259.5957489704318,280.08528245838755,396.2542970131293,0.148442074342722,0.009166666666666667,0.007743923611111111,0.16535266462049977,2.3946473353795006,0.9483272923060938,245.87440185546876,0.0,0.0,245.87440185546876,373.57440185546875,2971.90722759847,231.8917236328125,30.0,469.5957489704318,0.0,1,XB01_M021_G00,XB01_M021_G00,XB01,M021,4621.5625,4646.90625,25.34375,12.339807150020377,0.0
E52_2d7a36258a59c18fc6a856bf,6.934771576738143,16.662039037059316,6.934771576738143,318.72117968179435,361.17160743651436,382.73979283526836,0.16755561647288383,0.009166666666666667,0.007743923611111111,0.1844662067506616,2.375533793249339,0.9423543103904183,509.40513305664064,0.0,0.0,509.40513305664064,637.1051330566406,2870.5484462645127,346.4301452636719,30.0,528.7211796817944,0.0,1,XB01_M021_G00,XB01_M021_G00,XB01,M021,4621.5625,4646.90625,25.34375,6.934771576738143,0.0
E52_2dadfb43d7dd9558e21effa9,12.81673606625182,12.85982438864363,12.81673606625182,396.07517918576866,428.1792069974549,599.5261915014202,0.22576797164618329,0.009166666666666667,0.007743923611111111,0.24267856192396106,2.3173214380760396,0.9241629493987622,385.2483337402344,0.0,0.0,385.2483337402344,512.9483337402344,4496.446436260651,248.30487060546875,30.0,606.0751791857687,0.0,1,XB01_M021_G00,XB01_M021_G00,XB01,M021,4621.5625,4646.90625,25.34375,12.81673606625182,0.0
E52_2e64690809088e2a96fb2160,7.240682807628588,9.500767968691491,7.240682807628588,523.7789293194231,550.945126524013,884.5606754113072,0.31155234822715455,0.009166666666666667,0.007743923611111111,0.3284629385049323,2.231537061495068,0.8973553317172087,325.99436645507814,0.0,0.0,325.99436645507814,453.6943664550781,6634.205065584804,329.6845703125,30.0,733.7789293194231,0.0,1,XB01_M021_G00,XB01_M021_G00,XB01,M021,4621.5625,4646.90625,25.34375,7.240682807628588,0.0
E52_30110e5b3ae38ecfab28ace2,4.669712090793297,10.05954008012911,4.669712090793297,514.4106891471403,547.7506496268766,828.7816154158626,0.30032099335417484,0.009166666666666667,0.007743923611111111,0.3172315836319526,2.242768416368048,0.9008651301150148,400.07952575683595,0.0,0.0,400.07952575683595,527.7795257568359,6215.862115618969,313.0162353515625,30.0,724.4106891471403,0.0,1,XB01_M021_G00,XB01_M021_G00,XB01,M021,4621.5625,4646.90625,25.34375,4.669712090793297,0.0
E52_326bd9096774308657b14836,7.147006467216471,6.820761438549596,6.820761438549596,254.20783025924425,275.6237299174474,379.92026256926977,0.1442126230476059,0.009166666666666667,0.007743923611111111,0.16112321332538368,2.398876786674617,0.9496489958358176,256.9907958984375,0.0,0.0,256.9907958984375,384.6907958984375,2849.4019692695233,334.6907958984375,30.0,464.20783025924425,0.0,1,XB01_M021_G00,XB01_M021_G00,XB01,M021,4621.5625,4646.90625,25.34375,6.820761438549596,0.0
E52_32cd7932ac3bc8f6e82bd016,2.6684078783951577,12.531399030736651,2.6684078783951577,433.33722088021847,474.19552115284216,621.5246401246948,0.24213542524196421,0.009166666666666667,0.007743923611111111,0.259046015519742,2.3009539844802585,0.9190481201500806,490.2996032714844,0.0,0.0,490.2996032714844,617.9996032714844,4661.434800935211,324.9372863769531,30.0,643.3372208802184,0.0,1,XB01_M021_G00,XB01_M021_G00,XB01,M021,4621.5625,4646.90625,25.34375,2.6684078783951577,0.0
E52_3322673a66874be8fb5ff9e0,3.095080359038036,12.93559360833251,3.095080359038036,392.2739001975914,423.9757012433271,594.3369941207687,0.2236811646950203,0.009166666666666667,0.007743923611111111,0.24059175497279808,2.319408245027202,0.9248150765710006,380.42161254882814,0.0,0.0,380.42161254882814,508.1216125488281,4457.527455905765,308.1216125488281,30.0,602.2739001975914,0.0,1,XB01_M021_G00,XB01_M021_G00,XB01,M021,4621.5625,4646.90625,25.34375,3.095080359038036,0.0
E52_357bbbd4dc4420221c875ea3,10.658575868830624,12.241245229232817,10.658575868830624,405.4327582223269,433.1514265878055,644.5535062517828,0.23547283792056264,0.009166666666666667,0.007743923611111111,0.2523834281983404,2.30761657180166,0.9211301786880186,332.6240203857422,0.0,0.0,332.6240203857422,460.3240203857422,4834.151296888371,255.67149353027344,30.0,615.4327582223269,0.0,1,XB01_M021_G00,XB01_M021_G00,XB01,M021,4621.5625,4646.90625,25.34375,10.658575868830624,0.0
E52_3875f0f2b8e39572338b498b,14.737359353466275,12.654831201135607,12.654831201135607,430.443023323014,471.8276755243487,612.5781334380202,0.23983909257274777,0.009166666666666667,0.007743923611111111,0.2567496828505255,2.303250317149475,0.9197657241092108,496.61582641601564,0.0,0.0,496.61582641601564,624.3158264160156,4594.336000785152,324.3158264160156,30.0,640.443023323014,0.0,1,XB01_M021_G00,XB01_M021_G00,XB01,M021,4621.5625,4646.90625,25.34375,12.654831201135607,0.0
E52_3a94b6482baa2cfaba8a857d,6.705027592378826,16.425448776817632,6.705027592378826,326.01303055755295,369.111023518165,393.4381033514341,0.17166403726355467,0.009166666666666667,0.007743923611111111,0.18857462754133245,2.3714253724586682,0.9410704288933336,517.1759155273437,0.0,0.0,517.1759155273437,644.8759155273438,2950.785775135756,352.4370422363281,30.0,536.013030557553,0.0,1,XB01_M021_G00,XB01_M021_G00,XB01,M021,4621.5625,4646.90625,25.34375,6.705027592378826,0.0
E52_413d3eff5d481ef66f8d3068,7.219984349273261,9.493762996477216,7.219984349273261,548.7789293194231,584.2784598573463,884.5606754113072,0.3204434082194385,0.009166666666666667,0.007743923611111111,0.33735399849721626,2.2226460015027842,0.89457687546962,425.99436645507814,0.0,0.0,425.99436645507814,553.6943664550781,6634.205065584804,329.6845703125,30.0,758.7789293194231,0.0,1,XB01_M021_G00,XB01_M021_G00,XB01,M021,4621.5625,4646.90625,25.34375,7.219984349273261,0.0
E52_437c6a333219b14c3939f26c,7.5189292309295155,6.0194831627628105,6.0194831627628105,277.09771274073506,296.211315442558,417.14117438283733,0.1570562493971614,0.009166666666666667,0.007743923611111111,0.17396683967493917,2.3860331603250615,0.9456353626015815,248.53977661132814,19.176544189453125,19.176544189453125,248.53977661132814,376.2397766113281,3128.55880787128,326.2397766113281,30.0,487.09771274073506,0.0,1,XB01_M021_G00,XB01_M021_G00,XB01,M021,4621.5625,4646.90625,25.34375,6.0194831627628105,0.0
E52_44ed69e1d99dc074a7941a18,9.282862833467703,8.900383690419545,8.900383690419545,188.27556058823757,199.0276355292369,299.7078152072368,0.1090911242968749,0.009166666666666667,0.007743923611111111,0.12600171457465267,2.4339982854253477,0.960624464195421,139.59420471191407,10.569305419921875,10.569305419921875,139.59420471191407,267.29420471191406,2247.808614054276,217.29420471191406,30.0,398.27556058823757,0.0,1,XB01_M021_G00,XB01_M021_G00,XB01,M021,4621.5625,4646.90625,25.34375,8.900383690419545,0.0
E52_4513f74e4ba51c209cccc792,1.9505850206885498,9.790974506635663,1.9505850206885498,548.6050089915749,589.1156759023821,854.1460165183059,0.3160741321008959,0.009166666666666667,0.007743923611111111,0.33298472237867366,2.227015277621327,0.8959422742566645,486.1280029296875,0.0,0.0,486.1280029296875,613.8280029296875,6406.095123887295,391.8226318359375,30.0,758.6050089915749,0.0,1,XB01_M021_G00,XB01_M021_G00,XB01,M021,4621.5625,4646.90625,25.34375,1.9505850206885498,0.0
E52_47db2d0d55c92154c779a4c9,5.907285062189018,16.45726286038159,5.907285062189018,312.62709924858126,351.3219092257948,393.08533863388124,0.16685347284684848,0.009166666666666667,0.007743923611111111,0.18376406312462626,2.376235936875374,0.9425737302735543,464.3377197265625,0.0,0.0,464.3377197265625,592.0377197265625,2948.1400397541092,295.61395263671875,30.0,522.6270992485813,0.0,1,XB01_M021_G00,XB01_M021_G00,XB01,M021,4621.5625,4646.90625,25.34375,5.907285062189018,0.0
E52_4cf0fac9feb721651efb2830,10.350445089730883,17.82597875173802,10.350445089730883,242.69354898018014,267.32891198677197,337.5749199208095,0.13412057160327687,0.009166666666666667,0.007743923611111111,0.15103116188105464,2.408968838118946,0.9528027619121704,295.6243560791016,0.0,0.0,295.6243560791016,423.32435607910156,2531.8118994060715,217.31182861328125,30.0,452.69354898018014,0.0,1,XB01_M021_G00,XB01_M021_G00,XB01,M021,4621.5625,4646.90625,25.34375,10.350445089730883,0.0
E52_4d215302190bc5bfb29bf912,5.470060906705697,16.37371485667674,5.470060906705697,307.50969179304633,343.7570581260541,397.53518558804575,0.1656637075427803,0.009166666666666667,0.007743923611111111,0.18257429782055806,2.3774257021794423,0.9429455319310756,434.96839599609376,0.0,0.0,434.96839599609376,562.6683959960938,2981.5138919103433,336.56707763671875,30.0,517.5096917930464,0.0,1,XB01_M021_G00,XB01_M021_G00,XB01,M021,4621.5625,4646.90625,25.34375,5.470060906705697,0.0
E52_50c718ca7f326f764494c89d,17.91835819091071,13.080943299176411,13.080943299176411,350.85355156655817,370.1881015340061,585.6998033284289,0.20772710552759727,0.009166666666666667,0.007743923611111111,0.22463769580537504,2.3353623041946254,0.9298007200608203,232.014599609375,0.0,0.0,232.014599609375,359.714599609375,4392.748524963216,275.29461669921875,30.0,560.8535515665582,0.0,1,XB01_M021_G00,XB01_M021_G00,XB01,M021,4621.5625,4646.90625,25.34375,13.080943299176411,0.0
E52_515a3b7c8d98426ee13f2b4e,11.517238721278787,17.07508762021844,11.517238721278787,242.68536134104386,262.0561394884234,369.14605379781034,0.13858886614696947,0.009166666666666667,0.007743923611111111,0.15549945642474725,2.4045005435752533,0.9514064198672665,232.4493377685547,0.0,0.0,232.4493377685547,360.1493377685547,2768.5954034835777,210.1493377685547,30.0,452.68536134104386,0.0,1,XB01_M021_G00,XB01_M021_G00,XB01,M021,4621.5625,4646.90625,25.34375,11.517238721278787,0.0
E52_575c4f100493de938643a13d,1.169421900846359,2.099203328999508,1.169421900846359,470.05405043895155,518.0123847895375,652.3580947743875,0.259560220504969,0.009166666666666667,0.007743923611111111,0.27647081078274677,2.2835291892172536,0.9136028716303917,575.5000122070312,0.0,0.0,575.5000122070312,703.2000122070312,4892.685710807907,437.3766174316406,30.0,680.0540504389515,0.0,1,XB01_M021_G00,XB01_M021_G00,XB01,M021,4621.5625,4646.90625,25.34375,1.169421900846359,0.0
E52_60b0dc656c777ee2cc2279b1,2.4606975174693417,0.21315146591224732,0.21315146591224732,563.4362729251038,615.9641949832094,811.705013501575,0.3153381258454166,0.009166666666666667,0.007743923611111111,0.33224871612319434,2.227751283876806,0.8961722762115018,630.3350646972656,0.0,0.0,630.3350646972656,758.0350646972656,6087.787601261813,495.9024353027344,30.0,773.4362729251038,0.0,1,XB01_M021_G00,XB01_M021_G00,XB01,M021,4621.5625,4646.90625,25.34375,0.21315146591224732,0.0
E52_60b76d98beea93305f35c25d,11.689165320513396,16.79058398580294,11.689165320513396,271.8613885249859,299.0873836523459,380.3668062858116,0.15055421784231732,0.009166666666666667,0.007743923611111111,0.1674648081200951,2.3925351918799054,0.9476672474624703,326.7119415283203,0.0,0.0,326.7119415283203,454.4119415283203,2852.751047143587,241.2421875,30.0,481.8613885249859,0.0,1,XB01_M021_G00,XB01_M021_G00,XB01,M021,4621.5625,4646.90625,25.34375,11.689165320513396,0.0
E52_67646c2afbeb5602853e5a9c,3.0904261583327326,12.927232110573698,3.0904261583327326,404.7739001975914,440.6423679099937,594.3369941207687,0.22812669469116229,0.009166666666666667,0.007743923611111111,0.24503728496894006,2.3149627150310605,0.9234258484472062,430.42161254882814,0.0,0.0,430.42161254882814,558.1216125488281,4457.527455905765,308.1216125488281,30.0,614.7739001975914,0.0,1,XB01_M021_G00,XB01_M021_G00,XB01,M021,4621.5625,4646.90625,25.34375,3.0904261583327326,0.0
E52_68694062ed2e2e792aeb51a9,8.38839156241427,17.695890544520793,8.38839156241427,262.3147609906027,292.8212075746684,341.5908424768108,0.1416674545099547,0.009166666666666667,0.007743923611111111,0.15857804478773246,2.401421955212268,0.9504443610038336,366.0773590087891,0.0,0.0,366.0773590087891,493.77735900878906,2561.931318576081,213.8477783203125,30.0,472.3147609906027,0.0,1,XB01_M021_G00,XB01_M021_G00,XB01,M021,4621.5625,4646.90625,25.34375,8.38839156241427,0.0
E52_6aa461eda22a4c53e6730e81,7.020758249624436,6.478254834226846,6.478254834226846,265.8104536255181,288.3542041341444,395.1560268799425,0.15046620221455187,0.009166666666666667,0.007743923611111111,0.16737679249232965,2.392623207507671,0.947694752346147,271.555615234375,1.030609130859375,1.030609130859375,271.555615234375,399.255615234375,2963.670201599569,349.255615234375,30.0,475.8104536255181,0.0,1,XB01_M021_G00,XB01_M021_G00,XB01,M021,4621.5625,4646.90625,25.34375,6.478254834226846,0.0
E52_6dc095df8eb6475486134b5c,3.5962778864579974,12.905188948092743,3.5962778864579974,424.06014837873875,466.2734748964797,594.8403376510322,0.23505698741925235,0.009166666666666667,0.007743923611111111,0.2519675776970301,2.3080324223029702,0.921260131969678,506.55991821289064,0.0,0.0,506.55991821289064,634.2599182128906,4461.302532382741,440.2059631347656,30.0,634.0601483787387,0.0,1,XB01_M021_G00,XB01_M021_G00,XB01,M021,4621.5625,4646.90625,25.34375,3.5962778864579974,0.0
E52_73baea82bbbffa2db9d7426a,7.831886860283731,5.711384152670419,5.711384152670419,297.3854850658978,324.64222792478455,431.2305129784753,0.16683515196021612,0.009166666666666667,0.007743923611111111,0.1837457422379939,2.3762542577620067,0.9425794555506269,327.08091430664064,0.0,0.0,327.08091430664064,454.7809143066406,3234.2288473385647,335.390380859375,30.0,507.3854850658978,0.0,1,XB01_M021_G00,XB01_M021_G00,XB01,M021,4621.5625,4646.90625,25.34375,5.711384152670419,0.0
E52_74b3fb0a4920873efc33101b,5.935897563425556,6.525083879148042,5.935897563425556,262.62709924858126,284.6552425591281,393.08533863388124,0.14907135286228057,0.009166666666666667,0.007743923611111111,0.16598194314005835,2.394018056859942,0.9481306427687317,264.3377197265625,0.0,0.0,264.3377197265625,392.0377197265625,2948.1400397541092,295.61395263671875,30.0,472.62709924858126,0.0,1,XB01_M021_G00,XB01_M021_G00,XB01,M021,4621.5625,4646.90625,25.34375,5.935897563425556,0.0
E52_7547086a1218012670f76a62,11.963543485094277,2.277872015791573,2.277872015791573,370.7957901832663,387.27013608984186,642.7455049270795,0.2228984084752749,0.009166666666666667,0.007743923611111111,0.23980899875305267,2.3201910012469478,0.9250596878896711,197.69215087890626,0.0,0.0,197.69215087890626,325.39215087890625,4820.591286953097,275.39215087890625,30.0,580.7957901832663,0.0,1,XB01_M021_G00,XB01_M021_G00,XB01,M021,4621.5625,4646.90625,25.34375,2.277872015791573,0.0
E52_76b4f0bdabd1ccab126282dd,11.122137923866035,17.180198899819032,11.122137923866035,244.7670432960008,265.6078646257534,364.489158613486,0.13866967590706417,0.009166666666666667,0.007743923611111111,0.15558026618484194,2.4044197338151587,0.951381166817237,250.08985595703126,0.0,0.0,250.08985595703126,377.78985595703125,2733.6686896011447,241.2421875,30.0,454.7670432960008,0.0,1,XB01_M021_G00,XB01_M021_G00,XB01,M021,4621.5625,4646.90625,25.34375,11.122137923866035,0.0
E52_7e5f4a4eaf9aa5b10576997a,12.907685299311197,13.086620585622072,12.907685299311197,384.11958913832314,414.7999833745699,584.1568128591658,0.21933939564120059,0.009166666666666667,0.007743923611111111,0.23624998591897836,2.323750014081022,0.9261718794003193,368.16473083496095,0.0,0.0,368.16473083496095,495.86473083496094,4381.1760964437435,247.829345703125,30.0,594.1195891383231,0.0,1,XB01_M021_G00,XB01_M021_G00,XB01,M021,4621.5625,4646.90625,25.34375,12.907685299311197,0.0
E52_82c821a5773d0bfbe554f10a,8.076714934415634,11.397135806608844,8.076714934415634,512.9354114719376,566.0737563002253,707.0407539741487,0.2825549862639304,0.009166666666666667,0.007743923611111111,0.29946557654170813,2.2605344234582923,0.9064170073307162,637.6601379394531,0.0,0.0,637.6601379394531,765.3601379394531,5302.805654806116,465.3601379394531,30.0,722.9354114719376,0.0,1,XB01_M021_G00,XB01_M021_G00,XB01,M021,4621.5625,4646.90625,25.34375,8.076714934415634,0.0
E52_831cee7e7a3a549796e42b18,7.938160249794521,10.042846261792022,7.938160249794521,524.445203057942,560.9167693217765,830.061008532876,0.3040708837654974,0.009166666666666667,0.007743923611111111,0.32098147404327515,2.2390185259567255,0.8996932893614765,437.65879516601564,0.0,0.0,437.65879516601564,565.3587951660156,6225.457563996571,359.5916748046875,30.0,734.445203057942,0.0,1,XB01_M021_G00,XB01_M021_G00,XB01,M021,4621.5625,4646.90625,25.34375,7.938160249794521,0.0
E52_88c1c7aba1fcf94c58dad20e,7.231780908045494,9.497510042154289,7.231780908045494,536.2789293194231,567.6117931906797,884.5606754113072,0.3159978782232965,0.009166666666666667,0.007743923611111111,0.33290846850107425,2.2270915314989264,0.8959661035934143,375.99436645507814,0.0,0.0,375.99436645507814,503.6943664550781,6634.205065584804,329.6845703125,30.0,746.2789293194231,0.0,1,XB01_M021_G00,XB01_M021_G00,XB01,M021,4621.5625,4646.90625,25.34375,7.231780908045494,0.0
E52_8ca7795ffa642a3b129c0a3d,7.795746759178442,15.730152054416479,7.795746759178442,330.94608252023,369.9122522589995,428.0951466078428,0.17832668261553564,0.009166666666666667,0.007743923611111111,0.1952372728933134,2.364762727106687,0.9389883522208395,467.5940368652344,0.0,0.0,467.5940368652344,595.2940368652344,3210.713599558821,335.390380859375,30.0,540.94608252023,0.0,1,XB01_M021_G00,XB01_M021_G00,XB01,M021,4621.5625,4646.90625,25.34375,7.795746759178442,0.0
E52_8d375985c45fff9288668cb3,3.1533807854141855,16.222123863058812,3.1533807854141855,353.99602207193686,405.21742048909175,400.663653640944,0.182639281392285,0.009166666666666667,0.007743923611111111,0.19954987167006277,2.360450128329938,0.9376406651031054,614.6567810058593,0.0,0.0,614.6567810058593,742.3567810058594,3004.97740230708,442.3567810058594,30.0,563.9960220719369,0.0,1,XB01_M021_G00,XB01_M021_G00,XB01,M021,4621.5625,4646.90625,25.34375,3.1533807854141855,0.0
E52_9026ce0d2a5dd9a75ef73c8e,6.074749250588937,6.720084116703532,6.074749250588937,248.61637070099954,267.37077642202814,384.70630707582717,0.14290187810434732,0.009166666666666667,0.007743923611111111,0.1598124683821251,2.4001875316178753,0.9500586036305859,225.05286865234376,0.0,0.0,225.05286865234376,352.75286865234375,2885.297303068704,302.75286865234375,30.0,458.61637070099954,0.0,1,XB01_M021_G00,XB01_M021_G00,XB01,M021,4621.5625,4646.90625,25.34375,6.074749250588937,0.0
E52_924cec2d58c933358893a332,11.185843736846067,12.302862284422105,11.185843736846067,416.670444788364,448.9844576972996,639.4568121231148,0.23874762537865796,0.009166666666666667,0.007743923611111111,0.2556582156564357,2.3043417843435647,0.9201068076073639,387.7681549072266,0.0,0.0,387.7681549072266,515.4681549072266,4795.926090923361,252.644287109375,30.0,626.670444788364,0.0,1,XB01_M021_G00,XB01_M021_G00,XB01,M021,4621.5625,4646.90625,25.34375,11.185843736846067,0.0
E52_96da4f081c74d8211b4b244f,12.160469686026403,12.47027426673894,12.160469686026403,406.4445801679392,437.368205859671,627.3474061854878,0.23339590098708082,0.009166666666666667,0.007743923611111111,0.2503064912648586,2.309693508735142,0.9217792214797317,371.08350830078126,0.0,0.0,371.08350830078126,498.78350830078125,4705.105546391158,251.37640380859375,30.0,616.4445801679392,0.0,1,XB01_M021_G00,XB01_M021_G00,XB01,M021,4621.5625,4646.90625,25.34375,12.160469686026403,0.0
E52_a1af1f4ab7d520e82e20be53,3.4779610275755033,0.45430012492889205,0.45430012492889205,547.7224457312177,598.7128286250978,789.5025940991541,0.30660524396013417,0.009166666666666667,0.007743923611111111,0.3235158342379119,2.2364841657620884,0.8989013018006525,611.8845947265625,0.0,0.0,611.8845947265625,739.5845947265625,5921.269455743655,492.6366271972656,30.0,757.7224457312177,0.0,1,XB01_M021_G00,XB01_M021_G00,XB01,M021,4621.5625,4646.90625,25.34375,0.45430012492889205,0.0
E52_a3836b1674b2d70f748125c1,9.764482079918537,18.388582284998307,9.764482079918537,238.77143733771516,265.74771093797557,315.68523307386783,0.1296256139323784,0.009166666666666667,0.007743923611111111,0.14653620421015617,2.4134637957898444,0.9542074361843262,323.715283203125,0.0,0.0,323.715283203125,451.415283203125,2367.639248054009,217.29420471191406,30.0,448.77143733771516,0.0,1,XB01_M021_G00,XB01_M021_G00,XB01,M021,4621.5625,4646.90625,25.34375,9.764482079918537,0.0
E52_a77602565c04dca5831f9b7a,7.947172273388077,15.758600383852013,7.947172273388077,295.3505394617105,322.31471665694164,428.9160157520343,0.16578365241547813,0.009166666666666667,0.007743923611111111,0.1826942426932559,2.3773057573067446,0.9429080491583576,323.57012634277345,0.0,0.0,323.57012634277345,451.27012634277344,3216.870118140257,284.58648681640625,30.0,505.3505394617105,0.0,1,XB01_M021_G00,XB01_M021_G00,XB01,M021,4621.5625,4646.90625,25.34375,7.947172273388077,0.0
E52_aaa387ee3ee3170bd804334d,1.3454344438544155,18.409477866986336,1.3454344438544155,263.5215778829557,299.2286101502083,312.8009621623957,0.13801933350380158,0.009166666666666667,0.007743923611111111,0.15492992378157935,2.405070076218421,0.9515843988182564,428.48438720703126,0.0,0.0,428.48438720703126,556.1843872070312,2346.0072162179677,386.9435729980469,30.0,473.5215778829557,0.0,1,XB01_M021_G00,XB01_M021_G00,XB01,M021,4621.5625,4646.90625,25.34375,1.3454344438544155,0.0
E52_afb1e3673ff3adbe9c45b8fc,5.815057617035066,6.956106286850726,5.815057617035066,250.21040235058808,271.27175132926646,374.0527108291059,0.1419599864782851,0.009166666666666667,0.007743923611111111,0.15887057675606286,2.4011294232439377,0.9503529447637303,252.73618774414064,0.0,0.0,252.73618774414064,380.4361877441406,2805.395331218294,291.6474609375,30.0,460.2104023505881,0.0,1,XB01_M021_G00,XB01_M021_G00,XB01,M021,4621.5625,4646.90625,25.34375,5.815057617035066,0.0
E52_b4122a9095172602242b40e3,3.084653116057268,12.917805218005896,3.084653116057268,417.2739001975914,457.30903457666045,594.3369941207687,0.23257222468730426,0.009166666666666667,0.007743923611111111,0.24948281496508204,2.3105171850349184,0.9220366203234118,480.42161254882814,0.0,0.0,480.42161254882814,608.1216125488281,4457.527455905765,308.1216125488281,30.0,627.2739001975914,0.0,1,XB01_M021_G00,XB01_M021_G00,XB01,M021,4621.5625,4646.90625,25.34375,3.084653116057268,0.0
E52_b45db00398315637fb020e5f,1.3899692916204174,10.742298629097064,1.3899692916204174,520.0993036420956,566.0861185224667,764.2777180019647,0.2932088546230577,0.009166666666666667,0.007743923611111111,0.31011944490083543,2.249880555099165,0.903087673468489,551.8417785644531,0.0,0.0,551.8417785644531,679.5417785644531,5732.082885014735,386.71868896484375,30.0,730.0993036420956,0.0,1,XB01_M021_G00,XB01_M021_G00,XB01,M021,4621.5625,4646.90625,25.34375,1.3899692916204174,0.0
E52_b544b4d7beda1d6ed7fbeefb,7.623281940322329,16.252686834440453,7.623281940322329,293.91354735972715,324.49113296153376,404.3615811086144,0.16179511839250177,0.009166666666666667,0.007743923611111111,0.17870570867027954,2.381294291329721,0.9441544660405377,366.9310272216797,0.0,0.0,366.9310272216797,494.6310272216797,3032.711858314608,277.91845703125,30.0,503.91354735972715,0.0,1,XB01_M021_G00,XB01_M021_G00,XB01,M021,4621.5625,4646.90625,25.34375,7.623281940322329,0.0
E52_b60e4d2a4cdcd5801a5d757f,7.414447336913881,16.480566458341656,7.414447336913881,308.26023760270465,345.626388522301,392.32356968783114,0.16519254750221457,0.009166666666666667,0.007743923611111111,0.18210313777999235,2.377896862220008,0.9430927694437524,448.39381103515626,0.0,0.0,448.39381103515626,576.0938110351562,2942.4267726587336,326.2397766113281,30.0,518.2602376027046,0.0,1,XB01_M021_G00,XB01_M021_G00,XB01,M021,4621.5625,4646.90625,25.34375,7.414447336913881,0.0
E52_b677873645e212a13901ede2,1.346936293667028,9.230718628911887,1.346936293667028,575.9444140089429,616.0268887810784,911.3939793850733,0.3339048259552679,0.009166666666666667,0.007743923611111111,0.35081541623304563,2.209184583766955,0.8903701824271733,480.989697265625,0.0,0.0,480.989697265625,608.689697265625,6835.45484538805,390.4056396484375,30.0,785.9444140089429,0.0,1,XB01_M021_G00,XB01_M021_G00,XB01,M021,4621.5625,4646.90625,25.34375,1.346936293667028,0.0
E52_b6789310c1ab16898a769b78,16.58164653460703,2.625622464396969,2.625622464396969,372.38145547243056,389.4038741939475,617.4514627840539,0.21924054354678854,0.009166666666666667,0.007743923611111111,0.23615113382456632,2.3238488661754344,0.926202770679823,225.84925537109376,21.580230712890625,21.580230712890625,225.84925537109376,353.54925537109375,4630.885970880404,303.54925537109375,30.0,582.3814554724306,0.0,1,XB01_M021_G00,XB01_M021_G00,XB01,M021,4621.5625,4646.90625,25.34375,2.625622464396969,0.0
E52_b7c433bb400c5a28313b13f0,7.9239311426592,16.00220965111248,7.9239311426592,270.63016208552887,291.2047849391259,417.8125870494757,0.1554195344851095,0.009166666666666667,0.007743923611111111,0.17233012476288728,2.3876698752371133,0.9461468360115978,246.89547424316407,0.0,0.0,246.89547424316407,374.59547424316406,3133.594402871068,284.58648681640625,30.0,480.63016208552887,0.0,1,XB01_M021_G00,XB01_M021_G00,XB01,M021,4621.5625,4646.90625,25.34375,7.9239311426592,0.0
E52_b8aeee13ee5f313ffdb298e7,2.432090371165856,0.32052137756616617,0.32052137756616617,550.9628084392909,600.9445446860357,802.0351993981131,0.309532562555218,0.009166666666666667,0.007743923611111111,0.32644315283299574,2.2335568471670046,0.8979865147396888,599.7808349609375,0.0,0.0,599.7808349609375,727.4808349609375,6015.263995485849,485.42230224609375,30.0,760.9628084392909,0.0,1,XB01_M021_G00,XB01_M021_G00,XB01,M021,4621.5625,4646.90625,25.34375,0.32052137756616617,0.0
E52_be69bdf55826f2eb34075d09,11.826048806233217,12.029424972929434,11.826048806233217,457.6877788138426,500.48965717077624,658.5642874860837,0.25604119113741575,0.009166666666666667,0.007743923611111111,0.2729517814151935,2.287048218584807,0.9147025683077521,513.6225402832031,0.0,0.0,513.6225402832031,641.3225402832031,4939.232156145627,341.3225402832031,30.0,667.6877788138427,0.0,1,XB01_M021_G00,XB01_M021_G00,XB01,M021,4621.5625,4646.90625,25.34375,11.826048806233217,0.0
E52_bfffb2993ede6e2e2bd9340b,17.568157379633362,13.053008949478723,13.053008949478723,400.85355156655817,436.85476820067277,585.6998033284289,0.22550922551216515,0.009166666666666667,0.007743923611111111,0.24241981578994293,2.3175801842100574,0.9242438075656428,432.014599609375,0.0,0.0,432.014599609375,559.714599609375,4392.748524963216,275.29461669921875,30.0,610.8535515665582,0.0,1,XB01_M021_G00,XB01_M021_G00,XB01,M021,4621.5625,4646.90625,25.34375,13.053008949478723,0.0
E52_c0294c7ff44d44fc4ede8d97,7.094841201001316,16.7256600789149,7.094841201001316,316.70783025924425,358.9570632507807,379.92026256926977,0.16644027302831577,0.009166666666666667,0.007743923611111111,0.18335086330609354,2.376649136693907,0.9427028552168457,506.9907958984375,0.0,0.0,506.9907958984375,634.6907958984375,2849.4019692695233,334.6907958984375,30.0,526.7078302592442,0.0,1,XB01_M021_G00,XB01_M021_G00,XB01,M021,4621.5625,4646.90625,25.34375,7.094841201001316,0.0
E52_c10a50247c57c0340b451298,3.3487954353293077,3.1495087650690863,3.1495087650690863,410.4813485396202,450.8988478275434,578.4577013517014,0.22790762835174688,0.009166666666666667,0.007743923611111111,0.24481821862952466,2.315181781370476,0.9234943066782736,485.00999145507814,0.0,0.0,485.00999145507814,612.7099914550781,4338.432760137761,515.4917602539062,30.0,620.4813485396203,0.0,1,XB01_M021_G00,XB01_M021_G00,XB01,M021,4621.5625,4646.90625,25.34375,3.1495087650690863,0.0
E52_c515ea57360fd29f9add62f7,1.44201751943082,10.649906727109496,1.44201751943082,525.5980011021792,572.0554631586571,772.4512298654912,0.29632198385281766,0.009166666666666667,0.007743923611111111,0.3132325741305954,2.2467674258694053,0.9021148205841889,557.4895446777343,0.0,0.0,557.4895446777343,685.1895446777344,5793.384223991184,393.3172912597656,30.0,735.5980011021792,0.0,1,XB01_M021_G00,XB01_M021_G00,XB01,M021,4621.5625,4646.90625,25.34375,1.44201751943082,0.0
E52_c76d93c5902d0dc017f7065c,7.682119065049022,16.05706218628906,7.682119065049022,260.86241804033426,278.57034040361555,415.47730190098105,0.1516149798935124,0.009166666666666667,0.007743923611111111,0.1685255701712902,2.3914744298287105,0.9473357593214718,212.495068359375,0.0,0.0,212.495068359375,340.195068359375,3116.079764257358,277.91845703125,30.0,470.86241804033426,0.0,1,XB01_M021_G00,XB01_M021_G00,XB01,M021,4621.5625,4646.90625,25.34375,7.682119065049022,0.0
E52_c98d1e580ba9a8920eeacbdb,7.682761586587986,9.995636820319618,7.682761586587986,531.3190315479533,569.3529452238973,834.4345810402425,0.30713490815373307,0.009166666666666667,0.007743923611111111,0.3240454984315108,2.23595450156849,0.8987357817401529,456.40696411132814,0.0,0.0,456.40696411132814,584.1069641113281,6258.259357801819,362.73199462890625,30.0,741.3190315479533,0.0,1,XB01_M021_G00,XB01_M021_G00,XB01,M021,4621.5625,4646.90625,25.34375,7.682761586587986,0.0
E52_cdef0b479e00ae29ebd83132,4.234909292870228,10.01648148125875,4.234909292870228,520.0071121141804,554.5433095222207,832.7970397801186,0.3028799960747676,0.009166666666666667,0.007743923611111111,0.31979058635254537,2.240209413647455,0.9000654417648296,414.4343688964844,0.0,0.0,414.4343688964844,542.1343688964844,6245.977798350889,297.6476745605469,30.0,730.0071121141804,0.0,1,XB01_M021_G00,XB01_M021_G00,XB01,M021,4621.5625,4646.90625,25.34375,4.234909292870228,0.0
E52_d1d4424e0dfaa7a0ce62d445,6.551887491795711,12.872868339328704,6.551887491795711,402.0751033963921,436.37951216917855,598.3237541560654,0.22773150601213982,0.009166666666666667,0.007743923611111111,0.2446420962899176,2.315357903710083,0.9235493449094008,411.6529052734375,0.0,0.0,411.6529052734375,539.3529052734375,4487.428156170491,269.83203125,30.0,612.075103396392,0.0,1,XB01_M021_G00,XB01_M021_G00,XB01,M021,4621.5625,4646.90625,25.34375,6.551887491795711,0.0
E52_d22cbe82615c6d2ee0ebf49f,7.765299247299879,15.758568264926964,7.765299247299879,318.17309843891866,352.9726015110215,427.5491784452201,0.1737067461230003,0.009166666666666667,0.007743923611111111,0.19061733640077808,2.3693826635992226,0.9404320823747568,417.5940368652344,0.0,0.0,417.5940368652344,545.2940368652344,3206.618838339151,335.390380859375,30.0,528.1730984389187,0.0,1,XB01_M021_G00,XB01_M021_G00,XB01,M021,4621.5625,4646.90625,25.34375,7.765299247299879,0.0
E52_d3460088443e86b69235cf2f,8.949341319598787,10.110906533633653,8.949341319598787,520.9986937965015,557.4049117530444,823.5600798537452,0.3019244763287566,0.009166666666666667,0.007743923611111111,0.3188350666065343,2.241164933393466,0.900364041685458,436.87461547851564,0.0,0.0,436.87461547851564,564.5746154785156,6176.700598903089,276.8628845214844,30.0,730.9986937965015,0.0,1,XB01_M021_G00,XB01_M021_G00,XB01,M021,4621.5625,4646.90625,25.34375,8.949341319598787,0.0
E52_d6d1511afdebb88632549a71,3.8982776988732866,16.177909036830457,3.8982776988732866,342.76879390848103,389.67749650450963,404.08537224079015,0.1791309979165653,0.009166666666666667,0.007743923611111111,0.19604158819434309,2.3639584118056574,0.9387370036892678,562.9044311523437,0.0,0.0,562.9044311523437,690.6044311523438,3030.640291805926,390.60443115234375,30.0,552.768793908481,0.0,1,XB01_M021_G00,XB01_M021_G00,XB01,M021,4621.5625,4646.90625,25.34375,3.8982776988732866,0.0
E52_d7f1f5d49edaa9f52000c452,13.531181776809944,12.917919470378578,12.917919470378578,397.7633482290822,431.12867517406926,595.3347347882426,0.22577474843651651,0.009166666666666667,0.007743923611111111,0.2426853387142943,2.3173146612857063,0.9241608316517831,400.38392333984376,0.0,0.0,400.38392333984376,528.0839233398438,4465.010510911819,278.08392333984375,30.0,607.7633482290822,0.0,1,XB01_M021_G00,XB01_M021_G00,XB01,M021,4621.5625,4646.90625,25.34375,12.917919470378578,0.0
E52_da1eeef61bb4fffd90feecd9,3.596637792669938,11.577048041656667,3.596637792669938,464.4321692173844,503.4661769891943,694.6602918039094,0.2635518155735283,0.009166666666666667,0.007743923611111111,0.28046240585130605,2.2795375941486946,0.9123554981714669,468.40809326171876,0.0,0.0,468.40809326171876,596.1080932617188,5209.952188529321,322.9142761230469,30.0,674.4321692173844,0.0,1,XB01_M021_G00,XB01_M021_G00,XB01,M021,4621.5625,4646.90625,25.34375,3.596637792669938,0.0
E52_dbe1bedc9b83d29f34556dbd,12.208146346553733,13.016499113861627,12.208146346553733,387.86022911882606,419.0031732004504,588.862793747906,0.22133620210273125,0.009166666666666667,0.007743923611111111,0.23824679238050903,2.3217532076194916,0.9255478773810909,373.7153289794922,0.0,0.0,373.7153289794922,501.4153289794922,4416.470953109295,232.19436645507812,30.0,597.860229118826,0.0,1,XB01_M021_G00,XB01_M021_G00,XB01,M021,4621.5625,4646.90625,25.34375,12.208146346553733,0.0
E52_dbec4f1422e98765afb262aa,6.293966128288375,16.38523852602286,6.293966128288375,322.5402116809159,364.1002534899979,395.72017250733956,0.1707521496628321,0.009166666666666667,0.007743923611111111,0.18766273994060986,2.372337260059391,0.9413553937685595,498.7205017089844,0.0,0.0,498.7205017089844,626.4205017089844,2967.901293805047,326.4205017089844,30.0,532.540211680916,0.0,1,XB01_M021_G00,XB01_M021_G00,XB01,M021,4621.5625,4646.90625,25.34375,6.293966128288375,0.0
E52_dc4c132291b7b9525a26c82f,7.641190518567868,16.290878065555617,7.641190518567868,256.41354735972715,274.49113296153376,404.3615811086144,0.14845852840407586,0.009166666666666667,0.007743923611111111,0.16536911868185364,2.3946308813181467,0.9483221504119207,216.9310272216797,0.0,0.0,216.9310272216797,344.6310272216797,3032.711858314608,277.91845703125,30.0,466.41354735972715,0.0,1,XB01_M021_G00,XB01_M021_G00,XB01,M021,4621.5625,4646.90625,25.34375,7.641190518567868,0.0
E52_dd12fb0cc4aee52816704b73,3.2494887041723928,0.5498680641518376,0.5498680641518376,547.6210002825783,600.0718247658139,780.5370536657424,0.3052994367315811,0.009166666666666667,0.007743923611111111,0.32221002700935886,2.2377899729906416,0.8993093665595754,629.4098937988281,0.0,0.0,629.4098937988281,757.1098937988281,5854.027902493068,543.108642578125,30.0,757.6210002825783,0.0,1,XB01_M021_G00,XB01_M021_G00,XB01,M021,4621.5625,4646.90625,25.34375,0.5498680641518376,0.0
E52_de2c36302e014a6d0284c896,7.459232037399445,15.994052628622484,7.459232037399445,325.41177480357015,364.7238282296769,414.95122905049965,0.1744969638873427,0.009166666666666667,0.007743923611111111,0.19140755416512048,2.36859244583488,0.9401851393233999,471.74464111328126,0.0,0.0,471.74464111328126,599.4446411132812,3112.134217878747,325.15069580078125,30.0,535.4117748035701,0.0,1,XB01_M021_G00,XB01_M021_G00,XB01,M021,4621.5625,4646.90625,25.34375,7.459232037399445,0.0
E52_e0325aad0b87e7c07e10fc2c,7.551514302479546,5.987785159048158,5.987785159048158,275.1983248954777,294.96932963587483,418.60161500091635,0.15682137892336617,0.009166666666666667,0.007743923611111111,0.17373196920114395,2.3862680307988566,0.9457087596246425,248.53977661132814,11.2877197265625,11.2877197265625,248.53977661132814,376.2397766113281,3139.5121125068727,326.2397766113281,30.0,485.1983248954777,0.0,1,XB01_M021_G00,XB01_M021_G00,XB01,M021,4621.5625,4646.90625,25.34375,5.987785159048158,0.0
E52_e0cd6bab1a22c4530d9a254c,6.335337722279604,6.471069764274475,6.335337722279604,260.0402116809159,280.7669201566646,395.72017250733956,0.14852449968212222,0.009166666666666667,0.007743923611111111,0.1654350899599,2.3945649100401005,0.9483015343875313,248.7205017089844,0.0,0.0,248.7205017089844,376.4205017089844,2967.901293805047,326.4205017089844,30.0,470.0402116809159,0.0,1,XB01_M021_G00,XB01_M021_G00,XB01,M021,4621.5625,4646.90625,25.34375,6.335337722279604,0.0
E52_ea76d341ab82f2ebc1fa1efe,7.50203355165236,6.056283714240493,6.056283714240493,275.41177480357015,298.05716156301025,414.95122905049965,0.15671484390277482,0.009166666666666667,0.007743923611111111,0.1736254341805526,2.3863745658194477,0.9457420518185773,271.74464111328126,0.0,0.0,271.74464111328126,399.44464111328125,3112.134217878747,325.15069580078125,30.0,485.41177480357015,0.0,1,XB01_M021_G00,XB01_M021_G00,XB01,M021,4621.5625,4646.90625,25.34375,6.056283714240493,0.0
E52_eab18c460278cfbad2c20da0,8.40897787887495,7.760329046990023,7.760329046990023,212.31476099060268,226.15454090800176,341.5908424768108,0.12388533452538679,0.009166666666666667,0.007743923611111111,0.14079592480316458,2.419204075196836,0.9560012734990111,166.07735900878907,0.0,0.0,166.07735900878907,293.77735900878906,2561.931318576081,213.8477783203125,30.0,422.3147609906027,0.0,1,XB01_M021_G00,XB01_M021_G00,XB01,M021,4621.5625,4646.90625,25.34375,7.760329046990023,0.0
E52_eb490529b308e18523949520,10.638195841214966,12.235001379754962,10.638195841214966,417.9327582223269,449.8180932544721,644.5535062517828,0.23991836791670462,0.009166666666666667,0.007743923611111111,0.25682895819448237,2.303171041805518,0.9197409505642242,382.6240203857422,0.0,0.0,382.6240203857422,510.3240203857422,4834.151296888371,255.67149353027344,30.0,627.9327582223269,0.0,1,XB01_M021_G00,XB01_M021_G00,XB01,M021,4621.5625,4646.90625,25.34375,10.638195841214966,0.0
E52_eddf192c3626d88d236d26e4,9.181301858033208,17.034187922993553,9.181301858033208,241.72684180786888,260.473536754158,370.9735139380034,0.13850678679446915,0.009166666666666667,0.007743923611111111,0.15541737707224693,2.4045826229277534,0.9514320696649229,224.96033935546876,0.0,0.0,224.96033935546876,352.66033935546875,2782.3013545350254,199.07135009765625,30.0,451.7268418078689,0.0,1,XB01_M021_G00,XB01_M021_G00,XB01,M021,4621.5625,4646.90625,25.34375,9.181301858033208,0.0
E52_ede4029bd5e695a7a0c85289,13.575410540787445,12.925612211179384,12.925612211179384,385.2633482290822,414.4620085074026,595.3347347882426,0.22132921844037454,0.009166666666666667,0.007743923611111111,0.2382398087181523,2.3217601912818484,0.9255500597755774,350.38392333984376,0.0,0.0,350.38392333984376,478.08392333984375,4465.010510911819,278.08392333984375,30.0,595.2633482290822,0.0,1,XB01_M021_G00,XB01_M021_G00,XB01,M021,4621.5625,4646.90625,25.34375,12.925612211179384,0.0
E52_ef8fa59407d07a2296b5f591,5.498004500003006,0.3151276047193221,0.3151276047193221,505.85939793409244,540.3898465933535,804.5361039126185,0.29384606362066074,0.009166666666666667,0.007743923611111111,0.3107566538984385,2.249243346101562,0.9028885456567379,414.3653839111328,0.0,0.0,414.3653839111328,542.0653839111328,6034.020779344639,284.8677062988281,30.0,715.8593979340924,0.0,1,XB01_M021_G00,XB01_M021_G00,XB01,M021,4621.5625,4646.90625,25.34375,0.3151276047193221,0.0
E52_f2fabdd802684ffd17ed2273,5.806298839160036,16.925225818485302,5.806298839160036,275.2104023505881,304.60508466259984,374.0527108291059,0.15085104647056902,0.009166666666666667,0.007743923611111111,0.1677616367483468,2.3922383632516535,0.9475744885161417,352.73618774414064,0.0,0.0,352.73618774414064,480.4361877441406,2805.395331218294,291.6474609375,30.0,485.2104023505881,0.0,1,XB01_M021_G00,XB01_M021_G00,XB01,M021,4621.5625,4646.90625,25.34375,5.806298839160036,0.0
E52_fd527d975e1813662620f82c,12.40722466477925,12.45056667278017,12.40722466477925,418.2192341110554,452.9085204066283,628.3027504486734,0.23771876612520712,0.009166666666666667,0.007743923611111111,0.2546293564029849,2.3053706435970156,0.9204283261240672,416.271435546875,0.0,0.0,416.271435546875,543.971435546875,4712.2706283650505,306.8754577636719,30.0,628.2192341110554,0.0,1,XB01_M021_G00,XB01_M021_G00,XB01,M021,4621.5625,4646.90625,25.34375,12.40722466477925,0.0
E52_0c9d91fc306062a18ada9948,5.665998170275159,15.697900697510477,5.665998170275159,331.42241999480143,370.2725110389095,429.7442937249544,0.1787296459836012,0.009166666666666667,0.1569982638888889,0.3448945765391568,2.2151054234608436,0.8922204448315135,466.2010925292969,0.0,0.0,466.2010925292969,593.9010925292969,3223.082202937158,326.7436828613281,30.0,541.4224199948014,0.0,1,XB01_M021_G01,XB01_M021_G01,XB01,M021,4654.40625,5168.21875,513.8125,5.665998170275159,0.0
E52_189eb019491ad876aa165071,4.7107574847429134,3.8094716871601975,3.8094716871601975,403.09916814168594,448.35288467407526,534.676037089036,0.21908171065325852,0.009166666666666667,0.1569982638888889,0.3852466412088141,2.1747533587911865,0.8796104246222456,543.0445983886718,0.0,0.0,543.0445983886718,670.7445983886719,4010.07027816777,391.87322998046875,30.0,613.0991681416859,0.0,1,XB01_M021_G01,XB01_M021_G01,XB01,M021,4654.40625,5168.21875,513.8125,3.8094716871601975,0.0
E52_1ef47ef68c1879e18ddbb164,9.141523073207509,9.684707827919368,9.141523073207509,525.9457118932837,556.9823492630754,865.6715995678175,0.30964781577290457,0.009166666666666667,0.1569982638888889,0.47581274632846016,2.0841872536715402,0.8513085167723562,372.4396484375,0.0,0.0,372.4396484375,500.1396484375,6492.536996758631,304.7821350097656,30.0,735.9457118932837,0.0,1,XB01_M021_G01,XB01_M021_G01,XB01,M021,4654.40625,5168.21875,513.8125,9.141523073207509,0.0
E52_214ce9a3b3bd3fa9c582335a,6.681773899783423,15.138353346483314,6.681773899783423,331.46735474952504,365.31699057309277,459.8368945576438,0.1830074384559416,0.009166666666666667,0.1569982638888889,0.3491723690114972,2.2108276309885033,0.8908836346839071,406.1956298828125,0.0,0.0,406.1956298828125,533.8956298828125,3448.7767091823284,283.8956298828125,30.0,541.467354749525,0.0,1,XB01_M021_G01,XB01_M021_G01,XB01,M021,4654.40625,5168.21875,513.8125,6.681773899783423,0.0
E52_215ef380a7eb56a6f7d09ab1,13.83018706095794,12.440860913671315,12.440860913671315,437.2780853288336,478.35957590907447,628.0672271762219,0.2444635461376352,0.009166666666666667,0.1569982638888889,0.4106284766931908,2.14937152330681,0.8716786010333779,492.97788696289064,0.0,0.0,492.97788696289064,620.6778869628906,4710.504203821664,324.9881591796875,30.0,647.2780853288336,0.0,1,XB01_M021_G01,XB01_M021_G01,XB01,M021,4654.40625,5168.21875,513.8125,12.440860913671315,0.0
E52_24cc4f01335372459fb4c2ba,11.430612727334264,12.909161020133865,11.430612727334264,410.2633482290822,447.7953418407359,595.3347347882426,0.23022027843265847,0.009166666666666667,0.1569982638888889,0.39638520898821406,2.1636147910117867,0.8761296221911831,450.38392333984376,0.0,0.0,450.38392333984376,578.0839233398438,4465.010510911819,278.08392333984375,30.0,620.2633482290822,0.0,1,XB01_M021_G01,XB01_M021_G01,XB01,M021,4654.40625,5168.21875,513.8125,11.430612727334264,0.0
E52_27bf01e9e990859ae5993708,5.433901042765314,15.932490639468014,5.433901042765314,318.6138217216496,355.0514931287134,418.60161500091635,0.17259630304263499,0.009166666666666667,0.1569982638888889,0.33876123359819055,2.22123876640181,0.8941371145005654,437.25205688476564,0.0,0.0,437.25205688476564,564.9520568847656,3139.5121125068727,326.2397766113281,30.0,528.6138217216496,0.0,1,XB01_M021_G01,XB01_M021_G01,XB01,M021,4654.40625,5168.21875,513.8125,5.433901042765314,0.0
E52_27bf1882d0e1a812c8450c72,4.588781108346026,16.18675851321828,4.588781108346026,334.03154784809436,377.9609795090644,404.48650573036844,0.17608047258726683,0.009166666666666667,0.1569982638888889,0.34224540314282237,2.217754596857178,0.893048311517868,527.1531799316406,0.0,0.0,527.1531799316406,654.8531799316406,3033.648792977763,359.1753845214844,30.0,544.0315478480943,0.0,1,XB01_M021_G01,XB01_M021_G01,XB01,M021,4654.40625,5168.21875,513.8125,4.588781108346026,0.0
E52_27fdcb9bc2da20af468e67a1,6.087840443395706,15.630401191469062,6.087840443395706,333.5201066466774,372.5049327982074,433.1312563841751,0.1799553449394086,0.009166666666666667,0.1569982638888889,0.34612027549496416,2.2138797245050363,0.8918374139078237,467.8179138183594,0.0,0.0,467.8179138183594,595.5179138183594,3248.4844228813135,322.1230773925781,30.0,543.5201066466774,0.0,1,XB01_M021_G01,XB01_M021_G01,XB01,M021,4654.40625,5168.21875,513.8125,6.087840443395706,0.0
E52_2cea01313b8862fcfb6b2e63,8.211831946037506,16.460055432828085,8.211831946037506,259.5957489704318,280.08528245838755,396.2542970131293,0.148442074342722,0.009166666666666667,0.1569982638888889,0.31460700489827753,2.245392995101723,0.9016853109692883,245.87440185546876,0.0,0.0,245.87440185546876,373.57440185546875,2971.90722759847,231.8917236328125,30.0,469.5957489704318,0.0,1,XB01_M021_G01,XB01_M021_G01,XB01,M021,4654.40625,5168.21875,513.8125,8.211831946037506,0.0
E52_2d7a36258a59c18fc6a856bf,4.8728719158049785,16.662039037059316,4.8728719158049785,318.72117968179435,361.17160743651436,382.73979283526836,0.16755561647288383,0.009166666666666667,0.1569982638888889,0.3337205470284394,2.226279452971561,0.8957123290536126,509.40513305664064,0.0,0.0,509.40513305664064,637.1051330566406,2870.5484462645127,346.4301452636719,30.0,528.7211796817944,0.0,1,XB01_M021_G01,XB01_M021_G01,XB01,M021,4654.40625,5168.21875,513.8125,4.8728719158049785,0.0
E52_2dadfb43d7dd9558e21effa9,10.976141885748689,12.85982438864363,10.976141885748689,396.07517918576866,428.1792069974549,599.5261915014202,0.22576797164618329,0.009166666666666667,0.1569982638888889,0.3919329022017388,2.1680670977982617,0.8775209680619567,385.2483337402344,0.0,0.0,385.2483337402344,512.9483337402344,4496.446436260651,248.30487060546875,30.0,606.0751791857687,0.0,1,XB01_M021_G01,XB01_M021_G01,XB01,M021,4654.40625,5168.21875,513.8125,10.976141885748689,0.0
E52_2e64690809088e2a96fb2160,8.846779273462332,9.500767968691491,8.846779273462332,523.7789293194231,550.945126524013,884.5606754113072,0.31155234822715455,0.009166666666666667,0.1569982638888889,0.4777172787827101,2.0822827212172905,0.8507133503804031,325.99436645507814,0.0,0.0,325.99436645507814,453.6943664550781,6634.205065584804,329.6845703125,30.0,733.7789293194231,0.0,1,XB01_M021_G01,XB01_M021_G01,XB01,M021,4654.40625,5168.21875,513.8125,8.846779273462332,0.0
E52_357bbbd4dc4420221c875ea3,10.050991986377682,12.241245229232817,10.050991986377682,405.4327582223269,433.1514265878055,644.5535062517828,0.23547283792056264,0.009166666666666667,0.1569982638888889,0.4016377684761182,2.158362231523882,0.8744881973512131,332.6240203857422,0.0,0.0,332.6240203857422,460.3240203857422,4834.151296888371,255.67149353027344,30.0,615.4327582223269,0.0,1,XB01_M021_G01,XB01_M021_G01,XB01,M021,4654.40625,5168.21875,513.8125,10.050991986377682,0.0
E52_3875f0f2b8e39572338b498b,13.353921106597483,12.654831201135607,12.654831201135607,430.443023323014,471.8276755243487,612.5781334380202,0.23983909257274777,0.009166666666666667,0.1569982638888889,0.4060040231283033,2.1539959768716974,0.8731237427724052,496.61582641601564,0.0,0.0,496.61582641601564,624.3158264160156,4594.336000785152,324.3158264160156,30.0,640.443023323014,0.0,1,XB01_M021_G01,XB01_M021_G01,XB01,M021,4654.40625,5168.21875,513.8125,12.654831201135607,0.0
E52_3a94b6482baa2cfaba8a857d,4.733460482954683,16.425448776817632,4.733460482954683,326.01303055755295,369.111023518165,393.4381033514341,0.17166403726355467,0.009166666666666667,0.1569982638888889,0.3378289678191102,2.2221710321808903,0.8944284475565281,517.1759155273437,0.0,0.0,517.1759155273437,644.8759155273438,2950.785775135756,352.4370422363281,30.0,536.013030557553,0.0,1,XB01_M021_G01,XB01_M021_G01,XB01,M021,4654.40625,5168.21875,513.8125,4.733460482954683,0.0
E52_413d3eff5d481ef66f8d3068,8.816850722277337,9.493762996477216,8.816850722277337,548.7789293194231,584.2784598573463,884.5606754113072,0.3204434082194385,0.009166666666666667,0.1569982638888889,0.4866083387749941,2.0733916612250063,0.8479348941328144,425.99436645507814,0.0,0.0,425.99436645507814,553.6943664550781,6634.205065584804,329.6845703125,30.0,758.7789293194231,0.0,1,XB01_M021_G01,XB01_M021_G01,XB01,M021,4654.40625,5168.21875,513.8125,8.816850722277337,0.0
E52_4cf0fac9feb721651efb2830,6.897115180896506,17.82597875173802,6.897115180896506,242.69354898018014,267.32891198677197,337.5749199208095,0.13412057160327687,0.009166666666666667,0.1569982638888889,0.30028550215883243,2.259714497841168,0.9061607805753649,295.6243560791016,0.0,0.0,295.6243560791016,423.32435607910156,2531.8118994060715,217.31182861328125,30.0,452.69354898018014,0.0,1,XB01_M021_G01,XB01_M021_G01,XB01,M021,4654.40625,5168.21875,513.8125,6.897115180896506,0.0
E52_4d215302190bc5bfb29bf912,3.7031563031109016,16.37371485667674,3.7031563031109016,307.50969179304633,343.7570581260541,397.53518558804575,0.1656637075427803,0.009166666666666667,0.1569982638888889,0.33182863809833585,2.2281713619016648,0.89630355059427,434.96839599609376,0.0,0.0,434.96839599609376,562.6683959960938,2981.5138919103433,336.56707763671875,30.0,517.5096917930464,0.0,1,XB01_M021_G01,XB01_M021_G01,XB01,M021,4654.40625,5168.21875,513.8125,3.7031563031109016,0.0
E52_50c718ca7f326f764494c89d,14.056937300873102,13.080943299176411,13.080943299176411,350.85355156655817,370.1881015340061,585.6998033284289,0.20772710552759727,0.009166666666666667,0.1569982638888889,0.3738920360831528,2.1861079639168475,0.8831587387240147,232.014599609375,0.0,0.0,232.014599609375,359.714599609375,4392.748524963216,275.29461669921875,30.0,560.8535515665582,0.0,1,XB01_M021_G01,XB01_M021_G01,XB01,M021,4654.40625,5168.21875,513.8125,13.080943299176411,0.0
E52_515a3b7c8d98426ee13f2b4e,7.665234879229601,17.07508762021844,7.665234879229601,242.68536134104386,262.0561394884234,369.14605379781034,0.13858886614696947,0.009166666666666667,0.1569982638888889,0.304753796702525,2.2552462032974754,0.904764438530461,232.4493377685547,0.0,0.0,232.4493377685547,360.1493377685547,2768.5954034835777,210.1493377685547,30.0,452.68536134104386,0.0,1,XB01_M021_G01,XB01_M021_G01,XB01,M021,4654.40625,5168.21875,513.8125,7.665234879229601,0.0
E52_60b76d98beea93305f35c25d,7.799712166753594,16.79058398580294,7.799712166753594,271.8613885249859,299.0873836523459,380.3668062858116,0.15055421784231732,0.009166666666666667,0.1569982638888889,0.31671914839787285,2.243280851602128,0.9010252661256647,326.7119415283203,0.0,0.0,326.7119415283203,454.4119415283203,2852.751047143587,241.2421875,30.0,481.8613885249859,0.0,1,XB01_M021_G01,XB01_M021_G01,XB01,M021,4654.40625,5168.21875,513.8125,7.799712166753594,0.0
E52_68694062ed2e2e792aeb51a9,5.700573094651901,17.695890544520793,5.700573094651901,262.3147609906027,292.8212075746684,341.5908424768108,0.1416674545099547,0.009166666666666667,0.1569982638888889,0.30783238506551025,2.25216761493449,0.903802379667028,366.0773590087891,0.0,0.0,366.0773590087891,493.77735900878906,2561.931318576081,213.8477783203125,30.0,472.3147609906027,0.0,1,XB01_M021_G01,XB01_M021_G01,XB01,M021,4654.40625,5168.21875,513.8125,5.700573094651901,0.0
E52_7547086a1218012670f76a62,1.72450856648004,2.277872015791573,1.72450856648004,370.7957901832663,387.27013608984186,642.7455049270795,0.2228984084752749,0.009166666666666667,0.1569982638888889,0.38906333903083046,2.1709366609691703,0.8784177065528654,197.69215087890626,0.0,0.0,197.69215087890626,325.39215087890625,4820.591286953097,275.39215087890625,30.0,580.7957901832663,0.0,1,XB01_M021_G01,XB01_M021_G01,XB01,M021,4654.40625,5168.21875,513.8125,1.72450856648004,0.0
E52_76b4f0bdabd1ccab126282dd,7.415273093648636,17.180198899819032,7.415273093648636,244.7670432960008,265.6078646257534,364.489158613486,0.13866967590706417,0.009166666666666667,0.1569982638888889,0.30483460646261973,2.2551653935373808,0.9047391854804313,250.08985595703126,0.0,0.0,250.08985595703126,377.78985595703125,2733.6686896011447,241.2421875,30.0,454.7670432960008,0.0,1,XB01_M021_G01,XB01_M021_G01,XB01,M021,4654.40625,5168.21875,513.8125,7.415273093648636,0.0
E52_7e5f4a4eaf9aa5b10576997a,10.644891279282106,13.086620585622072,10.644891279282106,384.11958913832314,414.7999833745699,584.1568128591658,0.21933939564120059,0.009166666666666667,0.1569982638888889,0.3855043261967561,2.1744956738032446,0.8795298980635137,368.16473083496095,0.0,0.0,368.16473083496095,495.86473083496094,4381.1760964437435,247.829345703125,30.0,594.1195891383231,0.0,1,XB01_M021_G01,XB01_M021_G01,XB01,M021,4654.40625,5168.21875,513.8125,10.644891279282106,0.0
E52_82c821a5773d0bfbe554f10a,8.226809702901718,11.397135806608844,8.226809702901718,512.9354114719376,566.0737563002253,707.0407539741487,0.2825549862639304,0.009166666666666667,0.1569982638888889,0.448719916819486,2.1112800831805147,0.8597750259939106,637.6601379394531,0.0,0.0,637.6601379394531,765.3601379394531,5302.805654806116,465.3601379394531,30.0,722.9354114719376,0.0,1,XB01_M021_G01,XB01_M021_G01,XB01,M021,4654.40625,5168.21875,513.8125,8.226809702901718,0.0
E52_831cee7e7a3a549796e42b18,9.381981564534868,10.042846261792022,9.381981564534868,524.445203057942,560.9167693217765,830.061008532876,0.3040708837654974,0.009166666666666667,0.1569982638888889,0.470235814321053,2.0897641856789475,0.8530513080246709,437.65879516601564,0.0,0.0,437.65879516601564,565.3587951660156,6225.457563996571,359.5916748046875,30.0,734.445203057942,0.0,1,XB01_M021_G01,XB01_M021_G01,XB01,M021,4654.40625,5168.21875,513.8125,9.381981564534868,0.0
E52_88c1c7aba1fcf94c58dad20e,8.833899940149436,9.497510042154289,8.833899940149436,536.2789293194231,567.6117931906797,884.5606754113072,0.3159978782232965,0.009166666666666667,0.1569982638888889,0.4821628087788521,2.0778371912211484,0.8493241222566087,375.99436645507814,0.0,0.0,375.99436645507814,503.6943664550781,6634.205065584804,329.6845703125,30.0,746.2789293194231,0.0,1,XB01_M021_G01,XB01_M021_G01,XB01,M021,4654.40625,5168.21875,513.8125,8.833899940149436,0.0
E52_8ca7795ffa642a3b129c0a3d,5.683672218806663,15.730152054416479,5.683672218806663,330.94608252023,369.9122522589995,428.0951466078428,0.17832668261553564,0.009166666666666667,0.1569982638888889,0.3444916131710912,2.215508386828909,0.892346370884034,467.5940368652344,0.0,0.0,467.5940368652344,595.2940368652344,3210.713599558821,335.390380859375,30.0,540.94608252023,0.0,1,XB01_M021_G01,XB01_M021_G01,XB01,M021,4654.40625,5168.21875,513.8125,5.683672218806663,0.0
E52_8d375985c45fff9288668cb3,1.7960178924626717,16.222123863058812,1.7960178924626717,353.99602207193686,405.21742048909175,400.663653640944,0.182639281392285,0.009166666666666667,0.1569982638888889,0.34880421194784056,2.21119578805216,0.8909986837662999,614.6567810058593,0.0,0.0,614.6567810058593,742.3567810058594,3004.97740230708,442.3567810058594,30.0,563.9960220719369,0.0,1,XB01_M021_G01,XB01_M021_G01,XB01,M021,4654.40625,5168.21875,513.8125,1.7960178924626717,0.0
E52_924cec2d58c933358893a332,10.533196027645303,12.302862284422105,10.533196027645303,416.670444788364,448.9844576972996,639.4568121231148,0.23874762537865796,0.009166666666666667,0.1569982638888889,0.4049125559342135,2.155087444065787,0.8734648262705583,387.7681549072266,0.0,0.0,387.7681549072266,515.4681549072266,4795.926090923361,252.644287109375,30.0,626.670444788364,0.0,1,XB01_M021_G01,XB01_M021_G01,XB01,M021,4654.40625,5168.21875,513.8125,10.533196027645303,0.0
E52_96da4f081c74d8211b4b244f,11.23739585535806,12.47027426673894,11.23739585535806,406.4445801679392,437.368205859671,627.3474061854878,0.23339590098708082,0.009166666666666667,0.1569982638888889,0.3995608315426364,2.1604391684573643,0.8751372401429262,371.08350830078126,0.0,0.0,371.08350830078126,498.78350830078125,4705.105546391158,251.37640380859375,30.0,616.4445801679392,0.0,1,XB01_M021_G01,XB01_M021_G01,XB01,M021,4654.40625,5168.21875,513.8125,11.23739585535806,0.0
E52_a3836b1674b2d70f748125c1,6.468263705615698,18.388582284998307,6.468263705615698,238.77143733771516,265.74771093797557,315.68523307386783,0.1296256139323784,0.009166666666666667,0.1569982638888889,0.29579054448793396,2.2642094555120664,0.9075654548475206,323.715283203125,0.0,0.0,323.715283203125,451.415283203125,2367.639248054009,217.29420471191406,30.0,448.77143733771516,0.0,1,XB01_M021_G01,XB01_M021_G01,XB01,M021,4654.40625,5168.21875,513.8125,6.468263705615698,0.0
E52_aaa387ee3ee3170bd804334d,0.036193938273498816,18.409477866986336,0.036193938273498816,263.5215778829557,299.2286101502083,312.8009621623957,0.13801933350380158,0.009166666666666667,0.1569982638888889,0.30418426405935717,2.255815735940643,0.9049424174814509,428.48438720703126,0.0,0.0,428.48438720703126,556.1843872070312,2346.0072162179677,386.9435729980469,30.0,473.5215778829557,0.0,1,XB01_M021_G01,XB01_M021_G01,XB01,M021,4654.40625,5168.21875,513.8125,0.036193938273498816,0.0
E52_b544b4d7beda1d6ed7fbeefb,5.385270262144161,16.252686834440453,5.385270262144161,293.91354735972715,324.49113296153376,404.3615811086144,0.16179511839250177,0.009166666666666667,0.1569982638888889,0.3279600489480573,2.2320399510519433,0.8975124847037321,366.9310272216797,0.0,0.0,366.9310272216797,494.6310272216797,3032.711858314608,277.91845703125,30.0,503.91354735972715,0.0,1,XB01_M021_G01,XB01_M021_G01,XB01,M021,4654.40625,5168.21875,513.8125,5.385270262144161,0.0
E52_b60e4d2a4cdcd5801a5d757f,5.258271334656541,16.480566458341656,5.258271334656541,308.26023760270465,345.626388522301,392.32356968783114,0.16519254750221457,0.009166666666666667,0.1569982638888889,0.33135747805777016,2.2286425219422306,0.8964507881069468,448.39381103515626,0.0,0.0,448.39381103515626,576.0938110351562,2942.4267726587336,326.2397766113281,30.0,518.2602376027046,0.0,1,XB01_M021_G01,XB01_M021_G01,XB01,M021,4654.40625,5168.21875,513.8125,5.258271334656541,0.0
E52_b6789310c1ab16898a769b78,15.373369198393178,2.625622464396969,2.625622464396969,372.38145547243056,389.4038741939475,617.4514627840539,0.21924054354678854,0.009166666666666667,0.1569982638888889,0.3854054741023441,2.1745945258976564,0.8795607893430175,225.84925537109376,21.580230712890625,21.580230712890625,225.84925537109376,353.54925537109375,4630.885970880404,303.54925537109375,30.0,582.3814554724306,0.0,1,XB01_M021_G01,XB01_M021_G01,XB01,M021,4654.40625,5168.21875,513.8125,2.625622464396969,0.0
E52_be69bdf55826f2eb34075d09,12.089343064167153,12.029424972929434,12.029424972929434,457.6877788138426,500.48965717077624,658.5642874860837,0.25604119113741575,0.009166666666666667,0.1569982638888889,0.42220612169297134,2.137793878307029,0.8680605869709465,513.6225402832031,0.0,0.0,513.6225402832031,641.3225402832031,4939.232156145627,341.3225402832031,30.0,667.6877788138427,0.0,1,XB01_M021_G01,XB01_M021_G01,XB01,M021,4654.40625,5168.21875,513.8125,12.029424972929434,0.0
E52_bfffb2993ede6e2e2bd9340b,13.952310691210997,13.053008949478723,13.053008949478723,400.85355156655817,436.85476820067277,585.6998033284289,0.22550922551216515,0.009166666666666667,0.1569982638888889,0.3916741560677207,2.16832584393228,0.8776018262288373,432.014599609375,0.0,0.0,432.014599609375,559.714599609375,4392.748524963216,275.29461669921875,30.0,610.8535515665582,0.0,1,XB01_M021_G01,XB01_M021_G01,XB01,M021,4654.40625,5168.21875,513.8125,13.053008949478723,0.0
E52_c0294c7ff44d44fc4ede8d97,4.983106522998895,16.7256600789149,4.983106522998895,316.70783025924425,358.9570632507807,379.92026256926977,0.16644027302831577,0.009166666666666667,0.1569982638888889,0.33260520358387136,2.227394796416129,0.8960608738800402,506.9907958984375,0.0,0.0,506.9907958984375,634.6907958984375,2849.4019692695233,334.6907958984375,30.0,526.7078302592442,0.0,1,XB01_M021_G01,XB01_M021_G01,XB01,M021,4654.40625,5168.21875,513.8125,4.983106522998895,0.0
E52_c98d1e580ba9a8920eeacbdb,9.033760773871094,9.995636820319618,9.033760773871094,531.3190315479533,569.3529452238973,834.4345810402425,0.30713490815373307,0.009166666666666667,0.1569982638888889,0.4732998387092886,2.086700161290712,0.8520938004033474,456.40696411132814,0.0,0.0,456.40696411132814,584.1069641113281,6258.259357801819,362.73199462890625,30.0,741.3190315479533,0.0,1,XB01_M021_G01,XB01_M021_G01,XB01,M021,4654.40625,5168.21875,513.8125,9.033760773871094,0.0
E52_d22cbe82615c6d2ee0ebf49f,5.655033769238116,15.758568264926964,5.655033769238116,318.17309843891866,352.9726015110215,427.5491784452201,0.1737067461230003,0.009166666666666667,0.1569982638888889,0.3398716766785559,2.2201283233214446,0.8937901010379513,417.5940368652344,0.0,0.0,417.5940368652344,545.2940368652344,3206.618838339151,335.390380859375,30.0,528.1730984389187,0.0,1,XB01_M021_G01,XB01_M021_G01,XB01,M021,4654.40625,5168.21875,513.8125,5.655033769238116,0.0
E52_d3460088443e86b69235cf2f,10.986336623214896,10.110906533633653,10.110906533633653,520.9986937965015,557.4049117530444,823.5600798537452,0.3019244763287566,0.009166666666666667,0.1569982638888889,0.4680894068843121,2.0919105931156885,0.8537220603486525,436.87461547851564,0.0,0.0,436.87461547851564,564.5746154785156,6176.700598903089,276.8628845214844,30.0,730.9986937965015,0.0,1,XB01_M021_G01,XB01_M021_G01,XB01,M021,4654.40625,5168.21875,513.8125,10.110906533633653,0.0
E52_d6d1511afdebb88632549a71,2.454638143200313,16.177909036830457,2.454638143200313,342.76879390848103,389.67749650450963,404.08537224079015,0.1791309979165653,0.009166666666666667,0.1569982638888889,0.34529592847212087,2.21470407152788,0.8920950223524622,562.9044311523437,0.0,0.0,562.9044311523437,690.6044311523438,3030.640291805926,390.60443115234375,30.0,552.768793908481,0.0,1,XB01_M021_G01,XB01_M021_G01,XB01,M021,4654.40625,5168.21875,513.8125,2.454638143200313,0.0
E52_d7f1f5d49edaa9f52000c452,11.459506868608031,12.917919470378578,11.459506868608031,397.7633482290822,431.12867517406926,595.3347347882426,0.22577474843651651,0.009166666666666667,0.1569982638888889,0.39193967899207205,2.1680603210079283,0.8775188503149774,400.38392333984376,0.0,0.0,400.38392333984376,528.0839233398438,4465.010510911819,278.08392333984375,30.0,607.7633482290822,0.0,1,XB01_M021_G01,XB01_M021_G01,XB01,M021,4654.40625,5168.21875,513.8125,11.459506868608031,0.0
E52_dbe1bedc9b83d29f34556dbd,10.199840177633973,13.016499113861627,10.199840177633973,387.86022911882606,419.0031732004504,588.862793747906,0.22133620210273125,0.009166666666666667,0.1569982638888889,0.3875011326582868,2.1724988673417136,0.8789058960442854,373.7153289794922,0.0,0.0,373.7153289794922,501.4153289794922,4416.470953109295,232.19436645507812,30.0,597.860229118826,0.0,1,XB01_M021_G01,XB01_M021_G01,XB01,M021,4654.40625,5168.21875,513.8125,10.199840177633973,0.0
E52_dbec4f1422e98765afb262aa,4.420007372414275,16.38523852602286,4.420007372414275,322.5402116809159,364.1002534899979,395.72017250733956,0.1707521496628321,0.009166666666666667,0.1569982638888889,0.3369170802183876,2.223082919781613,0.8947134124317538,498.7205017089844,0.0,0.0,498.7205017089844,626.4205017089844,2967.901293805047,326.4205017089844,30.0,532.540211680916,0.0,1,XB01_M021_G01,XB01_M021_G01,XB01,M021,4654.40625,5168.21875,513.8125,4.420007372414275,0.0
E52_de2c36302e014a6d0284c896,5.378743347887905,15.994052628622484,5.378743347887905,325.41177480357015,364.7238282296769,414.95122905049965,0.1744969638873427,0.009166666666666667,0.1569982638888889,0.3406618944428983,2.219338105557102,0.8935431579865942,471.74464111328126,0.0,0.0,471.74464111328126,599.4446411132812,3112.134217878747,325.15069580078125,30.0,535.4117748035701,0.0,1,XB01_M021_G01,XB01_M021_G01,XB01,M021,4654.40625,5168.21875,513.8125,5.378743347887905,0.0
E52_eab18c460278cfbad2c20da0,5.705211253965643,7.760329046990023,5.705211253965643,212.31476099060268,226.15454090800176,341.5908424768108,0.12388533452538679,0.009166666666666667,0.1569982638888889,0.29005026508094234,2.269949734919058,0.9093592921622056,166.07735900878907,0.0,0.0,166.07735900878907,293.77735900878906,2561.931318576081,213.8477783203125,30.0,422.3147609906027,0.0,1,XB01_M021_G01,XB01_M021_G01,XB01,M021,4654.40625,5168.21875,513.8125,5.705211253965643,0.0
E52_eb490529b308e18523949520,10.037625161509382,12.235001379754962,10.037625161509382,417.9327582223269,449.8180932544721,644.5535062517828,0.23991836791670462,0.009166666666666667,0.1569982638888889,0.4060832984722602,2.1539167015277405,0.8730989692274187,382.6240203857422,0.0,0.0,382.6240203857422,510.3240203857422,4834.151296888371,255.67149353027344,30.0,627.9327582223269,0.0,1,XB01_M021_G01,XB01_M021_G01,XB01,M021,4654.40625,5168.21875,513.8125,10.037625161509382,0.0
E52_eddf192c3626d88d236d26e4,6.313397934517141,17.034187922993553,6.313397934517141,241.72684180786888,260.473536754158,370.9735139380034,0.13850678679446915,0.009166666666666667,0.1569982638888889,0.30467171735002474,2.255328282649976,0.9047900883281172,224.96033935546876,0.0,0.0,224.96033935546876,352.66033935546875,2782.3013545350254,199.07135009765625,30.0,451.7268418078689,0.0,1,XB01_M021_G01,XB01_M021_G01,XB01,M021,4654.40625,5168.21875,513.8125,6.313397934517141,0.0
E52_ede4029bd5e695a7a0c85289,11.48082048148072,12.925612211179384,11.48082048148072,385.2633482290822,414.4620085074026,595.3347347882426,0.22132921844037454,0.009166666666666667,0.1569982638888889,0.3874941489959301,2.1725058510040705,0.8789080784387718,350.38392333984376,0.0,0.0,350.38392333984376,478.08392333984375,4465.010510911819,278.08392333984375,30.0,595.2633482290822,0.0,1,XB01_M021_G01,XB01_M021_G01,XB01,M021,4654.40625,5168.21875,513.8125,11.48082048148072,0.0
E52_fd527d975e1813662620f82c,11.639873585239812,12.45056667278017,11.639873585239812,418.2192341110554,452.9085204066283,628.3027504486734,0.23771876612520712,0.009166666666666667,0.1569982638888889,0.4038836966807627,2.1561163033192376,0.8737863447872617,416.271435546875,0.0,0.0,416.271435546875,543.971435546875,4712.2706283650505,306.8754577636719,30.0,628.2192341110554,0.0,1,XB01_M021_G01,XB01_M021_G01,XB01,M021,4654.40625,5168.21875,513.8125,11.639873585239812,0.0
E52_1ef47ef68c1879e18ddbb164,1.8109249337023954,9.684707827919368,1.8109249337023954,525.9457118932837,556.9823492630754,865.6715995678175,0.30964781577290457,0.009166666666666667,0.2551579861111111,0.5739724685506824,1.986027531449318,0.8206336035779118,372.4396484375,0.0,0.0,372.4396484375,500.1396484375,6492.536996758631,304.7821350097656,30.0,735.9457118932837,0.0,1,XB01_M021_G02,XB01_M021_G02,XB01,M021,5196.78125,6031.84375,835.0625,1.8109249337023954,0.0
E52_2e64690809088e2a96fb2160,6.763512324327678,9.500767968691491,6.763512324327678,523.7789293194231,550.945126524013,884.5606754113072,0.31155234822715455,0.009166666666666667,0.2551579861111111,0.5758770010049323,1.9841229989950682,0.8200384371859586,325.99436645507814,0.0,0.0,325.99436645507814,453.6943664550781,6634.205065584804,329.6845703125,30.0,733.7789293194231,0.0,1,XB01_M021_G02,XB01_M021_G02,XB01,M021,5196.78125,6031.84375,835.0625,6.763512324327678,0.0
E52_30110e5b3ae38ecfab28ace2,0.871248743195423,10.05954008012911,0.871248743195423,514.4106891471403,547.7506496268766,828.7816154158626,0.30032099335417484,0.009166666666666667,0.2551579861111111,0.5646456461319527,1.9953543538680478,0.8235482355837648,400.07952575683595,0.0,0.0,400.07952575683595,527.7795257568359,6215.862115618969,313.0162353515625,30.0,724.4106891471403,0.0,1,XB01_M021_G02,XB01_M021_G02,XB01,M021,5196.78125,6031.84375,835.0625,0.871248743195423,0.0
E52_413d3eff5d481ef66f8d3068,6.749820500514346,9.493762996477216,6.749820500514346,548.7789293194231,584.2784598573463,884.5606754113072,0.3204434082194385,0.009166666666666667,0.2551579861111111,0.5847680609972163,1.9752319390027842,0.8172599809383699,425.99436645507814,0.0,0.0,425.99436645507814,553.6943664550781,6634.205065584804,329.6845703125,30.0,758.7789293194231,0.0,1,XB01_M021_G02,XB01_M021_G02,XB01,M021,5196.78125,6031.84375,835.0625,6.749820500514346,0.0
E52_82c821a5773d0bfbe554f10a,5.523919136465679,11.397135806608844,5.523919136465679,512.9354114719376,566.0737563002253,707.0407539741487,0.2825549862639304,0.009166666666666667,0.2551579861111111,0.5468796390417081,2.0131203609582924,0.8291001127994662,637.6601379394531,0.0,0.0,637.6601379394531,765.3601379394531,5302.805654806116,465.3601379394531,30.0,722.9354114719376,0.0,1,XB01_M021_G02,XB01_M021_G02,XB01,M021,5196.78125,6031.84375,835.0625,5.523919136465679,0.0
E52_831cee7e7a3a549796e42b18,10.12275761444451,10.042846261792022,10.042846261792022,524.445203057942,560.9167693217765,830.061008532876,0.3040708837654974,0.009166666666666667,0.2551579861111111,0.5683955365432751,1.9916044634567254,0.8223763948302265,437.65879516601564,0.0,0.0,437.65879516601564,565.3587951660156,6225.457563996571,359.5916748046875,30.0,734.445203057942,0.0,1,XB01_M021_G02,XB01_M021_G02,XB01,M021,5196.78125,6031.84375,835.0625,10.042846261792022,0.0
E52_88c1c7aba1fcf94c58dad20e,6.757969831959471,9.497510042154289,6.757969831959471,536.2789293194231,567.6117931906797,884.5606754113072,0.3159978782232965,0.009166666666666667,0.2551579861111111,0.5803225310010742,1.9796774689989263,0.8186492090621643,375.99436645507814,0.0,0.0,375.99436645507814,503.6943664550781,6634.205065584804,329.6845703125,30.0,746.2789293194231,0.0,1,XB01_M021_G02,XB01_M021_G02,XB01,M021,5196.78125,6031.84375,835.0625,6.757969831959471,0.0
E52_c98d1e580ba9a8920eeacbdb,9.909381624469361,9.995636820319618,9.909381624469361,531.3190315479533,569.3529452238973,834.4345810402425,0.30713490815373307,0.009166666666666667,0.2551579861111111,0.5714595609315108,1.9885404390684895,0.8214188872089029,456.40696411132814,0.0,0.0,456.40696411132814,584.1069641113281,6258.259357801819,362.73199462890625,30.0,741.3190315479533,0.0,1,XB01_M021_G02,XB01_M021_G02,XB01,M021,5196.78125,6031.84375,835.0625,9.909381624469361,0.0
E52_cdef0b479e00ae29ebd83132,0.4692401324579123,10.01648148125875,0.4692401324579123,520.0071121141804,554.5433095222207,832.7970397801186,0.3028799960747676,0.009166666666666667,0.2551579861111111,0.5672046488525454,1.9927953511474552,0.8227485472335796,414.4343688964844,0.0,0.0,414.4343688964844,542.1343688964844,6245.977798350889,297.6476745605469,30.0,730.0071121141804,0.0,1,XB01_M021_G02,XB01_M021_G02,XB01,M021,5196.78125,6031.84375,835.0625,0.4692401324579123,0.0
E52_d3460088443e86b69235cf2f,9.820370805240273,10.110906533633653,9.820370805240273,520.9986937965015,557.4049117530444,823.5600798537452,0.3019244763287566,0.009166666666666667,0.2551579861111111,0.5662491291065344,1.9937508708934661,0.823047147154208,436.87461547851564,0.0,0.0,436.87461547851564,564.5746154785156,6176.700598903089,276.8628845214844,30.0,730.9986937965015,0.0,1,XB01_M021_G02,XB01_M021_G02,XB01,M021,5196.78125,6031.84375,835.0625,9.820370805240273,0.0
E52_ef8fa59407d07a2296b5f591,1.3695242495045648,0.3151276047193221,0.3151276047193221,505.85939793409244,540.3898465933535,804.5361039126185,0.29384606362066074,0.009166666666666667,0.2551579861111111,0.5581707163984385,2.001829283601562,0.825571651125488,414.3653839111328,0.0,0.0,414.3653839111328,542.0653839111328,6034.020779344639,284.8677062988281,30.0,715.8593979340924,0.0,1,XB01_M021_G02,XB01_M021_G02,XB01,M021,5196.78125,6031.84375,835.0625,0.3151276047193221,0.0
E52_2e64690809088e2a96fb2160,14.805277758780065,9.500767968691491,9.500767968691491,523.7789293194231,550.945126524013,884.5606754113072,0.31155234822715455,0.009166666666666667,0.2580321180555556,0.5787511329493769,1.9812488670506236,0.8191402709533198,325.99436645507814,0.0,0.0,325.99436645507814,453.6943664550781,6634.205065584804,329.6845703125,30.0,733.7789293194231,0.0,1,XB01_M022_G00,XB01_M022_G00,XB01,M022,4998.375,5842.84375,844.46875,9.500767968691491,0.0
E52_30110e5b3ae38ecfab28ace2,5.268987734543231,10.05954008012911,5.268987734543231,514.4106891471403,547.7506496268766,828.7816154158626,0.30032099335417484,0.009166666666666667,0.2580321180555556,0.5675197780763971,1.9924802219236035,0.822650069351126,400.07952575683595,0.0,0.0,400.07952575683595,527.7795257568359,6215.862115618969,313.0162353515625,30.0,724.4106891471403,0.0,1,XB01_M022_G00,XB01_M022_G00,XB01,M022,4998.375,5842.84375,844.46875,5.268987734543231,0.0
E52_413d3eff5d481ef66f8d3068,14.735400793762011,9.493762996477216,9.493762996477216,548.7789293194231,584.2784598573463,884.5606754113072,0.3204434082194385,0.009166666666666667,0.2580321180555556,0.5876421929416608,1.9723578070583399,0.816361814705731,425.99436645507814,0.0,0.0,425.99436645507814,553.6943664550781,6634.205065584804,329.6845703125,30.0,758.7789293194231,0.0,1,XB01_M022_G00,XB01_M022_G00,XB01,M022,4998.375,5842.84375,844.46875,9.493762996477216,0.0
E52_88c1c7aba1fcf94c58dad20e,14.778489247674315,9.497510042154289,9.497510042154289,536.2789293194231,567.6117931906797,884.5606754113072,0.3159978782232965,0.009166666666666667,0.2580321180555556,0.5831966629455188,1.9768033370544817,0.8177510428295254,375.99436645507814,0.0,0.0,375.99436645507814,503.6943664550781,6634.205065584804,329.6845703125,30.0,746.2789293194231,0.0,1,XB01_M022_G00,XB01_M022_G00,XB01,M022,4998.375,5842.84375,844.46875,9.497510042154289,0.0
E52_b677873645e212a13901ede2,1.2512697614083237,9.230718628911887,1.2512697614083237,575.9444140089429,616.0268887810784,911.3939793850733,0.3339048259552679,0.009166666666666667,0.2580321180555556,0.6011036106774901,1.9588963893225104,0.8121551216632843,480.989697265625,0.0,0.0,480.989697265625,608.689697265625,6835.45484538805,390.4056396484375,30.0,785.9444140089429,0.0,1,XB01_M022_G00,XB01_M022_G00,XB01,M022,4998.375,5842.84375,844.46875,1.2512697614083237,0.0
E52_cdef0b479e00ae29ebd83132,4.640389078516122,10.01648148125875,4.640389078516122,520.0071121141804,554.5433095222207,832.7970397801186,0.3028799960747676,0.009166666666666667,0.2580321180555556,0.5700787807969898,1.9899212192030107,0.8218503810009407,414.4343688964844,0.0,0.0,414.4343688964844,542.1343688964844,6245.977798350889,297.6476745605469,30.0,730.0071121141804,0.0,1,XB01_M022_G00,XB01_M022_G00,XB01,M022,4998.375,5842.84375,844.46875,4.640389078516122,0.0
E52_01234cac2d25748209cb57e8,7.601992969461591,5.963634638729843,5.963634638729843,275.78386787661753,295.55487261701467,419.772700963196,0.15719547582798327,0.009166666666666667,0.007734375000000001,0.1740965174946499,2.3859034825053507,0.9455948382829219,248.53977661132814,11.2877197265625,11.2877197265625,248.53977661132814,376.2397766113281,3148.2952572239697,326.2397766113281,30.0,485.78386787661753,0.0,1,XB01_M023_G00,XB01_M023_G00,XB01,M023,5628.96875,5654.28125,25.3125,5.963634638729843,0.0
E52_060143e4033ea7dfc142ce26,3.7532215465020045,13.051384290227645,3.7532215465020045,390.52156568077555,422.97629514244545,586.3147545915316,0.2219218246513189,0.009166666666666667,0.007734375000000001,0.23882286631798555,2.321177133682015,0.9253678542756295,389.4567535400391,0.0,0.0,389.4567535400391,517.1567535400391,4397.360659436487,293.1027526855469,30.0,600.5215656807756,0.0,1,XB01_M023_G00,XB01_M023_G00,XB01,M023,5628.96875,5654.28125,25.3125,3.7532215465020045,0.0
E52_06eb0baa948af7ff52881bcf,6.17634681475414,16.258674653736037,6.17634681475414,296.7597053393259,328.36499963050426,403.88764493158146,0.16274021246714285,0.009166666666666667,0.007734375000000001,0.1796412541338095,2.3803587458661912,0.9438621080831845,379.26353149414064,0.0,0.0,379.26353149414064,506.9635314941406,3029.157336986861,306.9635314941406,30.0,506.7597053393259,0.0,1,XB01_M023_G00,XB01_M023_G00,XB01,M023,5628.96875,5654.28125,25.3125,6.17634681475414,0.0
E52_0c56c0f390b777971f9a7e58,1.0777347831441233,2.1743859331465814,1.0777347831441233,461.3120930283848,507.24512830670517,647.0259743868478,0.2556960576036008,0.009166666666666667,0.007734375000000001,0.2725970992702675,2.287402900729733,0.9148134064780414,551.1964233398437,0.0,0.0,551.1964233398437,678.8964233398438,4852.694807901358,431.4708251953125,30.0,671.3120930283849,0.0,1,XB01_M023_G00,XB01_M023_G00,XB01,M023,5628.96875,5654.28125,25.3125,1.0777347831441233,0.0
E52_0c9d91fc306062a18ada9948,7.763397315013961,15.697900697510477,7.763397315013961,331.42241999480143,370.2725110389095,429.7442937249544,0.1787296459836012,0.009166666666666667,0.007734375000000001,0.19563068765026784,2.3643693123497327,0.9388654101092913,466.2010925292969,0.0,0.0,466.2010925292969,593.9010925292969,3223.082202937158,326.7436828613281,30.0,541.4224199948014,0.0,1,XB01_M023_G00,XB01_M023_G00,XB01,M023,5628.96875,5654.28125,25.3125,7.763397315013961,0.0
E52_0f45fcab7c66cb90fa618929,2.8736793020837155,12.721246579688795,2.8736793020837155,427.8988653120833,469.21977900837237,607.8722484464322,0.23826781941132907,0.009166666666666667,0.007734375000000001,0.25516886107799575,2.3048311389220046,0.9202597309131263,495.85096435546876,0.0,0.0,495.85096435546876,623.5509643554688,4559.041863348241,326.6978454589844,30.0,637.8988653120832,0.0,1,XB01_M023_G00,XB01_M023_G00,XB01,M023,5628.96875,5654.28125,25.3125,2.8736793020837155,0.0
E52_0fa03b8d9ed736d48919c1b7,3.298361233783737,11.555158541579928,3.298361233783737,469.53189880990186,510.00510285042924,696.2245733766397,0.2655870342753843,0.009166666666666667,0.007734375000000001,0.282488075942051,2.2775119240579493,0.9117224762681091,485.67844848632814,0.0,0.0,485.67844848632814,613.3784484863281,5221.684300324798,318.1667785644531,30.0,679.5318988099018,0.0,1,XB01_M023_G00,XB01_M023_G00,XB01,M023,5628.96875,5654.28125,25.3125,3.298361233783737,0.0
E52_12b142f00e8cb4e3948f96c2,3.414259915147838,12.991659521749298,3.414259915147838,402.5936730780369,438.4739485500421,589.9056933240425,0.22672373828986628,0.009166666666666667,0.007734375000000001,0.24362477995653292,2.3163752200434677,0.9238672562635835,430.5633056640625,0.0,0.0,430.5633056640625,558.2633056640625,4424.292699930319,284.7546081542969,30.0,612.5936730780369,0.0,1,XB01_M023_G00,XB01_M023_G00,XB01,M023,5628.96875,5654.28125,25.3125,3.414259915147838,0.0
E52_189eb019491ad876aa165071,6.054637652979011,3.8094716871601975,3.8094716871601975,403.09916814168594,448.35288467407526,534.676037089036,0.21908171065325852,0.009166666666666667,0.007734375000000001,0.23598275231992516,2.324017247680075,0.9262553899000234,543.0445983886718,0.0,0.0,543.0445983886718,670.7445983886719,4010.07027816777,391.87322998046875,30.0,613.0991681416859,0.0,1,XB01_M023_G00,XB01_M023_G00,XB01,M023,5628.96875,5654.28125,25.3125,3.8094716871601975,0.0
E52_1eac4bbcd37cec5d48241661,7.548600232962073,6.04580255430777,6.04580255430777,275.66392246828667,298.30930922772677,415.4555243799327,0.1568759382441215,0.009166666666666667,0.007734375000000001,0.17377697991078814,2.3862230200892123,0.9456946937778787,271.74464111328126,0.0,0.0,271.74464111328126,399.44464111328125,3115.9164328494953,326.2397766113281,30.0,485.66392246828667,0.0,1,XB01_M023_G00,XB01_M023_G00,XB01,M023,5628.96875,5654.28125,25.3125,6.04580255430777,0.0
E52_1ef47ef68c1879e18ddbb164,7.545015303252086,9.684707827919368,7.545015303252086,525.9457118932837,556.9823492630754,865.6715995678175,0.30964781577290457,0.009166666666666667,0.007734375000000001,0.32654885743957124,2.2334511425604293,0.897953482050134,372.4396484375,0.0,0.0,372.4396484375,500.1396484375,6492.536996758631,304.7821350097656,30.0,735.9457118932837,0.0,1,XB01_M023_G00,XB01_M023_G00,XB01,M023,5628.96875,5654.28125,25.3125,7.545015303252086,0.0
E52_214ce9a3b3bd3fa9c582335a,8.952788174538824,15.138353346483314,8.952788174538824,331.46735474952504,365.31699057309277,459.8368945576438,0.1830074384559416,0.009166666666666667,0.007734375000000001,0.19990848012260826,2.3600915198773924,0.9375285999616849,406.1956298828125,0.0,0.0,406.1956298828125,533.8956298828125,3448.7767091823284,283.8956298828125,30.0,541.467354749525,0.0,1,XB01_M023_G00,XB01_M023_G00,XB01,M023,5628.96875,5654.28125,25.3125,8.952788174538824,0.0
E52_215ef380a7eb56a6f7d09ab1,14.362077295321782,12.440860913671315,12.440860913671315,437.2780853288336,478.35957590907447,628.0672271762219,0.2444635461376352,0.009166666666666667,0.007734375000000001,0.2613645878043019,2.2986354121956984,0.9183235663111556,492.97788696289064,0.0,0.0,492.97788696289064,620.6778869628906,4710.504203821664,324.9881591796875,30.0,647.2780853288336,0.0,1,XB01_M023_G00,XB01_M023_G00,XB01,M023,5628.96875,5654.28125,25.3125,12.440860913671315,0.0
E52_231555d7070bcf1a0911e332,7.5001116413765345,5.981962334569488,5.981962334569488,303.4113952968874,335.0249979987103,417.14117438283733,0.1669828432889251,0.009166666666666667,0.007734375000000001,0.18388388495559174,2.376116115044409,0.9425362859513776,379.363232421875,0.0,0.0,379.363232421875,507.063232421875,3128.55880787128,326.2397766113281,30.0,513.4113952968873,0.0,1,XB01_M023_G00,XB01_M023_G00,XB01,M023,5628.96875,5654.28125,25.3125,5.981962334569488,0.0
E52_231de36c6439da832299e30f,3.5044871590970104,16.451156269229884,3.5044871590970104,336.2639482811268,383.1573412254627,391.1675388962379,0.1749881335365896,0.009166666666666667,0.007734375000000001,0.19188917520325624,2.3681108247967444,0.9400346327489825,562.7207153320312,0.0,0.0,562.7207153320312,690.4207153320312,2933.7565417217843,390.42071533203125,30.0,546.2639482811268,0.0,1,XB01_M023_G00,XB01_M023_G00,XB01,M023,5628.96875,5654.28125,25.3125,3.5044871590970104,0.0
E52_246111a1ef063bec9e89ec9e,3.4770426013576383,13.03223549741864,3.4770426013576383,413.11352328410356,453.07003166626504,586.4879962752384,0.22998101771643822,0.009166666666666667,0.007734375000000001,0.24688205938310487,2.3131179406168956,0.9228493564427798,479.4781005859375,0.0,0.0,479.4781005859375,607.1781005859375,4398.659972064288,469.28277587890625,30.0,623.1135232841036,0.0,1,XB01_M023_G00,XB01_M023_G00,XB01,M023,5628.96875,5654.28125,25.3125,3.4770426013576383,0.0
E52_24cc4f01335372459fb4c2ba,13.475191366806001,12.909161020133865,12.909161020133865,410.2633482290822,447.7953418407359,595.3347347882426,0.23022027843265847,0.009166666666666667,0.007734375000000001,0.2471213200993251,2.3128786799006753,0.9227745874689609,450.38392333984376,0.0,0.0,450.38392333984376,578.0839233398438,4465.010510911819,278.08392333984375,30.0,620.2633482290822,0.0,1,XB01_M023_G00,XB01_M023_G00,XB01,M023,5628.96875,5654.28125,25.3125,12.909161020133865,0.0
E52_24db349315b2a6b84dd4215d,8.36786764491309,5.686957833295324,5.686957833295324,283.5201066466774,305.8382661315407,433.1312563841751,0.1621732249548407,0.009166666666666667,0.007734375000000001,0.17907426662150736,2.380925733378493,0.9440392916807789,267.8179138183594,0.0,0.0,267.8179138183594,395.5179138183594,3248.4844228813135,322.1230773925781,30.0,493.5201066466774,0.0,1,XB01_M023_G00,XB01_M023_G00,XB01,M023,5628.96875,5654.28125,25.3125,5.686957833295324,0.0
E52_27bf01e9e990859ae5993708,7.517728464312924,15.932490639468014,7.517728464312924,318.6138217216496,355.0514931287134,418.60161500091635,0.17259630304263499,0.009166666666666667,0.007734375000000001,0.18949734470930163,2.3705026552906987,0.9407820797783433,437.25205688476564,0.0,0.0,437.25205688476564,564.9520568847656,3139.5121125068727,326.2397766113281,30.0,528.6138217216496,0.0,1,XB01_M023_G00,XB01_M023_G00,XB01,M023,5628.96875,5654.28125,25.3125,7.517728464312924,0.0
E52_27bf1882d0e1a812c8450c72,6.472741689169453,16.18675851321828,6.472741689169453,334.03154784809436,377.9609795090644,404.48650573036844,0.17608047258726683,0.009166666666666667,0.007734375000000001,0.19298151425393348,2.367018485746067,0.9396932767956458,527.1531799316406,0.0,0.0,527.1531799316406,654.8531799316406,3033.648792977763,359.1753845214844,30.0,544.0315478480943,0.0,1,XB01_M023_G00,XB01_M023_G00,XB01,M023,5628.96875,5654.28125,25.3125,6.472741689169453,0.0
E52_27fdcb9bc2da20af468e67a1,8.316856841508724,15.630401191469062,8.316856841508724,333.5201066466774,372.5049327982074,433.1312563841751,0.1799553449394086,0.009166666666666667,0.007734375000000001,0.19685638660607524,2.3631436133939254,0.9384823791856015,467.8179138183594,0.0,0.0,467.8179138183594,595.5179138183594,3248.4844228813135,322.1230773925781,30.0,543.5201066466774,0.0,1,XB01_M023_G00,XB01_M023_G00,XB01,M023,5628.96875,5654.28125,25.3125,8.316856841508724,0.0
E52_29c9aa5399273a7ee24bceb6,3.6030373301828433,11.583777919859742,3.6030373301828433,451.9321692173844,486.7995103225277,694.6602918039094,0.2591062855773863,0.009166666666666667,0.007734375000000001,0.27600732724405297,2.2839926727559474,0.9137477102362335,418.40809326171876,0.0,0.0,418.40809326171876,546.1080932617188,5209.952188529321,322.9142761230469,30.0,661.9321692173844,0.0,1,XB01_M023_G00,XB01_M023_G00,XB01,M023,5628.96875,5654.28125,25.3125,3.6030373301828433,0.0
E52_2cea01313b8862fcfb6b2e63,12.341956153726272,16.460055432828085,12.341956153726272,259.5957489704318,280.08528245838755,396.2542970131293,0.148442074342722,0.009166666666666667,0.007734375000000001,0.16534311600938864,2.3946568839906117,0.948330276247066,245.87440185546876,0.0,0.0,245.87440185546876,373.57440185546875,2971.90722759847,231.8917236328125,30.0,469.5957489704318,0.0,1,XB01_M023_G00,XB01_M023_G00,XB01,M023,5628.96875,5654.28125,25.3125,12.341956153726272,0.0
E52_2d7a36258a59c18fc6a856bf,6.935692347954102,16.662039037059316,6.935692347954102,318.72117968179435,361.17160743651436,382.73979283526836,0.16755561647288383,0.009166666666666667,0.007734375000000001,0.18445665813955048,2.37554334186045,0.9423572943313905,509.40513305664064,0.0,0.0,509.40513305664064,637.1051330566406,2870.5484462645127,346.4301452636719,30.0,528.7211796817944,0.0,1,XB01_M023_G00,XB01_M023_G00,XB01,M023,5628.96875,5654.28125,25.3125,6.935692347954102,0.0
E52_2dadfb43d7dd9558e21effa9,12.816823725083935,12.85982438864363,12.816823725083935,396.07517918576866,428.1792069974549,599.5261915014202,0.22576797164618329,0.009166666666666667,0.007734375000000001,0.24266901331284993,2.3173309866871508,0.9241659333397344,385.2483337402344,0.0,0.0,385.2483337402344,512.9483337402344,4496.446436260651,248.30487060546875,30.0,606.0751791857687,0.0,1,XB01_M023_G00,XB01_M023_G00,XB01,M023,5628.96875,5654.28125,25.3125,12.816823725083935,0.0
E52_2e64690809088e2a96fb2160,7.2409109504606874,9.500767968691491,7.2409109504606874,523.7789293194231,550.945126524013,884.5606754113072,0.31155234822715455,0.009166666666666667,0.007734375000000001,0.3284533898938212,2.231546610106179,0.8973583156581809,325.99436645507814,0.0,0.0,325.99436645507814,453.6943664550781,6634.205065584804,329.6845703125,30.0,733.7789293194231,0.0,1,XB01_M023_G00,XB01_M023_G00,XB01,M023,5628.96875,5654.28125,25.3125,7.2409109504606874,0.0
E52_30110e5b3ae38ecfab28ace2,4.6697688006320845,10.05954008012911,4.6697688006320845,514.4106891471403,547.7506496268766,828.7816154158626,0.30032099335417484,0.009166666666666667,0.007734375000000001,0.3172220350208415,2.242777964979159,0.900868114055987,400.07952575683595,0.0,0.0,400.07952575683595,527.7795257568359,6215.862115618969,313.0162353515625,30.0,724.4106891471403,0.0,1,XB01_M023_G00,XB01_M023_G00,XB01,M023,5628.96875,5654.28125,25.3125,4.6697688006320845,0.0
E52_326bd9096774308657b14836,7.147964841728992,6.820761438549596,6.820761438549596,254.20783025924425,275.6237299174474,379.92026256926977,0.1442126230476059,0.009166666666666667,0.007734375000000001,0.16111366471427255,2.398886335285728,0.9496519797767898,256.9907958984375,0.0,0.0,256.9907958984375,384.6907958984375,2849.4019692695233,334.6907958984375,30.0,464.20783025924425,0.0,1,XB01_M023_G00,XB01_M023_G00,XB01,M023,5628.96875,5654.28125,25.3125,6.820761438549596,0.0
E52_32cd7932ac3bc8f6e82bd016,2.668749456371586,12.531399030736651,2.668749456371586,433.33722088021847,474.19552115284216,621.5246401246948,0.24213542524196421,0.009166666666666667,0.007734375000000001,0.2590364669086309,2.3009635330913696,0.9190511040910528,490.2996032714844,0.0,0.0,490.2996032714844,617.9996032714844,4661.434800935211,324.9372863769531,30.0,643.3372208802184,0.0,1,XB01_M023_G00,XB01_M023_G00,XB01,M023,5628.96875,5654.28125,25.3125,2.668749456371586,0.0
E52_3322673a66874be8fb5ff9e0,3.0954556092148664,12.93559360833251,3.0954556092148664,392.2739001975914,423.9757012433271,594.3369941207687,0.2236811646950203,0.009166666666666667,0.007734375000000001,0.24058220636168695,2.3194177936383134,0.9248180605119728,380.42161254882814,0.0,0.0,380.42161254882814,508.1216125488281,4457.527455905765,308.1216125488281,30.0,602.2739001975914,0.0,1,XB01_M023_G00,XB01_M023_G00,XB01,M023,5628.96875,5654.28125,25.3125,3.0954556092148664,0.0
E52_357bbbd4dc4420221c875ea3,10.658673257491614,12.241245229232817,10.658673257491614,405.4327582223269,433.1514265878055,644.5535062517828,0.23547283792056264,0.009166666666666667,0.007734375000000001,0.2523738795872293,2.3076261204127713,0.9211331626289908,332.6240203857422,0.0,0.0,332.6240203857422,460.3240203857422,4834.151296888371,255.67149353027344,30.0,615.4327582223269,0.0,1,XB01_M023_G00,XB01_M023_G00,XB01,M023,5628.96875,5654.28125,25.3125,10.658673257491614,0.0
E52_3875f0f2b8e39572338b498b,14.737600212392678,12.654831201135607,12.654831201135607,430.443023323014,471.8276755243487,612.5781334380202,0.23983909257274777,0.009166666666666667,0.007734375000000001,0.25674013423941444,2.303259865760586,0.919768708050183,496.61582641601564,0.0,0.0,496.61582641601564,624.3158264160156,4594.336000785152,324.3158264160156,30.0,640.443023323014,0.0,1,XB01_M023_G00,XB01_M023_G00,XB01,M023,5628.96875,5654.28125,25.3125,12.654831201135607,0.0
E52_3a94b6482baa2cfaba8a857d,6.705899088218871,16.425448776817632,6.705899088218871,326.01303055755295,369.111023518165,393.4381033514341,0.17166403726355467,0.009166666666666667,0.007734375000000001,0.1885650789302213,2.3714349210697794,0.9410734128343059,517.1759155273437,0.0,0.0,517.1759155273437,644.8759155273438,2950.785775135756,352.4370422363281,30.0,536.013030557553,0.0,1,XB01_M023_G00,XB01_M023_G00,XB01,M023,5628.96875,5654.28125,25.3125,6.705899088218871,0.0
E52_413d3eff5d481ef66f8d3068,7.220211407336137,9.493762996477216,7.220211407336137,548.7789293194231,584.2784598573463,884.5606754113072,0.3204434082194385,0.009166666666666667,0.007734375000000001,0.3373444498861052,2.2226555501138954,0.8945798594105921,425.99436645507814,0.0,0.0,425.99436645507814,553.6943664550781,6634.205065584804,329.6845703125,30.0,758.7789293194231,0.0,1,XB01_M023_G00,XB01_M023_G00,XB01,M023,5628.96875,5654.28125,25.3125,7.220211407336137,0.0
E52_437c6a333219b14c3939f26c,7.519845165544197,6.0194831627628105,6.0194831627628105,277.09771274073506,296.211315442558,417.14117438283733,0.1570562493971614,0.009166666666666667,0.007734375000000001,0.17395729106382804,2.3860427089361727,0.9456383465425537,248.53977661132814,19.176544189453125,19.176544189453125,248.53977661132814,376.2397766113281,3128.55880787128,326.2397766113281,30.0,487.09771274073506,0.0,1,XB01_M023_G00,XB01_M023_G00,XB01,M023,5628.96875,5654.28125,25.3125,6.0194831627628105,0.0
E52_44ed69e1d99dc074a7941a18,9.284440127678266,8.900383690419545,8.900383690419545,188.27556058823757,199.0276355292369,299.7078152072368,0.1090911242968749,0.009166666666666667,0.007734375000000001,0.12599216596354157,2.434007834036459,0.9606274481363932,139.59420471191407,10.569305419921875,10.569305419921875,139.59420471191407,267.29420471191406,2247.808614054276,217.29420471191406,30.0,398.27556058823757,0.0,1,XB01_M023_G00,XB01_M023_G00,XB01,M023,5628.96875,5654.28125,25.3125,8.900383690419545,0.0
E52_4513f74e4ba51c209cccc792,1.950634089231528,9.790974506635663,1.950634089231528,548.6050089915749,589.1156759023821,854.1460165183059,0.3160741321008959,0.009166666666666667,0.007734375000000001,0.3329751737675626,2.227024826232438,0.8959452581976367,486.1280029296875,0.0,0.0,486.1280029296875,613.8280029296875,6406.095123887295,391.8226318359375,30.0,758.6050089915749,0.0,1,XB01_M023_G00,XB01_M023_G00,XB01,M023,5628.96875,5654.28125,25.3125,1.950634089231528,0.0
E52_47db2d0d55c92154c779a4c9,5.908077496820354,16.45726286038159,5.908077496820354,312.62709924858126,351.3219092257948,393.08533863388124,0.16685347284684848,0.009166666666666667,0.007734375000000001,0.18375451451351513,2.376245485486485,0.9425767142145265,464.3377197265625,0.0,0.0,464.3377197265625,592.0377197265625,2948.1400397541092,295.61395263671875,30.0,522.6270992485813,0.0,1,XB01_M023_G00,XB01_M023_G00,XB01,M023,5628.96875,5654.28125,25.3125,5.908077496820354,0.0
E52_4cf0fac9feb721651efb2830,10.352207013411814,17.82597875173802,10.352207013411814,242.69354898018014,267.32891198677197,337.5749199208095,0.13412057160327687,0.009166666666666667,0.007734375000000001,0.1510216132699435,2.408978386730057,0.9528057458531427,295.6243560791016,0.0,0.0,295.6243560791016,423.32435607910156,2531.8118994060715,217.31182861328125,30.0,452.69354898018014,0.0,1,XB01_M023_G00,XB01_M023_G00,XB01,M023,5628.96875,5654.28125,25.3125,10.352207013411814,0.0
E52_4d215302190bc5bfb29bf912,5.4708083683265585,16.37371485667674,5.4708083683265585,307.50969179304633,343.7570581260541,397.53518558804575,0.1656637075427803,0.009166666666666667,0.007734375000000001,0.18256474920944693,2.3774352507905534,0.9429485158720479,434.96839599609376,0.0,0.0,434.96839599609376,562.6683959960938,2981.5138919103433,336.56707763671875,30.0,517.5096917930464,0.0,1,XB01_M023_G00,XB01_M023_G00,XB01,M023,5628.96875,5654.28125,25.3125,5.4708083683265585,0.0
E52_50c718ca7f326f764494c89d,17.918702154221478,13.080943299176411,13.080943299176411,350.85355156655817,370.1881015340061,585.6998033284289,0.20772710552759727,0.009166666666666667,0.007734375000000001,0.2246281471942639,2.3353718528057366,0.9298037040017926,232.014599609375,0.0,0.0,232.014599609375,359.714599609375,4392.748524963216,275.29461669921875,30.0,560.8535515665582,0.0,1,XB01_M023_G00,XB01_M023_G00,XB01,M023,5628.96875,5654.28125,25.3125,13.080943299176411,0.0
E52_515a3b7c8d98426ee13f2b4e,11.519248365117704,17.07508762021844,11.519248365117704,242.68536134104386,262.0561394884234,369.14605379781034,0.13858886614696947,0.009166666666666667,0.007734375000000001,0.1554899078136361,2.4045100921863645,0.9514094038082387,232.4493377685547,0.0,0.0,232.4493377685547,360.1493377685547,2768.5954034835777,210.1493377685547,30.0,452.68536134104386,0.0,1,XB01_M023_G00,XB01_M023_G00,XB01,M023,5628.96875,5654.28125,25.3125,11.519248365117704,0.0
E52_575c4f100493de938643a13d,1.1697481121635747,2.099203328999508,1.1697481121635747,470.05405043895155,518.0123847895375,652.3580947743875,0.259560220504969,0.009166666666666667,0.007734375000000001,0.2764612621716357,2.2835387378283647,0.9136058555713639,575.5000122070312,0.0,0.0,575.5000122070312,703.2000122070312,4892.685710807907,437.3766174316406,30.0,680.0540504389515,0.0,1,XB01_M023_G00,XB01_M023_G00,XB01,M023,5628.96875,5654.28125,25.3125,1.1697481121635747,0.0
E52_60b0dc656c777ee2cc2279b1,2.4607717835834393,0.21315146591224732,0.21315146591224732,563.4362729251038,615.9641949832094,811.705013501575,0.3153381258454166,0.009166666666666667,0.007734375000000001,0.33223916751208327,2.2277608324879172,0.896175260152474,630.3350646972656,0.0,0.0,630.3350646972656,758.0350646972656,6087.787601261813,495.9024353027344,30.0,773.4362729251038,0.0,1,XB01_M023_G00,XB01_M023_G00,XB01,M023,5628.96875,5654.28125,25.3125,0.21315146591224732,0.0
E52_60b76d98beea93305f35c25d,11.691168958185173,16.79058398580294,11.691168958185173,271.8613885249859,299.0873836523459,380.3668062858116,0.15055421784231732,0.009166666666666667,0.007734375000000001,0.16745525950898396,2.3925447404910165,0.9476702314034425,326.7119415283203,0.0,0.0,326.7119415283203,454.4119415283203,2852.751047143587,241.2421875,30.0,481.8613885249859,0.0,1,XB01_M023_G00,XB01_M023_G00,XB01,M023,5628.96875,5654.28125,25.3125,11.691168958185173,0.0
E52_67646c2afbeb5602853e5a9c,3.090801006563524,12.927232110573698,3.090801006563524,404.7739001975914,440.6423679099937,594.3369941207687,0.22812669469116229,0.009166666666666667,0.007734375000000001,0.24502773635782893,2.3149722636421717,0.9234288323881785,430.42161254882814,0.0,0.0,430.42161254882814,558.1216125488281,4457.527455905765,308.1216125488281,30.0,614.7739001975914,0.0,1,XB01_M023_G00,XB01_M023_G00,XB01,M023,5628.96875,5654.28125,25.3125,3.090801006563524,0.0
E52_68694062ed2e2e792aeb51a9,8.389642845758232,17.695890544520793,8.389642845758232,262.3147609906027,292.8212075746684,341.5908424768108,0.1416674545099547,0.009166666666666667,0.007734375000000001,0.15856849617662133,2.401431503823379,0.9504473449448059,366.0773590087891,0.0,0.0,366.0773590087891,493.77735900878906,2561.931318576081,213.8477783203125,30.0,472.3147609906027,0.0,1,XB01_M023_G00,XB01_M023_G00,XB01,M023,5628.96875,5654.28125,25.3125,8.389642845758232,0.0
E52_6aa461eda22a4c53e6730e81,7.0216670823516125,6.478254834226846,6.478254834226846,265.8104536255181,288.3542041341444,395.1560268799425,0.15046620221455187,0.009166666666666667,0.007734375000000001,0.1673672438812185,2.392632756118782,0.9476977362871192,271.555615234375,1.030609130859375,1.030609130859375,271.555615234375,399.255615234375,2963.670201599569,349.255615234375,30.0,475.8104536255181,0.0,1,XB01_M023_G00,XB01_M023_G00,XB01,M023,5628.96875,5654.28125,25.3125,6.478254834226846,0.0
E52_6dc095df8eb6475486134b5c,3.5966492081669656,12.905188948092743,3.5966492081669656,424.06014837873875,466.2734748964797,594.8403376510322,0.23505698741925235,0.009166666666666667,0.007734375000000001,0.251958029085919,2.3080419709140814,0.9212631159106504,506.55991821289064,0.0,0.0,506.55991821289064,634.2599182128906,4461.302532382741,440.2059631347656,30.0,634.0601483787387,0.0,1,XB01_M023_G00,XB01_M023_G00,XB01,M023,5628.96875,5654.28125,25.3125,3.5966492081669656,0.0
E52_73baea82bbbffa2db9d7426a,7.8328007299951565,5.711384152670419,5.711384152670419,297.3854850658978,324.64222792478455,431.2305129784753,0.16683515196021612,0.009166666666666667,0.007734375000000001,0.18373619362688276,2.376263806373118,0.9425824394915991,327.08091430664064,0.0,0.0,327.08091430664064,454.7809143066406,3234.2288473385647,335.390380859375,30.0,507.3854850658978,0.0,1,XB01_M023_G00,XB01_M023_G00,XB01,M023,5628.96875,5654.28125,25.3125,5.711384152670419,0.0
E52_74b3fb0a4920873efc33101b,5.93669523654853,6.525083879148042,5.93669523654853,262.62709924858126,284.6552425591281,393.08533863388124,0.14907135286228057,0.009166666666666667,0.007734375000000001,0.16597239452894721,2.394027605471053,0.948133626709704,264.3377197265625,0.0,0.0,264.3377197265625,392.0377197265625,2948.1400397541092,295.61395263671875,30.0,472.62709924858126,0.0,1,XB01_M023_G00,XB01_M023_G00,XB01,M023,5628.96875,5654.28125,25.3125,5.93669523654853,0.0
E52_7547086a1218012670f76a62,11.963698926901941,2.277872015791573,2.277872015791573,370.7957901832663,387.27013608984186,642.7455049270795,0.2228984084752749,0.009166666666666667,0.007734375000000001,0.23979945014194154,2.320200549858059,0.9250626718306433,197.69215087890626,0.0,0.0,197.69215087890626,325.39215087890625,4820.591286953097,275.39215087890625,30.0,580.7957901832663,0.0,1,XB01_M023_G00,XB01_M023_G00,XB01,M023,5628.96875,5654.28125,25.3125,2.277872015791573,0.0
E52_76b4f0bdabd1ccab126282dd,11.124031149943306,17.180198899819032,11.124031149943306,244.7670432960008,265.6078646257534,364.489158613486,0.13866967590706417,0.009166666666666667,0.007734375000000001,0.1555707175737308,2.40442928242627,0.9513841507582091,250.08985595703126,0.0,0.0,250.08985595703126,377.78985595703125,2733.6686896011447,241.2421875,30.0,454.7670432960008,0.0,1,XB01_M023_G00,XB01_M023_G00,XB01,M023,5628.96875,5654.28125,25.3125,11.124031149943306,0.0
E52_7e5f4a4eaf9aa5b10576997a,12.908068360529953,13.086620585622072,12.908068360529953,384.11958913832314,414.7999833745699,584.1568128591658,0.21933939564120059,0.009166666666666667,0.007734375000000001,0.23624043730786723,2.3237595626921332,0.9261748633412915,368.16473083496095,0.0,0.0,368.16473083496095,495.86473083496094,4381.1760964437435,247.829345703125,30.0,594.1195891383231,0.0,1,XB01_M023_G00,XB01_M023_G00,XB01,M023,5628.96875,5654.28125,25.3125,12.908068360529953,0.0
E52_82c821a5773d0bfbe554f10a,8.076797966151958,11.397135806608844,8.076797966151958,512.9354114719376,566.0737563002253,707.0407539741487,0.2825549862639304,0.009166666666666667,0.007734375000000001,0.29945602793059706,2.2605439720694034,0.9064199912716884,637.6601379394531,0.0,0.0,637.6601379394531,765.3601379394531,5302.805654806116,465.3601379394531,30.0,722.9354114719376,0.0,1,XB01_M023_G00,XB01_M023_G00,XB01,M023,5628.96875,5654.28125,25.3125,8.076797966151958,0.0
E52_831cee7e7a3a549796e42b18,7.93837463969885,10.042846261792022,7.93837463969885,524.445203057942,560.9167693217765,830.061008532876,0.3040708837654974,0.009166666666666667,0.007734375000000001,0.3209719254321641,2.2390280745678366,0.8996962733024487,437.65879516601564,0.0,0.0,437.65879516601564,565.3587951660156,6225.457563996571,359.5916748046875,30.0,734.445203057942,0.0,1,XB01_M023_G00,XB01_M023_G00,XB01,M023,5628.96875,5654.28125,25.3125,7.93837463969885,0.0
E52_88c1c7aba1fcf94c58dad20e,7.23200858371122,9.497510042154289,7.23200858371122,536.2789293194231,567.6117931906797,884.5606754113072,0.3159978782232965,0.009166666666666667,0.007734375000000001,0.3328989198899632,2.2271010801100375,0.8959690875343865,375.99436645507814,0.0,0.0,375.99436645507814,503.6943664550781,6634.205065584804,329.6845703125,30.0,746.2789293194231,0.0,1,XB01_M023_G00,XB01_M023_G00,XB01,M023,5628.96875,5654.28125,25.3125,7.23200858371122,0.0
E52_8ca7795ffa642a3b129c0a3d,7.7966619971687265,15.730152054416479,7.7966619971687265,330.94608252023,369.9122522589995,428.0951466078428,0.17832668261553564,0.009166666666666667,0.007734375000000001,0.19522772428220228,2.3647722757177982,0.9389913361618117,467.5940368652344,0.0,0.0,467.5940368652344,595.2940368652344,3210.713599558821,335.390380859375,30.0,540.94608252023,0.0,1,XB01_M023_G00,XB01_M023_G00,XB01,M023,5628.96875,5654.28125,25.3125,7.7966619971687265,0.0
E52_8d375985c45fff9288668cb3,3.15397504791531,16.222123863058812,3.15397504791531,353.99602207193686,405.21742048909175,400.663653640944,0.182639281392285,0.009166666666666667,0.007734375000000001,0.19954032305895164,2.3604596769410486,0.9376436490440776,614.6567810058593,0.0,0.0,614.6567810058593,742.3567810058594,3004.97740230708,442.3567810058594,30.0,563.9960220719369,0.0,1,XB01_M023_G00,XB01_M023_G00,XB01,M023,5628.96875,5654.28125,25.3125,3.15397504791531,0.0
E52_9026ce0d2a5dd9a75ef73c8e,6.075575042330797,6.720084116703532,6.075575042330797,248.61637070099954,267.37077642202814,384.70630707582717,0.14290187810434732,0.009166666666666667,0.007734375000000001,0.15980291977101396,2.4001970802289865,0.9500615875715581,225.05286865234376,0.0,0.0,225.05286865234376,352.75286865234375,2885.297303068704,302.75286865234375,30.0,458.61637070099954,0.0,1,XB01_M023_G00,XB01_M023_G00,XB01,M023,5628.96875,5654.28125,25.3125,6.075575042330797,0.0
E52_924cec2d58c933358893a332,11.185954684556776,12.302862284422105,11.185954684556776,416.670444788364,448.9844576972996,639.4568121231148,0.23874762537865796,0.009166666666666667,0.007734375000000001,0.25564866704532463,2.304351332954676,0.920109791548336,387.7681549072266,0.0,0.0,387.7681549072266,515.4681549072266,4795.926090923361,252.644287109375,30.0,626.670444788364,0.0,1,XB01_M023_G00,XB01_M023_G00,XB01,M023,5628.96875,5654.28125,25.3125,11.185954684556776,0.0
E52_96da4f081c74d8211b4b244f,12.160599353952747,12.47027426673894,12.160599353952747,406.4445801679392,437.368205859671,627.3474061854878,0.23339590098708082,0.009166666666666667,0.007734375000000001,0.25029694265374747,2.309703057346253,0.9217822054207039,371.08350830078126,0.0,0.0,371.08350830078126,498.78350830078125,4705.105546391158,251.37640380859375,30.0,616.4445801679392,0.0,1,XB01_M023_G00,XB01_M023_G00,XB01,M023,5628.96875,5654.28125,25.3125,12.160599353952747,0.0
E52_a1af1f4ab7d520e82e20be53,3.477968363408891,0.45430012492889205,0.45430012492889205,547.7224457312177,598.7128286250978,789.5025940991541,0.30660524396013417,0.009166666666666667,0.007734375000000001,0.32350628562680084,2.2364937143731995,0.8989042857416247,611.8845947265625,0.0,0.0,611.8845947265625,739.5845947265625,5921.269455743655,492.6366271972656,30.0,757.7224457312177,0.0,1,XB01_M023_G00,XB01_M023_G00,XB01,M023,5628.96875,5654.28125,25.3125,0.45430012492889205,0.0
E52_a3836b1674b2d70f748125c1,9.766145729096309,18.388582284998307,9.766145729096309,238.77143733771516,265.74771093797557,315.68523307386783,0.1296256139323784,0.009166666666666667,0.007734375000000001,0.14652665559904504,2.4134733444009555,0.9542104201252984,323.715283203125,0.0,0.0,323.715283203125,451.415283203125,2367.639248054009,217.29420471191406,30.0,448.77143733771516,0.0,1,XB01_M023_G00,XB01_M023_G00,XB01,M023,5628.96875,5654.28125,25.3125,9.766145729096309,0.0
E52_a77602565c04dca5831f9b7a,7.9481072196723375,15.758600383852013,7.9481072196723375,295.3505394617105,322.31471665694164,428.9160157520343,0.16578365241547813,0.009166666666666667,0.007734375000000001,0.18268469408214477,2.377315305917856,0.9429110330993298,323.57012634277345,0.0,0.0,323.57012634277345,451.27012634277344,3216.870118140257,284.58648681640625,30.0,505.3505394617105,0.0,1,XB01_M023_G00,XB01_M023_G00,XB01,M023,5628.96875,5654.28125,25.3125,7.9481072196723375,0.0
E52_aaa387ee3ee3170bd804334d,1.3460083048350384,18.409477866986336,1.3460083048350384,263.5215778829557,299.2286101502083,312.8009621623957,0.13801933350380158,0.009166666666666667,0.007734375000000001,0.15492037517046822,2.4050796248295323,0.9515873827592287,428.48438720703126,0.0,0.0,428.48438720703126,556.1843872070312,2346.0072162179677,386.9435729980469,30.0,473.5215778829557,0.0,1,XB01_M023_G00,XB01_M023_G00,XB01,M023,5628.96875,5654.28125,25.3125,1.3460083048350384,0.0
E52_afb1e3673ff3adbe9c45b8fc,5.8158752044877815,6.956106286850726,5.8158752044877815,250.21040235058808,271.27175132926646,374.0527108291059,0.1419599864782851,0.009166666666666667,0.007734375000000001,0.15886102814495173,2.401138971855049,0.9503559287047025,252.73618774414064,0.0,0.0,252.73618774414064,380.4361877441406,2805.395331218294,291.6474609375,30.0,460.2104023505881,0.0,1,XB01_M023_G00,XB01_M023_G00,XB01,M023,5628.96875,5654.28125,25.3125,5.8158752044877815,0.0
E52_b4122a9095172602242b40e3,3.085027466314841,12.917805218005896,3.085027466314841,417.2739001975914,457.30903457666045,594.3369941207687,0.23257222468730426,0.009166666666666667,0.007734375000000001,0.2494732663539709,2.3105267336460296,0.9220396042643841,480.42161254882814,0.0,0.0,480.42161254882814,608.1216125488281,4457.527455905765,308.1216125488281,30.0,627.2739001975914,0.0,1,XB01_M023_G00,XB01_M023_G00,XB01,M023,5628.96875,5654.28125,25.3125,3.085027466314841,0.0
E52_b45db00398315637fb020e5f,1.390170700020846,10.742298629097064,1.390170700020846,520.0993036420956,566.0861185224667,764.2777180019647,0.2932088546230577,0.009166666666666667,0.007734375000000001,0.31010989628972435,2.249890103710276,0.9030906574094612,551.8417785644531,0.0,0.0,551.8417785644531,679.5417785644531,5732.082885014735,386.71868896484375,30.0,730.0993036420956,0.0,1,XB01_M023_G00,XB01_M023_G00,XB01,M023,5628.96875,5654.28125,25.3125,1.390170700020846,0.0
E52_b544b4d7beda1d6ed7fbeefb,7.624242971505595,16.252686834440453,7.624242971505595,293.91354735972715,324.49113296153376,404.3615811086144,0.16179511839250177,0.009166666666666667,0.007734375000000001,0.1786961600591684,2.381303839940832,0.9441574499815099,366.9310272216797,0.0,0.0,366.9310272216797,494.6310272216797,3032.711858314608,277.91845703125,30.0,503.91354735972715,0.0,1,XB01_M023_G00,XB01_M023_G00,XB01,M023,5628.96875,5654.28125,25.3125,7.624242971505595,0.0
E52_b60e4d2a4cdcd5801a5d757f,7.4154091663252615,16.480566458341656,7.4154091663252615,308.26023760270465,345.626388522301,392.32356968783114,0.16519254750221457,0.009166666666666667,0.007734375000000001,0.18209358916888121,2.377906410831119,0.9430957533847246,448.39381103515626,0.0,0.0,448.39381103515626,576.0938110351562,2942.4267726587336,326.2397766113281,30.0,518.2602376027046,0.0,1,XB01_M023_G00,XB01_M023_G00,XB01,M023,5628.96875,5654.28125,25.3125,7.4154091663252615,0.0
E52_b677873645e212a13901ede2,1.3469418959972046,9.230718628911887,1.3469418959972046,575.9444140089429,616.0268887810784,911.3939793850733,0.3339048259552679,0.009166666666666667,0.007734375000000001,0.35080586762193455,2.209194132378066,0.8903731663681455,480.989697265625,0.0,0.0,480.989697265625,608.689697265625,6835.45484538805,390.4056396484375,30.0,785.9444140089429,0.0,1,XB01_M023_G00,XB01_M023_G00,XB01,M023,5628.96875,5654.28125,25.3125,1.3469418959972046,0.0
E52_b6789310c1ab16898a769b78,16.58208195987504,2.625622464396969,2.625622464396969,372.38145547243056,389.4038741939475,617.4514627840539,0.21924054354678854,0.009166666666666667,0.007734375000000001,0.23614158521345519,2.323858414786545,0.9262057546207952,225.84925537109376,21.580230712890625,21.580230712890625,225.84925537109376,353.54925537109375,4630.885970880404,303.54925537109375,30.0,582.3814554724306,0.0,1,XB01_M023_G00,XB01_M023_G00,XB01,M023,5628.96875,5654.28125,25.3125,2.625622464396969,0.0
E52_b7c433bb400c5a28313b13f0,7.92489649593179,16.00220965111248,7.92489649593179,270.63016208552887,291.2047849391259,417.8125870494757,0.1554195344851095,0.009166666666666667,0.007734375000000001,0.17232057615177615,2.3876794238482244,0.94614981995257,246.89547424316407,0.0,0.0,246.89547424316407,374.59547424316406,3133.594402871068,284.58648681640625,30.0,480.63016208552887,0.0,1,XB01_M023_G00,XB01_M023_G00,XB01,M023,5628.96875,5654.28125,25.3125,7.92489649593179,0.0
E52_b8aeee13ee5f313ffdb298e7,2.4321823790215262,0.32052137756616617,0.32052137756616617,550.9628084392909,600.9445446860357,802.0351993981131,0.309532562555218,0.009166666666666667,0.007734375000000001,0.32643360422188467,2.2335663957781158,0.897989498680661,599.7808349609375,0.0,0.0,599.7808349609375,727.4808349609375,6015.263995485849,485.42230224609375,30.0,760.9628084392909,0.0,1,XB01_M023_G00,XB01_M023_G00,XB01,M023,5628.96875,5654.28125,25.3125,0.32052137756616617,0.0
E52_be69bdf55826f2eb34075d09,11.826236855803927,12.029424972929434,11.826236855803927,457.6877788138426,500.48965717077624,658.5642874860837,0.25604119113741575,0.009166666666666667,0.007734375000000001,0.2729422328040824,2.2870577671959182,0.9147055522487243,513.6225402832031,0.0,0.0,513.6225402832031,641.3225402832031,4939.232156145627,341.3225402832031,30.0,667.6877788138427,0.0,1,XB01_M023_G00,XB01_M023_G00,XB01,M023,5628.96875,5654.28125,25.3125,11.826236855803927,0.0
E52_bfffb2993ede6e2e2bd9340b,17.568474694709806,13.053008949478723,13.053008949478723,400.85355156655817,436.85476820067277,585.6998033284289,0.22550922551216515,0.009166666666666667,0.007734375000000001,0.2424102671788318,2.3175897328211685,0.924246791506615,432.014599609375,0.0,0.0,432.014599609375,559.714599609375,4392.748524963216,275.29461669921875,30.0,610.8535515665582,0.0,1,XB01_M023_G00,XB01_M023_G00,XB01,M023,5628.96875,5654.28125,25.3125,13.053008949478723,0.0
E52_c0294c7ff44d44fc4ede8d97,7.095788131613517,16.7256600789149,7.095788131613517,316.70783025924425,358.9570632507807,379.92026256926977,0.16644027302831577,0.009166666666666667,0.007734375000000001,0.1833413146949824,2.376658685305018,0.942705839157818,506.9907958984375,0.0,0.0,506.9907958984375,634.6907958984375,2849.4019692695233,334.6907958984375,30.0,526.7078302592442,0.0,1,XB01_M023_G00,XB01_M023_G00,XB01,M023,5628.96875,5654.28125,25.3125,7.095788131613517,0.0
E52_c10a50247c57c0340b451298,3.3491912178933347,3.1495087650690863,3.1495087650690863,410.4813485396202,450.8988478275434,578.4577013517014,0.22790762835174688,0.009166666666666667,0.007734375000000001,0.24480867001841353,2.315191329981587,0.9234972906192458,485.00999145507814,0.0,0.0,485.00999145507814,612.7099914550781,4338.432760137761,515.4917602539062,30.0,620.4813485396203,0.0,1,XB01_M023_G00,XB01_M023_G00,XB01,M023,5628.96875,5654.28125,25.3125,3.1495087650690863,0.0
E52_c515ea57360fd29f9add62f7,1.442206842609309,10.649906727109496,1.442206842609309,525.5980011021792,572.0554631586571,772.4512298654912,0.29632198385281766,0.009166666666666667,0.007734375000000001,0.31322302551948433,2.2467769744805164,0.9021178045251611,557.4895446777343,0.0,0.0,557.4895446777343,685.1895446777344,5793.384223991184,393.3172912597656,30.0,735.5980011021792,0.0,1,XB01_M023_G00,XB01_M023_G00,XB01,M023,5628.96875,5654.28125,25.3125,1.442206842609309,0.0
E52_c76d93c5902d0dc017f7065c,7.683059725578644,16.05706218628906,7.683059725578644,260.86241804033426,278.57034040361555,415.47730190098105,0.1516149798935124,0.009166666666666667,0.007734375000000001,0.16851602156017906,2.3914839784398216,0.947338743262444,212.495068359375,0.0,0.0,212.495068359375,340.195068359375,3116.079764257358,277.91845703125,30.0,470.86241804033426,0.0,1,XB01_M023_G00,XB01_M023_G00,XB01,M023,5628.96875,5654.28125,25.3125,7.683059725578644,0.0
E52_c98d1e580ba9a8920eeacbdb,7.682964172751383,9.995636820319618,7.682964172751383,531.3190315479533,569.3529452238973,834.4345810402425,0.30713490815373307,0.009166666666666667,0.007734375000000001,0.32403594982039974,2.235964050179601,0.8987387656811251,456.40696411132814,0.0,0.0,456.40696411132814,584.1069641113281,6258.259357801819,362.73199462890625,30.0,741.3190315479533,0.0,1,XB01_M023_G00,XB01_M023_G00,XB01,M023,5628.96875,5654.28125,25.3125,7.682964172751383,0.0
E52_cdef0b479e00ae29ebd83132,4.234954883541619,10.01648148125875,4.234954883541619,520.0071121141804,554.5433095222207,832.7970397801186,0.3028799960747676,0.009166666666666667,0.007734375000000001,0.3197810377414343,2.240218962258566,0.9000684257058018,414.4343688964844,0.0,0.0,414.4343688964844,542.1343688964844,6245.977798350889,297.6476745605469,30.0,730.0071121141804,0.0,1,XB01_M023_G00,XB01_M023_G00,XB01,M023,5628.96875,5654.28125,25.3125,4.234954883541619,0.0
E52_d1d4424e0dfaa7a0ce62d445,6.552232666002183,12.872868339328704,6.552232666002183,402.0751033963921,436.37951216917855,598.3237541560654,0.22773150601213982,0.009166666666666667,0.007734375000000001,0.24463254767880646,2.315367452321194,0.923552328850373,411.6529052734375,0.0,0.0,411.6529052734375,539.3529052734375,4487.428156170491,269.83203125,30.0,612.075103396392,0.0,1,XB01_M023_G00,XB01_M023_G00,XB01,M023,5628.96875,5654.28125,25.3125,6.552232666002183,0.0
E52_d22cbe82615c6d2ee0ebf49f,7.766213815449589,15.758568264926964,7.766213815449589,318.17309843891866,352.9726015110215,427.5491784452201,0.1737067461230003,0.009166666666666667,0.007734375000000001,0.19060778778966694,2.3693922122103337,0.940435066315729,417.5940368652344,0.0,0.0,417.5940368652344,545.2940368652344,3206.618838339151,335.390380859375,30.0,528.1730984389187,0.0,1,XB01_M023_G00,XB01_M023_G00,XB01,M023,5628.96875,5654.28125,25.3125,7.766213815449589,0.0
E52_d3460088443e86b69235cf2f,8.949623535278889,10.110906533633653,8.949623535278889,520.9986937965015,557.4049117530444,823.5600798537452,0.3019244763287566,0.009166666666666667,0.007734375000000001,0.31882551799542325,2.241174482004577,0.9003670256264302,436.87461547851564,0.0,0.0,436.87461547851564,564.5746154785156,6176.700598903089,276.8628845214844,30.0,730.9986937965015,0.0,1,XB01_M023_G00,XB01_M023_G00,XB01,M023,5628.96875,5654.28125,25.3125,8.949623535278889,0.0
E52_d6d1511afdebb88632549a71,3.8989074581681678,16.177909036830457,3.8989074581681678,342.76879390848103,389.67749650450963,404.08537224079015,0.1791309979165653,0.009166666666666667,0.007734375000000001,0.19603203958323195,2.3639679604167685,0.93873998763024,562.9044311523437,0.0,0.0,562.9044311523437,690.6044311523438,3030.640291805926,390.60443115234375,30.0,552.768793908481,0.0,1,XB01_M023_G00,XB01_M023_G00,XB01,M023,5628.96875,5654.28125,25.3125,3.8989074581681678,0.0
E52_d7f1f5d49edaa9f52000c452,13.531286804789872,12.917919470378578,12.917919470378578,397.7633482290822,431.12867517406926,595.3347347882426,0.22577474843651651,0.009166666666666667,0.007734375000000001,0.24267579010318316,2.3173242098968174,0.9241638155927553,400.38392333984376,0.0,0.0,400.38392333984376,528.0839233398438,4465.010510911819,278.08392333984375,30.0,607.7633482290822,0.0,1,XB01_M023_G00,XB01_M023_G00,XB01,M023,5628.96875,5654.28125,25.3125,12.917919470378578,0.0
E52_da1eeef61bb4fffd90feecd9,3.5968453451240947,11.577048041656667,3.5968453451240947,464.4321692173844,503.4661769891943,694.6602918039094,0.2635518155735283,0.009166666666666667,0.007734375000000001,0.280452857240195,2.2795471427598057,0.9123584821124391,468.40809326171876,0.0,0.0,468.40809326171876,596.1080932617188,5209.952188529321,322.9142761230469,30.0,674.4321692173844,0.0,1,XB01_M023_G00,XB01_M023_G00,XB01,M023,5628.96875,5654.28125,25.3125,3.5968453451240947,0.0
E52_dbe1bedc9b83d29f34556dbd,12.208478904325872,13.016499113861627,12.208478904325872,387.86022911882606,419.0031732004504,588.862793747906,0.22133620210273125,0.009166666666666667,0.007734375000000001,0.2382372437693979,2.3217627562306027,0.9255508613220631,373.7153289794922,0.0,0.0,373.7153289794922,501.4153289794922,4416.470953109295,232.19436645507812,30.0,597.860229118826,0.0,1,XB01_M023_G00,XB01_M023_G00,XB01,M023,5628.96875,5654.28125,25.3125,12.208478904325872,0.0
E52_dbec4f1422e98765afb262aa,6.2947903129549445,16.38523852602286,6.2947903129549445,322.5402116809159,364.1002534899979,395.72017250733956,0.1707521496628321,0.009166666666666667,0.007734375000000001,0.18765319132949873,2.372346808670502,0.9413583777095317,498.7205017089844,0.0,0.0,498.7205017089844,626.4205017089844,2967.901293805047,326.4205017089844,30.0,532.540211680916,0.0,1,XB01_M023_G00,XB01_M023_G00,XB01,M023,5628.96875,5654.28125,25.3125,6.2947903129549445,0.0
E52_dc4c132291b7b9525a26c82f,7.642155521284963,16.290878065555617,7.642155521284963,256.41354735972715,274.49113296153376,404.3615811086144,0.14845852840407586,0.009166666666666667,0.007734375000000001,0.1653595700707425,2.394640429929258,0.948325134352893,216.9310272216797,0.0,0.0,216.9310272216797,344.6310272216797,3032.711858314608,277.91845703125,30.0,466.41354735972715,0.0,1,XB01_M023_G00,XB01_M023_G00,XB01,M023,5628.96875,5654.28125,25.3125,7.642155521284963,0.0
E52_dd12fb0cc4aee52816704b73,3.249558636846686,0.5498680641518376,0.5498680641518376,547.6210002825783,600.0718247658139,780.5370536657424,0.3052994367315811,0.009166666666666667,0.007734375000000001,0.3222004783982478,2.2377995216017528,0.8993123505005476,629.4098937988281,0.0,0.0,629.4098937988281,757.1098937988281,5854.027902493068,543.108642578125,30.0,757.6210002825783,0.0,1,XB01_M023_G00,XB01_M023_G00,XB01,M023,5628.96875,5654.28125,25.3125,0.5498680641518376,0.0
E52_de2c36302e014a6d0284c896,7.460142382655235,15.994052628622484,7.460142382655235,325.41177480357015,364.7238282296769,414.95122905049965,0.1744969638873427,0.009166666666666667,0.007734375000000001,0.19139800555400935,2.3686019944459913,0.9401881232643721,471.74464111328126,0.0,0.0,471.74464111328126,599.4446411132812,3112.134217878747,325.15069580078125,30.0,535.4117748035701,0.0,1,XB01_M023_G00,XB01_M023_G00,XB01,M023,5628.96875,5654.28125,25.3125,7.460142382655235,0.0
E52_e0325aad0b87e7c07e10fc2c,7.552430297211956,5.987785159048158,5.987785159048158,275.1983248954777,294.96932963587483,418.60161500091635,0.15682137892336617,0.009166666666666667,0.007734375000000001,0.17372242059003282,2.3862775794099678,0.9457117435656147,248.53977661132814,11.2877197265625,11.2877197265625,248.53977661132814,376.2397766113281,3139.5121125068727,326.2397766113281,30.0,485.1983248954777,0.0,1,XB01_M023_G00,XB01_M023_G00,XB01,M023,5628.96875,5654.28125,25.3125,5.987785159048158,0.0
E52_e0cd6bab1a22c4530d9a254c,6.3361697965337385,6.471069764274475,6.3361697965337385,260.0402116809159,280.7669201566646,395.72017250733956,0.14852449968212222,0.009166666666666667,0.007734375000000001,0.16542554134878887,2.3945744586512117,0.9483045183285035,248.7205017089844,0.0,0.0,248.7205017089844,376.4205017089844,2967.901293805047,326.4205017089844,30.0,470.0402116809159,0.0,1,XB01_M023_G00,XB01_M023_G00,XB01,M023,5628.96875,5654.28125,25.3125,6.3361697965337385,0.0
E52_ea76d341ab82f2ebc1fa1efe,7.502952914047029,6.056283714240493,6.056283714240493,275.41177480357015,298.05716156301025,414.95122905049965,0.15671484390277482,0.009166666666666667,0.007734375000000001,0.17361588556944146,2.386384114430559,0.9457450357595496,271.74464111328126,0.0,0.0,271.74464111328126,399.44464111328125,3112.134217878747,325.15069580078125,30.0,485.41177480357015,0.0,1,XB01_M023_G00,XB01_M023_G00,XB01,M023,5628.96875,5654.28125,25.3125,6.056283714240493,0.0
E52_eab18c460278cfbad2c20da0,8.410235108460938,7.760329046990023,7.760329046990023,212.31476099060268,226.15454090800176,341.5908424768108,0.12388533452538679,0.009166666666666667,0.007734375000000001,0.14078637619205345,2.419213623807947,0.9560042574399833,166.07735900878907,0.0,0.0,166.07735900878907,293.77735900878906,2561.931318576081,213.8477783203125,30.0,422.3147609906027,0.0,1,XB01_M023_G00,XB01_M023_G00,XB01,M023,5628.96875,5654.28125,25.3125,7.760329046990023,0.0
E52_eb490529b308e18523949520,10.638292773928185,12.235001379754962,10.638292773928185,417.9327582223269,449.8180932544721,644.5535062517828,0.23991836791670462,0.009166666666666667,0.007734375000000001,0.2568194095833713,2.303180590416629,0.9197439345051965,382.6240203857422,0.0,0.0,382.6240203857422,510.3240203857422,4834.151296888371,255.67149353027344,30.0,627.9327582223269,0.0,1,XB01_M023_G00,XB01_M023_G00,XB01,M023,5628.96875,5654.28125,25.3125,10.638292773928185,0.0
E52_eddf192c3626d88d236d26e4,9.182631294759119,17.034187922993553,9.182631294759119,241.72684180786888,260.473536754158,370.9735139380034,0.13850678679446915,0.009166666666666667,0.007734375000000001,0.1554078284611358,2.4045921715388645,0.9514350536058951,224.96033935546876,0.0,0.0,224.96033935546876,352.66033935546875,2782.3013545350254,199.07135009765625,30.0,451.7268418078689,0.0,1,XB01_M023_G00,XB01_M023_G00,XB01,M023,5628.96875,5654.28125,25.3125,9.182631294759119,0.0
E52_ede4029bd5e695a7a0c85289,13.57551664385565,12.925612211179384,12.925612211179384,385.2633482290822,414.4620085074026,595.3347347882426,0.22132921844037454,0.009166666666666667,0.007734375000000001,0.23823026010704118,2.321769739892959,0.9255530437165497,350.38392333984376,0.0,0.0,350.38392333984376,478.08392333984375,4465.010510911819,278.08392333984375,30.0,595.2633482290822,0.0,1,XB01_M023_G00,XB01_M023_G00,XB01,M023,5628.96875,5654.28125,25.3125,12.925612211179384,0.0
E52_ef8fa59407d07a2296b5f591,5.498073925478863,0.3151276047193221,0.3151276047193221,505.85939793409244,540.3898465933535,804.5361039126185,0.29384606362066074,0.009166666666666667,0.007734375000000001,0.3107471052873274,2.249252894712673,0.9028915295977102,414.3653839111328,0.0,0.0,414.3653839111328,542.0653839111328,6034.020779344639,284.8677062988281,30.0,715.8593979340924,0.0,1,XB01_M023_G00,XB01_M023_G00,XB01,M023,5628.96875,5654.28125,25.3125,0.3151276047193221,0.0
E52_f2fabdd802684ffd17ed2273,5.807114779223028,16.925225818485302,5.807114779223028,275.2104023505881,304.60508466259984,374.0527108291059,0.15085104647056902,0.009166666666666667,0.007734375000000001,0.16775208813723566,2.3922479118627646,0.9475774724571139,352.73618774414064,0.0,0.0,352.73618774414064,480.4361877441406,2805.395331218294,291.6474609375,30.0,485.2104023505881,0.0,1,XB01_M023_G00,XB01_M023_G00,XB01,M023,5628.96875,5654.28125,25.3125,5.807114779223028,0.0
E52_fd527d975e1813662620f82c,12.407369814945767,12.45056667278017,12.407369814945767,418.2192341110554,452.9085204066283,628.3027504486734,0.23771876612520712,0.009166666666666667,0.007734375000000001,0.25461980779187376,2.3053801922081267,0.9204313100650394,416.271435546875,0.0,0.0,416.271435546875,543.971435546875,4712.2706283650505,306.8754577636719,30.0,628.2192341110554,0.0,1,XB01_M023_G00,XB01_M023_G00,XB01,M023,5628.96875,5654.28125,25.3125,12.407369814945767,0.0
E52_0c9d91fc306062a18ada9948,5.682714654617925,15.697900697510477,5.682714654617925,331.42241999480143,370.2725110389095,429.7442937249544,0.1787296459836012,0.009166666666666667,0.12568836805555555,0.3135846807058234,2.246415319294177,0.9020047872794302,466.2010925292969,0.0,0.0,466.2010925292969,593.9010925292969,3223.082202937158,326.7436828613281,30.0,541.4224199948014,0.0,1,XB01_M023_G01,XB01_M023_G01,XB01,M023,5661.8125,6073.15625,411.34375,5.682714654617925,0.0
E52_189eb019491ad876aa165071,4.7107574847429134,3.8094716871601975,3.8094716871601975,403.09916814168594,448.35288467407526,534.676037089036,0.21908171065325852,0.009166666666666667,0.12568836805555555,0.3539367453754807,2.20606325462452,0.8893947670701623,543.0445983886718,0.0,0.0,543.0445983886718,670.7445983886719,4010.07027816777,391.87322998046875,30.0,613.0991681416859,0.0,1,XB01_M023_G01,XB01_M023_G01,XB01,M023,5661.8125,6073.15625,411.34375,3.8094716871601975,0.0
E52_1ef47ef68c1879e18ddbb164,9.14173581533629,9.684707827919368,9.14173581533629,525.9457118932837,556.9823492630754,865.6715995678175,0.30964781577290457,0.009166666666666667,0.12568836805555555,0.4445028504951268,2.1154971495048738,0.8610928592202729,372.4396484375,0.0,0.0,372.4396484375,500.1396484375,6492.536996758631,304.7821350097656,30.0,735.9457118932837,0.0,1,XB01_M023_G01,XB01_M023_G01,XB01,M023,5661.8125,6073.15625,411.34375,9.14173581533629,0.0
E52_214ce9a3b3bd3fa9c582335a,6.700573680437259,15.138353346483314,6.700573680437259,331.46735474952504,365.31699057309277,459.8368945576438,0.1830074384559416,0.009166666666666667,0.12568836805555555,0.31786247317816385,2.2421375268218364,0.9006679771318238,406.1956298828125,0.0,0.0,406.1956298828125,533.8956298828125,3448.7767091823284,283.8956298828125,30.0,541.467354749525,0.0,1,XB01_M023_G01,XB01_M023_G01,XB01,M023,5661.8125,6073.15625,411.34375,6.700573680437259,0.0
E52_215ef380a7eb56a6f7d09ab1,13.83018706095794,12.440860913671315,12.440860913671315,437.2780853288336,478.35957590907447,628.0672271762219,0.2444635461376352,0.009166666666666667,0.12568836805555555,0.3793185808598574,2.180681419140143,0.8814629434812946,492.97788696289064,0.0,0.0,492.97788696289064,620.6778869628906,4710.504203821664,324.9881591796875,30.0,647.2780853288336,0.0,1,XB01_M023_G01,XB01_M023_G01,XB01,M023,5661.8125,6073.15625,411.34375,12.440860913671315,0.0
E52_24cc4f01335372459fb4c2ba,11.512851159871033,12.909161020133865,11.512851159871033,410.2633482290822,447.7953418407359,595.3347347882426,0.23022027843265847,0.009166666666666667,0.12568836805555555,0.3650753131548807,2.1949246868451198,0.8859139646390998,450.38392333984376,0.0,0.0,450.38392333984376,578.0839233398438,4465.010510911819,278.08392333984375,30.0,620.2633482290822,0.0,1,XB01_M023_G01,XB01_M023_G01,XB01,M023,5661.8125,6073.15625,411.34375,11.512851159871033,0.0
E52_27bf01e9e990859ae5993708,5.457169743955134,15.932490639468014,5.457169743955134,318.6138217216496,355.0514931287134,418.60161500091635,0.17259630304263499,0.009166666666666667,0.12568836805555555,0.3074513377648572,2.252548662235143,0.9039214569484821,437.25205688476564,0.0,0.0,437.25205688476564,564.9520568847656,3139.5121125068727,326.2397766113281,30.0,528.6138217216496,0.0,1,XB01_M023_G01,XB01_M023_G01,XB01,M023,5661.8125,6073.15625,411.34375,5.457169743955134,0.0
E52_27bf1882d0e1a812c8450c72,4.603440389047222,16.18675851321828,4.603440389047222,334.03154784809436,377.9609795090644,404.48650573036844,0.17608047258726683,0.009166666666666667,0.12568836805555555,0.31093550730948905,2.2490644926905112,0.9028326539657847,527.1531799316406,0.0,0.0,527.1531799316406,654.8531799316406,3033.648792977763,359.1753845214844,30.0,544.0315478480943,0.0,1,XB01_M023_G01,XB01_M023_G01,XB01,M023,5661.8125,6073.15625,411.34375,4.603440389047222,0.0
E52_27fdcb9bc2da20af468e67a1,6.104218633281988,15.630401191469062,6.104218633281988,333.5201066466774,372.5049327982074,433.1312563841751,0.1799553449394086,0.009166666666666667,0.12568836805555555,0.31481037966163083,2.24518962033837,0.9016217563557404,467.8179138183594,0.0,0.0,467.8179138183594,595.5179138183594,3248.4844228813135,322.1230773925781,30.0,543.5201066466774,0.0,1,XB01_M023_G01,XB01_M023_G01,XB01,M023,5661.8125,6073.15625,411.34375,6.104218633281988,0.0
E52_2cea01313b8862fcfb6b2e63,8.362609841558438,16.460055432828085,8.362609841558438,259.5957489704318,280.08528245838755,396.2542970131293,0.148442074342722,0.009166666666666667,0.12568836805555555,0.2832971090649442,2.276702890935056,0.911469653417205,245.87440185546876,0.0,0.0,245.87440185546876,373.57440185546875,2971.90722759847,231.8917236328125,30.0,469.5957489704318,0.0,1,XB01_M023_G01,XB01_M023_G01,XB01,M023,5661.8125,6073.15625,411.34375,8.362609841558438,0.0
E52_2d7a36258a59c18fc6a856bf,4.894869074614363,16.662039037059316,4.894869074614363,318.72117968179435,361.17160743651436,382.73979283526836,0.16755561647288383,0.009166666666666667,0.12568836805555555,0.302410651195106,2.2575893488048946,0.9054966715015293,509.40513305664064,0.0,0.0,509.40513305664064,637.1051330566406,2870.5484462645127,346.4301452636719,30.0,528.7211796817944,0.0,1,XB01_M023_G01,XB01_M023_G01,XB01,M023,5661.8125,6073.15625,411.34375,4.894869074614363,0.0
E52_2dadfb43d7dd9558e21effa9,11.090420741642077,12.85982438864363,11.090420741642077,396.07517918576866,428.1792069974549,599.5261915014202,0.22576797164618329,0.009166666666666667,0.12568836805555555,0.3606230063684055,2.199376993631595,0.8873053105098733,385.2483337402344,0.0,0.0,385.2483337402344,512.9483337402344,4496.446436260651,248.30487060546875,30.0,606.0751791857687,0.0,1,XB01_M023_G01,XB01_M023_G01,XB01,M023,5661.8125,6073.15625,411.34375,11.090420741642077,0.0
E52_2e64690809088e2a96fb2160,8.84699549613201,9.500767968691491,8.84699549613201,523.7789293194231,550.945126524013,884.5606754113072,0.31155234822715455,0.009166666666666667,0.12568836805555555,0.44640738294937676,2.1135926170506236,0.8604976928283198,325.99436645507814,0.0,0.0,325.99436645507814,453.6943664550781,6634.205065584804,329.6845703125,30.0,733.7789293194231,0.0,1,XB01_M023_G01,XB01_M023_G01,XB01,M023,5661.8125,6073.15625,411.34375,8.84699549613201,0.0
E52_357bbbd4dc4420221c875ea3,10.161205222688423,12.241245229232817,10.161205222688423,405.4327582223269,433.1514265878055,644.5535062517828,0.23547283792056264,0.009166666666666667,0.12568836805555555,0.3703278726427849,2.1896721273572157,0.8842725397991298,332.6240203857422,0.0,0.0,332.6240203857422,460.3240203857422,4834.151296888371,255.67149353027344,30.0,615.4327582223269,0.0,1,XB01_M023_G01,XB01_M023_G01,XB01,M023,5661.8125,6073.15625,411.34375,10.161205222688423,0.0
E52_3875f0f2b8e39572338b498b,13.353921106597483,12.654831201135607,12.654831201135607,430.443023323014,471.8276755243487,612.5781334380202,0.23983909257274777,0.009166666666666667,0.12568836805555555,0.37469412729497,2.1853058727050305,0.8829080852203219,496.61582641601564,0.0,0.0,496.61582641601564,624.3158264160156,4594.336000785152,324.3158264160156,30.0,640.443023323014,0.0,1,XB01_M023_G01,XB01_M023_G01,XB01,M023,5661.8125,6073.15625,411.34375,12.654831201135607,0.0
E52_3a94b6482baa2cfaba8a857d,4.751812171973384,16.425448776817632,4.751812171973384,326.01303055755295,369.111023518165,393.4381033514341,0.17166403726355467,0.009166666666666667,0.12568836805555555,0.3065190719857769,2.2534809280142234,0.9042127900044448,517.1759155273437,0.0,0.0,517.1759155273437,644.8759155273438,2950.785775135756,352.4370422363281,30.0,536.013030557553,0.0,1,XB01_M023_G01,XB01_M023_G01,XB01,M023,5661.8125,6073.15625,411.34375,4.751812171973384,0.0
E52_413d3eff5d481ef66f8d3068,8.81706545997669,9.493762996477216,8.81706545997669,548.7789293194231,584.2784598573463,884.5606754113072,0.3204434082194385,0.009166666666666667,0.12568836805555555,0.4552984429416607,2.10470155705834,0.857719236580731,425.99436645507814,0.0,0.0,425.99436645507814,553.6943664550781,6634.205065584804,329.6845703125,30.0,758.7789293194231,0.0,1,XB01_M023_G01,XB01_M023_G01,XB01,M023,5661.8125,6073.15625,411.34375,8.81706545997669,0.0
E52_4cf0fac9feb721651efb2830,6.998212924039663,17.82597875173802,6.998212924039663,242.69354898018014,267.32891198677197,337.5749199208095,0.13412057160327687,0.009166666666666667,0.12568836805555555,0.2689756063254991,2.291024393674501,0.9159451230232816,295.6243560791016,0.0,0.0,295.6243560791016,423.32435607910156,2531.8118994060715,217.31182861328125,30.0,452.69354898018014,0.0,1,XB01_M023_G01,XB01_M023_G01,XB01,M023,5661.8125,6073.15625,411.34375,6.998212924039663,0.0
E52_4d215302190bc5bfb29bf912,3.785853652478636,16.37371485667674,3.785853652478636,307.50969179304633,343.7570581260541,397.53518558804575,0.1656637075427803,0.009166666666666667,0.12568836805555555,0.3005187422650025,2.259481257734998,0.9060878930421867,434.96839599609376,0.0,0.0,434.96839599609376,562.6683959960938,2981.5138919103433,336.56707763671875,30.0,517.5096917930464,0.0,1,XB01_M023_G01,XB01_M023_G01,XB01,M023,5661.8125,6073.15625,411.34375,3.785853652478636,0.0
E52_50c718ca7f326f764494c89d,14.334642037780668,13.080943299176411,13.080943299176411,350.85355156655817,370.1881015340061,585.6998033284289,0.20772710552759727,0.009166666666666667,0.12568836805555555,0.3425821402498195,2.217417859750181,0.8929430811719314,232.014599609375,0.0,0.0,232.014599609375,359.714599609375,4392.748524963216,275.29461669921875,30.0,560.8535515665582,0.0,1,XB01_M023_G01,XB01_M023_G01,XB01,M023,5661.8125,6073.15625,411.34375,13.080943299176411,0.0
E52_515a3b7c8d98426ee13f2b4e,7.786538932173912,17.07508762021844,7.786538932173912,242.68536134104386,262.0561394884234,369.14605379781034,0.13858886614696947,0.009166666666666667,0.12568836805555555,0.2734439008691917,2.286556099130809,0.9145487809783777,232.4493377685547,0.0,0.0,232.4493377685547,360.1493377685547,2768.5954034835777,210.1493377685547,30.0,452.68536134104386,0.0,1,XB01_M023_G01,XB01_M023_G01,XB01,M023,5661.8125,6073.15625,411.34375,7.786538932173912,0.0
E52_60b76d98beea93305f35c25d,7.924907482409168,16.79058398580294,7.924907482409168,271.8613885249859,299.0873836523459,380.3668062858116,0.15055421784231732,0.009166666666666667,0.12568836805555555,0.28540925256453953,2.274590747435461,0.9108096085735814,326.7119415283203,0.0,0.0,326.7119415283203,454.4119415283203,2852.751047143587,241.2421875,30.0,481.8613885249859,0.0,1,XB01_M023_G01,XB01_M023_G01,XB01,M023,5661.8125,6073.15625,411.34375,7.924907482409168,0.0
E52_68694062ed2e2e792aeb51a9,5.8056357366346845,17.695890544520793,5.8056357366346845,262.3147609906027,292.8212075746684,341.5908424768108,0.1416674545099547,0.009166666666666667,0.12568836805555555,0.2765224892321769,2.2834775107678236,0.9135867221149447,366.0773590087891,0.0,0.0,366.0773590087891,493.77735900878906,2561.931318576081,213.8477783203125,30.0,472.3147609906027,0.0,1,XB01_M023_G01,XB01_M023_G01,XB01,M023,5661.8125,6073.15625,411.34375,5.8056357366346845,0.0
E52_7547086a1218012670f76a62,1.72450856648004,2.277872015791573,1.72450856648004,370.7957901832663,387.27013608984186,642.7455049270795,0.2228984084752749,0.009166666666666667,0.12568836805555555,0.35775344319749713,2.2022465568025034,0.8882020490007821,197.69215087890626,0.0,0.0,197.69215087890626,325.39215087890625,4820.591286953097,275.39215087890625,30.0,580.7957901832663,0.0,1,XB01_M023_G01,XB01_M023_G01,XB01,M023,5661.8125,6073.15625,411.34375,1.72450856648004,0.0
E52_76b4f0bdabd1ccab126282dd,7.552690382552015,17.180198899819032,7.552690382552015,244.7670432960008,265.6078646257534,364.489158613486,0.13866967590706417,0.009166666666666667,0.12568836805555555,0.2735247106292864,2.2864752893707143,0.914523527928348,250.08985595703126,0.0,0.0,250.08985595703126,377.78985595703125,2733.6686896011447,241.2421875,30.0,454.7670432960008,0.0,1,XB01_M023_G01,XB01_M023_G01,XB01,M023,5661.8125,6073.15625,411.34375,7.552690382552015,0.0
E52_7e5f4a4eaf9aa5b10576997a,10.7721571193441,13.086620585622072,10.7721571193441,384.11958913832314,414.7999833745699,584.1568128591658,0.21933939564120059,0.009166666666666667,0.12568836805555555,0.3541944303634228,2.2058055696365777,0.8893142405114304,368.16473083496095,0.0,0.0,368.16473083496095,495.86473083496094,4381.1760964437435,247.829345703125,30.0,594.1195891383231,0.0,1,XB01_M023_G01,XB01_M023_G01,XB01,M023,5661.8125,6073.15625,411.34375,10.7721571193441,0.0
E52_82c821a5773d0bfbe554f10a,8.226809702901718,11.397135806608844,8.226809702901718,512.9354114719376,566.0737563002253,707.0407539741487,0.2825549862639304,0.009166666666666667,0.12568836805555555,0.4174100209861526,2.142589979013848,0.8695593684418274,637.6601379394531,0.0,0.0,637.6601379394531,765.3601379394531,5302.805654806116,465.3601379394531,30.0,722.9354114719376,0.0,1,XB01_M023_G01,XB01_M023_G01,XB01,M023,5661.8125,6073.15625,411.34375,8.226809702901718,0.0
E52_831cee7e7a3a549796e42b18,9.382165744024064,10.042846261792022,9.382165744024064,524.445203057942,560.9167693217765,830.061008532876,0.3040708837654974,0.009166666666666667,0.12568836805555555,0.4389259184877196,2.121074081512281,0.8628356504725876,437.65879516601564,0.0,0.0,437.65879516601564,565.3587951660156,6225.457563996571,359.5916748046875,30.0,734.445203057942,0.0,1,XB01_M023_G01,XB01_M023_G01,XB01,M023,5661.8125,6073.15625,411.34375,9.382165744024064,0.0
E52_88c1c7aba1fcf94c58dad20e,8.834115522528307,9.497510042154289,8.834115522528307,536.2789293194231,567.6117931906797,884.5606754113072,0.3159978782232965,0.009166666666666667,0.12568836805555555,0.4508529129455187,2.109147087054482,0.8591084647045254,375.99436645507814,0.0,0.0,375.99436645507814,503.6943664550781,6634.205065584804,329.6845703125,30.0,746.2789293194231,0.0,1,XB01_M023_G01,XB01_M023_G01,XB01,M023,5661.8125,6073.15625,411.34375,8.834115522528307,0.0
E52_8ca7795ffa642a3b129c0a3d,5.700721261922126,15.730152054416479,5.700721261922126,330.94608252023,369.9122522589995,428.0951466078428,0.17832668261553564,0.009166666666666667,0.12568836805555555,0.31318171733775785,2.2468182826622427,0.9021307133319507,467.5940368652344,0.0,0.0,467.5940368652344,595.2940368652344,3210.713599558821,335.390380859375,30.0,540.94608252023,0.0,1,XB01_M023_G01,XB01_M023_G01,XB01,M023,5661.8125,6073.15625,411.34375,5.700721261922126,0.0
E52_8d375985c45fff9288668cb3,1.809977176063029,16.222123863058812,1.809977176063029,353.99602207193686,405.21742048909175,400.663653640944,0.182639281392285,0.009166666666666667,0.12568836805555555,0.3174943161145072,2.2425056838854935,0.9007830262142165,614.6567810058593,0.0,0.0,614.6567810058593,742.3567810058594,3004.97740230708,442.3567810058594,30.0,563.9960220719369,0.0,1,XB01_M023_G01,XB01_M023_G01,XB01,M023,5661.8125,6073.15625,411.34375,1.809977176063029,0.0
E52_924cec2d58c933358893a332,10.624413809800686,12.302862284422105,10.624413809800686,416.670444788364,448.9844576972996,639.4568121231148,0.23874762537865796,0.009166666666666667,0.12568836805555555,0.37360266010088017,2.1863973398991203,0.8832491687184749,387.7681549072266,0.0,0.0,387.7681549072266,515.4681549072266,4795.926090923361,252.644287109375,30.0,626.670444788364,0.0,1,XB01_M023_G01,XB01_M023_G01,XB01,M023,5661.8125,6073.15625,411.34375,10.624413809800686,0.0
E52_96da4f081c74d8211b4b244f,11.344550318144897,12.47027426673894,11.344550318144897,406.4445801679392,437.368205859671,627.3474061854878,0.23339590098708082,0.009166666666666667,0.12568836805555555,0.368250935709303,2.1917490642906974,0.8849215825908429,371.08350830078126,0.0,0.0,371.08350830078126,498.78350830078125,4705.105546391158,251.37640380859375,30.0,616.4445801679392,0.0,1,XB01_M023_G01,XB01_M023_G01,XB01,M023,5661.8125,6073.15625,411.34375,11.344550318144897,0.0
E52_a3836b1674b2d70f748125c1,6.57521379218305,18.388582284998307,6.57521379218305,238.77143733771516,265.74771093797557,315.68523307386783,0.1296256139323784,0.009166666666666667,0.12568836805555555,0.26448064865460064,2.2955193513454,0.9173497972954373,323.715283203125,0.0,0.0,323.715283203125,451.415283203125,2367.639248054009,217.29420471191406,30.0,448.77143733771516,0.0,1,XB01_M023_G01,XB01_M023_G01,XB01,M023,5661.8125,6073.15625,411.34375,6.57521379218305,0.0
E52_aaa387ee3ee3170bd804334d,0.0961803787852773,18.409477866986336,0.0961803787852773,263.5215778829557,299.2286101502083,312.8009621623957,0.13801933350380158,0.009166666666666667,0.12568836805555555,0.2728743682260238,2.2871256317739768,0.9147267599293676,428.48438720703126,0.0,0.0,428.48438720703126,556.1843872070312,2346.0072162179677,386.9435729980469,30.0,473.5215778829557,0.0,1,XB01_M023_G01,XB01_M023_G01,XB01,M023,5661.8125,6073.15625,411.34375,0.0961803787852773,0.0
E52_b544b4d7beda1d6ed7fbeefb,5.48852053666009,16.252686834440453,5.48852053666009,293.91354735972715,324.49113296153376,404.3615811086144,0.16179511839250177,0.009166666666666667,0.12568836805555555,0.296650153114724,2.2633498468852764,0.9072968271516487,366.9310272216797,0.0,0.0,366.9310272216797,494.6310272216797,3032.711858314608,277.91845703125,30.0,503.91354735972715,0.0,1,XB01_M023_G01,XB01_M023_G01,XB01,M023,5661.8125,6073.15625,411.34375,5.48852053666009,0.0
E52_b60e4d2a4cdcd5801a5d757f,5.286593515944801,16.480566458341656,5.286593515944801,308.26023760270465,345.626388522301,392.32356968783114,0.16519254750221457,0.009166666666666667,0.12568836805555555,0.3000475822244368,2.2599524177755637,0.9062351305548635,448.39381103515626,0.0,0.0,448.39381103515626,576.0938110351562,2942.4267726587336,326.2397766113281,30.0,518.2602376027046,0.0,1,XB01_M023_G01,XB01_M023_G01,XB01,M023,5661.8125,6073.15625,411.34375,5.286593515944801,0.0
E52_b6789310c1ab16898a769b78,15.706200065217104,2.625622464396969,2.625622464396969,372.38145547243056,389.4038741939475,617.4514627840539,0.21924054354678854,0.009166666666666667,0.12568836805555555,0.3540955782690107,2.20590442173099,0.8893451317909341,225.84925537109376,21.580230712890625,21.580230712890625,225.84925537109376,353.54925537109375,4630.885970880404,303.54925537109375,30.0,582.3814554724306,0.0,1,XB01_M023_G01,XB01_M023_G01,XB01,M023,5661.8125,6073.15625,411.34375,2.625622464396969,0.0
E52_be69bdf55826f2eb34075d09,12.089343064167153,12.029424972929434,12.029424972929434,457.6877788138426,500.48965717077624,658.5642874860837,0.25604119113741575,0.009166666666666667,0.12568836805555555,0.39089622585963796,2.1691037741403627,0.8778449294188632,513.6225402832031,0.0,0.0,513.6225402832031,641.3225402832031,4939.232156145627,341.3225402832031,30.0,667.6877788138427,0.0,1,XB01_M023_G01,XB01_M023_G01,XB01,M023,5661.8125,6073.15625,411.34375,12.029424972929434,0.0
E52_bfffb2993ede6e2e2bd9340b,14.028371400881156,13.053008949478723,13.053008949478723,400.85355156655817,436.85476820067277,585.6998033284289,0.22550922551216515,0.009166666666666667,0.12568836805555555,0.3603642602343874,2.199635739765613,0.8873861686767539,432.014599609375,0.0,0.0,432.014599609375,559.714599609375,4392.748524963216,275.29461669921875,30.0,610.8535515665582,0.0,1,XB01_M023_G01,XB01_M023_G01,XB01,M023,5661.8125,6073.15625,411.34375,13.053008949478723,0.0
E52_c0294c7ff44d44fc4ede8d97,5.006362490083006,16.7256600789149,5.006362490083006,316.70783025924425,358.9570632507807,379.92026256926977,0.16644027302831577,0.009166666666666667,0.12568836805555555,0.301295307750538,2.2587046922494625,0.9058452163279569,506.9907958984375,0.0,0.0,506.9907958984375,634.6907958984375,2849.4019692695233,334.6907958984375,30.0,526.7078302592442,0.0,1,XB01_M023_G01,XB01_M023_G01,XB01,M023,5661.8125,6073.15625,411.34375,5.006362490083006,0.0
E52_c98d1e580ba9a8920eeacbdb,9.033931249057517,9.995636820319618,9.033931249057517,531.3190315479533,569.3529452238973,834.4345810402425,0.30713490815373307,0.009166666666666667,0.12568836805555555,0.4419899428759553,2.118010057124045,0.861878142851264,456.40696411132814,0.0,0.0,456.40696411132814,584.1069641113281,6258.259357801819,362.73199462890625,30.0,741.3190315479533,0.0,1,XB01_M023_G01,XB01_M023_G01,XB01,M023,5661.8125,6073.15625,411.34375,9.033931249057517,0.0
E52_d22cbe82615c6d2ee0ebf49f,5.6791610470501865,15.758568264926964,5.6791610470501865,318.17309843891866,352.9726015110215,427.5491784452201,0.1737067461230003,0.009166666666666667,0.12568836805555555,0.3085617808452225,2.251438219154778,0.903574443485868,417.5940368652344,0.0,0.0,417.5940368652344,545.2940368652344,3206.618838339151,335.390380859375,30.0,528.1730984389187,0.0,1,XB01_M023_G01,XB01_M023_G01,XB01,M023,5661.8125,6073.15625,411.34375,5.6791610470501865,0.0
E52_d3460088443e86b69235cf2f,10.986618148676953,10.110906533633653,10.110906533633653,520.9986937965015,557.4049117530444,823.5600798537452,0.3019244763287566,0.009166666666666667,0.12568836805555555,0.4367795110509788,2.1232204889490216,0.8635064027965691,436.87461547851564,0.0,0.0,436.87461547851564,564.5746154785156,6176.700598903089,276.8628845214844,30.0,730.9986937965015,0.0,1,XB01_M023_G01,XB01_M023_G01,XB01,M023,5661.8125,6073.15625,411.34375,10.110906533633653,0.0
E52_d6d1511afdebb88632549a71,2.4694159507623397,16.177909036830457,2.4694159507623397,342.76879390848103,389.67749650450963,404.08537224079015,0.1791309979165653,0.009166666666666667,0.12568836805555555,0.31398603263878755,2.246013967361213,0.9018793648003789,562.9044311523437,0.0,0.0,562.9044311523437,690.6044311523438,3030.640291805926,390.60443115234375,30.0,552.768793908481,0.0,1,XB01_M023_G01,XB01_M023_G01,XB01,M023,5661.8125,6073.15625,411.34375,2.4694159507623397,0.0
E52_d7f1f5d49edaa9f52000c452,11.569253065446404,12.917919470378578,11.569253065446404,397.7633482290822,431.12867517406926,595.3347347882426,0.22577474843651651,0.009166666666666667,0.12568836805555555,0.3606297831587387,2.199370216841262,0.8873031927628942,400.38392333984376,0.0,0.0,400.38392333984376,528.0839233398438,4465.010510911819,278.08392333984375,30.0,607.7633482290822,0.0,1,XB01_M023_G01,XB01_M023_G01,XB01,M023,5661.8125,6073.15625,411.34375,11.569253065446404,0.0
E52_dbe1bedc9b83d29f34556dbd,10.319763659808586,13.016499113861627,10.319763659808586,387.86022911882606,419.0031732004504,588.862793747906,0.22133620210273125,0.009166666666666667,0.12568836805555555,0.35619123682495346,2.203808763175047,0.8886902384922021,373.7153289794922,0.0,0.0,373.7153289794922,501.4153289794922,4416.470953109295,232.19436645507812,30.0,597.860229118826,0.0,1,XB01_M023_G01,XB01_M023_G01,XB01,M023,5661.8125,6073.15625,411.34375,10.319763659808586,0.0
E52_dbec4f1422e98765afb262aa,4.439539268577306,16.38523852602286,4.439539268577306,322.5402116809159,364.1002534899979,395.72017250733956,0.1707521496628321,0.009166666666666667,0.12568836805555555,0.3056071843850543,2.2543928156149464,0.9044977548796705,498.7205017089844,0.0,0.0,498.7205017089844,626.4205017089844,2967.901293805047,326.4205017089844,30.0,532.540211680916,0.0,1,XB01_M023_G01,XB01_M023_G01,XB01,M023,5661.8125,6073.15625,411.34375,4.439539268577306,0.0
E52_de2c36302e014a6d0284c896,5.398324716346508,15.994052628622484,5.398324716346508,325.41177480357015,364.7238282296769,414.95122905049965,0.1744969638873427,0.009166666666666667,0.12568836805555555,0.3093519986095649,2.2506480013904357,0.9033275004345109,471.74464111328126,0.0,0.0,471.74464111328126,599.4446411132812,3112.134217878747,325.15069580078125,30.0,535.4117748035701,0.0,1,XB01_M023_G01,XB01_M023_G01,XB01,M023,5661.8125,6073.15625,411.34375,5.398324716346508,0.0
E52_eab18c460278cfbad2c20da0,5.839199789598638,7.760329046990023,5.839199789598638,212.31476099060268,226.15454090800176,341.5908424768108,0.12388533452538679,0.009166666666666667,0.12568836805555555,0.258740369247609,2.3012596307523916,0.9191436346101222,166.07735900878907,0.0,0.0,166.07735900878907,293.77735900878906,2561.931318576081,213.8477783203125,30.0,422.3147609906027,0.0,1,XB01_M023_G01,XB01_M023_G01,XB01,M023,5661.8125,6073.15625,411.34375,5.839199789598638,0.0
E52_eb490529b308e18523949520,10.128050036405611,12.235001379754962,10.128050036405611,417.9327582223269,449.8180932544721,644.5535062517828,0.23991836791670462,0.009166666666666667,0.12568836805555555,0.37477340263892683,2.1852265973610736,0.8828833116753354,382.6240203857422,0.0,0.0,382.6240203857422,510.3240203857422,4834.151296888371,255.67149353027344,30.0,627.9327582223269,0.0,1,XB01_M023_G01,XB01_M023_G01,XB01,M023,5661.8125,6073.15625,411.34375,10.128050036405611,0.0
E52_eddf192c3626d88d236d26e4,6.44782069450909,17.034187922993553,6.44782069450909,241.72684180786888,260.473536754158,370.9735139380034,0.13850678679446915,0.009166666666666667,0.12568836805555555,0.27336182151669136,2.286638178483309,0.914574430776034,224.96033935546876,0.0,0.0,224.96033935546876,352.66033935546875,2782.3013545350254,199.07135009765625,30.0,451.7268418078689,0.0,1,XB01_M023_G01,XB01_M023_G01,XB01,M023,5661.8125,6073.15625,411.34375,6.44782069450909,0.0
E52_ede4029bd5e695a7a0c85289,11.61837266330636,12.925612211179384,11.61837266330636,385.2633482290822,414.4620085074026,595.3347347882426,0.22132921844037454,0.009166666666666667,0.12568836805555555,0.3561842531625967,2.203815746837404,0.8886924208866885,350.38392333984376,0.0,0.0,350.38392333984376,478.08392333984375,4465.010510911819,278.08392333984375,30.0,595.2633482290822,0.0,1,XB01_M023_G01,XB01_M023_G01,XB01,M023,5661.8125,6073.15625,411.34375,11.61837266330636,0.0
E52_fd527d975e1813662620f82c,11.639873585239812,12.45056667278017,11.639873585239812,418.2192341110554,452.9085204066283,628.3027504486734,0.23771876612520712,0.009166666666666667,0.12568836805555555,0.3725738008474293,2.187426199152571,0.8835706872351783,416.271435546875,0.0,0.0,416.271435546875,543.971435546875,4712.2706283650505,306.8754577636719,30.0,628.2192341110554,0.0,1,XB01_M023_G01,XB01_M023_G01,XB01,M023,5661.8125,6073.15625,411.34375,11.639873585239812,0.0
E52_01234cac2d25748209cb57e8,7.6009307762344065,5.963634638729843,5.963634638729843,275.78386787661753,295.55487261701467,419.772700963196,0.15719547582798327,0.009166666666666667,0.007743923611111111,0.17410606610576104,2.3858939338942395,0.9455918543419497,248.53977661132814,11.2877197265625,11.2877197265625,248.53977661132814,376.2397766113281,3148.2952572239697,326.2397766113281,30.0,485.78386787661753,0.0,1,XB01_M023_G02,XB01_M023_G02,XB01,M023,6080.65625,6106.0,25.34375,5.963634638729843,0.0
E52_060143e4033ea7dfc142ce26,3.752776100905237,13.051384290227645,3.752776100905237,390.52156568077555,422.97629514244545,586.3147545915316,0.2219218246513189,0.009166666666666667,0.007743923611111111,0.23883241492909668,2.3211675850709037,0.9253648703346573,389.4567535400391,0.0,0.0,389.4567535400391,517.1567535400391,4397.360659436487,293.1027526855469,30.0,600.5215656807756,0.0,1,XB01_M023_G02,XB01_M023_G02,XB01,M023,6080.65625,6106.0,25.34375,3.752776100905237,0.0
E52_06eb0baa948af7ff52881bcf,6.175422324990649,16.258674653736037,6.175422324990649,296.7597053393259,328.36499963050426,403.88764493158146,0.16274021246714285,0.009166666666666667,0.007743923611111111,0.17965080274492062,2.3803491972550797,0.9438591241422123,379.26353149414064,0.0,0.0,379.26353149414064,506.9635314941406,3029.157336986861,306.9635314941406,30.0,506.7597053393259,0.0,1,XB01_M023_G02,XB01_M023_G02,XB01,M023,6080.65625,6106.0,25.34375,6.175422324990649,0.0
E52_0c56c0f390b777971f9a7e58,1.0773501741438452,2.1743859331465814,1.0773501741438452,461.3120930283848,507.24512830670517,647.0259743868478,0.2556960576036008,0.009166666666666667,0.007743923611111111,0.27260664788137856,2.287393352118622,0.9148104225370692,551.1964233398437,0.0,0.0,551.1964233398437,678.8964233398438,4852.694807901358,431.4708251953125,30.0,671.3120930283849,0.0,1,XB01_M023_G02,XB01_M023_G02,XB01,M023,6080.65625,6106.0,25.34375,1.0773501741438452,0.0
E52_0c9d91fc306062a18ada9948,7.762349366833391,15.697900697510477,7.762349366833391,331.42241999480143,370.2725110389095,429.7442937249544,0.1787296459836012,0.009166666666666667,0.007743923611111111,0.19564023626137897,2.3643597637386216,0.938862426168319,466.2010925292969,0.0,0.0,466.2010925292969,593.9010925292969,3223.082202937158,326.7436828613281,30.0,541.4224199948014,0.0,1,XB01_M023_G02,XB01_M023_G02,XB01,M023,6080.65625,6106.0,25.34375,7.762349366833391,0.0
E52_0f45fcab7c66cb90fa618929,2.8732662450805293,12.721246579688795,2.8732662450805293,427.8988653120833,469.21977900837237,607.8722484464322,0.23826781941132907,0.009166666666666667,0.007743923611111111,0.2551784096891068,2.3048215903108935,0.9202567469721541,495.85096435546876,0.0,0.0,495.85096435546876,623.5509643554688,4559.041863348241,326.6978454589844,30.0,637.8988653120832,0.0,1,XB01_M023_G02,XB01_M023_G02,XB01,M023,6080.65625,6106.0,25.34375,2.8732662450805293,0.0
E52_0fa03b8d9ed736d48919c1b7,3.298110555136887,11.555158541579928,3.298110555136887,469.53189880990186,510.00510285042924,696.2245733766397,0.2655870342753843,0.009166666666666667,0.007743923611111111,0.2824976245531621,2.277502375446838,0.9117194923271369,485.67844848632814,0.0,0.0,485.67844848632814,613.3784484863281,5221.684300324798,318.1667785644531,30.0,679.5318988099018,0.0,1,XB01_M023_G02,XB01_M023_G02,XB01,M023,6080.65625,6106.0,25.34375,3.298110555136887,0.0
E52_12b142f00e8cb4e3948f96c2,3.4138205058022066,12.991659521749298,3.4138205058022066,402.5936730780369,438.4739485500421,589.9056933240425,0.22672373828986628,0.009166666666666667,0.007743923611111111,0.24363432856764405,2.3163656714323566,0.9238642723226113,430.5633056640625,0.0,0.0,430.5633056640625,558.2633056640625,4424.292699930319,284.7546081542969,30.0,612.5936730780369,0.0,1,XB01_M023_G02,XB01_M023_G02,XB01,M023,6080.65625,6106.0,25.34375,3.4138205058022066,0.0
E52_189eb019491ad876aa165071,6.054049110484513,3.8094716871601975,3.8094716871601975,403.09916814168594,448.35288467407526,534.676037089036,0.21908171065325852,0.009166666666666667,0.007743923611111111,0.2359923009310363,2.3240076990689644,0.9262524059590511,543.0445983886718,0.0,0.0,543.0445983886718,670.7445983886719,4010.07027816777,391.87322998046875,30.0,613.0991681416859,0.0,1,XB01_M023_G02,XB01_M023_G02,XB01,M023,6080.65625,6106.0,25.34375,3.8094716871601975,0.0
E52_1eac4bbcd37cec5d48241661,7.547532553105171,6.04580255430777,6.04580255430777,275.66392246828667,298.30930922772677,415.4555243799327,0.1568759382441215,0.009166666666666667,0.007743923611111111,0.17378652852189927,2.386213471478101,0.9456917098369064,271.74464111328126,0.0,0.0,271.74464111328126,399.44464111328125,3115.9164328494953,326.2397766113281,30.0,485.66392246828667,0.0,1,XB01_M023_G02,XB01_M023_G02,XB01,M023,6080.65625,6106.0,25.34375,6.04580255430777,0.0
E52_1ef47ef68c1879e18ddbb164,7.544971771125816,9.684707827919368,7.544971771125816,525.9457118932837,556.9823492630754,865.6715995678175,0.30964781577290457,0.009166666666666667,0.007743923611111111,0.3265584060506823,2.233441593949318,0.8979504981091617,372.4396484375,0.0,0.0,372.4396484375,500.1396484375,6492.536996758631,304.7821350097656,30.0,735.9457118932837,0.0,1,XB01_M023_G02,XB01_M023_G02,XB01,M023,6080.65625,6106.0,25.34375,7.544971771125816,0.0
E52_214ce9a3b3bd3fa9c582335a,8.95168495994001,15.138353346483314,8.95168495994001,331.46735474952504,365.31699057309277,459.8368945576438,0.1830074384559416,0.009166666666666667,0.007743923611111111,0.1999180287337194,2.3600819712662813,0.9375256160207127,406.1956298828125,0.0,0.0,406.1956298828125,533.8956298828125,3448.7767091823284,283.8956298828125,30.0,541.467354749525,0.0,1,XB01_M023_G02,XB01_M023_G02,XB01,M023,6080.65625,6106.0,25.34375,8.95168495994001,0.0
E52_215ef380a7eb56a6f7d09ab1,14.362024832612263,12.440860913671315,12.440860913671315,437.2780853288336,478.35957590907447,628.0672271762219,0.2444635461376352,0.009166666666666667,0.007743923611111111,0.26137413641541296,2.2986258635845873,0.9183205823701834,492.97788696289064,0.0,0.0,492.97788696289064,620.6778869628906,4710.504203821664,324.9881591796875,30.0,647.2780853288336,0.0,1,XB01_M023_G02,XB01_M023_G02,XB01,M023,6080.65625,6106.0,25.34375,12.440860913671315,0.0
E52_231555d7070bcf1a0911e332,7.499057657989866,5.981962334569488,5.981962334569488,303.4113952968874,335.0249979987103,417.14117438283733,0.1669828432889251,0.009166666666666667,0.007743923611111111,0.18389343356670287,2.3761065664332977,0.9425333020104053,379.363232421875,0.0,0.0,379.363232421875,507.063232421875,3128.55880787128,326.2397766113281,30.0,513.4113952968873,0.0,1,XB01_M023_G02,XB01_M023_G02,XB01,M023,6080.65625,6106.0,25.34375,5.981962334569488,0.0
E52_231de36c6439da832299e30f,3.5037684401175397,16.451156269229884,3.5037684401175397,336.2639482811268,383.1573412254627,391.1675388962379,0.1749881335365896,0.009166666666666667,0.007743923611111111,0.19189872381436737,2.3681012761856333,0.9400316488080102,562.7207153320312,0.0,0.0,562.7207153320312,690.4207153320312,2933.7565417217843,390.42071533203125,30.0,546.2639482811268,0.0,1,XB01_M023_G02,XB01_M023_G02,XB01,M023,6080.65625,6106.0,25.34375,3.5037684401175397,0.0
E52_246111a1ef063bec9e89ec9e,3.4765982226572447,13.03223549741864,3.4765982226572447,413.11352328410356,453.07003166626504,586.4879962752384,0.22998101771643822,0.009166666666666667,0.007743923611111111,0.246891607994216,2.3131083920057844,0.9228463725018075,479.4781005859375,0.0,0.0,479.4781005859375,607.1781005859375,4398.659972064288,469.28277587890625,30.0,623.1135232841036,0.0,1,XB01_M023_G02,XB01_M023_G02,XB01,M023,6080.65625,6106.0,25.34375,3.4765982226572447,0.0
E52_24cc4f01335372459fb4c2ba,13.4751716365232,12.909161020133865,12.909161020133865,410.2633482290822,447.7953418407359,595.3347347882426,0.23022027843265847,0.009166666666666667,0.007743923611111111,0.24713086871043624,2.312869131289564,0.9227716035279887,450.38392333984376,0.0,0.0,450.38392333984376,578.0839233398438,4465.010510911819,278.08392333984375,30.0,620.2633482290822,0.0,1,XB01_M023_G02,XB01_M023_G02,XB01,M023,6080.65625,6106.0,25.34375,12.909161020133865,0.0
E52_24db349315b2a6b84dd4215d,8.366738152374637,5.686957833295324,5.686957833295324,283.5201066466774,305.8382661315407,433.1312563841751,0.1621732249548407,0.009166666666666667,0.007743923611111111,0.1790838152326185,2.380916184767382,0.9440363077398067,267.8179138183594,0.0,0.0,267.8179138183594,395.5179138183594,3248.4844228813135,322.1230773925781,30.0,493.5201066466774,0.0,1,XB01_M023_G02,XB01_M023_G02,XB01,M023,6080.65625,6106.0,25.34375,5.686957833295324,0.0
E52_27bf01e9e990859ae5993708,7.516678037805164,15.932490639468014,7.516678037805164,318.6138217216496,355.0514931287134,418.60161500091635,0.17259630304263499,0.009166666666666667,0.007743923611111111,0.18950689332041276,2.3704931066795876,0.940779095837371,437.25205688476564,0.0,0.0,437.25205688476564,564.9520568847656,3139.5121125068727,326.2397766113281,30.0,528.6138217216496,0.0,1,XB01_M023_G02,XB01_M023_G02,XB01,M023,6080.65625,6106.0,25.34375,7.516678037805164,0.0
E52_27bf1882d0e1a812c8450c72,6.471788930965204,16.18675851321828,6.471788930965204,334.03154784809436,377.9609795090644,404.48650573036844,0.17608047258726683,0.009166666666666667,0.007743923611111111,0.1929910628650446,2.367008937134956,0.9396902928546735,527.1531799316406,0.0,0.0,527.1531799316406,654.8531799316406,3033.648792977763,359.1753845214844,30.0,544.0315478480943,0.0,1,XB01_M023_G02,XB01_M023_G02,XB01,M023,6080.65625,6106.0,25.34375,6.471788930965204,0.0
E52_27fdcb9bc2da20af468e67a1,8.315740536315062,15.630401191469062,8.315740536315062,333.5201066466774,372.5049327982074,433.1312563841751,0.1799553449394086,0.009166666666666667,0.007743923611111111,0.19686593521718637,2.3631340647828143,0.9384793952446293,467.8179138183594,0.0,0.0,467.8179138183594,595.5179138183594,3248.4844228813135,322.1230773925781,30.0,543.5201066466774,0.0,1,XB01_M023_G02,XB01_M023_G02,XB01,M023,6080.65625,6106.0,25.34375,8.315740536315062,0.0
E52_29c9aa5399273a7ee24bceb6,3.6027970595988705,11.583777919859742,3.6027970595988705,451.9321692173844,486.7995103225277,694.6602918039094,0.2591062855773863,0.009166666666666667,0.007743923611111111,0.27601687585516405,2.2839831241448363,0.9137447262952613,418.40809326171876,0.0,0.0,418.40809326171876,546.1080932617188,5209.952188529321,322.9142761230469,30.0,661.9321692173844,0.0,1,XB01_M023_G02,XB01_M023_G02,XB01,M023,6080.65625,6106.0,25.34375,3.6027970595988705,0.0
E52_2cea01313b8862fcfb6b2e63,12.339472036720096,16.460055432828085,12.339472036720096,259.5957489704318,280.08528245838755,396.2542970131293,0.148442074342722,0.009166666666666667,0.007743923611111111,0.16535266462049977,2.3946473353795006,0.9483272923060938,245.87440185546876,0.0,0.0,245.87440185546876,373.57440185546875,2971.90722759847,231.8917236328125,30.0,469.5957489704318,0.0,1,XB01_M023_G02,XB01_M023_G02,XB01,M023,6080.65625,6106.0,25.34375,12.339472036720096,0.0
E52_2d7a36258a59c18fc6a856bf,6.9346279766117505,16.662039037059316,6.9346279766117505,318.72117968179435,361.17160743651436,382.73979283526836,0.16755561647288383,0.009166666666666667,0.007743923611111111,0.1844662067506616,2.375533793249339,0.9423543103904183,509.40513305664064,0.0,0.0,509.40513305664064,637.1051330566406,2870.5484462645127,346.4301452636719,30.0,528.7211796817944,0.0,1,XB01_M023_G02,XB01_M023_G02,XB01,M023,6080.65625,6106.0,25.34375,6.9346279766117505,0.0
E52_2dadfb43d7dd9558e21effa9,12.816807043702156,12.85982438864363,12.816807043702156,396.07517918576866,428.1792069974549,599.5261915014202,0.22576797164618329,0.009166666666666667,0.007743923611111111,0.24267856192396106,2.3173214380760396,0.9241629493987622,385.2483337402344,0.0,0.0,385.2483337402344,512.9483337402344,4496.446436260651,248.30487060546875,30.0,606.0751791857687,0.0,1,XB01_M023_G02,XB01_M023_G02,XB01,M023,6080.65625,6106.0,25.34375,12.816807043702156,0.0
E52_2e64690809088e2a96fb2160,7.240867530215482,9.500767968691491,7.240867530215482,523.7789293194231,550.945126524013,884.5606754113072,0.31155234822715455,0.009166666666666667,0.007743923611111111,0.3284629385049323,2.231537061495068,0.8973553317172087,325.99436645507814,0.0,0.0,325.99436645507814,453.6943664550781,6634.205065584804,329.6845703125,30.0,733.7789293194231,0.0,1,XB01_M023_G02,XB01_M023_G02,XB01,M023,6080.65625,6106.0,25.34375,7.240867530215482,0.0
E52_30110e5b3ae38ecfab28ace2,4.669758007920308,10.05954008012911,4.669758007920308,514.4106891471403,547.7506496268766,828.7816154158626,0.30032099335417484,0.009166666666666667,0.007743923611111111,0.3172315836319526,2.242768416368048,0.9008651301150148,400.07952575683595,0.0,0.0,400.07952575683595,527.7795257568359,6215.862115618969,313.0162353515625,30.0,724.4106891471403,0.0,1,XB01_M023_G02,XB01_M023_G02,XB01,M023,6080.65625,6106.0,25.34375,4.669758007920308,0.0
E52_326bd9096774308657b14836,7.146857003224326,6.820761438549596,6.820761438549596,254.20783025924425,275.6237299174474,379.92026256926977,0.1442126230476059,0.009166666666666667,0.007743923611111111,0.16112321332538368,2.398876786674617,0.9496489958358176,256.9907958984375,0.0,0.0,256.9907958984375,384.6907958984375,2849.4019692695233,334.6907958984375,30.0,464.20783025924425,0.0,1,XB01_M023_G02,XB01_M023_G02,XB01,M023,6080.65625,6106.0,25.34375,6.820761438549596,0.0
E52_32cd7932ac3bc8f6e82bd016,2.6683546029791074,12.531399030736651,2.6683546029791074,433.33722088021847,474.19552115284216,621.5246401246948,0.24213542524196421,0.009166666666666667,0.007743923611111111,0.259046015519742,2.3009539844802585,0.9190481201500806,490.2996032714844,0.0,0.0,490.2996032714844,617.9996032714844,4661.434800935211,324.9372863769531,30.0,643.3372208802184,0.0,1,XB01_M023_G02,XB01_M023_G02,XB01,M023,6080.65625,6106.0,25.34375,2.6683546029791074,0.0
E52_3322673a66874be8fb5ff9e0,3.0950218320540444,12.93559360833251,3.0950218320540444,392.2739001975914,423.9757012433271,594.3369941207687,0.2236811646950203,0.009166666666666667,0.007743923611111111,0.24059175497279808,2.319408245027202,0.9248150765710006,380.42161254882814,0.0,0.0,380.42161254882814,508.1216125488281,4457.527455905765,308.1216125488281,30.0,602.2739001975914,0.0,1,XB01_M023_G02,XB01_M023_G02,XB01,M023,6080.65625,6106.0,25.34375,3.0950218320540444,0.0
E52_357bbbd4dc4420221c875ea3,10.658654723579062,12.241245229232817,10.658654723579062,405.4327582223269,433.1514265878055,644.5535062517828,0.23547283792056264,0.009166666666666667,0.007743923611111111,0.2523834281983404,2.30761657180166,0.9211301786880186,332.6240203857422,0.0,0.0,332.6240203857422,460.3240203857422,4834.151296888371,255.67149353027344,30.0,615.4327582223269,0.0,1,XB01_M023_G02,XB01_M023_G02,XB01,M023,6080.65625,6106.0,25.34375,10.658654723579062,0.0
E52_3875f0f2b8e39572338b498b,14.737554374318947,12.654831201135607,12.654831201135607,430.443023323014,471.8276755243487,612.5781334380202,0.23983909257274777,0.009166666666666667,0.007743923611111111,0.2567496828505255,2.303250317149475,0.9197657241092108,496.61582641601564,0.0,0.0,496.61582641601564,624.3158264160156,4594.336000785152,324.3158264160156,30.0,640.443023323014,0.0,1,XB01_M023_G02,XB01_M023_G02,XB01,M023,6080.65625,6106.0,25.34375,12.654831201135607,0.0
E52_3a94b6482baa2cfaba8a857d,6.704891676139255,16.425448776817632,6.704891676139255,326.01303055755295,369.111023518165,393.4381033514341,0.17166403726355467,0.009166666666666667,0.007743923611111111,0.18857462754133245,2.3714253724586682,0.9410704288933336,517.1759155273437,0.0,0.0,517.1759155273437,644.8759155273438,2950.785775135756,352.4370422363281,30.0,536.013030557553,0.0,1,XB01_M023_G02,XB01_M023_G02,XB01,M023,6080.65625,6106.0,25.34375,6.704891676139255,0.0
E52_413d3eff5d481ef66f8d3068,7.220168193549057,9.493762996477216,7.220168193549057,548.7789293194231,584.2784598573463,884.5606754113072,0.3204434082194385,0.009166666666666667,0.007743923611111111,0.33735399849721626,2.2226460015027842,0.89457687546962,425.99436645507814,0.0,0.0,425.99436645507814,553.6943664550781,6634.205065584804,329.6845703125,30.0,758.7789293194231,0.0,1,XB01_M023_G02,XB01_M023_G02,XB01,M023,6080.65625,6106.0,25.34375,7.220168193549057,0.0
E52_437c6a333219b14c3939f26c,7.518786382743485,6.0194831627628105,6.0194831627628105,277.09771274073506,296.211315442558,417.14117438283733,0.1570562493971614,0.009166666666666667,0.007743923611111111,0.17396683967493917,2.3860331603250615,0.9456353626015815,248.53977661132814,19.176544189453125,19.176544189453125,248.53977661132814,376.2397766113281,3128.55880787128,326.2397766113281,30.0,487.09771274073506,0.0,1,XB01_M023_G02,XB01_M023_G02,XB01,M023,6080.65625,6106.0,25.34375,6.0194831627628105,0.0
E52_44ed69e1d99dc074a7941a18,9.28261686583076,8.900383690419545,8.900383690419545,188.27556058823757,199.0276355292369,299.7078152072368,0.1090911242968749,0.009166666666666667,0.007743923611111111,0.12600171457465267,2.4339982854253477,0.960624464195421,139.59420471191407,10.569305419921875,10.569305419921875,139.59420471191407,267.29420471191406,2247.808614054276,217.29420471191406,30.0,398.27556058823757,0.0,1,XB01_M023_G02,XB01_M023_G02,XB01,M023,6080.65625,6106.0,25.34375,8.900383690419545,0.0
E52_4513f74e4ba51c209cccc792,1.950577363238267,9.790974506635663,1.950577363238267,548.6050089915749,589.1156759023821,854.1460165183059,0.3160741321008959,0.009166666666666667,0.007743923611111111,0.33298472237867366,2.227015277621327,0.8959422742566645,486.1280029296875,0.0,0.0,486.1280029296875,613.8280029296875,6406.095123887295,391.8226318359375,30.0,758.6050089915749,0.0,1,XB01_M023_G02,XB01_M023_G02,XB01,M023,6080.65625,6106.0,25.34375,1.950577363238267,0.0
E52_47db2d0d55c92154c779a4c9,5.90716147594155,16.45726286038159,5.90716147594155,312.62709924858126,351.3219092257948,393.08533863388124,0.16685347284684848,0.009166666666666667,0.007743923611111111,0.18376406312462626,2.376235936875374,0.9425737302735543,464.3377197265625,0.0,0.0,464.3377197265625,592.0377197265625,2948.1400397541092,295.61395263671875,30.0,522.6270992485813,0.0,1,XB01_M023_G02,XB01_M023_G02,XB01,M023,6080.65625,6106.0,25.34375,5.90716147594155,0.0
E52_4cf0fac9feb721651efb2830,10.350170332996981,17.82597875173802,10.350170332996981,242.69354898018014,267.32891198677197,337.5749199208095,0.13412057160327687,0.009166666666666667,0.007743923611111111,0.15103116188105464,2.408968838118946,0.9528027619121704,295.6243560791016,0.0,0.0,295.6243560791016,423.32435607910156,2531.8118994060715,217.31182861328125,30.0,452.69354898018014,0.0,1,XB01_M023_G02,XB01_M023_G02,XB01,M023,6080.65625,6106.0,25.34375,10.350170332996981,0.0
E52_4d215302190bc5bfb29bf912,5.469944334113492,16.37371485667674,5.469944334113492,307.50969179304633,343.7570581260541,397.53518558804575,0.1656637075427803,0.009166666666666667,0.007743923611111111,0.18257429782055806,2.3774257021794423,0.9429455319310756,434.96839599609376,0.0,0.0,434.96839599609376,562.6683959960938,2981.5138919103433,336.56707763671875,30.0,517.5096917930464,0.0,1,XB01_M023_G02,XB01_M023_G02,XB01,M023,6080.65625,6106.0,25.34375,5.469944334113492,0.0
E52_50c718ca7f326f764494c89d,17.918636695526743,13.080943299176411,13.080943299176411,350.85355156655817,370.1881015340061,585.6998033284289,0.20772710552759727,0.009166666666666667,0.007743923611111111,0.22463769580537504,2.3353623041946254,0.9298007200608203,232.014599609375,0.0,0.0,232.014599609375,359.714599609375,4392.748524963216,275.29461669921875,30.0,560.8535515665582,0.0,1,XB01_M023_G02,XB01_M023_G02,XB01,M023,6080.65625,6106.0,25.34375,13.080943299176411,0.0
E52_515a3b7c8d98426ee13f2b4e,11.51692533947201,17.07508762021844,11.51692533947201,242.68536134104386,262.0561394884234,369.14605379781034,0.13858886614696947,0.009166666666666667,0.007743923611111111,0.15549945642474725,2.4045005435752533,0.9514064198672665,232.4493377685547,0.0,0.0,232.4493377685547,360.1493377685547,2768.5954034835777,210.1493377685547,30.0,452.68536134104386,0.0,1,XB01_M023_G02,XB01_M023_G02,XB01,M023,6080.65625,6106.0,25.34375,11.51692533947201,0.0
E52_575c4f100493de938643a13d,1.1693710234456915,2.099203328999508,1.1693710234456915,470.05405043895155,518.0123847895375,652.3580947743875,0.259560220504969,0.009166666666666667,0.007743923611111111,0.27647081078274677,2.2835291892172536,0.9136028716303917,575.5000122070312,0.0,0.0,575.5000122070312,703.2000122070312,4892.685710807907,437.3766174316406,30.0,680.0540504389515,0.0,1,XB01_M023_G02,XB01_M023_G02,XB01,M023,6080.65625,6106.0,25.34375,1.1693710234456915,0.0
E52_60b0dc656c777ee2cc2279b1,2.4606859296956145,0.21315146591224732,0.21315146591224732,563.4362729251038,615.9641949832094,811.705013501575,0.3153381258454166,0.009166666666666667,0.007743923611111111,0.33224871612319434,2.227751283876806,0.8961722762115018,630.3350646972656,0.0,0.0,630.3350646972656,758.0350646972656,6087.787601261813,495.9024353027344,30.0,773.4362729251038,0.0,1,XB01_M023_G02,XB01_M023_G02,XB01,M023,6080.65625,6106.0,25.34375,0.21315146591224732,0.0
E52_60b76d98beea93305f35c25d,11.688852873160371,16.79058398580294,11.688852873160371,271.8613885249859,299.0873836523459,380.3668062858116,0.15055421784231732,0.009166666666666667,0.007743923611111111,0.1674648081200951,2.3925351918799054,0.9476672474624703,326.7119415283203,0.0,0.0,326.7119415283203,454.4119415283203,2852.751047143587,241.2421875,30.0,481.8613885249859,0.0,1,XB01_M023_G02,XB01_M023_G02,XB01,M023,6080.65625,6106.0,25.34375,11.688852873160371,0.0
E52_67646c2afbeb5602853e5a9c,3.0903676940363027,12.927232110573698,3.0903676940363027,404.7739001975914,440.6423679099937,594.3369941207687,0.22812669469116229,0.009166666666666667,0.007743923611111111,0.24503728496894006,2.3149627150310605,0.9234258484472062,430.42161254882814,0.0,0.0,430.42161254882814,558.1216125488281,4457.527455905765,308.1216125488281,30.0,614.7739001975914,0.0,1,XB01_M023_G02,XB01_M023_G02,XB01,M023,6080.65625,6106.0,25.34375,3.0903676940363027,0.0
E52_68694062ed2e2e792aeb51a9,8.38819642481576,17.695890544520793,8.38819642481576,262.3147609906027,292.8212075746684,341.5908424768108,0.1416674545099547,0.009166666666666667,0.007743923611111111,0.15857804478773246,2.401421955212268,0.9504443610038336,366.0773590087891,0.0,0.0,366.0773590087891,493.77735900878906,2561.931318576081,213.8477783203125,30.0,472.3147609906027,0.0,1,XB01_M023_G02,XB01_M023_G02,XB01,M023,6080.65625,6106.0,25.34375,8.38819642481576,0.0
E52_6aa461eda22a4c53e6730e81,7.0206165106555005,6.478254834226846,6.478254834226846,265.8104536255181,288.3542041341444,395.1560268799425,0.15046620221455187,0.009166666666666667,0.007743923611111111,0.16737679249232965,2.392623207507671,0.947694752346147,271.555615234375,1.030609130859375,1.030609130859375,271.555615234375,399.255615234375,2963.670201599569,349.255615234375,30.0,475.8104536255181,0.0,1,XB01_M023_G02,XB01_M023_G02,XB01,M023,6080.65625,6106.0,25.34375,6.478254834226846,0.0
E52_6dc095df8eb6475486134b5c,3.5962199713256666,12.905188948092743,3.5962199713256666,424.06014837873875,466.2734748964797,594.8403376510322,0.23505698741925235,0.009166666666666667,0.007743923611111111,0.2519675776970301,2.3080324223029702,0.921260131969678,506.55991821289064,0.0,0.0,506.55991821289064,634.2599182128906,4461.302532382741,440.2059631347656,30.0,634.0601483787387,0.0,1,XB01_M023_G02,XB01_M023_G02,XB01,M023,6080.65625,6106.0,25.34375,3.5962199713256666,0.0
E52_73baea82bbbffa2db9d7426a,7.831744332761232,5.711384152670419,5.711384152670419,297.3854850658978,324.64222792478455,431.2305129784753,0.16683515196021612,0.009166666666666667,0.007743923611111111,0.1837457422379939,2.3762542577620067,0.9425794555506269,327.08091430664064,0.0,0.0,327.08091430664064,454.7809143066406,3234.2288473385647,335.390380859375,30.0,507.3854850658978,0.0,1,XB01_M023_G02,XB01_M023_G02,XB01,M023,6080.65625,6106.0,25.34375,5.711384152670419,0.0
E52_74b3fb0a4920873efc33101b,5.93577316028194,6.525083879148042,5.93577316028194,262.62709924858126,284.6552425591281,393.08533863388124,0.14907135286228057,0.009166666666666667,0.007743923611111111,0.16598194314005835,2.394018056859942,0.9481306427687317,264.3377197265625,0.0,0.0,264.3377197265625,392.0377197265625,2948.1400397541092,295.61395263671875,30.0,472.62709924858126,0.0,1,XB01_M023_G02,XB01_M023_G02,XB01,M023,6080.65625,6106.0,25.34375,5.93577316028194,0.0
E52_7547086a1218012670f76a62,11.963669344529748,2.277872015791573,2.277872015791573,370.7957901832663,387.27013608984186,642.7455049270795,0.2228984084752749,0.009166666666666667,0.007743923611111111,0.23980899875305267,2.3201910012469478,0.9250596878896711,197.69215087890626,0.0,0.0,197.69215087890626,325.39215087890625,4820.591286953097,275.39215087890625,30.0,580.7957901832663,0.0,1,XB01_M023_G02,XB01_M023_G02,XB01,M023,6080.65625,6106.0,25.34375,2.277872015791573,0.0
E52_76b4f0bdabd1ccab126282dd,11.121842692819342,17.180198899819032,11.121842692819342,244.7670432960008,265.6078646257534,364.489158613486,0.13866967590706417,0.009166666666666667,0.007743923611111111,0.15558026618484194,2.4044197338151587,0.951381166817237,250.08985595703126,0.0,0.0,250.08985595703126,377.78985595703125,2733.6686896011447,241.2421875,30.0,454.7670432960008,0.0,1,XB01_M023_G02,XB01_M023_G02,XB01,M023,6080.65625,6106.0,25.34375,11.121842692819342,0.0
E52_7e5f4a4eaf9aa5b10576997a,12.90762550043182,13.086620585622072,12.90762550043182,384.11958913832314,414.7999833745699,584.1568128591658,0.21933939564120059,0.009166666666666667,0.007743923611111111,0.23624998591897836,2.323750014081022,0.9261718794003193,368.16473083496095,0.0,0.0,368.16473083496095,495.86473083496094,4381.1760964437435,247.829345703125,30.0,594.1195891383231,0.0,1,XB01_M023_G02,XB01_M023_G02,XB01,M023,6080.65625,6106.0,25.34375,12.90762550043182,0.0
E52_82c821a5773d0bfbe554f10a,8.07678216416717,11.397135806608844,8.07678216416717,512.9354114719376,566.0737563002253,707.0407539741487,0.2825549862639304,0.009166666666666667,0.007743923611111111,0.29946557654170813,2.2605344234582923,0.9064170073307162,637.6601379394531,0.0,0.0,637.6601379394531,765.3601379394531,5302.805654806116,465.3601379394531,30.0,722.9354114719376,0.0,1,XB01_M023_G02,XB01_M023_G02,XB01,M023,6080.65625,6106.0,25.34375,8.07678216416717,0.0
E52_831cee7e7a3a549796e42b18,7.938333837090468,10.042846261792022,7.938333837090468,524.445203057942,560.9167693217765,830.061008532876,0.3040708837654974,0.009166666666666667,0.007743923611111111,0.32098147404327515,2.2390185259567255,0.8996932893614765,437.65879516601564,0.0,0.0,437.65879516601564,565.3587951660156,6225.457563996571,359.5916748046875,30.0,734.445203057942,0.0,1,XB01_M023_G02,XB01_M023_G02,XB01,M023,6080.65625,6106.0,25.34375,7.938333837090468,0.0
E52_88c1c7aba1fcf94c58dad20e,7.231965252379226,9.497510042154289,7.231965252379226,536.2789293194231,567.6117931906797,884.5606754113072,0.3159978782232965,0.009166666666666667,0.007743923611111111,0.33290846850107425,2.2270915314989264,0.8959661035934143,375.99436645507814,0.0,0.0,375.99436645507814,503.6943664550781,6634.205065584804,329.6845703125,30.0,746.2789293194231,0.0,1,XB01_M023_G02,XB01_M023_G02,XB01,M023,6080.65625,6106.0,25.34375,7.231965252379226,0.0
E52_8ca7795ffa642a3b129c0a3d,7.795604018467259,15.730152054416479,7.795604018467259,330.94608252023,369.9122522589995,428.0951466078428,0.17832668261553564,0.009166666666666667,0.007743923611111111,0.1952372728933134,2.364762727106687,0.9389883522208395,467.5940368652344,0.0,0.0,467.5940368652344,595.2940368652344,3210.713599558821,335.390380859375,30.0,540.94608252023,0.0,1,XB01_M023_G02,XB01_M023_G02,XB01,M023,6080.65625,6106.0,25.34375,7.795604018467259,0.0
E52_8d375985c45fff9288668cb3,3.1532881058151077,16.222123863058812,3.1532881058151077,353.99602207193686,405.21742048909175,400.663653640944,0.182639281392285,0.009166666666666667,0.007743923611111111,0.19954987167006277,2.360450128329938,0.9376406651031054,614.6567810058593,0.0,0.0,614.6567810058593,742.3567810058594,3004.97740230708,442.3567810058594,30.0,563.9960220719369,0.0,1,XB01_M023_G02,XB01_M023_G02,XB01,M023,6080.65625,6106.0,25.34375,3.1532881058151077,0.0
E52_9026ce0d2a5dd9a75ef73c8e,6.074620462649719,6.720084116703532,6.074620462649719,248.61637070099954,267.37077642202814,384.70630707582717,0.14290187810434732,0.009166666666666667,0.007743923611111111,0.1598124683821251,2.4001875316178753,0.9500586036305859,225.05286865234376,0.0,0.0,225.05286865234376,352.75286865234375,2885.297303068704,302.75286865234375,30.0,458.61637070099954,0.0,1,XB01_M023_G02,XB01_M023_G02,XB01,M023,6080.65625,6106.0,25.34375,6.074620462649719,0.0
E52_924cec2d58c933358893a332,11.185933570200476,12.302862284422105,11.185933570200476,416.670444788364,448.9844576972996,639.4568121231148,0.23874762537865796,0.009166666666666667,0.007743923611111111,0.2556582156564357,2.3043417843435647,0.9201068076073639,387.7681549072266,0.0,0.0,387.7681549072266,515.4681549072266,4795.926090923361,252.644287109375,30.0,626.670444788364,0.0,1,XB01_M023_G02,XB01_M023_G02,XB01,M023,6080.65625,6106.0,25.34375,11.185933570200476,0.0
E52_96da4f081c74d8211b4b244f,12.160574677032656,12.47027426673894,12.160574677032656,406.4445801679392,437.368205859671,627.3474061854878,0.23339590098708082,0.009166666666666667,0.007743923611111111,0.2503064912648586,2.309693508735142,0.9217792214797317,371.08350830078126,0.0,0.0,371.08350830078126,498.78350830078125,4705.105546391158,251.37640380859375,30.0,616.4445801679392,0.0,1,XB01_M023_G02,XB01_M023_G02,XB01,M023,6080.65625,6106.0,25.34375,12.160574677032656,0.0
E52_a1af1f4ab7d520e82e20be53,3.477966967479233,0.45430012492889205,0.45430012492889205,547.7224457312177,598.7128286250978,789.5025940991541,0.30660524396013417,0.009166666666666667,0.007743923611111111,0.3235158342379119,2.2364841657620884,0.8989013018006525,611.8845947265625,0.0,0.0,611.8845947265625,739.5845947265625,5921.269455743655,492.6366271972656,30.0,757.7224457312177,0.0,1,XB01_M023_G02,XB01_M023_G02,XB01,M023,6080.65625,6106.0,25.34375,0.45430012492889205,0.0
E52_a3836b1674b2d70f748125c1,9.764222647198537,18.388582284998307,9.764222647198537,238.77143733771516,265.74771093797557,315.68523307386783,0.1296256139323784,0.009166666666666667,0.007743923611111111,0.14653620421015617,2.4134637957898444,0.9542074361843262,323.715283203125,0.0,0.0,323.715283203125,451.415283203125,2367.639248054009,217.29420471191406,30.0,448.77143733771516,0.0,1,XB01_M023_G02,XB01_M023_G02,XB01,M023,6080.65625,6106.0,25.34375,9.764222647198537,0.0
E52_a77602565c04dca5831f9b7a,7.947026459091006,15.758600383852013,7.947026459091006,295.3505394617105,322.31471665694164,428.9160157520343,0.16578365241547813,0.009166666666666667,0.007743923611111111,0.1826942426932559,2.3773057573067446,0.9429080491583576,323.57012634277345,0.0,0.0,323.57012634277345,451.27012634277344,3216.870118140257,284.58648681640625,30.0,505.3505394617105,0.0,1,XB01_M023_G02,XB01_M023_G02,XB01,M023,6080.65625,6106.0,25.34375,7.947026459091006,0.0
E52_aaa387ee3ee3170bd804334d,1.3453449477260904,18.409477866986336,1.3453449477260904,263.5215778829557,299.2286101502083,312.8009621623957,0.13801933350380158,0.009166666666666667,0.007743923611111111,0.15492992378157935,2.405070076218421,0.9515843988182564,428.48438720703126,0.0,0.0,428.48438720703126,556.1843872070312,2346.0072162179677,386.9435729980469,30.0,473.5215778829557,0.0,1,XB01_M023_G02,XB01_M023_G02,XB01,M023,6080.65625,6106.0,25.34375,1.3453449477260904,0.0
E52_afb1e3673ff3adbe9c45b8fc,5.814930109071739,6.956106286850726,5.814930109071739,250.21040235058808,271.27175132926646,374.0527108291059,0.1419599864782851,0.009166666666666667,0.007743923611111111,0.15887057675606286,2.4011294232439377,0.9503529447637303,252.73618774414064,0.0,0.0,252.73618774414064,380.4361877441406,2805.395331218294,291.6474609375,30.0,460.2104023505881,0.0,1,XB01_M023_G02,XB01_M023_G02,XB01,M023,6080.65625,6106.0,25.34375,5.814930109071739,0.0
E52_b4122a9095172602242b40e3,3.084594729424822,12.917805218005896,3.084594729424822,417.2739001975914,457.30903457666045,594.3369941207687,0.23257222468730426,0.009166666666666667,0.007743923611111111,0.24948281496508204,2.3105171850349184,0.9220366203234118,480.42161254882814,0.0,0.0,480.42161254882814,608.1216125488281,4457.527455905765,308.1216125488281,30.0,627.2739001975914,0.0,1,XB01_M023_G02,XB01_M023_G02,XB01,M023,6080.65625,6106.0,25.34375,3.084594729424822,0.0
E52_b45db00398315637fb020e5f,1.3899378767780775,10.742298629097064,1.3899378767780775,520.0993036420956,566.0861185224667,764.2777180019647,0.2932088546230577,0.009166666666666667,0.007743923611111111,0.31011944490083543,2.249880555099165,0.903087673468489,551.8417785644531,0.0,0.0,551.8417785644531,679.5417785644531,5732.082885014735,386.71868896484375,30.0,730.0993036420956,0.0,1,XB01_M023_G02,XB01_M023_G02,XB01,M023,6080.65625,6106.0,25.34375,1.3899378767780775,0.0
E52_b544b4d7beda1d6ed7fbeefb,7.6231320602556,16.252686834440453,7.6231320602556,293.91354735972715,324.49113296153376,404.3615811086144,0.16179511839250177,0.009166666666666667,0.007743923611111111,0.17870570867027954,2.381294291329721,0.9441544660405377,366.9310272216797,0.0,0.0,366.9310272216797,494.6310272216797,3032.711858314608,277.91845703125,30.0,503.91354735972715,0.0,1,XB01_M023_G02,XB01_M023_G02,XB01,M023,6080.65625,6106.0,25.34375,7.6231320602556,0.0
E52_b60e4d2a4cdcd5801a5d757f,7.414297333223956,16.480566458341656,7.414297333223956,308.26023760270465,345.626388522301,392.32356968783114,0.16519254750221457,0.009166666666666667,0.007743923611111111,0.18210313777999235,2.377896862220008,0.9430927694437524,448.39381103515626,0.0,0.0,448.39381103515626,576.0938110351562,2942.4267726587336,326.2397766113281,30.0,518.2602376027046,0.0,1,XB01_M023_G02,XB01_M023_G02,XB01,M023,6080.65625,6106.0,25.34375,7.414297333223956,0.0
E52_b677873645e212a13901ede2,1.3469408299017118,9.230718628911887,1.3469408299017118,575.9444140089429,616.0268887810784,911.3939793850733,0.3339048259552679,0.009166666666666667,0.007743923611111111,0.35081541623304563,2.209184583766955,0.8903701824271733,480.989697265625,0.0,0.0,480.989697265625,608.689697265625,6835.45484538805,390.4056396484375,30.0,785.9444140089429,0.0,1,XB01_M023_G02,XB01_M023_G02,XB01,M023,6080.65625,6106.0,25.34375,1.3469408299017118,0.0
E52_b6789310c1ab16898a769b78,16.581999091397762,2.625622464396969,2.625622464396969,372.38145547243056,389.4038741939475,617.4514627840539,0.21924054354678854,0.009166666666666667,0.007743923611111111,0.23615113382456632,2.3238488661754344,0.926202770679823,225.84925537109376,21.580230712890625,21.580230712890625,225.84925537109376,353.54925537109375,4630.885970880404,303.54925537109375,30.0,582.3814554724306,0.0,1,XB01_M023_G02,XB01_M023_G02,XB01,M023,6080.65625,6106.0,25.34375,2.625622464396969,0.0
E52_b7c433bb400c5a28313b13f0,7.923780587420936,16.00220965111248,7.923780587420936,270.63016208552887,291.2047849391259,417.8125870494757,0.1554195344851095,0.009166666666666667,0.007743923611111111,0.17233012476288728,2.3876698752371133,0.9461468360115978,246.89547424316407,0.0,0.0,246.89547424316407,374.59547424316406,3133.594402871068,284.58648681640625,30.0,480.63016208552887,0.0,1,XB01_M023_G02,XB01_M023_G02,XB01,M023,6080.65625,6106.0,25.34375,7.923780587420936,0.0
E52_b8aeee13ee5f313ffdb298e7,2.4320760165051354,0.32052137756616617,0.32052137756616617,550.9628084392909,600.9445446860357,802.0351993981131,0.309532562555218,0.009166666666666667,0.007743923611111111,0.32644315283299574,2.2335568471670046,0.8979865147396888,599.7808349609375,0.0,0.0,599.7808349609375,727.4808349609375,6015.263995485849,485.42230224609375,30.0,760.9628084392909,0.0,1,XB01_M023_G02,XB01_M023_G02,XB01,M023,6080.65625,6106.0,25.34375,0.32052137756616617,0.0
E52_be69bdf55826f2eb34075d09,11.826201067319346,12.029424972929434,11.826201067319346,457.6877788138426,500.48965717077624,658.5642874860837,0.25604119113741575,0.009166666666666667,0.007743923611111111,0.2729517814151935,2.287048218584807,0.9147025683077521,513.6225402832031,0.0,0.0,513.6225402832031,641.3225402832031,4939.232156145627,341.3225402832031,30.0,667.6877788138427,0.0,1,XB01_M023_G02,XB01_M023_G02,XB01,M023,6080.65625,6106.0,25.34375,11.826201067319346,0.0
E52_bfffb2993ede6e2e2bd9340b,17.56841430751595,13.053008949478723,13.053008949478723,400.85355156655817,436.85476820067277,585.6998033284289,0.22550922551216515,0.009166666666666667,0.007743923611111111,0.24241981578994293,2.3175801842100574,0.9242438075656428,432.014599609375,0.0,0.0,432.014599609375,559.714599609375,4392.748524963216,275.29461669921875,30.0,610.8535515665582,0.0,1,XB01_M023_G02,XB01_M023_G02,XB01,M023,6080.65625,6106.0,25.34375,13.053008949478723,0.0
E52_c0294c7ff44d44fc4ede8d97,7.094693521526054,16.7256600789149,7.094693521526054,316.70783025924425,358.9570632507807,379.92026256926977,0.16644027302831577,0.009166666666666667,0.007743923611111111,0.18335086330609354,2.376649136693907,0.9427028552168457,506.9907958984375,0.0,0.0,506.9907958984375,634.6907958984375,2849.4019692695233,334.6907958984375,30.0,526.7078302592442,0.0,1,XB01_M023_G02,XB01_M023_G02,XB01,M023,6080.65625,6106.0,25.34375,7.094693521526054,0.0
E52_c10a50247c57c0340b451298,3.3487337060866054,3.1495087650690863,3.1495087650690863,410.4813485396202,450.8988478275434,578.4577013517014,0.22790762835174688,0.009166666666666667,0.007743923611111111,0.24481821862952466,2.315181781370476,0.9234943066782736,485.00999145507814,0.0,0.0,485.00999145507814,612.7099914550781,4338.432760137761,515.4917602539062,30.0,620.4813485396203,0.0,1,XB01_M023_G02,XB01_M023_G02,XB01,M023,6080.65625,6106.0,25.34375,3.1495087650690863,0.0
E52_c515ea57360fd29f9add62f7,1.4419879892382141,10.649906727109496,1.4419879892382141,525.5980011021792,572.0554631586571,772.4512298654912,0.29632198385281766,0.009166666666666667,0.007743923611111111,0.3132325741305954,2.2467674258694053,0.9021148205841889,557.4895446777343,0.0,0.0,557.4895446777343,685.1895446777344,5793.384223991184,393.3172912597656,30.0,735.5980011021792,0.0,1,XB01_M023_G02,XB01_M023_G02,XB01,M023,6080.65625,6106.0,25.34375,1.4419879892382141,0.0
E52_c76d93c5902d0dc017f7065c,7.681972360921833,16.05706218628906,7.681972360921833,260.86241804033426,278.57034040361555,415.47730190098105,0.1516149798935124,0.009166666666666667,0.007743923611111111,0.1685255701712902,2.3914744298287105,0.9473357593214718,212.495068359375,0.0,0.0,212.495068359375,340.195068359375,3116.079764257358,277.91845703125,30.0,470.86241804033426,0.0,1,XB01_M023_G02,XB01_M023_G02,XB01,M023,6080.65625,6106.0,25.34375,7.681972360921833,0.0
E52_c98d1e580ba9a8920eeacbdb,7.682925616667845,9.995636820319618,7.682925616667845,531.3190315479533,569.3529452238973,834.4345810402425,0.30713490815373307,0.009166666666666667,0.007743923611111111,0.3240454984315108,2.23595450156849,0.8987357817401529,456.40696411132814,0.0,0.0,456.40696411132814,584.1069641113281,6258.259357801819,362.73199462890625,30.0,741.3190315479533,0.0,1,XB01_M023_G02,XB01_M023_G02,XB01,M023,6080.65625,6106.0,25.34375,7.682925616667845,0.0
E52_cdef0b479e00ae29ebd83132,4.234946207007837,10.01648148125875,4.234946207007837,520.0071121141804,554.5433095222207,832.7970397801186,0.3028799960747676,0.009166666666666667,0.007743923611111111,0.31979058635254537,2.240209413647455,0.9000654417648296,414.4343688964844,0.0,0.0,414.4343688964844,542.1343688964844,6245.977798350889,297.6476745605469,30.0,730.0071121141804,0.0,1,XB01_M023_G02,XB01_M023_G02,XB01,M023,6080.65625,6106.0,25.34375,4.234946207007837,0.0
E52_d1d4424e0dfaa7a0ce62d445,6.55183364734674,12.872868339328704,6.55183364734674,402.0751033963921,436.37951216917855,598.3237541560654,0.22773150601213982,0.009166666666666667,0.007743923611111111,0.2446420962899176,2.315357903710083,0.9235493449094008,411.6529052734375,0.0,0.0,411.6529052734375,539.3529052734375,4487.428156170491,269.83203125,30.0,612.075103396392,0.0,1,XB01_M023_G02,XB01_M023_G02,XB01,M023,6080.65625,6106.0,25.34375,6.55183364734674,0.0
E52_d22cbe82615c6d2ee0ebf49f,7.765156611160279,15.758568264926964,7.765156611160279,318.17309843891866,352.9726015110215,427.5491784452201,0.1737067461230003,0.009166666666666667,0.007743923611111111,0.19061733640077808,2.3693826635992226,0.9404320823747568,417.5940368652344,0.0,0.0,417.5940368652344,545.2940368652344,3206.618838339151,335.390380859375,30.0,528.1730984389187,0.0,1,XB01_M023_G02,XB01_M023_G02,XB01,M023,6080.65625,6106.0,25.34375,7.765156611160279,0.0
E52_d3460088443e86b69235cf2f,8.94956982372112,10.110906533633653,8.94956982372112,520.9986937965015,557.4049117530444,823.5600798537452,0.3019244763287566,0.009166666666666667,0.007743923611111111,0.3188350666065343,2.241164933393466,0.900364041685458,436.87461547851564,0.0,0.0,436.87461547851564,564.5746154785156,6176.700598903089,276.8628845214844,30.0,730.9986937965015,0.0,1,XB01_M023_G02,XB01_M023_G02,XB01,M023,6080.65625,6106.0,25.34375,8.94956982372112,0.0
E52_d6d1511afdebb88632549a71,3.8981794829426946,16.177909036830457,3.8981794829426946,342.76879390848103,389.67749650450963,404.08537224079015,0.1791309979165653,0.009166666666666667,0.007743923611111111,0.19604158819434309,2.3639584118056574,0.9387370036892678,562.9044311523437,0.0,0.0,562.9044311523437,690.6044311523438,3030.640291805926,390.60443115234375,30.0,552.768793908481,0.0,1,XB01_M023_G02,XB01_M023_G02,XB01,M023,6080.65625,6106.0,25.34375,3.8981794829426946,0.0
E52_d7f1f5d49edaa9f52000c452,13.531266818009456,12.917919470378578,12.917919470378578,397.7633482290822,431.12867517406926,595.3347347882426,0.22577474843651651,0.009166666666666667,0.007743923611111111,0.2426853387142943,2.3173146612857063,0.9241608316517831,400.38392333984376,0.0,0.0,400.38392333984376,528.0839233398438,4465.010510911819,278.08392333984375,30.0,607.7633482290822,0.0,1,XB01_M023_G02,XB01_M023_G02,XB01,M023,6080.65625,6106.0,25.34375,12.917919470378578,0.0
E52_da1eeef61bb4fffd90feecd9,3.5966054168541177,11.577048041656667,3.5966054168541177,464.4321692173844,503.4661769891943,694.6602918039094,0.2635518155735283,0.009166666666666667,0.007743923611111111,0.28046240585130605,2.2795375941486946,0.9123554981714669,468.40809326171876,0.0,0.0,468.40809326171876,596.1080932617188,5209.952188529321,322.9142761230469,30.0,674.4321692173844,0.0,1,XB01_M023_G02,XB01_M023_G02,XB01,M023,6080.65625,6106.0,25.34375,3.5966054168541177,0.0
E52_dbe1bedc9b83d29f34556dbd,12.208094432329574,13.016499113861627,12.208094432329574,387.86022911882606,419.0031732004504,588.862793747906,0.22133620210273125,0.009166666666666667,0.007743923611111111,0.23824679238050903,2.3217532076194916,0.9255478773810909,373.7153289794922,0.0,0.0,373.7153289794922,501.4153289794922,4416.470953109295,232.19436645507812,30.0,597.860229118826,0.0,1,XB01_M023_G02,XB01_M023_G02,XB01,M023,6080.65625,6106.0,25.34375,12.208094432329574,0.0
E52_dbec4f1422e98765afb262aa,6.29383759028687,16.38523852602286,6.29383759028687,322.5402116809159,364.1002534899979,395.72017250733956,0.1707521496628321,0.009166666666666667,0.007743923611111111,0.18766273994060986,2.372337260059391,0.9413553937685595,498.7205017089844,0.0,0.0,498.7205017089844,626.4205017089844,2967.901293805047,326.4205017089844,30.0,532.540211680916,0.0,1,XB01_M023_G02,XB01_M023_G02,XB01,M023,6080.65625,6106.0,25.34375,6.29383759028687,0.0
E52_dc4c132291b7b9525a26c82f,7.641040019190001,16.290878065555617,7.641040019190001,256.41354735972715,274.49113296153376,404.3615811086144,0.14845852840407586,0.009166666666666667,0.007743923611111111,0.16536911868185364,2.3946308813181467,0.9483221504119207,216.9310272216797,0.0,0.0,216.9310272216797,344.6310272216797,3032.711858314608,277.91845703125,30.0,466.41354735972715,0.0,1,XB01_M023_G02,XB01_M023_G02,XB01,M023,6080.65625,6106.0,25.34375,7.641040019190001,0.0
E52_dd12fb0cc4aee52816704b73,3.24947779114477,0.5498680641518376,0.5498680641518376,547.6210002825783,600.0718247658139,780.5370536657424,0.3052994367315811,0.009166666666666667,0.007743923611111111,0.32221002700935886,2.2377899729906416,0.8993093665595754,629.4098937988281,0.0,0.0,629.4098937988281,757.1098937988281,5854.027902493068,543.108642578125,30.0,757.6210002825783,0.0,1,XB01_M023_G02,XB01_M023_G02,XB01,M023,6080.65625,6106.0,25.34375,0.5498680641518376,0.0
E52_de2c36302e014a6d0284c896,7.4590900609494355,15.994052628622484,7.4590900609494355,325.41177480357015,364.7238282296769,414.95122905049965,0.1744969638873427,0.009166666666666667,0.007743923611111111,0.19140755416512048,2.36859244583488,0.9401851393233999,471.74464111328126,0.0,0.0,471.74464111328126,599.4446411132812,3112.134217878747,325.15069580078125,30.0,535.4117748035701,0.0,1,XB01_M023_G02,XB01_M023_G02,XB01,M023,6080.65625,6106.0,25.34375,7.4590900609494355,0.0
E52_e0325aad0b87e7c07e10fc2c,7.551371444789055,5.987785159048158,5.987785159048158,275.1983248954777,294.96932963587483,418.60161500091635,0.15682137892336617,0.009166666666666667,0.007743923611111111,0.17373196920114395,2.3862680307988566,0.9457087596246425,248.53977661132814,11.2877197265625,11.2877197265625,248.53977661132814,376.2397766113281,3139.5121125068727,326.2397766113281,30.0,485.1983248954777,0.0,1,XB01_M023_G02,XB01_M023_G02,XB01,M023,6080.65625,6106.0,25.34375,5.987785159048158,0.0
E52_e0cd6bab1a22c4530d9a254c,6.335207953971903,6.471069764274475,6.335207953971903,260.0402116809159,280.7669201566646,395.72017250733956,0.14852449968212222,0.009166666666666667,0.007743923611111111,0.1654350899599,2.3945649100401005,0.9483015343875313,248.7205017089844,0.0,0.0,248.7205017089844,376.4205017089844,2967.901293805047,326.4205017089844,30.0,470.0402116809159,0.0,1,XB01_M023_G02,XB01_M023_G02,XB01,M023,6080.65625,6106.0,25.34375,6.335207953971903,0.0
E52_ea76d341ab82f2ebc1fa1efe,7.501890169071288,6.056283714240493,6.056283714240493,275.41177480357015,298.05716156301025,414.95122905049965,0.15671484390277482,0.009166666666666667,0.007743923611111111,0.1736254341805526,2.3863745658194477,0.9457420518185773,271.74464111328126,0.0,0.0,271.74464111328126,399.44464111328125,3112.134217878747,325.15069580078125,30.0,485.41177480357015,0.0,1,XB01_M023_G02,XB01_M023_G02,XB01,M023,6080.65625,6106.0,25.34375,6.056283714240493,0.0
E52_eab18c460278cfbad2c20da0,8.408781814115343,7.760329046990023,7.760329046990023,212.31476099060268,226.15454090800176,341.5908424768108,0.12388533452538679,0.009166666666666667,0.007743923611111111,0.14079592480316458,2.419204075196836,0.9560012734990111,166.07735900878907,0.0,0.0,166.07735900878907,293.77735900878906,2561.931318576081,213.8477783203125,30.0,422.3147609906027,0.0,1,XB01_M023_G02,XB01_M023_G02,XB01,M023,6080.65625,6106.0,25.34375,7.760329046990023,0.0
E52_eb490529b308e18523949520,10.638274326787268,12.235001379754962,10.638274326787268,417.9327582223269,449.8180932544721,644.5535062517828,0.23991836791670462,0.009166666666666667,0.007743923611111111,0.25682895819448237,2.303171041805518,0.9197409505642242,382.6240203857422,0.0,0.0,382.6240203857422,510.3240203857422,4834.151296888371,255.67149353027344,30.0,627.9327582223269,0.0,1,XB01_M023_G02,XB01_M023_G02,XB01,M023,6080.65625,6106.0,25.34375,10.638274326787268,0.0
E52_eddf192c3626d88d236d26e4,9.181094531647418,17.034187922993553,9.181094531647418,241.72684180786888,260.473536754158,370.9735139380034,0.13850678679446915,0.009166666666666667,0.007743923611111111,0.15541737707224693,2.4045826229277534,0.9514320696649229,224.96033935546876,0.0,0.0,224.96033935546876,352.66033935546875,2782.3013545350254,199.07135009765625,30.0,451.7268418078689,0.0,1,XB01_M023_G02,XB01_M023_G02,XB01,M023,6080.65625,6106.0,25.34375,9.181094531647418,0.0
E52_ede4029bd5e695a7a0c85289,13.575496452484359,12.925612211179384,12.925612211179384,385.2633482290822,414.4620085074026,595.3347347882426,0.22132921844037454,0.009166666666666667,0.007743923611111111,0.2382398087181523,2.3217601912818484,0.9255500597755774,350.38392333984376,0.0,0.0,350.38392333984376,478.08392333984375,4465.010510911819,278.08392333984375,30.0,595.2633482290822,0.0,1,XB01_M023_G02,XB01_M023_G02,XB01,M023,6080.65625,6106.0,25.34375,12.925612211179384,0.0
E52_ef8fa59407d07a2296b5f591,5.498060712775668,0.3151276047193221,0.3151276047193221,505.85939793409244,540.3898465933535,804.5361039126185,0.29384606362066074,0.009166666666666667,0.007743923611111111,0.3107566538984385,2.249243346101562,0.9028885456567379,414.3653839111328,0.0,0.0,414.3653839111328,542.0653839111328,6034.020779344639,284.8677062988281,30.0,715.8593979340924,0.0,1,XB01_M023_G02,XB01_M023_G02,XB01,M023,6080.65625,6106.0,25.34375,0.3151276047193221,0.0
E52_f2fabdd802684ffd17ed2273,5.806171588089725,16.925225818485302,5.806171588089725,275.2104023505881,304.60508466259984,374.0527108291059,0.15085104647056902,0.009166666666666667,0.007743923611111111,0.1677616367483468,2.3922383632516535,0.9475744885161417,352.73618774414064,0.0,0.0,352.73618774414064,480.4361877441406,2805.395331218294,291.6474609375,30.0,485.2104023505881,0.0,1,XB01_M023_G02,XB01_M023_G02,XB01,M023,6080.65625,6106.0,25.34375,5.806171588089725,0.0
E52_fd527d975e1813662620f82c,12.407342191484688,12.45056667278017,12.407342191484688,418.2192341110554,452.9085204066283,628.3027504486734,0.23771876612520712,0.009166666666666667,0.007743923611111111,0.2546293564029849,2.3053706435970156,0.9204283261240672,416.271435546875,0.0,0.0,416.271435546875,543.971435546875,4712.2706283650505,306.8754577636719,30.0,628.2192341110554,0.0,1,XB01_M023_G02,XB01_M023_G02,XB01,M023,6080.65625,6106.0,25.34375,12.407342191484688,0.0
