site_id,min_access_margin_db,backhaul_margin_db,min_twohop_margin_db,outbound_time_s,return_time_s,horizontal_time_s,flight_energy_kwh,setup_energy_kwh,service_energy_kwh,total_energy_kwh,energy_margin_kwh,return_soc,climb_out_m,climb_back_m,desc_out_m,desc_back_m,cruise_alt_m,horizontal_distance_m,max_dem_on_route_m,setup_time_s,earliest_ready_s,required_transport_shift_s,as_is_timing_feasible,atomic_task_id,parent_gap_id,pareto_id,transport_sortie_id,service_start_s,service_end_s,service_duration_s,robust_slack_db,Gamma_C_db
E52_0fa03b8d9ed736d48919c1b7,4.742741805859765,11.555158541579928,4.742741805859765,469.53189880990186,510.00510285042924,696.2245733766397,0.2655870342753843,0.009166666666666667,0.2615651041666667,0.5363188051087177,2.023681194891283,0.8324003734035257,485.67844848632814,0.0,0.0,485.67844848632814,613.3784484863281,5221.684300324798,325.1297912597656,30.0,679.5318988099018,0.0,1,N01_M003_G00,N01_M003_G00,N01,M003,2580.2125,3436.24375,856.03125,4.742741805859765,0.0
E52_1ef47ef68c1879e18ddbb164,3.398043037439095,9.684707827919368,3.398043037439095,525.9457118932837,556.9823492630754,865.6715995678175,0.30964781577290457,0.009166666666666667,0.2615651041666667,0.5803795866062379,1.9796204133937625,0.8186313791855506,372.4396484375,0.0,0.0,372.4396484375,500.1396484375,6492.536996758631,304.7821350097656,30.0,735.9457118932837,0.0,1,N01_M003_G00,N01_M003_G00,N01,M003,2580.2125,3436.24375,856.03125,3.398043037439095,0.0
E52_215ef380a7eb56a6f7d09ab1,2.537885409617246,12.440860913671315,2.537885409617246,437.2780853288336,478.35957590907447,628.0672271762219,0.2444635461376352,0.009166666666666667,0.2615651041666667,0.5151953169709685,2.044804683029032,0.8390014634465723,492.97788696289064,0.0,0.0,492.97788696289064,620.6778869628906,4710.504203821664,324.9881591796875,30.0,647.2780853288336,0.0,1,N01_M003_G00,N01_M003_G00,N01,M003,2580.2125,3436.24375,856.03125,2.537885409617246,0.0
E52_24cc4f01335372459fb4c2ba,6.1310389492713,12.909161020133865,6.1310389492713,410.2633482290822,447.7953418407359,595.3347347882426,0.23022027843265847,0.009166666666666667,0.2615651041666667,0.5009520492659918,2.0590479507340085,0.8434524846043776,450.38392333984376,0.0,0.0,450.38392333984376,578.0839233398438,4465.010510911819,278.08392333984375,30.0,620.2633482290822,0.0,1,N01_M003_G00,N01_M003_G00,N01,M003,2580.2125,3436.24375,856.03125,6.1310389492713,0.0
E52_2dadfb43d7dd9558e21effa9,6.345543613126054,12.85982438864363,6.345543613126054,396.07517918576866,428.1792069974549,599.5261915014202,0.22576797164618329,0.009166666666666667,0.2615651041666667,0.4964997424795166,2.063500257520484,0.8448438304751511,385.2483337402344,0.0,0.0,385.2483337402344,512.9483337402344,4496.446436260651,251.37640380859375,30.0,606.0751791857687,0.0,1,N01_M003_G00,N01_M003_G00,N01,M003,2580.2125,3436.24375,856.03125,6.345543613126054,0.0
E52_2e64690809088e2a96fb2160,6.026252380933741,9.500767968691491,6.026252380933741,523.7789293194231,550.945126524013,884.5606754113072,0.31155234822715455,0.009166666666666667,0.2615651041666667,0.5822841190604879,1.9777158809395126,0.8180362127935975,325.99436645507814,0.0,0.0,325.99436645507814,453.6943664550781,6634.205065584804,329.6845703125,30.0,733.7789293194231,0.0,1,N01_M003_G00,N01_M003_G00,N01,M003,2580.2125,3436.24375,856.03125,6.026252380933741,0.0
E52_30110e5b3ae38ecfab28ace2,8.293295798173915,10.05954008012911,8.293295798173915,514.4106891471403,547.7506496268766,828.7816154158626,0.30032099335417484,0.009166666666666667,0.2615651041666667,0.5710527641875082,1.9889472358124922,0.8215460111914037,400.07952575683595,0.0,0.0,400.07952575683595,527.7795257568359,6215.862115618969,313.0162353515625,30.0,724.4106891471403,0.0,1,N01_M003_G00,N01_M003_G00,N01,M003,2580.2125,3436.24375,856.03125,8.293295798173915,0.0
E52_357bbbd4dc4420221c875ea3,7.575644866037791,12.241245229232817,7.575644866037791,405.4327582223269,433.1514265878055,644.5535062517828,0.23547283792056264,0.009166666666666667,0.2615651041666667,0.506204608753896,2.0537953912461044,0.8418110597644075,332.6240203857422,0.0,0.0,332.6240203857422,460.3240203857422,4834.151296888371,255.67149353027344,30.0,615.4327582223269,0.0,1,N01_M003_G00,N01_M003_G00,N01,M003,2580.2125,3436.24375,856.03125,7.575644866037791,0.0
E52_3875f0f2b8e39572338b498b,2.428943672281946,12.654831201135607,2.428943672281946,430.443023323014,471.8276755243487,612.5781334380202,0.23983909257274777,0.009166666666666667,0.2615651041666667,0.510570863406081,2.0494291365939192,0.8404466051855997,496.61582641601564,0.0,0.0,496.61582641601564,624.3158264160156,4594.336000785152,324.3158264160156,30.0,640.443023323014,0.0,1,N01_M003_G00,N01_M003_G00,N01,M003,2580.2125,3436.24375,856.03125,2.428943672281946,0.0
E52_413d3eff5d481ef66f8d3068,6.009055198369268,9.493762996477216,6.009055198369268,548.7789293194231,584.2784598573463,884.5606754113072,0.3204434082194385,0.009166666666666667,0.2615651041666667,0.5911751790527718,1.9688248209472285,0.8152577565460088,425.99436645507814,0.0,0.0,425.99436645507814,553.6943664550781,6634.205065584804,329.6845703125,30.0,758.7789293194231,0.0,1,N01_M003_G00,N01_M003_G00,N01,M003,2580.2125,3436.24375,856.03125,6.009055198369268,0.0
E52_4513f74e4ba51c209cccc792,5.438623584529395,9.790974506635663,5.438623584529395,548.6050089915749,589.1156759023821,854.1460165183059,0.3160741321008959,0.009166666666666667,0.2615651041666667,0.5868059029342292,1.9731940970657713,0.8166231553330534,486.1280029296875,0.0,0.0,486.1280029296875,613.8280029296875,6406.095123887295,391.8226318359375,30.0,758.6050089915749,0.0,1,N01_M003_G00,N01_M003_G00,N01,M003,2580.2125,3436.24375,856.03125,5.438623584529395,0.0
E52_575c4f100493de938643a13d,1.2735129256524829,2.099203328999508,1.2735129256524829,470.05405043895155,518.0123847895375,652.3580947743875,0.259560220504969,0.009166666666666667,0.2615651041666667,0.5302919913383024,2.0297080086616983,0.8342837527067806,575.5000122070312,0.0,0.0,575.5000122070312,703.2000122070312,4892.685710807907,437.3766174316406,30.0,680.0540504389515,0.0,1,N01_M003_G00,N01_M003_G00,N01,M003,2580.2125,3436.24375,856.03125,1.2735129256524829,0.0
E52_7e5f4a4eaf9aa5b10576997a,6.0680963914717125,13.086620585622072,6.0680963914717125,384.11958913832314,414.7999833745699,584.1568128591658,0.21933939564120059,0.009166666666666667,0.2615651041666667,0.4900711664745339,2.0699288335254664,0.8468527604767082,368.16473083496095,0.0,0.0,368.16473083496095,495.86473083496094,4381.1760964437435,251.37640380859375,30.0,594.1195891383231,0.0,1,N01_M003_G00,N01_M003_G00,N01,M003,2580.2125,3436.24375,856.03125,6.0680963914717125,0.0
E52_82c821a5773d0bfbe554f10a,0.6230836731091074,11.397135806608844,0.6230836731091074,512.9354114719376,566.0737563002253,707.0407539741487,0.2825549862639304,0.009166666666666667,0.2615651041666667,0.5532867570972637,2.0067132429027366,0.8270978884071051,637.6601379394531,0.0,0.0,637.6601379394531,765.3601379394531,5302.805654806116,465.3601379394531,30.0,722.9354114719376,0.0,1,N01_M003_G00,N01_M003_G00,N01,M003,2580.2125,3436.24375,856.03125,0.6230836731091074,0.0
E52_831cee7e7a3a549796e42b18,2.595053298307789,10.042846261792022,2.595053298307789,524.445203057942,560.9167693217765,830.061008532876,0.3040708837654974,0.009166666666666667,0.2615651041666667,0.5748026545988307,1.9851973454011698,0.8203741704378654,437.65879516601564,0.0,0.0,437.65879516601564,565.3587951660156,6225.457563996571,359.5916748046875,30.0,734.445203057942,0.0,1,N01_M003_G00,N01_M003_G00,N01,M003,2580.2125,3436.24375,856.03125,2.595053298307789,0.0
E52_88c1c7aba1fcf94c58dad20e,6.018749271020425,9.497510042154289,6.018749271020425,536.2789293194231,567.6117931906797,884.5606754113072,0.3159978782232965,0.009166666666666667,0.2615651041666667,0.5867296490566298,1.9732703509433707,0.8166469846698032,375.99436645507814,0.0,0.0,375.99436645507814,503.6943664550781,6634.205065584804,329.6845703125,30.0,746.2789293194231,0.0,1,N01_M003_G00,N01_M003_G00,N01,M003,2580.2125,3436.24375,856.03125,6.018749271020425,0.0
E52_924cec2d58c933358893a332,7.352343479023318,12.302862284422105,7.352343479023318,416.670444788364,448.9844576972996,639.4568121231148,0.23874762537865796,0.009166666666666667,0.2615651041666667,0.5094793962119912,2.0505206037880095,0.8407876886837528,387.7681549072266,0.0,0.0,387.7681549072266,515.4681549072266,4795.926090923361,252.644287109375,30.0,626.670444788364,0.0,1,N01_M003_G00,N01_M003_G00,N01,M003,2580.2125,3436.24375,856.03125,7.352343479023318,0.0
E52_96da4f081c74d8211b4b244f,6.937264214523168,12.47027426673894,6.937264214523168,406.4445801679392,437.368205859671,627.3474061854878,0.23339590098708082,0.009166666666666667,0.2615651041666667,0.5041276718204142,2.0558723281795865,0.8424601025561206,371.08350830078126,0.0,0.0,371.08350830078126,498.78350830078125,4705.105546391158,251.37640380859375,30.0,616.4445801679392,0.0,1,N01_M003_G00,N01_M003_G00,N01,M003,2580.2125,3436.24375,856.03125,6.937264214523168,0.0
E52_b45db00398315637fb020e5f,2.9857581937912556,10.742298629097064,2.9857581937912556,520.0993036420956,566.0861185224667,764.2777180019647,0.2932088546230577,0.009166666666666667,0.2615651041666667,0.563940625456391,1.9960593745436095,0.8237685545448779,551.8417785644531,0.0,0.0,551.8417785644531,679.5417785644531,5732.082885014735,386.71868896484375,30.0,730.0993036420956,0.0,1,N01_M003_G00,N01_M003_G00,N01,M003,2580.2125,3436.24375,856.03125,2.9857581937912556,0.0
E52_be69bdf55826f2eb34075d09,1.990666271520169,12.029424972929434,1.990666271520169,457.6877788138426,500.48965717077624,658.5642874860837,0.25604119113741575,0.009166666666666667,0.2615651041666667,0.5267729619707491,2.0332270380292514,0.8353834493841409,513.6225402832031,0.0,0.0,513.6225402832031,641.3225402832031,4939.232156145627,341.3225402832031,30.0,667.6877788138427,0.0,1,N01_M003_G00,N01_M003_G00,N01,M003,2580.2125,3436.24375,856.03125,1.990666271520169,0.0
E52_bfffb2993ede6e2e2bd9340b,5.25975548786549,13.053008949478723,5.25975548786549,400.85355156655817,436.85476820067277,585.6998033284289,0.22550922551216515,0.009166666666666667,0.2615651041666667,0.49624099634549845,2.063759003654502,0.8449246886420317,432.014599609375,0.0,0.0,432.014599609375,559.714599609375,4392.748524963216,275.29461669921875,30.0,610.8535515665582,0.0,1,N01_M003_G00,N01_M003_G00,N01,M003,2580.2125,3436.24375,856.03125,5.25975548786549,0.0
E52_c515ea57360fd29f9add62f7,3.1934017791412828,10.649906727109496,3.1934017791412828,525.5980011021792,572.0554631586571,772.4512298654912,0.29632198385281766,0.009166666666666667,0.2615651041666667,0.5670537546861509,1.9929462453138496,0.8227957016605778,557.4895446777343,0.0,0.0,557.4895446777343,685.1895446777344,5793.384223991184,393.3172912597656,30.0,735.5980011021792,0.0,1,N01_M003_G00,N01_M003_G00,N01,M003,2580.2125,3436.24375,856.03125,3.1934017791412828,0.0
E52_c98d1e580ba9a8920eeacbdb,2.3750792528131655,9.995636820319618,2.3750792528131655,531.3190315479533,569.3529452238973,834.4345810402425,0.30713490815373307,0.009166666666666667,0.2615651041666667,0.5778666789870663,1.9821333210129342,0.8194166628165418,456.40696411132814,0.0,0.0,456.40696411132814,584.1069641113281,6258.259357801819,362.73199462890625,30.0,741.3190315479533,0.0,1,N01_M003_G00,N01_M003_G00,N01,M003,2580.2125,3436.24375,856.03125,2.3750792528131655,0.0
E52_cdef0b479e00ae29ebd83132,7.932092754264744,10.01648148125875,7.932092754264744,520.0071121141804,554.5433095222207,832.7970397801186,0.3028799960747676,0.009166666666666667,0.2615651041666667,0.5736117669081009,1.9863882330918996,0.8207463228412185,414.4343688964844,0.0,0.0,414.4343688964844,542.1343688964844,6245.977798350889,297.6476745605469,30.0,730.0071121141804,0.0,1,N01_M003_G00,N01_M003_G00,N01,M003,2580.2125,3436.24375,856.03125,7.932092754264744,0.0
E52_d3460088443e86b69235cf2f,4.33701458107241,10.110906533633653,4.33701458107241,520.9986937965015,557.4049117530444,823.5600798537452,0.3019244763287566,0.009166666666666667,0.2615651041666667,0.57265624716209,1.9873437528379105,0.8210449227618469,436.87461547851564,0.0,0.0,436.87461547851564,564.5746154785156,6176.700598903089,281.75616455078125,30.0,730.9986937965015,0.0,1,N01_M003_G00,N01_M003_G00,N01,M003,2580.2125,3436.24375,856.03125,4.33701458107241,0.0
E52_d7f1f5d49edaa9f52000c452,6.146184073429467,12.917919470378578,6.146184073429467,397.7633482290822,431.12867517406926,595.3347347882426,0.22577474843651651,0.009166666666666667,0.2615651041666667,0.49650651926984984,2.0634934807301506,0.844841712728172,400.38392333984376,0.0,0.0,400.38392333984376,528.0839233398438,4465.010510911819,278.08392333984375,30.0,607.7633482290822,0.0,1,N01_M003_G00,N01_M003_G00,N01,M003,2580.2125,3436.24375,856.03125,6.146184073429467,0.0
E52_da1eeef61bb4fffd90feecd9,5.1098972412253545,11.577048041656667,5.1098972412253545,464.4321692173844,503.4661769891943,694.6602918039094,0.2635518155735283,0.009166666666666667,0.2615651041666667,0.5342835864068616,2.025716413593139,0.8330363792478558,468.40809326171876,0.0,0.0,468.40809326171876,596.1080932617188,5209.952188529321,322.9142761230469,30.0,674.4321692173844,0.0,1,N01_M003_G00,N01_M003_G00,N01,M003,2580.2125,3436.24375,856.03125,5.1098972412253545,0.0
E52_da487d3b8a0906fb4529d12f,0.14955749359428694,15.138353346482333,0.14955749359428694,331.4673547495513,365.316990573119,459.8368945576963,0.18300743845595838,0.009166666666666667,0.2615651041666667,0.4537392092892917,2.1062607907107087,0.8582064970970964,406.1956298828125,0.0,0.0,406.1956298828125,533.8956298828125,3448.7767091827222,283.8956298828125,30.0,541.4673547495513,0.0,1,N01_M003_G00,N01_M003_G00,N01,M003,2580.2125,3436.24375,856.03125,0.14955749359428694,0.0
E52_dbe1bedc9b83d29f34556dbd,6.244700193731603,13.016499113861627,6.244700193731603,387.86022911882606,419.0031732004504,588.862793747906,0.22133620210273125,0.009166666666666667,0.2615651041666667,0.4920679729360646,2.067932027063936,0.8462287584574798,373.7153289794922,0.0,0.0,373.7153289794922,501.4153289794922,4416.470953109295,233.02317810058594,30.0,597.860229118826,0.0,1,N01_M003_G00,N01_M003_G00,N01,M003,2580.2125,3436.24375,856.03125,6.244700193731603,0.0
E52_eb490529b308e18523949520,7.558875109955238,12.235001379754962,7.558875109955238,417.9327582223269,449.8180932544721,644.5535062517828,0.23991836791670462,0.009166666666666667,0.2615651041666667,0.510650138750038,2.0493498612499623,0.8404218316406131,382.6240203857422,0.0,0.0,382.6240203857422,510.3240203857422,4834.151296888371,255.67149353027344,30.0,627.9327582223269,0.0,1,N01_M003_G00,N01_M003_G00,N01,M003,2580.2125,3436.24375,856.03125,7.558875109955238,0.0
E52_ede4029bd5e695a7a0c85289,6.159100800556587,12.925612211179384,6.159100800556587,385.2633482290822,414.4620085074026,595.3347347882426,0.22132921844037454,0.009166666666666667,0.2615651041666667,0.4920609892737079,2.0679390107262927,0.8462309408519663,350.38392333984376,0.0,0.0,350.38392333984376,478.08392333984375,4465.010510911819,278.08392333984375,30.0,595.2633482290822,0.0,1,N01_M003_G00,N01_M003_G00,N01,M003,2580.2125,3436.24375,856.03125,6.159100800556587,0.0
E52_ef8fa59407d07a2296b5f591,9.208085472474636,0.3151276047193221,0.3151276047193221,505.85939793409244,540.3898465933535,804.5361039126185,0.29384606362066074,0.009166666666666667,0.2615651041666667,0.564577834453994,1.9954221655460065,0.8235694267331268,414.3653839111328,0.0,0.0,414.3653839111328,542.0653839111328,6034.020779344639,284.8677062988281,30.0,715.8593979340924,0.0,1,N01_M003_G00,N01_M003_G00,N01,M003,2580.2125,3436.24375,856.03125,0.3151276047193221,0.0
E52_fd527d975e1813662620f82c,1.8183366490410862,12.45056667278017,1.8183366490410862,418.2192341110554,452.9085204066283,628.3027504486734,0.23771876612520712,0.009166666666666667,0.2615651041666667,0.5084505369585405,2.05154946304146,0.8411092072004561,416.271435546875,0.0,0.0,416.271435546875,543.971435546875,4712.2706283650505,307.606201171875,30.0,628.2192341110554,0.0,1,N01_M003_G00,N01_M003_G00,N01,M003,2580.2125,3436.24375,856.03125,1.8183366490410862,0.0
E52_0fa03b8d9ed736d48919c1b7,4.742741805859765,11.555158541579928,4.742741805859765,469.53189880990186,510.00510285042924,696.2245733766397,0.2655870342753843,0.009166666666666667,0.28771875,0.562472450942051,1.9975275490579496,0.8242273590806091,485.67844848632814,0.0,0.0,485.67844848632814,613.3784484863281,5221.684300324798,325.1297912597656,30.0,679.5318988099018,0.0,1,N01_M004_G00,N01_M004_G00,N01,M004,2308.23125,3249.85625,941.625,4.742741805859765,0.0
E52_1ef47ef68c1879e18ddbb164,3.398043037439095,9.684707827919368,3.398043037439095,525.9457118932837,556.9823492630754,865.6715995678175,0.30964781577290457,0.009166666666666667,0.28771875,0.6065332324395712,1.9534667675604291,0.810458364862634,372.4396484375,0.0,0.0,372.4396484375,500.1396484375,6492.536996758631,304.7821350097656,30.0,735.9457118932837,0.0,1,N01_M004_G00,N01_M004_G00,N01,M004,2308.23125,3249.85625,941.625,3.398043037439095,0.0
E52_215ef380a7eb56a6f7d09ab1,2.537885409617246,12.440860913671315,2.537885409617246,437.2780853288336,478.35957590907447,628.0672271762219,0.2444635461376352,0.009166666666666667,0.28771875,0.5413489628043019,2.0186510371956987,0.8308284491236557,492.97788696289064,0.0,0.0,492.97788696289064,620.6778869628906,4710.504203821664,324.9881591796875,30.0,647.2780853288336,0.0,1,N01_M004_G00,N01_M004_G00,N01,M004,2308.23125,3249.85625,941.625,2.537885409617246,0.0
E52_24cc4f01335372459fb4c2ba,6.1310389492713,12.909161020133865,6.1310389492713,410.2633482290822,447.7953418407359,595.3347347882426,0.23022027843265847,0.009166666666666667,0.28771875,0.5271056950993251,2.032894304900675,0.8352794702814609,450.38392333984376,0.0,0.0,450.38392333984376,578.0839233398438,4465.010510911819,278.08392333984375,30.0,620.2633482290822,0.0,1,N01_M004_G00,N01_M004_G00,N01,M004,2308.23125,3249.85625,941.625,6.1310389492713,0.0
E52_2dadfb43d7dd9558e21effa9,6.345543613126054,12.85982438864363,6.345543613126054,396.07517918576866,428.1792069974549,599.5261915014202,0.22576797164618329,0.009166666666666667,0.28771875,0.5226533883128499,2.0373466116871506,0.8366708161522344,385.2483337402344,0.0,0.0,385.2483337402344,512.9483337402344,4496.446436260651,251.37640380859375,30.0,606.0751791857687,0.0,1,N01_M004_G00,N01_M004_G00,N01,M004,2308.23125,3249.85625,941.625,6.345543613126054,0.0
E52_2e64690809088e2a96fb2160,6.014039441234999,9.500767968691491,6.014039441234999,523.7789293194231,550.945126524013,884.5606754113072,0.31155234822715455,0.009166666666666667,0.28771875,0.6084377648938213,1.9515622351061792,0.8098631984706809,325.99436645507814,0.0,0.0,325.99436645507814,453.6943664550781,6634.205065584804,329.6845703125,30.0,733.7789293194231,0.0,1,N01_M004_G00,N01_M004_G00,N01,M004,2308.23125,3249.85625,941.625,6.014039441234999,0.0
E52_30110e5b3ae38ecfab28ace2,8.274212231078494,10.05954008012911,8.274212231078494,514.4106891471403,547.7506496268766,828.7816154158626,0.30032099335417484,0.009166666666666667,0.28771875,0.5972064100208415,1.9627935899791589,0.8133729968684871,400.07952575683595,0.0,0.0,400.07952575683595,527.7795257568359,6215.862115618969,313.0162353515625,30.0,724.4106891471403,0.0,1,N01_M004_G00,N01_M004_G00,N01,M004,2308.23125,3249.85625,941.625,8.274212231078494,0.0
E52_357bbbd4dc4420221c875ea3,7.575644866037791,12.241245229232817,7.575644866037791,405.4327582223269,433.1514265878055,644.5535062517828,0.23547283792056264,0.009166666666666667,0.28771875,0.5323582545872293,2.027641745412771,0.8336380454414909,332.6240203857422,0.0,0.0,332.6240203857422,460.3240203857422,4834.151296888371,255.67149353027344,30.0,615.4327582223269,0.0,1,N01_M004_G00,N01_M004_G00,N01,M004,2308.23125,3249.85625,941.625,7.575644866037791,0.0
E52_3875f0f2b8e39572338b498b,2.428943672281946,12.654831201135607,2.428943672281946,430.443023323014,471.8276755243487,612.5781334380202,0.23983909257274777,0.009166666666666667,0.28771875,0.5367245092394144,2.023275490760586,0.832273590862683,496.61582641601564,0.0,0.0,496.61582641601564,624.3158264160156,4594.336000785152,324.3158264160156,30.0,640.443023323014,0.0,1,N01_M004_G00,N01_M004_G00,N01,M004,2308.23125,3249.85625,941.625,2.428943672281946,0.0
E52_413d3eff5d481ef66f8d3068,5.996890456283907,9.493762996477216,5.996890456283907,548.7789293194231,584.2784598573463,884.5606754113072,0.3204434082194385,0.009166666666666667,0.28771875,0.6173288248861052,1.9426711751138952,0.8070847422230921,425.99436645507814,0.0,0.0,425.99436645507814,553.6943664550781,6634.205065584804,329.6845703125,30.0,758.7789293194231,0.0,1,N01_M004_G00,N01_M004_G00,N01,M004,2308.23125,3249.85625,941.625,5.996890456283907,0.0
E52_4513f74e4ba51c209cccc792,5.430405762258175,9.790974506635663,5.430405762258175,548.6050089915749,589.1156759023821,854.1460165183059,0.3160741321008959,0.009166666666666667,0.28771875,0.6129595487675625,1.947040451232438,0.8084501410101367,486.1280029296875,0.0,0.0,486.1280029296875,613.8280029296875,6406.095123887295,391.8226318359375,30.0,758.6050089915749,0.0,1,N01_M004_G00,N01_M004_G00,N01,M004,2308.23125,3249.85625,941.625,5.430405762258175,0.0
E52_575c4f100493de938643a13d,1.2735129256524829,2.099203328999508,1.2735129256524829,470.05405043895155,518.0123847895375,652.3580947743875,0.259560220504969,0.009166666666666667,0.28771875,0.5564456371716358,2.003554362828365,0.8261107383838638,575.5000122070312,0.0,0.0,575.5000122070312,703.2000122070312,4892.685710807907,437.3766174316406,30.0,680.0540504389515,0.0,1,N01_M004_G00,N01_M004_G00,N01,M004,2308.23125,3249.85625,941.625,1.2735129256524829,0.0
E52_7e5f4a4eaf9aa5b10576997a,6.0680963914717125,13.086620585622072,6.0680963914717125,384.11958913832314,414.7999833745699,584.1568128591658,0.21933939564120059,0.009166666666666667,0.28771875,0.5162248123078672,2.043775187692133,0.8386797461537915,368.16473083496095,0.0,0.0,368.16473083496095,495.86473083496094,4381.1760964437435,251.37640380859375,30.0,594.1195891383231,0.0,1,N01_M004_G00,N01_M004_G00,N01,M004,2308.23125,3249.85625,941.625,6.0680963914717125,0.0
E52_82c821a5773d0bfbe554f10a,0.6230836731091074,11.397135806608844,0.6230836731091074,512.9354114719376,566.0737563002253,707.0407539741487,0.2825549862639304,0.009166666666666667,0.28771875,0.5794404029305971,1.9805595970694034,0.8189248740841885,637.6601379394531,0.0,0.0,637.6601379394531,765.3601379394531,5302.805654806116,465.3601379394531,30.0,722.9354114719376,0.0,1,N01_M004_G00,N01_M004_G00,N01,M004,2308.23125,3249.85625,941.625,0.6230836731091074,0.0
E52_831cee7e7a3a549796e42b18,2.595053298307789,10.042846261792022,2.595053298307789,524.445203057942,560.9167693217765,830.061008532876,0.3040708837654974,0.009166666666666667,0.28771875,0.6009563004321641,1.9590436995678364,0.8122011561149487,437.65879516601564,0.0,0.0,437.65879516601564,565.3587951660156,6225.457563996571,359.5916748046875,30.0,734.445203057942,0.0,1,N01_M004_G00,N01_M004_G00,N01,M004,2308.23125,3249.85625,941.625,2.595053298307789,0.0
E52_88c1c7aba1fcf94c58dad20e,6.006557383287543,9.497510042154289,6.006557383287543,536.2789293194231,567.6117931906797,884.5606754113072,0.3159978782232965,0.009166666666666667,0.28771875,0.6128832948899632,1.9471167051100373,0.8084739703468865,375.99436645507814,0.0,0.0,375.99436645507814,503.6943664550781,6634.205065584804,329.6845703125,30.0,746.2789293194231,0.0,1,N01_M004_G00,N01_M004_G00,N01,M004,2308.23125,3249.85625,941.625,6.006557383287543,0.0
E52_924cec2d58c933358893a332,7.352343479023318,12.302862284422105,7.352343479023318,416.670444788364,448.9844576972996,639.4568121231148,0.23874762537865796,0.009166666666666667,0.28771875,0.5356330420453246,2.024366957954676,0.832614674360836,387.7681549072266,0.0,0.0,387.7681549072266,515.4681549072266,4795.926090923361,252.644287109375,30.0,626.670444788364,0.0,1,N01_M004_G00,N01_M004_G00,N01,M004,2308.23125,3249.85625,941.625,7.352343479023318,0.0
E52_96da4f081c74d8211b4b244f,6.937264214523168,12.47027426673894,6.937264214523168,406.4445801679392,437.368205859671,627.3474061854878,0.23339590098708082,0.009166666666666667,0.28771875,0.5302813176537475,2.029718682346253,0.8342870882332039,371.08350830078126,0.0,0.0,371.08350830078126,498.78350830078125,4705.105546391158,251.37640380859375,30.0,616.4445801679392,0.0,1,N01_M004_G00,N01_M004_G00,N01,M004,2308.23125,3249.85625,941.625,6.937264214523168,0.0
E52_b45db00398315637fb020e5f,2.9857581937912556,10.742298629097064,2.9857581937912556,520.0993036420956,566.0861185224667,764.2777180019647,0.2932088546230577,0.009166666666666667,0.28771875,0.5900942712897244,1.9699057287102761,0.8155955402219611,551.8417785644531,0.0,0.0,551.8417785644531,679.5417785644531,5732.082885014735,386.71868896484375,30.0,730.0993036420956,0.0,1,N01_M004_G00,N01_M004_G00,N01,M004,2308.23125,3249.85625,941.625,2.9857581937912556,0.0
E52_be69bdf55826f2eb34075d09,1.990666271520169,12.029424972929434,1.990666271520169,457.6877788138426,500.48965717077624,658.5642874860837,0.25604119113741575,0.009166666666666667,0.28771875,0.5529266078040824,2.007073392195918,0.8272104350612243,513.6225402832031,0.0,0.0,513.6225402832031,641.3225402832031,4939.232156145627,341.3225402832031,30.0,667.6877788138427,0.0,1,N01_M004_G00,N01_M004_G00,N01,M004,2308.23125,3249.85625,941.625,1.990666271520169,0.0
E52_bfffb2993ede6e2e2bd9340b,5.25975548786549,13.053008949478723,5.25975548786549,400.85355156655817,436.85476820067277,585.6998033284289,0.22550922551216515,0.009166666666666667,0.28771875,0.5223946421788318,2.037605357821169,0.836751674319115,432.014599609375,0.0,0.0,432.014599609375,559.714599609375,4392.748524963216,275.29461669921875,30.0,610.8535515665582,0.0,1,N01_M004_G00,N01_M004_G00,N01,M004,2308.23125,3249.85625,941.625,5.25975548786549,0.0
E52_c515ea57360fd29f9add62f7,3.1934017791412828,10.649906727109496,3.1934017791412828,525.5980011021792,572.0554631586571,772.4512298654912,0.29632198385281766,0.009166666666666667,0.28771875,0.5932074005194843,1.9667925994805162,0.8146226873376612,557.4895446777343,0.0,0.0,557.4895446777343,685.1895446777344,5793.384223991184,393.3172912597656,30.0,735.5980011021792,0.0,1,N01_M004_G00,N01_M004_G00,N01,M004,2308.23125,3249.85625,941.625,3.1934017791412828,0.0
E52_c98d1e580ba9a8920eeacbdb,2.3750792528131655,9.995636820319618,2.3750792528131655,531.3190315479533,569.3529452238973,834.4345810402425,0.30713490815373307,0.009166666666666667,0.28771875,0.6040203248203997,1.9559796751796008,0.8112436484936251,456.40696411132814,0.0,0.0,456.40696411132814,584.1069641113281,6258.259357801819,362.73199462890625,30.0,741.3190315479533,0.0,1,N01_M004_G00,N01_M004_G00,N01,M004,2308.23125,3249.85625,941.625,2.3750792528131655,0.0
E52_cdef0b479e00ae29ebd83132,7.914652990064113,10.01648148125875,7.914652990064113,520.0071121141804,554.5433095222207,832.7970397801186,0.3028799960747676,0.009166666666666667,0.28771875,0.5997654127414342,1.9602345872585663,0.8125733085183018,414.4343688964844,0.0,0.0,414.4343688964844,542.1343688964844,6245.977798350889,297.6476745605469,30.0,730.0071121141804,0.0,1,N01_M004_G00,N01_M004_G00,N01,M004,2308.23125,3249.85625,941.625,7.914652990064113,0.0
E52_d3460088443e86b69235cf2f,4.33701458107241,10.110906533633653,4.33701458107241,520.9986937965015,557.4049117530444,823.5600798537452,0.3019244763287566,0.009166666666666667,0.28771875,0.5988098929954233,1.9611901070045772,0.8128719084389302,436.87461547851564,0.0,0.0,436.87461547851564,564.5746154785156,6176.700598903089,281.75616455078125,30.0,730.9986937965015,0.0,1,N01_M004_G00,N01_M004_G00,N01,M004,2308.23125,3249.85625,941.625,4.33701458107241,0.0
E52_d7f1f5d49edaa9f52000c452,6.146184073429467,12.917919470378578,6.146184073429467,397.7633482290822,431.12867517406926,595.3347347882426,0.22577474843651651,0.009166666666666667,0.28771875,0.5226601651031832,2.0373398348968172,0.8366686984052553,400.38392333984376,0.0,0.0,400.38392333984376,528.0839233398438,4465.010510911819,278.08392333984375,30.0,607.7633482290822,0.0,1,N01_M004_G00,N01_M004_G00,N01,M004,2308.23125,3249.85625,941.625,6.146184073429467,0.0
E52_da1eeef61bb4fffd90feecd9,5.1098972412253545,11.577048041656667,5.1098972412253545,464.4321692173844,503.4661769891943,694.6602918039094,0.2635518155735283,0.009166666666666667,0.28771875,0.5604372322401949,1.9995627677598056,0.8248633649249391,468.40809326171876,0.0,0.0,468.40809326171876,596.1080932617188,5209.952188529321,322.9142761230469,30.0,674.4321692173844,0.0,1,N01_M004_G00,N01_M004_G00,N01,M004,2308.23125,3249.85625,941.625,5.1098972412253545,0.0
E52_da487d3b8a0906fb4529d12f,0.14955749359428694,15.138353346482333,0.14955749359428694,331.4673547495513,365.316990573119,459.8368945576963,0.18300743845595838,0.009166666666666667,0.28771875,0.47989285512262503,2.0801071448773754,0.8500334827741797,406.1956298828125,0.0,0.0,406.1956298828125,533.8956298828125,3448.7767091827222,283.8956298828125,30.0,541.4673547495513,0.0,1,N01_M004_G00,N01_M004_G00,N01,M004,2308.23125,3249.85625,941.625,0.14955749359428694,0.0
E52_dbe1bedc9b83d29f34556dbd,6.244700193731603,13.016499113861627,6.244700193731603,387.86022911882606,419.0031732004504,588.862793747906,0.22133620210273125,0.009166666666666667,0.28771875,0.518221618769398,2.0417783812306025,0.8380557441345631,373.7153289794922,0.0,0.0,373.7153289794922,501.4153289794922,4416.470953109295,233.02317810058594,30.0,597.860229118826,0.0,1,N01_M004_G00,N01_M004_G00,N01,M004,2308.23125,3249.85625,941.625,6.244700193731603,0.0
E52_eb490529b308e18523949520,7.558875109955238,12.235001379754962,7.558875109955238,417.9327582223269,449.8180932544721,644.5535062517828,0.23991836791670462,0.009166666666666667,0.28771875,0.5368037845833713,2.023196215416629,0.8322488173176965,382.6240203857422,0.0,0.0,382.6240203857422,510.3240203857422,4834.151296888371,255.67149353027344,30.0,627.9327582223269,0.0,1,N01_M004_G00,N01_M004_G00,N01,M004,2308.23125,3249.85625,941.625,7.558875109955238,0.0
E52_ede4029bd5e695a7a0c85289,6.159100800556587,12.925612211179384,6.159100800556587,385.2633482290822,414.4620085074026,595.3347347882426,0.22132921844037454,0.009166666666666667,0.28771875,0.5182146351070412,2.0417853648929594,0.8380579265290496,350.38392333984376,0.0,0.0,350.38392333984376,478.08392333984375,4465.010510911819,278.08392333984375,30.0,595.2633482290822,0.0,1,N01_M004_G00,N01_M004_G00,N01,M004,2308.23125,3249.85625,941.625,6.159100800556587,0.0
E52_ef8fa59407d07a2296b5f591,9.186040195140023,0.3151276047193221,0.3151276047193221,505.85939793409244,540.3898465933535,804.5361039126185,0.29384606362066074,0.009166666666666667,0.28771875,0.5907314802873274,1.9692685197126731,0.8153964124102102,414.3653839111328,0.0,0.0,414.3653839111328,542.0653839111328,6034.020779344639,284.8677062988281,30.0,715.8593979340924,0.0,1,N01_M004_G00,N01_M004_G00,N01,M004,2308.23125,3249.85625,941.625,0.3151276047193221,0.0
E52_fd527d975e1813662620f82c,1.8183366490410862,12.45056667278017,1.8183366490410862,418.2192341110554,452.9085204066283,628.3027504486734,0.23771876612520712,0.009166666666666667,0.28771875,0.5346041827918738,2.0253958172081266,0.8329361928775394,416.271435546875,0.0,0.0,416.271435546875,543.971435546875,4712.2706283650505,307.606201171875,30.0,628.2192341110554,0.0,1,N01_M004_G00,N01_M004_G00,N01,M004,2308.23125,3249.85625,941.625,1.8183366490410862,0.0
E52_189eb019491ad876aa165071,4.910998135102375,3.8094716871601975,3.8094716871601975,403.09916814168594,448.35288467407526,534.676037089036,0.21908171065325852,0.009166666666666667,0.2849592013888889,0.5132075787088141,2.0467924212911863,0.8396226316534956,543.0445983886718,0.0,0.0,543.0445983886718,670.7445983886719,4010.07027816777,391.87322998046875,30.0,613.0991681416859,0.0,1,N01_M005_G00,N01_M005_G00,N01,M005,4434.0625,5366.65625,932.59375,3.8094716871601975,0.0
E52_231de36c6439da832299e30f,3.094118306520926,16.451156269229884,3.094118306520926,336.2639482811268,383.1573412254627,391.1675388962379,0.1749881335365896,0.009166666666666667,0.2849592013888889,0.46911400159214517,2.090885998407855,0.8534018745024546,562.7207153320312,0.0,0.0,562.7207153320312,690.4207153320312,2933.7565417217843,390.42071533203125,30.0,546.2639482811268,0.0,1,N01_M005_G00,N01_M005_G00,N01,M005,4434.0625,5366.65625,932.59375,3.094118306520926,0.0
E52_246111a1ef063bec9e89ec9e,6.759696504692187,13.03223549741864,6.759696504692187,413.11352328410356,453.07003166626504,586.4879962752384,0.22998101771643822,0.009166666666666667,0.2849592013888889,0.5241068857719938,2.035893114228007,0.8362165981962519,479.4781005859375,0.0,0.0,479.4781005859375,607.1781005859375,4398.659972064288,469.28277587890625,30.0,623.1135232841036,0.0,1,N01_M005_G00,N01_M005_G00,N01,M005,4434.0625,5366.65625,932.59375,6.759696504692187,0.0
E52_347c51b45a583dd4c5a4aad0,9.437020990513147,10.359339260709504,9.437020990513147,545.8106765870443,594.6474365357748,798.6007934817058,0.3072138543106079,0.009166666666666667,0.2849592013888889,0.6013397223661634,1.958660277633837,0.8120813367605739,586.0411193847656,0.0,0.0,586.0411193847656,713.7411193847656,5989.505951112793,425.30462646484375,30.0,755.8106765870443,0.0,1,N01_M005_G00,N01_M005_G00,N01,M005,4434.0625,5366.65625,932.59375,9.437020990513147,0.0
E52_47db2d0d55c92154c779a4c9,3.0205906267075733,16.45726286038159,3.0205906267075733,312.62709924858126,351.3219092257948,393.08533863388124,0.16685347284684848,0.009166666666666667,0.2849592013888889,0.46097934090240406,2.0990206590975964,0.8559439559679988,464.3377197265625,0.0,0.0,464.3377197265625,592.0377197265625,2948.1400397541092,295.61395263671875,30.0,522.6270992485813,0.0,1,N01_M005_G00,N01_M005_G00,N01,M005,4434.0625,5366.65625,932.59375,3.0205906267075733,0.0
E52_60b0dc656c777ee2cc2279b1,8.753044572328136,0.21315146591224732,0.21315146591224732,563.4362729251038,615.9641949832094,811.705013501575,0.3153381258454166,0.009166666666666667,0.2849592013888889,0.6094639939009722,1.9505360060990284,0.8095425019059462,630.3350646972656,0.0,0.0,630.3350646972656,758.0350646972656,6087.787601261813,495.9024353027344,30.0,773.4362729251038,0.0,1,N01_M005_G00,N01_M005_G00,N01,M005,4434.0625,5366.65625,932.59375,0.21315146591224732,0.0
E52_6dc095df8eb6475486134b5c,6.915729524772303,12.905188948092743,6.915729524772303,424.06014837873875,466.2734748964797,594.8403376510322,0.23505698741925235,0.009166666666666667,0.2849592013888889,0.5291828554748079,2.0308171445251926,0.8346303576641225,506.55991821289064,0.0,0.0,506.55991821289064,634.2599182128906,4461.302532382741,440.2059631347656,30.0,634.0601483787387,0.0,1,N01_M005_G00,N01_M005_G00,N01,M005,4434.0625,5366.65625,932.59375,6.915729524772303,0.0
E52_82c821a5773d0bfbe554f10a,3.9055423871373875,11.397135806608844,3.9055423871373875,512.9354114719376,566.0737563002253,707.0407539741487,0.2825549862639304,0.009166666666666667,0.2849592013888889,0.5766808543194859,1.9833191456805146,0.8197872330251607,637.6601379394531,0.0,0.0,637.6601379394531,765.3601379394531,5302.805654806116,465.3601379394531,30.0,722.9354114719376,0.0,1,N01_M005_G00,N01_M005_G00,N01,M005,4434.0625,5366.65625,932.59375,3.9055423871373875,0.0
E52_8d375985c45fff9288668cb3,3.1370206879068405,16.222123863058812,3.1370206879068405,353.99602207193686,405.21742048909175,400.663653640944,0.182639281392285,0.009166666666666667,0.2849592013888889,0.47676514944784054,2.08323485055216,0.8510108907975499,614.6567810058593,0.0,0.0,614.6567810058593,742.3567810058594,3004.97740230708,442.3567810058594,30.0,563.9960220719369,0.0,1,N01_M005_G00,N01_M005_G00,N01,M005,4434.0625,5366.65625,932.59375,3.1370206879068405,0.0
E52_9b18c2085562c5280ea1e394,8.461273767712726,0.02697066595830222,0.02697066595830222,563.4972144032131,613.0086493397365,829.9258191872856,0.3179402888393461,0.009166666666666667,0.2849592013888889,0.6120661568949017,1.9479338431050988,0.8087293259703432,594.1372192382812,0.0,0.0,594.1372192382812,721.8372192382812,6224.443643904642,493.42156982421875,30.0,773.4972144032131,0.0,1,N01_M005_G00,N01_M005_G00,N01,M005,4434.0625,5366.65625,932.59375,0.02697066595830222,0.0
E52_a1af1f4ab7d520e82e20be53,8.684061607804495,0.45430012492889205,0.45430012492889205,547.7224457312177,598.7128286250978,789.5025940991541,0.30660524396013417,0.009166666666666667,0.2849592013888889,0.6007311120156897,1.9592688879843108,0.8122715274950969,611.8845947265625,0.0,0.0,611.8845947265625,739.5845947265625,5921.269455743655,499.0620422363281,30.0,757.7224457312177,0.0,1,N01_M005_G00,N01_M005_G00,N01,M005,4434.0625,5366.65625,932.59375,0.45430012492889205,0.0
E52_b8aeee13ee5f313ffdb298e7,9.11978889320659,0.32052137756616617,0.32052137756616617,550.9628084392909,600.9445446860357,802.0351993981131,0.309532562555218,0.009166666666666667,0.2849592013888889,0.6036584306107735,1.956341569389227,0.8113567404341333,599.7808349609375,0.0,0.0,599.7808349609375,727.4808349609375,6015.263995485849,488.552978515625,30.0,760.9628084392909,0.0,1,N01_M005_G00,N01_M005_G00,N01,M005,4434.0625,5366.65625,932.59375,0.32052137756616617,0.0
E52_be69bdf55826f2eb34075d09,2.1858471240912536,12.029424972929434,2.1858471240912536,457.6877788138426,500.48965717077624,658.5642874860837,0.25604119113741575,0.009166666666666667,0.2849592013888889,0.5501670591929713,2.009832940807029,0.8280727940021965,513.6225402832031,0.0,0.0,513.6225402832031,641.3225402832031,4939.232156145627,341.3225402832031,30.0,667.6877788138427,0.0,1,N01_M005_G00,N01_M005_G00,N01,M005,4434.0625,5366.65625,932.59375,2.1858471240912536,0.0
E52_c10a50247c57c0340b451298,6.585315506004903,3.1495087650690863,3.1495087650690863,410.4813485396202,450.8988478275434,578.4577013517014,0.22790762835174688,0.009166666666666667,0.2849592013888889,0.5220334964073025,2.037966503592698,0.836864532372718,485.00999145507814,0.0,0.0,485.00999145507814,612.7099914550781,4338.432760137761,515.4917602539062,30.0,620.4813485396203,0.0,1,N01_M005_G00,N01_M005_G00,N01,M005,4434.0625,5366.65625,932.59375,3.1495087650690863,0.0
E52_c117f06f984d58b2275e6c48,9.449355265521092,0.365836005255062,0.365836005255062,533.3106765870443,577.980769869108,798.6007934817058,0.30276832431446593,0.009166666666666667,0.2849592013888889,0.5968941923700215,1.963105807629979,0.8134705648843683,536.0411193847656,0.0,0.0,536.0411193847656,663.7411193847656,5989.505951112793,425.30462646484375,30.0,743.3106765870443,0.0,1,N01_M005_G00,N01_M005_G00,N01,M005,4434.0625,5366.65625,932.59375,0.365836005255062,0.0
E52_d6d1511afdebb88632549a71,3.3606450562612338,16.177909036830457,3.3606450562612338,342.76879390848103,389.67749650450963,404.08537224079015,0.1791309979165653,0.009166666666666667,0.2849592013888889,0.4732568659721209,2.0867431340278797,0.8521072293837122,562.9044311523437,0.0,0.0,562.9044311523437,690.6044311523438,3030.640291805926,390.60443115234375,30.0,552.768793908481,0.0,1,N01_M005_G00,N01_M005_G00,N01,M005,4434.0625,5366.65625,932.59375,3.3606450562612338,0.0
E52_dd12fb0cc4aee52816704b73,9.224421161244706,0.5498680641518376,0.5498680641518376,547.6210002825783,600.0718247658139,780.5370536657424,0.3052994367315811,0.009166666666666667,0.2849592013888889,0.5994253047871367,1.9605746952128638,0.8126795922540198,629.4098937988281,0.0,0.0,629.4098937988281,757.1098937988281,5854.027902493068,543.108642578125,30.0,757.6210002825783,0.0,1,N01_M005_G00,N01_M005_G00,N01,M005,4434.0625,5366.65625,932.59375,0.5498680641518376,0.0
E52_189eb019491ad876aa165071,4.910998135102375,3.8094716871601975,3.8094716871601975,403.09916814168594,448.35288467407526,534.676037089036,0.21908171065325852,0.009166666666666667,0.3082578125,0.5365061898199251,2.0234938101800752,0.8323418156812734,543.0445983886718,0.0,0.0,543.0445983886718,670.7445983886719,4010.07027816777,391.87322998046875,30.0,613.0991681416859,0.0,1,N01_M006_G00,N01_M006_G00,N01,M006,4486.0375,5494.88125,1008.84375,3.8094716871601975,0.0
E52_231de36c6439da832299e30f,3.094118306520926,16.451156269229884,3.094118306520926,336.2639482811268,383.1573412254627,391.1675388962379,0.1749881335365896,0.009166666666666667,0.3082578125,0.49241261270325626,2.067587387296744,0.8461210585302325,562.7207153320312,0.0,0.0,562.7207153320312,690.4207153320312,2933.7565417217843,390.42071533203125,30.0,546.2639482811268,0.0,1,N01_M006_G00,N01_M006_G00,N01,M006,4486.0375,5494.88125,1008.84375,3.094118306520926,0.0
E52_246111a1ef063bec9e89ec9e,6.759696504692187,13.03223549741864,6.759696504692187,413.11352328410356,453.07003166626504,586.4879962752384,0.22998101771643822,0.009166666666666667,0.3082578125,0.5474054968831049,2.0125945031168957,0.8289357822240297,479.4781005859375,0.0,0.0,479.4781005859375,607.1781005859375,4398.659972064288,469.28277587890625,30.0,623.1135232841036,0.0,1,N01_M006_G00,N01_M006_G00,N01,M006,4486.0375,5494.88125,1008.84375,6.759696504692187,0.0
E52_347c51b45a583dd4c5a4aad0,9.41261211732487,10.359339260709504,9.41261211732487,545.8106765870443,594.6474365357748,798.6007934817058,0.3072138543106079,0.009166666666666667,0.3082578125,0.6246383334772745,1.935361666522726,0.8048005207883517,586.0411193847656,0.0,0.0,586.0411193847656,713.7411193847656,5989.505951112793,425.30462646484375,30.0,755.8106765870443,0.0,1,N01_M006_G00,N01_M006_G00,N01,M006,4486.0375,5494.88125,1008.84375,9.41261211732487,0.0
E52_47db2d0d55c92154c779a4c9,3.0205906267075733,16.45726286038159,3.0205906267075733,312.62709924858126,351.3219092257948,393.08533863388124,0.16685347284684848,0.009166666666666667,0.3082578125,0.48427795201351514,2.0757220479864853,0.8486631399957765,464.3377197265625,0.0,0.0,464.3377197265625,592.0377197265625,2948.1400397541092,295.61395263671875,30.0,522.6270992485813,0.0,1,N01_M006_G00,N01_M006_G00,N01,M006,4486.0375,5494.88125,1008.84375,3.0205906267075733,0.0
E52_60b0dc656c777ee2cc2279b1,8.731618521876342,0.21315146591224732,0.21315146591224732,563.4362729251038,615.9641949832094,811.705013501575,0.3153381258454166,0.009166666666666667,0.3082578125,0.6327626050120833,1.9272373949879174,0.8022616859337239,630.3350646972656,0.0,0.0,630.3350646972656,758.0350646972656,6087.787601261813,495.9024353027344,30.0,773.4362729251038,0.0,1,N01_M006_G00,N01_M006_G00,N01,M006,4486.0375,5494.88125,1008.84375,0.21315146591224732,0.0
E52_6dc095df8eb6475486134b5c,6.915729524772303,12.905188948092743,6.915729524772303,424.06014837873875,466.2734748964797,594.8403376510322,0.23505698741925235,0.009166666666666667,0.3082578125,0.552481466585919,2.0075185334140815,0.8273495416919003,506.55991821289064,0.0,0.0,506.55991821289064,634.2599182128906,4461.302532382741,440.2059631347656,30.0,634.0601483787387,0.0,1,N01_M006_G00,N01_M006_G00,N01,M006,4486.0375,5494.88125,1008.84375,6.915729524772303,0.0
E52_82c821a5773d0bfbe554f10a,3.9055423871373875,11.397135806608844,3.9055423871373875,512.9354114719376,566.0737563002253,707.0407539741487,0.2825549862639304,0.009166666666666667,0.3082578125,0.599979465430597,1.9600205345694035,0.8125064170529385,637.6601379394531,0.0,0.0,637.6601379394531,765.3601379394531,5302.805654806116,465.3601379394531,30.0,722.9354114719376,0.0,1,N01_M006_G00,N01_M006_G00,N01,M006,4486.0375,5494.88125,1008.84375,3.9055423871373875,0.0
E52_8d375985c45fff9288668cb3,3.1370206879068405,16.222123863058812,3.1370206879068405,353.99602207193686,405.21742048909175,400.663653640944,0.182639281392285,0.009166666666666667,0.3082578125,0.5000637605589516,2.0599362394410488,0.8437300748253276,614.6567810058593,0.0,0.0,614.6567810058593,742.3567810058594,3004.97740230708,442.3567810058594,30.0,563.9960220719369,0.0,1,N01_M006_G00,N01_M006_G00,N01,M006,4486.0375,5494.88125,1008.84375,3.1370206879068405,0.0
E52_9b18c2085562c5280ea1e394,8.439664146591724,0.02697066595830222,0.02697066595830222,563.4972144032131,613.0086493397365,829.9258191872856,0.3179402888393461,0.009166666666666667,0.3082578125,0.6353647680060128,1.9246352319939877,0.801448509998121,594.1372192382812,0.0,0.0,594.1372192382812,721.8372192382812,6224.443643904642,493.42156982421875,30.0,773.4972144032131,0.0,1,N01_M006_G00,N01_M006_G00,N01,M006,4486.0375,5494.88125,1008.84375,0.02697066595830222,0.0
E52_a1af1f4ab7d520e82e20be53,8.665623568049583,0.45430012492889205,0.45430012492889205,547.7224457312177,598.7128286250978,789.5025940991541,0.30660524396013417,0.009166666666666667,0.3082578125,0.6240297231268008,1.9359702768731997,0.8049907115228747,611.8845947265625,0.0,0.0,611.8845947265625,739.5845947265625,5921.269455743655,499.0620422363281,30.0,757.7224457312177,0.0,1,N01_M006_G00,N01_M006_G00,N01,M006,4486.0375,5494.88125,1008.84375,0.45430012492889205,0.0
E52_b8aeee13ee5f313ffdb298e7,9.097130789426728,0.32052137756616617,0.32052137756616617,550.9628084392909,600.9445446860357,802.0351993981131,0.309532562555218,0.009166666666666667,0.3082578125,0.6269570417218846,1.933042958278116,0.8040759244619111,599.7808349609375,0.0,0.0,599.7808349609375,727.4808349609375,6015.263995485849,488.552978515625,30.0,760.9628084392909,0.0,1,N01_M006_G00,N01_M006_G00,N01,M006,4486.0375,5494.88125,1008.84375,0.32052137756616617,0.0
E52_be69bdf55826f2eb34075d09,2.1858471240912536,12.029424972929434,2.1858471240912536,457.6877788138426,500.48965717077624,658.5642874860837,0.25604119113741575,0.009166666666666667,0.3082578125,0.5734656703040824,1.9865343296959181,0.8207919780299743,513.6225402832031,0.0,0.0,513.6225402832031,641.3225402832031,4939.232156145627,341.3225402832031,30.0,667.6877788138427,0.0,1,N01_M006_G00,N01_M006_G00,N01,M006,4486.0375,5494.88125,1008.84375,2.1858471240912536,0.0
E52_c10a50247c57c0340b451298,6.585315506004903,3.1495087650690863,3.1495087650690863,410.4813485396202,450.8988478275434,578.4577013517014,0.22790762835174688,0.009166666666666667,0.3082578125,0.5453321075184135,2.014667892481587,0.8295837164004958,485.00999145507814,0.0,0.0,485.00999145507814,612.7099914550781,4338.432760137761,515.4917602539062,30.0,620.4813485396203,0.0,1,N01_M006_G00,N01_M006_G00,N01,M006,4486.0375,5494.88125,1008.84375,3.1495087650690863,0.0
E52_c117f06f984d58b2275e6c48,9.424877166119956,0.365836005255062,0.365836005255062,533.3106765870443,577.980769869108,798.6007934817058,0.30276832431446593,0.009166666666666667,0.3082578125,0.6201928034811326,1.939807196518868,0.8061897489121461,536.0411193847656,0.0,0.0,536.0411193847656,663.7411193847656,5989.505951112793,425.30462646484375,30.0,743.3106765870443,0.0,1,N01_M006_G00,N01_M006_G00,N01,M006,4486.0375,5494.88125,1008.84375,0.365836005255062,0.0
E52_d6d1511afdebb88632549a71,3.3606450562612338,16.177909036830457,3.3606450562612338,342.76879390848103,389.67749650450963,404.08537224079015,0.1791309979165653,0.009166666666666667,0.3082578125,0.496555477083232,2.0634445229167686,0.84482641341149,562.9044311523437,0.0,0.0,562.9044311523437,690.6044311523438,3030.640291805926,390.60443115234375,30.0,552.768793908481,0.0,1,N01_M006_G00,N01_M006_G00,N01,M006,4486.0375,5494.88125,1008.84375,3.3606450562612338,0.0
E52_dd12fb0cc4aee52816704b73,9.203779349482204,0.5498680641518376,0.5498680641518376,547.6210002825783,600.0718247658139,780.5370536657424,0.3052994367315811,0.009166666666666667,0.3082578125,0.6227239158982478,1.9372760841017527,0.8053987762817976,629.4098937988281,0.0,0.0,629.4098937988281,757.1098937988281,5854.027902493068,543.108642578125,30.0,757.6210002825783,0.0,1,N01_M006_G00,N01_M006_G00,N01,M006,4486.0375,5494.88125,1008.84375,0.5498680641518376,0.0
E52_189eb019491ad876aa165071,4.910998135102375,3.8094716871601975,3.8094716871601975,403.09916814168594,448.35288467407526,534.676037089036,0.21908171065325852,0.009166666666666667,0.2757925347222221,0.5040409120421473,2.055959087957853,0.842487214986829,543.0445983886718,0.0,0.0,543.0445983886718,670.7445983886719,4010.07027816777,391.87322998046875,30.0,613.0991681416859,0.0,1,N01_M007_G00,N01_M007_G00,N01,M007,3708.9625,4611.55625,902.5937499999995,3.8094716871601975,0.0
E52_231de36c6439da832299e30f,3.094118306520926,16.451156269229884,3.094118306520926,336.2639482811268,383.1573412254627,391.1675388962379,0.1749881335365896,0.009166666666666667,0.2757925347222221,0.45994733492547835,2.1000526650745224,0.856266457835788,562.7207153320312,0.0,0.0,562.7207153320312,690.4207153320312,2933.7565417217843,390.42071533203125,30.0,546.2639482811268,0.0,1,N01_M007_G00,N01_M007_G00,N01,M007,3708.9625,4611.55625,902.5937499999995,3.094118306520926,0.0
E52_246111a1ef063bec9e89ec9e,6.759696504692187,13.03223549741864,6.759696504692187,413.11352328410356,453.07003166626504,586.4879962752384,0.22998101771643822,0.009166666666666667,0.2757925347222221,0.514940219105327,2.0450597808946736,0.8390811815295853,479.4781005859375,0.0,0.0,479.4781005859375,607.1781005859375,4398.659972064288,469.28277587890625,30.0,623.1135232841036,0.0,1,N01_M007_G00,N01_M007_G00,N01,M007,3708.9625,4611.55625,902.5937499999995,6.759696504692187,0.0
E52_347c51b45a583dd4c5a4aad0,9.437020990513147,10.359339260709504,9.437020990513147,545.8106765870443,594.6474365357748,798.6007934817058,0.3072138543106079,0.009166666666666667,0.2757925347222221,0.5921730556994966,1.9678269443005039,0.8149459200939073,586.0411193847656,0.0,0.0,586.0411193847656,713.7411193847656,5989.505951112793,425.30462646484375,30.0,755.8106765870443,0.0,1,N01_M007_G00,N01_M007_G00,N01,M007,3708.9625,4611.55625,902.5937499999995,9.437020990513147,0.0
E52_47db2d0d55c92154c779a4c9,3.0205906267075733,16.45726286038159,3.0205906267075733,312.62709924858126,351.3219092257948,393.08533863388124,0.16685347284684848,0.009166666666666667,0.2757925347222221,0.45181267423573723,2.108187325764263,0.8588085393013322,464.3377197265625,0.0,0.0,464.3377197265625,592.0377197265625,2948.1400397541092,295.61395263671875,30.0,522.6270992485813,0.0,1,N01_M007_G00,N01_M007_G00,N01,M007,3708.9625,4611.55625,902.5937499999995,3.0205906267075733,0.0
E52_60b0dc656c777ee2cc2279b1,8.753044572328136,0.21315146591224732,0.21315146591224732,563.4362729251038,615.9641949832094,811.705013501575,0.3153381258454166,0.009166666666666667,0.2757925347222221,0.6002973272343053,1.9597026727656952,0.8124070852392796,630.3350646972656,0.0,0.0,630.3350646972656,758.0350646972656,6087.787601261813,495.9024353027344,30.0,773.4362729251038,0.0,1,N01_M007_G00,N01_M007_G00,N01,M007,3708.9625,4611.55625,902.5937499999995,0.21315146591224732,0.0
E52_6dc095df8eb6475486134b5c,6.915729524772303,12.905188948092743,6.915729524772303,424.06014837873875,466.2734748964797,594.8403376510322,0.23505698741925235,0.009166666666666667,0.2757925347222221,0.5200161888081412,2.0399838111918593,0.8374949409974559,506.55991821289064,0.0,0.0,506.55991821289064,634.2599182128906,4461.302532382741,440.2059631347656,30.0,634.0601483787387,0.0,1,N01_M007_G00,N01_M007_G00,N01,M007,3708.9625,4611.55625,902.5937499999995,6.915729524772303,0.0
E52_82c821a5773d0bfbe554f10a,3.9055423871373875,11.397135806608844,3.9055423871373875,512.9354114719376,566.0737563002253,707.0407539741487,0.2825549862639304,0.009166666666666667,0.2757925347222221,0.5675141876528191,1.9924858123471814,0.822651816358494,637.6601379394531,0.0,0.0,637.6601379394531,765.3601379394531,5302.805654806116,465.3601379394531,30.0,722.9354114719376,0.0,1,N01_M007_G00,N01_M007_G00,N01,M007,3708.9625,4611.55625,902.5937499999995,3.9055423871373875,0.0
E52_8d375985c45fff9288668cb3,3.1370206879068405,16.222123863058812,3.1370206879068405,353.99602207193686,405.21742048909175,400.663653640944,0.182639281392285,0.009166666666666667,0.2757925347222221,0.4675984827811738,2.0924015172188266,0.8538754741308832,614.6567810058593,0.0,0.0,614.6567810058593,742.3567810058594,3004.97740230708,442.3567810058594,30.0,563.9960220719369,0.0,1,N01_M007_G00,N01_M007_G00,N01,M007,3708.9625,4611.55625,902.5937499999995,3.1370206879068405,0.0
E52_9b18c2085562c5280ea1e394,8.461273767712726,0.02697066595830222,0.02697066595830222,563.4972144032131,613.0086493397365,829.9258191872856,0.3179402888393461,0.009166666666666667,0.2757925347222221,0.6028994902282349,1.9571005097717658,0.8115939093036766,594.1372192382812,0.0,0.0,594.1372192382812,721.8372192382812,6224.443643904642,493.42156982421875,30.0,773.4972144032131,0.0,1,N01_M007_G00,N01_M007_G00,N01,M007,3708.9625,4611.55625,902.5937499999995,0.02697066595830222,0.0
E52_a1af1f4ab7d520e82e20be53,8.684061607804495,0.45430012492889205,0.45430012492889205,547.7224457312177,598.7128286250978,789.5025940991541,0.30660524396013417,0.009166666666666667,0.2757925347222221,0.591564445349023,1.9684355546509775,0.8151361108284303,611.8845947265625,0.0,0.0,611.8845947265625,739.5845947265625,5921.269455743655,499.0620422363281,30.0,757.7224457312177,0.0,1,N01_M007_G00,N01_M007_G00,N01,M007,3708.9625,4611.55625,902.5937499999995,0.45430012492889205,0.0
E52_b8aeee13ee5f313ffdb298e7,9.11978889320659,0.32052137756616617,0.32052137756616617,550.9628084392909,600.9445446860357,802.0351993981131,0.309532562555218,0.009166666666666667,0.2757925347222221,0.5944917639441067,1.9655082360558938,0.8142213237674667,599.7808349609375,0.0,0.0,599.7808349609375,727.4808349609375,6015.263995485849,488.552978515625,30.0,760.9628084392909,0.0,1,N01_M007_G00,N01_M007_G00,N01,M007,3708.9625,4611.55625,902.5937499999995,0.32052137756616617,0.0
E52_be69bdf55826f2eb34075d09,2.1858471240912536,12.029424972929434,2.1858471240912536,457.6877788138426,500.48965717077624,658.5642874860837,0.25604119113741575,0.009166666666666667,0.2757925347222221,0.5410003925263045,2.0189996074736962,0.8309373773355299,513.6225402832031,0.0,0.0,513.6225402832031,641.3225402832031,4939.232156145627,341.3225402832031,30.0,667.6877788138427,0.0,1,N01_M007_G00,N01_M007_G00,N01,M007,3708.9625,4611.55625,902.5937499999995,2.1858471240912536,0.0
E52_c10a50247c57c0340b451298,6.585315506004903,3.1495087650690863,3.1495087650690863,410.4813485396202,450.8988478275434,578.4577013517014,0.22790762835174688,0.009166666666666667,0.2757925347222221,0.5128668297406356,2.047133170259365,0.8397291157060514,485.00999145507814,0.0,0.0,485.00999145507814,612.7099914550781,4338.432760137761,515.4917602539062,30.0,620.4813485396203,0.0,1,N01_M007_G00,N01_M007_G00,N01,M007,3708.9625,4611.55625,902.5937499999995,3.1495087650690863,0.0
E52_c117f06f984d58b2275e6c48,9.449355265521092,0.365836005255062,0.365836005255062,533.3106765870443,577.980769869108,798.6007934817058,0.30276832431446593,0.009166666666666667,0.2757925347222221,0.5877275257033547,1.9722724742966458,0.8163351482177017,536.0411193847656,0.0,0.0,536.0411193847656,663.7411193847656,5989.505951112793,425.30462646484375,30.0,743.3106765870443,0.0,1,N01_M007_G00,N01_M007_G00,N01,M007,3708.9625,4611.55625,902.5937499999995,0.365836005255062,0.0
E52_d6d1511afdebb88632549a71,3.3606450562612338,16.177909036830457,3.3606450562612338,342.76879390848103,389.67749650450963,404.08537224079015,0.1791309979165653,0.009166666666666667,0.2757925347222221,0.46409019930545403,2.0959098006945465,0.8549718127170456,562.9044311523437,0.0,0.0,562.9044311523437,690.6044311523438,3030.640291805926,390.60443115234375,30.0,552.768793908481,0.0,1,N01_M007_G00,N01_M007_G00,N01,M007,3708.9625,4611.55625,902.5937499999995,3.3606450562612338,0.0
E52_dd12fb0cc4aee52816704b73,9.224421161244706,0.5498680641518376,0.5498680641518376,547.6210002825783,600.0718247658139,780.5370536657424,0.3052994367315811,0.009166666666666667,0.2757925347222221,0.5902586381204699,1.9697413618795307,0.8155441755873531,629.4098937988281,0.0,0.0,629.4098937988281,757.1098937988281,5854.027902493068,543.108642578125,30.0,757.6210002825783,0.0,1,N01_M007_G00,N01_M007_G00,N01,M007,3708.9625,4611.55625,902.5937499999995,0.5498680641518376,0.0
E52_2e64690809088e2a96fb2160,14.804052297778043,9.500767968691491,9.500767968691491,523.7789293194231,550.945126524013,884.5606754113072,0.31155234822715455,0.009166666666666667,0.2580321180555556,0.5787511329493769,1.9812488670506236,0.8191402709533198,325.99436645507814,0.0,0.0,325.99436645507814,453.6943664550781,6634.205065584804,329.6845703125,30.0,733.7789293194231,0.0,1,N01_M008_G00,N01_M008_G00,N01,M008,2646.98125,3491.45,844.46875,9.500767968691491,0.0
E52_30110e5b3ae38ecfab28ace2,5.268987734543231,10.05954008012911,5.268987734543231,514.4106891471403,547.7506496268766,828.7816154158626,0.30032099335417484,0.009166666666666667,0.2580321180555556,0.5675197780763971,1.9924802219236035,0.822650069351126,400.07952575683595,0.0,0.0,400.07952575683595,527.7795257568359,6215.862115618969,313.0162353515625,30.0,724.4106891471403,0.0,1,N01_M008_G00,N01_M008_G00,N01,M008,2646.98125,3491.45,844.46875,5.268987734543231,0.0
E52_413d3eff5d481ef66f8d3068,14.73419488964852,9.493762996477216,9.493762996477216,548.7789293194231,584.2784598573463,884.5606754113072,0.3204434082194385,0.009166666666666667,0.2580321180555556,0.5876421929416608,1.9723578070583399,0.816361814705731,425.99436645507814,0.0,0.0,425.99436645507814,553.6943664550781,6634.205065584804,329.6845703125,30.0,758.7789293194231,0.0,1,N01_M008_G00,N01_M008_G00,N01,M008,2646.98125,3491.45,844.46875,9.493762996477216,0.0
E52_88c1c7aba1fcf94c58dad20e,14.777271321340422,9.497510042154289,9.497510042154289,536.2789293194231,567.6117931906797,884.5606754113072,0.3159978782232965,0.009166666666666667,0.2580321180555556,0.5831966629455188,1.9768033370544817,0.8177510428295254,375.99436645507814,0.0,0.0,375.99436645507814,503.6943664550781,6634.205065584804,329.6845703125,30.0,746.2789293194231,0.0,1,N01_M008_G00,N01_M008_G00,N01,M008,2646.98125,3491.45,844.46875,9.497510042154289,0.0
E52_b677873645e212a13901ede2,1.2512697614083237,9.230718628911887,1.2512697614083237,575.9444140089429,616.0268887810784,911.3939793850733,0.3339048259552679,0.009166666666666667,0.2580321180555556,0.6011036106774901,1.9588963893225104,0.8121551216632843,480.989697265625,0.0,0.0,480.989697265625,608.689697265625,6835.45484538805,390.98822021484375,30.0,785.9444140089429,0.0,1,N01_M008_G00,N01_M008_G00,N01,M008,2646.98125,3491.45,844.46875,1.2512697614083237,0.0
E52_cdef0b479e00ae29ebd83132,4.640389078516122,10.01648148125875,4.640389078516122,520.0071121141804,554.5433095222207,832.7970397801186,0.3028799960747676,0.009166666666666667,0.2580321180555556,0.5700787807969898,1.9899212192030107,0.8218503810009407,414.4343688964844,0.0,0.0,414.4343688964844,542.1343688964844,6245.977798350889,297.6476745605469,30.0,730.0071121141804,0.0,1,N01_M008_G00,N01_M008_G00,N01,M008,2646.98125,3491.45,844.46875,4.640389078516122,0.0
E52_01234cac2d25748209cb57e8,7.615623584717568,5.963634638729843,5.963634638729843,279.2236617812399,298.99466652163704,419.772700963196,0.15824405002114064,0.009166666666666667,0.0093671875,0.1767779041878073,2.3832220958121932,0.9447569049413103,254.4365661621094,17.18450927734375,17.18450927734375,254.4365661621094,382.1365661621094,3148.2952572239697,332.1365661621094,30.0,489.2236617812399,0.0,1,N01_M009_G00,N01_M009_G00,N01,M009,4596.325,4626.98125,30.65625,5.963634638729843,0.0
E52_060143e4033ea7dfc142ce26,3.758932288539569,13.051384290227645,3.758932288539569,390.52156568077555,422.97629514244545,586.3147545915316,0.2219218246513189,0.009166666666666667,0.0093671875,0.24045567881798557,2.319544321182015,0.9248576003693795,389.4567535400391,0.0,0.0,389.4567535400391,517.1567535400391,4397.360659436487,298.2110595703125,30.0,600.5215656807756,0.0,1,N01_M009_G00,N01_M009_G00,N01,M009,4596.325,4626.98125,30.65625,3.758932288539569,0.0
E52_06eb0baa948af7ff52881bcf,6.188211252912907,16.258674653736037,6.188211252912907,296.7597053393259,328.36499963050426,403.88764493158146,0.16274021246714285,0.009166666666666667,0.0093671875,0.18127406663380952,2.3787259333661908,0.9433518541769346,379.26353149414064,0.0,0.0,379.26353149414064,506.9635314941406,3029.157336986861,310.16876220703125,30.0,506.7597053393259,0.0,1,N01_M009_G00,N01_M009_G00,N01,M009,4596.325,4626.98125,30.65625,6.188211252912907,0.0
E52_0c56c0f390b777971f9a7e58,1.0826682143493258,2.1743859331465814,1.0826682143493258,461.3120930283848,507.24512830670517,647.0259743868478,0.2556960576036008,0.009166666666666667,0.0093671875,0.27422991177026745,2.285770088229733,0.9143031525717914,551.1964233398437,0.0,0.0,551.1964233398437,678.8964233398438,4852.694807901358,439.2268981933594,30.0,671.3120930283849,0.0,1,N01_M009_G00,N01_M009_G00,N01,M009,4596.325,4626.98125,30.65625,1.0826682143493258,0.0
E52_0c9d91fc306062a18ada9948,7.776843626464768,15.697900697510477,7.776843626464768,331.42241999480143,370.2725110389095,429.7442937249544,0.1787296459836012,0.009166666666666667,0.0093671875,0.19726350015026786,2.3627364998497327,0.9383551562030413,466.2010925292969,0.0,0.0,466.2010925292969,593.9010925292969,3223.082202937158,335.390380859375,30.0,541.4224199948014,0.0,1,N01_M009_G00,N01_M009_G00,N01,M009,4596.325,4626.98125,30.65625,7.776843626464768,0.0
E52_0f45fcab7c66cb90fa618929,2.878975603772517,12.721246579688795,2.878975603772517,427.8988653120833,469.21977900837237,607.8722484464322,0.23826781941132907,0.009166666666666667,0.0093671875,0.2568016735779957,2.3031983264220046,0.9197494770068764,495.85096435546876,0.0,0.0,495.85096435546876,623.5509643554688,4559.041863348241,326.6978454589844,30.0,637.8988653120832,0.0,1,N01_M009_G00,N01_M009_G00,N01,M009,4596.325,4626.98125,30.65625,2.878975603772517,0.0
E52_0fa03b8d9ed736d48919c1b7,3.3015707635904334,11.555158541579928,3.3015707635904334,469.53189880990186,510.00510285042924,696.2245733766397,0.2655870342753843,0.009166666666666667,0.0093671875,0.28412088844205097,2.2758791115579493,0.9112122223618591,485.67844848632814,0.0,0.0,485.67844848632814,613.3784484863281,5221.684300324798,325.1297912597656,30.0,679.5318988099018,0.0,1,N01_M009_G00,N01_M009_G00,N01,M009,4596.325,4626.98125,30.65625,3.3015707635904334,0.0
E52_12b142f00e8cb4e3948f96c2,3.4198938083507358,12.991659521749298,3.4198938083507358,402.5936730780369,438.4739485500421,589.9056933240425,0.22672373828986628,0.009166666666666667,0.0093671875,0.24525759245653295,2.3147424075434677,0.9233570023573334,430.5633056640625,0.0,0.0,430.5633056640625,558.2633056640625,4424.292699930319,284.7546081542969,30.0,612.5936730780369,0.0,1,N01_M009_G00,N01_M009_G00,N01,M009,4596.325,4626.98125,30.65625,3.4198938083507358,0.0
E52_189eb019491ad876aa165071,6.062181025359621,3.8094716871601975,3.8094716871601975,403.09916814168594,448.35288467407526,534.676037089036,0.21908171065325852,0.009166666666666667,0.0093671875,0.23761556481992518,2.3223844351800755,0.9257451359937734,543.0445983886718,0.0,0.0,543.0445983886718,670.7445983886719,4010.07027816777,391.87322998046875,30.0,613.0991681416859,0.0,1,N01_M009_G00,N01_M009_G00,N01,M009,4596.325,4626.98125,30.65625,3.8094716871601975,0.0
E52_1eac4bbcd37cec5d48241661,7.562301781735869,6.04580255430777,6.04580255430777,275.66392246828667,298.30930922772677,415.4555243799327,0.1568759382441215,0.009166666666666667,0.0093671875,0.17540979241078816,2.3845902075892123,0.9451844398716287,271.74464111328126,0.0,0.0,271.74464111328126,399.44464111328125,3115.9164328494953,326.2397766113281,30.0,485.66392246828667,0.0,1,N01_M009_G00,N01_M009_G00,N01,M009,4596.325,4626.98125,30.65625,6.04580255430777,0.0
E52_1ef47ef68c1879e18ddbb164,7.563103965325325,9.684707827919368,7.563103965325325,525.9457118932837,556.9823492630754,865.6715995678175,0.30964781577290457,0.009166666666666667,0.0093671875,0.3281816699395712,2.2318183300604293,0.897443228143884,372.4396484375,0.0,0.0,372.4396484375,500.1396484375,6492.536996758631,304.7821350097656,30.0,735.9457118932837,0.0,1,N01_M009_G00,N01_M009_G00,N01,M009,4596.325,4626.98125,30.65625,7.563103965325325,0.0
E52_215ef380a7eb56a6f7d09ab1,14.383804729822586,12.440860913671315,12.440860913671315,437.2780853288336,478.35957590907447,628.0672271762219,0.2444635461376352,0.009166666666666667,0.0093671875,0.26299740030430185,2.2970025996956984,0.9178133124049057,492.97788696289064,0.0,0.0,492.97788696289064,620.6778869628906,4710.504203821664,324.9881591796875,30.0,647.2780853288336,0.0,1,N01_M009_G00,N01_M009_G00,N01,M009,4596.325,4626.98125,30.65625,12.440860913671315,0.0
E52_231555d7070bcf1a0911e332,7.513637087954095,5.981962334569488,5.981962334569488,303.4113952968874,335.0249979987103,417.14117438283733,0.1669828432889251,0.009166666666666667,0.0093671875,0.18551669745559177,2.3744833025444088,0.9420260320451276,379.363232421875,0.0,0.0,379.363232421875,507.063232421875,3128.55880787128,326.2397766113281,30.0,513.4113952968873,0.0,1,N01_M009_G00,N01_M009_G00,N01,M009,4596.325,4626.98125,30.65625,5.981962334569488,0.0
E52_231de36c6439da832299e30f,3.5137117975289414,16.451156269229884,3.5137117975289414,336.2639482811268,383.1573412254627,391.1675388962379,0.1749881335365896,0.009166666666666667,0.0093671875,0.19352198770325627,2.3664780122967444,0.9395243788427324,562.7207153320312,0.0,0.0,562.7207153320312,690.4207153320312,2933.7565417217843,390.42071533203125,30.0,546.2639482811268,0.0,1,N01_M009_G00,N01_M009_G00,N01,M009,4596.325,4626.98125,30.65625,3.5137117975289414,0.0
E52_246111a1ef063bec9e89ec9e,3.4827402253631874,13.03223549741864,3.4827402253631874,413.11352328410356,453.07003166626504,586.4879962752384,0.22998101771643822,0.009166666666666667,0.0093671875,0.2485148718831049,2.3114851281168955,0.9223391025365297,479.4781005859375,0.0,0.0,479.4781005859375,607.1781005859375,4398.659972064288,469.28277587890625,30.0,623.1135232841036,0.0,1,N01_M009_G00,N01_M009_G00,N01,M009,4596.325,4626.98125,30.65625,3.4827402253631874,0.0
E52_24cc4f01335372459fb4c2ba,13.483302282412623,12.909161020133865,12.909161020133865,410.2633482290822,447.7953418407359,595.3347347882426,0.23022027843265847,0.009166666666666667,0.0093671875,0.24875413259932513,2.3112458674006753,0.9222643335627109,450.38392333984376,0.0,0.0,450.38392333984376,578.0839233398438,4465.010510911819,278.08392333984375,30.0,620.2633482290822,0.0,1,N01_M009_G00,N01_M009_G00,N01,M009,4596.325,4626.98125,30.65625,12.909161020133865,0.0
E52_27bf01e9e990859ae5993708,7.5312080202413085,15.932490639468014,7.5312080202413085,318.6138217216496,355.0514931287134,418.60161500091635,0.17259630304263499,0.009166666666666667,0.0093671875,0.19113015720930165,2.3688698427906987,0.9402718258720932,437.25205688476564,0.0,0.0,437.25205688476564,564.9520568847656,3139.5121125068727,326.2397766113281,30.0,528.6138217216496,0.0,1,N01_M009_G00,N01_M009_G00,N01,M009,4596.325,4626.98125,30.65625,7.5312080202413085,0.0
E52_27bf1882d0e1a812c8450c72,6.484968787372026,16.18675851321828,6.484968787372026,334.03154784809436,377.9609795090644,404.48650573036844,0.17608047258726683,0.009166666666666667,0.0093671875,0.1946143267539335,2.365385673246067,0.9391830228893958,527.1531799316406,0.0,0.0,527.1531799316406,654.8531799316406,3033.648792977763,364.9013671875,30.0,544.0315478480943,0.0,1,N01_M009_G00,N01_M009_G00,N01,M009,4596.325,4626.98125,30.65625,6.484968787372026,0.0
E52_29c9aa5399273a7ee24bceb6,3.60611256235498,11.583777919859742,3.60611256235498,451.9321692173844,486.7995103225277,694.6602918039094,0.2591062855773863,0.009166666666666667,0.0093671875,0.27764013974405294,2.2823598602559474,0.9132374563299834,418.40809326171876,0.0,0.0,418.40809326171876,546.1080932617188,5209.952188529321,322.9142761230469,30.0,661.9321692173844,0.0,1,N01_M009_G00,N01_M009_G00,N01,M009,4596.325,4626.98125,30.65625,3.60611256235498,0.0
E52_2cea01313b8862fcfb6b2e63,12.37389109790081,16.460055432828085,12.37389109790081,259.5957489704318,280.08528245838755,396.2542970131293,0.148442074342722,0.009166666666666667,0.0093671875,0.16697592850938867,2.3930240714906117,0.9478200223408161,245.87440185546876,0.0,0.0,245.87440185546876,373.57440185546875,2971.90722759847,231.8917236328125,30.0,469.5957489704318,0.0,1,N01_M009_G00,N01_M009_G00,N01,M009,4596.325,4626.98125,30.65625,12.37389109790081,0.0
E52_2d7a36258a59c18fc6a856bf,6.9493543340680475,16.662039037059316,6.9493543340680475,318.72117968179435,361.17160743651436,382.73979283526836,0.16755561647288383,0.009166666666666667,0.0093671875,0.1860894706395505,2.37391052936045,0.9418470404251404,509.40513305664064,0.0,0.0,509.40513305664064,637.1051330566406,2870.5484462645127,346.4301452636719,30.0,528.7211796817944,0.0,1,N01_M009_G00,N01_M009_G00,N01,M009,4596.325,4626.98125,30.65625,6.9493543340680475,0.0
E52_2dadfb43d7dd9558e21effa9,12.823679051677146,12.85982438864363,12.823679051677146,396.07517918576866,428.1792069974549,599.5261915014202,0.22576797164618329,0.009166666666666667,0.0093671875,0.24430182581284995,2.3156981741871507,0.9236556794334844,385.2483337402344,0.0,0.0,385.2483337402344,512.9483337402344,4496.446436260651,251.37640380859375,30.0,606.0751791857687,0.0,1,N01_M009_G00,N01_M009_G00,N01,M009,4596.325,4626.98125,30.65625,12.823679051677146,0.0
E52_2e64690809088e2a96fb2160,7.258954497074839,9.500767968691491,7.258954497074839,523.7789293194231,550.945126524013,884.5606754113072,0.31155234822715455,0.009166666666666667,0.0093671875,0.3300862023938212,2.229913797606179,0.8968480617519309,325.99436645507814,0.0,0.0,325.99436645507814,453.6943664550781,6634.205065584804,329.6845703125,30.0,733.7789293194231,0.0,1,N01_M009_G00,N01_M009_G00,N01,M009,4596.325,4626.98125,30.65625,7.258954497074839,0.0
E52_30110e5b3ae38ecfab28ace2,4.674240363178654,10.05954008012911,4.674240363178654,514.4106891471403,547.7506496268766,828.7816154158626,0.30032099335417484,0.009166666666666667,0.0093671875,0.3188548475208415,2.241145152479159,0.9003578601497371,400.07952575683595,0.0,0.0,400.07952575683595,527.7795257568359,6215.862115618969,313.0162353515625,30.0,724.4106891471403,0.0,1,N01_M009_G00,N01_M009_G00,N01,M009,4596.325,4626.98125,30.65625,4.674240363178654,0.0
E52_326bd9096774308657b14836,7.162185560993223,6.820761438549596,6.820761438549596,254.20783025924425,275.6237299174474,379.92026256926977,0.1442126230476059,0.009166666666666667,0.0093671875,0.16274647721427257,2.397253522785728,0.9491417258705398,256.9907958984375,0.0,0.0,256.9907958984375,384.6907958984375,2849.4019692695233,334.6907958984375,30.0,464.20783025924425,0.0,1,N01_M009_G00,N01_M009_G00,N01,M009,4596.325,4626.98125,30.65625,6.820761438549596,0.0
E52_32cd7932ac3bc8f6e82bd016,2.6738122167597282,12.531399030736651,2.6738122167597282,433.33722088021847,474.19552115284216,621.5246401246948,0.24213542524196421,0.009166666666666667,0.0093671875,0.2606692794086309,2.2993307205913696,0.9185408501848029,490.2996032714844,0.0,0.0,490.2996032714844,617.9996032714844,4661.434800935211,324.9372863769531,30.0,643.3372208802184,0.0,1,N01_M009_G00,N01_M009_G00,N01,M009,4596.325,4626.98125,30.65625,2.6738122167597282,0.0
E52_3322673a66874be8fb5ff9e0,3.1010177550073905,12.93559360833251,3.1010177550073905,392.2739001975914,423.9757012433271,594.3369941207687,0.2236811646950203,0.009166666666666667,0.0093671875,0.24221501886168698,2.3177849811383133,0.9243078066057229,380.42161254882814,0.0,0.0,380.42161254882814,508.1216125488281,4457.527455905765,308.1216125488281,30.0,602.2739001975914,0.0,1,N01_M009_G00,N01_M009_G00,N01,M009,4596.325,4626.98125,30.65625,3.1010177550073905,0.0
E52_357bbbd4dc4420221c875ea3,10.66632872922412,12.241245229232817,10.66632872922412,405.4327582223269,433.1514265878055,644.5535062517828,0.23547283792056264,0.009166666666666667,0.0093671875,0.2540066920872293,2.3059933079127712,0.9206229087227409,332.6240203857422,0.0,0.0,332.6240203857422,460.3240203857422,4834.151296888371,255.67149353027344,30.0,615.4327582223269,0.0,1,N01_M009_G00,N01_M009_G00,N01,M009,4596.325,4626.98125,30.65625,10.66632872922412,0.0
E52_3875f0f2b8e39572338b498b,14.756554501384414,12.654831201135607,12.654831201135607,430.443023323014,471.8276755243487,612.5781334380202,0.23983909257274777,0.009166666666666667,0.0093671875,0.2583729467394144,2.301627053260586,0.919258454143933,496.61582641601564,0.0,0.0,496.61582641601564,624.3158264160156,4594.336000785152,324.3158264160156,30.0,640.443023323014,0.0,1,N01_M009_G00,N01_M009_G00,N01,M009,4596.325,4626.98125,30.65625,12.654831201135607,0.0
E52_3a94b6482baa2cfaba8a857d,6.718828746313989,16.425448776817632,6.718828746313989,326.01303055755295,369.111023518165,393.4381033514341,0.17166403726355467,0.009166666666666667,0.0093671875,0.19019789143022134,2.3698021085697794,0.9405631589280559,517.1759155273437,0.0,0.0,517.1759155273437,644.8759155273438,2950.785775135756,352.4370422363281,30.0,536.013030557553,0.0,1,N01_M009_G00,N01_M009_G00,N01,M009,4596.325,4626.98125,30.65625,6.718828746313989,0.0
E52_413d3eff5d481ef66f8d3068,7.238168980970499,9.493762996477216,7.238168980970499,548.7789293194231,584.2784598573463,884.5606754113072,0.3204434082194385,0.009166666666666667,0.0093671875,0.33897726238610515,2.2210227376138953,0.8940696055043421,425.99436645507814,0.0,0.0,425.99436645507814,553.6943664550781,6634.205065584804,329.6845703125,30.0,758.7789293194231,0.0,1,N01_M009_G00,N01_M009_G00,N01,M009,4596.325,4626.98125,30.65625,7.238168980970499,0.0
E52_437c6a333219b14c3939f26c,7.53343230549774,6.0194831627628105,6.0194831627628105,277.09771274073506,296.211315442558,417.14117438283733,0.1570562493971614,0.009166666666666667,0.0093671875,0.17559010356382806,2.3844098964361726,0.9451280926363037,248.53977661132814,19.176544189453125,19.176544189453125,248.53977661132814,376.2397766113281,3128.55880787128,326.2397766113281,30.0,487.09771274073506,0.0,1,N01_M009_G00,N01_M009_G00,N01,M009,4596.325,4626.98125,30.65625,6.0194831627628105,0.0
E52_44ed69e1d99dc074a7941a18,9.307871308941799,8.900383690419545,8.900383690419545,188.27556058823757,199.0276355292369,299.7078152072368,0.1090911242968749,0.009166666666666667,0.0093671875,0.12762497846354157,2.432375021536459,0.9601171942301433,139.59420471191407,10.569305419921875,10.569305419921875,139.59420471191407,267.29420471191406,2247.808614054276,217.29420471191406,30.0,398.27556058823757,0.0,1,N01_M009_G00,N01_M009_G00,N01,M009,4596.325,4626.98125,30.65625,8.900383690419545,0.0
E52_4513f74e4ba51c209cccc792,1.9513557630746305,9.790974506635663,1.9513557630746305,548.6050089915749,589.1156759023821,854.1460165183059,0.3160741321008959,0.009166666666666667,0.0093671875,0.33460798626756255,2.225392013732438,0.8954350042913867,486.1280029296875,0.0,0.0,486.1280029296875,613.8280029296875,6406.095123887295,391.8226318359375,30.0,758.6050089915749,0.0,1,N01_M009_G00,N01_M009_G00,N01,M009,4596.325,4626.98125,30.65625,1.9513557630746305,0.0
E52_47db2d0d55c92154c779a4c9,5.9198339446719785,16.45726286038159,5.9198339446719785,312.62709924858126,351.3219092257948,393.08533863388124,0.16685347284684848,0.009166666666666667,0.0093671875,0.18538732701351515,2.374612672986485,0.9420664603082766,464.3377197265625,0.0,0.0,464.3377197265625,592.0377197265625,2948.1400397541092,295.61395263671875,30.0,522.6270992485813,0.0,1,N01_M009_G00,N01_M009_G00,N01,M009,4596.325,4626.98125,30.65625,5.9198339446719785,0.0
E52_4cf0fac9feb721651efb2830,10.378384234645793,17.82597875173802,10.378384234645793,242.69354898018014,267.32891198677197,337.5749199208095,0.13412057160327687,0.009166666666666667,0.0093671875,0.15265442576994354,2.407345574230057,0.9522954919468927,295.6243560791016,0.0,0.0,295.6243560791016,423.32435607910156,2531.8118994060715,217.31182861328125,30.0,452.69354898018014,0.0,1,N01_M009_G00,N01_M009_G00,N01,M009,4596.325,4626.98125,30.65625,10.378384234645793,0.0
E52_4d215302190bc5bfb29bf912,5.4818973041935095,16.37371485667674,5.4818973041935095,307.50969179304633,343.7570581260541,397.53518558804575,0.1656637075427803,0.009166666666666667,0.0093671875,0.18419756170944696,2.3758024382905534,0.9424382619657978,434.96839599609376,0.0,0.0,434.96839599609376,562.6683959960938,2981.5138919103433,336.56707763671875,30.0,517.5096917930464,0.0,1,N01_M009_G00,N01_M009_G00,N01,M009,4596.325,4626.98125,30.65625,5.4818973041935095,0.0
E52_50c718ca7f326f764494c89d,17.945717680539744,13.080943299176411,13.080943299176411,350.85355156655817,370.1881015340061,585.6998033284289,0.20772710552759727,0.009166666666666667,0.0093671875,0.22626095969426394,2.3337390403057365,0.9292934500955425,232.014599609375,0.0,0.0,232.014599609375,359.714599609375,4392.748524963216,275.29461669921875,30.0,560.8535515665582,0.0,1,N01_M009_G00,N01_M009_G00,N01,M009,4596.325,4626.98125,30.65625,13.080943299176411,0.0
E52_515a3b7c8d98426ee13f2b4e,11.549112210721376,17.07508762021844,11.549112210721376,242.68536134104386,262.0561394884234,369.14605379781034,0.13858886614696947,0.009166666666666667,0.0093671875,0.15712272031363614,2.4028772796863644,0.9508991499019888,232.4493377685547,0.0,0.0,232.4493377685547,360.1493377685547,2768.5954034835777,210.1493377685547,30.0,452.68536134104386,0.0,1,N01_M009_G00,N01_M009_G00,N01,M009,4596.325,4626.98125,30.65625,11.549112210721376,0.0
E52_575c4f100493de938643a13d,1.174584809010014,2.099203328999508,1.174584809010014,470.05405043895155,518.0123847895375,652.3580947743875,0.259560220504969,0.009166666666666667,0.0093671875,0.27809407467163566,2.2819059253283647,0.9130956016651138,575.5000122070312,0.0,0.0,575.5000122070312,703.2000122070312,4892.685710807907,437.3766174316406,30.0,680.0540504389515,0.0,1,N01_M009_G00,N01_M009_G00,N01,M009,4596.325,4626.98125,30.65625,1.174584809010014,0.0
E52_60b0dc656c777ee2cc2279b1,2.461866542641957,0.21315146591224732,0.21315146591224732,563.4362729251038,615.9641949832094,811.705013501575,0.3153381258454166,0.009166666666666667,0.0093671875,0.33387198001208324,2.226128019987917,0.895665006246224,630.3350646972656,0.0,0.0,630.3350646972656,758.0350646972656,6087.787601261813,495.9024353027344,30.0,773.4362729251038,0.0,1,N01_M009_G00,N01_M009_G00,N01,M009,4596.325,4626.98125,30.65625,0.21315146591224732,0.0
E52_60b76d98beea93305f35c25d,11.720940739913004,16.79058398580294,11.720940739913004,271.8613885249859,299.0873836523459,380.3668062858116,0.15055421784231732,0.009166666666666667,0.0093671875,0.169088072008984,2.3909119279910165,0.9471599774971925,326.7119415283203,0.0,0.0,326.7119415283203,454.4119415283203,2852.751047143587,241.2421875,30.0,481.8613885249859,0.0,1,N01_M009_G00,N01_M009_G00,N01,M009,4596.325,4626.98125,30.65625,11.720940739913004,0.0
E52_67646c2afbeb5602853e5a9c,3.0963571904407843,12.927232110573698,3.0963571904407843,404.7739001975914,440.6423679099937,594.3369941207687,0.22812669469116229,0.009166666666666667,0.0093671875,0.24666054885782895,2.3133394511421717,0.9229185784819285,430.42161254882814,0.0,0.0,430.42161254882814,558.1216125488281,4457.527455905765,308.1216125488281,30.0,614.7739001975914,0.0,1,N01_M009_G00,N01_M009_G00,N01,M009,4596.325,4626.98125,30.65625,3.0963571904407843,0.0
E52_68694062ed2e2e792aeb51a9,8.408219262626545,17.695890544520793,8.408219262626545,262.3147609906027,292.8212075746684,341.5908424768108,0.1416674545099547,0.009166666666666667,0.0093671875,0.16020130867662136,2.399798691323379,0.9499370910385558,366.0773590087891,0.0,0.0,366.0773590087891,493.77735900878906,2561.931318576081,213.8477783203125,30.0,472.3147609906027,0.0,1,N01_M009_G00,N01_M009_G00,N01,M009,4596.325,4626.98125,30.65625,8.408219262626545,0.0
E52_6aa461eda22a4c53e6730e81,7.035150982302113,6.478254834226846,6.478254834226846,265.89885796308323,288.44260847170955,395.1560268799425,0.15049315106948455,0.009166666666666667,0.0093671875,0.16902700523615122,2.390972994763849,0.9471790608637027,271.70716552734376,1.182159423828125,1.182159423828125,271.70716552734376,399.40716552734375,2963.670201599569,349.40716552734375,30.0,475.89885796308323,0.0,1,N01_M009_G00,N01_M009_G00,N01,M009,4596.325,4626.98125,30.65625,6.478254834226846,0.0
E52_6dc095df8eb6475486134b5c,3.6021519978456666,12.905188948092743,3.6021519978456666,424.06014837873875,466.2734748964797,594.8403376510322,0.23505698741925235,0.009166666666666667,0.0093671875,0.253590841585919,2.3064091584140813,0.9207528620044003,506.55991821289064,0.0,0.0,506.55991821289064,634.2599182128906,4461.302532382741,440.2059631347656,30.0,634.0601483787387,0.0,1,N01_M009_G00,N01_M009_G00,N01,M009,4596.325,4626.98125,30.65625,3.6021519978456666,0.0
E52_73baea82bbbffa2db9d7426a,7.846355439335213,5.711384152670419,5.711384152670419,297.3854850658978,324.64222792478455,431.2305129784753,0.16683515196021612,0.009166666666666667,0.0093671875,0.18536900612688278,2.374630993873118,0.9420721855853491,327.08091430664064,0.0,0.0,327.08091430664064,454.7809143066406,3234.2288473385647,335.390380859375,30.0,507.3854850658978,0.0,1,N01_M009_G00,N01_M009_G00,N01,M009,4596.325,4626.98125,30.65625,5.711384152670419,0.0
E52_74b3fb0a4920873efc33101b,5.948529515050481,6.525083879148042,5.948529515050481,262.62709924858126,284.6552425591281,393.08533863388124,0.14907135286228057,0.009166666666666667,0.0093671875,0.16760520702894724,2.392394792971053,0.947623372803454,264.3377197265625,0.0,0.0,264.3377197265625,392.0377197265625,2948.1400397541092,295.61395263671875,30.0,472.62709924858126,0.0,1,N01_M009_G00,N01_M009_G00,N01,M009,4596.325,4626.98125,30.65625,5.948529515050481,0.0
E52_7547086a1218012670f76a62,11.975935789074214,2.277872015791573,2.277872015791573,375.1797445493145,391.65409045589,642.7455049270795,0.22423479709031385,0.009166666666666667,0.0093671875,0.24276865125698052,2.31723134874302,0.9241347964821935,205.20750122070314,7.515350341796875,7.515350341796875,205.20750122070314,332.9075012207031,4820.591286953097,282.9075012207031,30.0,585.1797445493145,0.0,1,N01_M009_G00,N01_M009_G00,N01,M009,4596.325,4626.98125,30.65625,2.277872015791573,0.0
E52_76b4f0bdabd1ccab126282dd,11.152160665594096,17.180198899819032,11.152160665594096,244.7670432960008,265.6078646257534,364.489158613486,0.13866967590706417,0.009166666666666667,0.0093671875,0.15720353007373083,2.40279646992627,0.9508738968519591,250.08985595703126,0.0,0.0,250.08985595703126,377.78985595703125,2733.6686896011447,241.2421875,30.0,454.7670432960008,0.0,1,N01_M009_G00,N01_M009_G00,N01,M009,4596.325,4626.98125,30.65625,11.152160665594096,0.0
E52_7dc5542bb1ad046741692f59,8.331180093577018,15.630401191468053,8.331180093577018,333.52010664670297,372.50493279823297,433.1312563842263,0.17995534493942492,0.009166666666666667,0.0093671875,0.19848919910609159,2.361510800893909,0.9379721252793464,467.8179138183594,0.0,0.0,467.8179138183594,595.5179138183594,3248.484422881697,322.1230773925781,30.0,543.520106646703,0.0,1,N01_M009_G00,N01_M009_G00,N01,M009,4596.325,4626.98125,30.65625,8.331180093577018,0.0
E52_7e5f4a4eaf9aa5b10576997a,12.91367632244281,13.086620585622072,12.91367632244281,384.11958913832314,414.7999833745699,584.1568128591658,0.21933939564120059,0.009166666666666667,0.0093671875,0.23787324980786725,2.322126750192133,0.9256646094350415,368.16473083496095,0.0,0.0,368.16473083496095,495.86473083496094,4381.1760964437435,251.37640380859375,30.0,594.1195891383231,0.0,1,N01_M009_G00,N01_M009_G00,N01,M009,4596.325,4626.98125,30.65625,12.91367632244281,0.0
E52_82c821a5773d0bfbe554f10a,8.083338048554566,11.397135806608844,8.083338048554566,512.9354114719376,566.0737563002253,707.0407539741487,0.2825549862639304,0.009166666666666667,0.0093671875,0.301088840430597,2.2589111595694034,0.9059097373654384,637.6601379394531,0.0,0.0,637.6601379394531,765.3601379394531,5302.805654806116,465.3601379394531,30.0,722.9354114719376,0.0,1,N01_M009_G00,N01_M009_G00,N01,M009,4596.325,4626.98125,30.65625,8.083338048554566,0.0
E52_831cee7e7a3a549796e42b18,7.955323338581735,10.042846261792022,7.955323338581735,524.445203057942,560.9167693217765,830.061008532876,0.3040708837654974,0.009166666666666667,0.0093671875,0.32260473793216404,2.2373952620678366,0.8991860193961987,437.65879516601564,0.0,0.0,437.65879516601564,565.3587951660156,6225.457563996571,359.5916748046875,30.0,734.445203057942,0.0,1,N01_M009_G00,N01_M009_G00,N01,M009,4596.325,4626.98125,30.65625,7.955323338581735,0.0
E52_88c1c7aba1fcf94c58dad20e,7.250015105018008,9.497510042154289,7.250015105018008,536.2789293194231,567.6117931906797,884.5606754113072,0.3159978782232965,0.009166666666666667,0.0093671875,0.33453173238996314,2.2254682676100375,0.8954588336281365,375.99436645507814,0.0,0.0,375.99436645507814,503.6943664550781,6634.205065584804,329.6845703125,30.0,746.2789293194231,0.0,1,N01_M009_G00,N01_M009_G00,N01,M009,4596.325,4626.98125,30.65625,7.250015105018008,0.0
E52_8ca7795ffa642a3b129c0a3d,7.810237273842262,15.730152054416479,7.810237273842262,330.94608252023,369.9122522589995,428.0951466078428,0.17832668261553564,0.009166666666666667,0.0093671875,0.1968605367822023,2.363139463217798,0.9384810822555618,467.5940368652344,0.0,0.0,467.5940368652344,595.2940368652344,3210.713599558821,335.390380859375,30.0,540.94608252023,0.0,1,N01_M009_G00,N01_M009_G00,N01,M009,4596.325,4626.98125,30.65625,7.810237273842262,0.0
E52_8d375985c45fff9288668cb3,3.1627916917024947,16.222123863058812,3.1627916917024947,353.99602207193686,405.21742048909175,400.663653640944,0.182639281392285,0.009166666666666667,0.0093671875,0.20117313555895167,2.358826864441049,0.9371333951378276,614.6567810058593,0.0,0.0,614.6567810058593,742.3567810058594,3004.97740230708,442.3567810058594,30.0,563.9960220719369,0.0,1,N01_M009_G00,N01_M009_G00,N01,M009,4596.325,4626.98125,30.65625,3.1627916917024947,0.0
E52_9026ce0d2a5dd9a75ef73c8e,6.0878271608843875,6.720084116703532,6.0878271608843875,248.6739065082912,267.42831222931983,384.70630707582717,0.14291941710941022,0.009166666666666667,0.0093671875,0.1614532712760769,2.3985467287239235,0.9495458527262259,225.15150146484376,0.0986328125,0.0986328125,225.15150146484376,352.85150146484375,2885.297303068704,302.85150146484375,30.0,458.6739065082912,0.0,1,N01_M009_G00,N01_M009_G00,N01,M009,4596.325,4626.98125,30.65625,6.0878271608843875,0.0
E52_924cec2d58c933358893a332,11.194677556141741,12.302862284422105,11.194677556141741,416.670444788364,448.9844576972996,639.4568121231148,0.23874762537865796,0.009166666666666667,0.0093671875,0.2572814795453246,2.302718520454676,0.919599537642086,387.7681549072266,0.0,0.0,387.7681549072266,515.4681549072266,4795.926090923361,252.644287109375,30.0,626.670444788364,0.0,1,N01_M009_G00,N01_M009_G00,N01,M009,4596.325,4626.98125,30.65625,11.194677556141741,0.0
E52_96da4f081c74d8211b4b244f,12.170791418673659,12.47027426673894,12.170791418673659,406.4445801679392,437.368205859671,627.3474061854878,0.23339590098708082,0.009166666666666667,0.0093671875,0.2519297551537475,2.308070244846253,0.921271951514454,371.08350830078126,0.0,0.0,371.08350830078126,498.78350830078125,4705.105546391158,251.37640380859375,30.0,616.4445801679392,0.0,1,N01_M009_G00,N01_M009_G00,N01,M009,4596.325,4626.98125,30.65625,12.170791418673659,0.0
E52_a1af1f4ab7d520e82e20be53,3.478539130985993,0.45430012492889205,0.45430012492889205,547.7224457312177,598.7128286250978,789.5025940991541,0.30660524396013417,0.009166666666666667,0.0093671875,0.3251390981268008,2.2348609018731995,0.8983940318353747,611.8845947265625,0.0,0.0,611.8845947265625,739.5845947265625,5921.269455743655,499.0620422363281,30.0,757.7224457312177,0.0,1,N01_M009_G00,N01_M009_G00,N01,M009,4596.325,4626.98125,30.65625,0.45430012492889205,0.0
E52_a3836b1674b2d70f748125c1,9.790861505097794,18.388582284998307,9.790861505097794,238.77143733771516,265.74771093797557,315.68523307386783,0.1296256139323784,0.009166666666666667,0.0093671875,0.14815946809904507,2.4118405319009555,0.9537001662190484,323.715283203125,0.0,0.0,323.715283203125,451.415283203125,2367.639248054009,217.29420471191406,30.0,448.77143733771516,0.0,1,N01_M009_G00,N01_M009_G00,N01,M009,4596.325,4626.98125,30.65625,9.790861505097794,0.0
E52_a77602565c04dca5831f9b7a,7.961974980804257,15.758600383852013,7.961974980804257,295.3505394617105,322.31471665694164,428.9160157520343,0.16578365241547813,0.009166666666666667,0.0093671875,0.1843175065821448,2.3756824934178558,0.9424007791930797,323.57012634277345,0.0,0.0,323.57012634277345,451.27012634277344,3216.870118140257,284.58648681640625,30.0,505.3505394617105,0.0,1,N01_M009_G00,N01_M009_G00,N01,M009,4596.325,4626.98125,30.65625,7.961974980804257,0.0
E52_aaa387ee3ee3170bd804334d,1.354524491100392,18.409477866986336,1.354524491100392,263.5215778829557,299.2286101502083,312.8009621623957,0.13801933350380158,0.009166666666666667,0.0093671875,0.15655318767046825,2.4034468123295323,0.9510771288529787,428.48438720703126,0.0,0.0,428.48438720703126,556.1843872070312,2346.0072162179677,386.9435729980469,30.0,473.5215778829557,0.0,1,N01_M009_G00,N01_M009_G00,N01,M009,4596.325,4626.98125,30.65625,1.354524491100392,0.0
E52_afb1e3673ff3adbe9c45b8fc,5.828006199229492,6.956106286850726,5.828006199229492,250.21040235058808,271.27175132926646,374.0527108291059,0.1419599864782851,0.009166666666666667,0.0093671875,0.16049384064495176,2.399506159355049,0.9498456747984526,252.73618774414064,0.0,0.0,252.73618774414064,380.4361877441406,2805.395331218294,291.6474609375,30.0,460.2104023505881,0.0,1,N01_M009_G00,N01_M009_G00,N01,M009,4596.325,4626.98125,30.65625,5.828006199229492,0.0
E52_b4122a9095172602242b40e3,3.0905762639537073,12.917805218005896,3.0905762639537073,417.2739001975914,457.30903457666045,594.3369941207687,0.23257222468730426,0.009166666666666667,0.0093671875,0.2511060788539709,2.3088939211460295,0.9215293503581341,480.42161254882814,0.0,0.0,480.42161254882814,608.1216125488281,4457.527455905765,308.1216125488281,30.0,627.2739001975914,0.0,1,N01_M009_G00,N01_M009_G00,N01,M009,4596.325,4626.98125,30.65625,3.0905762639537073,0.0
E52_b45db00398315637fb020e5f,1.3931539972810327,10.742298629097064,1.3931539972810327,520.0993036420956,566.0861185224667,764.2777180019647,0.2932088546230577,0.009166666666666667,0.0093671875,0.3117427087897243,2.248257291210276,0.9025804035032111,551.8417785644531,0.0,0.0,551.8417785644531,679.5417785644531,5732.082885014735,386.71868896484375,30.0,730.0993036420956,0.0,1,N01_M009_G00,N01_M009_G00,N01,M009,4596.325,4626.98125,30.65625,1.3931539972810327,0.0
E52_b544b4d7beda1d6ed7fbeefb,7.638500821427144,16.252686834440453,7.638500821427144,293.91354735972715,324.49113296153376,404.3615811086144,0.16179511839250177,0.009166666666666667,0.0093671875,0.18032897255916844,2.379671027440832,0.9436471960752598,366.9310272216797,0.0,0.0,366.9310272216797,494.6310272216797,3032.711858314608,277.91845703125,30.0,503.91354735972715,0.0,1,N01_M009_G00,N01_M009_G00,N01,M009,4596.325,4626.98125,30.65625,7.638500821427144,0.0
E52_b60e4d2a4cdcd5801a5d757f,7.429679991347356,16.480566458341656,7.429679991347356,308.26023760270465,345.626388522301,392.32356968783114,0.16519254750221457,0.009166666666666667,0.0093671875,0.18372640166888124,2.376273598331119,0.9425854994784746,448.39381103515626,0.0,0.0,448.39381103515626,576.0938110351562,2942.4267726587336,326.2397766113281,30.0,518.2602376027046,0.0,1,N01_M009_G00,N01_M009_G00,N01,M009,4596.325,4626.98125,30.65625,7.429679991347356,0.0
E52_b677873645e212a13901ede2,1.3473791315596486,9.230718628911887,1.3473791315596486,575.9444140089429,616.0268887810784,911.3939793850733,0.3339048259552679,0.009166666666666667,0.0093671875,0.3524386801219345,2.207561319878066,0.8898629124618955,480.989697265625,0.0,0.0,480.989697265625,608.689697265625,6835.45484538805,390.98822021484375,30.0,785.9444140089429,0.0,1,N01_M009_G00,N01_M009_G00,N01,M009,4596.325,4626.98125,30.65625,1.3473791315596486,0.0
E52_b6789310c1ab16898a769b78,16.61644244161988,2.625622464396969,2.625622464396969,372.38145547243056,389.4038741939475,617.4514627840539,0.21924054354678854,0.009166666666666667,0.0093671875,0.2377743977134552,2.3222256022865455,0.9256955007145452,225.84925537109376,21.580230712890625,21.580230712890625,225.84925537109376,353.54925537109375,4630.885970880404,303.54925537109375,30.0,582.3814554724306,0.0,1,N01_M009_G00,N01_M009_G00,N01,M009,4596.325,4626.98125,30.65625,2.625622464396969,0.0
E52_b7c433bb400c5a28313b13f0,7.9392170179583275,16.00220965111248,7.9392170179583275,270.63016208552887,291.2047849391259,417.8125870494757,0.1554195344851095,0.009166666666666667,0.0093671875,0.17395338865177618,2.3860466113482244,0.9456395660463199,246.89547424316407,0.0,0.0,246.89547424316407,374.59547424316406,3133.594402871068,284.58648681640625,30.0,480.63016208552887,0.0,1,N01_M009_G00,N01_M009_G00,N01,M009,4596.325,4626.98125,30.65625,7.9392170179583275,0.0
E52_b8aeee13ee5f313ffdb298e7,2.4335404475914686,0.32052137756616617,0.32052137756616617,550.9628084392909,600.9445446860357,802.0351993981131,0.309532562555218,0.009166666666666667,0.0093671875,0.32806641672188463,2.2319335832781158,0.8974792447744111,599.7808349609375,0.0,0.0,599.7808349609375,727.4808349609375,6015.263995485849,488.552978515625,30.0,760.9628084392909,0.0,1,N01_M009_G00,N01_M009_G00,N01,M009,4596.325,4626.98125,30.65625,0.32052137756616617,0.0
E52_be69bdf55826f2eb34075d09,11.841060348658957,12.029424972929434,11.841060348658957,457.6877788138426,500.48965717077624,658.5642874860837,0.25604119113741575,0.009166666666666667,0.0093671875,0.2745750453040824,2.285424954695918,0.9141952983424743,513.6225402832031,0.0,0.0,513.6225402832031,641.3225402832031,4939.232156145627,341.3225402832031,30.0,667.6877788138427,0.0,1,N01_M009_G00,N01_M009_G00,N01,M009,4596.325,4626.98125,30.65625,11.841060348658957,0.0
E52_bfffb2993ede6e2e2bd9340b,17.5933911258343,13.053008949478723,13.053008949478723,400.85355156655817,436.85476820067277,585.6998033284289,0.22550922551216515,0.009166666666666667,0.0093671875,0.24404307967883182,2.3159569203211685,0.923736537600365,432.014599609375,0.0,0.0,432.014599609375,559.714599609375,4392.748524963216,275.29461669921875,30.0,610.8535515665582,0.0,1,N01_M009_G00,N01_M009_G00,N01,M009,4596.325,4626.98125,30.65625,13.053008949478723,0.0
E52_c0294c7ff44d44fc4ede8d97,7.109838748476221,16.7256600789149,7.109838748476221,316.70783025924425,358.9570632507807,379.92026256926977,0.16644027302831577,0.009166666666666667,0.0093671875,0.18497412719498244,2.375025872805018,0.942195585251568,506.9907958984375,0.0,0.0,506.9907958984375,634.6907958984375,2849.4019692695233,334.6907958984375,30.0,526.7078302592442,0.0,1,N01_M009_G00,N01_M009_G00,N01,M009,4596.325,4626.98125,30.65625,7.109838748476221,0.0
E52_c10a50247c57c0340b451298,3.3550578799406594,3.1495087650690863,3.1495087650690863,410.4813485396202,450.8988478275434,578.4577013517014,0.22790762835174688,0.009166666666666667,0.0093671875,0.24644148251841355,2.313558517481587,0.9229870367129958,485.00999145507814,0.0,0.0,485.00999145507814,612.7099914550781,4338.432760137761,515.4917602539062,30.0,620.4813485396203,0.0,1,N01_M009_G00,N01_M009_G00,N01,M009,4596.325,4626.98125,30.65625,3.1495087650690863,0.0
E52_c515ea57360fd29f9add62f7,1.4450106716497118,10.649906727109496,1.4450106716497118,525.5980011021792,572.0554631586571,772.4512298654912,0.29632198385281766,0.009166666666666667,0.0093671875,0.3148558380194843,2.2451441619805164,0.9016075506189112,557.4895446777343,0.0,0.0,557.4895446777343,685.1895446777344,5793.384223991184,393.3172912597656,30.0,735.5980011021792,0.0,1,N01_M009_G00,N01_M009_G00,N01,M009,4596.325,4626.98125,30.65625,1.4450106716497118,0.0
E52_c76d93c5902d0dc017f7065c,7.697014027269674,16.05706218628906,7.697014027269674,260.86241804033426,278.57034040361555,415.47730190098105,0.1516149798935124,0.009166666666666667,0.0093671875,0.17014883406017908,2.3898511659398216,0.946828489356194,212.495068359375,0.0,0.0,212.495068359375,340.195068359375,3116.079764257358,277.91845703125,30.0,470.86241804033426,0.0,1,N01_M009_G00,N01_M009_G00,N01,M009,4596.325,4626.98125,30.65625,7.697014027269674,0.0
E52_c98d1e580ba9a8920eeacbdb,7.698978028102303,9.995636820319618,7.698978028102303,531.3190315479533,569.3529452238973,834.4345810402425,0.30713490815373307,0.009166666666666667,0.0093671875,0.3256687623203997,2.234331237679601,0.8982285117748751,456.40696411132814,0.0,0.0,456.40696411132814,584.1069641113281,6258.259357801819,362.73199462890625,30.0,741.3190315479533,0.0,1,N01_M009_G00,N01_M009_G00,N01,M009,4596.325,4626.98125,30.65625,7.698978028102303,0.0
E52_cdef0b479e00ae29ebd83132,4.238548150312667,10.01648148125875,4.238548150312667,520.0071121141804,554.5433095222207,832.7970397801186,0.3028799960747676,0.009166666666666667,0.0093671875,0.32141385024143426,2.238586149758566,0.8995581717995518,414.4343688964844,0.0,0.0,414.4343688964844,542.1343688964844,6245.977798350889,297.6476745605469,30.0,730.0071121141804,0.0,1,N01_M009_G00,N01_M009_G00,N01,M009,4596.325,4626.98125,30.65625,4.238548150312667,0.0
E52_d1d4424e0dfaa7a0ce62d445,6.557338117215423,12.872868339328704,6.557338117215423,402.0751033963921,436.37951216917855,598.3237541560654,0.22773150601213982,0.009166666666666667,0.0093671875,0.24626536017880649,2.313734639821194,0.9230420749441229,411.6529052734375,0.0,0.0,411.6529052734375,539.3529052734375,4487.428156170491,269.83203125,30.0,612.075103396392,0.0,1,N01_M009_G00,N01_M009_G00,N01,M009,4596.325,4626.98125,30.65625,6.557338117215423,0.0
E52_d22cbe82615c6d2ee0ebf49f,7.779779291536897,15.758568264926964,7.779779291536897,318.17309843891866,352.9726015110215,427.5491784452201,0.1737067461230003,0.009166666666666667,0.0093671875,0.19224060028966697,2.3677593997103337,0.9399248124094791,417.5940368652344,0.0,0.0,417.5940368652344,545.2940368652344,3206.618838339151,335.390380859375,30.0,528.1730984389187,0.0,1,N01_M009_G00,N01_M009_G00,N01,M009,4596.325,4626.98125,30.65625,7.779779291536897,0.0
E52_d3460088443e86b69235cf2f,8.971949567291546,10.110906533633653,8.971949567291546,520.9986937965015,557.4049117530444,823.5600798537452,0.3019244763287566,0.009166666666666667,0.0093671875,0.3204583304954232,2.239541669504577,0.8998567717201802,436.87461547851564,0.0,0.0,436.87461547851564,564.5746154785156,6176.700598903089,281.75616455078125,30.0,730.9986937965015,0.0,1,N01_M009_G00,N01_M009_G00,N01,M009,4596.325,4626.98125,30.65625,8.971949567291546,0.0
E52_d6d1511afdebb88632549a71,3.908250289686805,16.177909036830457,3.908250289686805,342.76879390848103,389.67749650450963,404.08537224079015,0.1791309979165653,0.009166666666666667,0.0093671875,0.19766485208323198,2.3623351479167685,0.93822973372399,562.9044311523437,0.0,0.0,562.9044311523437,690.6044311523438,3030.640291805926,390.60443115234375,30.0,552.768793908481,0.0,1,N01_M009_G00,N01_M009_G00,N01,M009,4596.325,4626.98125,30.65625,3.908250289686805,0.0
E52_d7f1f5d49edaa9f52000c452,13.539503263969294,12.917919470378578,12.917919470378578,397.7633482290822,431.12867517406926,595.3347347882426,0.22577474843651651,0.009166666666666667,0.0093671875,0.24430860260318318,2.3156913973968174,0.9236535616865053,400.38392333984376,0.0,0.0,400.38392333984376,528.0839233398438,4465.010510911819,278.08392333984375,30.0,607.7633482290822,0.0,1,N01_M009_G00,N01_M009_G00,N01,M009,4596.325,4626.98125,30.65625,12.917919470378578,0.0
E52_da1eeef61bb4fffd90feecd9,3.599916194336444,11.577048041656667,3.599916194336444,464.4321692173844,503.4661769891943,694.6602918039094,0.2635518155735283,0.009166666666666667,0.0093671875,0.28208566974019494,2.2779143302598057,0.911848228206189,468.40809326171876,0.0,0.0,468.40809326171876,596.1080932617188,5209.952188529321,322.9142761230469,30.0,674.4321692173844,0.0,1,N01_M009_G00,N01_M009_G00,N01,M009,4596.325,4626.98125,30.65625,3.599916194336444,0.0
E52_da487d3b8a0906fb4529d12f,8.96693849701738,15.138353346482333,8.96693849701738,331.4673547495513,365.316990573119,459.8368945576963,0.18300743845595838,0.009166666666666667,0.0093671875,0.20154129262262505,2.3584587073773755,0.9370183460554297,406.1956298828125,0.0,0.0,406.1956298828125,533.8956298828125,3448.7767091827222,283.8956298828125,30.0,541.4673547495513,0.0,1,N01_M009_G00,N01_M009_G00,N01,M009,4596.325,4626.98125,30.65625,8.96693849701738,0.0
E52_dbe1bedc9b83d29f34556dbd,12.213348387509896,13.016499113861627,12.213348387509896,387.86022911882606,419.0031732004504,588.862793747906,0.22133620210273125,0.009166666666666667,0.0093671875,0.23987005626939792,2.3201299437306027,0.9250406074158132,373.7153289794922,0.0,0.0,373.7153289794922,501.4153289794922,4416.470953109295,233.02317810058594,30.0,597.860229118826,0.0,1,N01_M009_G00,N01_M009_G00,N01,M009,4596.325,4626.98125,30.65625,12.213348387509896,0.0
E52_dbec4f1422e98765afb262aa,6.307017677093157,16.38523852602286,6.307017677093157,322.5402116809159,364.1002534899979,395.72017250733956,0.1707521496628321,0.009166666666666667,0.0093671875,0.18928600382949876,2.370713996170502,0.9408481238032816,498.7205017089844,0.0,0.0,498.7205017089844,626.4205017089844,2967.901293805047,326.4205017089844,30.0,532.540211680916,0.0,1,N01_M009_G00,N01_M009_G00,N01,M009,4596.325,4626.98125,30.65625,6.307017677093157,0.0
E52_dc4c132291b7b9525a26c82f,7.6564723966300505,16.290878065555617,7.6564723966300505,256.41354735972715,274.49113296153376,404.3615811086144,0.14845852840407586,0.009166666666666667,0.0093671875,0.16699238257074253,2.393007617429258,0.947814880446643,216.9310272216797,0.0,0.0,216.9310272216797,344.6310272216797,3032.711858314608,277.91845703125,30.0,466.41354735972715,0.0,1,N01_M009_G00,N01_M009_G00,N01,M009,4596.325,4626.98125,30.65625,7.6564723966300505,0.0
E52_dd12fb0cc4aee52816704b73,3.250587689044039,0.5498680641518376,0.5498680641518376,547.6210002825783,600.0718247658139,780.5370536657424,0.3052994367315811,0.009166666666666667,0.0093671875,0.32383329089824775,2.2361667091017527,0.8988020965942976,629.4098937988281,0.0,0.0,629.4098937988281,757.1098937988281,5854.027902493068,543.108642578125,30.0,757.6210002825783,0.0,1,N01_M009_G00,N01_M009_G00,N01,M009,4596.325,4626.98125,30.65625,0.5498680641518376,0.0
E52_de2c36302e014a6d0284c896,7.4736466427876,15.994052628622484,7.4736466427876,325.41177480357015,364.7238282296769,414.95122905049965,0.1744969638873427,0.009166666666666667,0.0093671875,0.19303081805400937,2.3669691819459913,0.939677869358122,471.74464111328126,0.0,0.0,471.74464111328126,599.4446411132812,3112.134217878747,326.2397766113281,30.0,535.4117748035701,0.0,1,N01_M009_G00,N01_M009_G00,N01,M009,4596.325,4626.98125,30.65625,7.4736466427876,0.0
E52_e0325aad0b87e7c07e10fc2c,7.566018160882493,5.987785159048158,5.987785159048158,275.1983248954777,294.96932963587483,418.60161500091635,0.15682137892336617,0.009166666666666667,0.0093671875,0.17535523309003284,2.3846447669099677,0.9452014896593648,248.53977661132814,11.2877197265625,11.2877197265625,248.53977661132814,376.2397766113281,3139.5121125068727,326.2397766113281,30.0,485.1983248954777,0.0,1,N01_M009_G00,N01_M009_G00,N01,M009,4596.325,4626.98125,30.65625,5.987785159048158,0.0
E52_e0cd6bab1a22c4530d9a254c,6.348514386036172,6.471069764274475,6.348514386036172,260.0402116809159,280.7669201566646,395.72017250733956,0.14852449968212222,0.009166666666666667,0.0093671875,0.1670583538487889,2.3929416461512116,0.9477942644222535,248.7205017089844,0.0,0.0,248.7205017089844,376.4205017089844,2967.901293805047,326.4205017089844,30.0,470.0402116809159,0.0,1,N01_M009_G00,N01_M009_G00,N01,M009,4596.325,4626.98125,30.65625,6.348514386036172,0.0
E52_ea76d341ab82f2ebc1fa1efe,7.5165911608126805,6.056283714240493,6.056283714240493,275.41177480357015,298.05716156301025,414.95122905049965,0.15671484390277482,0.009166666666666667,0.0093671875,0.1752486980694415,2.384751301930559,0.9452347818532996,271.74464111328126,0.0,0.0,271.74464111328126,399.44464111328125,3112.134217878747,326.2397766113281,30.0,485.41177480357015,0.0,1,N01_M009_G00,N01_M009_G00,N01,M009,4596.325,4626.98125,30.65625,6.056283714240493,0.0
E52_eab18c460278cfbad2c20da0,8.42890000536778,7.760329046990023,7.760329046990023,212.31476099060268,226.15454090800176,341.5908424768108,0.12388533452538679,0.009166666666666667,0.0093671875,0.14241918869205347,2.417580811307947,0.9554940035337333,166.07735900878907,0.0,0.0,166.07735900878907,293.77735900878906,2561.931318576081,213.8477783203125,30.0,422.3147609906027,0.0,1,N01_M009_G00,N01_M009_G00,N01,M009,4596.325,4626.98125,30.65625,7.760329046990023,0.0
E52_eb490529b308e18523949520,10.645912372921458,12.235001379754962,10.645912372921458,417.9327582223269,449.8180932544721,644.5535062517828,0.23991836791670462,0.009166666666666667,0.0093671875,0.25845222208337126,2.301547777916629,0.9192336805989465,382.6240203857422,0.0,0.0,382.6240203857422,510.3240203857422,4834.151296888371,255.67149353027344,30.0,627.9327582223269,0.0,1,N01_M009_G00,N01_M009_G00,N01,M009,4596.325,4626.98125,30.65625,10.645912372921458,0.0
E52_eddf192c3626d88d236d26e4,9.202366955945095,17.034187922993553,9.202366955945095,241.72684180786888,260.473536754158,370.9735139380034,0.13850678679446915,0.009166666666666667,0.0093671875,0.15704064096113582,2.4029593590388645,0.950924799699645,224.96033935546876,0.0,0.0,224.96033935546876,352.66033935546875,2782.3013545350254,199.07135009765625,30.0,451.7268418078689,0.0,1,N01_M009_G00,N01_M009_G00,N01,M009,4596.325,4626.98125,30.65625,9.202366955945095,0.0
E52_ede4029bd5e695a7a0c85289,13.583817289876492,12.925612211179384,12.925612211179384,385.2633482290822,414.4620085074026,595.3347347882426,0.22132921844037454,0.009166666666666667,0.0093671875,0.2398630726070412,2.3201369273929595,0.9250427898102996,350.38392333984376,0.0,0.0,350.38392333984376,478.08392333984375,4465.010510911819,278.08392333984375,30.0,595.2633482290822,0.0,1,N01_M009_G00,N01_M009_G00,N01,M009,4596.325,4626.98125,30.65625,12.925612211179384,0.0
E52_ef8fa59407d07a2296b5f591,5.5035489199939605,0.3151276047193221,0.3151276047193221,505.85939793409244,540.3898465933535,804.5361039126185,0.29384606362066074,0.009166666666666667,0.0093671875,0.3123799177873274,2.247620082212673,0.9023812756914602,414.3653839111328,0.0,0.0,414.3653839111328,542.0653839111328,6034.020779344639,284.8677062988281,30.0,715.8593979340924,0.0,1,N01_M009_G00,N01_M009_G00,N01,M009,4596.325,4626.98125,30.65625,0.3151276047193221,0.0
E52_f2fabdd802684ffd17ed2273,5.819221294336884,16.925225818485302,5.819221294336884,275.2104023505881,304.60508466259984,374.0527108291059,0.15085104647056902,0.009166666666666667,0.0093671875,0.16938490063723569,2.3906150993627646,0.9470672185508638,352.73618774414064,0.0,0.0,352.73618774414064,480.4361877441406,2805.395331218294,291.6474609375,30.0,485.2104023505881,0.0,1,N01_M009_G00,N01_M009_G00,N01,M009,4596.325,4626.98125,30.65625,5.819221294336884,0.0
E52_fd527d975e1813662620f82c,12.41878444581613,12.45056667278017,12.41878444581613,418.2192341110554,452.9085204066283,628.3027504486734,0.23771876612520712,0.009166666666666667,0.0093671875,0.2562526202918738,2.3037473797081267,0.9199210561587894,416.271435546875,0.0,0.0,416.271435546875,543.971435546875,4712.2706283650505,307.606201171875,30.0,628.2192341110554,0.0,1,N01_M009_G00,N01_M009_G00,N01,M009,4596.325,4626.98125,30.65625,12.41878444581613,0.0
E52_fe6c7b852578a086d3069b9b,8.38236040777565,5.686957833294301,5.686957833294301,283.52010664670297,305.8382661315663,433.1312563842263,0.16217322495485703,0.009166666666666667,0.0093671875,0.1807070791215237,2.379292920878477,0.9435290377745238,267.8179138183594,0.0,0.0,267.8179138183594,395.5179138183594,3248.484422881697,322.1230773925781,30.0,493.52010664670297,0.0,1,N01_M009_G00,N01_M009_G00,N01,M009,4596.325,4626.98125,30.65625,5.686957833294301,0.0
E52_0c9d91fc306062a18ada9948,5.682714654617925,15.697900697510477,5.682714654617925,331.42241999480143,370.2725110389095,429.7442937249544,0.1787296459836012,0.009166666666666667,0.13340364583333333,0.32129995848360116,2.2387000415163993,0.8995937629738746,466.2010925292969,0.0,0.0,466.2010925292969,593.9010925292969,3223.082202937158,335.390380859375,30.0,541.4224199948014,0.0,1,N01_M009_G01,N01_M009_G01,N01,M009,4637.3875,5073.98125,436.59375,5.682714654617925,0.0
E52_189eb019491ad876aa165071,4.7107574847429134,3.8094716871601975,3.8094716871601975,403.09916814168594,448.35288467407526,534.676037089036,0.21908171065325852,0.009166666666666667,0.13340364583333333,0.3616520231532585,2.198347976846742,0.8869837427646067,543.0445983886718,0.0,0.0,543.0445983886718,670.7445983886719,4010.07027816777,391.87322998046875,30.0,613.0991681416859,0.0,1,N01_M009_G01,N01_M009_G01,N01,M009,4637.3875,5073.98125,436.59375,3.8094716871601975,0.0
E52_1ef47ef68c1879e18ddbb164,9.162060601984706,9.684707827919368,9.162060601984706,525.9457118932837,556.9823492630754,865.6715995678175,0.30964781577290457,0.009166666666666667,0.13340364583333333,0.45221812827290453,2.107781871727096,0.8586818349147174,372.4396484375,0.0,0.0,372.4396484375,500.1396484375,6492.536996758631,304.7821350097656,30.0,735.9457118932837,0.0,1,N01_M009_G01,N01_M009_G01,N01,M009,4637.3875,5073.98125,436.59375,9.162060601984706,0.0
E52_215ef380a7eb56a6f7d09ab1,13.83018706095794,12.440860913671315,12.440860913671315,437.2780853288336,478.35957590907447,628.0672271762219,0.2444635461376352,0.009166666666666667,0.13340364583333333,0.3870338586376352,2.172966141362365,0.879051919175739,492.97788696289064,0.0,0.0,492.97788696289064,620.6778869628906,4710.504203821664,324.9881591796875,30.0,647.2780853288336,0.0,1,N01_M009_G01,N01_M009_G01,N01,M009,4637.3875,5073.98125,436.59375,12.440860913671315,0.0
E52_24cc4f01335372459fb4c2ba,11.512851159871033,12.909161020133865,11.512851159871033,410.2633482290822,447.7953418407359,595.3347347882426,0.23022027843265847,0.009166666666666667,0.13340364583333333,0.3727905909326584,2.187209409067342,0.8835029403335443,450.38392333984376,0.0,0.0,450.38392333984376,578.0839233398438,4465.010510911819,278.08392333984375,30.0,620.2633482290822,0.0,1,N01_M009_G01,N01_M009_G01,N01,M009,4637.3875,5073.98125,436.59375,11.512851159871033,0.0
E52_27bf01e9e990859ae5993708,5.457169743955134,15.932490639468014,5.457169743955134,318.6138217216496,355.0514931287134,418.60161500091635,0.17259630304263499,0.009166666666666667,0.13340364583333333,0.315166615542635,2.2448333844573654,0.9015104326429266,437.25205688476564,0.0,0.0,437.25205688476564,564.9520568847656,3139.5121125068727,326.2397766113281,30.0,528.6138217216496,0.0,1,N01_M009_G01,N01_M009_G01,N01,M009,4637.3875,5073.98125,436.59375,5.457169743955134,0.0
E52_27bf1882d0e1a812c8450c72,4.603440389047222,16.18675851321828,4.603440389047222,334.03154784809436,377.9609795090644,404.48650573036844,0.17608047258726683,0.009166666666666667,0.13340364583333333,0.31865078508726685,2.2413492149127334,0.9004216296602291,527.1531799316406,0.0,0.0,527.1531799316406,654.8531799316406,3033.648792977763,364.9013671875,30.0,544.0315478480943,0.0,1,N01_M009_G01,N01_M009_G01,N01,M009,4637.3875,5073.98125,436.59375,4.603440389047222,0.0
E52_2cea01313b8862fcfb6b2e63,8.362609841558438,16.460055432828085,8.362609841558438,259.5957489704318,280.08528245838755,396.2542970131293,0.148442074342722,0.009166666666666667,0.13340364583333333,0.291012386842722,2.2689876131572784,0.9090586291116494,245.87440185546876,0.0,0.0,245.87440185546876,373.57440185546875,2971.90722759847,231.8917236328125,30.0,469.5957489704318,0.0,1,N01_M009_G01,N01_M009_G01,N01,M009,4637.3875,5073.98125,436.59375,8.362609841558438,0.0
E52_2d7a36258a59c18fc6a856bf,4.894869074614363,16.662039037059316,4.894869074614363,318.72117968179435,361.17160743651436,382.73979283526836,0.16755561647288383,0.009166666666666667,0.13340364583333333,0.3101259289728838,2.249874071027117,0.9030856471959738,509.40513305664064,0.0,0.0,509.40513305664064,637.1051330566406,2870.5484462645127,346.4301452636719,30.0,528.7211796817944,0.0,1,N01_M009_G01,N01_M009_G01,N01,M009,4637.3875,5073.98125,436.59375,4.894869074614363,0.0
E52_2dadfb43d7dd9558e21effa9,11.090420741642077,12.85982438864363,11.090420741642077,396.07517918576866,428.1792069974549,599.5261915014202,0.22576797164618329,0.009166666666666667,0.13340364583333333,0.3683382841461833,2.191661715853817,0.8848942862043178,385.2483337402344,0.0,0.0,385.2483337402344,512.9483337402344,4496.446436260651,251.37640380859375,30.0,606.0751791857687,0.0,1,N01_M009_G01,N01_M009_G01,N01,M009,4637.3875,5073.98125,436.59375,11.090420741642077,0.0
E52_2e64690809088e2a96fb2160,8.86765618769428,9.500767968691491,8.86765618769428,523.7789293194231,550.945126524013,884.5606754113072,0.31155234822715455,0.009166666666666667,0.13340364583333333,0.45412266072715457,2.105877339272846,0.8580866685227642,325.99436645507814,0.0,0.0,325.99436645507814,453.6943664550781,6634.205065584804,329.6845703125,30.0,733.7789293194231,0.0,1,N01_M009_G01,N01_M009_G01,N01,M009,4637.3875,5073.98125,436.59375,8.86765618769428,0.0
E52_357bbbd4dc4420221c875ea3,10.161205222688423,12.241245229232817,10.161205222688423,405.4327582223269,433.1514265878055,644.5535062517828,0.23547283792056264,0.009166666666666667,0.13340364583333333,0.37804315042056263,2.181956849579438,0.8818615154935742,332.6240203857422,0.0,0.0,332.6240203857422,460.3240203857422,4834.151296888371,255.67149353027344,30.0,615.4327582223269,0.0,1,N01_M009_G01,N01_M009_G01,N01,M009,4637.3875,5073.98125,436.59375,10.161205222688423,0.0
E52_3875f0f2b8e39572338b498b,13.353921106597483,12.654831201135607,12.654831201135607,430.443023323014,471.8276755243487,612.5781334380202,0.23983909257274777,0.009166666666666667,0.13340364583333333,0.3824094050727478,2.1775905949272527,0.8804970609147663,496.61582641601564,0.0,0.0,496.61582641601564,624.3158264160156,4594.336000785152,324.3158264160156,30.0,640.443023323014,0.0,1,N01_M009_G01,N01_M009_G01,N01,M009,4637.3875,5073.98125,436.59375,12.654831201135607,0.0
E52_3a94b6482baa2cfaba8a857d,4.751812171973384,16.425448776817632,4.751812171973384,326.01303055755295,369.111023518165,393.4381033514341,0.17166403726355467,0.009166666666666667,0.13340364583333333,0.3142343497635547,2.2457656502364456,0.9018017656988891,517.1759155273437,0.0,0.0,517.1759155273437,644.8759155273438,2950.785775135756,352.4370422363281,30.0,536.013030557553,0.0,1,N01_M009_G01,N01_M009_G01,N01,M009,4637.3875,5073.98125,436.59375,4.751812171973384,0.0
E52_413d3eff5d481ef66f8d3068,8.837583919159812,9.493762996477216,8.837583919159812,548.7789293194231,584.2784598573463,884.5606754113072,0.3204434082194385,0.009166666666666667,0.13340364583333333,0.46301372071943847,2.096986279280562,0.8553082122751755,425.99436645507814,0.0,0.0,425.99436645507814,553.6943664550781,6634.205065584804,329.6845703125,30.0,758.7789293194231,0.0,1,N01_M009_G01,N01_M009_G01,N01,M009,4637.3875,5073.98125,436.59375,8.837583919159812,0.0
E52_4cf0fac9feb721651efb2830,6.998212924039663,17.82597875173802,6.998212924039663,242.69354898018014,267.32891198677197,337.5749199208095,0.13412057160327687,0.009166666666666667,0.13340364583333333,0.27669088410327686,2.283309115896724,0.913534098717726,295.6243560791016,0.0,0.0,295.6243560791016,423.32435607910156,2531.8118994060715,217.31182861328125,30.0,452.69354898018014,0.0,1,N01_M009_G01,N01_M009_G01,N01,M009,4637.3875,5073.98125,436.59375,6.998212924039663,0.0
E52_4d215302190bc5bfb29bf912,3.785853652478636,16.37371485667674,3.785853652478636,307.50969179304633,343.7570581260541,397.53518558804575,0.1656637075427803,0.009166666666666667,0.13340364583333333,0.3082340200427803,2.25176597995722,0.9036768687366312,434.96839599609376,0.0,0.0,434.96839599609376,562.6683959960938,2981.5138919103433,336.56707763671875,30.0,517.5096917930464,0.0,1,N01_M009_G01,N01_M009_G01,N01,M009,4637.3875,5073.98125,436.59375,3.785853652478636,0.0
E52_50c718ca7f326f764494c89d,14.334642037780668,13.080943299176411,13.080943299176411,350.85355156655817,370.1881015340061,585.6998033284289,0.20772710552759727,0.009166666666666667,0.13340364583333333,0.3502974180275973,2.209702581972403,0.8905320568663758,232.014599609375,0.0,0.0,232.014599609375,359.714599609375,4392.748524963216,275.29461669921875,30.0,560.8535515665582,0.0,1,N01_M009_G01,N01_M009_G01,N01,M009,4637.3875,5073.98125,436.59375,13.080943299176411,0.0
E52_515a3b7c8d98426ee13f2b4e,7.786538932173912,17.07508762021844,7.786538932173912,242.68536134104386,262.0561394884234,369.14605379781034,0.13858886614696947,0.009166666666666667,0.13340364583333333,0.2811591786469695,2.278840821353031,0.912137756672822,232.4493377685547,0.0,0.0,232.4493377685547,360.1493377685547,2768.5954034835777,210.1493377685547,30.0,452.68536134104386,0.0,1,N01_M009_G01,N01_M009_G01,N01,M009,4637.3875,5073.98125,436.59375,7.786538932173912,0.0
E52_60b76d98beea93305f35c25d,7.924907482409168,16.79058398580294,7.924907482409168,271.8613885249859,299.0873836523459,380.3668062858116,0.15055421784231732,0.009166666666666667,0.13340364583333333,0.29312453034231734,2.266875469657683,0.9083985842680258,326.7119415283203,0.0,0.0,326.7119415283203,454.4119415283203,2852.751047143587,241.2421875,30.0,481.8613885249859,0.0,1,N01_M009_G01,N01_M009_G01,N01,M009,4637.3875,5073.98125,436.59375,7.924907482409168,0.0
E52_68694062ed2e2e792aeb51a9,5.8056357366346845,17.695890544520793,5.8056357366346845,262.3147609906027,292.8212075746684,341.5908424768108,0.1416674545099547,0.009166666666666667,0.13340364583333333,0.2842377670099547,2.2757622329900458,0.9111756978093892,366.0773590087891,0.0,0.0,366.0773590087891,493.77735900878906,2561.931318576081,213.8477783203125,30.0,472.3147609906027,0.0,1,N01_M009_G01,N01_M009_G01,N01,M009,4637.3875,5073.98125,436.59375,5.8056357366346845,0.0
E52_7547086a1218012670f76a62,1.72450856648004,2.277872015791573,1.72450856648004,375.1797445493145,391.65409045589,642.7455049270795,0.22423479709031385,0.009166666666666667,0.13340364583333333,0.36680510959031387,2.1931948904096865,0.8853734032530269,205.20750122070314,7.515350341796875,7.515350341796875,205.20750122070314,332.9075012207031,4820.591286953097,282.9075012207031,30.0,585.1797445493145,0.0,1,N01_M009_G01,N01_M009_G01,N01,M009,4637.3875,5073.98125,436.59375,1.72450856648004,0.0
E52_76b4f0bdabd1ccab126282dd,7.552690382552015,17.180198899819032,7.552690382552015,244.7670432960008,265.6078646257534,364.489158613486,0.13866967590706417,0.009166666666666667,0.13340364583333333,0.28123998840706416,2.2787600115929365,0.9121125036227925,250.08985595703126,0.0,0.0,250.08985595703126,377.78985595703125,2733.6686896011447,241.2421875,30.0,454.7670432960008,0.0,1,N01_M009_G01,N01_M009_G01,N01,M009,4637.3875,5073.98125,436.59375,7.552690382552015,0.0
E52_7dc5542bb1ad046741692f59,6.104218633283082,15.630401191468053,6.104218633283082,333.52010664670297,372.50493279823297,433.1312563842263,0.17995534493942492,0.009166666666666667,0.13340364583333333,0.3225256574394249,2.2374743425605756,0.8992107320501798,467.8179138183594,0.0,0.0,467.8179138183594,595.5179138183594,3248.484422881697,322.1230773925781,30.0,543.520106646703,0.0,1,N01_M009_G01,N01_M009_G01,N01,M009,4637.3875,5073.98125,436.59375,6.104218633283082,0.0
E52_7e5f4a4eaf9aa5b10576997a,10.7721571193441,13.086620585622072,10.7721571193441,384.11958913832314,414.7999833745699,584.1568128591658,0.21933939564120059,0.009166666666666667,0.13340364583333333,0.3619097081412006,2.1980902918588,0.8869032162058748,368.16473083496095,0.0,0.0,368.16473083496095,495.86473083496094,4381.1760964437435,251.37640380859375,30.0,594.1195891383231,0.0,1,N01_M009_G01,N01_M009_G01,N01,M009,4637.3875,5073.98125,436.59375,10.7721571193441,0.0
E52_82c821a5773d0bfbe554f10a,8.226809702901718,11.397135806608844,8.226809702901718,512.9354114719376,566.0737563002253,707.0407539741487,0.2825549862639304,0.009166666666666667,0.13340364583333333,0.42512529876393035,2.13487470123607,0.8671483441362717,637.6601379394531,0.0,0.0,637.6601379394531,765.3601379394531,5302.805654806116,465.3601379394531,30.0,722.9354114719376,0.0,1,N01_M009_G01,N01_M009_G01,N01,M009,4637.3875,5073.98125,436.59375,8.226809702901718,0.0
E52_831cee7e7a3a549796e42b18,9.399750123069552,10.042846261792022,9.399750123069552,524.445203057942,560.9167693217765,830.061008532876,0.3040708837654974,0.009166666666666667,0.13340364583333333,0.44664119626549736,2.1133588037345032,0.8604246261670321,437.65879516601564,0.0,0.0,437.65879516601564,565.3587951660156,6225.457563996571,359.5916748046875,30.0,734.445203057942,0.0,1,N01_M009_G01,N01_M009_G01,N01,M009,4637.3875,5073.98125,436.59375,9.399750123069552,0.0
E52_88c1c7aba1fcf94c58dad20e,8.854714885631324,9.497510042154289,8.854714885631324,536.2789293194231,567.6117931906797,884.5606754113072,0.3159978782232965,0.009166666666666667,0.13340364583333333,0.45856819072329646,2.101431809276704,0.8566974403989699,375.99436645507814,0.0,0.0,375.99436645507814,503.6943664550781,6634.205065584804,329.6845703125,30.0,746.2789293194231,0.0,1,N01_M009_G01,N01_M009_G01,N01,M009,4637.3875,5073.98125,436.59375,8.854714885631324,0.0
E52_8ca7795ffa642a3b129c0a3d,5.700721261922126,15.730152054416479,5.700721261922126,330.94608252023,369.9122522589995,428.0951466078428,0.17832668261553564,0.009166666666666667,0.13340364583333333,0.3208969951155356,2.239103004884465,0.8997196890263951,467.5940368652344,0.0,0.0,467.5940368652344,595.2940368652344,3210.713599558821,335.390380859375,30.0,540.94608252023,0.0,1,N01_M009_G01,N01_M009_G01,N01,M009,4637.3875,5073.98125,436.59375,5.700721261922126,0.0
E52_8d375985c45fff9288668cb3,1.809977176063029,16.222123863058812,1.809977176063029,353.99602207193686,405.21742048909175,400.663653640944,0.182639281392285,0.009166666666666667,0.13340364583333333,0.325209593892285,2.2347904061077157,0.898372001908661,614.6567810058593,0.0,0.0,614.6567810058593,742.3567810058594,3004.97740230708,442.3567810058594,30.0,563.9960220719369,0.0,1,N01_M009_G01,N01_M009_G01,N01,M009,4637.3875,5073.98125,436.59375,1.809977176063029,0.0
E52_924cec2d58c933358893a332,10.624413809800686,12.302862284422105,10.624413809800686,416.670444788364,448.9844576972996,639.4568121231148,0.23874762537865796,0.009166666666666667,0.13340364583333333,0.381317937878658,2.1786820621213425,0.8808381444129194,387.7681549072266,0.0,0.0,387.7681549072266,515.4681549072266,4795.926090923361,252.644287109375,30.0,626.670444788364,0.0,1,N01_M009_G01,N01_M009_G01,N01,M009,4637.3875,5073.98125,436.59375,10.624413809800686,0.0
E52_96da4f081c74d8211b4b244f,11.344550318144897,12.47027426673894,11.344550318144897,406.4445801679392,437.368205859671,627.3474061854878,0.23339590098708082,0.009166666666666667,0.13340364583333333,0.3759662134870808,2.1840337865129196,0.8825105582852872,371.08350830078126,0.0,0.0,371.08350830078126,498.78350830078125,4705.105546391158,251.37640380859375,30.0,616.4445801679392,0.0,1,N01_M009_G01,N01_M009_G01,N01,M009,4637.3875,5073.98125,436.59375,11.344550318144897,0.0
E52_a3836b1674b2d70f748125c1,6.57521379218305,18.388582284998307,6.57521379218305,238.77143733771516,265.74771093797557,315.68523307386783,0.1296256139323784,0.009166666666666667,0.13340364583333333,0.2721959264323784,2.287804073567622,0.9149387729898818,323.715283203125,0.0,0.0,323.715283203125,451.415283203125,2367.639248054009,217.29420471191406,30.0,448.77143733771516,0.0,1,N01_M009_G01,N01_M009_G01,N01,M009,4637.3875,5073.98125,436.59375,6.57521379218305,0.0
E52_aaa387ee3ee3170bd804334d,0.0961803787852773,18.409477866986336,0.0961803787852773,263.5215778829557,299.2286101502083,312.8009621623957,0.13801933350380158,0.009166666666666667,0.13340364583333333,0.28058964600380154,2.279410353996199,0.9123157356238121,428.48438720703126,0.0,0.0,428.48438720703126,556.1843872070312,2346.0072162179677,386.9435729980469,30.0,473.5215778829557,0.0,1,N01_M009_G01,N01_M009_G01,N01,M009,4637.3875,5073.98125,436.59375,0.0961803787852773,0.0
E52_b544b4d7beda1d6ed7fbeefb,5.48852053666009,16.252686834440453,5.48852053666009,293.91354735972715,324.49113296153376,404.3615811086144,0.16179511839250177,0.009166666666666667,0.13340364583333333,0.3043654308925018,2.2556345691074986,0.9048858028460932,366.9310272216797,0.0,0.0,366.9310272216797,494.6310272216797,3032.711858314608,277.91845703125,30.0,503.91354735972715,0.0,1,N01_M009_G01,N01_M009_G01,N01,M009,4637.3875,5073.98125,436.59375,5.48852053666009,0.0
E52_b60e4d2a4cdcd5801a5d757f,5.286593515944801,16.480566458341656,5.286593515944801,308.26023760270465,345.626388522301,392.32356968783114,0.16519254750221457,0.009166666666666667,0.13340364583333333,0.30776286000221453,2.252237139997786,0.903824106249308,448.39381103515626,0.0,0.0,448.39381103515626,576.0938110351562,2942.4267726587336,326.2397766113281,30.0,518.2602376027046,0.0,1,N01_M009_G01,N01_M009_G01,N01,M009,4637.3875,5073.98125,436.59375,5.286593515944801,0.0
E52_b6789310c1ab16898a769b78,15.706200065217104,2.625622464396969,2.625622464396969,372.38145547243056,389.4038741939475,617.4514627840539,0.21924054354678854,0.009166666666666667,0.13340364583333333,0.36181085604678853,2.198189143953212,0.8869341074853786,225.84925537109376,21.580230712890625,21.580230712890625,225.84925537109376,353.54925537109375,4630.885970880404,303.54925537109375,30.0,582.3814554724306,0.0,1,N01_M009_G01,N01_M009_G01,N01,M009,4637.3875,5073.98125,436.59375,2.625622464396969,0.0
E52_be69bdf55826f2eb34075d09,12.089343064167153,12.029424972929434,12.029424972929434,457.6877788138426,500.48965717077624,658.5642874860837,0.25604119113741575,0.009166666666666667,0.13340364583333333,0.3986115036374157,2.161388496362585,0.8754339051133075,513.6225402832031,0.0,0.0,513.6225402832031,641.3225402832031,4939.232156145627,341.3225402832031,30.0,667.6877788138427,0.0,1,N01_M009_G01,N01_M009_G01,N01,M009,4637.3875,5073.98125,436.59375,12.029424972929434,0.0
E52_bfffb2993ede6e2e2bd9340b,14.028371400881156,13.053008949478723,13.053008949478723,400.85355156655817,436.85476820067277,585.6998033284289,0.22550922551216515,0.009166666666666667,0.13340364583333333,0.36807953801216514,2.191920461987835,0.8849751443711984,432.014599609375,0.0,0.0,432.014599609375,559.714599609375,4392.748524963216,275.29461669921875,30.0,610.8535515665582,0.0,1,N01_M009_G01,N01_M009_G01,N01,M009,4637.3875,5073.98125,436.59375,13.053008949478723,0.0
E52_c0294c7ff44d44fc4ede8d97,5.006362490083006,16.7256600789149,5.006362490083006,316.70783025924425,358.9570632507807,379.92026256926977,0.16644027302831577,0.009166666666666667,0.13340364583333333,0.30901058552831573,2.2509894144716847,0.9034341920224014,506.9907958984375,0.0,0.0,506.9907958984375,634.6907958984375,2849.4019692695233,334.6907958984375,30.0,526.7078302592442,0.0,1,N01_M009_G01,N01_M009_G01,N01,M009,4637.3875,5073.98125,436.59375,5.006362490083006,0.0
E52_c98d1e580ba9a8920eeacbdb,9.050204829241409,9.995636820319618,9.050204829241409,531.3190315479533,569.3529452238973,834.4345810402425,0.30713490815373307,0.009166666666666667,0.13340364583333333,0.4497052206537331,2.110294779346267,0.8594671185457085,456.40696411132814,0.0,0.0,456.40696411132814,584.1069641113281,6258.259357801819,362.73199462890625,30.0,741.3190315479533,0.0,1,N01_M009_G01,N01_M009_G01,N01,M009,4637.3875,5073.98125,436.59375,9.050204829241409,0.0
E52_d22cbe82615c6d2ee0ebf49f,5.6791610470501865,15.758568264926964,5.6791610470501865,318.17309843891866,352.9726015110215,427.5491784452201,0.1737067461230003,0.009166666666666667,0.13340364583333333,0.31627705862300026,2.2437229413770003,0.9011634191803124,417.5940368652344,0.0,0.0,417.5940368652344,545.2940368652344,3206.618838339151,335.390380859375,30.0,528.1730984389187,0.0,1,N01_M009_G01,N01_M009_G01,N01,M009,4637.3875,5073.98125,436.59375,5.6791610470501865,0.0
E52_d3460088443e86b69235cf2f,11.01352841695197,10.110906533633653,10.110906533633653,520.9986937965015,557.4049117530444,823.5600798537452,0.3019244763287566,0.009166666666666667,0.13340364583333333,0.4444947888287566,2.115505211171244,0.8610953784910136,436.87461547851564,0.0,0.0,436.87461547851564,564.5746154785156,6176.700598903089,281.75616455078125,30.0,730.9986937965015,0.0,1,N01_M009_G01,N01_M009_G01,N01,M009,4637.3875,5073.98125,436.59375,10.110906533633653,0.0
E52_d6d1511afdebb88632549a71,2.4694159507623397,16.177909036830457,2.4694159507623397,342.76879390848103,389.67749650450963,404.08537224079015,0.1791309979165653,0.009166666666666667,0.13340364583333333,0.3217013104165653,2.238298689583435,0.8994683404948234,562.9044311523437,0.0,0.0,562.9044311523437,690.6044311523438,3030.640291805926,390.60443115234375,30.0,552.768793908481,0.0,1,N01_M009_G01,N01_M009_G01,N01,M009,4637.3875,5073.98125,436.59375,2.4694159507623397,0.0
E52_d7f1f5d49edaa9f52000c452,11.569253065446404,12.917919470378578,11.569253065446404,397.7633482290822,431.12867517406926,595.3347347882426,0.22577474843651651,0.009166666666666667,0.13340364583333333,0.36834506093651653,2.191654939063484,0.8848921684573385,400.38392333984376,0.0,0.0,400.38392333984376,528.0839233398438,4465.010510911819,278.08392333984375,30.0,607.7633482290822,0.0,1,N01_M009_G01,N01_M009_G01,N01,M009,4637.3875,5073.98125,436.59375,11.569253065446404,0.0
E52_da487d3b8a0906fb4529d12f,6.700573680438396,15.138353346482333,6.700573680438396,331.4673547495513,365.316990573119,459.8368945576963,0.18300743845595838,0.009166666666666667,0.13340364583333333,0.32557775095595837,2.234422249044042,0.898256952826263,406.1956298828125,0.0,0.0,406.1956298828125,533.8956298828125,3448.7767091827222,283.8956298828125,30.0,541.4673547495513,0.0,1,N01_M009_G01,N01_M009_G01,N01,M009,4637.3875,5073.98125,436.59375,6.700573680438396,0.0
E52_dbe1bedc9b83d29f34556dbd,10.319763659808586,13.016499113861627,10.319763659808586,387.86022911882606,419.0031732004504,588.862793747906,0.22133620210273125,0.009166666666666667,0.13340364583333333,0.36390651460273127,2.1960934853972693,0.8862792141866465,373.7153289794922,0.0,0.0,373.7153289794922,501.4153289794922,4416.470953109295,233.02317810058594,30.0,597.860229118826,0.0,1,N01_M009_G01,N01_M009_G01,N01,M009,4637.3875,5073.98125,436.59375,10.319763659808586,0.0
E52_dbec4f1422e98765afb262aa,4.439539268577306,16.38523852602286,4.439539268577306,322.5402116809159,364.1002534899979,395.72017250733956,0.1707521496628321,0.009166666666666667,0.13340364583333333,0.3133224621628321,2.2466775378371686,0.9020867305741149,498.7205017089844,0.0,0.0,498.7205017089844,626.4205017089844,2967.901293805047,326.4205017089844,30.0,532.540211680916,0.0,1,N01_M009_G01,N01_M009_G01,N01,M009,4637.3875,5073.98125,436.59375,4.439539268577306,0.0
E52_de2c36302e014a6d0284c896,5.398324716346508,15.994052628622484,5.398324716346508,325.41177480357015,364.7238282296769,414.95122905049965,0.1744969638873427,0.009166666666666667,0.13340364583333333,0.31706727638734267,2.242932723612658,0.9009164761289554,471.74464111328126,0.0,0.0,471.74464111328126,599.4446411132812,3112.134217878747,326.2397766113281,30.0,535.4117748035701,0.0,1,N01_M009_G01,N01_M009_G01,N01,M009,4637.3875,5073.98125,436.59375,5.398324716346508,0.0
E52_eab18c460278cfbad2c20da0,5.839199789598638,7.760329046990023,5.839199789598638,212.31476099060268,226.15454090800176,341.5908424768108,0.12388533452538679,0.009166666666666667,0.13340364583333333,0.2664556470253868,2.293544352974614,0.9167326103045667,166.07735900878907,0.0,0.0,166.07735900878907,293.77735900878906,2561.931318576081,213.8477783203125,30.0,422.3147609906027,0.0,1,N01_M009_G01,N01_M009_G01,N01,M009,4637.3875,5073.98125,436.59375,5.839199789598638,0.0
E52_eb490529b308e18523949520,10.128050036405611,12.235001379754962,10.128050036405611,417.9327582223269,449.8180932544721,644.5535062517828,0.23991836791670462,0.009166666666666667,0.13340364583333333,0.3824886804167046,2.177511319583296,0.8804722873697798,382.6240203857422,0.0,0.0,382.6240203857422,510.3240203857422,4834.151296888371,255.67149353027344,30.0,627.9327582223269,0.0,1,N01_M009_G01,N01_M009_G01,N01,M009,4637.3875,5073.98125,436.59375,10.128050036405611,0.0
E52_eddf192c3626d88d236d26e4,6.44782069450909,17.034187922993553,6.44782069450909,241.72684180786888,260.473536754158,370.9735139380034,0.13850678679446915,0.009166666666666667,0.13340364583333333,0.2810770992944691,2.278922900705531,0.9121634064704784,224.96033935546876,0.0,0.0,224.96033935546876,352.66033935546875,2782.3013545350254,199.07135009765625,30.0,451.7268418078689,0.0,1,N01_M009_G01,N01_M009_G01,N01,M009,4637.3875,5073.98125,436.59375,6.44782069450909,0.0
E52_ede4029bd5e695a7a0c85289,11.61837266330636,12.925612211179384,11.61837266330636,385.2633482290822,414.4620085074026,595.3347347882426,0.22132921844037454,0.009166666666666667,0.13340364583333333,0.3638995309403745,2.196100469059626,0.8862813965811329,350.38392333984376,0.0,0.0,350.38392333984376,478.08392333984375,4465.010510911819,278.08392333984375,30.0,595.2633482290822,0.0,1,N01_M009_G01,N01_M009_G01,N01,M009,4637.3875,5073.98125,436.59375,11.61837266330636,0.0
E52_fd527d975e1813662620f82c,11.639873585239812,12.45056667278017,11.639873585239812,418.2192341110554,452.9085204066283,628.3027504486734,0.23771876612520712,0.009166666666666667,0.13340364583333333,0.3802890786252071,2.1797109213747934,0.8811596629296228,416.271435546875,0.0,0.0,416.271435546875,543.971435546875,4712.2706283650505,307.606201171875,30.0,628.2192341110554,0.0,1,N01_M009_G01,N01_M009_G01,N01,M009,4637.3875,5073.98125,436.59375,11.639873585239812,0.0
E52_01234cac2d25748209cb57e8,7.615304925152657,5.963634638729843,5.963634638729843,279.2236617812399,298.99466652163704,419.772700963196,0.15824405002114064,0.009166666666666667,0.009376736111111112,0.17678745279891842,2.383212547201082,0.944753921000338,254.4365661621094,17.18450927734375,17.18450927734375,254.4365661621094,382.1365661621094,3148.2952572239697,332.1365661621094,30.0,489.2236617812399,0.0,1,N01_M009_G02,N01_M009_G02,N01,M009,5084.35625,5115.04375,30.6875,5.963634638729843,0.0
E52_060143e4033ea7dfc142ce26,3.758798896890397,13.051384290227645,3.758798896890397,390.52156568077555,422.97629514244545,586.3147545915316,0.2219218246513189,0.009166666666666667,0.009376736111111112,0.24046522742909668,2.3195347725709037,0.9248546164284073,389.4567535400391,0.0,0.0,389.4567535400391,517.1567535400391,4397.360659436487,298.2110595703125,30.0,600.5215656807756,0.0,1,N01_M009_G02,N01_M009_G02,N01,M009,5084.35625,5115.04375,30.6875,3.758798896890397,0.0
E52_06eb0baa948af7ff52881bcf,6.1879338640833055,16.258674653736037,6.1879338640833055,296.7597053393259,328.36499963050426,403.88764493158146,0.16274021246714285,0.009166666666666667,0.009376736111111112,0.18128361524492062,2.37871638475508,0.9433488702359623,379.26353149414064,0.0,0.0,379.26353149414064,506.9635314941406,3029.157336986861,310.16876220703125,30.0,506.7597053393259,0.0,1,N01_M009_G02,N01_M009_G02,N01,M009,5084.35625,5115.04375,30.6875,6.1879338640833055,0.0
E52_0c56c0f390b777971f9a7e58,1.0825529232458848,2.1743859331465814,1.0825529232458848,461.3120930283848,507.24512830670517,647.0259743868478,0.2556960576036008,0.009166666666666667,0.009376736111111112,0.2742394603813786,2.285760539618622,0.9143001686308192,551.1964233398437,0.0,0.0,551.1964233398437,678.8964233398438,4852.694807901358,439.2268981933594,30.0,671.3120930283849,0.0,1,N01_M009_G02,N01_M009_G02,N01,M009,5084.35625,5115.04375,30.6875,1.0825529232458848,0.0
E52_0c9d91fc306062a18ada9948,7.776529307541921,15.697900697510477,7.776529307541921,331.42241999480143,370.2725110389095,429.7442937249544,0.1787296459836012,0.009166666666666667,0.009376736111111112,0.19727304876137897,2.3627269512386215,0.9383521722620691,466.2010925292969,0.0,0.0,466.2010925292969,593.9010925292969,3223.082202937158,335.390380859375,30.0,541.4224199948014,0.0,1,N01_M009_G02,N01_M009_G02,N01,M009,5084.35625,5115.04375,30.6875,7.776529307541921,0.0
E52_0f45fcab7c66cb90fa618929,2.8788518758257737,12.721246579688795,2.8788518758257737,427.8988653120833,469.21977900837237,607.8722484464322,0.23826781941132907,0.009166666666666667,0.009376736111111112,0.25681122218910685,2.3031887778108935,0.9197464930659041,495.85096435546876,0.0,0.0,495.85096435546876,623.5509643554688,4559.041863348241,326.6978454589844,30.0,637.8988653120832,0.0,1,N01_M009_G02,N01_M009_G02,N01,M009,5084.35625,5115.04375,30.6875,2.8788518758257737,0.0
E52_0fa03b8d9ed736d48919c1b7,3.3014958852985075,11.555158541579928,3.3014958852985075,469.53189880990186,510.00510285042924,696.2245733766397,0.2655870342753843,0.009166666666666667,0.009376736111111112,0.2841304370531621,2.2758695629468386,0.9112092384208869,485.67844848632814,0.0,0.0,485.67844848632814,613.3784484863281,5221.684300324798,325.1297912597656,30.0,679.5318988099018,0.0,1,N01_M009_G02,N01_M009_G02,N01,M009,5084.35625,5115.04375,30.6875,3.3014958852985075,0.0
E52_12b142f00e8cb4e3948f96c2,3.419762200320122,12.991659521749298,3.419762200320122,402.5936730780369,438.4739485500421,589.9056933240425,0.22672373828986628,0.009166666666666667,0.009376736111111112,0.24526714106764405,2.3147328589323566,0.9233540184163612,430.5633056640625,0.0,0.0,430.5633056640625,558.2633056640625,4424.292699930319,284.7546081542969,30.0,612.5936730780369,0.0,1,N01_M009_G02,N01_M009_G02,N01,M009,5084.35625,5115.04375,30.6875,3.419762200320122,0.0
E52_189eb019491ad876aa165071,6.062004867839818,3.8094716871601975,3.8094716871601975,403.09916814168594,448.35288467407526,534.676037089036,0.21908171065325852,0.009166666666666667,0.009376736111111112,0.2376251134310363,2.3223748865689644,0.9257421520528012,543.0445983886718,0.0,0.0,543.0445983886718,670.7445983886719,4010.07027816777,391.87322998046875,30.0,613.0991681416859,0.0,1,N01_M009_G02,N01_M009_G02,N01,M009,5084.35625,5115.04375,30.6875,3.8094716871601975,0.0
E52_1eac4bbcd37cec5d48241661,7.561981452693274,6.04580255430777,6.04580255430777,275.66392246828667,298.30930922772677,415.4555243799327,0.1568759382441215,0.009166666666666667,0.009376736111111112,0.17541934102189927,2.384580658978101,0.9451814559306565,271.74464111328126,0.0,0.0,271.74464111328126,399.44464111328125,3115.9164328494953,326.2397766113281,30.0,485.66392246828667,0.0,1,N01_M009_G02,N01_M009_G02,N01,M009,5084.35625,5115.04375,30.6875,6.04580255430777,0.0
E52_1ef47ef68c1879e18ddbb164,7.562381621923336,9.684707827919368,7.562381621923336,525.9457118932837,556.9823492630754,865.6715995678175,0.30964781577290457,0.009166666666666667,0.009376736111111112,0.32819121855068234,2.231808781449318,0.8974402442029118,372.4396484375,0.0,0.0,372.4396484375,500.1396484375,6492.536996758631,304.7821350097656,30.0,735.9457118932837,0.0,1,N01_M009_G02,N01_M009_G02,N01,M009,5084.35625,5115.04375,30.6875,7.562381621923336,0.0
E52_215ef380a7eb56a6f7d09ab1,14.382939844556986,12.440860913671315,12.440860913671315,437.2780853288336,478.35957590907447,628.0672271762219,0.2444635461376352,0.009166666666666667,0.009376736111111112,0.263006948915413,2.2969930510845877,0.9178103284639334,492.97788696289064,0.0,0.0,492.97788696289064,620.6778869628906,4710.504203821664,324.9881591796875,30.0,647.2780853288336,0.0,1,N01_M009_G02,N01_M009_G02,N01,M009,5084.35625,5115.04375,30.6875,12.440860913671315,0.0
E52_231555d7070bcf1a0911e332,7.513320883121821,5.981962334569488,5.981962334569488,303.4113952968874,335.0249979987103,417.14117438283733,0.1669828432889251,0.009166666666666667,0.009376736111111112,0.18552624606670287,2.3744737539332976,0.9420230481041554,379.363232421875,0.0,0.0,379.363232421875,507.063232421875,3128.55880787128,326.2397766113281,30.0,513.4113952968873,0.0,1,N01_M009_G02,N01_M009_G02,N01,M009,5084.35625,5115.04375,30.6875,5.981962334569488,0.0
E52_231de36c6439da832299e30f,3.51349610636359,16.451156269229884,3.51349610636359,336.2639482811268,383.1573412254627,391.1675388962379,0.1749881335365896,0.009166666666666667,0.009376736111111112,0.19353153631436737,2.3664684636856332,0.9395213949017602,562.7207153320312,0.0,0.0,562.7207153320312,690.4207153320312,2933.7565417217843,390.42071533203125,30.0,546.2639482811268,0.0,1,N01_M009_G02,N01_M009_G02,N01,M009,5084.35625,5115.04375,30.6875,3.51349610636359,0.0
E52_246111a1ef063bec9e89ec9e,3.482607128237518,13.03223549741864,3.482607128237518,413.11352328410356,453.07003166626504,586.4879962752384,0.22998101771643822,0.009166666666666667,0.009376736111111112,0.248524420494216,2.3114755795057844,0.9223361185955575,479.4781005859375,0.0,0.0,479.4781005859375,607.1781005859375,4398.659972064288,469.28277587890625,30.0,623.1135232841036,0.0,1,N01_M009_G02,N01_M009_G02,N01,M009,5084.35625,5115.04375,30.6875,3.482607128237518,0.0
E52_24cc4f01335372459fb4c2ba,13.482981732301099,12.909161020133865,12.909161020133865,410.2633482290822,447.7953418407359,595.3347347882426,0.23022027843265847,0.009166666666666667,0.009376736111111112,0.24876368121043624,2.311236318789564,0.9222613496217387,450.38392333984376,0.0,0.0,450.38392333984376,578.0839233398438,4465.010510911819,278.08392333984375,30.0,620.2633482290822,0.0,1,N01_M009_G02,N01_M009_G02,N01,M009,5084.35625,5115.04375,30.6875,12.909161020133865,0.0
E52_27bf01e9e990859ae5993708,7.530892893494951,15.932490639468014,7.530892893494951,318.6138217216496,355.0514931287134,418.60161500091635,0.17259630304263499,0.009166666666666667,0.009376736111111112,0.19113970582041276,2.3688602941795875,0.940268841931121,437.25205688476564,0.0,0.0,437.25205688476564,564.9520568847656,3139.5121125068727,326.2397766113281,30.0,528.6138217216496,0.0,1,N01_M009_G02,N01_M009_G02,N01,M009,5084.35625,5115.04375,30.6875,7.530892893494951,0.0
E52_27bf1882d0e1a812c8450c72,6.4846829222370275,16.18675851321828,6.4846829222370275,334.03154784809436,377.9609795090644,404.48650573036844,0.17608047258726683,0.009166666666666667,0.009376736111111112,0.1946238753650446,2.365376124634956,0.9391800389484236,527.1531799316406,0.0,0.0,527.1531799316406,654.8531799316406,3033.648792977763,364.9013671875,30.0,544.0315478480943,0.0,1,N01_M009_G02,N01_M009_G02,N01,M009,5084.35625,5115.04375,30.6875,6.4846829222370275,0.0
E52_29c9aa5399273a7ee24bceb6,3.6060408393034606,11.583777919859742,3.6060408393034606,451.9321692173844,486.7995103225277,694.6602918039094,0.2591062855773863,0.009166666666666667,0.009376736111111112,0.27764968835516407,2.2823503116448363,0.9132344723890112,418.40809326171876,0.0,0.0,418.40809326171876,546.1080932617188,5209.952188529321,322.9142761230469,30.0,661.9321692173844,0.0,1,N01_M009_G02,N01_M009_G02,N01,M009,5084.35625,5115.04375,30.6875,3.6060408393034606,0.0
E52_2cea01313b8862fcfb6b2e63,12.373143294718105,16.460055432828085,12.373143294718105,259.5957489704318,280.08528245838755,396.2542970131293,0.148442074342722,0.009166666666666667,0.009376736111111112,0.16698547712049977,2.3930145228795006,0.9478170383998439,245.87440185546876,0.0,0.0,245.87440185546876,373.57440185546875,2971.90722759847,231.8917236328125,30.0,469.5957489704318,0.0,1,N01_M009_G02,N01_M009_G02,N01,M009,5084.35625,5115.04375,30.6875,12.373143294718105,0.0
E52_2d7a36258a59c18fc6a856bf,6.949034868424519,16.662039037059316,6.949034868424519,318.72117968179435,361.17160743651436,382.73979283526836,0.16755561647288383,0.009166666666666667,0.009376736111111112,0.1860990192506616,2.373900980749339,0.9418440564841682,509.40513305664064,0.0,0.0,509.40513305664064,637.1051330566406,2870.5484462645127,346.4301452636719,30.0,528.7211796817944,0.0,1,N01_M009_G02,N01_M009_G02,N01,M009,5084.35625,5115.04375,30.6875,6.949034868424519,0.0
E52_2dadfb43d7dd9558e21effa9,12.823408208426997,12.85982438864363,12.823408208426997,396.07517918576866,428.1792069974549,599.5261915014202,0.22576797164618329,0.009166666666666667,0.009376736111111112,0.24431137442396106,2.3156886255760396,0.9236526954925122,385.2483337402344,0.0,0.0,385.2483337402344,512.9483337402344,4496.446436260651,251.37640380859375,30.0,606.0751791857687,0.0,1,N01_M009_G02,N01_M009_G02,N01,M009,5084.35625,5115.04375,30.6875,12.823408208426997,0.0
E52_2e64690809088e2a96fb2160,7.258233902615643,9.500767968691491,7.258233902615643,523.7789293194231,550.945126524013,884.5606754113072,0.31155234822715455,0.009166666666666667,0.009376736111111112,0.3300957510049323,2.229904248995068,0.8968450778109587,325.99436645507814,0.0,0.0,325.99436645507814,453.6943664550781,6634.205065584804,329.6845703125,30.0,733.7789293194231,0.0,1,N01_M009_G02,N01_M009_G02,N01,M009,5084.35625,5115.04375,30.6875,7.258233902615643,0.0
E52_30110e5b3ae38ecfab28ace2,4.674062297751874,10.05954008012911,4.674062297751874,514.4106891471403,547.7506496268766,828.7816154158626,0.30032099335417484,0.009166666666666667,0.009376736111111112,0.3188643961319526,2.241135603868048,0.9003548762087648,400.07952575683595,0.0,0.0,400.07952575683595,527.7795257568359,6215.862115618969,313.0162353515625,30.0,724.4106891471403,0.0,1,N01_M009_G02,N01_M009_G02,N01,M009,5084.35625,5115.04375,30.6875,4.674062297751874,0.0
E52_326bd9096774308657b14836,7.161853013221005,6.820761438549596,6.820761438549596,254.20783025924425,275.6237299174474,379.92026256926977,0.1442126230476059,0.009166666666666667,0.009376736111111112,0.16275602582538368,2.397243974174617,0.9491387419295676,256.9907958984375,0.0,0.0,256.9907958984375,384.6907958984375,2849.4019692695233,334.6907958984375,30.0,464.20783025924425,0.0,1,N01_M009_G02,N01_M009_G02,N01,M009,5084.35625,5115.04375,30.6875,6.820761438549596,0.0
E52_32cd7932ac3bc8f6e82bd016,2.673693947387349,12.531399030736651,2.673693947387349,433.33722088021847,474.19552115284216,621.5246401246948,0.24213542524196421,0.009166666666666667,0.009376736111111112,0.260678828019742,2.2993211719802584,0.9185378662438306,490.2996032714844,0.0,0.0,490.2996032714844,617.9996032714844,4661.434800935211,324.9372863769531,30.0,643.3372208802184,0.0,1,N01_M009_G02,N01_M009_G02,N01,M009,5084.35625,5115.04375,30.6875,2.673693947387349,0.0
E52_3322673a66874be8fb5ff9e0,3.100887813110319,12.93559360833251,3.100887813110319,392.2739001975914,423.9757012433271,594.3369941207687,0.2236811646950203,0.009166666666666667,0.009376736111111112,0.24222456747279808,2.3177754325272026,0.9243048226647506,380.42161254882814,0.0,0.0,380.42161254882814,508.1216125488281,4457.527455905765,308.1216125488281,30.0,602.2739001975914,0.0,1,N01_M009_G02,N01_M009_G02,N01,M009,5084.35625,5115.04375,30.6875,3.100887813110319,0.0
E52_357bbbd4dc4420221c875ea3,10.666024772100414,12.241245229232817,10.666024772100414,405.4327582223269,433.1514265878055,644.5535062517828,0.23547283792056264,0.009166666666666667,0.009376736111111112,0.2540162406983404,2.30598375930166,0.9206199247817686,332.6240203857422,0.0,0.0,332.6240203857422,460.3240203857422,4834.151296888371,255.67149353027344,30.0,615.4327582223269,0.0,1,N01_M009_G02,N01_M009_G02,N01,M009,5084.35625,5115.04375,30.6875,10.666024772100414,0.0
E52_3875f0f2b8e39572338b498b,14.7558011394906,12.654831201135607,12.654831201135607,430.443023323014,471.8276755243487,612.5781334380202,0.23983909257274777,0.009166666666666667,0.009376736111111112,0.25838249535052554,2.301617504649475,0.9192554702029607,496.61582641601564,0.0,0.0,496.61582641601564,624.3158264160156,4594.336000785152,324.3158264160156,30.0,640.443023323014,0.0,1,N01_M009_G02,N01_M009_G02,N01,M009,5084.35625,5115.04375,30.6875,12.654831201135607,0.0
E52_3a94b6482baa2cfaba8a857d,6.718526430844307,16.425448776817632,6.718526430844307,326.01303055755295,369.111023518165,393.4381033514341,0.17166403726355467,0.009166666666666667,0.009376736111111112,0.19020744004133244,2.369792559958668,0.9405601749870837,517.1759155273437,0.0,0.0,517.1759155273437,644.8759155273438,2950.785775135756,352.4370422363281,30.0,536.013030557553,0.0,1,N01_M009_G02,N01_M009_G02,N01,M009,5084.35625,5115.04375,30.6875,6.718526430844307,0.0
E52_413d3eff5d481ef66f8d3068,7.23745182678266,9.493762996477216,7.23745182678266,548.7789293194231,584.2784598573463,884.5606754113072,0.3204434082194385,0.009166666666666667,0.009376736111111112,0.3389868109972163,2.221013189002784,0.8940666215633699,425.99436645507814,0.0,0.0,425.99436645507814,553.6943664550781,6634.205065584804,329.6845703125,30.0,758.7789293194231,0.0,1,N01_M009_G02,N01_M009_G02,N01,M009,5084.35625,5115.04375,30.6875,7.23745182678266,0.0
E52_437c6a333219b14c3939f26c,7.53311465616153,6.0194831627628105,6.0194831627628105,277.09771274073506,296.211315442558,417.14117438283733,0.1570562493971614,0.009166666666666667,0.009376736111111112,0.17559965217493917,2.3844003478250615,0.9451251086953315,248.53977661132814,19.176544189453125,19.176544189453125,248.53977661132814,376.2397766113281,3128.55880787128,326.2397766113281,30.0,487.09771274073506,0.0,1,N01_M009_G02,N01_M009_G02,N01,M009,5084.35625,5115.04375,30.6875,6.0194831627628105,0.0
E52_44ed69e1d99dc074a7941a18,9.307322804160094,8.900383690419545,8.900383690419545,188.27556058823757,199.0276355292369,299.7078152072368,0.1090911242968749,0.009166666666666667,0.009376736111111112,0.12763452707465267,2.4323654729253477,0.9601142102891711,139.59420471191407,10.569305419921875,10.569305419921875,139.59420471191407,267.29420471191406,2247.808614054276,217.29420471191406,30.0,398.27556058823757,0.0,1,N01_M009_G02,N01_M009_G02,N01,M009,5084.35625,5115.04375,30.6875,8.900383690419545,0.0
E52_4513f74e4ba51c209cccc792,1.9513390242909168,9.790974506635663,1.9513390242909168,548.6050089915749,589.1156759023821,854.1460165183059,0.3160741321008959,0.009166666666666667,0.009376736111111112,0.3346175348786737,2.225382465121327,0.8954320203504145,486.1280029296875,0.0,0.0,486.1280029296875,613.8280029296875,6406.095123887295,391.8226318359375,30.0,758.6050089915749,0.0,1,N01_M009_G02,N01_M009_G02,N01,M009,5084.35625,5115.04375,30.6875,1.9513390242909168,0.0
E52_47db2d0d55c92154c779a4c9,5.919559065869137,16.45726286038159,5.919559065869137,312.62709924858126,351.3219092257948,393.08533863388124,0.16685347284684848,0.009166666666666667,0.009376736111111112,0.18539687562462626,2.3746031243753745,0.9420634763673043,464.3377197265625,0.0,0.0,464.3377197265625,592.0377197265625,2948.1400397541092,295.61395263671875,30.0,522.6270992485813,0.0,1,N01_M009_G02,N01_M009_G02,N01,M009,5084.35625,5115.04375,30.6875,5.919559065869137,0.0
E52_4cf0fac9feb721651efb2830,10.37777137631825,17.82597875173802,10.37777137631825,242.69354898018014,267.32891198677197,337.5749199208095,0.13412057160327687,0.009166666666666667,0.009376736111111112,0.15266397438105464,2.407336025618946,0.9522925080059205,295.6243560791016,0.0,0.0,295.6243560791016,423.32435607910156,2531.8118994060715,217.31182861328125,30.0,452.69354898018014,0.0,1,N01_M009_G02,N01_M009_G02,N01,M009,5084.35625,5115.04375,30.6875,10.37777137631825,0.0
E52_4d215302190bc5bfb29bf912,5.481638038937831,16.37371485667674,5.481638038937831,307.50969179304633,343.7570581260541,397.53518558804575,0.1656637075427803,0.009166666666666667,0.009376736111111112,0.18420711032055806,2.3757928896794422,0.9424352780248256,434.96839599609376,0.0,0.0,434.96839599609376,562.6683959960938,2981.5138919103433,336.56707763671875,30.0,517.5096917930464,0.0,1,N01_M009_G02,N01_M009_G02,N01,M009,5084.35625,5115.04375,30.6875,5.481638038937831,0.0
E52_50c718ca7f326f764494c89d,17.944645932556554,13.080943299176411,13.080943299176411,350.85355156655817,370.1881015340061,585.6998033284289,0.20772710552759727,0.009166666666666667,0.009376736111111112,0.22627050830537504,2.3337294916946254,0.9292904661545703,232.014599609375,0.0,0.0,232.014599609375,359.714599609375,4392.748524963216,275.29461669921875,30.0,560.8535515665582,0.0,1,N01_M009_G02,N01_M009_G02,N01,M009,5084.35625,5115.04375,30.6875,13.080943299176411,0.0
E52_515a3b7c8d98426ee13f2b4e,11.548412908572345,17.07508762021844,11.548412908572345,242.68536134104386,262.0561394884234,369.14605379781034,0.13858886614696947,0.009166666666666667,0.009376736111111112,0.15713226892474724,2.4028677310752533,0.9508961659610164,232.4493377685547,0.0,0.0,232.4493377685547,360.1493377685547,2768.5954034835777,210.1493377685547,30.0,452.68536134104386,0.0,1,N01_M009_G02,N01_M009_G02,N01,M009,5084.35625,5115.04375,30.6875,11.548412908572345,0.0
E52_575c4f100493de938643a13d,1.1744717842669274,2.099203328999508,1.1744717842669274,470.05405043895155,518.0123847895375,652.3580947743875,0.259560220504969,0.009166666666666667,0.009376736111111112,0.2781036232827468,2.2818963767172535,0.9130926177241416,575.5000122070312,0.0,0.0,575.5000122070312,703.2000122070312,4892.685710807907,437.3766174316406,30.0,680.0540504389515,0.0,1,N01_M009_G02,N01_M009_G02,N01,M009,5084.35625,5115.04375,30.6875,1.1744717842669274,0.0
E52_60b0dc656c777ee2cc2279b1,2.461841096597226,0.21315146591224732,0.21315146591224732,563.4362729251038,615.9641949832094,811.705013501575,0.3153381258454166,0.009166666666666667,0.009376736111111112,0.33388152862319437,2.226118471376806,0.8956620223052518,630.3350646972656,0.0,0.0,630.3350646972656,758.0350646972656,6087.787601261813,495.9024353027344,30.0,773.4362729251038,0.0,1,N01_M009_G02,N01_M009_G02,N01,M009,5084.35625,5115.04375,30.6875,0.21315146591224732,0.0
E52_60b76d98beea93305f35c25d,11.720243653998963,16.79058398580294,11.720243653998963,271.8613885249859,299.0873836523459,380.3668062858116,0.15055421784231732,0.009166666666666667,0.009376736111111112,0.1690976206200951,2.3909023793799054,0.9471569935562203,326.7119415283203,0.0,0.0,326.7119415283203,454.4119415283203,2852.751047143587,241.2421875,30.0,481.8613885249859,0.0,1,N01_M009_G02,N01_M009_G02,N01,M009,5084.35625,5115.04375,30.6875,11.720243653998963,0.0
E52_67646c2afbeb5602853e5a9c,3.096227387911995,12.927232110573698,3.096227387911995,404.7739001975914,440.6423679099937,594.3369941207687,0.22812669469116229,0.009166666666666667,0.009376736111111112,0.24667009746894006,2.3133299025310605,0.9229155945409562,430.42161254882814,0.0,0.0,430.42161254882814,558.1216125488281,4457.527455905765,308.1216125488281,30.0,614.7739001975914,0.0,1,N01_M009_G02,N01_M009_G02,N01,M009,5084.35625,5115.04375,30.6875,3.096227387911995,0.0
E52_68694062ed2e2e792aeb51a9,8.407784656398022,17.695890544520793,8.407784656398022,262.3147609906027,292.8212075746684,341.5908424768108,0.1416674545099547,0.009166666666666667,0.009376736111111112,0.16021085728773246,2.399789142712268,0.9499341070975836,366.0773590087891,0.0,0.0,366.0773590087891,493.77735900878906,2561.931318576081,213.8477783203125,30.0,472.3147609906027,0.0,1,N01_M009_G02,N01_M009_G02,N01,M009,5084.35625,5115.04375,30.6875,8.407784656398022,0.0
E52_6aa461eda22a4c53e6730e81,7.034835701278141,6.478254834226846,6.478254834226846,265.89885796308323,288.44260847170955,395.1560268799425,0.15049315106948455,0.009166666666666667,0.009376736111111112,0.16903655384726232,2.390963446152738,0.9471760769227305,271.70716552734376,1.182159423828125,1.182159423828125,271.70716552734376,399.40716552734375,2963.670201599569,349.40716552734375,30.0,475.89885796308323,0.0,1,N01_M009_G02,N01_M009_G02,N01,M009,5084.35625,5115.04375,30.6875,6.478254834226846,0.0
E52_6dc095df8eb6475486134b5c,3.6020234667585953,12.905188948092743,3.6020234667585953,424.06014837873875,466.2734748964797,594.8403376510322,0.23505698741925235,0.009166666666666667,0.009376736111111112,0.2536003901970301,2.30639960980297,0.9207498780634281,506.55991821289064,0.0,0.0,506.55991821289064,634.2599182128906,4461.302532382741,440.2059631347656,30.0,634.0601483787387,0.0,1,N01_M009_G02,N01_M009_G02,N01,M009,5084.35625,5115.04375,30.6875,3.6020234667585953,0.0
E52_73baea82bbbffa2db9d7426a,7.84603858679769,5.711384152670419,5.711384152670419,297.3854850658978,324.64222792478455,431.2305129784753,0.16683515196021612,0.009166666666666667,0.009376736111111112,0.1853785547379939,2.3746214452620067,0.9420692016443769,327.08091430664064,0.0,0.0,327.08091430664064,454.7809143066406,3234.2288473385647,335.390380859375,30.0,507.3854850658978,0.0,1,N01_M009_G02,N01_M009_G02,N01,M009,5084.35625,5115.04375,30.6875,5.711384152670419,0.0
E52_74b3fb0a4920873efc33101b,5.948252814058151,6.525083879148042,5.948252814058151,262.62709924858126,284.6552425591281,393.08533863388124,0.14907135286228057,0.009166666666666667,0.009376736111111112,0.16761475564005834,2.392385244359942,0.9476203888624818,264.3377197265625,0.0,0.0,264.3377197265625,392.0377197265625,2948.1400397541092,295.61395263671875,30.0,472.62709924858126,0.0,1,N01_M009_G02,N01_M009_G02,N01,M009,5084.35625,5115.04375,30.6875,5.948252814058151,0.0
E52_7547086a1218012670f76a62,11.975449247024343,2.277872015791573,2.277872015791573,375.1797445493145,391.65409045589,642.7455049270795,0.22423479709031385,0.009166666666666667,0.009376736111111112,0.24277819986809163,2.3172218001319087,0.9241318125412213,205.20750122070314,7.515350341796875,7.515350341796875,205.20750122070314,332.9075012207031,4820.591286953097,282.9075012207031,30.0,585.1797445493145,0.0,1,N01_M009_G02,N01_M009_G02,N01,M009,5084.35625,5115.04375,30.6875,2.277872015791573,0.0
E52_76b4f0bdabd1ccab126282dd,11.151502068062626,17.180198899819032,11.151502068062626,244.7670432960008,265.6078646257534,364.489158613486,0.13866967590706417,0.009166666666666667,0.009376736111111112,0.15721307868484194,2.4027869213151587,0.9508709129109869,250.08985595703126,0.0,0.0,250.08985595703126,377.78985595703125,2733.6686896011447,241.2421875,30.0,454.7670432960008,0.0,1,N01_M009_G02,N01_M009_G02,N01,M009,5084.35625,5115.04375,30.6875,11.151502068062626,0.0
E52_7dc5542bb1ad046741692f59,8.33084527878053,15.630401191468053,8.33084527878053,333.52010664670297,372.50493279823297,433.1312563842263,0.17995534493942492,0.009166666666666667,0.009376736111111112,0.1984987477172027,2.361501252282798,0.9379691413383742,467.8179138183594,0.0,0.0,467.8179138183594,595.5179138183594,3248.484422881697,322.1230773925781,30.0,543.520106646703,0.0,1,N01_M009_G02,N01_M009_G02,N01,M009,5084.35625,5115.04375,30.6875,8.33084527878053,0.0
E52_7e5f4a4eaf9aa5b10576997a,12.913546809918714,13.086620585622072,12.913546809918714,384.11958913832314,414.7999833745699,584.1568128591658,0.21933939564120059,0.009166666666666667,0.009376736111111112,0.23788279841897836,2.322117201581022,0.9256616254940693,368.16473083496095,0.0,0.0,368.16473083496095,495.86473083496094,4381.1760964437435,251.37640380859375,30.0,594.1195891383231,0.0,1,N01_M009_G02,N01_M009_G02,N01,M009,5084.35625,5115.04375,30.6875,12.913546809918714,0.0
E52_82c821a5773d0bfbe554f10a,8.083077875508948,11.397135806608844,8.083077875508948,512.9354114719376,566.0737563002253,707.0407539741487,0.2825549862639304,0.009166666666666667,0.009376736111111112,0.30109838904170816,2.2589016109582922,0.9059067534244662,637.6601379394531,0.0,0.0,637.6601379394531,765.3601379394531,5302.805654806116,465.3601379394531,30.0,722.9354114719376,0.0,1,N01_M009_G02,N01_M009_G02,N01,M009,5084.35625,5115.04375,30.6875,8.083077875508948,0.0
E52_831cee7e7a3a549796e42b18,7.954646739414883,10.042846261792022,7.954646739414883,524.445203057942,560.9167693217765,830.061008532876,0.3040708837654974,0.009166666666666667,0.009376736111111112,0.3226142865432752,2.2373857134567254,0.8991830354552265,437.65879516601564,0.0,0.0,437.65879516601564,565.3587951660156,6225.457563996571,359.5916748046875,30.0,734.445203057942,0.0,1,N01_M009_G02,N01_M009_G02,N01,M009,5084.35625,5115.04375,30.6875,7.954646739414883,0.0
E52_88c1c7aba1fcf94c58dad20e,7.24929599216145,9.497510042154289,7.24929599216145,536.2789293194231,567.6117931906797,884.5606754113072,0.3159978782232965,0.009166666666666667,0.009376736111111112,0.3345412810010743,2.2254587189989263,0.8954558496871643,375.99436645507814,0.0,0.0,375.99436645507814,503.6943664550781,6634.205065584804,329.6845703125,30.0,746.2789293194231,0.0,1,N01_M009_G02,N01_M009_G02,N01,M009,5084.35625,5115.04375,30.6875,7.24929599216145,0.0
E52_8ca7795ffa642a3b129c0a3d,7.809919934674497,15.730152054416479,7.809919934674497,330.94608252023,369.9122522589995,428.0951466078428,0.17832668261553564,0.009166666666666667,0.009376736111111112,0.1968700853933134,2.363129914606687,0.9384780983145895,467.5940368652344,0.0,0.0,467.5940368652344,595.2940368652344,3210.713599558821,335.390380859375,30.0,540.94608252023,0.0,1,N01_M009_G02,N01_M009_G02,N01,M009,5084.35625,5115.04375,30.6875,7.809919934674497,0.0
E52_8d375985c45fff9288668cb3,3.1625855433362915,16.222123863058812,3.1625855433362915,353.99602207193686,405.21742048909175,400.663653640944,0.182639281392285,0.009166666666666667,0.009376736111111112,0.20118268417006277,2.358817315829938,0.9371304111968554,614.6567810058593,0.0,0.0,614.6567810058593,742.3567810058594,3004.97740230708,442.3567810058594,30.0,563.9960220719369,0.0,1,N01_M009_G02,N01_M009_G02,N01,M009,5084.35625,5115.04375,30.6875,3.1625855433362915,0.0
E52_9026ce0d2a5dd9a75ef73c8e,6.087540675845446,6.720084116703532,6.087540675845446,248.6739065082912,267.42831222931983,384.70630707582717,0.14291941710941022,0.009166666666666667,0.009376736111111112,0.161462819887188,2.3985371801128124,0.9495428687852537,225.15150146484376,0.0986328125,0.0986328125,225.15150146484376,352.85150146484375,2885.297303068704,302.85150146484375,30.0,458.6739065082912,0.0,1,N01_M009_G02,N01_M009_G02,N01,M009,5084.35625,5115.04375,30.6875,6.087540675845446,0.0
E52_924cec2d58c933358893a332,11.194331159481607,12.302862284422105,11.194331159481607,416.670444788364,448.9844576972996,639.4568121231148,0.23874762537865796,0.009166666666666667,0.009376736111111112,0.25729102815643573,2.3027089718435647,0.9195965537011138,387.7681549072266,0.0,0.0,387.7681549072266,515.4681549072266,4795.926090923361,252.644287109375,30.0,626.670444788364,0.0,1,N01_M009_G02,N01_M009_G02,N01,M009,5084.35625,5115.04375,30.6875,11.194331159481607,0.0
E52_96da4f081c74d8211b4b244f,12.17038677891081,12.47027426673894,12.17038677891081,406.4445801679392,437.368205859671,627.3474061854878,0.23339590098708082,0.009166666666666667,0.009376736111111112,0.25193930376485857,2.3080606962351418,0.9212689675734818,371.08350830078126,0.0,0.0,371.08350830078126,498.78350830078125,4705.105546391158,251.37640380859375,30.0,616.4445801679392,0.0,1,N01_M009_G02,N01_M009_G02,N01,M009,5084.35625,5115.04375,30.6875,12.17038677891081,0.0
E52_a1af1f4ab7d520e82e20be53,3.4785166924781237,0.45430012492889205,0.45430012492889205,547.7224457312177,598.7128286250978,789.5025940991541,0.30660524396013417,0.009166666666666667,0.009376736111111112,0.32514864673791194,2.2348513532620884,0.8983910478944025,611.8845947265625,0.0,0.0,611.8845947265625,739.5845947265625,5921.269455743655,499.0620422363281,30.0,757.7224457312177,0.0,1,N01_M009_G02,N01_M009_G02,N01,M009,5084.35625,5115.04375,30.6875,0.45430012492889205,0.0
E52_a3836b1674b2d70f748125c1,9.7902828911554,18.388582284998307,9.7902828911554,238.77143733771516,265.74771093797557,315.68523307386783,0.1296256139323784,0.009166666666666667,0.009376736111111112,0.14816901671015617,2.4118309832898444,0.9536971822780762,323.715283203125,0.0,0.0,323.715283203125,451.415283203125,2367.639248054009,217.29420471191406,30.0,448.77143733771516,0.0,1,N01_M009_G02,N01_M009_G02,N01,M009,5084.35625,5115.04375,30.6875,9.7902828911554,0.0
E52_a77602565c04dca5831f9b7a,7.961650801014713,15.758600383852013,7.961650801014713,295.3505394617105,322.31471665694164,428.9160157520343,0.16578365241547813,0.009166666666666667,0.009376736111111112,0.1843270551932559,2.3756729448067446,0.9423977952521075,323.57012634277345,0.0,0.0,323.57012634277345,451.27012634277344,3216.870118140257,284.58648681640625,30.0,505.3505394617105,0.0,1,N01_M009_G02,N01_M009_G02,N01,M009,5084.35625,5115.04375,30.6875,7.961650801014713,0.0
E52_aaa387ee3ee3170bd804334d,1.354325320256521,18.409477866986336,1.354325320256521,263.5215778829557,299.2286101502083,312.8009621623957,0.13801933350380158,0.009166666666666667,0.009376736111111112,0.15656273628157935,2.403437263718421,0.9510741449120065,428.48438720703126,0.0,0.0,428.48438720703126,556.1843872070312,2346.0072162179677,386.9435729980469,30.0,473.5215778829557,0.0,1,N01_M009_G02,N01_M009_G02,N01,M009,5084.35625,5115.04375,30.6875,1.354325320256521,0.0
E52_afb1e3673ff3adbe9c45b8fc,5.827722533454903,6.956106286850726,5.827722533454903,250.21040235058808,271.27175132926646,374.0527108291059,0.1419599864782851,0.009166666666666667,0.009376736111111112,0.16050338925606286,2.3994966107439377,0.9498426908574804,252.73618774414064,0.0,0.0,252.73618774414064,380.4361877441406,2805.395331218294,291.6474609375,30.0,460.2104023505881,0.0,1,N01_M009_G02,N01_M009_G02,N01,M009,5084.35625,5115.04375,30.6875,5.827722533454903,0.0
E52_b4122a9095172602242b40e3,3.090446634088522,12.917805218005896,3.090446634088522,417.2739001975914,457.30903457666045,594.3369941207687,0.23257222468730426,0.009166666666666667,0.009376736111111112,0.25111562746508204,2.3088843725349184,0.9215263664171619,480.42161254882814,0.0,0.0,480.42161254882814,608.1216125488281,4457.527455905765,308.1216125488281,30.0,627.2739001975914,0.0,1,N01_M009_G02,N01_M009_G02,N01,M009,5084.35625,5115.04375,30.6875,3.090446634088522,0.0
E52_b45db00398315637fb020e5f,1.3930843464889051,10.742298629097064,1.3930843464889051,520.0993036420956,566.0861185224667,764.2777180019647,0.2932088546230577,0.009166666666666667,0.009376736111111112,0.31175225740083545,2.248247742599165,0.9025774195622389,551.8417785644531,0.0,0.0,551.8417785644531,679.5417785644531,5732.082885014735,386.71868896484375,30.0,730.0993036420956,0.0,1,N01_M009_G02,N01_M009_G02,N01,M009,5084.35625,5115.04375,30.6875,1.3930843464889051,0.0
E52_b544b4d7beda1d6ed7fbeefb,7.638167454504739,16.252686834440453,7.638167454504739,293.91354735972715,324.49113296153376,404.3615811086144,0.16179511839250177,0.009166666666666667,0.009376736111111112,0.18033852117027954,2.379661478829721,0.9436442121342876,366.9310272216797,0.0,0.0,366.9310272216797,494.6310272216797,3032.711858314608,277.91845703125,30.0,503.91354735972715,0.0,1,N01_M009_G02,N01_M009_G02,N01,M009,5084.35625,5115.04375,30.6875,7.638167454504739,0.0
E52_b60e4d2a4cdcd5801a5d757f,7.429346296744711,16.480566458341656,7.429346296744711,308.26023760270465,345.626388522301,392.32356968783114,0.16519254750221457,0.009166666666666667,0.009376736111111112,0.18373595027999234,2.376264049720008,0.9425825155375024,448.39381103515626,0.0,0.0,448.39381103515626,576.0938110351562,2942.4267726587336,326.2397766113281,30.0,518.2602376027046,0.0,1,N01_M009_G02,N01_M009_G02,N01,M009,5084.35625,5115.04375,30.6875,7.429346296744711,0.0
E52_b677873645e212a13901ede2,1.3473618909326035,9.230718628911887,1.3473618909326035,575.9444140089429,616.0268887810784,911.3939793850733,0.3339048259552679,0.009166666666666667,0.009376736111111112,0.35244822873304565,2.207551771266955,0.8898599285209232,480.989697265625,0.0,0.0,480.989697265625,608.689697265625,6835.45484538805,390.98822021484375,30.0,785.9444140089429,0.0,1,N01_M009_G02,N01_M009_G02,N01,M009,5084.35625,5115.04375,30.6875,1.3473618909326035,0.0
E52_b6789310c1ab16898a769b78,16.615073137298623,2.625622464396969,2.625622464396969,372.38145547243056,389.4038741939475,617.4514627840539,0.21924054354678854,0.009166666666666667,0.009376736111111112,0.23778394632456631,2.3222160536754344,0.925692516773573,225.84925537109376,21.580230712890625,21.580230712890625,225.84925537109376,353.54925537109375,4630.885970880404,303.54925537109375,30.0,582.3814554724306,0.0,1,N01_M009_G02,N01_M009_G02,N01,M009,5084.35625,5115.04375,30.6875,2.625622464396969,0.0
E52_b7c433bb400c5a28313b13f0,7.938882216812971,16.00220965111248,7.938882216812971,270.63016208552887,291.2047849391259,417.8125870494757,0.1554195344851095,0.009166666666666667,0.009376736111111112,0.17396293726288728,2.3860370627371132,0.9456365821053477,246.89547424316407,0.0,0.0,246.89547424316407,374.59547424316406,3133.594402871068,284.58648681640625,30.0,480.63016208552887,0.0,1,N01_M009_G02,N01_M009_G02,N01,M009,5084.35625,5115.04375,30.6875,7.938882216812971,0.0
E52_b8aeee13ee5f313ffdb298e7,2.433508843037373,0.32052137756616617,0.32052137756616617,550.9628084392909,600.9445446860357,802.0351993981131,0.309532562555218,0.009166666666666667,0.009376736111111112,0.32807596533299577,2.2319240346670046,0.8974762608334388,599.7808349609375,0.0,0.0,599.7808349609375,727.4808349609375,6015.263995485849,488.552978515625,30.0,760.9628084392909,0.0,1,N01_M009_G02,N01_M009_G02,N01,M009,5084.35625,5115.04375,30.6875,0.32052137756616617,0.0
E52_be69bdf55826f2eb34075d09,11.84047021432535,12.029424972929434,11.84047021432535,457.6877788138426,500.48965717077624,658.5642874860837,0.25604119113741575,0.009166666666666667,0.009376736111111112,0.2745845939151935,2.285415406084807,0.9141923144015021,513.6225402832031,0.0,0.0,513.6225402832031,641.3225402832031,4939.232156145627,341.3225402832031,30.0,667.6877788138427,0.0,1,N01_M009_G02,N01_M009_G02,N01,M009,5084.35625,5115.04375,30.6875,11.84047021432535,0.0
E52_bfffb2993ede6e2e2bd9340b,17.592402881814806,13.053008949478723,13.053008949478723,400.85355156655817,436.85476820067277,585.6998033284289,0.22550922551216515,0.009166666666666667,0.009376736111111112,0.24405262828994292,2.3159473717100574,0.9237335536593928,432.014599609375,0.0,0.0,432.014599609375,559.714599609375,4392.748524963216,275.29461669921875,30.0,610.8535515665582,0.0,1,N01_M009_G02,N01_M009_G02,N01,M009,5084.35625,5115.04375,30.6875,13.053008949478723,0.0
E52_c0294c7ff44d44fc4ede8d97,7.109510184791191,16.7256600789149,7.109510184791191,316.70783025924425,358.9570632507807,379.92026256926977,0.16644027302831577,0.009166666666666667,0.009376736111111112,0.18498367580609354,2.375016324193907,0.9421926013105958,506.9907958984375,0.0,0.0,506.9907958984375,634.6907958984375,2849.4019692695233,334.6907958984375,30.0,526.7078302592442,0.0,1,N01_M009_G02,N01_M009_G02,N01,M009,5084.35625,5115.04375,30.6875,7.109510184791191,0.0
E52_c10a50247c57c0340b451298,3.3549208202482674,3.1495087650690863,3.1495087650690863,410.4813485396202,450.8988478275434,578.4577013517014,0.22790762835174688,0.009166666666666667,0.009376736111111112,0.24645103112952466,2.313548968870476,0.9229840527720236,485.00999145507814,0.0,0.0,485.00999145507814,612.7099914550781,4338.432760137761,515.4917602539062,30.0,620.4813485396203,0.0,1,N01_M009_G02,N01_M009_G02,N01,M009,5084.35625,5115.04375,30.6875,3.1495087650690863,0.0
E52_c515ea57360fd29f9add62f7,1.4449452207380347,10.649906727109496,1.4449452207380347,525.5980011021792,572.0554631586571,772.4512298654912,0.29632198385281766,0.009166666666666667,0.009376736111111112,0.31486538663059543,2.2451346133694052,0.901604566677939,557.4895446777343,0.0,0.0,557.4895446777343,685.1895446777344,5793.384223991184,393.3172912597656,30.0,735.5980011021792,0.0,1,N01_M009_G02,N01_M009_G02,N01,M009,5084.35625,5115.04375,30.6875,1.4449452207380347,0.0
E52_c76d93c5902d0dc017f7065c,7.696687786201977,16.05706218628906,7.696687786201977,260.86241804033426,278.57034040361555,415.47730190098105,0.1516149798935124,0.009166666666666667,0.009376736111111112,0.1701583826712902,2.3898416173287105,0.9468255054152218,212.495068359375,0.0,0.0,212.495068359375,340.195068359375,3116.079764257358,277.91845703125,30.0,470.86241804033426,0.0,1,N01_M009_G02,N01_M009_G02,N01,M009,5084.35625,5115.04375,30.6875,7.696687786201977,0.0
E52_c98d1e580ba9a8920eeacbdb,7.698338812427721,9.995636820319618,7.698338812427721,531.3190315479533,569.3529452238973,834.4345810402425,0.30713490815373307,0.009166666666666667,0.009376736111111112,0.32567831093151084,2.23432168906849,0.8982255278339029,456.40696411132814,0.0,0.0,456.40696411132814,584.1069641113281,6258.259357801819,362.73199462890625,30.0,741.3190315479533,0.0,1,N01_M009_G02,N01_M009_G02,N01,M009,5084.35625,5115.04375,30.6875,7.698338812427721,0.0
E52_cdef0b479e00ae29ebd83132,4.23840511893961,10.01648148125875,4.23840511893961,520.0071121141804,554.5433095222207,832.7970397801186,0.3028799960747676,0.009166666666666667,0.009376736111111112,0.3214233988525454,2.238576601147455,0.8995551878585796,414.4343688964844,0.0,0.0,414.4343688964844,542.1343688964844,6245.977798350889,297.6476745605469,30.0,730.0071121141804,0.0,1,N01_M009_G02,N01_M009_G02,N01,M009,5084.35625,5115.04375,30.6875,4.23840511893961,0.0
E52_d1d4424e0dfaa7a0ce62d445,6.5572190780077335,12.872868339328704,6.5572190780077335,402.0751033963921,436.37951216917855,598.3237541560654,0.22773150601213982,0.009166666666666667,0.009376736111111112,0.2462749087899176,2.313725091210083,0.9230390910031507,411.6529052734375,0.0,0.0,411.6529052734375,539.3529052734375,4487.428156170491,269.83203125,30.0,612.075103396392,0.0,1,N01_M009_G02,N01_M009_G02,N01,M009,5084.35625,5115.04375,30.6875,6.5572190780077335,0.0
E52_d22cbe82615c6d2ee0ebf49f,7.779462178575528,15.758568264926964,7.779462178575528,318.17309843891866,352.9726015110215,427.5491784452201,0.1737067461230003,0.009166666666666667,0.009376736111111112,0.19225014890077807,2.3677498510992225,0.9399218284685068,417.5940368652344,0.0,0.0,417.5940368652344,545.2940368652344,3206.618838339151,335.390380859375,30.0,528.1730984389187,0.0,1,N01_M009_G02,N01_M009_G02,N01,M009,5084.35625,5115.04375,30.6875,7.779462178575528,0.0
E52_d3460088443e86b69235cf2f,8.971057721097168,10.110906533633653,8.971057721097168,520.9986937965015,557.4049117530444,823.5600798537452,0.3019244763287566,0.009166666666666667,0.009376736111111112,0.32046787910653435,2.239532120893466,0.899853787779208,436.87461547851564,0.0,0.0,436.87461547851564,564.5746154785156,6176.700598903089,281.75616455078125,30.0,730.9986937965015,0.0,1,N01_M009_G02,N01_M009_G02,N01,M009,5084.35625,5115.04375,30.6875,8.971057721097168,0.0
E52_d6d1511afdebb88632549a71,3.9080318478584957,16.177909036830457,3.9080318478584957,342.76879390848103,389.67749650450963,404.08537224079015,0.1791309979165653,0.009166666666666667,0.009376736111111112,0.19767440069434308,2.3623255993056573,0.9382267497830178,562.9044311523437,0.0,0.0,562.9044311523437,690.6044311523438,3030.640291805926,390.60443115234375,30.0,552.768793908481,0.0,1,N01_M009_G02,N01_M009_G02,N01,M009,5084.35625,5115.04375,30.6875,3.9080318478584957,0.0
E52_d7f1f5d49edaa9f52000c452,13.539178538897318,12.917919470378578,12.917919470378578,397.7633482290822,431.12867517406926,595.3347347882426,0.22577474843651651,0.009166666666666667,0.009376736111111112,0.2443181512142943,2.3156818487857063,0.923650577745533,400.38392333984376,0.0,0.0,400.38392333984376,528.0839233398438,4465.010510911819,278.08392333984375,30.0,607.7633482290822,0.0,1,N01_M009_G02,N01_M009_G02,N01,M009,5084.35625,5115.04375,30.6875,12.917919470378578,0.0
E52_da1eeef61bb4fffd90feecd9,3.5998445735431517,11.577048041656667,3.5998445735431517,464.4321692173844,503.4661769891943,694.6602918039094,0.2635518155735283,0.009166666666666667,0.009376736111111112,0.2820952183513061,2.2779047816486946,0.9118452442652168,468.40809326171876,0.0,0.0,468.40809326171876,596.1080932617188,5209.952188529321,322.9142761230469,30.0,674.4321692173844,0.0,1,N01_M009_G02,N01_M009_G02,N01,M009,5084.35625,5115.04375,30.6875,3.5998445735431517,0.0
E52_da487d3b8a0906fb4529d12f,8.966607830079937,15.138353346482333,8.966607830079937,331.4673547495513,365.316990573119,459.8368945576963,0.18300743845595838,0.009166666666666667,0.009376736111111112,0.20155084123373615,2.3584491587662644,0.9370153621144575,406.1956298828125,0.0,0.0,406.1956298828125,533.8956298828125,3448.7767091827222,283.8956298828125,30.0,541.4673547495513,0.0,1,N01_M009_G02,N01_M009_G02,N01,M009,5084.35625,5115.04375,30.6875,8.966607830079937,0.0
E52_dbe1bedc9b83d29f34556dbd,12.213235910261645,13.016499113861627,12.213235910261645,387.86022911882606,419.0031732004504,588.862793747906,0.22133620210273125,0.009166666666666667,0.009376736111111112,0.23987960488050902,2.3201203951194915,0.925037623474841,373.7153289794922,0.0,0.0,373.7153289794922,501.4153289794922,4416.470953109295,233.02317810058594,30.0,597.860229118826,0.0,1,N01_M009_G02,N01_M009_G02,N01,M009,5084.35625,5115.04375,30.6875,12.213235910261645,0.0
E52_dbec4f1422e98765afb262aa,6.306731790403205,16.38523852602286,6.306731790403205,322.5402116809159,364.1002534899979,395.72017250733956,0.1707521496628321,0.009166666666666667,0.009376736111111112,0.18929555244060986,2.370704447559391,0.9408451398623094,498.7205017089844,0.0,0.0,498.7205017089844,626.4205017089844,2967.901293805047,326.4205017089844,30.0,532.540211680916,0.0,1,N01_M009_G02,N01_M009_G02,N01,M009,5084.35625,5115.04375,30.6875,6.306731790403205,0.0
E52_dc4c132291b7b9525a26c82f,7.656137647394345,16.290878065555617,7.656137647394345,256.41354735972715,274.49113296153376,404.3615811086144,0.14845852840407586,0.009166666666666667,0.009376736111111112,0.16700193118185364,2.3929980688181467,0.9478118965056708,216.9310272216797,0.0,0.0,216.9310272216797,344.6310272216797,3032.711858314608,277.91845703125,30.0,466.41354735972715,0.0,1,N01_M009_G02,N01_M009_G02,N01,M009,5084.35625,5115.04375,30.6875,7.656137647394345,0.0
E52_dd12fb0cc4aee52816704b73,3.250563809602326,0.5498680641518376,0.5498680641518376,547.6210002825783,600.0718247658139,780.5370536657424,0.3052994367315811,0.009166666666666667,0.009376736111111112,0.3238428395093589,2.2361571604906416,0.8987991126533253,629.4098937988281,0.0,0.0,629.4098937988281,757.1098937988281,5854.027902493068,543.108642578125,30.0,757.6210002825783,0.0,1,N01_M009_G02,N01_M009_G02,N01,M009,5084.35625,5115.04375,30.6875,0.5498680641518376,0.0
E52_de2c36302e014a6d0284c896,7.473330930341376,15.994052628622484,7.473330930341376,325.41177480357015,364.7238282296769,414.95122905049965,0.1744969638873427,0.009166666666666667,0.009376736111111112,0.19304036666512048,2.36695963333488,0.9396748854171498,471.74464111328126,0.0,0.0,471.74464111328126,599.4446411132812,3112.134217878747,326.2397766113281,30.0,535.4117748035701,0.0,1,N01_M009_G02,N01_M009_G02,N01,M009,5084.35625,5115.04375,30.6875,7.473330930341376,0.0
E52_e0325aad0b87e7c07e10fc2c,7.565700498233824,5.987785159048158,5.987785159048158,275.1983248954777,294.96932963587483,418.60161500091635,0.15682137892336617,0.009166666666666667,0.009376736111111112,0.17536478170114395,2.3846352182988566,0.9451985057183925,248.53977661132814,11.2877197265625,11.2877197265625,248.53977661132814,376.2397766113281,3139.5121125068727,326.2397766113281,30.0,485.1983248954777,0.0,1,N01_M009_G02,N01_M009_G02,N01,M009,5084.35625,5115.04375,30.6875,5.987785159048158,0.0
E52_e0cd6bab1a22c4530d9a254c,6.3482257547065615,6.471069764274475,6.3482257547065615,260.0402116809159,280.7669201566646,395.72017250733956,0.14852449968212222,0.009166666666666667,0.009376736111111112,0.1670679024599,2.3929320975401005,0.9477912804812813,248.7205017089844,0.0,0.0,248.7205017089844,376.4205017089844,2967.901293805047,326.4205017089844,30.0,470.0402116809159,0.0,1,N01_M009_G02,N01_M009_G02,N01,M009,5084.35625,5115.04375,30.6875,6.3482257547065615,0.0
E52_ea76d341ab82f2ebc1fa1efe,7.516272311123316,6.056283714240493,6.056283714240493,275.41177480357015,298.05716156301025,414.95122905049965,0.15671484390277482,0.009166666666666667,0.009376736111111112,0.1752582466805526,2.3847417533194477,0.9452317979123274,271.74464111328126,0.0,0.0,271.74464111328126,399.44464111328125,3112.134217878747,326.2397766113281,30.0,485.41177480357015,0.0,1,N01_M009_G02,N01_M009_G02,N01,M009,5084.35625,5115.04375,30.6875,6.056283714240493,0.0
E52_eab18c460278cfbad2c20da0,8.428463324749401,7.760329046990023,7.760329046990023,212.31476099060268,226.15454090800176,341.5908424768108,0.12388533452538679,0.009166666666666667,0.009376736111111112,0.14242873730316458,2.417571262696836,0.9554910195927611,166.07735900878907,0.0,0.0,166.07735900878907,293.77735900878906,2561.931318576081,213.8477783203125,30.0,422.3147609906027,0.0,1,N01_M009_G02,N01_M009_G02,N01,M009,5084.35625,5115.04375,30.6875,7.760329046990023,0.0
E52_eb490529b308e18523949520,10.64560984130918,12.235001379754962,10.64560984130918,417.9327582223269,449.8180932544721,644.5535062517828,0.23991836791670462,0.009166666666666667,0.009376736111111112,0.2584617706944824,2.301538229305518,0.9192306966579743,382.6240203857422,0.0,0.0,382.6240203857422,510.3240203857422,4834.151296888371,255.67149353027344,30.0,627.9327582223269,0.0,1,N01_M009_G02,N01_M009_G02,N01,M009,5084.35625,5115.04375,30.6875,10.64560984130918,0.0
E52_eddf192c3626d88d236d26e4,9.201905250343316,17.034187922993553,9.201905250343316,241.72684180786888,260.473536754158,370.9735139380034,0.13850678679446915,0.009166666666666667,0.009376736111111112,0.15705018957224692,2.402949810427754,0.9509218157586729,224.96033935546876,0.0,0.0,224.96033935546876,352.66033935546875,2782.3013545350254,199.07135009765625,30.0,451.7268418078689,0.0,1,N01_M009_G02,N01_M009_G02,N01,M009,5084.35625,5115.04375,30.6875,9.201905250343316,0.0
E52_ede4029bd5e695a7a0c85289,13.58348923457703,12.925612211179384,12.925612211179384,385.2633482290822,414.4620085074026,595.3347347882426,0.22132921844037454,0.009166666666666667,0.009376736111111112,0.2398726212181523,2.3201273787818484,0.9250398058693274,350.38392333984376,0.0,0.0,350.38392333984376,478.08392333984375,4465.010510911819,278.08392333984375,30.0,595.2633482290822,0.0,1,N01_M009_G02,N01_M009_G02,N01,M009,5084.35625,5115.04375,30.6875,12.925612211179384,0.0
E52_ef8fa59407d07a2296b5f591,5.503330865683836,0.3151276047193221,0.3151276047193221,505.85939793409244,540.3898465933535,804.5361039126185,0.29384606362066074,0.009166666666666667,0.009376736111111112,0.3123894663984385,2.247610533601562,0.902378291750488,414.3653839111328,0.0,0.0,414.3653839111328,542.0653839111328,6034.020779344639,284.8677062988281,30.0,715.8593979340924,0.0,1,N01_M009_G02,N01_M009_G02,N01,M009,5084.35625,5115.04375,30.6875,0.3151276047193221,0.0
E52_f2fabdd802684ffd17ed2273,5.818938201762535,16.925225818485302,5.818938201762535,275.2104023505881,304.60508466259984,374.0527108291059,0.15085104647056902,0.009166666666666667,0.009376736111111112,0.1693944492483468,2.390605550751654,0.9470642346098916,352.73618774414064,0.0,0.0,352.73618774414064,480.4361877441406,2805.395331218294,291.6474609375,30.0,485.2104023505881,0.0,1,N01_M009_G02,N01_M009_G02,N01,M009,5084.35625,5115.04375,30.6875,5.818938201762535,0.0
E52_fd527d975e1813662620f82c,12.418331054002493,12.45056667278017,12.418331054002493,418.2192341110554,452.9085204066283,628.3027504486734,0.23771876612520712,0.009166666666666667,0.009376736111111112,0.25626216890298487,2.3037378310970156,0.9199180722178173,416.271435546875,0.0,0.0,416.271435546875,543.971435546875,4712.2706283650505,307.606201171875,30.0,628.2192341110554,0.0,1,N01_M009_G02,N01_M009_G02,N01,M009,5084.35625,5115.04375,30.6875,12.418331054002493,0.0
E52_fe6c7b852578a086d3069b9b,8.382021624100076,5.686957833294301,5.686957833294301,283.52010664670297,305.8382661315663,433.1312563842263,0.16217322495485703,0.009166666666666667,0.009376736111111112,0.1807166277326348,2.379283372267366,0.9435260538335516,267.8179138183594,0.0,0.0,267.8179138183594,395.5179138183594,3248.484422881697,322.1230773925781,30.0,493.52010664670297,0.0,1,N01_M009_G02,N01_M009_G02,N01,M009,5084.35625,5115.04375,30.6875,5.686957833294301,0.0
E52_01234cac2d25748209cb57e8,7.615623584716445,5.963634638729843,5.963634638729843,279.2236617812399,298.99466652163704,419.772700963196,0.15824405002114064,0.009166666666666667,0.0093671875,0.1767779041878073,2.3832220958121932,0.9447569049413103,254.4365661621094,17.18450927734375,17.18450927734375,254.4365661621094,382.1365661621094,3148.2952572239697,332.1365661621094,30.0,489.2236617812399,0.0,1,N01_M010_G00,N01_M010_G00,N01,M010,3801.125,3831.78125,30.65625,5.963634638729843,0.0
E52_060143e4033ea7dfc142ce26,3.7589322885391425,13.051384290227645,3.7589322885391425,390.52156568077555,422.97629514244545,586.3147545915316,0.2219218246513189,0.009166666666666667,0.0093671875,0.24045567881798557,2.319544321182015,0.9248576003693795,389.4567535400391,0.0,0.0,389.4567535400391,517.1567535400391,4397.360659436487,298.2110595703125,30.0,600.5215656807756,0.0,1,N01_M010_G00,N01_M010_G00,N01,M010,3801.125,3831.78125,30.65625,3.7589322885391425,0.0
E52_06eb0baa948af7ff52881bcf,6.188211252911913,16.258674653736037,6.188211252911913,296.7597053393259,328.36499963050426,403.88764493158146,0.16274021246714285,0.009166666666666667,0.0093671875,0.18127406663380952,2.3787259333661908,0.9433518541769346,379.26353149414064,0.0,0.0,379.26353149414064,506.9635314941406,3029.157336986861,310.16876220703125,30.0,506.7597053393259,0.0,1,N01_M010_G00,N01_M010_G00,N01,M010,3801.125,3831.78125,30.65625,6.188211252911913,0.0
E52_0c56c0f390b777971f9a7e58,1.0826682143489563,2.1743859331465814,1.0826682143489563,461.3120930283848,507.24512830670517,647.0259743868478,0.2556960576036008,0.009166666666666667,0.0093671875,0.27422991177026745,2.285770088229733,0.9143031525717914,551.1964233398437,0.0,0.0,551.1964233398437,678.8964233398438,4852.694807901358,439.2268981933594,30.0,671.3120930283849,0.0,1,N01_M010_G00,N01_M010_G00,N01,M010,3801.125,3831.78125,30.65625,1.0826682143489563,0.0
E52_0c9d91fc306062a18ada9948,7.776843626463645,15.697900697510477,7.776843626463645,331.42241999480143,370.2725110389095,429.7442937249544,0.1787296459836012,0.009166666666666667,0.0093671875,0.19726350015026786,2.3627364998497327,0.9383551562030413,466.2010925292969,0.0,0.0,466.2010925292969,593.9010925292969,3223.082202937158,335.390380859375,30.0,541.4224199948014,0.0,1,N01_M010_G00,N01_M010_G00,N01,M010,3801.125,3831.78125,30.65625,7.776843626463645,0.0
E52_0f45fcab7c66cb90fa618929,2.878975603772119,12.721246579688795,2.878975603772119,427.8988653120833,469.21977900837237,607.8722484464322,0.23826781941132907,0.009166666666666667,0.0093671875,0.2568016735779957,2.3031983264220046,0.9197494770068764,495.85096435546876,0.0,0.0,495.85096435546876,623.5509643554688,4559.041863348241,326.6978454589844,30.0,637.8988653120832,0.0,1,N01_M010_G00,N01_M010_G00,N01,M010,3801.125,3831.78125,30.65625,2.878975603772119,0.0
E52_0fa03b8d9ed736d48919c1b7,3.301570763590206,11.555158541579928,3.301570763590206,469.53189880990186,510.00510285042924,696.2245733766397,0.2655870342753843,0.009166666666666667,0.0093671875,0.28412088844205097,2.2758791115579493,0.9112122223618591,485.67844848632814,0.0,0.0,485.67844848632814,613.3784484863281,5221.684300324798,325.1297912597656,30.0,679.5318988099018,0.0,1,N01_M010_G00,N01_M010_G00,N01,M010,3801.125,3831.78125,30.65625,3.301570763590206,0.0
E52_12b142f00e8cb4e3948f96c2,3.4198938083503236,12.991659521749298,3.4198938083503236,402.5936730780369,438.4739485500421,589.9056933240425,0.22672373828986628,0.009166666666666667,0.0093671875,0.24525759245653295,2.3147424075434677,0.9233570023573334,430.5633056640625,0.0,0.0,430.5633056640625,558.2633056640625,4424.292699930319,284.7546081542969,30.0,612.5936730780369,0.0,1,N01_M010_G00,N01_M010_G00,N01,M010,3801.125,3831.78125,30.65625,3.4198938083503236,0.0
E52_189eb019491ad876aa165071,6.062181025358967,3.8094716871601975,3.8094716871601975,403.09916814168594,448.35288467407526,534.676037089036,0.21908171065325852,0.009166666666666667,0.0093671875,0.23761556481992518,2.3223844351800755,0.9257451359937734,543.0445983886718,0.0,0.0,543.0445983886718,670.7445983886719,4010.07027816777,391.87322998046875,30.0,613.0991681416859,0.0,1,N01_M010_G00,N01_M010_G00,N01,M010,3801.125,3831.78125,30.65625,3.8094716871601975,0.0
E52_1eac4bbcd37cec5d48241661,7.562301781734732,6.04580255430777,6.04580255430777,275.66392246828667,298.30930922772677,415.4555243799327,0.1568759382441215,0.009166666666666667,0.0093671875,0.17540979241078816,2.3845902075892123,0.9451844398716287,271.74464111328126,0.0,0.0,271.74464111328126,399.44464111328125,3115.9164328494953,326.2397766113281,30.0,485.66392246828667,0.0,1,N01_M010_G00,N01_M010_G00,N01,M010,3801.125,3831.78125,30.65625,6.04580255430777,0.0
E52_1ef47ef68c1879e18ddbb164,7.563103965325325,9.684707827919368,7.563103965325325,525.9457118932837,556.9823492630754,865.6715995678175,0.30964781577290457,0.009166666666666667,0.0093671875,0.3281816699395712,2.2318183300604293,0.897443228143884,372.4396484375,0.0,0.0,372.4396484375,500.1396484375,6492.536996758631,304.7821350097656,30.0,735.9457118932837,0.0,1,N01_M010_G00,N01_M010_G00,N01,M010,3801.125,3831.78125,30.65625,7.563103965325325,0.0
E52_215ef380a7eb56a6f7d09ab1,14.383804729822586,12.440860913671315,12.440860913671315,437.2780853288336,478.35957590907447,628.0672271762219,0.2444635461376352,0.009166666666666667,0.0093671875,0.26299740030430185,2.2970025996956984,0.9178133124049057,492.97788696289064,0.0,0.0,492.97788696289064,620.6778869628906,4710.504203821664,324.9881591796875,30.0,647.2780853288336,0.0,1,N01_M010_G00,N01_M010_G00,N01,M010,3801.125,3831.78125,30.65625,12.440860913671315,0.0
E52_231555d7070bcf1a0911e332,7.513637087952986,5.981962334569488,5.981962334569488,303.4113952968874,335.0249979987103,417.14117438283733,0.1669828432889251,0.009166666666666667,0.0093671875,0.18551669745559177,2.3744833025444088,0.9420260320451276,379.363232421875,0.0,0.0,379.363232421875,507.063232421875,3128.55880787128,326.2397766113281,30.0,513.4113952968873,0.0,1,N01_M010_G00,N01_M010_G00,N01,M010,3801.125,3831.78125,30.65625,5.981962334569488,0.0
E52_231de36c6439da832299e30f,3.513711797528188,16.451156269229884,3.513711797528188,336.2639482811268,383.1573412254627,391.1675388962379,0.1749881335365896,0.009166666666666667,0.0093671875,0.19352198770325627,2.3664780122967444,0.9395243788427324,562.7207153320312,0.0,0.0,562.7207153320312,690.4207153320312,2933.7565417217843,390.42071533203125,30.0,546.2639482811268,0.0,1,N01_M010_G00,N01_M010_G00,N01,M010,3801.125,3831.78125,30.65625,3.513711797528188,0.0
E52_246111a1ef063bec9e89ec9e,3.4827402253627042,13.03223549741864,3.4827402253627042,413.11352328410356,453.07003166626504,586.4879962752384,0.22998101771643822,0.009166666666666667,0.0093671875,0.2485148718831049,2.3114851281168955,0.9223391025365297,479.4781005859375,0.0,0.0,479.4781005859375,607.1781005859375,4398.659972064288,469.28277587890625,30.0,623.1135232841036,0.0,1,N01_M010_G00,N01_M010_G00,N01,M010,3801.125,3831.78125,30.65625,3.4827402253627042,0.0
E52_24cc4f01335372459fb4c2ba,13.483302282412623,12.909161020133865,12.909161020133865,410.2633482290822,447.7953418407359,595.3347347882426,0.23022027843265847,0.009166666666666667,0.0093671875,0.24875413259932513,2.3112458674006753,0.9222643335627109,450.38392333984376,0.0,0.0,450.38392333984376,578.0839233398438,4465.010510911819,278.08392333984375,30.0,620.2633482290822,0.0,1,N01_M010_G00,N01_M010_G00,N01,M010,3801.125,3831.78125,30.65625,12.909161020133865,0.0
E52_27bf01e9e990859ae5993708,7.5312080202402,15.932490639468014,7.5312080202402,318.6138217216496,355.0514931287134,418.60161500091635,0.17259630304263499,0.009166666666666667,0.0093671875,0.19113015720930165,2.3688698427906987,0.9402718258720932,437.25205688476564,0.0,0.0,437.25205688476564,564.9520568847656,3139.5121125068727,326.2397766113281,30.0,528.6138217216496,0.0,1,N01_M010_G00,N01_M010_G00,N01,M010,3801.125,3831.78125,30.65625,7.5312080202402,0.0
E52_27bf1882d0e1a812c8450c72,6.4849687873710025,16.18675851321828,6.4849687873710025,334.03154784809436,377.9609795090644,404.48650573036844,0.17608047258726683,0.009166666666666667,0.0093671875,0.1946143267539335,2.365385673246067,0.9391830228893958,527.1531799316406,0.0,0.0,527.1531799316406,654.8531799316406,3033.648792977763,364.9013671875,30.0,544.0315478480943,0.0,1,N01_M010_G00,N01_M010_G00,N01,M010,3801.125,3831.78125,30.65625,6.4849687873710025,0.0
E52_29c9aa5399273a7ee24bceb6,3.6061125623547667,11.583777919859742,3.6061125623547667,451.9321692173844,486.7995103225277,694.6602918039094,0.2591062855773863,0.009166666666666667,0.0093671875,0.27764013974405294,2.2823598602559474,0.9132374563299834,418.40809326171876,0.0,0.0,418.40809326171876,546.1080932617188,5209.952188529321,322.9142761230469,30.0,661.9321692173844,0.0,1,N01_M010_G00,N01_M010_G00,N01,M010,3801.125,3831.78125,30.65625,3.6061125623547667,0.0
E52_2cea01313b8862fcfb6b2e63,12.37389109789828,16.460055432828085,12.37389109789828,259.5957489704318,280.08528245838755,396.2542970131293,0.148442074342722,0.009166666666666667,0.0093671875,0.16697592850938867,2.3930240714906117,0.9478200223408161,245.87440185546876,0.0,0.0,245.87440185546876,373.57440185546875,2971.90722759847,231.8917236328125,30.0,469.5957489704318,0.0,1,N01_M010_G00,N01_M010_G00,N01,M010,3801.125,3831.78125,30.65625,12.37389109789828,0.0
E52_2d7a36258a59c18fc6a856bf,6.949354334066925,16.662039037059316,6.949354334066925,318.72117968179435,361.17160743651436,382.73979283526836,0.16755561647288383,0.009166666666666667,0.0093671875,0.1860894706395505,2.37391052936045,0.9418470404251404,509.40513305664064,0.0,0.0,509.40513305664064,637.1051330566406,2870.5484462645127,346.4301452636719,30.0,528.7211796817944,0.0,1,N01_M010_G00,N01_M010_G00,N01,M010,3801.125,3831.78125,30.65625,6.949354334066925,0.0
E52_2dadfb43d7dd9558e21effa9,12.823679051677146,12.85982438864363,12.823679051677146,396.07517918576866,428.1792069974549,599.5261915014202,0.22576797164618329,0.009166666666666667,0.0093671875,0.24430182581284995,2.3156981741871507,0.9236556794334844,385.2483337402344,0.0,0.0,385.2483337402344,512.9483337402344,4496.446436260651,251.37640380859375,30.0,606.0751791857687,0.0,1,N01_M010_G00,N01_M010_G00,N01,M010,3801.125,3831.78125,30.65625,12.823679051677146,0.0
E52_2e64690809088e2a96fb2160,7.258954497074839,9.500767968691491,7.258954497074839,523.7789293194231,550.945126524013,884.5606754113072,0.31155234822715455,0.009166666666666667,0.0093671875,0.3300862023938212,2.229913797606179,0.8968480617519309,325.99436645507814,0.0,0.0,325.99436645507814,453.6943664550781,6634.205065584804,329.6845703125,30.0,733.7789293194231,0.0,1,N01_M010_G00,N01_M010_G00,N01,M010,3801.125,3831.78125,30.65625,7.258954497074839,0.0
E52_30110e5b3ae38ecfab28ace2,4.674240363178654,10.05954008012911,4.674240363178654,514.4106891471403,547.7506496268766,828.7816154158626,0.30032099335417484,0.009166666666666667,0.0093671875,0.3188548475208415,2.241145152479159,0.9003578601497371,400.07952575683595,0.0,0.0,400.07952575683595,527.7795257568359,6215.862115618969,313.0162353515625,30.0,724.4106891471403,0.0,1,N01_M010_G00,N01_M010_G00,N01,M010,3801.125,3831.78125,30.65625,4.674240363178654,0.0
E52_326bd9096774308657b14836,7.162185560992043,6.820761438549596,6.820761438549596,254.20783025924425,275.6237299174474,379.92026256926977,0.1442126230476059,0.009166666666666667,0.0093671875,0.16274647721427257,2.397253522785728,0.9491417258705398,256.9907958984375,0.0,0.0,256.9907958984375,384.6907958984375,2849.4019692695233,334.6907958984375,30.0,464.20783025924425,0.0,1,N01_M010_G00,N01_M010_G00,N01,M010,3801.125,3831.78125,30.65625,6.820761438549596,0.0
E52_32cd7932ac3bc8f6e82bd016,2.6738122167593588,12.531399030736651,2.6738122167593588,433.33722088021847,474.19552115284216,621.5246401246948,0.24213542524196421,0.009166666666666667,0.0093671875,0.2606692794086309,2.2993307205913696,0.9185408501848029,490.2996032714844,0.0,0.0,490.2996032714844,617.9996032714844,4661.434800935211,324.9372863769531,30.0,643.3372208802184,0.0,1,N01_M010_G00,N01_M010_G00,N01,M010,3801.125,3831.78125,30.65625,2.6738122167593588,0.0
E52_3322673a66874be8fb5ff9e0,3.1010177550069784,12.93559360833251,3.1010177550069784,392.2739001975914,423.9757012433271,594.3369941207687,0.2236811646950203,0.009166666666666667,0.0093671875,0.24221501886168698,2.3177849811383133,0.9243078066057229,380.42161254882814,0.0,0.0,380.42161254882814,508.1216125488281,4457.527455905765,308.1216125488281,30.0,602.2739001975914,0.0,1,N01_M010_G00,N01_M010_G00,N01,M010,3801.125,3831.78125,30.65625,3.1010177550069784,0.0
E52_357bbbd4dc4420221c875ea3,10.66632872922412,12.241245229232817,10.66632872922412,405.4327582223269,433.1514265878055,644.5535062517828,0.23547283792056264,0.009166666666666667,0.0093671875,0.2540066920872293,2.3059933079127712,0.9206229087227409,332.6240203857422,0.0,0.0,332.6240203857422,460.3240203857422,4834.151296888371,255.67149353027344,30.0,615.4327582223269,0.0,1,N01_M010_G00,N01_M010_G00,N01,M010,3801.125,3831.78125,30.65625,10.66632872922412,0.0
E52_3875f0f2b8e39572338b498b,14.756554501384414,12.654831201135607,12.654831201135607,430.443023323014,471.8276755243487,612.5781334380202,0.23983909257274777,0.009166666666666667,0.0093671875,0.2583729467394144,2.301627053260586,0.919258454143933,496.61582641601564,0.0,0.0,496.61582641601564,624.3158264160156,4594.336000785152,324.3158264160156,30.0,640.443023323014,0.0,1,N01_M010_G00,N01_M010_G00,N01,M010,3801.125,3831.78125,30.65625,12.654831201135607,0.0
E52_3a94b6482baa2cfaba8a857d,6.718828746312937,16.425448776817632,6.718828746312937,326.01303055755295,369.111023518165,393.4381033514341,0.17166403726355467,0.009166666666666667,0.0093671875,0.19019789143022134,2.3698021085697794,0.9405631589280559,517.1759155273437,0.0,0.0,517.1759155273437,644.8759155273438,2950.785775135756,352.4370422363281,30.0,536.013030557553,0.0,1,N01_M010_G00,N01_M010_G00,N01,M010,3801.125,3831.78125,30.65625,6.718828746312937,0.0
E52_413d3eff5d481ef66f8d3068,7.238168980970499,9.493762996477216,7.238168980970499,548.7789293194231,584.2784598573463,884.5606754113072,0.3204434082194385,0.009166666666666667,0.0093671875,0.33897726238610515,2.2210227376138953,0.8940696055043421,425.99436645507814,0.0,0.0,425.99436645507814,553.6943664550781,6634.205065584804,329.6845703125,30.0,758.7789293194231,0.0,1,N01_M010_G00,N01_M010_G00,N01,M010,3801.125,3831.78125,30.65625,7.238168980970499,0.0
E52_437c6a333219b14c3939f26c,7.533432305496618,6.0194831627628105,6.0194831627628105,277.09771274073506,296.211315442558,417.14117438283733,0.1570562493971614,0.009166666666666667,0.0093671875,0.17559010356382806,2.3844098964361726,0.9451280926363037,248.53977661132814,19.176544189453125,19.176544189453125,248.53977661132814,376.2397766113281,3128.55880787128,326.2397766113281,30.0,487.09771274073506,0.0,1,N01_M010_G00,N01_M010_G00,N01,M010,3801.125,3831.78125,30.65625,6.0194831627628105,0.0
E52_44ed69e1d99dc074a7941a18,9.307871308939937,8.900383690419545,8.900383690419545,188.27556058823757,199.0276355292369,299.7078152072368,0.1090911242968749,0.009166666666666667,0.0093671875,0.12762497846354157,2.432375021536459,0.9601171942301433,139.59420471191407,10.569305419921875,10.569305419921875,139.59420471191407,267.29420471191406,2247.808614054276,217.29420471191406,30.0,398.27556058823757,0.0,1,N01_M010_G00,N01_M010_G00,N01,M010,3801.125,3831.78125,30.65625,8.900383690419545,0.0
E52_4513f74e4ba51c209cccc792,1.9513557630746021,9.790974506635663,1.9513557630746021,548.6050089915749,589.1156759023821,854.1460165183059,0.3160741321008959,0.009166666666666667,0.0093671875,0.33460798626756255,2.225392013732438,0.8954350042913867,486.1280029296875,0.0,0.0,486.1280029296875,613.8280029296875,6406.095123887295,391.8226318359375,30.0,758.6050089915749,0.0,1,N01_M010_G00,N01_M010_G00,N01,M010,3801.125,3831.78125,30.65625,1.9513557630746021,0.0
E52_47db2d0d55c92154c779a4c9,5.919833944671012,16.45726286038159,5.919833944671012,312.62709924858126,351.3219092257948,393.08533863388124,0.16685347284684848,0.009166666666666667,0.0093671875,0.18538732701351515,2.374612672986485,0.9420664603082766,464.3377197265625,0.0,0.0,464.3377197265625,592.0377197265625,2948.1400397541092,295.61395263671875,30.0,522.6270992485813,0.0,1,N01_M010_G00,N01_M010_G00,N01,M010,3801.125,3831.78125,30.65625,5.919833944671012,0.0
E52_4cf0fac9feb721651efb2830,10.37838423464369,17.82597875173802,10.37838423464369,242.69354898018014,267.32891198677197,337.5749199208095,0.13412057160327687,0.009166666666666667,0.0093671875,0.15265442576994354,2.407345574230057,0.9522954919468927,295.6243560791016,0.0,0.0,295.6243560791016,423.32435607910156,2531.8118994060715,217.31182861328125,30.0,452.69354898018014,0.0,1,N01_M010_G00,N01_M010_G00,N01,M010,3801.125,3831.78125,30.65625,10.37838423464369,0.0
E52_4d215302190bc5bfb29bf912,5.481897304192657,16.37371485667674,5.481897304192657,307.50969179304633,343.7570581260541,397.53518558804575,0.1656637075427803,0.009166666666666667,0.0093671875,0.18419756170944696,2.3758024382905534,0.9424382619657978,434.96839599609376,0.0,0.0,434.96839599609376,562.6683959960938,2981.5138919103433,336.56707763671875,30.0,517.5096917930464,0.0,1,N01_M010_G00,N01_M010_G00,N01,M010,3801.125,3831.78125,30.65625,5.481897304192657,0.0
E52_50c718ca7f326f764494c89d,17.945717680539744,13.080943299176411,13.080943299176411,350.85355156655817,370.1881015340061,585.6998033284289,0.20772710552759727,0.009166666666666667,0.0093671875,0.22626095969426394,2.3337390403057365,0.9292934500955425,232.014599609375,0.0,0.0,232.014599609375,359.714599609375,4392.748524963216,275.29461669921875,30.0,560.8535515665582,0.0,1,N01_M010_G00,N01_M010_G00,N01,M010,3801.125,3831.78125,30.65625,13.080943299176411,0.0
E52_515a3b7c8d98426ee13f2b4e,11.549112210718974,17.07508762021844,11.549112210718974,242.68536134104386,262.0561394884234,369.14605379781034,0.13858886614696947,0.009166666666666667,0.0093671875,0.15712272031363614,2.4028772796863644,0.9508991499019888,232.4493377685547,0.0,0.0,232.4493377685547,360.1493377685547,2768.5954034835777,210.1493377685547,30.0,452.68536134104386,0.0,1,N01_M010_G00,N01_M010_G00,N01,M010,3801.125,3831.78125,30.65625,11.549112210718974,0.0
E52_575c4f100493de938643a13d,1.1745848090096445,2.099203328999508,1.1745848090096445,470.05405043895155,518.0123847895375,652.3580947743875,0.259560220504969,0.009166666666666667,0.0093671875,0.27809407467163566,2.2819059253283647,0.9130956016651138,575.5000122070312,0.0,0.0,575.5000122070312,703.2000122070312,4892.685710807907,437.3766174316406,30.0,680.0540504389515,0.0,1,N01_M010_G00,N01_M010_G00,N01,M010,3801.125,3831.78125,30.65625,1.1745848090096445,0.0
E52_60b0dc656c777ee2cc2279b1,2.461866542641829,0.21315146591224732,0.21315146591224732,563.4362729251038,615.9641949832094,811.705013501575,0.3153381258454166,0.009166666666666667,0.0093671875,0.33387198001208324,2.226128019987917,0.895665006246224,630.3350646972656,0.0,0.0,630.3350646972656,758.0350646972656,6087.787601261813,495.9024353027344,30.0,773.4362729251038,0.0,1,N01_M010_G00,N01_M010_G00,N01,M010,3801.125,3831.78125,30.65625,0.21315146591224732,0.0
E52_60b76d98beea93305f35c25d,11.720940739910645,16.79058398580294,11.720940739910645,271.8613885249859,299.0873836523459,380.3668062858116,0.15055421784231732,0.009166666666666667,0.0093671875,0.169088072008984,2.3909119279910165,0.9471599774971925,326.7119415283203,0.0,0.0,326.7119415283203,454.4119415283203,2852.751047143587,241.2421875,30.0,481.8613885249859,0.0,1,N01_M010_G00,N01_M010_G00,N01,M010,3801.125,3831.78125,30.65625,11.720940739910645,0.0
E52_67646c2afbeb5602853e5a9c,3.096357190440372,12.927232110573698,3.096357190440372,404.7739001975914,440.6423679099937,594.3369941207687,0.22812669469116229,0.009166666666666667,0.0093671875,0.24666054885782895,2.3133394511421717,0.9229185784819285,430.42161254882814,0.0,0.0,430.42161254882814,558.1216125488281,4457.527455905765,308.1216125488281,30.0,614.7739001975914,0.0,1,N01_M010_G00,N01_M010_G00,N01,M010,3801.125,3831.78125,30.65625,3.096357190440372,0.0
E52_68694062ed2e2e792aeb51a9,8.408219262625096,17.695890544520793,8.408219262625096,262.3147609906027,292.8212075746684,341.5908424768108,0.1416674545099547,0.009166666666666667,0.0093671875,0.16020130867662136,2.399798691323379,0.9499370910385558,366.0773590087891,0.0,0.0,366.0773590087891,493.77735900878906,2561.931318576081,213.8477783203125,30.0,472.3147609906027,0.0,1,N01_M010_G00,N01_M010_G00,N01,M010,3801.125,3831.78125,30.65625,8.408219262625096,0.0
E52_6aa461eda22a4c53e6730e81,7.035150982300991,6.478254834226846,6.478254834226846,265.89885796308323,288.44260847170955,395.1560268799425,0.15049315106948455,0.009166666666666667,0.0093671875,0.16902700523615122,2.390972994763849,0.9471790608637027,271.70716552734376,1.182159423828125,1.182159423828125,271.70716552734376,399.40716552734375,2963.670201599569,349.40716552734375,30.0,475.89885796308323,0.0,1,N01_M010_G00,N01_M010_G00,N01,M010,3801.125,3831.78125,30.65625,6.478254834226846,0.0
E52_6dc095df8eb6475486134b5c,3.6021519978451977,12.905188948092743,3.6021519978451977,424.06014837873875,466.2734748964797,594.8403376510322,0.23505698741925235,0.009166666666666667,0.0093671875,0.253590841585919,2.3064091584140813,0.9207528620044003,506.55991821289064,0.0,0.0,506.55991821289064,634.2599182128906,4461.302532382741,440.2059631347656,30.0,634.0601483787387,0.0,1,N01_M010_G00,N01_M010_G00,N01,M010,3801.125,3831.78125,30.65625,3.6021519978451977,0.0
E52_73baea82bbbffa2db9d7426a,7.84635543933409,5.711384152670419,5.711384152670419,297.3854850658978,324.64222792478455,431.2305129784753,0.16683515196021612,0.009166666666666667,0.0093671875,0.18536900612688278,2.374630993873118,0.9420721855853491,327.08091430664064,0.0,0.0,327.08091430664064,454.7809143066406,3234.2288473385647,335.390380859375,30.0,507.3854850658978,0.0,1,N01_M010_G00,N01_M010_G00,N01,M010,3801.125,3831.78125,30.65625,5.711384152670419,0.0
E52_74b3fb0a4920873efc33101b,5.948529515049501,6.525083879148042,5.948529515049501,262.62709924858126,284.6552425591281,393.08533863388124,0.14907135286228057,0.009166666666666667,0.0093671875,0.16760520702894724,2.392394792971053,0.947623372803454,264.3377197265625,0.0,0.0,264.3377197265625,392.0377197265625,2948.1400397541092,295.61395263671875,30.0,472.62709924858126,0.0,1,N01_M010_G00,N01_M010_G00,N01,M010,3801.125,3831.78125,30.65625,5.948529515049501,0.0
E52_7547086a1218012670f76a62,11.975935789074214,2.277872015791573,2.277872015791573,375.1797445493145,391.65409045589,642.7455049270795,0.22423479709031385,0.009166666666666667,0.0093671875,0.24276865125698052,2.31723134874302,0.9241347964821935,205.20750122070314,7.515350341796875,7.515350341796875,205.20750122070314,332.9075012207031,4820.591286953097,282.9075012207031,30.0,585.1797445493145,0.0,1,N01_M010_G00,N01_M010_G00,N01,M010,3801.125,3831.78125,30.65625,2.277872015791573,0.0
E52_76b4f0bdabd1ccab126282dd,11.152160665591865,17.180198899819032,11.152160665591865,244.7670432960008,265.6078646257534,364.489158613486,0.13866967590706417,0.009166666666666667,0.0093671875,0.15720353007373083,2.40279646992627,0.9508738968519591,250.08985595703126,0.0,0.0,250.08985595703126,377.78985595703125,2733.6686896011447,241.2421875,30.0,454.7670432960008,0.0,1,N01_M010_G00,N01_M010_G00,N01,M010,3801.125,3831.78125,30.65625,11.152160665591865,0.0
E52_7dc5542bb1ad046741692f59,8.331180093575838,15.630401191468053,8.331180093575838,333.52010664670297,372.50493279823297,433.1312563842263,0.17995534493942492,0.009166666666666667,0.0093671875,0.19848919910609159,2.361510800893909,0.9379721252793464,467.8179138183594,0.0,0.0,467.8179138183594,595.5179138183594,3248.484422881697,322.1230773925781,30.0,543.520106646703,0.0,1,N01_M010_G00,N01_M010_G00,N01,M010,3801.125,3831.78125,30.65625,8.331180093575838,0.0
E52_7e5f4a4eaf9aa5b10576997a,12.913676322442484,13.086620585622072,12.913676322442484,384.11958913832314,414.7999833745699,584.1568128591658,0.21933939564120059,0.009166666666666667,0.0093671875,0.23787324980786725,2.322126750192133,0.9256646094350415,368.16473083496095,0.0,0.0,368.16473083496095,495.86473083496094,4381.1760964437435,251.37640380859375,30.0,594.1195891383231,0.0,1,N01_M010_G00,N01_M010_G00,N01,M010,3801.125,3831.78125,30.65625,12.913676322442484,0.0
E52_82c821a5773d0bfbe554f10a,8.083338048554566,11.397135806608844,8.083338048554566,512.9354114719376,566.0737563002253,707.0407539741487,0.2825549862639304,0.009166666666666667,0.0093671875,0.301088840430597,2.2589111595694034,0.9059097373654384,637.6601379394531,0.0,0.0,637.6601379394531,765.3601379394531,5302.805654806116,465.3601379394531,30.0,722.9354114719376,0.0,1,N01_M010_G00,N01_M010_G00,N01,M010,3801.125,3831.78125,30.65625,8.083338048554566,0.0
E52_831cee7e7a3a549796e42b18,7.955323338581735,10.042846261792022,7.955323338581735,524.445203057942,560.9167693217765,830.061008532876,0.3040708837654974,0.009166666666666667,0.0093671875,0.32260473793216404,2.2373952620678366,0.8991860193961987,437.65879516601564,0.0,0.0,437.65879516601564,565.3587951660156,6225.457563996571,359.5916748046875,30.0,734.445203057942,0.0,1,N01_M010_G00,N01_M010_G00,N01,M010,3801.125,3831.78125,30.65625,7.955323338581735,0.0
E52_88c1c7aba1fcf94c58dad20e,7.250015105018008,9.497510042154289,7.250015105018008,536.2789293194231,567.6117931906797,884.5606754113072,0.3159978782232965,0.009166666666666667,0.0093671875,0.33453173238996314,2.2254682676100375,0.8954588336281365,375.99436645507814,0.0,0.0,375.99436645507814,503.6943664550781,6634.205065584804,329.6845703125,30.0,746.2789293194231,0.0,1,N01_M010_G00,N01_M010_G00,N01,M010,3801.125,3831.78125,30.65625,7.250015105018008,0.0
E52_8ca7795ffa642a3b129c0a3d,7.810237273841125,15.730152054416479,7.810237273841125,330.94608252023,369.9122522589995,428.0951466078428,0.17832668261553564,0.009166666666666667,0.0093671875,0.1968605367822023,2.363139463217798,0.9384810822555618,467.5940368652344,0.0,0.0,467.5940368652344,595.2940368652344,3210.713599558821,335.390380859375,30.0,540.94608252023,0.0,1,N01_M010_G00,N01_M010_G00,N01,M010,3801.125,3831.78125,30.65625,7.810237273841125,0.0
E52_8d375985c45fff9288668cb3,3.16279169170177,16.222123863058812,3.16279169170177,353.99602207193686,405.21742048909175,400.663653640944,0.182639281392285,0.009166666666666667,0.0093671875,0.20117313555895167,2.358826864441049,0.9371333951378276,614.6567810058593,0.0,0.0,614.6567810058593,742.3567810058594,3004.97740230708,442.3567810058594,30.0,563.9960220719369,0.0,1,N01_M010_G00,N01_M010_G00,N01,M010,3801.125,3831.78125,30.65625,3.16279169170177,0.0
E52_9026ce0d2a5dd9a75ef73c8e,6.0878271608833785,6.720084116703532,6.0878271608833785,248.6739065082912,267.42831222931983,384.70630707582717,0.14291941710941022,0.009166666666666667,0.0093671875,0.1614532712760769,2.3985467287239235,0.9495458527262259,225.15150146484376,0.0986328125,0.0986328125,225.15150146484376,352.85150146484375,2885.297303068704,302.85150146484375,30.0,458.6739065082912,0.0,1,N01_M010_G00,N01_M010_G00,N01,M010,3801.125,3831.78125,30.65625,6.0878271608833785,0.0
E52_924cec2d58c933358893a332,11.194677556141741,12.302862284422105,11.194677556141741,416.670444788364,448.9844576972996,639.4568121231148,0.23874762537865796,0.009166666666666667,0.0093671875,0.2572814795453246,2.302718520454676,0.919599537642086,387.7681549072266,0.0,0.0,387.7681549072266,515.4681549072266,4795.926090923361,252.644287109375,30.0,626.670444788364,0.0,1,N01_M010_G00,N01_M010_G00,N01,M010,3801.125,3831.78125,30.65625,11.194677556141741,0.0
E52_96da4f081c74d8211b4b244f,12.170791418673659,12.47027426673894,12.170791418673659,406.4445801679392,437.368205859671,627.3474061854878,0.23339590098708082,0.009166666666666667,0.0093671875,0.2519297551537475,2.308070244846253,0.921271951514454,371.08350830078126,0.0,0.0,371.08350830078126,498.78350830078125,4705.105546391158,251.37640380859375,30.0,616.4445801679392,0.0,1,N01_M010_G00,N01_M010_G00,N01,M010,3801.125,3831.78125,30.65625,12.170791418673659,0.0
E52_a1af1f4ab7d520e82e20be53,3.478539130985993,0.45430012492889205,0.45430012492889205,547.7224457312177,598.7128286250978,789.5025940991541,0.30660524396013417,0.009166666666666667,0.0093671875,0.3251390981268008,2.2348609018731995,0.8983940318353747,611.8845947265625,0.0,0.0,611.8845947265625,739.5845947265625,5921.269455743655,499.0620422363281,30.0,757.7224457312177,0.0,1,N01_M010_G00,N01_M010_G00,N01,M010,3801.125,3831.78125,30.65625,0.45430012492889205,0.0
E52_a3836b1674b2d70f748125c1,9.790861505095819,18.388582284998307,9.790861505095819,238.77143733771516,265.74771093797557,315.68523307386783,0.1296256139323784,0.009166666666666667,0.0093671875,0.14815946809904507,2.4118405319009555,0.9537001662190484,323.715283203125,0.0,0.0,323.715283203125,451.415283203125,2367.639248054009,217.29420471191406,30.0,448.77143733771516,0.0,1,N01_M010_G00,N01_M010_G00,N01,M010,3801.125,3831.78125,30.65625,9.790861505095819,0.0
E52_a77602565c04dca5831f9b7a,7.961974980803191,15.758600383852013,7.961974980803191,295.3505394617105,322.31471665694164,428.9160157520343,0.16578365241547813,0.009166666666666667,0.0093671875,0.1843175065821448,2.3756824934178558,0.9424007791930797,323.57012634277345,0.0,0.0,323.57012634277345,451.27012634277344,3216.870118140257,284.58648681640625,30.0,505.3505394617105,0.0,1,N01_M010_G00,N01_M010_G00,N01,M010,3801.125,3831.78125,30.65625,7.961974980803191,0.0
E52_aaa387ee3ee3170bd804334d,1.354524491099724,18.409477866986336,1.354524491099724,263.5215778829557,299.2286101502083,312.8009621623957,0.13801933350380158,0.009166666666666667,0.0093671875,0.15655318767046825,2.4034468123295323,0.9510771288529787,428.48438720703126,0.0,0.0,428.48438720703126,556.1843872070312,2346.0072162179677,386.9435729980469,30.0,473.5215778829557,0.0,1,N01_M010_G00,N01_M010_G00,N01,M010,3801.125,3831.78125,30.65625,1.354524491099724,0.0
E52_afb1e3673ff3adbe9c45b8fc,5.828006199228497,6.956106286850726,5.828006199228497,250.21040235058808,271.27175132926646,374.0527108291059,0.1419599864782851,0.009166666666666667,0.0093671875,0.16049384064495176,2.399506159355049,0.9498456747984526,252.73618774414064,0.0,0.0,252.73618774414064,380.4361877441406,2805.395331218294,291.6474609375,30.0,460.2104023505881,0.0,1,N01_M010_G00,N01_M010_G00,N01,M010,3801.125,3831.78125,30.65625,5.828006199228497,0.0
E52_b4122a9095172602242b40e3,3.090576263953295,12.917805218005896,3.090576263953295,417.2739001975914,457.30903457666045,594.3369941207687,0.23257222468730426,0.009166666666666667,0.0093671875,0.2511060788539709,2.3088939211460295,0.9215293503581341,480.42161254882814,0.0,0.0,480.42161254882814,608.1216125488281,4457.527455905765,308.1216125488281,30.0,627.2739001975914,0.0,1,N01_M010_G00,N01_M010_G00,N01,M010,3801.125,3831.78125,30.65625,3.090576263953295,0.0
E52_b45db00398315637fb020e5f,1.3931539972808196,10.742298629097064,1.3931539972808196,520.0993036420956,566.0861185224667,764.2777180019647,0.2932088546230577,0.009166666666666667,0.0093671875,0.3117427087897243,2.248257291210276,0.9025804035032111,551.8417785644531,0.0,0.0,551.8417785644531,679.5417785644531,5732.082885014735,386.71868896484375,30.0,730.0993036420956,0.0,1,N01_M010_G00,N01_M010_G00,N01,M010,3801.125,3831.78125,30.65625,1.3931539972808196,0.0
E52_b544b4d7beda1d6ed7fbeefb,7.6385008214260495,16.252686834440453,7.6385008214260495,293.91354735972715,324.49113296153376,404.3615811086144,0.16179511839250177,0.009166666666666667,0.0093671875,0.18032897255916844,2.379671027440832,0.9436471960752598,366.9310272216797,0.0,0.0,366.9310272216797,494.6310272216797,3032.711858314608,277.91845703125,30.0,503.91354735972715,0.0,1,N01_M010_G00,N01_M010_G00,N01,M010,3801.125,3831.78125,30.65625,7.6385008214260495,0.0
E52_b60e4d2a4cdcd5801a5d757f,7.429679991346177,16.480566458341656,7.429679991346177,308.26023760270465,345.626388522301,392.32356968783114,0.16519254750221457,0.009166666666666667,0.0093671875,0.18372640166888124,2.376273598331119,0.9425854994784746,448.39381103515626,0.0,0.0,448.39381103515626,576.0938110351562,2942.4267726587336,326.2397766113281,30.0,518.2602376027046,0.0,1,N01_M010_G00,N01_M010_G00,N01,M010,3801.125,3831.78125,30.65625,7.429679991346177,0.0
E52_b677873645e212a13901ede2,1.3473791315596486,9.230718628911887,1.3473791315596486,575.9444140089429,616.0268887810784,911.3939793850733,0.3339048259552679,0.009166666666666667,0.0093671875,0.3524386801219345,2.207561319878066,0.8898629124618955,480.989697265625,0.0,0.0,480.989697265625,608.689697265625,6835.45484538805,390.98822021484375,30.0,785.9444140089429,0.0,1,N01_M010_G00,N01_M010_G00,N01,M010,3801.125,3831.78125,30.65625,1.3473791315596486,0.0
E52_b6789310c1ab16898a769b78,16.61644244161988,2.625622464396969,2.625622464396969,372.38145547243056,389.4038741939475,617.4514627840539,0.21924054354678854,0.009166666666666667,0.0093671875,0.2377743977134552,2.3222256022865455,0.9256955007145452,225.84925537109376,21.580230712890625,21.580230712890625,225.84925537109376,353.54925537109375,4630.885970880404,303.54925537109375,30.0,582.3814554724306,0.0,1,N01_M010_G00,N01_M010_G00,N01,M010,3801.125,3831.78125,30.65625,2.625622464396969,0.0
E52_b7c433bb400c5a28313b13f0,7.939217017957233,16.00220965111248,7.939217017957233,270.63016208552887,291.2047849391259,417.8125870494757,0.1554195344851095,0.009166666666666667,0.0093671875,0.17395338865177618,2.3860466113482244,0.9456395660463199,246.89547424316407,0.0,0.0,246.89547424316407,374.59547424316406,3133.594402871068,284.58648681640625,30.0,480.63016208552887,0.0,1,N01_M010_G00,N01_M010_G00,N01,M010,3801.125,3831.78125,30.65625,7.939217017957233,0.0
E52_b8aeee13ee5f313ffdb298e7,2.4335404475913265,0.32052137756616617,0.32052137756616617,550.9628084392909,600.9445446860357,802.0351993981131,0.309532562555218,0.009166666666666667,0.0093671875,0.32806641672188463,2.2319335832781158,0.8974792447744111,599.7808349609375,0.0,0.0,599.7808349609375,727.4808349609375,6015.263995485849,488.552978515625,30.0,760.9628084392909,0.0,1,N01_M010_G00,N01_M010_G00,N01,M010,3801.125,3831.78125,30.65625,0.32052137756616617,0.0
E52_be69bdf55826f2eb34075d09,11.841060348658957,12.029424972929434,11.841060348658957,457.6877788138426,500.48965717077624,658.5642874860837,0.25604119113741575,0.009166666666666667,0.0093671875,0.2745750453040824,2.285424954695918,0.9141952983424743,513.6225402832031,0.0,0.0,513.6225402832031,641.3225402832031,4939.232156145627,341.3225402832031,30.0,667.6877788138427,0.0,1,N01_M010_G00,N01_M010_G00,N01,M010,3801.125,3831.78125,30.65625,11.841060348658957,0.0
E52_bfffb2993ede6e2e2bd9340b,17.5933911258343,13.053008949478723,13.053008949478723,400.85355156655817,436.85476820067277,585.6998033284289,0.22550922551216515,0.009166666666666667,0.0093671875,0.24404307967883182,2.3159569203211685,0.923736537600365,432.014599609375,0.0,0.0,432.014599609375,559.714599609375,4392.748524963216,275.29461669921875,30.0,610.8535515665582,0.0,1,N01_M010_G00,N01_M010_G00,N01,M010,3801.125,3831.78125,30.65625,13.053008949478723,0.0
E52_c0294c7ff44d44fc4ede8d97,7.109838748475056,16.7256600789149,7.109838748475056,316.70783025924425,358.9570632507807,379.92026256926977,0.16644027302831577,0.009166666666666667,0.0093671875,0.18497412719498244,2.375025872805018,0.942195585251568,506.9907958984375,0.0,0.0,506.9907958984375,634.6907958984375,2849.4019692695233,334.6907958984375,30.0,526.7078302592442,0.0,1,N01_M010_G00,N01_M010_G00,N01,M010,3801.125,3831.78125,30.65625,7.109838748475056,0.0
E52_c10a50247c57c0340b451298,3.355057879940162,3.1495087650690863,3.1495087650690863,410.4813485396202,450.8988478275434,578.4577013517014,0.22790762835174688,0.009166666666666667,0.0093671875,0.24644148251841355,2.313558517481587,0.9229870367129958,485.00999145507814,0.0,0.0,485.00999145507814,612.7099914550781,4338.432760137761,515.4917602539062,30.0,620.4813485396203,0.0,1,N01_M010_G00,N01_M010_G00,N01,M010,3801.125,3831.78125,30.65625,3.1495087650690863,0.0
E52_c515ea57360fd29f9add62f7,1.4450106716495128,10.649906727109496,1.4450106716495128,525.5980011021792,572.0554631586571,772.4512298654912,0.29632198385281766,0.009166666666666667,0.0093671875,0.3148558380194843,2.2451441619805164,0.9016075506189112,557.4895446777343,0.0,0.0,557.4895446777343,685.1895446777344,5793.384223991184,393.3172912597656,30.0,735.5980011021792,0.0,1,N01_M010_G00,N01_M010_G00,N01,M010,3801.125,3831.78125,30.65625,1.4450106716495128,0.0
E52_c76d93c5902d0dc017f7065c,7.697014027268608,16.05706218628906,7.697014027268608,260.86241804033426,278.57034040361555,415.47730190098105,0.1516149798935124,0.009166666666666667,0.0093671875,0.17014883406017908,2.3898511659398216,0.946828489356194,212.495068359375,0.0,0.0,212.495068359375,340.195068359375,3116.079764257358,277.91845703125,30.0,470.86241804033426,0.0,1,N01_M010_G00,N01_M010_G00,N01,M010,3801.125,3831.78125,30.65625,7.697014027268608,0.0
E52_c98d1e580ba9a8920eeacbdb,7.698978028102303,9.995636820319618,7.698978028102303,531.3190315479533,569.3529452238973,834.4345810402425,0.30713490815373307,0.009166666666666667,0.0093671875,0.3256687623203997,2.234331237679601,0.8982285117748751,456.40696411132814,0.0,0.0,456.40696411132814,584.1069641113281,6258.259357801819,362.73199462890625,30.0,741.3190315479533,0.0,1,N01_M010_G00,N01_M010_G00,N01,M010,3801.125,3831.78125,30.65625,7.698978028102303,0.0
E52_cdef0b479e00ae29ebd83132,4.238548150312667,10.01648148125875,4.238548150312667,520.0071121141804,554.5433095222207,832.7970397801186,0.3028799960747676,0.009166666666666667,0.0093671875,0.32141385024143426,2.238586149758566,0.8995581717995518,414.4343688964844,0.0,0.0,414.4343688964844,542.1343688964844,6245.977798350889,297.6476745605469,30.0,730.0071121141804,0.0,1,N01_M010_G00,N01_M010_G00,N01,M010,3801.125,3831.78125,30.65625,4.238548150312667,0.0
E52_d1d4424e0dfaa7a0ce62d445,6.5573381172150675,12.872868339328704,6.5573381172150675,402.0751033963921,436.37951216917855,598.3237541560654,0.22773150601213982,0.009166666666666667,0.0093671875,0.24626536017880649,2.313734639821194,0.9230420749441229,411.6529052734375,0.0,0.0,411.6529052734375,539.3529052734375,4487.428156170491,269.83203125,30.0,612.075103396392,0.0,1,N01_M010_G00,N01_M010_G00,N01,M010,3801.125,3831.78125,30.65625,6.5573381172150675,0.0
E52_d22cbe82615c6d2ee0ebf49f,7.77977929153576,15.758568264926964,7.77977929153576,318.17309843891866,352.9726015110215,427.5491784452201,0.1737067461230003,0.009166666666666667,0.0093671875,0.19224060028966697,2.3677593997103337,0.9399248124094791,417.5940368652344,0.0,0.0,417.5940368652344,545.2940368652344,3206.618838339151,335.390380859375,30.0,528.1730984389187,0.0,1,N01_M010_G00,N01_M010_G00,N01,M010,3801.125,3831.78125,30.65625,7.77977929153576,0.0
E52_d3460088443e86b69235cf2f,8.971949567291546,10.110906533633653,8.971949567291546,520.9986937965015,557.4049117530444,823.5600798537452,0.3019244763287566,0.009166666666666667,0.0093671875,0.3204583304954232,2.239541669504577,0.8998567717201802,436.87461547851564,0.0,0.0,436.87461547851564,564.5746154785156,6176.700598903089,281.75616455078125,30.0,730.9986937965015,0.0,1,N01_M010_G00,N01_M010_G00,N01,M010,3801.125,3831.78125,30.65625,8.971949567291546,0.0
E52_d6d1511afdebb88632549a71,3.9082502896860376,16.177909036830457,3.9082502896860376,342.76879390848103,389.67749650450963,404.08537224079015,0.1791309979165653,0.009166666666666667,0.0093671875,0.19766485208323198,2.3623351479167685,0.93822973372399,562.9044311523437,0.0,0.0,562.9044311523437,690.6044311523438,3030.640291805926,390.60443115234375,30.0,552.768793908481,0.0,1,N01_M010_G00,N01_M010_G00,N01,M010,3801.125,3831.78125,30.65625,3.9082502896860376,0.0
E52_d7f1f5d49edaa9f52000c452,13.539503263969294,12.917919470378578,12.917919470378578,397.7633482290822,431.12867517406926,595.3347347882426,0.22577474843651651,0.009166666666666667,0.0093671875,0.24430860260318318,2.3156913973968174,0.9236535616865053,400.38392333984376,0.0,0.0,400.38392333984376,528.0839233398438,4465.010510911819,278.08392333984375,30.0,607.7633482290822,0.0,1,N01_M010_G00,N01_M010_G00,N01,M010,3801.125,3831.78125,30.65625,12.917919470378578,0.0
E52_da1eeef61bb4fffd90feecd9,3.599916194336231,11.577048041656667,3.599916194336231,464.4321692173844,503.4661769891943,694.6602918039094,0.2635518155735283,0.009166666666666667,0.0093671875,0.28208566974019494,2.2779143302598057,0.911848228206189,468.40809326171876,0.0,0.0,468.40809326171876,596.1080932617188,5209.952188529321,322.9142761230469,30.0,674.4321692173844,0.0,1,N01_M010_G00,N01_M010_G00,N01,M010,3801.125,3831.78125,30.65625,3.599916194336231,0.0
E52_da487d3b8a0906fb4529d12f,8.966938497016201,15.138353346482333,8.966938497016201,331.4673547495513,365.316990573119,459.8368945576963,0.18300743845595838,0.009166666666666667,0.0093671875,0.20154129262262505,2.3584587073773755,0.9370183460554297,406.1956298828125,0.0,0.0,406.1956298828125,533.8956298828125,3448.7767091827222,283.8956298828125,30.0,541.4673547495513,0.0,1,N01_M010_G00,N01_M010_G00,N01,M010,3801.125,3831.78125,30.65625,8.966938497016201,0.0
E52_dbe1bedc9b83d29f34556dbd,12.213348387509612,13.016499113861627,12.213348387509612,387.86022911882606,419.0031732004504,588.862793747906,0.22133620210273125,0.009166666666666667,0.0093671875,0.23987005626939792,2.3201299437306027,0.9250406074158132,373.7153289794922,0.0,0.0,373.7153289794922,501.4153289794922,4416.470953109295,233.02317810058594,30.0,597.860229118826,0.0,1,N01_M010_G00,N01_M010_G00,N01,M010,3801.125,3831.78125,30.65625,12.213348387509612,0.0
E52_dbec4f1422e98765afb262aa,6.307017677092148,16.38523852602286,6.307017677092148,322.5402116809159,364.1002534899979,395.72017250733956,0.1707521496628321,0.009166666666666667,0.0093671875,0.18928600382949876,2.370713996170502,0.9408481238032816,498.7205017089844,0.0,0.0,498.7205017089844,626.4205017089844,2967.901293805047,326.4205017089844,30.0,532.540211680916,0.0,1,N01_M010_G00,N01_M010_G00,N01,M010,3801.125,3831.78125,30.65625,6.307017677092148,0.0
E52_dc4c132291b7b9525a26c82f,7.656472396628956,16.290878065555617,7.656472396628956,256.41354735972715,274.49113296153376,404.3615811086144,0.14845852840407586,0.009166666666666667,0.0093671875,0.16699238257074253,2.393007617429258,0.947814880446643,216.9310272216797,0.0,0.0,216.9310272216797,344.6310272216797,3032.711858314608,277.91845703125,30.0,466.41354735972715,0.0,1,N01_M010_G00,N01_M010_G00,N01,M010,3801.125,3831.78125,30.65625,7.656472396628956,0.0
E52_dd12fb0cc4aee52816704b73,3.2505876890439254,0.5498680641518376,0.5498680641518376,547.6210002825783,600.0718247658139,780.5370536657424,0.3052994367315811,0.009166666666666667,0.0093671875,0.32383329089824775,2.2361667091017527,0.8988020965942976,629.4098937988281,0.0,0.0,629.4098937988281,757.1098937988281,5854.027902493068,543.108642578125,30.0,757.6210002825783,0.0,1,N01_M010_G00,N01_M010_G00,N01,M010,3801.125,3831.78125,30.65625,0.5498680641518376,0.0
E52_de2c36302e014a6d0284c896,7.473646642786477,15.994052628622484,7.473646642786477,325.41177480357015,364.7238282296769,414.95122905049965,0.1744969638873427,0.009166666666666667,0.0093671875,0.19303081805400937,2.3669691819459913,0.939677869358122,471.74464111328126,0.0,0.0,471.74464111328126,599.4446411132812,3112.134217878747,326.2397766113281,30.0,535.4117748035701,0.0,1,N01_M010_G00,N01_M010_G00,N01,M010,3801.125,3831.78125,30.65625,7.473646642786477,0.0
E52_e0325aad0b87e7c07e10fc2c,7.56601816088137,5.987785159048158,5.987785159048158,275.1983248954777,294.96932963587483,418.60161500091635,0.15682137892336617,0.009166666666666667,0.0093671875,0.17535523309003284,2.3846447669099677,0.9452014896593648,248.53977661132814,11.2877197265625,11.2877197265625,248.53977661132814,376.2397766113281,3139.5121125068727,326.2397766113281,30.0,485.1983248954777,0.0,1,N01_M010_G00,N01_M010_G00,N01,M010,3801.125,3831.78125,30.65625,5.987785159048158,0.0
E52_e0cd6bab1a22c4530d9a254c,6.3485143860351485,6.471069764274475,6.3485143860351485,260.0402116809159,280.7669201566646,395.72017250733956,0.14852449968212222,0.009166666666666667,0.0093671875,0.1670583538487889,2.3929416461512116,0.9477942644222535,248.7205017089844,0.0,0.0,248.7205017089844,376.4205017089844,2967.901293805047,326.4205017089844,30.0,470.0402116809159,0.0,1,N01_M010_G00,N01_M010_G00,N01,M010,3801.125,3831.78125,30.65625,6.3485143860351485,0.0
E52_ea76d341ab82f2ebc1fa1efe,7.516591160811544,6.056283714240493,6.056283714240493,275.41177480357015,298.05716156301025,414.95122905049965,0.15671484390277482,0.009166666666666667,0.0093671875,0.1752486980694415,2.384751301930559,0.9452347818532996,271.74464111328126,0.0,0.0,271.74464111328126,399.44464111328125,3112.134217878747,326.2397766113281,30.0,485.41177480357015,0.0,1,N01_M010_G00,N01_M010_G00,N01,M010,3801.125,3831.78125,30.65625,6.056283714240493,0.0
E52_eab18c460278cfbad2c20da0,8.428900005366316,7.760329046990023,7.760329046990023,212.31476099060268,226.15454090800176,341.5908424768108,0.12388533452538679,0.009166666666666667,0.0093671875,0.14241918869205347,2.417580811307947,0.9554940035337333,166.07735900878907,0.0,0.0,166.07735900878907,293.77735900878906,2561.931318576081,213.8477783203125,30.0,422.3147609906027,0.0,1,N01_M010_G00,N01_M010_G00,N01,M010,3801.125,3831.78125,30.65625,7.760329046990023,0.0
E52_eb490529b308e18523949520,10.645912372921458,12.235001379754962,10.645912372921458,417.9327582223269,449.8180932544721,644.5535062517828,0.23991836791670462,0.009166666666666667,0.0093671875,0.25845222208337126,2.301547777916629,0.9192336805989465,382.6240203857422,0.0,0.0,382.6240203857422,510.3240203857422,4834.151296888371,255.67149353027344,30.0,627.9327582223269,0.0,1,N01_M010_G00,N01_M010_G00,N01,M010,3801.125,3831.78125,30.65625,10.645912372921458,0.0
E52_eddf192c3626d88d236d26e4,9.202366955943546,17.034187922993553,9.202366955943546,241.72684180786888,260.473536754158,370.9735139380034,0.13850678679446915,0.009166666666666667,0.0093671875,0.15704064096113582,2.4029593590388645,0.950924799699645,224.96033935546876,0.0,0.0,224.96033935546876,352.66033935546875,2782.3013545350254,199.07135009765625,30.0,451.7268418078689,0.0,1,N01_M010_G00,N01_M010_G00,N01,M010,3801.125,3831.78125,30.65625,9.202366955943546,0.0
E52_ede4029bd5e695a7a0c85289,13.583817289876492,12.925612211179384,12.925612211179384,385.2633482290822,414.4620085074026,595.3347347882426,0.22132921844037454,0.009166666666666667,0.0093671875,0.2398630726070412,2.3201369273929595,0.9250427898102996,350.38392333984376,0.0,0.0,350.38392333984376,478.08392333984375,4465.010510911819,278.08392333984375,30.0,595.2633482290822,0.0,1,N01_M010_G00,N01_M010_G00,N01,M010,3801.125,3831.78125,30.65625,12.925612211179384,0.0
E52_ef8fa59407d07a2296b5f591,5.5035489199939605,0.3151276047193221,0.3151276047193221,505.85939793409244,540.3898465933535,804.5361039126185,0.29384606362066074,0.009166666666666667,0.0093671875,0.3123799177873274,2.247620082212673,0.9023812756914602,414.3653839111328,0.0,0.0,414.3653839111328,542.0653839111328,6034.020779344639,284.8677062988281,30.0,715.8593979340924,0.0,1,N01_M010_G00,N01_M010_G00,N01,M010,3801.125,3831.78125,30.65625,0.3151276047193221,0.0
E52_f2fabdd802684ffd17ed2273,5.819221294335875,16.925225818485302,5.819221294335875,275.2104023505881,304.60508466259984,374.0527108291059,0.15085104647056902,0.009166666666666667,0.0093671875,0.16938490063723569,2.3906150993627646,0.9470672185508638,352.73618774414064,0.0,0.0,352.73618774414064,480.4361877441406,2805.395331218294,291.6474609375,30.0,485.2104023505881,0.0,1,N01_M010_G00,N01_M010_G00,N01,M010,3801.125,3831.78125,30.65625,5.819221294335875,0.0
E52_fd527d975e1813662620f82c,12.41878444581613,12.45056667278017,12.41878444581613,418.2192341110554,452.9085204066283,628.3027504486734,0.23771876612520712,0.009166666666666667,0.0093671875,0.2562526202918738,2.3037473797081267,0.9199210561587894,416.271435546875,0.0,0.0,416.271435546875,543.971435546875,4712.2706283650505,307.606201171875,30.0,628.2192341110554,0.0,1,N01_M010_G00,N01_M010_G00,N01,M010,3801.125,3831.78125,30.65625,12.41878444581613,0.0
E52_fe6c7b852578a086d3069b9b,8.382360407774442,5.686957833294301,5.686957833294301,283.52010664670297,305.8382661315663,433.1312563842263,0.16217322495485703,0.009166666666666667,0.0093671875,0.1807070791215237,2.379292920878477,0.9435290377745238,267.8179138183594,0.0,0.0,267.8179138183594,395.5179138183594,3248.484422881697,322.1230773925781,30.0,493.52010664670297,0.0,1,N01_M010_G00,N01_M010_G00,N01,M010,3801.125,3831.78125,30.65625,5.686957833294301,0.0
E52_0c9d91fc306062a18ada9948,5.682714654617925,15.697900697510477,5.682714654617925,331.42241999480143,370.2725110389095,429.7442937249544,0.1787296459836012,0.009166666666666667,0.13340364583333333,0.32129995848360116,2.2387000415163993,0.8995937629738746,466.2010925292969,0.0,0.0,466.2010925292969,593.9010925292969,3223.082202937158,335.390380859375,30.0,541.4224199948014,0.0,1,N01_M010_G01,N01_M010_G01,N01,M010,3842.1875,4278.78125,436.59375,5.682714654617925,0.0
E52_189eb019491ad876aa165071,4.7107574847429134,3.8094716871601975,3.8094716871601975,403.09916814168594,448.35288467407526,534.676037089036,0.21908171065325852,0.009166666666666667,0.13340364583333333,0.3616520231532585,2.198347976846742,0.8869837427646067,543.0445983886718,0.0,0.0,543.0445983886718,670.7445983886719,4010.07027816777,391.87322998046875,30.0,613.0991681416859,0.0,1,N01_M010_G01,N01_M010_G01,N01,M010,3842.1875,4278.78125,436.59375,3.8094716871601975,0.0
E52_1ef47ef68c1879e18ddbb164,9.162060601984706,9.684707827919368,9.162060601984706,525.9457118932837,556.9823492630754,865.6715995678175,0.30964781577290457,0.009166666666666667,0.13340364583333333,0.45221812827290453,2.107781871727096,0.8586818349147174,372.4396484375,0.0,0.0,372.4396484375,500.1396484375,6492.536996758631,304.7821350097656,30.0,735.9457118932837,0.0,1,N01_M010_G01,N01_M010_G01,N01,M010,3842.1875,4278.78125,436.59375,9.162060601984706,0.0
E52_215ef380a7eb56a6f7d09ab1,13.83018706095794,12.440860913671315,12.440860913671315,437.2780853288336,478.35957590907447,628.0672271762219,0.2444635461376352,0.009166666666666667,0.13340364583333333,0.3870338586376352,2.172966141362365,0.879051919175739,492.97788696289064,0.0,0.0,492.97788696289064,620.6778869628906,4710.504203821664,324.9881591796875,30.0,647.2780853288336,0.0,1,N01_M010_G01,N01_M010_G01,N01,M010,3842.1875,4278.78125,436.59375,12.440860913671315,0.0
E52_24cc4f01335372459fb4c2ba,11.512851159871033,12.909161020133865,11.512851159871033,410.2633482290822,447.7953418407359,595.3347347882426,0.23022027843265847,0.009166666666666667,0.13340364583333333,0.3727905909326584,2.187209409067342,0.8835029403335443,450.38392333984376,0.0,0.0,450.38392333984376,578.0839233398438,4465.010510911819,278.08392333984375,30.0,620.2633482290822,0.0,1,N01_M010_G01,N01_M010_G01,N01,M010,3842.1875,4278.78125,436.59375,11.512851159871033,0.0
E52_27bf01e9e990859ae5993708,5.457169743955134,15.932490639468014,5.457169743955134,318.6138217216496,355.0514931287134,418.60161500091635,0.17259630304263499,0.009166666666666667,0.13340364583333333,0.315166615542635,2.2448333844573654,0.9015104326429266,437.25205688476564,0.0,0.0,437.25205688476564,564.9520568847656,3139.5121125068727,326.2397766113281,30.0,528.6138217216496,0.0,1,N01_M010_G01,N01_M010_G01,N01,M010,3842.1875,4278.78125,436.59375,5.457169743955134,0.0
E52_27bf1882d0e1a812c8450c72,4.603440389047222,16.18675851321828,4.603440389047222,334.03154784809436,377.9609795090644,404.48650573036844,0.17608047258726683,0.009166666666666667,0.13340364583333333,0.31865078508726685,2.2413492149127334,0.9004216296602291,527.1531799316406,0.0,0.0,527.1531799316406,654.8531799316406,3033.648792977763,364.9013671875,30.0,544.0315478480943,0.0,1,N01_M010_G01,N01_M010_G01,N01,M010,3842.1875,4278.78125,436.59375,4.603440389047222,0.0
E52_2cea01313b8862fcfb6b2e63,8.362609841558438,16.460055432828085,8.362609841558438,259.5957489704318,280.08528245838755,396.2542970131293,0.148442074342722,0.009166666666666667,0.13340364583333333,0.291012386842722,2.2689876131572784,0.9090586291116494,245.87440185546876,0.0,0.0,245.87440185546876,373.57440185546875,2971.90722759847,231.8917236328125,30.0,469.5957489704318,0.0,1,N01_M010_G01,N01_M010_G01,N01,M010,3842.1875,4278.78125,436.59375,8.362609841558438,0.0
E52_2d7a36258a59c18fc6a856bf,4.894869074614363,16.662039037059316,4.894869074614363,318.72117968179435,361.17160743651436,382.73979283526836,0.16755561647288383,0.009166666666666667,0.13340364583333333,0.3101259289728838,2.249874071027117,0.9030856471959738,509.40513305664064,0.0,0.0,509.40513305664064,637.1051330566406,2870.5484462645127,346.4301452636719,30.0,528.7211796817944,0.0,1,N01_M010_G01,N01_M010_G01,N01,M010,3842.1875,4278.78125,436.59375,4.894869074614363,0.0
E52_2dadfb43d7dd9558e21effa9,11.090420741642077,12.85982438864363,11.090420741642077,396.07517918576866,428.1792069974549,599.5261915014202,0.22576797164618329,0.009166666666666667,0.13340364583333333,0.3683382841461833,2.191661715853817,0.8848942862043178,385.2483337402344,0.0,0.0,385.2483337402344,512.9483337402344,4496.446436260651,251.37640380859375,30.0,606.0751791857687,0.0,1,N01_M010_G01,N01_M010_G01,N01,M010,3842.1875,4278.78125,436.59375,11.090420741642077,0.0
E52_2e64690809088e2a96fb2160,8.86765618769428,9.500767968691491,8.86765618769428,523.7789293194231,550.945126524013,884.5606754113072,0.31155234822715455,0.009166666666666667,0.13340364583333333,0.45412266072715457,2.105877339272846,0.8580866685227642,325.99436645507814,0.0,0.0,325.99436645507814,453.6943664550781,6634.205065584804,329.6845703125,30.0,733.7789293194231,0.0,1,N01_M010_G01,N01_M010_G01,N01,M010,3842.1875,4278.78125,436.59375,8.86765618769428,0.0
E52_357bbbd4dc4420221c875ea3,10.161205222688423,12.241245229232817,10.161205222688423,405.4327582223269,433.1514265878055,644.5535062517828,0.23547283792056264,0.009166666666666667,0.13340364583333333,0.37804315042056263,2.181956849579438,0.8818615154935742,332.6240203857422,0.0,0.0,332.6240203857422,460.3240203857422,4834.151296888371,255.67149353027344,30.0,615.4327582223269,0.0,1,N01_M010_G01,N01_M010_G01,N01,M010,3842.1875,4278.78125,436.59375,10.161205222688423,0.0
E52_3875f0f2b8e39572338b498b,13.353921106597483,12.654831201135607,12.654831201135607,430.443023323014,471.8276755243487,612.5781334380202,0.23983909257274777,0.009166666666666667,0.13340364583333333,0.3824094050727478,2.1775905949272527,0.8804970609147663,496.61582641601564,0.0,0.0,496.61582641601564,624.3158264160156,4594.336000785152,324.3158264160156,30.0,640.443023323014,0.0,1,N01_M010_G01,N01_M010_G01,N01,M010,3842.1875,4278.78125,436.59375,12.654831201135607,0.0
E52_3a94b6482baa2cfaba8a857d,4.751812171973384,16.425448776817632,4.751812171973384,326.01303055755295,369.111023518165,393.4381033514341,0.17166403726355467,0.009166666666666667,0.13340364583333333,0.3142343497635547,2.2457656502364456,0.9018017656988891,517.1759155273437,0.0,0.0,517.1759155273437,644.8759155273438,2950.785775135756,352.4370422363281,30.0,536.013030557553,0.0,1,N01_M010_G01,N01_M010_G01,N01,M010,3842.1875,4278.78125,436.59375,4.751812171973384,0.0
E52_413d3eff5d481ef66f8d3068,8.837583919159812,9.493762996477216,8.837583919159812,548.7789293194231,584.2784598573463,884.5606754113072,0.3204434082194385,0.009166666666666667,0.13340364583333333,0.46301372071943847,2.096986279280562,0.8553082122751755,425.99436645507814,0.0,0.0,425.99436645507814,553.6943664550781,6634.205065584804,329.6845703125,30.0,758.7789293194231,0.0,1,N01_M010_G01,N01_M010_G01,N01,M010,3842.1875,4278.78125,436.59375,8.837583919159812,0.0
E52_4cf0fac9feb721651efb2830,6.998212924039663,17.82597875173802,6.998212924039663,242.69354898018014,267.32891198677197,337.5749199208095,0.13412057160327687,0.009166666666666667,0.13340364583333333,0.27669088410327686,2.283309115896724,0.913534098717726,295.6243560791016,0.0,0.0,295.6243560791016,423.32435607910156,2531.8118994060715,217.31182861328125,30.0,452.69354898018014,0.0,1,N01_M010_G01,N01_M010_G01,N01,M010,3842.1875,4278.78125,436.59375,6.998212924039663,0.0
E52_4d215302190bc5bfb29bf912,3.785853652478636,16.37371485667674,3.785853652478636,307.50969179304633,343.7570581260541,397.53518558804575,0.1656637075427803,0.009166666666666667,0.13340364583333333,0.3082340200427803,2.25176597995722,0.9036768687366312,434.96839599609376,0.0,0.0,434.96839599609376,562.6683959960938,2981.5138919103433,336.56707763671875,30.0,517.5096917930464,0.0,1,N01_M010_G01,N01_M010_G01,N01,M010,3842.1875,4278.78125,436.59375,3.785853652478636,0.0
E52_50c718ca7f326f764494c89d,14.334642037780668,13.080943299176411,13.080943299176411,350.85355156655817,370.1881015340061,585.6998033284289,0.20772710552759727,0.009166666666666667,0.13340364583333333,0.3502974180275973,2.209702581972403,0.8905320568663758,232.014599609375,0.0,0.0,232.014599609375,359.714599609375,4392.748524963216,275.29461669921875,30.0,560.8535515665582,0.0,1,N01_M010_G01,N01_M010_G01,N01,M010,3842.1875,4278.78125,436.59375,13.080943299176411,0.0
E52_515a3b7c8d98426ee13f2b4e,7.786538932173912,17.07508762021844,7.786538932173912,242.68536134104386,262.0561394884234,369.14605379781034,0.13858886614696947,0.009166666666666667,0.13340364583333333,0.2811591786469695,2.278840821353031,0.912137756672822,232.4493377685547,0.0,0.0,232.4493377685547,360.1493377685547,2768.5954034835777,210.1493377685547,30.0,452.68536134104386,0.0,1,N01_M010_G01,N01_M010_G01,N01,M010,3842.1875,4278.78125,436.59375,7.786538932173912,0.0
E52_60b76d98beea93305f35c25d,7.924907482409168,16.79058398580294,7.924907482409168,271.8613885249859,299.0873836523459,380.3668062858116,0.15055421784231732,0.009166666666666667,0.13340364583333333,0.29312453034231734,2.266875469657683,0.9083985842680258,326.7119415283203,0.0,0.0,326.7119415283203,454.4119415283203,2852.751047143587,241.2421875,30.0,481.8613885249859,0.0,1,N01_M010_G01,N01_M010_G01,N01,M010,3842.1875,4278.78125,436.59375,7.924907482409168,0.0
E52_68694062ed2e2e792aeb51a9,5.8056357366346845,17.695890544520793,5.8056357366346845,262.3147609906027,292.8212075746684,341.5908424768108,0.1416674545099547,0.009166666666666667,0.13340364583333333,0.2842377670099547,2.2757622329900458,0.9111756978093892,366.0773590087891,0.0,0.0,366.0773590087891,493.77735900878906,2561.931318576081,213.8477783203125,30.0,472.3147609906027,0.0,1,N01_M010_G01,N01_M010_G01,N01,M010,3842.1875,4278.78125,436.59375,5.8056357366346845,0.0
E52_7547086a1218012670f76a62,1.72450856648004,2.277872015791573,1.72450856648004,375.1797445493145,391.65409045589,642.7455049270795,0.22423479709031385,0.009166666666666667,0.13340364583333333,0.36680510959031387,2.1931948904096865,0.8853734032530269,205.20750122070314,7.515350341796875,7.515350341796875,205.20750122070314,332.9075012207031,4820.591286953097,282.9075012207031,30.0,585.1797445493145,0.0,1,N01_M010_G01,N01_M010_G01,N01,M010,3842.1875,4278.78125,436.59375,1.72450856648004,0.0
E52_76b4f0bdabd1ccab126282dd,7.552690382552015,17.180198899819032,7.552690382552015,244.7670432960008,265.6078646257534,364.489158613486,0.13866967590706417,0.009166666666666667,0.13340364583333333,0.28123998840706416,2.2787600115929365,0.9121125036227925,250.08985595703126,0.0,0.0,250.08985595703126,377.78985595703125,2733.6686896011447,241.2421875,30.0,454.7670432960008,0.0,1,N01_M010_G01,N01_M010_G01,N01,M010,3842.1875,4278.78125,436.59375,7.552690382552015,0.0
E52_7dc5542bb1ad046741692f59,6.104218633283082,15.630401191468053,6.104218633283082,333.52010664670297,372.50493279823297,433.1312563842263,0.17995534493942492,0.009166666666666667,0.13340364583333333,0.3225256574394249,2.2374743425605756,0.8992107320501798,467.8179138183594,0.0,0.0,467.8179138183594,595.5179138183594,3248.484422881697,322.1230773925781,30.0,543.520106646703,0.0,1,N01_M010_G01,N01_M010_G01,N01,M010,3842.1875,4278.78125,436.59375,6.104218633283082,0.0
E52_7e5f4a4eaf9aa5b10576997a,10.7721571193441,13.086620585622072,10.7721571193441,384.11958913832314,414.7999833745699,584.1568128591658,0.21933939564120059,0.009166666666666667,0.13340364583333333,0.3619097081412006,2.1980902918588,0.8869032162058748,368.16473083496095,0.0,0.0,368.16473083496095,495.86473083496094,4381.1760964437435,251.37640380859375,30.0,594.1195891383231,0.0,1,N01_M010_G01,N01_M010_G01,N01,M010,3842.1875,4278.78125,436.59375,10.7721571193441,0.0
E52_82c821a5773d0bfbe554f10a,8.226809702901718,11.397135806608844,8.226809702901718,512.9354114719376,566.0737563002253,707.0407539741487,0.2825549862639304,0.009166666666666667,0.13340364583333333,0.42512529876393035,2.13487470123607,0.8671483441362717,637.6601379394531,0.0,0.0,637.6601379394531,765.3601379394531,5302.805654806116,465.3601379394531,30.0,722.9354114719376,0.0,1,N01_M010_G01,N01_M010_G01,N01,M010,3842.1875,4278.78125,436.59375,8.226809702901718,0.0
E52_831cee7e7a3a549796e42b18,9.399750123069552,10.042846261792022,9.399750123069552,524.445203057942,560.9167693217765,830.061008532876,0.3040708837654974,0.009166666666666667,0.13340364583333333,0.44664119626549736,2.1133588037345032,0.8604246261670321,437.65879516601564,0.0,0.0,437.65879516601564,565.3587951660156,6225.457563996571,359.5916748046875,30.0,734.445203057942,0.0,1,N01_M010_G01,N01_M010_G01,N01,M010,3842.1875,4278.78125,436.59375,9.399750123069552,0.0
E52_88c1c7aba1fcf94c58dad20e,8.854714885631324,9.497510042154289,8.854714885631324,536.2789293194231,567.6117931906797,884.5606754113072,0.3159978782232965,0.009166666666666667,0.13340364583333333,0.45856819072329646,2.101431809276704,0.8566974403989699,375.99436645507814,0.0,0.0,375.99436645507814,503.6943664550781,6634.205065584804,329.6845703125,30.0,746.2789293194231,0.0,1,N01_M010_G01,N01_M010_G01,N01,M010,3842.1875,4278.78125,436.59375,8.854714885631324,0.0
E52_8ca7795ffa642a3b129c0a3d,5.700721261922126,15.730152054416479,5.700721261922126,330.94608252023,369.9122522589995,428.0951466078428,0.17832668261553564,0.009166666666666667,0.13340364583333333,0.3208969951155356,2.239103004884465,0.8997196890263951,467.5940368652344,0.0,0.0,467.5940368652344,595.2940368652344,3210.713599558821,335.390380859375,30.0,540.94608252023,0.0,1,N01_M010_G01,N01_M010_G01,N01,M010,3842.1875,4278.78125,436.59375,5.700721261922126,0.0
E52_8d375985c45fff9288668cb3,1.809977176063029,16.222123863058812,1.809977176063029,353.99602207193686,405.21742048909175,400.663653640944,0.182639281392285,0.009166666666666667,0.13340364583333333,0.325209593892285,2.2347904061077157,0.898372001908661,614.6567810058593,0.0,0.0,614.6567810058593,742.3567810058594,3004.97740230708,442.3567810058594,30.0,563.9960220719369,0.0,1,N01_M010_G01,N01_M010_G01,N01,M010,3842.1875,4278.78125,436.59375,1.809977176063029,0.0
E52_924cec2d58c933358893a332,10.624413809800686,12.302862284422105,10.624413809800686,416.670444788364,448.9844576972996,639.4568121231148,0.23874762537865796,0.009166666666666667,0.13340364583333333,0.381317937878658,2.1786820621213425,0.8808381444129194,387.7681549072266,0.0,0.0,387.7681549072266,515.4681549072266,4795.926090923361,252.644287109375,30.0,626.670444788364,0.0,1,N01_M010_G01,N01_M010_G01,N01,M010,3842.1875,4278.78125,436.59375,10.624413809800686,0.0
E52_96da4f081c74d8211b4b244f,11.344550318144897,12.47027426673894,11.344550318144897,406.4445801679392,437.368205859671,627.3474061854878,0.23339590098708082,0.009166666666666667,0.13340364583333333,0.3759662134870808,2.1840337865129196,0.8825105582852872,371.08350830078126,0.0,0.0,371.08350830078126,498.78350830078125,4705.105546391158,251.37640380859375,30.0,616.4445801679392,0.0,1,N01_M010_G01,N01_M010_G01,N01,M010,3842.1875,4278.78125,436.59375,11.344550318144897,0.0
E52_a3836b1674b2d70f748125c1,6.57521379218305,18.388582284998307,6.57521379218305,238.77143733771516,265.74771093797557,315.68523307386783,0.1296256139323784,0.009166666666666667,0.13340364583333333,0.2721959264323784,2.287804073567622,0.9149387729898818,323.715283203125,0.0,0.0,323.715283203125,451.415283203125,2367.639248054009,217.29420471191406,30.0,448.77143733771516,0.0,1,N01_M010_G01,N01_M010_G01,N01,M010,3842.1875,4278.78125,436.59375,6.57521379218305,0.0
E52_aaa387ee3ee3170bd804334d,0.0961803787852773,18.409477866986336,0.0961803787852773,263.5215778829557,299.2286101502083,312.8009621623957,0.13801933350380158,0.009166666666666667,0.13340364583333333,0.28058964600380154,2.279410353996199,0.9123157356238121,428.48438720703126,0.0,0.0,428.48438720703126,556.1843872070312,2346.0072162179677,386.9435729980469,30.0,473.5215778829557,0.0,1,N01_M010_G01,N01_M010_G01,N01,M010,3842.1875,4278.78125,436.59375,0.0961803787852773,0.0
E52_b544b4d7beda1d6ed7fbeefb,5.48852053666009,16.252686834440453,5.48852053666009,293.91354735972715,324.49113296153376,404.3615811086144,0.16179511839250177,0.009166666666666667,0.13340364583333333,0.3043654308925018,2.2556345691074986,0.9048858028460932,366.9310272216797,0.0,0.0,366.9310272216797,494.6310272216797,3032.711858314608,277.91845703125,30.0,503.91354735972715,0.0,1,N01_M010_G01,N01_M010_G01,N01,M010,3842.1875,4278.78125,436.59375,5.48852053666009,0.0
E52_b60e4d2a4cdcd5801a5d757f,5.286593515944801,16.480566458341656,5.286593515944801,308.26023760270465,345.626388522301,392.32356968783114,0.16519254750221457,0.009166666666666667,0.13340364583333333,0.30776286000221453,2.252237139997786,0.903824106249308,448.39381103515626,0.0,0.0,448.39381103515626,576.0938110351562,2942.4267726587336,326.2397766113281,30.0,518.2602376027046,0.0,1,N01_M010_G01,N01_M010_G01,N01,M010,3842.1875,4278.78125,436.59375,5.286593515944801,0.0
E52_b6789310c1ab16898a769b78,15.706200065217104,2.625622464396969,2.625622464396969,372.38145547243056,389.4038741939475,617.4514627840539,0.21924054354678854,0.009166666666666667,0.13340364583333333,0.36181085604678853,2.198189143953212,0.8869341074853786,225.84925537109376,21.580230712890625,21.580230712890625,225.84925537109376,353.54925537109375,4630.885970880404,303.54925537109375,30.0,582.3814554724306,0.0,1,N01_M010_G01,N01_M010_G01,N01,M010,3842.1875,4278.78125,436.59375,2.625622464396969,0.0
E52_be69bdf55826f2eb34075d09,12.089343064167153,12.029424972929434,12.029424972929434,457.6877788138426,500.48965717077624,658.5642874860837,0.25604119113741575,0.009166666666666667,0.13340364583333333,0.3986115036374157,2.161388496362585,0.8754339051133075,513.6225402832031,0.0,0.0,513.6225402832031,641.3225402832031,4939.232156145627,341.3225402832031,30.0,667.6877788138427,0.0,1,N01_M010_G01,N01_M010_G01,N01,M010,3842.1875,4278.78125,436.59375,12.029424972929434,0.0
E52_bfffb2993ede6e2e2bd9340b,14.028371400881156,13.053008949478723,13.053008949478723,400.85355156655817,436.85476820067277,585.6998033284289,0.22550922551216515,0.009166666666666667,0.13340364583333333,0.36807953801216514,2.191920461987835,0.8849751443711984,432.014599609375,0.0,0.0,432.014599609375,559.714599609375,4392.748524963216,275.29461669921875,30.0,610.8535515665582,0.0,1,N01_M010_G01,N01_M010_G01,N01,M010,3842.1875,4278.78125,436.59375,13.053008949478723,0.0
E52_c0294c7ff44d44fc4ede8d97,5.006362490083006,16.7256600789149,5.006362490083006,316.70783025924425,358.9570632507807,379.92026256926977,0.16644027302831577,0.009166666666666667,0.13340364583333333,0.30901058552831573,2.2509894144716847,0.9034341920224014,506.9907958984375,0.0,0.0,506.9907958984375,634.6907958984375,2849.4019692695233,334.6907958984375,30.0,526.7078302592442,0.0,1,N01_M010_G01,N01_M010_G01,N01,M010,3842.1875,4278.78125,436.59375,5.006362490083006,0.0
E52_c98d1e580ba9a8920eeacbdb,9.050204829241409,9.995636820319618,9.050204829241409,531.3190315479533,569.3529452238973,834.4345810402425,0.30713490815373307,0.009166666666666667,0.13340364583333333,0.4497052206537331,2.110294779346267,0.8594671185457085,456.40696411132814,0.0,0.0,456.40696411132814,584.1069641113281,6258.259357801819,362.73199462890625,30.0,741.3190315479533,0.0,1,N01_M010_G01,N01_M010_G01,N01,M010,3842.1875,4278.78125,436.59375,9.050204829241409,0.0
E52_d22cbe82615c6d2ee0ebf49f,5.6791610470501865,15.758568264926964,5.6791610470501865,318.17309843891866,352.9726015110215,427.5491784452201,0.1737067461230003,0.009166666666666667,0.13340364583333333,0.31627705862300026,2.2437229413770003,0.9011634191803124,417.5940368652344,0.0,0.0,417.5940368652344,545.2940368652344,3206.618838339151,335.390380859375,30.0,528.1730984389187,0.0,1,N01_M010_G01,N01_M010_G01,N01,M010,3842.1875,4278.78125,436.59375,5.6791610470501865,0.0
E52_d3460088443e86b69235cf2f,11.01352841695197,10.110906533633653,10.110906533633653,520.9986937965015,557.4049117530444,823.5600798537452,0.3019244763287566,0.009166666666666667,0.13340364583333333,0.4444947888287566,2.115505211171244,0.8610953784910136,436.87461547851564,0.0,0.0,436.87461547851564,564.5746154785156,6176.700598903089,281.75616455078125,30.0,730.9986937965015,0.0,1,N01_M010_G01,N01_M010_G01,N01,M010,3842.1875,4278.78125,436.59375,10.110906533633653,0.0
E52_d6d1511afdebb88632549a71,2.4694159507623397,16.177909036830457,2.4694159507623397,342.76879390848103,389.67749650450963,404.08537224079015,0.1791309979165653,0.009166666666666667,0.13340364583333333,0.3217013104165653,2.238298689583435,0.8994683404948234,562.9044311523437,0.0,0.0,562.9044311523437,690.6044311523438,3030.640291805926,390.60443115234375,30.0,552.768793908481,0.0,1,N01_M010_G01,N01_M010_G01,N01,M010,3842.1875,4278.78125,436.59375,2.4694159507623397,0.0
E52_d7f1f5d49edaa9f52000c452,11.569253065446404,12.917919470378578,11.569253065446404,397.7633482290822,431.12867517406926,595.3347347882426,0.22577474843651651,0.009166666666666667,0.13340364583333333,0.36834506093651653,2.191654939063484,0.8848921684573385,400.38392333984376,0.0,0.0,400.38392333984376,528.0839233398438,4465.010510911819,278.08392333984375,30.0,607.7633482290822,0.0,1,N01_M010_G01,N01_M010_G01,N01,M010,3842.1875,4278.78125,436.59375,11.569253065446404,0.0
E52_da487d3b8a0906fb4529d12f,6.700573680438396,15.138353346482333,6.700573680438396,331.4673547495513,365.316990573119,459.8368945576963,0.18300743845595838,0.009166666666666667,0.13340364583333333,0.32557775095595837,2.234422249044042,0.898256952826263,406.1956298828125,0.0,0.0,406.1956298828125,533.8956298828125,3448.7767091827222,283.8956298828125,30.0,541.4673547495513,0.0,1,N01_M010_G01,N01_M010_G01,N01,M010,3842.1875,4278.78125,436.59375,6.700573680438396,0.0
E52_dbe1bedc9b83d29f34556dbd,10.319763659808586,13.016499113861627,10.319763659808586,387.86022911882606,419.0031732004504,588.862793747906,0.22133620210273125,0.009166666666666667,0.13340364583333333,0.36390651460273127,2.1960934853972693,0.8862792141866465,373.7153289794922,0.0,0.0,373.7153289794922,501.4153289794922,4416.470953109295,233.02317810058594,30.0,597.860229118826,0.0,1,N01_M010_G01,N01_M010_G01,N01,M010,3842.1875,4278.78125,436.59375,10.319763659808586,0.0
E52_dbec4f1422e98765afb262aa,4.439539268577306,16.38523852602286,4.439539268577306,322.5402116809159,364.1002534899979,395.72017250733956,0.1707521496628321,0.009166666666666667,0.13340364583333333,0.3133224621628321,2.2466775378371686,0.9020867305741149,498.7205017089844,0.0,0.0,498.7205017089844,626.4205017089844,2967.901293805047,326.4205017089844,30.0,532.540211680916,0.0,1,N01_M010_G01,N01_M010_G01,N01,M010,3842.1875,4278.78125,436.59375,4.439539268577306,0.0
E52_de2c36302e014a6d0284c896,5.398324716346508,15.994052628622484,5.398324716346508,325.41177480357015,364.7238282296769,414.95122905049965,0.1744969638873427,0.009166666666666667,0.13340364583333333,0.31706727638734267,2.242932723612658,0.9009164761289554,471.74464111328126,0.0,0.0,471.74464111328126,599.4446411132812,3112.134217878747,326.2397766113281,30.0,535.4117748035701,0.0,1,N01_M010_G01,N01_M010_G01,N01,M010,3842.1875,4278.78125,436.59375,5.398324716346508,0.0
E52_eab18c460278cfbad2c20da0,5.839199789598638,7.760329046990023,5.839199789598638,212.31476099060268,226.15454090800176,341.5908424768108,0.12388533452538679,0.009166666666666667,0.13340364583333333,0.2664556470253868,2.293544352974614,0.9167326103045667,166.07735900878907,0.0,0.0,166.07735900878907,293.77735900878906,2561.931318576081,213.8477783203125,30.0,422.3147609906027,0.0,1,N01_M010_G01,N01_M010_G01,N01,M010,3842.1875,4278.78125,436.59375,5.839199789598638,0.0
E52_eb490529b308e18523949520,10.128050036405611,12.235001379754962,10.128050036405611,417.9327582223269,449.8180932544721,644.5535062517828,0.23991836791670462,0.009166666666666667,0.13340364583333333,0.3824886804167046,2.177511319583296,0.8804722873697798,382.6240203857422,0.0,0.0,382.6240203857422,510.3240203857422,4834.151296888371,255.67149353027344,30.0,627.9327582223269,0.0,1,N01_M010_G01,N01_M010_G01,N01,M010,3842.1875,4278.78125,436.59375,10.128050036405611,0.0
E52_eddf192c3626d88d236d26e4,6.44782069450909,17.034187922993553,6.44782069450909,241.72684180786888,260.473536754158,370.9735139380034,0.13850678679446915,0.009166666666666667,0.13340364583333333,0.2810770992944691,2.278922900705531,0.9121634064704784,224.96033935546876,0.0,0.0,224.96033935546876,352.66033935546875,2782.3013545350254,199.07135009765625,30.0,451.7268418078689,0.0,1,N01_M010_G01,N01_M010_G01,N01,M010,3842.1875,4278.78125,436.59375,6.44782069450909,0.0
E52_ede4029bd5e695a7a0c85289,11.61837266330636,12.925612211179384,11.61837266330636,385.2633482290822,414.4620085074026,595.3347347882426,0.22132921844037454,0.009166666666666667,0.13340364583333333,0.3638995309403745,2.196100469059626,0.8862813965811329,350.38392333984376,0.0,0.0,350.38392333984376,478.08392333984375,4465.010510911819,278.08392333984375,30.0,595.2633482290822,0.0,1,N01_M010_G01,N01_M010_G01,N01,M010,3842.1875,4278.78125,436.59375,11.61837266330636,0.0
E52_fd527d975e1813662620f82c,11.639873585239812,12.45056667278017,11.639873585239812,418.2192341110554,452.9085204066283,628.3027504486734,0.23771876612520712,0.009166666666666667,0.13340364583333333,0.3802890786252071,2.1797109213747934,0.8811596629296228,416.271435546875,0.0,0.0,416.271435546875,543.971435546875,4712.2706283650505,307.606201171875,30.0,628.2192341110554,0.0,1,N01_M010_G01,N01_M010_G01,N01,M010,3842.1875,4278.78125,436.59375,11.639873585239812,0.0
E52_01234cac2d25748209cb57e8,7.615304925152657,5.963634638729843,5.963634638729843,279.2236617812399,298.99466652163704,419.772700963196,0.15824405002114064,0.009166666666666667,0.009376736111111112,0.17678745279891842,2.383212547201082,0.944753921000338,254.4365661621094,17.18450927734375,17.18450927734375,254.4365661621094,382.1365661621094,3148.2952572239697,332.1365661621094,30.0,489.2236617812399,0.0,1,N01_M010_G02,N01_M010_G02,N01,M010,4289.15625,4319.84375,30.6875,5.963634638729843,0.0
E52_060143e4033ea7dfc142ce26,3.758798896890397,13.051384290227645,3.758798896890397,390.52156568077555,422.97629514244545,586.3147545915316,0.2219218246513189,0.009166666666666667,0.009376736111111112,0.24046522742909668,2.3195347725709037,0.9248546164284073,389.4567535400391,0.0,0.0,389.4567535400391,517.1567535400391,4397.360659436487,298.2110595703125,30.0,600.5215656807756,0.0,1,N01_M010_G02,N01_M010_G02,N01,M010,4289.15625,4319.84375,30.6875,3.758798896890397,0.0
E52_06eb0baa948af7ff52881bcf,6.1879338640833055,16.258674653736037,6.1879338640833055,296.7597053393259,328.36499963050426,403.88764493158146,0.16274021246714285,0.009166666666666667,0.009376736111111112,0.18128361524492062,2.37871638475508,0.9433488702359623,379.26353149414064,0.0,0.0,379.26353149414064,506.9635314941406,3029.157336986861,310.16876220703125,30.0,506.7597053393259,0.0,1,N01_M010_G02,N01_M010_G02,N01,M010,4289.15625,4319.84375,30.6875,6.1879338640833055,0.0
E52_0c56c0f390b777971f9a7e58,1.0825529232458848,2.1743859331465814,1.0825529232458848,461.3120930283848,507.24512830670517,647.0259743868478,0.2556960576036008,0.009166666666666667,0.009376736111111112,0.2742394603813786,2.285760539618622,0.9143001686308192,551.1964233398437,0.0,0.0,551.1964233398437,678.8964233398438,4852.694807901358,439.2268981933594,30.0,671.3120930283849,0.0,1,N01_M010_G02,N01_M010_G02,N01,M010,4289.15625,4319.84375,30.6875,1.0825529232458848,0.0
E52_0c9d91fc306062a18ada9948,7.776529307541921,15.697900697510477,7.776529307541921,331.42241999480143,370.2725110389095,429.7442937249544,0.1787296459836012,0.009166666666666667,0.009376736111111112,0.19727304876137897,2.3627269512386215,0.9383521722620691,466.2010925292969,0.0,0.0,466.2010925292969,593.9010925292969,3223.082202937158,335.390380859375,30.0,541.4224199948014,0.0,1,N01_M010_G02,N01_M010_G02,N01,M010,4289.15625,4319.84375,30.6875,7.776529307541921,0.0
E52_0f45fcab7c66cb90fa618929,2.8788518758257737,12.721246579688795,2.8788518758257737,427.8988653120833,469.21977900837237,607.8722484464322,0.23826781941132907,0.009166666666666667,0.009376736111111112,0.25681122218910685,2.3031887778108935,0.9197464930659041,495.85096435546876,0.0,0.0,495.85096435546876,623.5509643554688,4559.041863348241,326.6978454589844,30.0,637.8988653120832,0.0,1,N01_M010_G02,N01_M010_G02,N01,M010,4289.15625,4319.84375,30.6875,2.8788518758257737,0.0
E52_0fa03b8d9ed736d48919c1b7,3.3014958852985075,11.555158541579928,3.3014958852985075,469.53189880990186,510.00510285042924,696.2245733766397,0.2655870342753843,0.009166666666666667,0.009376736111111112,0.2841304370531621,2.2758695629468386,0.9112092384208869,485.67844848632814,0.0,0.0,485.67844848632814,613.3784484863281,5221.684300324798,325.1297912597656,30.0,679.5318988099018,0.0,1,N01_M010_G02,N01_M010_G02,N01,M010,4289.15625,4319.84375,30.6875,3.3014958852985075,0.0
E52_12b142f00e8cb4e3948f96c2,3.419762200320122,12.991659521749298,3.419762200320122,402.5936730780369,438.4739485500421,589.9056933240425,0.22672373828986628,0.009166666666666667,0.009376736111111112,0.24526714106764405,2.3147328589323566,0.9233540184163612,430.5633056640625,0.0,0.0,430.5633056640625,558.2633056640625,4424.292699930319,284.7546081542969,30.0,612.5936730780369,0.0,1,N01_M010_G02,N01_M010_G02,N01,M010,4289.15625,4319.84375,30.6875,3.419762200320122,0.0
E52_189eb019491ad876aa165071,6.062004867839818,3.8094716871601975,3.8094716871601975,403.09916814168594,448.35288467407526,534.676037089036,0.21908171065325852,0.009166666666666667,0.009376736111111112,0.2376251134310363,2.3223748865689644,0.9257421520528012,543.0445983886718,0.0,0.0,543.0445983886718,670.7445983886719,4010.07027816777,391.87322998046875,30.0,613.0991681416859,0.0,1,N01_M010_G02,N01_M010_G02,N01,M010,4289.15625,4319.84375,30.6875,3.8094716871601975,0.0
E52_1eac4bbcd37cec5d48241661,7.561981452693274,6.04580255430777,6.04580255430777,275.66392246828667,298.30930922772677,415.4555243799327,0.1568759382441215,0.009166666666666667,0.009376736111111112,0.17541934102189927,2.384580658978101,0.9451814559306565,271.74464111328126,0.0,0.0,271.74464111328126,399.44464111328125,3115.9164328494953,326.2397766113281,30.0,485.66392246828667,0.0,1,N01_M010_G02,N01_M010_G02,N01,M010,4289.15625,4319.84375,30.6875,6.04580255430777,0.0
E52_1ef47ef68c1879e18ddbb164,7.562381621923336,9.684707827919368,7.562381621923336,525.9457118932837,556.9823492630754,865.6715995678175,0.30964781577290457,0.009166666666666667,0.009376736111111112,0.32819121855068234,2.231808781449318,0.8974402442029118,372.4396484375,0.0,0.0,372.4396484375,500.1396484375,6492.536996758631,304.7821350097656,30.0,735.9457118932837,0.0,1,N01_M010_G02,N01_M010_G02,N01,M010,4289.15625,4319.84375,30.6875,7.562381621923336,0.0
E52_215ef380a7eb56a6f7d09ab1,14.382939844556986,12.440860913671315,12.440860913671315,437.2780853288336,478.35957590907447,628.0672271762219,0.2444635461376352,0.009166666666666667,0.009376736111111112,0.263006948915413,2.2969930510845877,0.9178103284639334,492.97788696289064,0.0,0.0,492.97788696289064,620.6778869628906,4710.504203821664,324.9881591796875,30.0,647.2780853288336,0.0,1,N01_M010_G02,N01_M010_G02,N01,M010,4289.15625,4319.84375,30.6875,12.440860913671315,0.0
E52_231555d7070bcf1a0911e332,7.513320883121821,5.981962334569488,5.981962334569488,303.4113952968874,335.0249979987103,417.14117438283733,0.1669828432889251,0.009166666666666667,0.009376736111111112,0.18552624606670287,2.3744737539332976,0.9420230481041554,379.363232421875,0.0,0.0,379.363232421875,507.063232421875,3128.55880787128,326.2397766113281,30.0,513.4113952968873,0.0,1,N01_M010_G02,N01_M010_G02,N01,M010,4289.15625,4319.84375,30.6875,5.981962334569488,0.0
E52_231de36c6439da832299e30f,3.51349610636359,16.451156269229884,3.51349610636359,336.2639482811268,383.1573412254627,391.1675388962379,0.1749881335365896,0.009166666666666667,0.009376736111111112,0.19353153631436737,2.3664684636856332,0.9395213949017602,562.7207153320312,0.0,0.0,562.7207153320312,690.4207153320312,2933.7565417217843,390.42071533203125,30.0,546.2639482811268,0.0,1,N01_M010_G02,N01_M010_G02,N01,M010,4289.15625,4319.84375,30.6875,3.51349610636359,0.0
E52_246111a1ef063bec9e89ec9e,3.482607128237518,13.03223549741864,3.482607128237518,413.11352328410356,453.07003166626504,586.4879962752384,0.22998101771643822,0.009166666666666667,0.009376736111111112,0.248524420494216,2.3114755795057844,0.9223361185955575,479.4781005859375,0.0,0.0,479.4781005859375,607.1781005859375,4398.659972064288,469.28277587890625,30.0,623.1135232841036,0.0,1,N01_M010_G02,N01_M010_G02,N01,M010,4289.15625,4319.84375,30.6875,3.482607128237518,0.0
E52_24cc4f01335372459fb4c2ba,13.482981732301099,12.909161020133865,12.909161020133865,410.2633482290822,447.7953418407359,595.3347347882426,0.23022027843265847,0.009166666666666667,0.009376736111111112,0.24876368121043624,2.311236318789564,0.9222613496217387,450.38392333984376,0.0,0.0,450.38392333984376,578.0839233398438,4465.010510911819,278.08392333984375,30.0,620.2633482290822,0.0,1,N01_M010_G02,N01_M010_G02,N01,M010,4289.15625,4319.84375,30.6875,12.909161020133865,0.0
E52_27bf01e9e990859ae5993708,7.530892893494951,15.932490639468014,7.530892893494951,318.6138217216496,355.0514931287134,418.60161500091635,0.17259630304263499,0.009166666666666667,0.009376736111111112,0.19113970582041276,2.3688602941795875,0.940268841931121,437.25205688476564,0.0,0.0,437.25205688476564,564.9520568847656,3139.5121125068727,326.2397766113281,30.0,528.6138217216496,0.0,1,N01_M010_G02,N01_M010_G02,N01,M010,4289.15625,4319.84375,30.6875,7.530892893494951,0.0
E52_27bf1882d0e1a812c8450c72,6.4846829222370275,16.18675851321828,6.4846829222370275,334.03154784809436,377.9609795090644,404.48650573036844,0.17608047258726683,0.009166666666666667,0.009376736111111112,0.1946238753650446,2.365376124634956,0.9391800389484236,527.1531799316406,0.0,0.0,527.1531799316406,654.8531799316406,3033.648792977763,364.9013671875,30.0,544.0315478480943,0.0,1,N01_M010_G02,N01_M010_G02,N01,M010,4289.15625,4319.84375,30.6875,6.4846829222370275,0.0
E52_29c9aa5399273a7ee24bceb6,3.6060408393034606,11.583777919859742,3.6060408393034606,451.9321692173844,486.7995103225277,694.6602918039094,0.2591062855773863,0.009166666666666667,0.009376736111111112,0.27764968835516407,2.2823503116448363,0.9132344723890112,418.40809326171876,0.0,0.0,418.40809326171876,546.1080932617188,5209.952188529321,322.9142761230469,30.0,661.9321692173844,0.0,1,N01_M010_G02,N01_M010_G02,N01,M010,4289.15625,4319.84375,30.6875,3.6060408393034606,0.0
E52_2cea01313b8862fcfb6b2e63,12.373143294718105,16.460055432828085,12.373143294718105,259.5957489704318,280.08528245838755,396.2542970131293,0.148442074342722,0.009166666666666667,0.009376736111111112,0.16698547712049977,2.3930145228795006,0.9478170383998439,245.87440185546876,0.0,0.0,245.87440185546876,373.57440185546875,2971.90722759847,231.8917236328125,30.0,469.5957489704318,0.0,1,N01_M010_G02,N01_M010_G02,N01,M010,4289.15625,4319.84375,30.6875,12.373143294718105,0.0
E52_2d7a36258a59c18fc6a856bf,6.949034868424519,16.662039037059316,6.949034868424519,318.72117968179435,361.17160743651436,382.73979283526836,0.16755561647288383,0.009166666666666667,0.009376736111111112,0.1860990192506616,2.373900980749339,0.9418440564841682,509.40513305664064,0.0,0.0,509.40513305664064,637.1051330566406,2870.5484462645127,346.4301452636719,30.0,528.7211796817944,0.0,1,N01_M010_G02,N01_M010_G02,N01,M010,4289.15625,4319.84375,30.6875,6.949034868424519,0.0
E52_2dadfb43d7dd9558e21effa9,12.823408208426997,12.85982438864363,12.823408208426997,396.07517918576866,428.1792069974549,599.5261915014202,0.22576797164618329,0.009166666666666667,0.009376736111111112,0.24431137442396106,2.3156886255760396,0.9236526954925122,385.2483337402344,0.0,0.0,385.2483337402344,512.9483337402344,4496.446436260651,251.37640380859375,30.0,606.0751791857687,0.0,1,N01_M010_G02,N01_M010_G02,N01,M010,4289.15625,4319.84375,30.6875,12.823408208426997,0.0
E52_2e64690809088e2a96fb2160,7.258233902615643,9.500767968691491,7.258233902615643,523.7789293194231,550.945126524013,884.5606754113072,0.31155234822715455,0.009166666666666667,0.009376736111111112,0.3300957510049323,2.229904248995068,0.8968450778109587,325.99436645507814,0.0,0.0,325.99436645507814,453.6943664550781,6634.205065584804,329.6845703125,30.0,733.7789293194231,0.0,1,N01_M010_G02,N01_M010_G02,N01,M010,4289.15625,4319.84375,30.6875,7.258233902615643,0.0
E52_30110e5b3ae38ecfab28ace2,4.674062297751874,10.05954008012911,4.674062297751874,514.4106891471403,547.7506496268766,828.7816154158626,0.30032099335417484,0.009166666666666667,0.009376736111111112,0.3188643961319526,2.241135603868048,0.9003548762087648,400.07952575683595,0.0,0.0,400.07952575683595,527.7795257568359,6215.862115618969,313.0162353515625,30.0,724.4106891471403,0.0,1,N01_M010_G02,N01_M010_G02,N01,M010,4289.15625,4319.84375,30.6875,4.674062297751874,0.0
E52_326bd9096774308657b14836,7.161853013221005,6.820761438549596,6.820761438549596,254.20783025924425,275.6237299174474,379.92026256926977,0.1442126230476059,0.009166666666666667,0.009376736111111112,0.16275602582538368,2.397243974174617,0.9491387419295676,256.9907958984375,0.0,0.0,256.9907958984375,384.6907958984375,2849.4019692695233,334.6907958984375,30.0,464.20783025924425,0.0,1,N01_M010_G02,N01_M010_G02,N01,M010,4289.15625,4319.84375,30.6875,6.820761438549596,0.0
E52_32cd7932ac3bc8f6e82bd016,2.673693947387349,12.531399030736651,2.673693947387349,433.33722088021847,474.19552115284216,621.5246401246948,0.24213542524196421,0.009166666666666667,0.009376736111111112,0.260678828019742,2.2993211719802584,0.9185378662438306,490.2996032714844,0.0,0.0,490.2996032714844,617.9996032714844,4661.434800935211,324.9372863769531,30.0,643.3372208802184,0.0,1,N01_M010_G02,N01_M010_G02,N01,M010,4289.15625,4319.84375,30.6875,2.673693947387349,0.0
E52_3322673a66874be8fb5ff9e0,3.100887813110319,12.93559360833251,3.100887813110319,392.2739001975914,423.9757012433271,594.3369941207687,0.2236811646950203,0.009166666666666667,0.009376736111111112,0.24222456747279808,2.3177754325272026,0.9243048226647506,380.42161254882814,0.0,0.0,380.42161254882814,508.1216125488281,4457.527455905765,308.1216125488281,30.0,602.2739001975914,0.0,1,N01_M010_G02,N01_M010_G02,N01,M010,4289.15625,4319.84375,30.6875,3.100887813110319,0.0
E52_357bbbd4dc4420221c875ea3,10.666024772100414,12.241245229232817,10.666024772100414,405.4327582223269,433.1514265878055,644.5535062517828,0.23547283792056264,0.009166666666666667,0.009376736111111112,0.2540162406983404,2.30598375930166,0.9206199247817686,332.6240203857422,0.0,0.0,332.6240203857422,460.3240203857422,4834.151296888371,255.67149353027344,30.0,615.4327582223269,0.0,1,N01_M010_G02,N01_M010_G02,N01,M010,4289.15625,4319.84375,30.6875,10.666024772100414,0.0
E52_3875f0f2b8e39572338b498b,14.7558011394906,12.654831201135607,12.654831201135607,430.443023323014,471.8276755243487,612.5781334380202,0.23983909257274777,0.009166666666666667,0.009376736111111112,0.25838249535052554,2.301617504649475,0.9192554702029607,496.61582641601564,0.0,0.0,496.61582641601564,624.3158264160156,4594.336000785152,324.3158264160156,30.0,640.443023323014,0.0,1,N01_M010_G02,N01_M010_G02,N01,M010,4289.15625,4319.84375,30.6875,12.654831201135607,0.0
E52_3a94b6482baa2cfaba8a857d,6.718526430844307,16.425448776817632,6.718526430844307,326.01303055755295,369.111023518165,393.4381033514341,0.17166403726355467,0.009166666666666667,0.009376736111111112,0.19020744004133244,2.369792559958668,0.9405601749870837,517.1759155273437,0.0,0.0,517.1759155273437,644.8759155273438,2950.785775135756,352.4370422363281,30.0,536.013030557553,0.0,1,N01_M010_G02,N01_M010_G02,N01,M010,4289.15625,4319.84375,30.6875,6.718526430844307,0.0
E52_413d3eff5d481ef66f8d3068,7.23745182678266,9.493762996477216,7.23745182678266,548.7789293194231,584.2784598573463,884.5606754113072,0.3204434082194385,0.009166666666666667,0.009376736111111112,0.3389868109972163,2.221013189002784,0.8940666215633699,425.99436645507814,0.0,0.0,425.99436645507814,553.6943664550781,6634.205065584804,329.6845703125,30.0,758.7789293194231,0.0,1,N01_M010_G02,N01_M010_G02,N01,M010,4289.15625,4319.84375,30.6875,7.23745182678266,0.0
E52_437c6a333219b14c3939f26c,7.53311465616153,6.0194831627628105,6.0194831627628105,277.09771274073506,296.211315442558,417.14117438283733,0.1570562493971614,0.009166666666666667,0.009376736111111112,0.17559965217493917,2.3844003478250615,0.9451251086953315,248.53977661132814,19.176544189453125,19.176544189453125,248.53977661132814,376.2397766113281,3128.55880787128,326.2397766113281,30.0,487.09771274073506,0.0,1,N01_M010_G02,N01_M010_G02,N01,M010,4289.15625,4319.84375,30.6875,6.0194831627628105,0.0
E52_44ed69e1d99dc074a7941a18,9.307322804160094,8.900383690419545,8.900383690419545,188.27556058823757,199.0276355292369,299.7078152072368,0.1090911242968749,0.009166666666666667,0.009376736111111112,0.12763452707465267,2.4323654729253477,0.9601142102891711,139.59420471191407,10.569305419921875,10.569305419921875,139.59420471191407,267.29420471191406,2247.808614054276,217.29420471191406,30.0,398.27556058823757,0.0,1,N01_M010_G02,N01_M010_G02,N01,M010,4289.15625,4319.84375,30.6875,8.900383690419545,0.0
E52_4513f74e4ba51c209cccc792,1.9513390242909168,9.790974506635663,1.9513390242909168,548.6050089915749,589.1156759023821,854.1460165183059,0.3160741321008959,0.009166666666666667,0.009376736111111112,0.3346175348786737,2.225382465121327,0.8954320203504145,486.1280029296875,0.0,0.0,486.1280029296875,613.8280029296875,6406.095123887295,391.8226318359375,30.0,758.6050089915749,0.0,1,N01_M010_G02,N01_M010_G02,N01,M010,4289.15625,4319.84375,30.6875,1.9513390242909168,0.0
E52_47db2d0d55c92154c779a4c9,5.919559065869137,16.45726286038159,5.919559065869137,312.62709924858126,351.3219092257948,393.08533863388124,0.16685347284684848,0.009166666666666667,0.009376736111111112,0.18539687562462626,2.3746031243753745,0.9420634763673043,464.3377197265625,0.0,0.0,464.3377197265625,592.0377197265625,2948.1400397541092,295.61395263671875,30.0,522.6270992485813,0.0,1,N01_M010_G02,N01_M010_G02,N01,M010,4289.15625,4319.84375,30.6875,5.919559065869137,0.0
E52_4cf0fac9feb721651efb2830,10.37777137631825,17.82597875173802,10.37777137631825,242.69354898018014,267.32891198677197,337.5749199208095,0.13412057160327687,0.009166666666666667,0.009376736111111112,0.15266397438105464,2.407336025618946,0.9522925080059205,295.6243560791016,0.0,0.0,295.6243560791016,423.32435607910156,2531.8118994060715,217.31182861328125,30.0,452.69354898018014,0.0,1,N01_M010_G02,N01_M010_G02,N01,M010,4289.15625,4319.84375,30.6875,10.37777137631825,0.0
E52_4d215302190bc5bfb29bf912,5.481638038937831,16.37371485667674,5.481638038937831,307.50969179304633,343.7570581260541,397.53518558804575,0.1656637075427803,0.009166666666666667,0.009376736111111112,0.18420711032055806,2.3757928896794422,0.9424352780248256,434.96839599609376,0.0,0.0,434.96839599609376,562.6683959960938,2981.5138919103433,336.56707763671875,30.0,517.5096917930464,0.0,1,N01_M010_G02,N01_M010_G02,N01,M010,4289.15625,4319.84375,30.6875,5.481638038937831,0.0
E52_50c718ca7f326f764494c89d,17.944645932556554,13.080943299176411,13.080943299176411,350.85355156655817,370.1881015340061,585.6998033284289,0.20772710552759727,0.009166666666666667,0.009376736111111112,0.22627050830537504,2.3337294916946254,0.9292904661545703,232.014599609375,0.0,0.0,232.014599609375,359.714599609375,4392.748524963216,275.29461669921875,30.0,560.8535515665582,0.0,1,N01_M010_G02,N01_M010_G02,N01,M010,4289.15625,4319.84375,30.6875,13.080943299176411,0.0
E52_515a3b7c8d98426ee13f2b4e,11.548412908572345,17.07508762021844,11.548412908572345,242.68536134104386,262.0561394884234,369.14605379781034,0.13858886614696947,0.009166666666666667,0.009376736111111112,0.15713226892474724,2.4028677310752533,0.9508961659610164,232.4493377685547,0.0,0.0,232.4493377685547,360.1493377685547,2768.5954034835777,210.1493377685547,30.0,452.68536134104386,0.0,1,N01_M010_G02,N01_M010_G02,N01,M010,4289.15625,4319.84375,30.6875,11.548412908572345,0.0
E52_575c4f100493de938643a13d,1.1744717842669274,2.099203328999508,1.1744717842669274,470.05405043895155,518.0123847895375,652.3580947743875,0.259560220504969,0.009166666666666667,0.009376736111111112,0.2781036232827468,2.2818963767172535,0.9130926177241416,575.5000122070312,0.0,0.0,575.5000122070312,703.2000122070312,4892.685710807907,437.3766174316406,30.0,680.0540504389515,0.0,1,N01_M010_G02,N01_M010_G02,N01,M010,4289.15625,4319.84375,30.6875,1.1744717842669274,0.0
E52_60b0dc656c777ee2cc2279b1,2.461841096597226,0.21315146591224732,0.21315146591224732,563.4362729251038,615.9641949832094,811.705013501575,0.3153381258454166,0.009166666666666667,0.009376736111111112,0.33388152862319437,2.226118471376806,0.8956620223052518,630.3350646972656,0.0,0.0,630.3350646972656,758.0350646972656,6087.787601261813,495.9024353027344,30.0,773.4362729251038,0.0,1,N01_M010_G02,N01_M010_G02,N01,M010,4289.15625,4319.84375,30.6875,0.21315146591224732,0.0
E52_60b76d98beea93305f35c25d,11.720243653998963,16.79058398580294,11.720243653998963,271.8613885249859,299.0873836523459,380.3668062858116,0.15055421784231732,0.009166666666666667,0.009376736111111112,0.1690976206200951,2.3909023793799054,0.9471569935562203,326.7119415283203,0.0,0.0,326.7119415283203,454.4119415283203,2852.751047143587,241.2421875,30.0,481.8613885249859,0.0,1,N01_M010_G02,N01_M010_G02,N01,M010,4289.15625,4319.84375,30.6875,11.720243653998963,0.0
E52_67646c2afbeb5602853e5a9c,3.096227387911995,12.927232110573698,3.096227387911995,404.7739001975914,440.6423679099937,594.3369941207687,0.22812669469116229,0.009166666666666667,0.009376736111111112,0.24667009746894006,2.3133299025310605,0.9229155945409562,430.42161254882814,0.0,0.0,430.42161254882814,558.1216125488281,4457.527455905765,308.1216125488281,30.0,614.7739001975914,0.0,1,N01_M010_G02,N01_M010_G02,N01,M010,4289.15625,4319.84375,30.6875,3.096227387911995,0.0
E52_68694062ed2e2e792aeb51a9,8.407784656398022,17.695890544520793,8.407784656398022,262.3147609906027,292.8212075746684,341.5908424768108,0.1416674545099547,0.009166666666666667,0.009376736111111112,0.16021085728773246,2.399789142712268,0.9499341070975836,366.0773590087891,0.0,0.0,366.0773590087891,493.77735900878906,2561.931318576081,213.8477783203125,30.0,472.3147609906027,0.0,1,N01_M010_G02,N01_M010_G02,N01,M010,4289.15625,4319.84375,30.6875,8.407784656398022,0.0
E52_6aa461eda22a4c53e6730e81,7.034835701278141,6.478254834226846,6.478254834226846,265.89885796308323,288.44260847170955,395.1560268799425,0.15049315106948455,0.009166666666666667,0.009376736111111112,0.16903655384726232,2.390963446152738,0.9471760769227305,271.70716552734376,1.182159423828125,1.182159423828125,271.70716552734376,399.40716552734375,2963.670201599569,349.40716552734375,30.0,475.89885796308323,0.0,1,N01_M010_G02,N01_M010_G02,N01,M010,4289.15625,4319.84375,30.6875,6.478254834226846,0.0
E52_6dc095df8eb6475486134b5c,3.6020234667585953,12.905188948092743,3.6020234667585953,424.06014837873875,466.2734748964797,594.8403376510322,0.23505698741925235,0.009166666666666667,0.009376736111111112,0.2536003901970301,2.30639960980297,0.9207498780634281,506.55991821289064,0.0,0.0,506.55991821289064,634.2599182128906,4461.302532382741,440.2059631347656,30.0,634.0601483787387,0.0,1,N01_M010_G02,N01_M010_G02,N01,M010,4289.15625,4319.84375,30.6875,3.6020234667585953,0.0
E52_73baea82bbbffa2db9d7426a,7.84603858679769,5.711384152670419,5.711384152670419,297.3854850658978,324.64222792478455,431.2305129784753,0.16683515196021612,0.009166666666666667,0.009376736111111112,0.1853785547379939,2.3746214452620067,0.9420692016443769,327.08091430664064,0.0,0.0,327.08091430664064,454.7809143066406,3234.2288473385647,335.390380859375,30.0,507.3854850658978,0.0,1,N01_M010_G02,N01_M010_G02,N01,M010,4289.15625,4319.84375,30.6875,5.711384152670419,0.0
E52_74b3fb0a4920873efc33101b,5.948252814058151,6.525083879148042,5.948252814058151,262.62709924858126,284.6552425591281,393.08533863388124,0.14907135286228057,0.009166666666666667,0.009376736111111112,0.16761475564005834,2.392385244359942,0.9476203888624818,264.3377197265625,0.0,0.0,264.3377197265625,392.0377197265625,2948.1400397541092,295.61395263671875,30.0,472.62709924858126,0.0,1,N01_M010_G02,N01_M010_G02,N01,M010,4289.15625,4319.84375,30.6875,5.948252814058151,0.0
E52_7547086a1218012670f76a62,11.975449247024343,2.277872015791573,2.277872015791573,375.1797445493145,391.65409045589,642.7455049270795,0.22423479709031385,0.009166666666666667,0.009376736111111112,0.24277819986809163,2.3172218001319087,0.9241318125412213,205.20750122070314,7.515350341796875,7.515350341796875,205.20750122070314,332.9075012207031,4820.591286953097,282.9075012207031,30.0,585.1797445493145,0.0,1,N01_M010_G02,N01_M010_G02,N01,M010,4289.15625,4319.84375,30.6875,2.277872015791573,0.0
E52_76b4f0bdabd1ccab126282dd,11.151502068062626,17.180198899819032,11.151502068062626,244.7670432960008,265.6078646257534,364.489158613486,0.13866967590706417,0.009166666666666667,0.009376736111111112,0.15721307868484194,2.4027869213151587,0.9508709129109869,250.08985595703126,0.0,0.0,250.08985595703126,377.78985595703125,2733.6686896011447,241.2421875,30.0,454.7670432960008,0.0,1,N01_M010_G02,N01_M010_G02,N01,M010,4289.15625,4319.84375,30.6875,11.151502068062626,0.0
E52_7dc5542bb1ad046741692f59,8.33084527878053,15.630401191468053,8.33084527878053,333.52010664670297,372.50493279823297,433.1312563842263,0.17995534493942492,0.009166666666666667,0.009376736111111112,0.1984987477172027,2.361501252282798,0.9379691413383742,467.8179138183594,0.0,0.0,467.8179138183594,595.5179138183594,3248.484422881697,322.1230773925781,30.0,543.520106646703,0.0,1,N01_M010_G02,N01_M010_G02,N01,M010,4289.15625,4319.84375,30.6875,8.33084527878053,0.0
E52_7e5f4a4eaf9aa5b10576997a,12.913546809918714,13.086620585622072,12.913546809918714,384.11958913832314,414.7999833745699,584.1568128591658,0.21933939564120059,0.009166666666666667,0.009376736111111112,0.23788279841897836,2.322117201581022,0.9256616254940693,368.16473083496095,0.0,0.0,368.16473083496095,495.86473083496094,4381.1760964437435,251.37640380859375,30.0,594.1195891383231,0.0,1,N01_M010_G02,N01_M010_G02,N01,M010,4289.15625,4319.84375,30.6875,12.913546809918714,0.0
E52_82c821a5773d0bfbe554f10a,8.083077875508948,11.397135806608844,8.083077875508948,512.9354114719376,566.0737563002253,707.0407539741487,0.2825549862639304,0.009166666666666667,0.009376736111111112,0.30109838904170816,2.2589016109582922,0.9059067534244662,637.6601379394531,0.0,0.0,637.6601379394531,765.3601379394531,5302.805654806116,465.3601379394531,30.0,722.9354114719376,0.0,1,N01_M010_G02,N01_M010_G02,N01,M010,4289.15625,4319.84375,30.6875,8.083077875508948,0.0
E52_831cee7e7a3a549796e42b18,7.954646739414883,10.042846261792022,7.954646739414883,524.445203057942,560.9167693217765,830.061008532876,0.3040708837654974,0.009166666666666667,0.009376736111111112,0.3226142865432752,2.2373857134567254,0.8991830354552265,437.65879516601564,0.0,0.0,437.65879516601564,565.3587951660156,6225.457563996571,359.5916748046875,30.0,734.445203057942,0.0,1,N01_M010_G02,N01_M010_G02,N01,M010,4289.15625,4319.84375,30.6875,7.954646739414883,0.0
E52_88c1c7aba1fcf94c58dad20e,7.24929599216145,9.497510042154289,7.24929599216145,536.2789293194231,567.6117931906797,884.5606754113072,0.3159978782232965,0.009166666666666667,0.009376736111111112,0.3345412810010743,2.2254587189989263,0.8954558496871643,375.99436645507814,0.0,0.0,375.99436645507814,503.6943664550781,6634.205065584804,329.6845703125,30.0,746.2789293194231,0.0,1,N01_M010_G02,N01_M010_G02,N01,M010,4289.15625,4319.84375,30.6875,7.24929599216145,0.0
E52_8ca7795ffa642a3b129c0a3d,7.809919934674497,15.730152054416479,7.809919934674497,330.94608252023,369.9122522589995,428.0951466078428,0.17832668261553564,0.009166666666666667,0.009376736111111112,0.1968700853933134,2.363129914606687,0.9384780983145895,467.5940368652344,0.0,0.0,467.5940368652344,595.2940368652344,3210.713599558821,335.390380859375,30.0,540.94608252023,0.0,1,N01_M010_G02,N01_M010_G02,N01,M010,4289.15625,4319.84375,30.6875,7.809919934674497,0.0
E52_8d375985c45fff9288668cb3,3.1625855433362915,16.222123863058812,3.1625855433362915,353.99602207193686,405.21742048909175,400.663653640944,0.182639281392285,0.009166666666666667,0.009376736111111112,0.20118268417006277,2.358817315829938,0.9371304111968554,614.6567810058593,0.0,0.0,614.6567810058593,742.3567810058594,3004.97740230708,442.3567810058594,30.0,563.9960220719369,0.0,1,N01_M010_G02,N01_M010_G02,N01,M010,4289.15625,4319.84375,30.6875,3.1625855433362915,0.0
E52_9026ce0d2a5dd9a75ef73c8e,6.087540675845446,6.720084116703532,6.087540675845446,248.6739065082912,267.42831222931983,384.70630707582717,0.14291941710941022,0.009166666666666667,0.009376736111111112,0.161462819887188,2.3985371801128124,0.9495428687852537,225.15150146484376,0.0986328125,0.0986328125,225.15150146484376,352.85150146484375,2885.297303068704,302.85150146484375,30.0,458.6739065082912,0.0,1,N01_M010_G02,N01_M010_G02,N01,M010,4289.15625,4319.84375,30.6875,6.087540675845446,0.0
E52_924cec2d58c933358893a332,11.194331159481607,12.302862284422105,11.194331159481607,416.670444788364,448.9844576972996,639.4568121231148,0.23874762537865796,0.009166666666666667,0.009376736111111112,0.25729102815643573,2.3027089718435647,0.9195965537011138,387.7681549072266,0.0,0.0,387.7681549072266,515.4681549072266,4795.926090923361,252.644287109375,30.0,626.670444788364,0.0,1,N01_M010_G02,N01_M010_G02,N01,M010,4289.15625,4319.84375,30.6875,11.194331159481607,0.0
E52_96da4f081c74d8211b4b244f,12.17038677891081,12.47027426673894,12.17038677891081,406.4445801679392,437.368205859671,627.3474061854878,0.23339590098708082,0.009166666666666667,0.009376736111111112,0.25193930376485857,2.3080606962351418,0.9212689675734818,371.08350830078126,0.0,0.0,371.08350830078126,498.78350830078125,4705.105546391158,251.37640380859375,30.0,616.4445801679392,0.0,1,N01_M010_G02,N01_M010_G02,N01,M010,4289.15625,4319.84375,30.6875,12.17038677891081,0.0
E52_a1af1f4ab7d520e82e20be53,3.4785166924781237,0.45430012492889205,0.45430012492889205,547.7224457312177,598.7128286250978,789.5025940991541,0.30660524396013417,0.009166666666666667,0.009376736111111112,0.32514864673791194,2.2348513532620884,0.8983910478944025,611.8845947265625,0.0,0.0,611.8845947265625,739.5845947265625,5921.269455743655,499.0620422363281,30.0,757.7224457312177,0.0,1,N01_M010_G02,N01_M010_G02,N01,M010,4289.15625,4319.84375,30.6875,0.45430012492889205,0.0
E52_a3836b1674b2d70f748125c1,9.7902828911554,18.388582284998307,9.7902828911554,238.77143733771516,265.74771093797557,315.68523307386783,0.1296256139323784,0.009166666666666667,0.009376736111111112,0.14816901671015617,2.4118309832898444,0.9536971822780762,323.715283203125,0.0,0.0,323.715283203125,451.415283203125,2367.639248054009,217.29420471191406,30.0,448.77143733771516,0.0,1,N01_M010_G02,N01_M010_G02,N01,M010,4289.15625,4319.84375,30.6875,9.7902828911554,0.0
E52_a77602565c04dca5831f9b7a,7.961650801014713,15.758600383852013,7.961650801014713,295.3505394617105,322.31471665694164,428.9160157520343,0.16578365241547813,0.009166666666666667,0.009376736111111112,0.1843270551932559,2.3756729448067446,0.9423977952521075,323.57012634277345,0.0,0.0,323.57012634277345,451.27012634277344,3216.870118140257,284.58648681640625,30.0,505.3505394617105,0.0,1,N01_M010_G02,N01_M010_G02,N01,M010,4289.15625,4319.84375,30.6875,7.961650801014713,0.0
E52_aaa387ee3ee3170bd804334d,1.354325320256521,18.409477866986336,1.354325320256521,263.5215778829557,299.2286101502083,312.8009621623957,0.13801933350380158,0.009166666666666667,0.009376736111111112,0.15656273628157935,2.403437263718421,0.9510741449120065,428.48438720703126,0.0,0.0,428.48438720703126,556.1843872070312,2346.0072162179677,386.9435729980469,30.0,473.5215778829557,0.0,1,N01_M010_G02,N01_M010_G02,N01,M010,4289.15625,4319.84375,30.6875,1.354325320256521,0.0
E52_afb1e3673ff3adbe9c45b8fc,5.827722533454903,6.956106286850726,5.827722533454903,250.21040235058808,271.27175132926646,374.0527108291059,0.1419599864782851,0.009166666666666667,0.009376736111111112,0.16050338925606286,2.3994966107439377,0.9498426908574804,252.73618774414064,0.0,0.0,252.73618774414064,380.4361877441406,2805.395331218294,291.6474609375,30.0,460.2104023505881,0.0,1,N01_M010_G02,N01_M010_G02,N01,M010,4289.15625,4319.84375,30.6875,5.827722533454903,0.0
E52_b4122a9095172602242b40e3,3.090446634088522,12.917805218005896,3.090446634088522,417.2739001975914,457.30903457666045,594.3369941207687,0.23257222468730426,0.009166666666666667,0.009376736111111112,0.25111562746508204,2.3088843725349184,0.9215263664171619,480.42161254882814,0.0,0.0,480.42161254882814,608.1216125488281,4457.527455905765,308.1216125488281,30.0,627.2739001975914,0.0,1,N01_M010_G02,N01_M010_G02,N01,M010,4289.15625,4319.84375,30.6875,3.090446634088522,0.0
E52_b45db00398315637fb020e5f,1.3930843464889051,10.742298629097064,1.3930843464889051,520.0993036420956,566.0861185224667,764.2777180019647,0.2932088546230577,0.009166666666666667,0.009376736111111112,0.31175225740083545,2.248247742599165,0.9025774195622389,551.8417785644531,0.0,0.0,551.8417785644531,679.5417785644531,5732.082885014735,386.71868896484375,30.0,730.0993036420956,0.0,1,N01_M010_G02,N01_M010_G02,N01,M010,4289.15625,4319.84375,30.6875,1.3930843464889051,0.0
E52_b544b4d7beda1d6ed7fbeefb,7.638167454504739,16.252686834440453,7.638167454504739,293.91354735972715,324.49113296153376,404.3615811086144,0.16179511839250177,0.009166666666666667,0.009376736111111112,0.18033852117027954,2.379661478829721,0.9436442121342876,366.9310272216797,0.0,0.0,366.9310272216797,494.6310272216797,3032.711858314608,277.91845703125,30.0,503.91354735972715,0.0,1,N01_M010_G02,N01_M010_G02,N01,M010,4289.15625,4319.84375,30.6875,7.638167454504739,0.0
E52_b60e4d2a4cdcd5801a5d757f,7.429346296744711,16.480566458341656,7.429346296744711,308.26023760270465,345.626388522301,392.32356968783114,0.16519254750221457,0.009166666666666667,0.009376736111111112,0.18373595027999234,2.376264049720008,0.9425825155375024,448.39381103515626,0.0,0.0,448.39381103515626,576.0938110351562,2942.4267726587336,326.2397766113281,30.0,518.2602376027046,0.0,1,N01_M010_G02,N01_M010_G02,N01,M010,4289.15625,4319.84375,30.6875,7.429346296744711,0.0
E52_b677873645e212a13901ede2,1.3473618909326035,9.230718628911887,1.3473618909326035,575.9444140089429,616.0268887810784,911.3939793850733,0.3339048259552679,0.009166666666666667,0.009376736111111112,0.35244822873304565,2.207551771266955,0.8898599285209232,480.989697265625,0.0,0.0,480.989697265625,608.689697265625,6835.45484538805,390.98822021484375,30.0,785.9444140089429,0.0,1,N01_M010_G02,N01_M010_G02,N01,M010,4289.15625,4319.84375,30.6875,1.3473618909326035,0.0
E52_b6789310c1ab16898a769b78,16.615073137298623,2.625622464396969,2.625622464396969,372.38145547243056,389.4038741939475,617.4514627840539,0.21924054354678854,0.009166666666666667,0.009376736111111112,0.23778394632456631,2.3222160536754344,0.925692516773573,225.84925537109376,21.580230712890625,21.580230712890625,225.84925537109376,353.54925537109375,4630.885970880404,303.54925537109375,30.0,582.3814554724306,0.0,1,N01_M010_G02,N01_M010_G02,N01,M010,4289.15625,4319.84375,30.6875,2.625622464396969,0.0
E52_b7c433bb400c5a28313b13f0,7.938882216812971,16.00220965111248,7.938882216812971,270.63016208552887,291.2047849391259,417.8125870494757,0.1554195344851095,0.009166666666666667,0.009376736111111112,0.17396293726288728,2.3860370627371132,0.9456365821053477,246.89547424316407,0.0,0.0,246.89547424316407,374.59547424316406,3133.594402871068,284.58648681640625,30.0,480.63016208552887,0.0,1,N01_M010_G02,N01_M010_G02,N01,M010,4289.15625,4319.84375,30.6875,7.938882216812971,0.0
E52_b8aeee13ee5f313ffdb298e7,2.433508843037373,0.32052137756616617,0.32052137756616617,550.9628084392909,600.9445446860357,802.0351993981131,0.309532562555218,0.009166666666666667,0.009376736111111112,0.32807596533299577,2.2319240346670046,0.8974762608334388,599.7808349609375,0.0,0.0,599.7808349609375,727.4808349609375,6015.263995485849,488.552978515625,30.0,760.9628084392909,0.0,1,N01_M010_G02,N01_M010_G02,N01,M010,4289.15625,4319.84375,30.6875,0.32052137756616617,0.0
E52_be69bdf55826f2eb34075d09,11.84047021432535,12.029424972929434,11.84047021432535,457.6877788138426,500.48965717077624,658.5642874860837,0.25604119113741575,0.009166666666666667,0.009376736111111112,0.2745845939151935,2.285415406084807,0.9141923144015021,513.6225402832031,0.0,0.0,513.6225402832031,641.3225402832031,4939.232156145627,341.3225402832031,30.0,667.6877788138427,0.0,1,N01_M010_G02,N01_M010_G02,N01,M010,4289.15625,4319.84375,30.6875,11.84047021432535,0.0
E52_bfffb2993ede6e2e2bd9340b,17.592402881814806,13.053008949478723,13.053008949478723,400.85355156655817,436.85476820067277,585.6998033284289,0.22550922551216515,0.009166666666666667,0.009376736111111112,0.24405262828994292,2.3159473717100574,0.9237335536593928,432.014599609375,0.0,0.0,432.014599609375,559.714599609375,4392.748524963216,275.29461669921875,30.0,610.8535515665582,0.0,1,N01_M010_G02,N01_M010_G02,N01,M010,4289.15625,4319.84375,30.6875,13.053008949478723,0.0
E52_c0294c7ff44d44fc4ede8d97,7.109510184791191,16.7256600789149,7.109510184791191,316.70783025924425,358.9570632507807,379.92026256926977,0.16644027302831577,0.009166666666666667,0.009376736111111112,0.18498367580609354,2.375016324193907,0.9421926013105958,506.9907958984375,0.0,0.0,506.9907958984375,634.6907958984375,2849.4019692695233,334.6907958984375,30.0,526.7078302592442,0.0,1,N01_M010_G02,N01_M010_G02,N01,M010,4289.15625,4319.84375,30.6875,7.109510184791191,0.0
E52_c10a50247c57c0340b451298,3.3549208202482674,3.1495087650690863,3.1495087650690863,410.4813485396202,450.8988478275434,578.4577013517014,0.22790762835174688,0.009166666666666667,0.009376736111111112,0.24645103112952466,2.313548968870476,0.9229840527720236,485.00999145507814,0.0,0.0,485.00999145507814,612.7099914550781,4338.432760137761,515.4917602539062,30.0,620.4813485396203,0.0,1,N01_M010_G02,N01_M010_G02,N01,M010,4289.15625,4319.84375,30.6875,3.1495087650690863,0.0
E52_c515ea57360fd29f9add62f7,1.4449452207380347,10.649906727109496,1.4449452207380347,525.5980011021792,572.0554631586571,772.4512298654912,0.29632198385281766,0.009166666666666667,0.009376736111111112,0.31486538663059543,2.2451346133694052,0.901604566677939,557.4895446777343,0.0,0.0,557.4895446777343,685.1895446777344,5793.384223991184,393.3172912597656,30.0,735.5980011021792,0.0,1,N01_M010_G02,N01_M010_G02,N01,M010,4289.15625,4319.84375,30.6875,1.4449452207380347,0.0
E52_c76d93c5902d0dc017f7065c,7.696687786201977,16.05706218628906,7.696687786201977,260.86241804033426,278.57034040361555,415.47730190098105,0.1516149798935124,0.009166666666666667,0.009376736111111112,0.1701583826712902,2.3898416173287105,0.9468255054152218,212.495068359375,0.0,0.0,212.495068359375,340.195068359375,3116.079764257358,277.91845703125,30.0,470.86241804033426,0.0,1,N01_M010_G02,N01_M010_G02,N01,M010,4289.15625,4319.84375,30.6875,7.696687786201977,0.0
E52_c98d1e580ba9a8920eeacbdb,7.698338812427721,9.995636820319618,7.698338812427721,531.3190315479533,569.3529452238973,834.4345810402425,0.30713490815373307,0.009166666666666667,0.009376736111111112,0.32567831093151084,2.23432168906849,0.8982255278339029,456.40696411132814,0.0,0.0,456.40696411132814,584.1069641113281,6258.259357801819,362.73199462890625,30.0,741.3190315479533,0.0,1,N01_M010_G02,N01_M010_G02,N01,M010,4289.15625,4319.84375,30.6875,7.698338812427721,0.0
E52_cdef0b479e00ae29ebd83132,4.23840511893961,10.01648148125875,4.23840511893961,520.0071121141804,554.5433095222207,832.7970397801186,0.3028799960747676,0.009166666666666667,0.009376736111111112,0.3214233988525454,2.238576601147455,0.8995551878585796,414.4343688964844,0.0,0.0,414.4343688964844,542.1343688964844,6245.977798350889,297.6476745605469,30.0,730.0071121141804,0.0,1,N01_M010_G02,N01_M010_G02,N01,M010,4289.15625,4319.84375,30.6875,4.23840511893961,0.0
E52_d1d4424e0dfaa7a0ce62d445,6.5572190780077335,12.872868339328704,6.5572190780077335,402.0751033963921,436.37951216917855,598.3237541560654,0.22773150601213982,0.009166666666666667,0.009376736111111112,0.2462749087899176,2.313725091210083,0.9230390910031507,411.6529052734375,0.0,0.0,411.6529052734375,539.3529052734375,4487.428156170491,269.83203125,30.0,612.075103396392,0.0,1,N01_M010_G02,N01_M010_G02,N01,M010,4289.15625,4319.84375,30.6875,6.5572190780077335,0.0
E52_d22cbe82615c6d2ee0ebf49f,7.779462178575528,15.758568264926964,7.779462178575528,318.17309843891866,352.9726015110215,427.5491784452201,0.1737067461230003,0.009166666666666667,0.009376736111111112,0.19225014890077807,2.3677498510992225,0.9399218284685068,417.5940368652344,0.0,0.0,417.5940368652344,545.2940368652344,3206.618838339151,335.390380859375,30.0,528.1730984389187,0.0,1,N01_M010_G02,N01_M010_G02,N01,M010,4289.15625,4319.84375,30.6875,7.779462178575528,0.0
E52_d3460088443e86b69235cf2f,8.971057721097168,10.110906533633653,8.971057721097168,520.9986937965015,557.4049117530444,823.5600798537452,0.3019244763287566,0.009166666666666667,0.009376736111111112,0.32046787910653435,2.239532120893466,0.899853787779208,436.87461547851564,0.0,0.0,436.87461547851564,564.5746154785156,6176.700598903089,281.75616455078125,30.0,730.9986937965015,0.0,1,N01_M010_G02,N01_M010_G02,N01,M010,4289.15625,4319.84375,30.6875,8.971057721097168,0.0
E52_d6d1511afdebb88632549a71,3.9080318478584957,16.177909036830457,3.9080318478584957,342.76879390848103,389.67749650450963,404.08537224079015,0.1791309979165653,0.009166666666666667,0.009376736111111112,0.19767440069434308,2.3623255993056573,0.9382267497830178,562.9044311523437,0.0,0.0,562.9044311523437,690.6044311523438,3030.640291805926,390.60443115234375,30.0,552.768793908481,0.0,1,N01_M010_G02,N01_M010_G02,N01,M010,4289.15625,4319.84375,30.6875,3.9080318478584957,0.0
E52_d7f1f5d49edaa9f52000c452,13.539178538897318,12.917919470378578,12.917919470378578,397.7633482290822,431.12867517406926,595.3347347882426,0.22577474843651651,0.009166666666666667,0.009376736111111112,0.2443181512142943,2.3156818487857063,0.923650577745533,400.38392333984376,0.0,0.0,400.38392333984376,528.0839233398438,4465.010510911819,278.08392333984375,30.0,607.7633482290822,0.0,1,N01_M010_G02,N01_M010_G02,N01,M010,4289.15625,4319.84375,30.6875,12.917919470378578,0.0
E52_da1eeef61bb4fffd90feecd9,3.5998445735431517,11.577048041656667,3.5998445735431517,464.4321692173844,503.4661769891943,694.6602918039094,0.2635518155735283,0.009166666666666667,0.009376736111111112,0.2820952183513061,2.2779047816486946,0.9118452442652168,468.40809326171876,0.0,0.0,468.40809326171876,596.1080932617188,5209.952188529321,322.9142761230469,30.0,674.4321692173844,0.0,1,N01_M010_G02,N01_M010_G02,N01,M010,4289.15625,4319.84375,30.6875,3.5998445735431517,0.0
E52_da487d3b8a0906fb4529d12f,8.966607830079937,15.138353346482333,8.966607830079937,331.4673547495513,365.316990573119,459.8368945576963,0.18300743845595838,0.009166666666666667,0.009376736111111112,0.20155084123373615,2.3584491587662644,0.9370153621144575,406.1956298828125,0.0,0.0,406.1956298828125,533.8956298828125,3448.7767091827222,283.8956298828125,30.0,541.4673547495513,0.0,1,N01_M010_G02,N01_M010_G02,N01,M010,4289.15625,4319.84375,30.6875,8.966607830079937,0.0
E52_dbe1bedc9b83d29f34556dbd,12.213235910261645,13.016499113861627,12.213235910261645,387.86022911882606,419.0031732004504,588.862793747906,0.22133620210273125,0.009166666666666667,0.009376736111111112,0.23987960488050902,2.3201203951194915,0.925037623474841,373.7153289794922,0.0,0.0,373.7153289794922,501.4153289794922,4416.470953109295,233.02317810058594,30.0,597.860229118826,0.0,1,N01_M010_G02,N01_M010_G02,N01,M010,4289.15625,4319.84375,30.6875,12.213235910261645,0.0
E52_dbec4f1422e98765afb262aa,6.306731790403205,16.38523852602286,6.306731790403205,322.5402116809159,364.1002534899979,395.72017250733956,0.1707521496628321,0.009166666666666667,0.009376736111111112,0.18929555244060986,2.370704447559391,0.9408451398623094,498.7205017089844,0.0,0.0,498.7205017089844,626.4205017089844,2967.901293805047,326.4205017089844,30.0,532.540211680916,0.0,1,N01_M010_G02,N01_M010_G02,N01,M010,4289.15625,4319.84375,30.6875,6.306731790403205,0.0
E52_dc4c132291b7b9525a26c82f,7.656137647394345,16.290878065555617,7.656137647394345,256.41354735972715,274.49113296153376,404.3615811086144,0.14845852840407586,0.009166666666666667,0.009376736111111112,0.16700193118185364,2.3929980688181467,0.9478118965056708,216.9310272216797,0.0,0.0,216.9310272216797,344.6310272216797,3032.711858314608,277.91845703125,30.0,466.41354735972715,0.0,1,N01_M010_G02,N01_M010_G02,N01,M010,4289.15625,4319.84375,30.6875,7.656137647394345,0.0
E52_dd12fb0cc4aee52816704b73,3.250563809602326,0.5498680641518376,0.5498680641518376,547.6210002825783,600.0718247658139,780.5370536657424,0.3052994367315811,0.009166666666666667,0.009376736111111112,0.3238428395093589,2.2361571604906416,0.8987991126533253,629.4098937988281,0.0,0.0,629.4098937988281,757.1098937988281,5854.027902493068,543.108642578125,30.0,757.6210002825783,0.0,1,N01_M010_G02,N01_M010_G02,N01,M010,4289.15625,4319.84375,30.6875,0.5498680641518376,0.0
E52_de2c36302e014a6d0284c896,7.473330930341376,15.994052628622484,7.473330930341376,325.41177480357015,364.7238282296769,414.95122905049965,0.1744969638873427,0.009166666666666667,0.009376736111111112,0.19304036666512048,2.36695963333488,0.9396748854171498,471.74464111328126,0.0,0.0,471.74464111328126,599.4446411132812,3112.134217878747,326.2397766113281,30.0,535.4117748035701,0.0,1,N01_M010_G02,N01_M010_G02,N01,M010,4289.15625,4319.84375,30.6875,7.473330930341376,0.0
E52_e0325aad0b87e7c07e10fc2c,7.565700498233824,5.987785159048158,5.987785159048158,275.1983248954777,294.96932963587483,418.60161500091635,0.15682137892336617,0.009166666666666667,0.009376736111111112,0.17536478170114395,2.3846352182988566,0.9451985057183925,248.53977661132814,11.2877197265625,11.2877197265625,248.53977661132814,376.2397766113281,3139.5121125068727,326.2397766113281,30.0,485.1983248954777,0.0,1,N01_M010_G02,N01_M010_G02,N01,M010,4289.15625,4319.84375,30.6875,5.987785159048158,0.0
E52_e0cd6bab1a22c4530d9a254c,6.3482257547065615,6.471069764274475,6.3482257547065615,260.0402116809159,280.7669201566646,395.72017250733956,0.14852449968212222,0.009166666666666667,0.009376736111111112,0.1670679024599,2.3929320975401005,0.9477912804812813,248.7205017089844,0.0,0.0,248.7205017089844,376.4205017089844,2967.901293805047,326.4205017089844,30.0,470.0402116809159,0.0,1,N01_M010_G02,N01_M010_G02,N01,M010,4289.15625,4319.84375,30.6875,6.3482257547065615,0.0
E52_ea76d341ab82f2ebc1fa1efe,7.516272311123316,6.056283714240493,6.056283714240493,275.41177480357015,298.05716156301025,414.95122905049965,0.15671484390277482,0.009166666666666667,0.009376736111111112,0.1752582466805526,2.3847417533194477,0.9452317979123274,271.74464111328126,0.0,0.0,271.74464111328126,399.44464111328125,3112.134217878747,326.2397766113281,30.0,485.41177480357015,0.0,1,N01_M010_G02,N01_M010_G02,N01,M010,4289.15625,4319.84375,30.6875,6.056283714240493,0.0
E52_eab18c460278cfbad2c20da0,8.428463324749401,7.760329046990023,7.760329046990023,212.31476099060268,226.15454090800176,341.5908424768108,0.12388533452538679,0.009166666666666667,0.009376736111111112,0.14242873730316458,2.417571262696836,0.9554910195927611,166.07735900878907,0.0,0.0,166.07735900878907,293.77735900878906,2561.931318576081,213.8477783203125,30.0,422.3147609906027,0.0,1,N01_M010_G02,N01_M010_G02,N01,M010,4289.15625,4319.84375,30.6875,7.760329046990023,0.0
E52_eb490529b308e18523949520,10.64560984130918,12.235001379754962,10.64560984130918,417.9327582223269,449.8180932544721,644.5535062517828,0.23991836791670462,0.009166666666666667,0.009376736111111112,0.2584617706944824,2.301538229305518,0.9192306966579743,382.6240203857422,0.0,0.0,382.6240203857422,510.3240203857422,4834.151296888371,255.67149353027344,30.0,627.9327582223269,0.0,1,N01_M010_G02,N01_M010_G02,N01,M010,4289.15625,4319.84375,30.6875,10.64560984130918,0.0
E52_eddf192c3626d88d236d26e4,9.201905250343316,17.034187922993553,9.201905250343316,241.72684180786888,260.473536754158,370.9735139380034,0.13850678679446915,0.009166666666666667,0.009376736111111112,0.15705018957224692,2.402949810427754,0.9509218157586729,224.96033935546876,0.0,0.0,224.96033935546876,352.66033935546875,2782.3013545350254,199.07135009765625,30.0,451.7268418078689,0.0,1,N01_M010_G02,N01_M010_G02,N01,M010,4289.15625,4319.84375,30.6875,9.201905250343316,0.0
E52_ede4029bd5e695a7a0c85289,13.58348923457703,12.925612211179384,12.925612211179384,385.2633482290822,414.4620085074026,595.3347347882426,0.22132921844037454,0.009166666666666667,0.009376736111111112,0.2398726212181523,2.3201273787818484,0.9250398058693274,350.38392333984376,0.0,0.0,350.38392333984376,478.08392333984375,4465.010510911819,278.08392333984375,30.0,595.2633482290822,0.0,1,N01_M010_G02,N01_M010_G02,N01,M010,4289.15625,4319.84375,30.6875,12.925612211179384,0.0
E52_ef8fa59407d07a2296b5f591,5.503330865683836,0.3151276047193221,0.3151276047193221,505.85939793409244,540.3898465933535,804.5361039126185,0.29384606362066074,0.009166666666666667,0.009376736111111112,0.3123894663984385,2.247610533601562,0.902378291750488,414.3653839111328,0.0,0.0,414.3653839111328,542.0653839111328,6034.020779344639,284.8677062988281,30.0,715.8593979340924,0.0,1,N01_M010_G02,N01_M010_G02,N01,M010,4289.15625,4319.84375,30.6875,0.3151276047193221,0.0
E52_f2fabdd802684ffd17ed2273,5.818938201762535,16.925225818485302,5.818938201762535,275.2104023505881,304.60508466259984,374.0527108291059,0.15085104647056902,0.009166666666666667,0.009376736111111112,0.1693944492483468,2.390605550751654,0.9470642346098916,352.73618774414064,0.0,0.0,352.73618774414064,480.4361877441406,2805.395331218294,291.6474609375,30.0,485.2104023505881,0.0,1,N01_M010_G02,N01_M010_G02,N01,M010,4289.15625,4319.84375,30.6875,5.818938201762535,0.0
E52_fd527d975e1813662620f82c,12.418331054002493,12.45056667278017,12.418331054002493,418.2192341110554,452.9085204066283,628.3027504486734,0.23771876612520712,0.009166666666666667,0.009376736111111112,0.25626216890298487,2.3037378310970156,0.9199180722178173,416.271435546875,0.0,0.0,416.271435546875,543.971435546875,4712.2706283650505,307.606201171875,30.0,628.2192341110554,0.0,1,N01_M010_G02,N01_M010_G02,N01,M010,4289.15625,4319.84375,30.6875,12.418331054002493,0.0
E52_fe6c7b852578a086d3069b9b,8.382021624100076,5.686957833294301,5.686957833294301,283.52010664670297,305.8382661315663,433.1312563842263,0.16217322495485703,0.009166666666666667,0.009376736111111112,0.1807166277326348,2.379283372267366,0.9435260538335516,267.8179138183594,0.0,0.0,267.8179138183594,395.5179138183594,3248.484422881697,322.1230773925781,30.0,493.52010664670297,0.0,1,N01_M010_G02,N01_M010_G02,N01,M010,4289.15625,4319.84375,30.6875,5.686957833294301,0.0
E52_01234cac2d25748209cb57e8,0.26213508438353017,5.963634638729843,0.26213508438353017,279.2236617812399,298.99466652163704,419.772700963196,0.15824405002114064,0.009166666666666667,0.12212673611111113,0.2895374527989184,2.270462547201082,0.909519546000338,254.4365661621094,17.18450927734375,17.18450927734375,254.4365661621094,382.1365661621094,3148.2952572239697,332.1365661621094,30.0,489.2236617812399,0.0,1,N01_M014_G00,N01_M014_G00,N01,M014,2661.6625,3061.35,399.6875,0.26213508438353017,0.0
E52_06eb0baa948af7ff52881bcf,11.34921240453653,16.258674653736037,11.34921240453653,296.7597053393259,328.36499963050426,403.88764493158146,0.16274021246714285,0.009166666666666667,0.12212673611111113,0.29403361524492067,2.26596638475508,0.9081144952359623,379.26353149414064,0.0,0.0,379.26353149414064,506.9635314941406,3029.157336986861,310.16876220703125,30.0,506.7597053393259,0.0,1,N01_M014_G00,N01_M014_G00,N01,M014,2661.6625,3061.35,399.6875,11.34921240453653,0.0
E52_0c9d91fc306062a18ada9948,10.190425106668542,15.697900697510477,10.190425106668542,331.42241999480143,370.2725110389095,429.7442937249544,0.1787296459836012,0.009166666666666667,0.12212673611111113,0.310023048761379,2.2499769512386214,0.9031177972620691,466.2010925292969,0.0,0.0,466.2010925292969,593.9010925292969,3223.082202937158,335.390380859375,30.0,541.4224199948014,0.0,1,N01_M014_G00,N01_M014_G00,N01,M014,2661.6625,3061.35,399.6875,10.190425106668542,0.0
E52_189eb019491ad876aa165071,14.62560917721207,3.8094716871601975,3.8094716871601975,403.09916814168594,448.35288467407526,534.676037089036,0.21908171065325852,0.009166666666666667,0.12212673611111113,0.35037511343103633,2.2096248865689643,0.8905077770528012,543.0445983886718,0.0,0.0,543.0445983886718,670.7445983886719,4010.07027816777,391.87322998046875,30.0,613.0991681416859,0.0,1,N01_M014_G00,N01_M014_G00,N01,M014,2661.6625,3061.35,399.6875,3.8094716871601975,0.0
E52_1eac4bbcd37cec5d48241661,0.22059627934990544,6.04580255430777,0.22059627934990544,275.66392246828667,298.30930922772677,415.4555243799327,0.1568759382441215,0.009166666666666667,0.12212673611111113,0.2881693410218993,2.271830658978101,0.9099470809306565,271.74464111328126,0.0,0.0,271.74464111328126,399.44464111328125,3115.9164328494953,326.2397766113281,30.0,485.66392246828667,0.0,1,N01_M014_G00,N01_M014_G00,N01,M014,2661.6625,3061.35,399.6875,0.22059627934990544,0.0
E52_231555d7070bcf1a0911e332,10.270015299215657,5.981962334569488,5.981962334569488,303.4113952968874,335.0249979987103,417.14117438283733,0.1669828432889251,0.009166666666666667,0.12212673611111113,0.2982762460667029,2.2617237539332975,0.9067886731041553,379.363232421875,0.0,0.0,379.363232421875,507.063232421875,3128.55880787128,326.2397766113281,30.0,513.4113952968873,0.0,1,N01_M014_G00,N01_M014_G00,N01,M014,2661.6625,3061.35,399.6875,5.981962334569488,0.0
E52_231de36c6439da832299e30f,11.086036405358143,16.451156269229884,11.086036405358143,336.2639482811268,383.1573412254627,391.1675388962379,0.1749881335365896,0.009166666666666667,0.12212673611111113,0.3062815363143674,2.253718463685633,0.9042870199017602,562.7207153320312,0.0,0.0,562.7207153320312,690.4207153320312,2933.7565417217843,390.42071533203125,30.0,546.2639482811268,0.0,1,N01_M014_G00,N01_M014_G00,N01,M014,2661.6625,3061.35,399.6875,11.086036405358143,0.0
E52_246111a1ef063bec9e89ec9e,22.41708310411812,13.03223549741864,13.03223549741864,413.11352328410356,453.07003166626504,586.4879962752384,0.22998101771643822,0.009166666666666667,0.12212673611111113,0.361274420494216,2.1987255795057843,0.8871017435955575,479.4781005859375,0.0,0.0,479.4781005859375,607.1781005859375,4398.659972064288,469.28277587890625,30.0,623.1135232841036,0.0,1,N01_M014_G00,N01_M014_G00,N01,M014,2661.6625,3061.35,399.6875,13.03223549741864,0.0
E52_27bf01e9e990859ae5993708,10.242823238504869,15.932490639468014,10.242823238504869,318.6138217216496,355.0514931287134,418.60161500091635,0.17259630304263499,0.009166666666666667,0.12212673611111113,0.30388970582041275,2.256110294179588,0.905034466931121,437.25205688476564,0.0,0.0,437.25205688476564,564.9520568847656,3139.5121125068727,326.2397766113281,30.0,528.6138217216496,0.0,1,N01_M014_G00,N01_M014_G00,N01,M014,2661.6625,3061.35,399.6875,10.242823238504869,0.0
E52_27bf1882d0e1a812c8450c72,10.928491222917913,16.18675851321828,10.928491222917913,334.03154784809436,377.9609795090644,404.48650573036844,0.17608047258726683,0.009166666666666667,0.12212673611111113,0.3073738753650446,2.252626124634956,0.9039456639484236,527.1531799316406,0.0,0.0,527.1531799316406,654.8531799316406,3033.648792977763,364.9013671875,30.0,544.0315478480943,0.0,1,N01_M014_G00,N01_M014_G00,N01,M014,2661.6625,3061.35,399.6875,10.928491222917913,0.0
E52_2d7a36258a59c18fc6a856bf,9.861556805186666,16.662039037059316,9.861556805186666,318.72117968179435,361.17160743651436,382.73979283526836,0.16755561647288383,0.009166666666666667,0.12212673611111113,0.29884901925066165,2.261150980749339,0.9066096814841682,509.40513305664064,0.0,0.0,509.40513305664064,637.1051330566406,2870.5484462645127,346.4301452636719,30.0,528.7211796817944,0.0,1,N01_M014_G00,N01_M014_G00,N01,M014,2661.6625,3061.35,399.6875,9.861556805186666,0.0
E52_347c51b45a583dd4c5a4aad0,9.606261708895559,10.359339260709504,9.606261708895559,545.8106765870443,594.6474365357748,798.6007934817058,0.3072138543106079,0.009166666666666667,0.12212673611111113,0.43850725708838567,2.121492742911615,0.8629664821598795,586.0411193847656,0.0,0.0,586.0411193847656,713.7411193847656,5989.505951112793,425.30462646484375,30.0,755.8106765870443,0.0,1,N01_M014_G00,N01_M014_G00,N01,M014,2661.6625,3061.35,399.6875,9.606261708895559,0.0
E52_3a94b6482baa2cfaba8a857d,10.380551441773832,16.425448776817632,10.380551441773832,326.01303055755295,369.111023518165,393.4381033514341,0.17166403726355467,0.009166666666666667,0.12212673611111113,0.30295744004133246,2.257042559958668,0.9053257999870836,517.1759155273437,0.0,0.0,517.1759155273437,644.8759155273438,2950.785775135756,352.4370422363281,30.0,536.013030557553,0.0,1,N01_M014_G00,N01_M014_G00,N01,M014,2661.6625,3061.35,399.6875,10.380551441773832,0.0
E52_437c6a333219b14c3939f26c,0.2912053233934415,6.0194831627628105,0.2912053233934415,277.09771274073506,296.211315442558,417.14117438283733,0.1570562493971614,0.009166666666666667,0.12212673611111113,0.2883496521749392,2.2716503478250614,0.9098907336953315,248.53977661132814,19.176544189453125,19.176544189453125,248.53977661132814,376.2397766113281,3128.55880787128,326.2397766113281,30.0,487.09771274073506,0.0,1,N01_M014_G00,N01_M014_G00,N01,M014,2661.6625,3061.35,399.6875,0.2912053233934415,0.0
E52_47db2d0d55c92154c779a4c9,11.176286595238821,16.45726286038159,11.176286595238821,312.62709924858126,351.3219092257948,393.08533863388124,0.16685347284684848,0.009166666666666667,0.12212673611111113,0.2981468756246263,2.2618531243753743,0.9068291013673043,464.3377197265625,0.0,0.0,464.3377197265625,592.0377197265625,2948.1400397541092,295.61395263671875,30.0,522.6270992485813,0.0,1,N01_M014_G00,N01_M014_G00,N01,M014,2661.6625,3061.35,399.6875,11.176286595238821,0.0
E52_60b0dc656c777ee2cc2279b1,8.977891259015252,0.21315146591224732,0.21315146591224732,563.4362729251038,615.9641949832094,811.705013501575,0.3153381258454166,0.009166666666666667,0.12212673611111113,0.4466315286231944,2.113368471376806,0.8604276473052518,630.3350646972656,0.0,0.0,630.3350646972656,758.0350646972656,6087.787601261813,495.9024353027344,30.0,773.4362729251038,0.0,1,N01_M014_G00,N01_M014_G00,N01,M014,2661.6625,3061.35,399.6875,0.21315146591224732,0.0
E52_6aa461eda22a4c53e6730e81,0.26027333458110036,6.478254834226846,0.26027333458110036,265.89885796308323,288.44260847170955,395.1560268799425,0.15049315106948455,0.009166666666666667,0.12212673611111113,0.28178655384726237,2.278213446152738,0.9119417019227305,271.70716552734376,1.182159423828125,1.182159423828125,271.70716552734376,399.40716552734375,2963.670201599569,349.40716552734375,30.0,475.89885796308323,0.0,1,N01_M014_G00,N01_M014_G00,N01,M014,2661.6625,3061.35,399.6875,0.26027333458110036,0.0
E52_6dc095df8eb6475486134b5c,21.261824796801946,12.905188948092743,12.905188948092743,424.06014837873875,466.2734748964797,594.8403376510322,0.23505698741925235,0.009166666666666667,0.12212673611111113,0.36635039019703014,2.1936496098029705,0.8855155030634281,506.55991821289064,0.0,0.0,506.55991821289064,634.2599182128906,4461.302532382741,440.2059631347656,30.0,634.0601483787387,0.0,1,N01_M014_G00,N01_M014_G00,N01,M014,2661.6625,3061.35,399.6875,12.905188948092743,0.0
E52_73baea82bbbffa2db9d7426a,10.241631917232525,5.711384152670419,5.711384152670419,297.3854850658978,324.64222792478455,431.2305129784753,0.16683515196021612,0.009166666666666667,0.12212673611111113,0.29812855473799393,2.2618714452620066,0.9068348266443769,327.08091430664064,0.0,0.0,327.08091430664064,454.7809143066406,3234.2288473385647,335.390380859375,30.0,507.3854850658978,0.0,1,N01_M014_G00,N01_M014_G00,N01,M014,2661.6625,3061.35,399.6875,5.711384152670419,0.0
E52_74b3fb0a4920873efc33101b,1.2602427488312316,6.525083879148042,1.2602427488312316,262.62709924858126,284.6552425591281,393.08533863388124,0.14907135286228057,0.009166666666666667,0.12212673611111113,0.28036475564005836,2.279635244359942,0.9123860138624817,264.3377197265625,0.0,0.0,264.3377197265625,392.0377197265625,2948.1400397541092,295.61395263671875,30.0,472.62709924858126,0.0,1,N01_M014_G00,N01_M014_G00,N01,M014,2661.6625,3061.35,399.6875,1.2602427488312316,0.0
E52_7dc5542bb1ad046741692f59,9.646877129001481,15.630401191468053,9.646877129001481,333.52010664670297,372.50493279823297,433.1312563842263,0.17995534493942492,0.009166666666666667,0.12212673611111113,0.3112487477172027,2.2487512522827977,0.9027347663383741,467.8179138183594,0.0,0.0,467.8179138183594,595.5179138183594,3248.484422881697,322.1230773925781,30.0,543.520106646703,0.0,1,N01_M014_G00,N01_M014_G00,N01,M014,2661.6625,3061.35,399.6875,9.646877129001481,0.0
E52_82c821a5773d0bfbe554f10a,7.048096127868064,11.397135806608844,7.048096127868064,512.9354114719376,566.0737563002253,707.0407539741487,0.2825549862639304,0.009166666666666667,0.12212673611111113,0.4138483890417082,2.1461516109582925,0.8706723784244662,637.6601379394531,0.0,0.0,637.6601379394531,765.3601379394531,5302.805654806116,465.3601379394531,30.0,722.9354114719376,0.0,1,N01_M014_G00,N01_M014_G00,N01,M014,2661.6625,3061.35,399.6875,7.048096127868064,0.0
E52_8ca7795ffa642a3b129c0a3d,10.116181077439208,15.730152054416479,10.116181077439208,330.94608252023,369.9122522589995,428.0951466078428,0.17832668261553564,0.009166666666666667,0.12212673611111113,0.3096200853933134,2.250379914606687,0.9032437233145896,467.5940368652344,0.0,0.0,467.5940368652344,595.2940368652344,3210.713599558821,335.390380859375,30.0,540.94608252023,0.0,1,N01_M014_G00,N01_M014_G00,N01,M014,2661.6625,3061.35,399.6875,10.116181077439208,0.0
E52_8d375985c45fff9288668cb3,10.94719854612093,16.222123863058812,10.94719854612093,353.99602207193686,405.21742048909175,400.663653640944,0.182639281392285,0.009166666666666667,0.12212673611111113,0.3139326841700628,2.246067315829938,0.9018960361968553,614.6567810058593,0.0,0.0,614.6567810058593,742.3567810058594,3004.97740230708,442.3567810058594,30.0,563.9960220719369,0.0,1,N01_M014_G00,N01_M014_G00,N01,M014,2661.6625,3061.35,399.6875,10.94719854612093,0.0
E52_9026ce0d2a5dd9a75ef73c8e,0.8346861473985143,6.720084116703532,0.8346861473985143,248.6739065082912,267.42831222931983,384.70630707582717,0.14291941710941022,0.009166666666666667,0.12212673611111113,0.27421281988718804,2.2857871801128127,0.9143084937852537,225.15150146484376,0.0986328125,0.0986328125,225.15150146484376,352.85150146484375,2885.297303068704,302.85150146484375,30.0,458.6739065082912,0.0,1,N01_M014_G00,N01_M014_G00,N01,M014,2661.6625,3061.35,399.6875,0.8346861473985143,0.0
E52_9b18c2085562c5280ea1e394,8.632290886797136,0.02697066595830222,0.02697066595830222,563.4972144032131,613.0086493397365,829.9258191872856,0.3179402888393461,0.009166666666666667,0.12212673611111113,0.4492336916171239,2.1107663083828765,0.8596144713696487,594.1372192382812,0.0,0.0,594.1372192382812,721.8372192382812,6224.443643904642,493.42156982421875,30.0,773.4972144032131,0.0,1,N01_M014_G00,N01_M014_G00,N01,M014,2661.6625,3061.35,399.6875,0.02697066595830222,0.0
E52_a1af1f4ab7d520e82e20be53,9.004003898974545,0.45430012492889205,0.45430012492889205,547.7224457312177,598.7128286250978,789.5025940991541,0.30660524396013417,0.009166666666666667,0.12212673611111113,0.43789864673791196,2.1221013532620887,0.8631566728944025,611.8845947265625,0.0,0.0,611.8845947265625,739.5845947265625,5921.269455743655,499.0620422363281,30.0,757.7224457312177,0.0,1,N01_M014_G00,N01_M014_G00,N01,M014,2661.6625,3061.35,399.6875,0.45430012492889205,0.0
E52_afb1e3673ff3adbe9c45b8fc,0.7145249306747843,6.956106286850726,0.7145249306747843,250.21040235058808,271.27175132926646,374.0527108291059,0.1419599864782851,0.009166666666666667,0.12212673611111113,0.2732533892560629,2.2867466107439376,0.9146083158574804,252.73618774414064,0.0,0.0,252.73618774414064,380.4361877441406,2805.395331218294,291.6474609375,30.0,460.2104023505881,0.0,1,N01_M014_G00,N01_M014_G00,N01,M014,2661.6625,3061.35,399.6875,0.7145249306747843,0.0
E52_b60e4d2a4cdcd5801a5d757f,9.6910339592972,16.480566458341656,9.6910339592972,308.26023760270465,345.626388522301,392.32356968783114,0.16519254750221457,0.009166666666666667,0.12212673611111113,0.29648595027999236,2.2635140497200084,0.9073481405375023,448.39381103515626,0.0,0.0,448.39381103515626,576.0938110351562,2942.4267726587336,326.2397766113281,30.0,518.2602376027046,0.0,1,N01_M014_G00,N01_M014_G00,N01,M014,2661.6625,3061.35,399.6875,9.6910339592972,0.0
E52_b8aeee13ee5f313ffdb298e7,9.341569033412739,0.32052137756616617,0.32052137756616617,550.9628084392909,600.9445446860357,802.0351993981131,0.309532562555218,0.009166666666666667,0.12212673611111113,0.4408259653329958,2.1191740346670045,0.8622418858334389,599.7808349609375,0.0,0.0,599.7808349609375,727.4808349609375,6015.263995485849,488.552978515625,30.0,760.9628084392909,0.0,1,N01_M014_G00,N01_M014_G00,N01,M014,2661.6625,3061.35,399.6875,0.32052137756616617,0.0
E52_c0294c7ff44d44fc4ede8d97,9.63131941890856,16.7256600789149,9.63131941890856,316.70783025924425,358.9570632507807,379.92026256926977,0.16644027302831577,0.009166666666666667,0.12212673611111113,0.29773367580609356,2.2622663241939067,0.9069582263105957,506.9907958984375,0.0,0.0,506.9907958984375,634.6907958984375,2849.4019692695233,334.6907958984375,30.0,526.7078302592442,0.0,1,N01_M014_G00,N01_M014_G00,N01,M014,2661.6625,3061.35,399.6875,9.63131941890856,0.0
E52_c10a50247c57c0340b451298,23.102510605611926,3.1495087650690863,3.1495087650690863,410.4813485396202,450.8988478275434,578.4577013517014,0.22790762835174688,0.009166666666666667,0.12212673611111113,0.3592010311295247,2.2007989688704757,0.8877496777720235,485.00999145507814,0.0,0.0,485.00999145507814,612.7099914550781,4338.432760137761,515.4917602539062,30.0,620.4813485396203,0.0,1,N01_M014_G00,N01_M014_G00,N01,M014,2661.6625,3061.35,399.6875,3.1495087650690863,0.0
E52_c117f06f984d58b2275e6c48,9.624131919930264,0.365836005255062,0.365836005255062,533.3106765870443,577.980769869108,798.6007934817058,0.30276832431446593,0.009166666666666667,0.12212673611111113,0.4340617270922437,2.125938272907757,0.8643557102836739,536.0411193847656,0.0,0.0,536.0411193847656,663.7411193847656,5989.505951112793,425.30462646484375,30.0,743.3106765870443,0.0,1,N01_M014_G00,N01_M014_G00,N01,M014,2661.6625,3061.35,399.6875,0.365836005255062,0.0
E52_d22cbe82615c6d2ee0ebf49f,10.18232641347295,15.758568264926964,10.18232641347295,318.17309843891866,352.9726015110215,427.5491784452201,0.1737067461230003,0.009166666666666667,0.12212673611111113,0.3050001489007781,2.2549998510992224,0.9046874534685069,417.5940368652344,0.0,0.0,417.5940368652344,545.2940368652344,3206.618838339151,335.390380859375,30.0,528.1730984389187,0.0,1,N01_M014_G00,N01_M014_G00,N01,M014,2661.6625,3061.35,399.6875,10.18232641347295,0.0
E52_d6d1511afdebb88632549a71,11.95681392735753,16.177909036830457,11.95681392735753,342.76879390848103,389.67749650450963,404.08537224079015,0.1791309979165653,0.009166666666666667,0.12212673611111113,0.3104244006943431,2.2495755993056576,0.9029923747830177,562.9044311523437,0.0,0.0,562.9044311523437,690.6044311523438,3030.640291805926,390.60443115234375,30.0,552.768793908481,0.0,1,N01_M014_G00,N01_M014_G00,N01,M014,2661.6625,3061.35,399.6875,11.95681392735753,0.0
E52_da487d3b8a0906fb4529d12f,9.466834534918036,15.138353346482333,9.466834534918036,331.4673547495513,365.316990573119,459.8368945576963,0.18300743845595838,0.009166666666666667,0.12212673611111113,0.31430084123373614,2.2456991587662642,0.9017809871144574,406.1956298828125,0.0,0.0,406.1956298828125,533.8956298828125,3448.7767091827222,283.8956298828125,30.0,541.4673547495513,0.0,1,N01_M014_G00,N01_M014_G00,N01,M014,2661.6625,3061.35,399.6875,9.466834534918036,0.0
E52_dbec4f1422e98765afb262aa,10.873853311460351,16.38523852602286,10.873853311460351,322.5402116809159,364.1002534899979,395.72017250733956,0.1707521496628321,0.009166666666666667,0.12212673611111113,0.3020455524406099,2.2579544475593907,0.9056107648623094,498.7205017089844,0.0,0.0,498.7205017089844,626.4205017089844,2967.901293805047,326.4205017089844,30.0,532.540211680916,0.0,1,N01_M014_G00,N01_M014_G00,N01,M014,2661.6625,3061.35,399.6875,10.873853311460351,0.0
E52_dd12fb0cc4aee52816704b73,9.533385753575843,0.5498680641518376,0.5498680641518376,547.6210002825783,600.0718247658139,780.5370536657424,0.3052994367315811,0.009166666666666667,0.12212673611111113,0.4365928395093589,2.1234071604906415,0.8635647376533253,629.4098937988281,0.0,0.0,629.4098937988281,757.1098937988281,5854.027902493068,543.108642578125,30.0,757.6210002825783,0.0,1,N01_M014_G00,N01_M014_G00,N01,M014,2661.6625,3061.35,399.6875,0.5498680641518376,0.0
E52_de2c36302e014a6d0284c896,10.188846349369086,15.994052628622484,10.188846349369086,325.41177480357015,364.7238282296769,414.95122905049965,0.1744969638873427,0.009166666666666667,0.12212673611111113,0.3057903666651205,2.25420963333488,0.9044405104171498,471.74464111328126,0.0,0.0,471.74464111328126,599.4446411132812,3112.134217878747,326.2397766113281,30.0,535.4117748035701,0.0,1,N01_M014_G00,N01_M014_G00,N01,M014,2661.6625,3061.35,399.6875,10.188846349369086,0.0
E52_e0325aad0b87e7c07e10fc2c,0.2899664633167731,5.987785159048158,0.2899664633167731,275.1983248954777,294.96932963587483,418.60161500091635,0.15682137892336617,0.009166666666666667,0.12212673611111113,0.28811478170114396,2.2718852182988565,0.9099641307183925,248.53977661132814,11.2877197265625,11.2877197265625,248.53977661132814,376.2397766113281,3139.5121125068727,326.2397766113281,30.0,485.1983248954777,0.0,1,N01_M014_G00,N01_M014_G00,N01,M014,2661.6625,3061.35,399.6875,0.2899664633167731,0.0
E52_e0cd6bab1a22c4530d9a254c,0.9640200686140048,6.471069764274475,0.9640200686140048,260.0402116809159,280.7669201566646,395.72017250733956,0.14852449968212222,0.009166666666666667,0.12212673611111113,0.2798179024599,2.2801820975401004,0.9125569054812812,248.7205017089844,0.0,0.0,248.7205017089844,376.4205017089844,2967.901293805047,326.4205017089844,30.0,470.0402116809159,0.0,1,N01_M014_G00,N01_M014_G00,N01,M014,2661.6625,3061.35,399.6875,0.9640200686140048,0.0
E52_ea76d341ab82f2ebc1fa1efe,0.2590687234203841,6.056283714240493,0.2590687234203841,275.41177480357015,298.05716156301025,414.95122905049965,0.15671484390277482,0.009166666666666667,0.12212673611111113,0.2880082466805526,2.271991753319448,0.9099974229123273,271.74464111328126,0.0,0.0,271.74464111328126,399.44464111328125,3112.134217878747,326.2397766113281,30.0,485.41177480357015,0.0,1,N01_M014_G00,N01_M014_G00,N01,M014,2661.6625,3061.35,399.6875,0.2590687234203841,0.0
E52_f2fabdd802684ffd17ed2273,0.6936377613534717,16.925225818485302,0.6936377613534717,275.2104023505881,304.60508466259984,374.0527108291059,0.15085104647056902,0.009166666666666667,0.12212673611111113,0.2821444492483468,2.277855550751654,0.9118298596098916,352.73618774414064,0.0,0.0,352.73618774414064,480.4361877441406,2805.395331218294,291.6474609375,30.0,485.2104023505881,0.0,1,N01_M014_G00,N01_M014_G00,N01,M014,2661.6625,3061.35,399.6875,0.6936377613534717,0.0
E52_01234cac2d25748209cb57e8,0.2621317893827779,5.963634638729843,0.2621317893827779,279.2236617812399,298.99466652163704,419.772700963196,0.15824405002114064,0.009166666666666667,0.1312934027777778,0.29870411946558506,2.2612958805344157,0.9066549626670046,254.4365661621094,17.18450927734375,17.18450927734375,254.4365661621094,382.1365661621094,3148.2952572239697,332.1365661621094,30.0,489.2236617812399,0.0,1,N01_M015_G00,N01_M015_G00,N01,M015,2129.5625,2559.25,429.6875,0.2621317893827779,0.0
E52_06eb0baa948af7ff52881bcf,11.34921240453653,16.258674653736037,11.34921240453653,296.7597053393259,328.36499963050426,403.88764493158146,0.16274021246714285,0.009166666666666667,0.1312934027777778,0.3032002819115873,2.256799718088413,0.9052499119026289,379.26353149414064,0.0,0.0,379.26353149414064,506.9635314941406,3029.157336986861,310.16876220703125,30.0,506.7597053393259,0.0,1,N01_M015_G00,N01_M015_G00,N01,M015,2129.5625,2559.25,429.6875,11.34921240453653,0.0
E52_0c9d91fc306062a18ada9948,10.190425106668542,15.697900697510477,10.190425106668542,331.42241999480143,370.2725110389095,429.7442937249544,0.1787296459836012,0.009166666666666667,0.1312934027777778,0.31918971542804564,2.240810284571955,0.9002532139287357,466.2010925292969,0.0,0.0,466.2010925292969,593.9010925292969,3223.082202937158,335.390380859375,30.0,541.4224199948014,0.0,1,N01_M015_G00,N01_M015_G00,N01,M015,2129.5625,2559.25,429.6875,10.190425106668542,0.0
E52_189eb019491ad876aa165071,14.62560917721207,3.8094716871601975,3.8094716871601975,403.09916814168594,448.35288467407526,534.676037089036,0.21908171065325852,0.009166666666666667,0.1312934027777778,0.359541780097703,2.2004582199022975,0.8876431937194678,543.0445983886718,0.0,0.0,543.0445983886718,670.7445983886719,4010.07027816777,391.87322998046875,30.0,613.0991681416859,0.0,1,N01_M015_G00,N01_M015_G00,N01,M015,2129.5625,2559.25,429.6875,3.8094716871601975,0.0
E52_1eac4bbcd37cec5d48241661,0.22059627934990544,6.04580255430777,0.22059627934990544,275.66392246828667,298.30930922772677,415.4555243799327,0.1568759382441215,0.009166666666666667,0.1312934027777778,0.29733600768856594,2.2626639923114347,0.9070824975973232,271.74464111328126,0.0,0.0,271.74464111328126,399.44464111328125,3115.9164328494953,326.2397766113281,30.0,485.66392246828667,0.0,1,N01_M015_G00,N01_M015_G00,N01,M015,2129.5625,2559.25,429.6875,0.22059627934990544,0.0
E52_231555d7070bcf1a0911e332,10.270015299215657,5.981962334569488,5.981962334569488,303.4113952968874,335.0249979987103,417.14117438283733,0.1669828432889251,0.009166666666666667,0.1312934027777778,0.30744291273336954,2.2525570872666307,0.9039240897708221,379.363232421875,0.0,0.0,379.363232421875,507.063232421875,3128.55880787128,326.2397766113281,30.0,513.4113952968873,0.0,1,N01_M015_G00,N01_M015_G00,N01,M015,2129.5625,2559.25,429.6875,5.981962334569488,0.0
E52_231de36c6439da832299e30f,11.086036405358143,16.451156269229884,11.086036405358143,336.2639482811268,383.1573412254627,391.1675388962379,0.1749881335365896,0.009166666666666667,0.1312934027777778,0.31544820298103404,2.2445517970189663,0.9014224365684269,562.7207153320312,0.0,0.0,562.7207153320312,690.4207153320312,2933.7565417217843,390.42071533203125,30.0,546.2639482811268,0.0,1,N01_M015_G00,N01_M015_G00,N01,M015,2129.5625,2559.25,429.6875,11.086036405358143,0.0
E52_246111a1ef063bec9e89ec9e,22.41708310411812,13.03223549741864,13.03223549741864,413.11352328410356,453.07003166626504,586.4879962752384,0.22998101771643822,0.009166666666666667,0.1312934027777778,0.37044108716088264,2.189558912839118,0.8842371602622242,479.4781005859375,0.0,0.0,479.4781005859375,607.1781005859375,4398.659972064288,469.28277587890625,30.0,623.1135232841036,0.0,1,N01_M015_G00,N01_M015_G00,N01,M015,2129.5625,2559.25,429.6875,13.03223549741864,0.0
E52_27bf01e9e990859ae5993708,10.242823238504869,15.932490639468014,10.242823238504869,318.6138217216496,355.0514931287134,418.60161500091635,0.17259630304263499,0.009166666666666667,0.1312934027777778,0.3130563724870794,2.246943627512921,0.9021698835977877,437.25205688476564,0.0,0.0,437.25205688476564,564.9520568847656,3139.5121125068727,326.2397766113281,30.0,528.6138217216496,0.0,1,N01_M015_G00,N01_M015_G00,N01,M015,2129.5625,2559.25,429.6875,10.242823238504869,0.0
E52_27bf1882d0e1a812c8450c72,10.928491222917913,16.18675851321828,10.928491222917913,334.03154784809436,377.9609795090644,404.48650573036844,0.17608047258726683,0.009166666666666667,0.1312934027777778,0.3165405420317113,2.243459457968289,0.9010810806150902,527.1531799316406,0.0,0.0,527.1531799316406,654.8531799316406,3033.648792977763,364.9013671875,30.0,544.0315478480943,0.0,1,N01_M015_G00,N01_M015_G00,N01,M015,2129.5625,2559.25,429.6875,10.928491222917913,0.0
E52_2d7a36258a59c18fc6a856bf,9.861556805186666,16.662039037059316,9.861556805186666,318.72117968179435,361.17160743651436,382.73979283526836,0.16755561647288383,0.009166666666666667,0.1312934027777778,0.3080156859173283,2.251984314082672,0.9037450981508349,509.40513305664064,0.0,0.0,509.40513305664064,637.1051330566406,2870.5484462645127,346.4301452636719,30.0,528.7211796817944,0.0,1,N01_M015_G00,N01_M015_G00,N01,M015,2129.5625,2559.25,429.6875,9.861556805186666,0.0
E52_347c51b45a583dd4c5a4aad0,9.606261708895559,10.359339260709504,9.606261708895559,545.8106765870443,594.6474365357748,798.6007934817058,0.3072138543106079,0.009166666666666667,0.1312934027777778,0.4476739237550523,2.112326076244948,0.8601018988265462,586.0411193847656,0.0,0.0,586.0411193847656,713.7411193847656,5989.505951112793,425.30462646484375,30.0,755.8106765870443,0.0,1,N01_M015_G00,N01_M015_G00,N01,M015,2129.5625,2559.25,429.6875,9.606261708895559,0.0
E52_3a94b6482baa2cfaba8a857d,10.380551441773832,16.425448776817632,10.380551441773832,326.01303055755295,369.111023518165,393.4381033514341,0.17166403726355467,0.009166666666666667,0.1312934027777778,0.3121241067079991,2.2478758932920013,0.9024612166537502,517.1759155273437,0.0,0.0,517.1759155273437,644.8759155273438,2950.785775135756,352.4370422363281,30.0,536.013030557553,0.0,1,N01_M015_G00,N01_M015_G00,N01,M015,2129.5625,2559.25,429.6875,10.380551441773832,0.0
E52_437c6a333219b14c3939f26c,0.2912240527004428,6.0194831627628105,0.2912240527004428,277.09771274073506,296.211315442558,417.14117438283733,0.1570562493971614,0.009166666666666667,0.1312934027777778,0.29751631884160584,2.2624836811583946,0.9070261503619982,248.53977661132814,19.176544189453125,19.176544189453125,248.53977661132814,376.2397766113281,3128.55880787128,326.2397766113281,30.0,487.09771274073506,0.0,1,N01_M015_G00,N01_M015_G00,N01,M015,2129.5625,2559.25,429.6875,0.2912240527004428,0.0
E52_47db2d0d55c92154c779a4c9,11.176286595238821,16.45726286038159,11.176286595238821,312.62709924858126,351.3219092257948,393.08533863388124,0.16685347284684848,0.009166666666666667,0.1312934027777778,0.30731354229129293,2.2526864577087076,0.9039645180339709,464.3377197265625,0.0,0.0,464.3377197265625,592.0377197265625,2948.1400397541092,295.61395263671875,30.0,522.6270992485813,0.0,1,N01_M015_G00,N01_M015_G00,N01,M015,2129.5625,2559.25,429.6875,11.176286595238821,0.0
E52_60b0dc656c777ee2cc2279b1,8.977891259015252,0.21315146591224732,0.21315146591224732,563.4362729251038,615.9641949832094,811.705013501575,0.3153381258454166,0.009166666666666667,0.1312934027777778,0.45579819528986104,2.1042018047101396,0.8575630639719184,630.3350646972656,0.0,0.0,630.3350646972656,758.0350646972656,6087.787601261813,495.9024353027344,30.0,773.4362729251038,0.0,1,N01_M015_G00,N01_M015_G00,N01,M015,2129.5625,2559.25,429.6875,0.21315146591224732,0.0
E52_6aa461eda22a4c53e6730e81,0.26027333458110036,6.478254834226846,0.26027333458110036,265.89885796308323,288.44260847170955,395.1560268799425,0.15049315106948455,0.009166666666666667,0.1312934027777778,0.290953220513929,2.2690467794860716,0.9090771185893972,271.70716552734376,1.182159423828125,1.182159423828125,271.70716552734376,399.40716552734375,2963.670201599569,349.40716552734375,30.0,475.89885796308323,0.0,1,N01_M015_G00,N01_M015_G00,N01,M015,2129.5625,2559.25,429.6875,0.26027333458110036,0.0
E52_6dc095df8eb6475486134b5c,21.261824796801946,12.905188948092743,12.905188948092743,424.06014837873875,466.2734748964797,594.8403376510322,0.23505698741925235,0.009166666666666667,0.1312934027777778,0.3755170568636968,2.1844829431363038,0.8826509197300948,506.55991821289064,0.0,0.0,506.55991821289064,634.2599182128906,4461.302532382741,440.2059631347656,30.0,634.0601483787387,0.0,1,N01_M015_G00,N01_M015_G00,N01,M015,2129.5625,2559.25,429.6875,12.905188948092743,0.0
E52_73baea82bbbffa2db9d7426a,10.241631917232525,5.711384152670419,5.711384152670419,297.3854850658978,324.64222792478455,431.2305129784753,0.16683515196021612,0.009166666666666667,0.1312934027777778,0.3072952214046606,2.25270477859534,0.9039702433110436,327.08091430664064,0.0,0.0,327.08091430664064,454.7809143066406,3234.2288473385647,335.390380859375,30.0,507.3854850658978,0.0,1,N01_M015_G00,N01_M015_G00,N01,M015,2129.5625,2559.25,429.6875,5.711384152670419,0.0
E52_74b3fb0a4920873efc33101b,1.2602427488312316,6.525083879148042,1.2602427488312316,262.62709924858126,284.6552425591281,393.08533863388124,0.14907135286228057,0.009166666666666667,0.1312934027777778,0.289531422306725,2.2704685776932756,0.9095214305291485,264.3377197265625,0.0,0.0,264.3377197265625,392.0377197265625,2948.1400397541092,295.61395263671875,30.0,472.62709924858126,0.0,1,N01_M015_G00,N01_M015_G00,N01,M015,2129.5625,2559.25,429.6875,1.2602427488312316,0.0
E52_7dc5542bb1ad046741692f59,9.646877129001481,15.630401191468053,9.646877129001481,333.52010664670297,372.50493279823297,433.1312563842263,0.17995534493942492,0.009166666666666667,0.1312934027777778,0.32041541438386933,2.2395845856161314,0.8998701830050408,467.8179138183594,0.0,0.0,467.8179138183594,595.5179138183594,3248.484422881697,322.1230773925781,30.0,543.520106646703,0.0,1,N01_M015_G00,N01_M015_G00,N01,M015,2129.5625,2559.25,429.6875,9.646877129001481,0.0
E52_82c821a5773d0bfbe554f10a,7.048096127868064,11.397135806608844,7.048096127868064,512.9354114719376,566.0737563002253,707.0407539741487,0.2825549862639304,0.009166666666666667,0.1312934027777778,0.42301505570837483,2.1369849442916258,0.8678077950911329,637.6601379394531,0.0,0.0,637.6601379394531,765.3601379394531,5302.805654806116,465.3601379394531,30.0,722.9354114719376,0.0,1,N01_M015_G00,N01_M015_G00,N01,M015,2129.5625,2559.25,429.6875,7.048096127868064,0.0
E52_8ca7795ffa642a3b129c0a3d,10.116181077439208,15.730152054416479,10.116181077439208,330.94608252023,369.9122522589995,428.0951466078428,0.17832668261553564,0.009166666666666667,0.1312934027777778,0.3187867520599801,2.2412132479400206,0.9003791399812562,467.5940368652344,0.0,0.0,467.5940368652344,595.2940368652344,3210.713599558821,335.390380859375,30.0,540.94608252023,0.0,1,N01_M015_G00,N01_M015_G00,N01,M015,2129.5625,2559.25,429.6875,10.116181077439208,0.0
E52_8d375985c45fff9288668cb3,10.94719854612093,16.222123863058812,10.94719854612093,353.99602207193686,405.21742048909175,400.663653640944,0.182639281392285,0.009166666666666667,0.1312934027777778,0.32309935083672947,2.236900649163271,0.899031452863522,614.6567810058593,0.0,0.0,614.6567810058593,742.3567810058594,3004.97740230708,442.3567810058594,30.0,563.9960220719369,0.0,1,N01_M015_G00,N01_M015_G00,N01,M015,2129.5625,2559.25,429.6875,10.94719854612093,0.0
E52_9026ce0d2a5dd9a75ef73c8e,0.8347239862368383,6.720084116703532,0.8347239862368383,248.6739065082912,267.42831222931983,384.70630707582717,0.14291941710941022,0.009166666666666667,0.1312934027777778,0.2833794865538547,2.276620513446146,0.9114439104519204,225.15150146484376,0.0986328125,0.0986328125,225.15150146484376,352.85150146484375,2885.297303068704,302.85150146484375,30.0,458.6739065082912,0.0,1,N01_M015_G00,N01_M015_G00,N01,M015,2129.5625,2559.25,429.6875,0.8347239862368383,0.0
E52_9b18c2085562c5280ea1e394,8.632290886797136,0.02697066595830222,0.02697066595830222,563.4972144032131,613.0086493397365,829.9258191872856,0.3179402888393461,0.009166666666666667,0.1312934027777778,0.45840035828379055,2.10159964171621,0.8567498880363155,594.1372192382812,0.0,0.0,594.1372192382812,721.8372192382812,6224.443643904642,493.42156982421875,30.0,773.4972144032131,0.0,1,N01_M015_G00,N01_M015_G00,N01,M015,2129.5625,2559.25,429.6875,0.02697066595830222,0.0
E52_a1af1f4ab7d520e82e20be53,9.004003898974545,0.45430012492889205,0.45430012492889205,547.7224457312177,598.7128286250978,789.5025940991541,0.30660524396013417,0.009166666666666667,0.1312934027777778,0.4470653134045786,2.112934686595422,0.8602920895610692,611.8845947265625,0.0,0.0,611.8845947265625,739.5845947265625,5921.269455743655,499.0620422363281,30.0,757.7224457312177,0.0,1,N01_M015_G00,N01_M015_G00,N01,M015,2129.5625,2559.25,429.6875,0.45430012492889205,0.0
E52_afb1e3673ff3adbe9c45b8fc,0.7145233039155556,6.956106286850726,0.7145233039155556,250.21040235058808,271.27175132926646,374.0527108291059,0.1419599864782851,0.009166666666666667,0.1312934027777778,0.28242005592272956,2.277579944077271,0.911743732524147,252.73618774414064,0.0,0.0,252.73618774414064,380.4361877441406,2805.395331218294,291.6474609375,30.0,460.2104023505881,0.0,1,N01_M015_G00,N01_M015_G00,N01,M015,2129.5625,2559.25,429.6875,0.7145233039155556,0.0
E52_b60e4d2a4cdcd5801a5d757f,9.6910339592972,16.480566458341656,9.6910339592972,308.26023760270465,345.626388522301,392.32356968783114,0.16519254750221457,0.009166666666666667,0.1312934027777778,0.305652616946659,2.2543473830533416,0.9044835572041691,448.39381103515626,0.0,0.0,448.39381103515626,576.0938110351562,2942.4267726587336,326.2397766113281,30.0,518.2602376027046,0.0,1,N01_M015_G00,N01_M015_G00,N01,M015,2129.5625,2559.25,429.6875,9.6910339592972,0.0
E52_b8aeee13ee5f313ffdb298e7,9.341569033412739,0.32052137756616617,0.32052137756616617,550.9628084392909,600.9445446860357,802.0351993981131,0.309532562555218,0.009166666666666667,0.1312934027777778,0.44999263199966244,2.110007368000338,0.8593773025001055,599.7808349609375,0.0,0.0,599.7808349609375,727.4808349609375,6015.263995485849,488.552978515625,30.0,760.9628084392909,0.0,1,N01_M015_G00,N01_M015_G00,N01,M015,2129.5625,2559.25,429.6875,0.32052137756616617,0.0
E52_c0294c7ff44d44fc4ede8d97,9.63131941890856,16.7256600789149,9.63131941890856,316.70783025924425,358.9570632507807,379.92026256926977,0.16644027302831577,0.009166666666666667,0.1312934027777778,0.3069003424727602,2.2530996575272404,0.9040936429772625,506.9907958984375,0.0,0.0,506.9907958984375,634.6907958984375,2849.4019692695233,334.6907958984375,30.0,526.7078302592442,0.0,1,N01_M015_G00,N01_M015_G00,N01,M015,2129.5625,2559.25,429.6875,9.63131941890856,0.0
E52_c10a50247c57c0340b451298,23.102510605611926,3.1495087650690863,3.1495087650690863,410.4813485396202,450.8988478275434,578.4577013517014,0.22790762835174688,0.009166666666666667,0.1312934027777778,0.36836769779619133,2.1916323022038093,0.8848850944386902,485.00999145507814,0.0,0.0,485.00999145507814,612.7099914550781,4338.432760137761,515.4917602539062,30.0,620.4813485396203,0.0,1,N01_M015_G00,N01_M015_G00,N01,M015,2129.5625,2559.25,429.6875,3.1495087650690863,0.0
E52_c117f06f984d58b2275e6c48,9.624131919930264,0.365836005255062,0.365836005255062,533.3106765870443,577.980769869108,798.6007934817058,0.30276832431446593,0.009166666666666667,0.1312934027777778,0.4432283937589104,2.11677160624109,0.8614911269503405,536.0411193847656,0.0,0.0,536.0411193847656,663.7411193847656,5989.505951112793,425.30462646484375,30.0,743.3106765870443,0.0,1,N01_M015_G00,N01_M015_G00,N01,M015,2129.5625,2559.25,429.6875,0.365836005255062,0.0
E52_d22cbe82615c6d2ee0ebf49f,10.18232641347295,15.758568264926964,10.18232641347295,318.17309843891866,352.9726015110215,427.5491784452201,0.1737067461230003,0.009166666666666667,0.1312934027777778,0.31416681556744475,2.2458331844325556,0.9018228701351735,417.5940368652344,0.0,0.0,417.5940368652344,545.2940368652344,3206.618838339151,335.390380859375,30.0,528.1730984389187,0.0,1,N01_M015_G00,N01_M015_G00,N01,M015,2129.5625,2559.25,429.6875,10.18232641347295,0.0
E52_d6d1511afdebb88632549a71,11.95681392735753,16.177909036830457,11.95681392735753,342.76879390848103,389.67749650450963,404.08537224079015,0.1791309979165653,0.009166666666666667,0.1312934027777778,0.31959106736100973,2.240408932638991,0.9001277914496845,562.9044311523437,0.0,0.0,562.9044311523437,690.6044311523438,3030.640291805926,390.60443115234375,30.0,552.768793908481,0.0,1,N01_M015_G00,N01_M015_G00,N01,M015,2129.5625,2559.25,429.6875,11.95681392735753,0.0
E52_da487d3b8a0906fb4529d12f,9.466834534918036,15.138353346482333,9.466834534918036,331.4673547495513,365.316990573119,459.8368945576963,0.18300743845595838,0.009166666666666667,0.1312934027777778,0.3234675079004028,2.236532492099598,0.8989164037811241,406.1956298828125,0.0,0.0,406.1956298828125,533.8956298828125,3448.7767091827222,283.8956298828125,30.0,541.4673547495513,0.0,1,N01_M015_G00,N01_M015_G00,N01,M015,2129.5625,2559.25,429.6875,9.466834534918036,0.0
E52_dbec4f1422e98765afb262aa,10.873853311460351,16.38523852602286,10.873853311460351,322.5402116809159,364.1002534899979,395.72017250733956,0.1707521496628321,0.009166666666666667,0.1312934027777778,0.31121221910727653,2.248787780892724,0.9027461815289761,498.7205017089844,0.0,0.0,498.7205017089844,626.4205017089844,2967.901293805047,326.4205017089844,30.0,532.540211680916,0.0,1,N01_M015_G00,N01_M015_G00,N01,M015,2129.5625,2559.25,429.6875,10.873853311460351,0.0
E52_dd12fb0cc4aee52816704b73,9.533385753575843,0.5498680641518376,0.5498680641518376,547.6210002825783,600.0718247658139,780.5370536657424,0.3052994367315811,0.009166666666666667,0.1312934027777778,0.44575950617602556,2.114240493823975,0.860700154319992,629.4098937988281,0.0,0.0,629.4098937988281,757.1098937988281,5854.027902493068,543.108642578125,30.0,757.6210002825783,0.0,1,N01_M015_G00,N01_M015_G00,N01,M015,2129.5625,2559.25,429.6875,0.5498680641518376,0.0
E52_de2c36302e014a6d0284c896,10.188846349369086,15.994052628622484,10.188846349369086,325.41177480357015,364.7238282296769,414.95122905049965,0.1744969638873427,0.009166666666666667,0.1312934027777778,0.31495703333178715,2.2450429666682132,0.9015759270838165,471.74464111328126,0.0,0.0,471.74464111328126,599.4446411132812,3112.134217878747,326.2397766113281,30.0,535.4117748035701,0.0,1,N01_M015_G00,N01_M015_G00,N01,M015,2129.5625,2559.25,429.6875,10.188846349369086,0.0
E52_e0325aad0b87e7c07e10fc2c,0.2899631471324966,5.987785159048158,0.2899631471324966,275.1983248954777,294.96932963587483,418.60161500091635,0.15682137892336617,0.009166666666666667,0.1312934027777778,0.2972814483678106,2.2627185516321897,0.9070995473850592,248.53977661132814,11.2877197265625,11.2877197265625,248.53977661132814,376.2397766113281,3139.5121125068727,326.2397766113281,30.0,485.1983248954777,0.0,1,N01_M015_G00,N01_M015_G00,N01,M015,2129.5625,2559.25,429.6875,0.2899631471324966,0.0
E52_e0cd6bab1a22c4530d9a254c,0.9640469256907807,6.471069764274475,0.9640469256907807,260.0402116809159,280.7669201566646,395.72017250733956,0.14852449968212222,0.009166666666666667,0.1312934027777778,0.28898456912656667,2.271015430873434,0.9096923221479479,248.7205017089844,0.0,0.0,248.7205017089844,376.4205017089844,2967.901293805047,326.4205017089844,30.0,470.0402116809159,0.0,1,N01_M015_G00,N01_M015_G00,N01,M015,2129.5625,2559.25,429.6875,0.9640469256907807,0.0
E52_ea76d341ab82f2ebc1fa1efe,0.2590687234203841,6.056283714240493,0.2590687234203841,275.41177480357015,298.05716156301025,414.95122905049965,0.15671484390277482,0.009166666666666667,0.1312934027777778,0.29717491334721924,2.2628250866527813,0.9071328395789939,271.74464111328126,0.0,0.0,271.74464111328126,399.44464111328125,3112.134217878747,326.2397766113281,30.0,485.41177480357015,0.0,1,N01_M015_G00,N01_M015_G00,N01,M015,2129.5625,2559.25,429.6875,0.2590687234203841,0.0
E52_f2fabdd802684ffd17ed2273,0.6936377613534717,16.925225818485302,0.6936377613534717,275.2104023505881,304.60508466259984,374.0527108291059,0.15085104647056902,0.009166666666666667,0.1312934027777778,0.29131111591501346,2.268688884084987,0.9089652762765583,352.73618774414064,0.0,0.0,352.73618774414064,480.4361877441406,2805.395331218294,291.6474609375,30.0,485.2104023505881,0.0,1,N01_M015_G00,N01_M015_G00,N01,M015,2129.5625,2559.25,429.6875,0.6936377613534717,0.0
E52_01234cac2d25748209cb57e8,0.2621317893827779,5.963634638729843,0.2621317893827779,279.2236617812399,298.99466652163704,419.772700963196,0.15824405002114064,0.009166666666666667,0.1312934027777778,0.29870411946558506,2.2612958805344157,0.9066549626670046,254.4365661621094,17.18450927734375,17.18450927734375,254.4365661621094,382.1365661621094,3148.2952572239697,332.1365661621094,30.0,489.2236617812399,0.0,1,N01_M016_G00,N01_M016_G00,N01,M016,816.0625,1245.75,429.6875,0.2621317893827779,0.0
E52_06eb0baa948af7ff52881bcf,11.34921240453653,16.258674653736037,11.34921240453653,296.7597053393259,328.36499963050426,403.88764493158146,0.16274021246714285,0.009166666666666667,0.1312934027777778,0.3032002819115873,2.256799718088413,0.9052499119026289,379.26353149414064,0.0,0.0,379.26353149414064,506.9635314941406,3029.157336986861,310.16876220703125,30.0,506.7597053393259,0.0,1,N01_M016_G00,N01_M016_G00,N01,M016,816.0625,1245.75,429.6875,11.34921240453653,0.0
E52_0c9d91fc306062a18ada9948,10.190425106668542,15.697900697510477,10.190425106668542,331.42241999480143,370.2725110389095,429.7442937249544,0.1787296459836012,0.009166666666666667,0.1312934027777778,0.31918971542804564,2.240810284571955,0.9002532139287357,466.2010925292969,0.0,0.0,466.2010925292969,593.9010925292969,3223.082202937158,335.390380859375,30.0,541.4224199948014,0.0,1,N01_M016_G00,N01_M016_G00,N01,M016,816.0625,1245.75,429.6875,10.190425106668542,0.0
E52_189eb019491ad876aa165071,14.62560917721207,3.8094716871601975,3.8094716871601975,403.09916814168594,448.35288467407526,534.676037089036,0.21908171065325852,0.009166666666666667,0.1312934027777778,0.359541780097703,2.2004582199022975,0.8876431937194678,543.0445983886718,0.0,0.0,543.0445983886718,670.7445983886719,4010.07027816777,391.87322998046875,30.0,613.0991681416859,0.0,1,N01_M016_G00,N01_M016_G00,N01,M016,816.0625,1245.75,429.6875,3.8094716871601975,0.0
E52_1eac4bbcd37cec5d48241661,0.22059627934990544,6.04580255430777,0.22059627934990544,275.66392246828667,298.30930922772677,415.4555243799327,0.1568759382441215,0.009166666666666667,0.1312934027777778,0.29733600768856594,2.2626639923114347,0.9070824975973232,271.74464111328126,0.0,0.0,271.74464111328126,399.44464111328125,3115.9164328494953,326.2397766113281,30.0,485.66392246828667,0.0,1,N01_M016_G00,N01_M016_G00,N01,M016,816.0625,1245.75,429.6875,0.22059627934990544,0.0
E52_231555d7070bcf1a0911e332,10.270015299215657,5.981962334569488,5.981962334569488,303.4113952968874,335.0249979987103,417.14117438283733,0.1669828432889251,0.009166666666666667,0.1312934027777778,0.30744291273336954,2.2525570872666307,0.9039240897708221,379.363232421875,0.0,0.0,379.363232421875,507.063232421875,3128.55880787128,326.2397766113281,30.0,513.4113952968873,0.0,1,N01_M016_G00,N01_M016_G00,N01,M016,816.0625,1245.75,429.6875,5.981962334569488,0.0
E52_231de36c6439da832299e30f,11.086036405358143,16.451156269229884,11.086036405358143,336.2639482811268,383.1573412254627,391.1675388962379,0.1749881335365896,0.009166666666666667,0.1312934027777778,0.31544820298103404,2.2445517970189663,0.9014224365684269,562.7207153320312,0.0,0.0,562.7207153320312,690.4207153320312,2933.7565417217843,390.42071533203125,30.0,546.2639482811268,0.0,1,N01_M016_G00,N01_M016_G00,N01,M016,816.0625,1245.75,429.6875,11.086036405358143,0.0
E52_246111a1ef063bec9e89ec9e,22.41708310411812,13.03223549741864,13.03223549741864,413.11352328410356,453.07003166626504,586.4879962752384,0.22998101771643822,0.009166666666666667,0.1312934027777778,0.37044108716088264,2.189558912839118,0.8842371602622242,479.4781005859375,0.0,0.0,479.4781005859375,607.1781005859375,4398.659972064288,469.28277587890625,30.0,623.1135232841036,0.0,1,N01_M016_G00,N01_M016_G00,N01,M016,816.0625,1245.75,429.6875,13.03223549741864,0.0
E52_27bf01e9e990859ae5993708,10.242823238504869,15.932490639468014,10.242823238504869,318.6138217216496,355.0514931287134,418.60161500091635,0.17259630304263499,0.009166666666666667,0.1312934027777778,0.3130563724870794,2.246943627512921,0.9021698835977877,437.25205688476564,0.0,0.0,437.25205688476564,564.9520568847656,3139.5121125068727,326.2397766113281,30.0,528.6138217216496,0.0,1,N01_M016_G00,N01_M016_G00,N01,M016,816.0625,1245.75,429.6875,10.242823238504869,0.0
E52_27bf1882d0e1a812c8450c72,10.928491222917913,16.18675851321828,10.928491222917913,334.03154784809436,377.9609795090644,404.48650573036844,0.17608047258726683,0.009166666666666667,0.1312934027777778,0.3165405420317113,2.243459457968289,0.9010810806150902,527.1531799316406,0.0,0.0,527.1531799316406,654.8531799316406,3033.648792977763,364.9013671875,30.0,544.0315478480943,0.0,1,N01_M016_G00,N01_M016_G00,N01,M016,816.0625,1245.75,429.6875,10.928491222917913,0.0
E52_2d7a36258a59c18fc6a856bf,9.861556805186666,16.662039037059316,9.861556805186666,318.72117968179435,361.17160743651436,382.73979283526836,0.16755561647288383,0.009166666666666667,0.1312934027777778,0.3080156859173283,2.251984314082672,0.9037450981508349,509.40513305664064,0.0,0.0,509.40513305664064,637.1051330566406,2870.5484462645127,346.4301452636719,30.0,528.7211796817944,0.0,1,N01_M016_G00,N01_M016_G00,N01,M016,816.0625,1245.75,429.6875,9.861556805186666,0.0
E52_347c51b45a583dd4c5a4aad0,9.606261708895559,10.359339260709504,9.606261708895559,545.8106765870443,594.6474365357748,798.6007934817058,0.3072138543106079,0.009166666666666667,0.1312934027777778,0.4476739237550523,2.112326076244948,0.8601018988265462,586.0411193847656,0.0,0.0,586.0411193847656,713.7411193847656,5989.505951112793,425.30462646484375,30.0,755.8106765870443,0.0,1,N01_M016_G00,N01_M016_G00,N01,M016,816.0625,1245.75,429.6875,9.606261708895559,0.0
E52_3a94b6482baa2cfaba8a857d,10.380551441773832,16.425448776817632,10.380551441773832,326.01303055755295,369.111023518165,393.4381033514341,0.17166403726355467,0.009166666666666667,0.1312934027777778,0.3121241067079991,2.2478758932920013,0.9024612166537502,517.1759155273437,0.0,0.0,517.1759155273437,644.8759155273438,2950.785775135756,352.4370422363281,30.0,536.013030557553,0.0,1,N01_M016_G00,N01_M016_G00,N01,M016,816.0625,1245.75,429.6875,10.380551441773832,0.0
E52_437c6a333219b14c3939f26c,0.2912240527004428,6.0194831627628105,0.2912240527004428,277.09771274073506,296.211315442558,417.14117438283733,0.1570562493971614,0.009166666666666667,0.1312934027777778,0.29751631884160584,2.2624836811583946,0.9070261503619982,248.53977661132814,19.176544189453125,19.176544189453125,248.53977661132814,376.2397766113281,3128.55880787128,326.2397766113281,30.0,487.09771274073506,0.0,1,N01_M016_G00,N01_M016_G00,N01,M016,816.0625,1245.75,429.6875,0.2912240527004428,0.0
E52_47db2d0d55c92154c779a4c9,11.176286595238821,16.45726286038159,11.176286595238821,312.62709924858126,351.3219092257948,393.08533863388124,0.16685347284684848,0.009166666666666667,0.1312934027777778,0.30731354229129293,2.2526864577087076,0.9039645180339709,464.3377197265625,0.0,0.0,464.3377197265625,592.0377197265625,2948.1400397541092,295.61395263671875,30.0,522.6270992485813,0.0,1,N01_M016_G00,N01_M016_G00,N01,M016,816.0625,1245.75,429.6875,11.176286595238821,0.0
E52_60b0dc656c777ee2cc2279b1,8.977891259015252,0.21315146591224732,0.21315146591224732,563.4362729251038,615.9641949832094,811.705013501575,0.3153381258454166,0.009166666666666667,0.1312934027777778,0.45579819528986104,2.1042018047101396,0.8575630639719184,630.3350646972656,0.0,0.0,630.3350646972656,758.0350646972656,6087.787601261813,495.9024353027344,30.0,773.4362729251038,0.0,1,N01_M016_G00,N01_M016_G00,N01,M016,816.0625,1245.75,429.6875,0.21315146591224732,0.0
E52_6aa461eda22a4c53e6730e81,0.26027333458110036,6.478254834226846,0.26027333458110036,265.89885796308323,288.44260847170955,395.1560268799425,0.15049315106948455,0.009166666666666667,0.1312934027777778,0.290953220513929,2.2690467794860716,0.9090771185893972,271.70716552734376,1.182159423828125,1.182159423828125,271.70716552734376,399.40716552734375,2963.670201599569,349.40716552734375,30.0,475.89885796308323,0.0,1,N01_M016_G00,N01_M016_G00,N01,M016,816.0625,1245.75,429.6875,0.26027333458110036,0.0
E52_6dc095df8eb6475486134b5c,21.261824796801946,12.905188948092743,12.905188948092743,424.06014837873875,466.2734748964797,594.8403376510322,0.23505698741925235,0.009166666666666667,0.1312934027777778,0.3755170568636968,2.1844829431363038,0.8826509197300948,506.55991821289064,0.0,0.0,506.55991821289064,634.2599182128906,4461.302532382741,440.2059631347656,30.0,634.0601483787387,0.0,1,N01_M016_G00,N01_M016_G00,N01,M016,816.0625,1245.75,429.6875,12.905188948092743,0.0
E52_73baea82bbbffa2db9d7426a,10.241631917232525,5.711384152670419,5.711384152670419,297.3854850658978,324.64222792478455,431.2305129784753,0.16683515196021612,0.009166666666666667,0.1312934027777778,0.3072952214046606,2.25270477859534,0.9039702433110436,327.08091430664064,0.0,0.0,327.08091430664064,454.7809143066406,3234.2288473385647,335.390380859375,30.0,507.3854850658978,0.0,1,N01_M016_G00,N01_M016_G00,N01,M016,816.0625,1245.75,429.6875,5.711384152670419,0.0
E52_74b3fb0a4920873efc33101b,1.2602427488312316,6.525083879148042,1.2602427488312316,262.62709924858126,284.6552425591281,393.08533863388124,0.14907135286228057,0.009166666666666667,0.1312934027777778,0.289531422306725,2.2704685776932756,0.9095214305291485,264.3377197265625,0.0,0.0,264.3377197265625,392.0377197265625,2948.1400397541092,295.61395263671875,30.0,472.62709924858126,0.0,1,N01_M016_G00,N01_M016_G00,N01,M016,816.0625,1245.75,429.6875,1.2602427488312316,0.0
E52_7dc5542bb1ad046741692f59,9.646877129001481,15.630401191468053,9.646877129001481,333.52010664670297,372.50493279823297,433.1312563842263,0.17995534493942492,0.009166666666666667,0.1312934027777778,0.32041541438386933,2.2395845856161314,0.8998701830050408,467.8179138183594,0.0,0.0,467.8179138183594,595.5179138183594,3248.484422881697,322.1230773925781,30.0,543.520106646703,0.0,1,N01_M016_G00,N01_M016_G00,N01,M016,816.0625,1245.75,429.6875,9.646877129001481,0.0
E52_82c821a5773d0bfbe554f10a,7.048096127868064,11.397135806608844,7.048096127868064,512.9354114719376,566.0737563002253,707.0407539741487,0.2825549862639304,0.009166666666666667,0.1312934027777778,0.42301505570837483,2.1369849442916258,0.8678077950911329,637.6601379394531,0.0,0.0,637.6601379394531,765.3601379394531,5302.805654806116,465.3601379394531,30.0,722.9354114719376,0.0,1,N01_M016_G00,N01_M016_G00,N01,M016,816.0625,1245.75,429.6875,7.048096127868064,0.0
E52_8ca7795ffa642a3b129c0a3d,10.116181077439208,15.730152054416479,10.116181077439208,330.94608252023,369.9122522589995,428.0951466078428,0.17832668261553564,0.009166666666666667,0.1312934027777778,0.3187867520599801,2.2412132479400206,0.9003791399812562,467.5940368652344,0.0,0.0,467.5940368652344,595.2940368652344,3210.713599558821,335.390380859375,30.0,540.94608252023,0.0,1,N01_M016_G00,N01_M016_G00,N01,M016,816.0625,1245.75,429.6875,10.116181077439208,0.0
E52_8d375985c45fff9288668cb3,10.94719854612093,16.222123863058812,10.94719854612093,353.99602207193686,405.21742048909175,400.663653640944,0.182639281392285,0.009166666666666667,0.1312934027777778,0.32309935083672947,2.236900649163271,0.899031452863522,614.6567810058593,0.0,0.0,614.6567810058593,742.3567810058594,3004.97740230708,442.3567810058594,30.0,563.9960220719369,0.0,1,N01_M016_G00,N01_M016_G00,N01,M016,816.0625,1245.75,429.6875,10.94719854612093,0.0
E52_9026ce0d2a5dd9a75ef73c8e,0.8347239862368383,6.720084116703532,0.8347239862368383,248.6739065082912,267.42831222931983,384.70630707582717,0.14291941710941022,0.009166666666666667,0.1312934027777778,0.2833794865538547,2.276620513446146,0.9114439104519204,225.15150146484376,0.0986328125,0.0986328125,225.15150146484376,352.85150146484375,2885.297303068704,302.85150146484375,30.0,458.6739065082912,0.0,1,N01_M016_G00,N01_M016_G00,N01,M016,816.0625,1245.75,429.6875,0.8347239862368383,0.0
E52_9b18c2085562c5280ea1e394,8.632290886797136,0.02697066595830222,0.02697066595830222,563.4972144032131,613.0086493397365,829.9258191872856,0.3179402888393461,0.009166666666666667,0.1312934027777778,0.45840035828379055,2.10159964171621,0.8567498880363155,594.1372192382812,0.0,0.0,594.1372192382812,721.8372192382812,6224.443643904642,493.42156982421875,30.0,773.4972144032131,0.0,1,N01_M016_G00,N01_M016_G00,N01,M016,816.0625,1245.75,429.6875,0.02697066595830222,0.0
E52_a1af1f4ab7d520e82e20be53,9.004003898974545,0.45430012492889205,0.45430012492889205,547.7224457312177,598.7128286250978,789.5025940991541,0.30660524396013417,0.009166666666666667,0.1312934027777778,0.4470653134045786,2.112934686595422,0.8602920895610692,611.8845947265625,0.0,0.0,611.8845947265625,739.5845947265625,5921.269455743655,499.0620422363281,30.0,757.7224457312177,0.0,1,N01_M016_G00,N01_M016_G00,N01,M016,816.0625,1245.75,429.6875,0.45430012492889205,0.0
E52_afb1e3673ff3adbe9c45b8fc,0.7145233039155556,6.956106286850726,0.7145233039155556,250.21040235058808,271.27175132926646,374.0527108291059,0.1419599864782851,0.009166666666666667,0.1312934027777778,0.28242005592272956,2.277579944077271,0.911743732524147,252.73618774414064,0.0,0.0,252.73618774414064,380.4361877441406,2805.395331218294,291.6474609375,30.0,460.2104023505881,0.0,1,N01_M016_G00,N01_M016_G00,N01,M016,816.0625,1245.75,429.6875,0.7145233039155556,0.0
E52_b60e4d2a4cdcd5801a5d757f,9.6910339592972,16.480566458341656,9.6910339592972,308.26023760270465,345.626388522301,392.32356968783114,0.16519254750221457,0.009166666666666667,0.1312934027777778,0.305652616946659,2.2543473830533416,0.9044835572041691,448.39381103515626,0.0,0.0,448.39381103515626,576.0938110351562,2942.4267726587336,326.2397766113281,30.0,518.2602376027046,0.0,1,N01_M016_G00,N01_M016_G00,N01,M016,816.0625,1245.75,429.6875,9.6910339592972,0.0
E52_b8aeee13ee5f313ffdb298e7,9.341569033412739,0.32052137756616617,0.32052137756616617,550.9628084392909,600.9445446860357,802.0351993981131,0.309532562555218,0.009166666666666667,0.1312934027777778,0.44999263199966244,2.110007368000338,0.8593773025001055,599.7808349609375,0.0,0.0,599.7808349609375,727.4808349609375,6015.263995485849,488.552978515625,30.0,760.9628084392909,0.0,1,N01_M016_G00,N01_M016_G00,N01,M016,816.0625,1245.75,429.6875,0.32052137756616617,0.0
E52_c0294c7ff44d44fc4ede8d97,9.63131941890856,16.7256600789149,9.63131941890856,316.70783025924425,358.9570632507807,379.92026256926977,0.16644027302831577,0.009166666666666667,0.1312934027777778,0.3069003424727602,2.2530996575272404,0.9040936429772625,506.9907958984375,0.0,0.0,506.9907958984375,634.6907958984375,2849.4019692695233,334.6907958984375,30.0,526.7078302592442,0.0,1,N01_M016_G00,N01_M016_G00,N01,M016,816.0625,1245.75,429.6875,9.63131941890856,0.0
E52_c10a50247c57c0340b451298,23.102510605611926,3.1495087650690863,3.1495087650690863,410.4813485396202,450.8988478275434,578.4577013517014,0.22790762835174688,0.009166666666666667,0.1312934027777778,0.36836769779619133,2.1916323022038093,0.8848850944386902,485.00999145507814,0.0,0.0,485.00999145507814,612.7099914550781,4338.432760137761,515.4917602539062,30.0,620.4813485396203,0.0,1,N01_M016_G00,N01_M016_G00,N01,M016,816.0625,1245.75,429.6875,3.1495087650690863,0.0
E52_c117f06f984d58b2275e6c48,9.624131919930264,0.365836005255062,0.365836005255062,533.3106765870443,577.980769869108,798.6007934817058,0.30276832431446593,0.009166666666666667,0.1312934027777778,0.4432283937589104,2.11677160624109,0.8614911269503405,536.0411193847656,0.0,0.0,536.0411193847656,663.7411193847656,5989.505951112793,425.30462646484375,30.0,743.3106765870443,0.0,1,N01_M016_G00,N01_M016_G00,N01,M016,816.0625,1245.75,429.6875,0.365836005255062,0.0
E52_d22cbe82615c6d2ee0ebf49f,10.18232641347295,15.758568264926964,10.18232641347295,318.17309843891866,352.9726015110215,427.5491784452201,0.1737067461230003,0.009166666666666667,0.1312934027777778,0.31416681556744475,2.2458331844325556,0.9018228701351735,417.5940368652344,0.0,0.0,417.5940368652344,545.2940368652344,3206.618838339151,335.390380859375,30.0,528.1730984389187,0.0,1,N01_M016_G00,N01_M016_G00,N01,M016,816.0625,1245.75,429.6875,10.18232641347295,0.0
E52_d6d1511afdebb88632549a71,11.95681392735753,16.177909036830457,11.95681392735753,342.76879390848103,389.67749650450963,404.08537224079015,0.1791309979165653,0.009166666666666667,0.1312934027777778,0.31959106736100973,2.240408932638991,0.9001277914496845,562.9044311523437,0.0,0.0,562.9044311523437,690.6044311523438,3030.640291805926,390.60443115234375,30.0,552.768793908481,0.0,1,N01_M016_G00,N01_M016_G00,N01,M016,816.0625,1245.75,429.6875,11.95681392735753,0.0
E52_da487d3b8a0906fb4529d12f,9.466834534918036,15.138353346482333,9.466834534918036,331.4673547495513,365.316990573119,459.8368945576963,0.18300743845595838,0.009166666666666667,0.1312934027777778,0.3234675079004028,2.236532492099598,0.8989164037811241,406.1956298828125,0.0,0.0,406.1956298828125,533.8956298828125,3448.7767091827222,283.8956298828125,30.0,541.4673547495513,0.0,1,N01_M016_G00,N01_M016_G00,N01,M016,816.0625,1245.75,429.6875,9.466834534918036,0.0
E52_dbec4f1422e98765afb262aa,10.873853311460351,16.38523852602286,10.873853311460351,322.5402116809159,364.1002534899979,395.72017250733956,0.1707521496628321,0.009166666666666667,0.1312934027777778,0.31121221910727653,2.248787780892724,0.9027461815289761,498.7205017089844,0.0,0.0,498.7205017089844,626.4205017089844,2967.901293805047,326.4205017089844,30.0,532.540211680916,0.0,1,N01_M016_G00,N01_M016_G00,N01,M016,816.0625,1245.75,429.6875,10.873853311460351,0.0
E52_dd12fb0cc4aee52816704b73,9.533385753575843,0.5498680641518376,0.5498680641518376,547.6210002825783,600.0718247658139,780.5370536657424,0.3052994367315811,0.009166666666666667,0.1312934027777778,0.44575950617602556,2.114240493823975,0.860700154319992,629.4098937988281,0.0,0.0,629.4098937988281,757.1098937988281,5854.027902493068,543.108642578125,30.0,757.6210002825783,0.0,1,N01_M016_G00,N01_M016_G00,N01,M016,816.0625,1245.75,429.6875,0.5498680641518376,0.0
E52_de2c36302e014a6d0284c896,10.188846349369086,15.994052628622484,10.188846349369086,325.41177480357015,364.7238282296769,414.95122905049965,0.1744969638873427,0.009166666666666667,0.1312934027777778,0.31495703333178715,2.2450429666682132,0.9015759270838165,471.74464111328126,0.0,0.0,471.74464111328126,599.4446411132812,3112.134217878747,326.2397766113281,30.0,535.4117748035701,0.0,1,N01_M016_G00,N01_M016_G00,N01,M016,816.0625,1245.75,429.6875,10.188846349369086,0.0
E52_e0325aad0b87e7c07e10fc2c,0.2899631471324966,5.987785159048158,0.2899631471324966,275.1983248954777,294.96932963587483,418.60161500091635,0.15682137892336617,0.009166666666666667,0.1312934027777778,0.2972814483678106,2.2627185516321897,0.9070995473850592,248.53977661132814,11.2877197265625,11.2877197265625,248.53977661132814,376.2397766113281,3139.5121125068727,326.2397766113281,30.0,485.1983248954777,0.0,1,N01_M016_G00,N01_M016_G00,N01,M016,816.0625,1245.75,429.6875,0.2899631471324966,0.0
E52_e0cd6bab1a22c4530d9a254c,0.9640469256907807,6.471069764274475,0.9640469256907807,260.0402116809159,280.7669201566646,395.72017250733956,0.14852449968212222,0.009166666666666667,0.1312934027777778,0.28898456912656667,2.271015430873434,0.9096923221479479,248.7205017089844,0.0,0.0,248.7205017089844,376.4205017089844,2967.901293805047,326.4205017089844,30.0,470.0402116809159,0.0,1,N01_M016_G00,N01_M016_G00,N01,M016,816.0625,1245.75,429.6875,0.9640469256907807,0.0
E52_ea76d341ab82f2ebc1fa1efe,0.2590687234203841,6.056283714240493,0.2590687234203841,275.41177480357015,298.05716156301025,414.95122905049965,0.15671484390277482,0.009166666666666667,0.1312934027777778,0.29717491334721924,2.2628250866527813,0.9071328395789939,271.74464111328126,0.0,0.0,271.74464111328126,399.44464111328125,3112.134217878747,326.2397766113281,30.0,485.41177480357015,0.0,1,N01_M016_G00,N01_M016_G00,N01,M016,816.0625,1245.75,429.6875,0.2590687234203841,0.0
E52_f2fabdd802684ffd17ed2273,0.6936377613534717,16.925225818485302,0.6936377613534717,275.2104023505881,304.60508466259984,374.0527108291059,0.15085104647056902,0.009166666666666667,0.1312934027777778,0.29131111591501346,2.268688884084987,0.9089652762765583,352.73618774414064,0.0,0.0,352.73618774414064,480.4361877441406,2805.395331218294,291.6474609375,30.0,485.2104023505881,0.0,1,N01_M016_G00,N01_M016_G00,N01,M016,816.0625,1245.75,429.6875,0.6936377613534717,0.0
E52_1ef47ef68c1879e18ddbb164,1.8109249337023954,9.684707827919368,1.8109249337023954,525.9457118932837,556.9823492630754,865.6715995678175,0.30964781577290457,0.009166666666666667,0.23199305555555558,0.5508075379951268,2.0091924620048736,0.8278726443765229,372.4396484375,0.0,0.0,372.4396484375,500.1396484375,6492.536996758631,304.7821350097656,30.0,735.9457118932837,0.0,1,N01_M017_G00,N01_M017_G00,N01,M017,5790.125,6549.375,759.25,1.8109249337023954,0.0
E52_2e64690809088e2a96fb2160,6.763310725123205,9.500767968691491,6.763310725123205,523.7789293194231,550.945126524013,884.5606754113072,0.31155234822715455,0.009166666666666667,0.23199305555555558,0.5527120704493768,2.007287929550624,0.8272774779845697,325.99436645507814,0.0,0.0,325.99436645507814,453.6943664550781,6634.205065584804,329.6845703125,30.0,733.7789293194231,0.0,1,N01_M017_G00,N01_M017_G00,N01,M017,5790.125,6549.375,759.25,6.763310725123205,0.0
E52_30110e5b3ae38ecfab28ace2,0.871248743195423,10.05954008012911,0.871248743195423,514.4106891471403,547.7506496268766,828.7816154158626,0.30032099335417484,0.009166666666666667,0.23199305555555558,0.5414807155763971,2.0185192844236033,0.8307872763823759,400.07952575683595,0.0,0.0,400.07952575683595,527.7795257568359,6215.862115618969,313.0162353515625,30.0,724.4106891471403,0.0,1,N01_M017_G00,N01_M017_G00,N01,M017,5790.125,6549.375,759.25,0.871248743195423,0.0
E52_413d3eff5d481ef66f8d3068,6.749619535867907,9.493762996477216,6.749619535867907,548.7789293194231,584.2784598573463,884.5606754113072,0.3204434082194385,0.009166666666666667,0.23199305555555558,0.5616031304416608,1.9983968695583396,0.824499021736981,425.99436645507814,0.0,0.0,425.99436645507814,553.6943664550781,6634.205065584804,329.6845703125,30.0,758.7789293194231,0.0,1,N01_M017_G00,N01_M017_G00,N01,M017,5790.125,6549.375,759.25,6.749619535867907,0.0
E52_82c821a5773d0bfbe554f10a,5.523919136465679,11.397135806608844,5.523919136465679,512.9354114719376,566.0737563002253,707.0407539741487,0.2825549862639304,0.009166666666666667,0.23199305555555558,0.5237147084861526,2.036285291513848,0.8363391535980773,637.6601379394531,0.0,0.0,637.6601379394531,765.3601379394531,5302.805654806116,465.3601379394531,30.0,722.9354114719376,0.0,1,N01_M017_G00,N01_M017_G00,N01,M017,5790.125,6549.375,759.25,5.523919136465679,0.0
E52_831cee7e7a3a549796e42b18,10.12234001482571,10.042846261792022,10.042846261792022,524.445203057942,560.9167693217765,830.061008532876,0.3040708837654974,0.009166666666666667,0.23199305555555558,0.5452306059877197,2.014769394012281,0.8296154356288377,437.65879516601564,0.0,0.0,437.65879516601564,565.3587951660156,6225.457563996571,359.5916748046875,30.0,734.445203057942,0.0,1,N01_M017_G00,N01_M017_G00,N01,M017,5790.125,6549.375,759.25,10.042846261792022,0.0
E52_88c1c7aba1fcf94c58dad20e,6.757768489867061,9.497510042154289,6.757768489867061,536.2789293194231,567.6117931906797,884.5606754113072,0.3159978782232965,0.009166666666666667,0.23199305555555558,0.5571576004455188,2.0028423995544817,0.8258882498607754,375.99436645507814,0.0,0.0,375.99436645507814,503.6943664550781,6634.205065584804,329.6845703125,30.0,746.2789293194231,0.0,1,N01_M017_G00,N01_M017_G00,N01,M017,5790.125,6549.375,759.25,6.757768489867061,0.0
E52_c98d1e580ba9a8920eeacbdb,9.90897863992818,9.995636820319618,9.90897863992818,531.3190315479533,569.3529452238973,834.4345810402425,0.30713490815373307,0.009166666666666667,0.23199305555555558,0.5482946303759553,2.0117053696240452,0.8286579280075139,456.40696411132814,0.0,0.0,456.40696411132814,584.1069641113281,6258.259357801819,362.73199462890625,30.0,741.3190315479533,0.0,1,N01_M017_G00,N01_M017_G00,N01,M017,5790.125,6549.375,759.25,9.90897863992818,0.0
E52_cdef0b479e00ae29ebd83132,0.4692401324579123,10.01648148125875,0.4692401324579123,520.0071121141804,554.5433095222207,832.7970397801186,0.3028799960747676,0.009166666666666667,0.23199305555555558,0.5440397182969898,2.015960281703011,0.8299875880321907,414.4343688964844,0.0,0.0,414.4343688964844,542.1343688964844,6245.977798350889,297.6476745605469,30.0,730.0071121141804,0.0,1,N01_M017_G00,N01_M017_G00,N01,M017,5790.125,6549.375,759.25,0.4692401324579123,0.0
E52_d3460088443e86b69235cf2f,9.820370805240273,10.110906533633653,9.820370805240273,520.9986937965015,557.4049117530444,823.5600798537452,0.3019244763287566,0.009166666666666667,0.23199305555555558,0.5430841985509788,2.016915801449022,0.8302861879528192,436.87461547851564,0.0,0.0,436.87461547851564,564.5746154785156,6176.700598903089,281.75616455078125,30.0,730.9986937965015,0.0,1,N01_M017_G00,N01_M017_G00,N01,M017,5790.125,6549.375,759.25,9.820370805240273,0.0
E52_ef8fa59407d07a2296b5f591,1.3695242495045648,0.3151276047193221,0.3151276047193221,505.85939793409244,540.3898465933535,804.5361039126185,0.29384606362066074,0.009166666666666667,0.23199305555555558,0.5350057858428829,2.0249942141571173,0.8328106919240991,414.3653839111328,0.0,0.0,414.3653839111328,542.0653839111328,6034.020779344639,284.8677062988281,30.0,715.8593979340924,0.0,1,N01_M017_G00,N01_M017_G00,N01,M017,5790.125,6549.375,759.25,0.3151276047193221,0.0
E52_1ef47ef68c1879e18ddbb164,1.8109249337023954,9.684707827919368,1.8109249337023954,525.9457118932837,556.9823492630754,865.6715995678175,0.30964781577290457,0.009166666666666667,0.2702256944444445,0.5890401768840157,1.9709598231159848,0.8159249447237451,372.4396484375,0.0,0.0,372.4396484375,500.1396484375,6492.536996758631,304.7821350097656,30.0,735.9457118932837,0.0,1,N01_M018_G00,N01_M018_G00,N01,M018,5503.41875,6387.79375,884.375,1.8109249337023954,0.0
E52_2e64690809088e2a96fb2160,6.775690561658408,9.500767968691491,6.775690561658408,523.7789293194231,550.945126524013,884.5606754113072,0.31155234822715455,0.009166666666666667,0.2702256944444445,0.5909447093382657,1.9690552906617347,0.815329778331792,325.99436645507814,0.0,0.0,325.99436645507814,453.6943664550781,6634.205065584804,329.6845703125,30.0,733.7789293194231,0.0,1,N01_M018_G00,N01_M018_G00,N01,M018,5503.41875,6387.79375,884.375,6.775690561658408,0.0
E52_30110e5b3ae38ecfab28ace2,0.871248743195423,10.05954008012911,0.871248743195423,514.4106891471403,547.7506496268766,828.7816154158626,0.30032099335417484,0.009166666666666667,0.2702256944444445,0.5797133544652859,1.9802866455347146,0.8188395767295982,400.07952575683595,0.0,0.0,400.07952575683595,527.7795257568359,6215.862115618969,313.0162353515625,30.0,724.4106891471403,0.0,1,N01_M018_G00,N01_M018_G00,N01,M018,5503.41875,6387.79375,884.375,0.871248743195423,0.0
E52_413d3eff5d481ef66f8d3068,6.761960350847289,9.493762996477216,6.761960350847289,548.7789293194231,584.2784598573463,884.5606754113072,0.3204434082194385,0.009166666666666667,0.2702256944444445,0.5998357693305496,1.960164230669451,0.8125513220842032,425.99436645507814,0.0,0.0,425.99436645507814,553.6943664550781,6634.205065584804,329.6845703125,30.0,758.7789293194231,0.0,1,N01_M018_G00,N01_M018_G00,N01,M018,5503.41875,6387.79375,884.375,6.761960350847289,0.0
E52_82c821a5773d0bfbe554f10a,5.523919136465679,11.397135806608844,5.523919136465679,512.9354114719376,566.0737563002253,707.0407539741487,0.2825549862639304,0.009166666666666667,0.2702256944444445,0.5619473473750416,1.998052652624959,0.8243914539452994,637.6601379394531,0.0,0.0,637.6601379394531,765.3601379394531,5302.805654806116,465.3601379394531,30.0,722.9354114719376,0.0,1,N01_M018_G00,N01_M018_G00,N01,M018,5503.41875,6387.79375,884.375,5.523919136465679,0.0
E52_831cee7e7a3a549796e42b18,10.148020964199446,10.042846261792022,10.042846261792022,524.445203057942,560.9167693217765,830.061008532876,0.3040708837654974,0.009166666666666667,0.2702256944444445,0.5834632448766086,1.9765367551233919,0.8176677359760598,437.65879516601564,0.0,0.0,437.65879516601564,565.3587951660156,6225.457563996571,359.5916748046875,30.0,734.445203057942,0.0,1,N01_M018_G00,N01_M018_G00,N01,M018,5503.41875,6387.79375,884.375,10.042846261792022,0.0
E52_88c1c7aba1fcf94c58dad20e,6.770132515493884,9.497510042154289,6.770132515493884,536.2789293194231,567.6117931906797,884.5606754113072,0.3159978782232965,0.009166666666666667,0.2702256944444445,0.5953902393344077,1.9646097606655928,0.8139405502079976,375.99436645507814,0.0,0.0,375.99436645507814,503.6943664550781,6634.205065584804,329.6845703125,30.0,746.2789293194231,0.0,1,N01_M018_G00,N01_M018_G00,N01,M018,5503.41875,6387.79375,884.375,6.770132515493884,0.0
E52_c98d1e580ba9a8920eeacbdb,9.933758786130525,9.995636820319618,9.933758786130525,531.3190315479533,569.3529452238973,834.4345810402425,0.30713490815373307,0.009166666666666667,0.2702256944444445,0.5865272692648442,1.9734727307351563,0.8167102283547362,456.40696411132814,0.0,0.0,456.40696411132814,584.1069641113281,6258.259357801819,362.73199462890625,30.0,741.3190315479533,0.0,1,N01_M018_G00,N01_M018_G00,N01,M018,5503.41875,6387.79375,884.375,9.933758786130525,0.0
E52_cdef0b479e00ae29ebd83132,0.4692401324579123,10.01648148125875,0.4692401324579123,520.0071121141804,554.5433095222207,832.7970397801186,0.3028799960747676,0.009166666666666667,0.2702256944444445,0.5822723571858788,1.9777276428141217,0.8180398883794129,414.4343688964844,0.0,0.0,414.4343688964844,542.1343688964844,6245.977798350889,297.6476745605469,30.0,730.0071121141804,0.0,1,N01_M018_G00,N01_M018_G00,N01,M018,5503.41875,6387.79375,884.375,0.4692401324579123,0.0
E52_d3460088443e86b69235cf2f,9.820370805240273,10.110906533633653,9.820370805240273,520.9986937965015,557.4049117530444,823.5600798537452,0.3019244763287566,0.009166666666666667,0.2702256944444445,0.5813168374398677,1.9786831625601327,0.8183384883000413,436.87461547851564,0.0,0.0,436.87461547851564,564.5746154785156,6176.700598903089,281.75616455078125,30.0,730.9986937965015,0.0,1,N01_M018_G00,N01_M018_G00,N01,M018,5503.41875,6387.79375,884.375,9.820370805240273,0.0
E52_ef8fa59407d07a2296b5f591,1.3695242495045648,0.3151276047193221,0.3151276047193221,505.85939793409244,540.3898465933535,804.5361039126185,0.29384606362066074,0.009166666666666667,0.2702256944444445,0.5732384247317719,1.9867615752682286,0.8208629922713213,414.3653839111328,0.0,0.0,414.3653839111328,542.0653839111328,6034.020779344639,284.8677062988281,30.0,715.8593979340924,0.0,1,N01_M018_G00,N01_M018_G00,N01,M018,5503.41875,6387.79375,884.375,0.3151276047193221,0.0
E52_1ef47ef68c1879e18ddbb164,1.8109249337023954,9.684707827919368,1.8109249337023954,525.9457118932837,556.9823492630754,865.6715995678175,0.30964781577290457,0.009166666666666667,0.25032638888888903,0.5691408713284603,1.9908591286715402,0.8221434777098562,372.4396484375,0.0,0.0,372.4396484375,500.1396484375,6492.536996758631,304.7821350097656,30.0,735.9457118932837,0.0,1,N01_M019_G00,N01_M019_G00,N01,M019,3888.225,4707.475,819.2500000000005,1.8109249337023954,0.0
E52_2e64690809088e2a96fb2160,6.763310725123205,9.500767968691491,6.763310725123205,523.7789293194231,550.945126524013,884.5606754113072,0.31155234822715455,0.009166666666666667,0.25032638888888903,0.5710454037827102,1.9889545962172903,0.8215483113179031,325.99436645507814,0.0,0.0,325.99436645507814,453.6943664550781,6634.205065584804,329.6845703125,30.0,733.7789293194231,0.0,1,N01_M019_G00,N01_M019_G00,N01,M019,3888.225,4707.475,819.2500000000005,6.763310725123205,0.0
E52_30110e5b3ae38ecfab28ace2,0.871248743195423,10.05954008012911,0.871248743195423,514.4106891471403,547.7506496268766,828.7816154158626,0.30032099335417484,0.009166666666666667,0.25032638888888903,0.5598140489097305,2.0001859510902698,0.8250581097157093,400.07952575683595,0.0,0.0,400.07952575683595,527.7795257568359,6215.862115618969,313.0162353515625,30.0,724.4106891471403,0.0,1,N01_M019_G00,N01_M019_G00,N01,M019,3888.225,4707.475,819.2500000000005,0.871248743195423,0.0
E52_413d3eff5d481ef66f8d3068,6.749619535867907,9.493762996477216,6.749619535867907,548.7789293194231,584.2784598573463,884.5606754113072,0.3204434082194385,0.009166666666666667,0.25032638888888903,0.5799364637749942,1.9800635362250063,0.8187698550703143,425.99436645507814,0.0,0.0,425.99436645507814,553.6943664550781,6634.205065584804,329.6845703125,30.0,758.7789293194231,0.0,1,N01_M019_G00,N01_M019_G00,N01,M019,3888.225,4707.475,819.2500000000005,6.749619535867907,0.0
E52_82c821a5773d0bfbe554f10a,5.523919136465679,11.397135806608844,5.523919136465679,512.9354114719376,566.0737563002253,707.0407539741487,0.2825549862639304,0.009166666666666667,0.25032638888888903,0.5420480418194861,2.0179519581805145,0.8306099869314106,637.6601379394531,0.0,0.0,637.6601379394531,765.3601379394531,5302.805654806116,465.3601379394531,30.0,722.9354114719376,0.0,1,N01_M019_G00,N01_M019_G00,N01,M019,3888.225,4707.475,819.2500000000005,5.523919136465679,0.0
E52_831cee7e7a3a549796e42b18,10.12234001482571,10.042846261792022,10.042846261792022,524.445203057942,560.9167693217765,830.061008532876,0.3040708837654974,0.009166666666666667,0.25032638888888903,0.5635639393210531,1.9964360606789473,0.8238862689621709,437.65879516601564,0.0,0.0,437.65879516601564,565.3587951660156,6225.457563996571,359.5916748046875,30.0,734.445203057942,0.0,1,N01_M019_G00,N01_M019_G00,N01,M019,3888.225,4707.475,819.2500000000005,10.042846261792022,0.0
E52_88c1c7aba1fcf94c58dad20e,6.757768489867061,9.497510042154289,6.757768489867061,536.2789293194231,567.6117931906797,884.5606754113072,0.3159978782232965,0.009166666666666667,0.25032638888888903,0.5754909337788522,1.9845090662211482,0.8201590831941087,375.99436645507814,0.0,0.0,375.99436645507814,503.6943664550781,6634.205065584804,329.6845703125,30.0,746.2789293194231,0.0,1,N01_M019_G00,N01_M019_G00,N01,M019,3888.225,4707.475,819.2500000000005,6.757768489867061,0.0
E52_c98d1e580ba9a8920eeacbdb,9.90897863992818,9.995636820319618,9.90897863992818,531.3190315479533,569.3529452238973,834.4345810402425,0.30713490815373307,0.009166666666666667,0.25032638888888903,0.5666279637092888,1.9933720362907117,0.8229287613408472,456.40696411132814,0.0,0.0,456.40696411132814,584.1069641113281,6258.259357801819,362.73199462890625,30.0,741.3190315479533,0.0,1,N01_M019_G00,N01_M019_G00,N01,M019,3888.225,4707.475,819.2500000000005,9.90897863992818,0.0
E52_cdef0b479e00ae29ebd83132,0.4692401324579123,10.01648148125875,0.4692401324579123,520.0071121141804,554.5433095222207,832.7970397801186,0.3028799960747676,0.009166666666666667,0.25032638888888903,0.5623730516303234,1.9976269483696771,0.824258421365524,414.4343688964844,0.0,0.0,414.4343688964844,542.1343688964844,6245.977798350889,297.6476745605469,30.0,730.0071121141804,0.0,1,N01_M019_G00,N01_M019_G00,N01,M019,3888.225,4707.475,819.2500000000005,0.4692401324579123,0.0
E52_d3460088443e86b69235cf2f,9.820370805240273,10.110906533633653,9.820370805240273,520.9986937965015,557.4049117530444,823.5600798537452,0.3019244763287566,0.009166666666666667,0.25032638888888903,0.5614175318843122,1.9985824681156883,0.8245570212861524,436.87461547851564,0.0,0.0,436.87461547851564,564.5746154785156,6176.700598903089,281.75616455078125,30.0,730.9986937965015,0.0,1,N01_M019_G00,N01_M019_G00,N01,M019,3888.225,4707.475,819.2500000000005,9.820370805240273,0.0
E52_ef8fa59407d07a2296b5f591,1.3695242495045648,0.3151276047193221,0.3151276047193221,505.85939793409244,540.3898465933535,804.5361039126185,0.29384606362066074,0.009166666666666667,0.25032638888888903,0.5533391191762165,2.006660880823784,0.8270815252574324,414.3653839111328,0.0,0.0,414.3653839111328,542.0653839111328,6034.020779344639,284.8677062988281,30.0,715.8593979340924,0.0,1,N01_M019_G00,N01_M019_G00,N01,M019,3888.225,4707.475,819.2500000000005,0.3151276047193221,0.0
E52_060143e4033ea7dfc142ce26,0.46341723162035464,13.051384290227645,0.46341723162035464,390.52156568077555,422.97629514244545,586.3147545915316,0.2219218246513189,0.009166666666666667,0.11777256944444446,0.34886106076243,2.2111389392375704,0.8909809185117407,389.4567535400391,0.0,0.0,389.4567535400391,517.1567535400391,4397.360659436487,298.2110595703125,30.0,600.5215656807756,0.0,1,N01_M020_G00,N01_M020_G00,N01,M020,2072.9375,2458.375,385.4375,0.46341723162035464,0.0
E52_0c56c0f390b777971f9a7e58,15.674992183267207,2.1743859331465814,2.1743859331465814,461.3120930283848,507.24512830670517,647.0259743868478,0.2556960576036008,0.009166666666666667,0.11777256944444446,0.38263529371471194,2.1773647062852888,0.8804264707141525,551.1964233398437,0.0,0.0,551.1964233398437,678.8964233398438,4852.694807901358,439.2268981933594,30.0,671.3120930283849,0.0,1,N01_M020_G00,N01_M020_G00,N01,M020,2072.9375,2458.375,385.4375,2.1743859331465814,0.0
E52_0f45fcab7c66cb90fa618929,12.448871869132986,12.721246579688795,12.448871869132986,427.8988653120833,469.21977900837237,607.8722484464322,0.23826781941132907,0.009166666666666667,0.11777256944444446,0.3652070555224402,2.1947929444775602,0.8858727951492374,495.85096435546876,0.0,0.0,495.85096435546876,623.5509643554688,4559.041863348241,326.6978454589844,30.0,637.8988653120832,0.0,1,N01_M020_G00,N01_M020_G00,N01,M020,2072.9375,2458.375,385.4375,12.448871869132986,0.0
E52_12b142f00e8cb4e3948f96c2,1.250076748455598,12.991659521749298,1.250076748455598,402.5936730780369,438.4739485500421,589.9056933240425,0.22672373828986628,0.009166666666666667,0.11777256944444446,0.3536629744009774,2.206337025599023,0.8894803204996946,430.5633056640625,0.0,0.0,430.5633056640625,558.2633056640625,4424.292699930319,284.7546081542969,30.0,612.5936730780369,0.0,1,N01_M020_G00,N01_M020_G00,N01,M020,2072.9375,2458.375,385.4375,1.250076748455598,0.0
E52_132fcaf6d631eae41e83e018,13.266570380327735,12.621037374336296,12.621037374336296,466.52713400648173,519.919143487276,612.7022111281979,0.2526897045720101,0.009166666666666667,0.11777256944444446,0.37962894068312125,2.1803710593168795,0.8813659560365246,640.7041137695312,0.0,0.0,640.7041137695312,768.4041137695312,4595.266583461484,468.40411376953125,30.0,676.5271340064817,0.0,1,N01_M020_G00,N01_M020_G00,N01,M020,2072.9375,2458.375,385.4375,12.621037374336296,0.0
E52_154bbd26b7808edf72eaa410,10.639890586326203,13.235683344326844,10.639890586326203,444.90797820490957,498.19814035497467,570.0749835094285,0.23896400983981742,0.009166666666666667,0.11777256944444446,0.36590324595092855,2.194096754049072,0.8856552356403349,639.4819458007812,0.0,0.0,639.4819458007812,767.1819458007812,4275.562376320714,467.18194580078125,30.0,654.9079782049096,0.0,1,N01_M020_G00,N01_M020_G00,N01,M020,2072.9375,2458.375,385.4375,10.639890586326203,0.0
E52_2d291a2169e36d61d7bf7582,11.343100122152421,12.790365797832976,11.343100122152421,470.3839036593983,527.1993216484933,599.8752993842263,0.25224474652706685,0.009166666666666667,0.11777256944444446,0.379183982638178,2.1808160173618223,0.8815050054255694,681.7850158691406,0.0,0.0,681.7850158691406,809.4850158691406,4499.064745381697,509.4850158691406,30.0,680.3839036593984,0.0,1,N01_M020_G00,N01_M020_G00,N01,M020,2072.9375,2458.375,385.4375,11.343100122152421,0.0
E52_32cd7932ac3bc8f6e82bd016,12.518308462323489,12.531399030736651,12.518308462323489,433.33722088021847,474.19552115284216,621.5246401246948,0.24213542524196421,0.009166666666666667,0.11777256944444446,0.3690746613530754,2.190925338646925,0.884664168327164,490.2996032714844,0.0,0.0,490.2996032714844,617.9996032714844,4661.434800935211,324.9372863769531,30.0,643.3372208802184,0.0,1,N01_M020_G00,N01_M020_G00,N01,M020,2072.9375,2458.375,385.4375,12.518308462323489,0.0
E52_3322673a66874be8fb5ff9e0,2.167407480562815,12.93559360833251,2.167407480562815,392.2739001975914,423.9757012433271,594.3369941207687,0.2236811646950203,0.009166666666666667,0.11777256944444446,0.35062040080613144,2.209379599193869,0.890431124748084,380.42161254882814,0.0,0.0,380.42161254882814,508.1216125488281,4457.527455905765,308.1216125488281,30.0,602.2739001975914,0.0,1,N01_M020_G00,N01_M020_G00,N01,M020,2072.9375,2458.375,385.4375,2.167407480562815,0.0
E52_4d215302190bc5bfb29bf912,7.6104963551872515,16.37371485667674,7.6104963551872515,307.50969179304633,343.7570581260541,397.53518558804575,0.1656637075427803,0.009166666666666667,0.11777256944444446,0.2926029436538914,2.267397056346109,0.9085615801081589,434.96839599609376,0.0,0.0,434.96839599609376,562.6683959960938,2981.5138919103433,336.56707763671875,30.0,517.5096917930464,0.0,1,N01_M020_G00,N01_M020_G00,N01,M020,2072.9375,2458.375,385.4375,7.6104963551872515,0.0
E52_575c4f100493de938643a13d,15.011258691077174,2.099203328999508,2.099203328999508,470.05405043895155,518.0123847895375,652.3580947743875,0.259560220504969,0.009166666666666667,0.11777256944444446,0.38649945661608015,2.1735005433839203,0.8792189198074749,575.5000122070312,0.0,0.0,575.5000122070312,703.2000122070312,4892.685710807907,437.3766174316406,30.0,680.0540504389515,0.0,1,N01_M020_G00,N01_M020_G00,N01,M020,2072.9375,2458.375,385.4375,2.099203328999508,0.0
E52_67646c2afbeb5602853e5a9c,2.134504918499786,12.927232110573698,2.134504918499786,404.7739001975914,440.6423679099937,594.3369941207687,0.22812669469116229,0.009166666666666667,0.11777256944444446,0.3550659308022734,2.2049340691977273,0.8890418966242896,430.42161254882814,0.0,0.0,430.42161254882814,558.1216125488281,4457.527455905765,308.1216125488281,30.0,614.7739001975914,0.0,1,N01_M020_G00,N01_M020_G00,N01,M020,2072.9375,2458.375,385.4375,2.134504918499786,0.0
E52_7ccd1e182a1b2540fd645bfb,2.2842575791542856,2.4191590009326376,2.2842575791542856,429.0509151666868,465.88596358791074,630.2977572539465,0.24168092785315382,0.009166666666666667,0.11777256944444446,0.36862016396426495,2.1913798360357357,0.8848061987611672,447.8438232421875,5.8232421875,5.8232421875,447.8438232421875,575.5438232421875,4727.2331794045995,525.5438232421875,30.0,639.0509151666868,0.0,1,N01_M020_G00,N01_M020_G00,N01,M020,2072.9375,2458.375,385.4375,2.2842575791542856,0.0
E52_7e4744117cf2a1b6b8665ab3,12.013229015233236,12.590569849682154,12.013229015233236,474.82609328547096,530.7107225986219,614.3444106920357,0.25587373999544005,0.009166666666666667,0.11777256944444446,0.3828129761065512,2.1771870238934494,0.8803709449667028,670.6155517578125,0.0,0.0,670.6155517578125,798.3155517578125,4607.5830801902675,498.3155517578125,30.0,684.826093285471,0.0,1,N01_M020_G00,N01_M020_G00,N01,M020,2072.9375,2458.375,385.4375,12.013229015233236,0.0
E52_a0032802edd73d232f2c84c2,13.299443437173252,12.395809404549922,12.395809404549922,482.4923087567502,538.5719606529091,628.5067061365473,0.26060588149401487,0.009166666666666667,0.11777256944444446,0.387545117605126,2.1724548823948746,0.8788921507483981,672.9558227539062,0.0,0.0,672.9558227539062,800.6558227539062,4713.800296024105,500.65582275390625,30.0,692.4923087567502,0.0,1,N01_M020_G00,N01_M020_G00,N01,M020,2072.9375,2458.375,385.4375,12.395809404549922,0.0
E52_aaa387ee3ee3170bd804334d,7.017439111244244,18.409477866986336,7.017439111244244,263.5215778829557,299.2286101502083,312.8009621623957,0.13801933350380158,0.009166666666666667,0.11777256944444446,0.2649585696149127,2.295041430385088,0.9172004469953398,428.48438720703126,0.0,0.0,428.48438720703126,556.1843872070312,2346.0072162179677,386.9435729980469,30.0,473.5215778829557,0.0,1,N01_M020_G00,N01_M020_G00,N01,M020,2072.9375,2458.375,385.4375,7.017439111244244,0.0
E52_b4122a9095172602242b40e3,12.09289787926771,12.917805218005896,12.09289787926771,417.2739001975914,457.30903457666045,594.3369941207687,0.23257222468730426,0.009166666666666667,0.11777256944444446,0.3595114607984154,2.200488539201585,0.8876526685004952,480.42161254882814,0.0,0.0,480.42161254882814,608.1216125488281,4457.527455905765,308.1216125488281,30.0,627.2739001975914,0.0,1,N01_M020_G00,N01_M020_G00,N01,M020,2072.9375,2458.375,385.4375,12.09289787926771,0.0
E52_b45db00398315637fb020e5f,8.834540458674411,10.742298629097064,8.834540458674411,520.0993036420956,566.0861185224667,764.2777180019647,0.2932088546230577,0.009166666666666667,0.11777256944444446,0.4201480907341688,2.1398519092658317,0.8687037216455722,551.8417785644531,0.0,0.0,551.8417785644531,679.5417785644531,5732.082885014735,386.71868896484375,30.0,730.0993036420956,0.0,1,N01_M020_G00,N01_M020_G00,N01,M020,2072.9375,2458.375,385.4375,8.834540458674411,0.0
E52_be79b94db4a0a5b6faaed631,9.987469372231445,13.435452033242427,9.987469372231445,439.28613208838135,492.92224150407145,556.7556076826221,0.23507830977561708,0.009166666666666667,0.11777256944444446,0.3620175458867282,2.1979824541132724,0.8868695169103975,643.6333129882812,0.0,0.0,643.6333129882812,771.3333129882812,4175.667057619666,471.33331298828125,30.0,649.2861320883814,0.0,1,N01_M020_G00,N01_M020_G00,N01,M020,2072.9375,2458.375,385.4375,9.987469372231445,0.0
E52_beb70ec57fd2d66bf65b827f,13.002557010438537,2.43785423226241,2.43785423226241,429.6587378248194,468.09544538504076,628.6972302883107,0.2418430061920666,0.009166666666666667,0.11777256944444446,0.36878224230317774,2.1912177576968226,0.884755549280257,461.24049072265626,0.0,0.0,461.24049072265626,588.9404907226562,4715.22922716233,538.9404907226562,30.0,639.6587378248194,0.0,1,N01_M020_G00,N01_M020_G00,N01,M020,2072.9375,2458.375,385.4375,2.43785423226241,0.0
E52_c515ea57360fd29f9add62f7,8.444688165496984,10.649906727109496,8.444688165496984,525.5980011021792,572.0554631586571,772.4512298654912,0.29632198385281766,0.009166666666666667,0.11777256944444446,0.4232612199639288,2.1367387800360715,0.8677308687612723,557.4895446777343,0.0,0.0,557.4895446777343,685.1895446777344,5793.384223991184,393.3172912597656,30.0,735.5980011021792,0.0,1,N01_M020_G00,N01_M020_G00,N01,M020,2072.9375,2458.375,385.4375,8.444688165496984,0.0
E52_f4836ff0bfcbe7f74f580128,10.114867033149864,13.198394987858308,10.114867033149864,446.8309536018799,500.3537512499919,572.525121315088,0.23999489789029496,0.009166666666666667,0.11777256944444446,0.36693413400140606,2.1930658659985944,0.8853330831245606,642.2735717773437,0.0,0.0,642.2735717773437,769.9735717773438,4293.93840986316,483.0478820800781,30.0,656.8309536018799,0.0,1,N01_M020_G00,N01_M020_G00,N01,M020,2072.9375,2458.375,385.4375,10.114867033149864,0.0
E52_fb97bb829fc82a7376005525,11.350987848164124,12.561592200960149,11.350987848164124,483.9909817485873,542.6900133241081,615.7877740440496,0.2593375767224136,0.009166666666666667,0.11777256944444446,0.3862768128335247,2.173723187166476,0.8792884959895235,704.38837890625,0.0,0.0,704.38837890625,832.08837890625,4618.408305330372,532.08837890625,30.0,693.9909817485873,0.0,1,N01_M020_G00,N01_M020_G00,N01,M020,2072.9375,2458.375,385.4375,11.350987848164124,0.0
E52_060143e4033ea7dfc142ce26,0.46341723162035464,13.051384290227645,0.46341723162035464,390.52156568077555,422.97629514244545,586.3147545915316,0.2219218246513189,0.009166666666666667,0.12693923611111113,0.3580277274290967,2.2019722725709037,0.8881163351784073,389.4567535400391,0.0,0.0,389.4567535400391,517.1567535400391,4397.360659436487,298.2110595703125,30.0,600.5215656807756,0.0,1,N01_M021_G00,N01_M021_G00,N01,M021,789.4375,1204.875,415.4375,0.46341723162035464,0.0
E52_0c56c0f390b777971f9a7e58,15.674992183267207,2.1743859331465814,2.1743859331465814,461.3120930283848,507.24512830670517,647.0259743868478,0.2556960576036008,0.009166666666666667,0.12693923611111113,0.3918019603813786,2.168198039618622,0.8775618873808192,551.1964233398437,0.0,0.0,551.1964233398437,678.8964233398438,4852.694807901358,439.2268981933594,30.0,671.3120930283849,0.0,1,N01_M021_G00,N01_M021_G00,N01,M021,789.4375,1204.875,415.4375,2.1743859331465814,0.0
E52_0f45fcab7c66cb90fa618929,12.448871869132986,12.721246579688795,12.448871869132986,427.8988653120833,469.21977900837237,607.8722484464322,0.23826781941132907,0.009166666666666667,0.12693923611111113,0.37437372218910686,2.1856262778108935,0.8830082118159042,495.85096435546876,0.0,0.0,495.85096435546876,623.5509643554688,4559.041863348241,326.6978454589844,30.0,637.8988653120832,0.0,1,N01_M021_G00,N01_M021_G00,N01,M021,789.4375,1204.875,415.4375,12.448871869132986,0.0
E52_12b142f00e8cb4e3948f96c2,1.250076748455598,12.991659521749298,1.250076748455598,402.5936730780369,438.4739485500421,589.9056933240425,0.22672373828986628,0.009166666666666667,0.12693923611111113,0.36282964106764404,2.1971703589323566,0.8866157371663612,430.5633056640625,0.0,0.0,430.5633056640625,558.2633056640625,4424.292699930319,284.7546081542969,30.0,612.5936730780369,0.0,1,N01_M021_G00,N01_M021_G00,N01,M021,789.4375,1204.875,415.4375,1.250076748455598,0.0
E52_132fcaf6d631eae41e83e018,13.266570380327735,12.621037374336296,12.621037374336296,466.52713400648173,519.919143487276,612.7022111281979,0.2526897045720101,0.009166666666666667,0.12693923611111113,0.3887956073497879,2.1712043926502127,0.8785013727031913,640.7041137695312,0.0,0.0,640.7041137695312,768.4041137695312,4595.266583461484,468.40411376953125,30.0,676.5271340064817,0.0,1,N01_M021_G00,N01_M021_G00,N01,M021,789.4375,1204.875,415.4375,12.621037374336296,0.0
E52_154bbd26b7808edf72eaa410,10.639890586326203,13.235683344326844,10.639890586326203,444.90797820490957,498.19814035497467,570.0749835094285,0.23896400983981742,0.009166666666666667,0.12693923611111113,0.3750699126175952,2.1849300873824054,0.8827906523070015,639.4819458007812,0.0,0.0,639.4819458007812,767.1819458007812,4275.562376320714,467.18194580078125,30.0,654.9079782049096,0.0,1,N01_M021_G00,N01_M021_G00,N01,M021,789.4375,1204.875,415.4375,10.639890586326203,0.0
E52_2d291a2169e36d61d7bf7582,11.343100122152421,12.790365797832976,11.343100122152421,470.3839036593983,527.1993216484933,599.8752993842263,0.25224474652706685,0.009166666666666667,0.12693923611111113,0.38835064930484464,2.171649350695156,0.878640422092236,681.7850158691406,0.0,0.0,681.7850158691406,809.4850158691406,4499.064745381697,509.4850158691406,30.0,680.3839036593984,0.0,1,N01_M021_G00,N01_M021_G00,N01,M021,789.4375,1204.875,415.4375,11.343100122152421,0.0
E52_32cd7932ac3bc8f6e82bd016,12.518308462323489,12.531399030736651,12.518308462323489,433.33722088021847,474.19552115284216,621.5246401246948,0.24213542524196421,0.009166666666666667,0.12693923611111113,0.37824132801974203,2.1817586719802584,0.8817995849938306,490.2996032714844,0.0,0.0,490.2996032714844,617.9996032714844,4661.434800935211,324.9372863769531,30.0,643.3372208802184,0.0,1,N01_M021_G00,N01_M021_G00,N01,M021,789.4375,1204.875,415.4375,12.518308462323489,0.0
E52_3322673a66874be8fb5ff9e0,2.167407480562815,12.93559360833251,2.167407480562815,392.2739001975914,423.9757012433271,594.3369941207687,0.2236811646950203,0.009166666666666667,0.12693923611111113,0.3597870674727981,2.2002129325272026,0.8875665414147506,380.42161254882814,0.0,0.0,380.42161254882814,508.1216125488281,4457.527455905765,308.1216125488281,30.0,602.2739001975914,0.0,1,N01_M021_G00,N01_M021_G00,N01,M021,789.4375,1204.875,415.4375,2.167407480562815,0.0
E52_4d215302190bc5bfb29bf912,7.6104963551872515,16.37371485667674,7.6104963551872515,307.50969179304633,343.7570581260541,397.53518558804575,0.1656637075427803,0.009166666666666667,0.12693923611111113,0.30176961032055805,2.2582303896794427,0.9056969967748256,434.96839599609376,0.0,0.0,434.96839599609376,562.6683959960938,2981.5138919103433,336.56707763671875,30.0,517.5096917930464,0.0,1,N01_M021_G00,N01_M021_G00,N01,M021,789.4375,1204.875,415.4375,7.6104963551872515,0.0
E52_575c4f100493de938643a13d,15.011258691077174,2.099203328999508,2.099203328999508,470.05405043895155,518.0123847895375,652.3580947743875,0.259560220504969,0.009166666666666667,0.12693923611111113,0.3956661232827468,2.1643338767172535,0.8763543364741416,575.5000122070312,0.0,0.0,575.5000122070312,703.2000122070312,4892.685710807907,437.3766174316406,30.0,680.0540504389515,0.0,1,N01_M021_G00,N01_M021_G00,N01,M021,789.4375,1204.875,415.4375,2.099203328999508,0.0
E52_67646c2afbeb5602853e5a9c,2.134504918499786,12.927232110573698,2.134504918499786,404.7739001975914,440.6423679099937,594.3369941207687,0.22812669469116229,0.009166666666666667,0.12693923611111113,0.3642325974689401,2.1957674025310605,0.8861773132909563,430.42161254882814,0.0,0.0,430.42161254882814,558.1216125488281,4457.527455905765,308.1216125488281,30.0,614.7739001975914,0.0,1,N01_M021_G00,N01_M021_G00,N01,M021,789.4375,1204.875,415.4375,2.134504918499786,0.0
E52_7ccd1e182a1b2540fd645bfb,2.2842575791542856,2.4191590009326376,2.2842575791542856,429.0509151666868,465.88596358791074,630.2977572539465,0.24168092785315382,0.009166666666666667,0.12693923611111113,0.3777868306309316,2.182213169369069,0.8819416154278339,447.8438232421875,5.8232421875,5.8232421875,447.8438232421875,575.5438232421875,4727.2331794045995,525.5438232421875,30.0,639.0509151666868,0.0,1,N01_M021_G00,N01_M021_G00,N01,M021,789.4375,1204.875,415.4375,2.2842575791542856,0.0
E52_7e4744117cf2a1b6b8665ab3,12.013229015233236,12.590569849682154,12.013229015233236,474.82609328547096,530.7107225986219,614.3444106920357,0.25587373999544005,0.009166666666666667,0.12693923611111113,0.39197964277321784,2.1680203572267827,0.8775063616333694,670.6155517578125,0.0,0.0,670.6155517578125,798.3155517578125,4607.5830801902675,498.3155517578125,30.0,684.826093285471,0.0,1,N01_M021_G00,N01_M021_G00,N01,M021,789.4375,1204.875,415.4375,12.013229015233236,0.0
E52_a0032802edd73d232f2c84c2,13.299443437173252,12.395809404549922,12.395809404549922,482.4923087567502,538.5719606529091,628.5067061365473,0.26060588149401487,0.009166666666666667,0.12693923611111113,0.39671178427179266,2.163288215728208,0.8760275674150648,672.9558227539062,0.0,0.0,672.9558227539062,800.6558227539062,4713.800296024105,500.65582275390625,30.0,692.4923087567502,0.0,1,N01_M021_G00,N01_M021_G00,N01,M021,789.4375,1204.875,415.4375,12.395809404549922,0.0
E52_aaa387ee3ee3170bd804334d,7.017439111244244,18.409477866986336,7.017439111244244,263.5215778829557,299.2286101502083,312.8009621623957,0.13801933350380158,0.009166666666666667,0.12693923611111113,0.27412523628157937,2.285874763718421,0.9143358636620065,428.48438720703126,0.0,0.0,428.48438720703126,556.1843872070312,2346.0072162179677,386.9435729980469,30.0,473.5215778829557,0.0,1,N01_M021_G00,N01_M021_G00,N01,M021,789.4375,1204.875,415.4375,7.017439111244244,0.0
E52_b4122a9095172602242b40e3,12.09289787926771,12.917805218005896,12.09289787926771,417.2739001975914,457.30903457666045,594.3369941207687,0.23257222468730426,0.009166666666666667,0.12693923611111113,0.36867812746508205,2.1913218725349184,0.8847880851671619,480.42161254882814,0.0,0.0,480.42161254882814,608.1216125488281,4457.527455905765,308.1216125488281,30.0,627.2739001975914,0.0,1,N01_M021_G00,N01_M021_G00,N01,M021,789.4375,1204.875,415.4375,12.09289787926771,0.0
E52_b45db00398315637fb020e5f,8.834540458674411,10.742298629097064,8.834540458674411,520.0993036420956,566.0861185224667,764.2777180019647,0.2932088546230577,0.009166666666666667,0.12693923611111113,0.42931475740083547,2.130685242599165,0.8658391383122389,551.8417785644531,0.0,0.0,551.8417785644531,679.5417785644531,5732.082885014735,386.71868896484375,30.0,730.0993036420956,0.0,1,N01_M021_G00,N01_M021_G00,N01,M021,789.4375,1204.875,415.4375,8.834540458674411,0.0
E52_be79b94db4a0a5b6faaed631,9.987469372231445,13.435452033242427,9.987469372231445,439.28613208838135,492.92224150407145,556.7556076826221,0.23507830977561708,0.009166666666666667,0.12693923611111113,0.37118421255339484,2.1888157874466057,0.8840049335770641,643.6333129882812,0.0,0.0,643.6333129882812,771.3333129882812,4175.667057619666,471.33331298828125,30.0,649.2861320883814,0.0,1,N01_M021_G00,N01_M021_G00,N01,M021,789.4375,1204.875,415.4375,9.987469372231445,0.0
E52_beb70ec57fd2d66bf65b827f,13.002557010438537,2.43785423226241,2.43785423226241,429.6587378248194,468.09544538504076,628.6972302883107,0.2418430061920666,0.009166666666666667,0.12693923611111113,0.3779489089698444,2.1820510910301563,0.8818909659469236,461.24049072265626,0.0,0.0,461.24049072265626,588.9404907226562,4715.22922716233,538.9404907226562,30.0,639.6587378248194,0.0,1,N01_M021_G00,N01_M021_G00,N01,M021,789.4375,1204.875,415.4375,2.43785423226241,0.0
E52_c515ea57360fd29f9add62f7,8.444688165496984,10.649906727109496,8.444688165496984,525.5980011021792,572.0554631586571,772.4512298654912,0.29632198385281766,0.009166666666666667,0.12693923611111113,0.43242788663059545,2.127572113369405,0.864866285427939,557.4895446777343,0.0,0.0,557.4895446777343,685.1895446777344,5793.384223991184,393.3172912597656,30.0,735.5980011021792,0.0,1,N01_M021_G00,N01_M021_G00,N01,M021,789.4375,1204.875,415.4375,8.444688165496984,0.0
E52_f4836ff0bfcbe7f74f580128,10.114867033149864,13.198394987858308,10.114867033149864,446.8309536018799,500.3537512499919,572.525121315088,0.23999489789029496,0.009166666666666667,0.12693923611111113,0.3761008006680727,2.1838991993319277,0.8824684997912273,642.2735717773437,0.0,0.0,642.2735717773437,769.9735717773438,4293.93840986316,483.0478820800781,30.0,656.8309536018799,0.0,1,N01_M021_G00,N01_M021_G00,N01,M021,789.4375,1204.875,415.4375,10.114867033149864,0.0
E52_fb97bb829fc82a7376005525,11.350987848164124,12.561592200960149,11.350987848164124,483.9909817485873,542.6900133241081,615.7877740440496,0.2593375767224136,0.009166666666666667,0.12693923611111113,0.3954434795001914,2.164556520499809,0.8764239126561902,704.38837890625,0.0,0.0,704.38837890625,832.08837890625,4618.408305330372,532.08837890625,30.0,693.9909817485873,0.0,1,N01_M021_G00,N01_M021_G00,N01,M021,789.4375,1204.875,415.4375,11.350987848164124,0.0
E52_060143e4033ea7dfc142ce26,6.23446973686174,13.051384290227645,6.23446973686174,390.52156568077555,422.97629514244545,586.3147545915316,0.2219218246513189,0.009166666666666667,0.24475,0.47583849131798556,2.084161508682015,0.8513004714631295,389.4567535400391,0.0,0.0,389.4567535400391,517.1567535400391,4397.360659436487,298.2110595703125,30.0,600.5215656807756,0.0,1,N01_M023_G00,N01_M023_G00,N01,M023,746.34375,1547.34375,801.0,6.23446973686174,0.0
E52_0c56c0f390b777971f9a7e58,4.866826508382303,2.1743859331465814,2.1743859331465814,461.3120930283848,507.24512830670517,647.0259743868478,0.2556960576036008,0.009166666666666667,0.24475,0.5096127242702675,2.050387275729733,0.8407460236655414,551.1964233398437,0.0,0.0,551.1964233398437,678.8964233398438,4852.694807901358,439.2268981933594,30.0,671.3120930283849,0.0,1,N01_M023_G00,N01_M023_G00,N01,M023,746.34375,1547.34375,801.0,2.1743859331465814,0.0
E52_0f45fcab7c66cb90fa618929,6.225159710310805,12.721246579688795,6.225159710310805,427.8988653120833,469.21977900837237,607.8722484464322,0.23826781941132907,0.009166666666666667,0.24475,0.4921844860779957,2.067815513922005,0.8461923481006264,495.85096435546876,0.0,0.0,495.85096435546876,623.5509643554688,4559.041863348241,326.6978454589844,30.0,637.8988653120832,0.0,1,N01_M023_G00,N01_M023_G00,N01,M023,746.34375,1547.34375,801.0,6.225159710310805,0.0
E52_0fa03b8d9ed736d48919c1b7,9.041566526676078,11.555158541579928,9.041566526676078,469.53189880990186,510.00510285042924,696.2245733766397,0.2655870342753843,0.009166666666666667,0.24475,0.519503700942051,2.0404962990579496,0.8376550934556091,485.67844848632814,0.0,0.0,485.67844848632814,613.3784484863281,5221.684300324798,325.1297912597656,30.0,679.5318988099018,0.0,1,N01_M023_G00,N01_M023_G00,N01,M023,746.34375,1547.34375,801.0,9.041566526676078,0.0
E52_12b142f00e8cb4e3948f96c2,6.158926941785182,12.991659521749298,6.158926941785182,402.5936730780369,438.4739485500421,589.9056933240425,0.22672373828986628,0.009166666666666667,0.24475,0.48064040495653293,2.0793595950434676,0.8497998734510834,430.5633056640625,0.0,0.0,430.5633056640625,558.2633056640625,4424.292699930319,284.7546081542969,30.0,612.5936730780369,0.0,1,N01_M023_G00,N01_M023_G00,N01,M023,746.34375,1547.34375,801.0,6.158926941785182,0.0
E52_132fcaf6d631eae41e83e018,1.5759565138826304,12.621037374336296,1.5759565138826304,466.52713400648173,519.919143487276,612.7022111281979,0.2526897045720101,0.009166666666666667,0.24475,0.5066063712386768,2.0533936287613237,0.8416855089879135,640.7041137695312,0.0,0.0,640.7041137695312,768.4041137695312,4595.266583461484,468.40411376953125,30.0,676.5271340064817,0.0,1,N01_M023_G00,N01_M023_G00,N01,M023,746.34375,1547.34375,801.0,1.5759565138826304,0.0
E52_154bbd26b7808edf72eaa410,0.7291434862026591,13.235683344326844,0.7291434862026591,444.90797820490957,498.19814035497467,570.0749835094285,0.23896400983981742,0.009166666666666667,0.24475,0.49288067650648404,2.0671193234935163,0.8459747885917237,639.4819458007812,0.0,0.0,639.4819458007812,767.1819458007812,4275.562376320714,467.18194580078125,30.0,654.9079782049096,0.0,1,N01_M023_G00,N01_M023_G00,N01,M023,746.34375,1547.34375,801.0,0.7291434862026591,0.0
E52_29c9aa5399273a7ee24bceb6,9.102344682225166,11.583777919859742,9.102344682225166,451.9321692173844,486.7995103225277,694.6602918039094,0.2591062855773863,0.009166666666666667,0.24475,0.5130229522440529,2.0469770477559477,0.8396803274237334,418.40809326171876,0.0,0.0,418.40809326171876,546.1080932617188,5209.952188529321,322.9142761230469,30.0,661.9321692173844,0.0,1,N01_M023_G00,N01_M023_G00,N01,M023,746.34375,1547.34375,801.0,9.102344682225166,0.0
E52_2d291a2169e36d61d7bf7582,0.9713488889093327,12.790365797832976,0.9713488889093327,470.3839036593983,527.1993216484933,599.8752993842263,0.25224474652706685,0.009166666666666667,0.24475,0.5061614131937335,2.053838586806267,0.8418245583769582,681.7850158691406,0.0,0.0,681.7850158691406,809.4850158691406,4499.064745381697,509.4850158691406,30.0,680.3839036593984,0.0,1,N01_M023_G00,N01_M023_G00,N01,M023,746.34375,1547.34375,801.0,0.9713488889093327,0.0
E52_32cd7932ac3bc8f6e82bd016,6.395317050697628,12.531399030736651,6.395317050697628,433.33722088021847,474.19552115284216,621.5246401246948,0.24213542524196421,0.009166666666666667,0.24475,0.49605209190863087,2.06394790809137,0.8449837212785529,490.2996032714844,0.0,0.0,490.2996032714844,617.9996032714844,4661.434800935211,324.9372863769531,30.0,643.3372208802184,0.0,1,N01_M023_G00,N01_M023_G00,N01,M023,746.34375,1547.34375,801.0,6.395317050697628,0.0
E52_3322673a66874be8fb5ff9e0,6.079752587594399,12.93559360833251,6.079752587594399,392.2739001975914,423.9757012433271,594.3369941207687,0.2236811646950203,0.009166666666666667,0.24475,0.477597831361687,2.0824021686383136,0.8507506776994729,380.42161254882814,0.0,0.0,380.42161254882814,508.1216125488281,4457.527455905765,308.1216125488281,30.0,602.2739001975914,0.0,1,N01_M023_G00,N01_M023_G00,N01,M023,746.34375,1547.34375,801.0,6.079752587594399,0.0
E52_4513f74e4ba51c209cccc792,7.979665889701451,9.790974506635663,7.979665889701451,548.6050089915749,589.1156759023821,854.1460165183059,0.3160741321008959,0.009166666666666667,0.24475,0.5699907987675625,1.990009201232438,0.8218778753851367,486.1280029296875,0.0,0.0,486.1280029296875,613.8280029296875,6406.095123887295,391.8226318359375,30.0,758.6050089915749,12.261258991574891,0,N01_M023_G00,N01_M023_G00,N01,M023,746.34375,1547.34375,801.0,7.979665889701451,0.0
E52_575c4f100493de938643a13d,5.145316592407042,2.099203328999508,2.099203328999508,470.05405043895155,518.0123847895375,652.3580947743875,0.259560220504969,0.009166666666666667,0.24475,0.5134768871716356,2.046523112828365,0.8395384727588638,575.5000122070312,0.0,0.0,575.5000122070312,703.2000122070312,4892.685710807907,437.3766174316406,30.0,680.0540504389515,0.0,1,N01_M023_G00,N01_M023_G00,N01,M023,746.34375,1547.34375,801.0,2.099203328999508,0.0
E52_67646c2afbeb5602853e5a9c,6.068421082484775,12.927232110573698,6.068421082484775,404.7739001975914,440.6423679099937,594.3369941207687,0.22812669469116229,0.009166666666666667,0.24475,0.48204336135782894,2.0779566386421715,0.8493614495756785,430.42161254882814,0.0,0.0,430.42161254882814,558.1216125488281,4457.527455905765,308.1216125488281,30.0,614.7739001975914,0.0,1,N01_M023_G00,N01_M023_G00,N01,M023,746.34375,1547.34375,801.0,6.068421082484775,0.0
E52_7e4744117cf2a1b6b8665ab3,1.1880430529864014,12.590569849682154,1.1880430529864014,474.82609328547096,530.7107225986219,614.3444106920357,0.25587373999544005,0.009166666666666667,0.24475,0.5097904066621067,2.0502095933378937,0.8406904979180917,670.6155517578125,0.0,0.0,670.6155517578125,798.3155517578125,4607.5830801902675,498.3155517578125,30.0,684.826093285471,0.0,1,N01_M023_G00,N01_M023_G00,N01,M023,746.34375,1547.34375,801.0,1.1880430529864014,0.0
E52_a0032802edd73d232f2c84c2,1.7992292978925093,12.395809404549922,1.7992292978925093,482.4923087567502,538.5719606529091,628.5067061365473,0.26060588149401487,0.009166666666666667,0.24475,0.5145225481606815,2.045477451839319,0.839211703699787,672.9558227539062,0.0,0.0,672.9558227539062,800.6558227539062,4713.800296024105,500.65582275390625,30.0,692.4923087567502,0.0,1,N01_M023_G00,N01_M023_G00,N01,M023,746.34375,1547.34375,801.0,1.7992292978925093,0.0
E52_b4122a9095172602242b40e3,6.054891773416557,12.917805218005896,6.054891773416557,417.2739001975914,457.30903457666045,594.3369941207687,0.23257222468730426,0.009166666666666667,0.24475,0.4864888913539709,2.07351110864603,0.8479722214518841,480.42161254882814,0.0,0.0,480.42161254882814,608.1216125488281,4457.527455905765,308.1216125488281,30.0,627.2739001975914,0.0,1,N01_M023_G00,N01_M023_G00,N01,M023,746.34375,1547.34375,801.0,6.054891773416557,0.0
E52_b45db00398315637fb020e5f,8.990116679844363,10.742298629097064,8.990116679844363,520.0993036420956,566.0861185224667,764.2777180019647,0.2932088546230577,0.009166666666666667,0.24475,0.5471255212897244,2.012874478710276,0.8290232745969611,551.8417785644531,0.0,0.0,551.8417785644531,679.5417785644531,5732.082885014735,386.71868896484375,30.0,730.0993036420956,0.0,1,N01_M023_G00,N01_M023_G00,N01,M023,746.34375,1547.34375,801.0,8.990116679844363,0.0
E52_b677873645e212a13901ede2,6.602123665466749,9.230718628911887,6.602123665466749,575.9444140089429,616.0268887810784,911.3939793850733,0.3339048259552679,0.009166666666666667,0.24475,0.5878214926219345,1.972178507378066,0.8163057835556455,480.989697265625,0.0,0.0,480.989697265625,608.689697265625,6835.45484538805,390.98822021484375,30.0,785.9444140089429,39.600664008942886,0,N01_M023_G00,N01_M023_G00,N01,M023,746.34375,1547.34375,801.0,6.602123665466749,0.0
E52_be79b94db4a0a5b6faaed631,0.5166988155209538,13.435452033242427,0.5166988155209538,439.28613208838135,492.92224150407145,556.7556076826221,0.23507830977561708,0.009166666666666667,0.24475,0.48899497644228374,2.0710050235577167,0.8471890698617863,643.6333129882812,0.0,0.0,643.6333129882812,771.3333129882812,4175.667057619666,471.33331298828125,30.0,649.2861320883814,0.0,1,N01_M023_G00,N01_M023_G00,N01,M023,746.34375,1547.34375,801.0,0.5166988155209538,0.0
E52_beb70ec57fd2d66bf65b827f,1.6281698264162543,2.43785423226241,1.6281698264162543,429.6587378248194,468.09544538504076,628.6972302883107,0.2418430061920666,0.009166666666666667,0.24475,0.49575967285873324,2.0642403271412673,0.8450751022316458,461.24049072265626,0.0,0.0,461.24049072265626,588.9404907226562,4715.22922716233,538.9404907226562,30.0,639.6587378248194,0.0,1,N01_M023_G00,N01_M023_G00,N01,M023,746.34375,1547.34375,801.0,1.6281698264162543,0.0
E52_c515ea57360fd29f9add62f7,9.39218644815945,10.649906727109496,9.39218644815945,525.5980011021792,572.0554631586571,772.4512298654912,0.29632198385281766,0.009166666666666667,0.24475,0.5502386505194843,2.009761349480516,0.8280504217126612,557.4895446777343,0.0,0.0,557.4895446777343,685.1895446777344,5793.384223991184,393.3172912597656,30.0,735.5980011021792,0.0,1,N01_M023_G00,N01_M023_G00,N01,M023,746.34375,1547.34375,801.0,9.39218644815945,0.0
E52_cdef0b479e00ae29ebd83132,7.697786272509717,10.01648148125875,7.697786272509717,520.0071121141804,554.5433095222207,832.7970397801186,0.3028799960747676,0.009166666666666667,0.24475,0.5567966627414342,2.003203337258566,0.8260010428933018,414.4343688964844,0.0,0.0,414.4343688964844,542.1343688964844,6245.977798350889,297.6476745605469,30.0,730.0071121141804,0.0,1,N01_M023_G00,N01_M023_G00,N01,M023,746.34375,1547.34375,801.0,7.697786272509717,0.0
E52_d1d4424e0dfaa7a0ce62d445,6.1120469020989106,12.872868339328704,6.1120469020989106,402.0751033963921,436.37951216917855,598.3237541560654,0.22773150601213982,0.009166666666666667,0.24475,0.48164817267880644,2.0783518273211943,0.8494849460378731,411.6529052734375,0.0,0.0,411.6529052734375,539.3529052734375,4487.428156170491,269.83203125,30.0,612.075103396392,0.0,1,N01_M023_G00,N01_M023_G00,N01,M023,746.34375,1547.34375,801.0,6.1120469020989106,0.0
E52_da1eeef61bb4fffd90feecd9,9.076253808869353,11.577048041656667,9.076253808869353,464.4321692173844,503.4661769891943,694.6602918039094,0.2635518155735283,0.009166666666666667,0.24475,0.5174684822401949,2.0425315177598056,0.8382910992999391,468.40809326171876,0.0,0.0,468.40809326171876,596.1080932617188,5209.952188529321,322.9142761230469,30.0,674.4321692173844,0.0,1,N01_M023_G00,N01_M023_G00,N01,M023,746.34375,1547.34375,801.0,9.076253808869353,0.0
E52_ef8fa59407d07a2296b5f591,7.566679668253741,0.3151276047193221,0.3151276047193221,505.85939793409244,540.3898465933535,804.5361039126185,0.29384606362066074,0.009166666666666667,0.24475,0.5477627302873274,2.0122372697126734,0.8288241467852102,414.3653839111328,0.0,0.0,414.3653839111328,542.0653839111328,6034.020779344639,284.8677062988281,30.0,715.8593979340924,0.0,1,N01_M023_G00,N01_M023_G00,N01,M023,746.34375,1547.34375,801.0,0.3151276047193221,0.0
E52_f4836ff0bfcbe7f74f580128,0.5542145221587873,13.198394987858308,0.5542145221587873,446.8309536018799,500.3537512499919,572.525121315088,0.23999489789029496,0.009166666666666667,0.24475,0.4939115645569616,2.0660884354430387,0.8456526360759495,642.2735717773437,0.0,0.0,642.2735717773437,769.9735717773438,4293.93840986316,483.0478820800781,30.0,656.8309536018799,0.0,1,N01_M023_G00,N01_M023_G00,N01,M023,746.34375,1547.34375,801.0,0.5542145221587873,0.0
E52_fb97bb829fc82a7376005525,0.997404674963903,12.561592200960149,0.997404674963903,483.9909817485873,542.6900133241081,615.7877740440496,0.2593375767224136,0.009166666666666667,0.24475,0.5132542433890802,2.04674575661092,0.8396080489409125,704.38837890625,0.0,0.0,704.38837890625,832.08837890625,4618.408305330372,532.08837890625,30.0,693.9909817485873,0.0,1,N01_M023_G00,N01_M023_G00,N01,M023,746.34375,1547.34375,801.0,0.997404674963903,0.0
E52_01234cac2d25748209cb57e8,0.18868985374216152,5.963634638729843,0.18868985374216152,279.2236617812399,298.99466652163704,419.772700963196,0.15824405002114064,0.009166666666666667,0.12191666666666667,0.28932738335447394,2.2706726166455264,0.9095851927017269,254.4365661621094,17.18450927734375,17.18450927734375,254.4365661621094,382.1365661621094,3148.2952572239697,332.1365661621094,30.0,489.2236617812399,0.0,1,N01_M024_G00,N01_M024_G00,N01,M024,741.6875,1140.6875,399.0,0.18868985374216152,0.0
E52_060143e4033ea7dfc142ce26,18.832708606146767,13.051384290227645,13.051384290227645,390.52156568077555,422.97629514244545,586.3147545915316,0.2219218246513189,0.009166666666666667,0.12191666666666667,0.35300515798465226,2.206994842015348,0.8896858881297962,389.4567535400391,0.0,0.0,389.4567535400391,517.1567535400391,4397.360659436487,298.2110595703125,30.0,600.5215656807756,0.0,1,N01_M024_G00,N01_M024_G00,N01,M024,741.6875,1140.6875,399.0,13.051384290227645,0.0
E52_0c56c0f390b777971f9a7e58,13.583017416375768,2.1743859331465814,2.1743859331465814,461.3120930283848,507.24512830670517,647.0259743868478,0.2556960576036008,0.009166666666666667,0.12191666666666667,0.38677939093693414,2.1732206090630664,0.8791314403322081,551.1964233398437,0.0,0.0,551.1964233398437,678.8964233398438,4852.694807901358,439.2268981933594,30.0,671.3120930283849,0.0,1,N01_M024_G00,N01_M024_G00,N01,M024,741.6875,1140.6875,399.0,2.1743859331465814,0.0
E52_0c9d91fc306062a18ada9948,0.17344186842686327,15.697900697510477,0.17344186842686327,331.42241999480143,370.2725110389095,429.7442937249544,0.1787296459836012,0.009166666666666667,0.12191666666666667,0.3098129793169345,2.250187020683066,0.903183443963458,466.2010925292969,0.0,0.0,466.2010925292969,593.9010925292969,3223.082202937158,335.390380859375,30.0,541.4224199948014,0.0,1,N01_M024_G00,N01_M024_G00,N01,M024,741.6875,1140.6875,399.0,0.17344186842686327,0.0
E52_0f45fcab7c66cb90fa618929,19.195799897482146,12.721246579688795,12.721246579688795,427.8988653120833,469.21977900837237,607.8722484464322,0.23826781941132907,0.009166666666666667,0.12191666666666667,0.3693511527446624,2.1906488472553383,0.884577764767293,495.85096435546876,0.0,0.0,495.85096435546876,623.5509643554688,4559.041863348241,326.6978454589844,30.0,637.8988653120832,0.0,1,N01_M024_G00,N01_M024_G00,N01,M024,741.6875,1140.6875,399.0,12.721246579688795,0.0
E52_0fa03b8d9ed736d48919c1b7,12.259406367936435,11.555158541579928,11.555158541579928,469.53189880990186,510.00510285042924,696.2245733766397,0.2655870342753843,0.009166666666666667,0.12191666666666667,0.39667036760871766,2.163329632391283,0.8760405101222757,485.67844848632814,0.0,0.0,485.67844848632814,613.3784484863281,5221.684300324798,325.1297912597656,30.0,679.5318988099018,0.0,1,N01_M024_G00,N01_M024_G00,N01,M024,741.6875,1140.6875,399.0,11.555158541579928,0.0
E52_12b142f00e8cb4e3948f96c2,20.089291342324714,12.991659521749298,12.991659521749298,402.5936730780369,438.4739485500421,589.9056933240425,0.22672373828986628,0.009166666666666667,0.12191666666666667,0.3578070716231996,2.202192928376801,0.8881852901177502,430.5633056640625,0.0,0.0,430.5633056640625,558.2633056640625,4424.292699930319,284.7546081542969,30.0,612.5936730780369,0.0,1,N01_M024_G00,N01_M024_G00,N01,M024,741.6875,1140.6875,399.0,12.991659521749298,0.0
E52_132fcaf6d631eae41e83e018,7.538592945304558,12.621037374336296,7.538592945304558,466.52713400648173,519.919143487276,612.7022111281979,0.2526897045720101,0.009166666666666667,0.12191666666666667,0.38377303790534345,2.176226962094657,0.8800709256545802,640.7041137695312,0.0,0.0,640.7041137695312,768.4041137695312,4595.266583461484,468.40411376953125,30.0,676.5271340064817,0.0,1,N01_M024_G00,N01_M024_G00,N01,M024,741.6875,1140.6875,399.0,7.538592945304558,0.0
E52_154bbd26b7808edf72eaa410,6.187729331610996,13.235683344326844,6.187729331610996,444.90797820490957,498.19814035497467,570.0749835094285,0.23896400983981742,0.009166666666666667,0.12191666666666667,0.37004734317315074,2.1899526568268497,0.8843602052583904,639.4819458007812,0.0,0.0,639.4819458007812,767.1819458007812,4275.562376320714,467.18194580078125,30.0,654.9079782049096,0.0,1,N01_M024_G00,N01_M024_G00,N01,M024,741.6875,1140.6875,399.0,6.187729331610996,0.0
E52_1eac4bbcd37cec5d48241661,0.2053602742329872,6.04580255430777,0.2053602742329872,275.66392246828667,298.30930922772677,415.4555243799327,0.1568759382441215,0.009166666666666667,0.12191666666666667,0.2879592715774548,2.272040728422546,0.9100127276320453,271.74464111328126,0.0,0.0,271.74464111328126,399.44464111328125,3115.9164328494953,326.2397766113281,30.0,485.66392246828667,0.0,1,N01_M024_G00,N01_M024_G00,N01,M024,741.6875,1140.6875,399.0,0.2053602742329872,0.0
E52_215ef380a7eb56a6f7d09ab1,0.7387297242813418,12.440860913671315,0.7387297242813418,437.2780853288336,478.35957590907447,628.0672271762219,0.2444635461376352,0.009166666666666667,0.12191666666666667,0.37554687947096854,2.184453120529032,0.8826416001653223,492.97788696289064,0.0,0.0,492.97788696289064,620.6778869628906,4710.504203821664,324.9881591796875,30.0,647.2780853288336,0.0,1,N01_M024_G00,N01_M024_G00,N01,M024,741.6875,1140.6875,399.0,0.7387297242813418,0.0
E52_231555d7070bcf1a0911e332,0.1788186397614595,5.981962334569488,0.1788186397614595,303.4113952968874,335.0249979987103,417.14117438283733,0.1669828432889251,0.009166666666666667,0.12191666666666667,0.2980661766222584,2.261933823377742,0.9068543198055442,379.363232421875,0.0,0.0,379.363232421875,507.063232421875,3128.55880787128,326.2397766113281,30.0,513.4113952968873,0.0,1,N01_M024_G00,N01_M024_G00,N01,M024,741.6875,1140.6875,399.0,0.1788186397614595,0.0
E52_24cc4f01335372459fb4c2ba,4.810120311728326,12.909161020133865,4.810120311728326,410.2633482290822,447.7953418407359,595.3347347882426,0.23022027843265847,0.009166666666666667,0.12191666666666667,0.3613036117659918,2.1986963882340085,0.8870926213231276,450.38392333984376,0.0,0.0,450.38392333984376,578.0839233398438,4465.010510911819,278.08392333984375,30.0,620.2633482290822,0.0,1,N01_M024_G00,N01_M024_G00,N01,M024,741.6875,1140.6875,399.0,4.810120311728326,0.0
E52_27bf01e9e990859ae5993708,0.17604921844527155,15.932490639468014,0.17604921844527155,318.6138217216496,355.0514931287134,418.60161500091635,0.17259630304263499,0.009166666666666667,0.12191666666666667,0.3036796363759683,2.2563203636240323,0.9051001136325099,437.25205688476564,0.0,0.0,437.25205688476564,564.9520568847656,3139.5121125068727,326.2397766113281,30.0,528.6138217216496,0.0,1,N01_M024_G00,N01_M024_G00,N01,M024,741.6875,1140.6875,399.0,0.17604921844527155,0.0
E52_29c9aa5399273a7ee24bceb6,11.92078527095947,11.583777919859742,11.583777919859742,451.9321692173844,486.7995103225277,694.6602918039094,0.2591062855773863,0.009166666666666667,0.12191666666666667,0.3901896189107196,2.169810381089281,0.8780657440904002,418.40809326171876,0.0,0.0,418.40809326171876,546.1080932617188,5209.952188529321,322.9142761230469,30.0,661.9321692173844,0.0,1,N01_M024_G00,N01_M024_G00,N01,M024,741.6875,1140.6875,399.0,11.583777919859742,0.0
E52_2cea01313b8862fcfb6b2e63,4.186252941052814,16.460055432828085,4.186252941052814,259.5957489704318,280.08528245838755,396.2542970131293,0.148442074342722,0.009166666666666667,0.12191666666666667,0.2795254076760553,2.2804745923239453,0.9126483101012327,245.87440185546876,0.0,0.0,245.87440185546876,373.57440185546875,2971.90722759847,231.8917236328125,30.0,469.5957489704318,0.0,1,N01_M024_G00,N01_M024_G00,N01,M024,741.6875,1140.6875,399.0,4.186252941052814,0.0
E52_2d291a2169e36d61d7bf7582,6.4716668796534975,12.790365797832976,6.4716668796534975,470.3839036593983,527.1993216484933,599.8752993842263,0.25224474652706685,0.009166666666666667,0.12191666666666667,0.3833280798604002,2.1766719201396003,0.880209975043625,681.7850158691406,0.0,0.0,681.7850158691406,809.4850158691406,4499.064745381697,509.4850158691406,30.0,680.3839036593984,0.0,1,N01_M024_G00,N01_M024_G00,N01,M024,741.6875,1140.6875,399.0,6.4716668796534975,0.0
E52_2d7a36258a59c18fc6a856bf,0.2618877857591997,16.662039037059316,0.2618877857591997,318.72117968179435,361.17160743651436,382.73979283526836,0.16755561647288383,0.009166666666666667,0.12191666666666667,0.2986389498062172,2.2613610501937833,0.9066753281855571,509.40513305664064,0.0,0.0,509.40513305664064,637.1051330566406,2870.5484462645127,346.4301452636719,30.0,528.7211796817944,0.0,1,N01_M024_G00,N01_M024_G00,N01,M024,741.6875,1140.6875,399.0,0.2618877857591997,0.0
E52_2dadfb43d7dd9558e21effa9,5.067641440210238,12.85982438864363,5.067641440210238,396.07517918576866,428.1792069974549,599.5261915014202,0.22576797164618329,0.009166666666666667,0.12191666666666667,0.3568513049795166,2.203148695020484,0.8884839671939011,385.2483337402344,0.0,0.0,385.2483337402344,512.9483337402344,4496.446436260651,251.37640380859375,30.0,606.0751791857687,0.0,1,N01_M024_G00,N01_M024_G00,N01,M024,741.6875,1140.6875,399.0,5.067641440210238,0.0
E52_2e64690809088e2a96fb2160,1.1939793087223904,9.500767968691491,1.1939793087223904,523.7789293194231,550.945126524013,884.5606754113072,0.31155234822715455,0.009166666666666667,0.12191666666666667,0.4426356815604879,2.117364318439513,0.8616763495123475,325.99436645507814,0.0,0.0,325.99436645507814,453.6943664550781,6634.205065584804,329.6845703125,30.0,733.7789293194231,0.0,1,N01_M024_G00,N01_M024_G00,N01,M024,741.6875,1140.6875,399.0,1.1939793087223904,0.0
E52_30110e5b3ae38ecfab28ace2,5.554168235305468,10.05954008012911,5.554168235305468,514.4106891471403,547.7506496268766,828.7816154158626,0.30032099335417484,0.009166666666666667,0.12191666666666667,0.43140432668750817,2.128595673312492,0.8651861479101537,400.07952575683595,0.0,0.0,400.07952575683595,527.7795257568359,6215.862115618969,313.0162353515625,30.0,724.4106891471403,0.0,1,N01_M024_G00,N01_M024_G00,N01,M024,741.6875,1140.6875,399.0,5.554168235305468,0.0
E52_326bd9096774308657b14836,0.3547984048494044,6.820761438549596,0.3547984048494044,254.20783025924425,275.6237299174474,379.92026256926977,0.1442126230476059,0.009166666666666667,0.12191666666666667,0.27529595638093923,2.2847040436190613,0.9139700136309565,256.9907958984375,0.0,0.0,256.9907958984375,384.6907958984375,2849.4019692695233,334.6907958984375,30.0,464.20783025924425,0.0,1,N01_M024_G00,N01_M024_G00,N01,M024,741.6875,1140.6875,399.0,0.3547984048494044,0.0
E52_32cd7932ac3bc8f6e82bd016,18.13952033672203,12.531399030736651,12.531399030736651,433.33722088021847,474.19552115284216,621.5246401246948,0.24213542524196421,0.009166666666666667,0.12191666666666667,0.37321875857529757,2.1867812414247028,0.8833691379452195,490.2996032714844,0.0,0.0,490.2996032714844,617.9996032714844,4661.434800935211,324.9372863769531,30.0,643.3372208802184,0.0,1,N01_M024_G00,N01_M024_G00,N01,M024,741.6875,1140.6875,399.0,12.531399030736651,0.0
E52_3322673a66874be8fb5ff9e0,20.750971361943627,12.93559360833251,12.93559360833251,392.2739001975914,423.9757012433271,594.3369941207687,0.2236811646950203,0.009166666666666667,0.12191666666666667,0.35476449802835364,2.205235501971647,0.8891360943661395,380.42161254882814,0.0,0.0,380.42161254882814,508.1216125488281,4457.527455905765,308.1216125488281,30.0,602.2739001975914,0.0,1,N01_M024_G00,N01_M024_G00,N01,M024,741.6875,1140.6875,399.0,12.93559360833251,0.0
E52_357bbbd4dc4420221c875ea3,5.458019246096001,12.241245229232817,5.458019246096001,405.4327582223269,433.1514265878055,644.5535062517828,0.23547283792056264,0.009166666666666667,0.12191666666666667,0.36655617125389595,2.1934438287461044,0.8854511964831575,332.6240203857422,0.0,0.0,332.6240203857422,460.3240203857422,4834.151296888371,255.67149353027344,30.0,615.4327582223269,0.0,1,N01_M024_G00,N01_M024_G00,N01,M024,741.6875,1140.6875,399.0,5.458019246096001,0.0
E52_3875f0f2b8e39572338b498b,0.8034758095627552,12.654831201135607,0.8034758095627552,430.443023323014,471.8276755243487,612.5781334380202,0.23983909257274777,0.009166666666666667,0.12191666666666667,0.3709224259060811,2.1890775740939192,0.8840867419043497,496.61582641601564,0.0,0.0,496.61582641601564,624.3158264160156,4594.336000785152,324.3158264160156,30.0,640.443023323014,0.0,1,N01_M024_G00,N01_M024_G00,N01,M024,741.6875,1140.6875,399.0,0.8034758095627552,0.0
E52_3a94b6482baa2cfaba8a857d,0.09209556162311117,16.425448776817632,0.09209556162311117,326.01303055755295,369.111023518165,393.4381033514341,0.17166403726355467,0.009166666666666667,0.12191666666666667,0.302747370596888,2.2572526294031126,0.9053914466884725,517.1759155273437,0.0,0.0,517.1759155273437,644.8759155273438,2950.785775135756,352.4370422363281,30.0,536.013030557553,0.0,1,N01_M024_G00,N01_M024_G00,N01,M024,741.6875,1140.6875,399.0,0.09209556162311117,0.0
E52_413d3eff5d481ef66f8d3068,1.189561150282401,9.493762996477216,1.189561150282401,548.7789293194231,584.2784598573463,884.5606754113072,0.3204434082194385,0.009166666666666667,0.12191666666666667,0.45152674155277184,2.1084732584472285,0.8588978932647588,425.99436645507814,0.0,0.0,425.99436645507814,553.6943664550781,6634.205065584804,329.6845703125,30.0,758.7789293194231,17.091429319423128,0,N01_M024_G00,N01_M024_G00,N01,M024,741.6875,1140.6875,399.0,1.189561150282401,0.0
E52_437c6a333219b14c3939f26c,0.18139355055009787,6.0194831627628105,0.18139355055009787,277.09771274073506,296.211315442558,417.14117438283733,0.1570562493971614,0.009166666666666667,0.12191666666666667,0.2881395827304947,2.271860417269506,0.9099563803967204,248.53977661132814,19.176544189453125,19.176544189453125,248.53977661132814,376.2397766113281,3128.55880787128,326.2397766113281,30.0,487.09771274073506,0.0,1,N01_M024_G00,N01_M024_G00,N01,M024,741.6875,1140.6875,399.0,0.18139355055009787,0.0
E52_44ed69e1d99dc074a7941a18,3.754735464242316,8.900383690419545,3.754735464242316,188.27556058823757,199.0276355292369,299.7078152072368,0.1090911242968749,0.009166666666666667,0.12191666666666667,0.24017445763020823,2.3198255423697924,0.9249454819905599,139.59420471191407,10.569305419921875,10.569305419921875,139.59420471191407,267.29420471191406,2247.808614054276,217.29420471191406,30.0,398.27556058823757,0.0,1,N01_M024_G00,N01_M024_G00,N01,M024,741.6875,1140.6875,399.0,3.754735464242316,0.0
E52_4513f74e4ba51c209cccc792,7.431248675226058,9.790974506635663,7.431248675226058,548.6050089915749,589.1156759023821,854.1460165183059,0.3160741321008959,0.009166666666666667,0.12191666666666667,0.44715746543422924,2.1128425345657713,0.8602632920518034,486.1280029296875,0.0,0.0,486.1280029296875,613.8280029296875,6406.095123887295,391.8226318359375,30.0,758.6050089915749,16.91750899157489,0,N01_M024_G00,N01_M024_G00,N01,M024,741.6875,1140.6875,399.0,7.431248675226058,0.0
E52_4cf0fac9feb721651efb2830,2.658280742848845,17.82597875173802,2.658280742848845,242.69354898018014,267.32891198677197,337.5749199208095,0.13412057160327687,0.009166666666666667,0.12191666666666667,0.26520390493661017,2.2947960950633903,0.9171237797073093,295.6243560791016,0.0,0.0,295.6243560791016,423.32435607910156,2531.8118994060715,217.31182861328125,30.0,452.69354898018014,0.0,1,N01_M024_G00,N01_M024_G00,N01,M024,741.6875,1140.6875,399.0,2.658280742848845,0.0
E52_4d215302190bc5bfb29bf912,9.713639065507849,16.37371485667674,9.713639065507849,307.50969179304633,343.7570581260541,397.53518558804575,0.1656637075427803,0.009166666666666667,0.12191666666666667,0.2967470408761136,2.263252959123887,0.9072665497262145,434.96839599609376,0.0,0.0,434.96839599609376,562.6683959960938,2981.5138919103433,336.56707763671875,30.0,517.5096917930464,0.0,1,N01_M024_G00,N01_M024_G00,N01,M024,741.6875,1140.6875,399.0,9.713639065507849,0.0
E52_50c718ca7f326f764494c89d,3.7016622096596734,13.080943299176411,3.7016622096596734,350.85355156655817,370.1881015340061,585.6998033284289,0.20772710552759727,0.009166666666666667,0.12191666666666667,0.3388104388609306,2.2211895611390697,0.8941217378559592,232.014599609375,0.0,0.0,232.014599609375,359.714599609375,4392.748524963216,275.29461669921875,30.0,560.8535515665582,0.0,1,N01_M024_G00,N01_M024_G00,N01,M024,741.6875,1140.6875,399.0,3.7016622096596734,0.0
E52_515a3b7c8d98426ee13f2b4e,2.6430040121940834,17.07508762021844,2.6430040121940834,242.68536134104386,262.0561394884234,369.14605379781034,0.13858886614696947,0.009166666666666667,0.12191666666666667,0.2696721994803028,2.2903278005196976,0.9157274376624054,232.4493377685547,0.0,0.0,232.4493377685547,360.1493377685547,2768.5954034835777,210.1493377685547,30.0,452.68536134104386,0.0,1,N01_M024_G00,N01_M024_G00,N01,M024,741.6875,1140.6875,399.0,2.6430040121940834,0.0
E52_575c4f100493de938643a13d,13.766513328191621,2.099203328999508,2.099203328999508,470.05405043895155,518.0123847895375,652.3580947743875,0.259560220504969,0.009166666666666667,0.12191666666666667,0.39064355383830235,2.1693564461616983,0.8779238894255306,575.5000122070312,0.0,0.0,575.5000122070312,703.2000122070312,4892.685710807907,437.3766174316406,30.0,680.0540504389515,0.0,1,N01_M024_G00,N01_M024_G00,N01,M024,741.6875,1140.6875,399.0,2.099203328999508,0.0
E52_60b76d98beea93305f35c25d,4.21414290078512,16.79058398580294,4.21414290078512,271.8613885249859,299.0873836523459,380.3668062858116,0.15055421784231732,0.009166666666666667,0.12191666666666667,0.28163755117565065,2.2783624488243497,0.9119882652576092,326.7119415283203,0.0,0.0,326.7119415283203,454.4119415283203,2852.751047143587,241.2421875,30.0,481.8613885249859,0.0,1,N01_M024_G00,N01_M024_G00,N01,M024,741.6875,1140.6875,399.0,4.21414290078512,0.0
E52_67646c2afbeb5602853e5a9c,20.57856055603314,12.927232110573698,12.927232110573698,404.7739001975914,440.6423679099937,594.3369941207687,0.22812669469116229,0.009166666666666667,0.12191666666666667,0.35921002802449564,2.200789971975505,0.8877468662423451,430.42161254882814,0.0,0.0,430.42161254882814,558.1216125488281,4457.527455905765,308.1216125488281,30.0,614.7739001975914,0.0,1,N01_M024_G00,N01_M024_G00,N01,M024,741.6875,1140.6875,399.0,12.927232110573698,0.0
E52_68694062ed2e2e792aeb51a9,6.028045227530427,17.695890544520793,6.028045227530427,262.3147609906027,292.8212075746684,341.5908424768108,0.1416674545099547,0.009166666666666667,0.12191666666666667,0.272750787843288,2.2872492121567127,0.9147653787989725,366.0773590087891,0.0,0.0,366.0773590087891,493.77735900878906,2561.931318576081,213.8477783203125,30.0,472.3147609906027,0.0,1,N01_M024_G00,N01_M024_G00,N01,M024,741.6875,1140.6875,399.0,6.028045227530427,0.0
E52_6aa461eda22a4c53e6730e81,0.1830529803829961,6.478254834226846,0.1830529803829961,265.89885796308323,288.44260847170955,395.1560268799425,0.15049315106948455,0.009166666666666667,0.12191666666666667,0.2815764844028179,2.278423515597183,0.9120073486241194,271.70716552734376,1.182159423828125,1.182159423828125,271.70716552734376,399.40716552734375,2963.670201599569,349.40716552734375,30.0,475.89885796308323,0.0,1,N01_M024_G00,N01_M024_G00,N01,M024,741.6875,1140.6875,399.0,0.1830529803829961,0.0
E52_73baea82bbbffa2db9d7426a,0.17827121859157558,5.711384152670419,0.17827121859157558,297.3854850658978,324.64222792478455,431.2305129784753,0.16683515196021612,0.009166666666666667,0.12191666666666667,0.2979184852935495,2.262081514706451,0.9069004733457657,327.08091430664064,0.0,0.0,327.08091430664064,454.7809143066406,3234.2288473385647,335.390380859375,30.0,507.3854850658978,0.0,1,N01_M024_G00,N01_M024_G00,N01,M024,741.6875,1140.6875,399.0,0.17827121859157558,0.0
E52_7547086a1218012670f76a62,4.750157952867184,2.277872015791573,2.277872015791573,375.1797445493145,391.65409045589,642.7455049270795,0.22423479709031385,0.009166666666666667,0.12191666666666667,0.3553181304236472,2.2046818695763535,0.8889630842426103,205.20750122070314,7.515350341796875,7.515350341796875,205.20750122070314,332.9075012207031,4820.591286953097,282.9075012207031,30.0,585.1797445493145,0.0,1,N01_M024_G00,N01_M024_G00,N01,M024,741.6875,1140.6875,399.0,2.277872015791573,0.0
E52_76b4f0bdabd1ccab126282dd,4.239562692964,17.180198899819032,4.239562692964,244.7670432960008,265.6078646257534,364.489158613486,0.13866967590706417,0.009166666666666667,0.12191666666666667,0.26975300924039747,2.290246990759603,0.9157021846123758,250.08985595703126,0.0,0.0,250.08985595703126,377.78985595703125,2733.6686896011447,241.2421875,30.0,454.7670432960008,0.0,1,N01_M024_G00,N01_M024_G00,N01,M024,741.6875,1140.6875,399.0,4.239562692964,0.0
E52_7dc5542bb1ad046741692f59,0.32911786947521193,15.630401191468053,0.32911786947521193,333.52010664670297,372.50493279823297,433.1312563842263,0.17995534493942492,0.009166666666666667,0.12191666666666667,0.3110386782727582,2.248961321727242,0.9028004130397631,467.8179138183594,0.0,0.0,467.8179138183594,595.5179138183594,3248.484422881697,322.1230773925781,30.0,543.520106646703,0.0,1,N01_M024_G00,N01_M024_G00,N01,M024,741.6875,1140.6875,399.0,0.32911786947521193,0.0
E52_7e4744117cf2a1b6b8665ab3,6.783735696851437,12.590569849682154,6.783735696851437,474.82609328547096,530.7107225986219,614.3444106920357,0.25587373999544005,0.009166666666666667,0.12191666666666667,0.3869570733287734,2.173042926671227,0.8790759145847583,670.6155517578125,0.0,0.0,670.6155517578125,798.3155517578125,4607.5830801902675,498.3155517578125,30.0,684.826093285471,0.0,1,N01_M024_G00,N01_M024_G00,N01,M024,741.6875,1140.6875,399.0,6.783735696851437,0.0
E52_7e5f4a4eaf9aa5b10576997a,5.226764664584721,13.086620585622072,5.226764664584721,384.11958913832314,414.7999833745699,584.1568128591658,0.21933939564120059,0.009166666666666667,0.12191666666666667,0.3504227289745339,2.2095772710254664,0.8904928971954582,368.16473083496095,0.0,0.0,368.16473083496095,495.86473083496094,4381.1760964437435,251.37640380859375,30.0,594.1195891383231,0.0,1,N01_M024_G00,N01_M024_G00,N01,M024,741.6875,1140.6875,399.0,5.226764664584721,0.0
E52_88c1c7aba1fcf94c58dad20e,1.1921330317019851,9.497510042154289,1.1921330317019851,536.2789293194231,567.6117931906797,884.5606754113072,0.3159978782232965,0.009166666666666667,0.12191666666666667,0.44708121155662983,2.1129187884433707,0.8602871213885532,375.99436645507814,0.0,0.0,375.99436645507814,503.6943664550781,6634.205065584804,329.6845703125,30.0,746.2789293194231,4.591429319423128,0,N01_M024_G00,N01_M024_G00,N01,M024,741.6875,1140.6875,399.0,1.1921330317019851,0.0
E52_8ca7795ffa642a3b129c0a3d,0.1974179151247455,15.730152054416479,0.1974179151247455,330.94608252023,369.9122522589995,428.0951466078428,0.17832668261553564,0.009166666666666667,0.12191666666666667,0.30941001594886897,2.2505899840511314,0.9033093700159784,467.5940368652344,0.0,0.0,467.5940368652344,595.2940368652344,3210.713599558821,335.390380859375,30.0,540.94608252023,0.0,1,N01_M024_G00,N01_M024_G00,N01,M024,741.6875,1140.6875,399.0,0.1974179151247455,0.0
E52_924cec2d58c933358893a332,5.212345615614524,12.302862284422105,5.212345615614524,416.670444788364,448.9844576972996,639.4568121231148,0.23874762537865796,0.009166666666666667,0.12191666666666667,0.3698309587119913,2.190169041288009,0.8844278254025028,387.7681549072266,0.0,0.0,387.7681549072266,515.4681549072266,4795.926090923361,252.644287109375,30.0,626.670444788364,0.0,1,N01_M024_G00,N01_M024_G00,N01,M024,741.6875,1140.6875,399.0,5.212345615614524,0.0
E52_96da4f081c74d8211b4b244f,4.916796458313556,12.47027426673894,4.916796458313556,406.4445801679392,437.368205859671,627.3474061854878,0.23339590098708082,0.009166666666666667,0.12191666666666667,0.3644792343204142,2.1955207656795865,0.8861002392748706,371.08350830078126,0.0,0.0,371.08350830078126,498.78350830078125,4705.105546391158,251.37640380859375,30.0,616.4445801679392,0.0,1,N01_M024_G00,N01_M024_G00,N01,M024,741.6875,1140.6875,399.0,4.916796458313556,0.0
E52_a0032802edd73d232f2c84c2,7.837604783519836,12.395809404549922,7.837604783519836,482.4923087567502,538.5719606529091,628.5067061365473,0.26060588149401487,0.009166666666666667,0.12191666666666667,0.3916892148273482,2.168310785172652,0.8775971203664537,672.9558227539062,0.0,0.0,672.9558227539062,800.6558227539062,4713.800296024105,500.65582275390625,30.0,692.4923087567502,0.0,1,N01_M024_G00,N01_M024_G00,N01,M024,741.6875,1140.6875,399.0,7.837604783519836,0.0
E52_a3836b1674b2d70f748125c1,3.7666674360043686,18.388582284998307,3.7666674360043686,238.77143733771516,265.74771093797557,315.68523307386783,0.1296256139323784,0.009166666666666667,0.12191666666666667,0.2607089472657117,2.2992910527342887,0.9185284539794651,323.715283203125,0.0,0.0,323.715283203125,451.415283203125,2367.639248054009,217.29420471191406,30.0,448.77143733771516,0.0,1,N01_M024_G00,N01_M024_G00,N01,M024,741.6875,1140.6875,399.0,3.7666674360043686,0.0
E52_a77602565c04dca5831f9b7a,8.04678301857929,15.758600383852013,8.04678301857929,295.3505394617105,322.31471665694164,428.9160157520343,0.16578365241547813,0.009166666666666667,0.12191666666666667,0.29686698574881143,2.263133014251189,0.9072290669534965,323.57012634277345,0.0,0.0,323.57012634277345,451.27012634277344,3216.870118140257,284.58648681640625,30.0,505.3505394617105,0.0,1,N01_M024_G00,N01_M024_G00,N01,M024,741.6875,1140.6875,399.0,8.04678301857929,0.0
E52_aaa387ee3ee3170bd804334d,5.317989794894615,18.409477866986336,5.317989794894615,263.5215778829557,299.2286101502083,312.8009621623957,0.13801933350380158,0.009166666666666667,0.12191666666666667,0.2691026668371349,2.2908973331628655,0.9159054166133953,428.48438720703126,0.0,0.0,428.48438720703126,556.1843872070312,2346.0072162179677,386.9435729980469,30.0,473.5215778829557,0.0,1,N01_M024_G00,N01_M024_G00,N01,M024,741.6875,1140.6875,399.0,5.317989794894615,0.0
E52_b4122a9095172602242b40e3,20.352417976712303,12.917805218005896,12.917805218005896,417.2739001975914,457.30903457666045,594.3369941207687,0.23257222468730426,0.009166666666666667,0.12191666666666667,0.3636555580206376,2.1963444419793627,0.8863576381185507,480.42161254882814,0.0,0.0,480.42161254882814,608.1216125488281,4457.527455905765,308.1216125488281,30.0,627.2739001975914,0.0,1,N01_M024_G00,N01_M024_G00,N01,M024,741.6875,1140.6875,399.0,12.917805218005896,0.0
E52_b45db00398315637fb020e5f,10.669225695904828,10.742298629097064,10.669225695904828,520.0993036420956,566.0861185224667,764.2777180019647,0.2932088546230577,0.009166666666666667,0.12191666666666667,0.424292187956391,2.1357078120436093,0.8674086912636279,551.8417785644531,0.0,0.0,551.8417785644531,679.5417785644531,5732.082885014735,386.71868896484375,30.0,730.0993036420956,0.0,1,N01_M024_G00,N01_M024_G00,N01,M024,741.6875,1140.6875,399.0,10.669225695904828,0.0
E52_b544b4d7beda1d6ed7fbeefb,7.916047012305,16.252686834440453,7.916047012305,293.91354735972715,324.49113296153376,404.3615811086144,0.16179511839250177,0.009166666666666667,0.12191666666666667,0.2928784517258351,2.2671215482741656,0.9084754838356766,366.9310272216797,0.0,0.0,366.9310272216797,494.6310272216797,3032.711858314608,277.91845703125,30.0,503.91354735972715,0.0,1,N01_M024_G00,N01_M024_G00,N01,M024,741.6875,1140.6875,399.0,7.916047012305,0.0
E52_b60e4d2a4cdcd5801a5d757f,0.3548119472465885,16.480566458341656,0.3548119472465885,308.26023760270465,345.626388522301,392.32356968783114,0.16519254750221457,0.009166666666666667,0.12191666666666667,0.2962758808355479,2.2637241191644524,0.9074137872388913,448.39381103515626,0.0,0.0,448.39381103515626,576.0938110351562,2942.4267726587336,326.2397766113281,30.0,518.2602376027046,0.0,1,N01_M024_G00,N01_M024_G00,N01,M024,741.6875,1140.6875,399.0,0.3548119472465885,0.0
E52_b677873645e212a13901ede2,6.213627699447727,9.230718628911887,6.213627699447727,575.9444140089429,616.0268887810784,911.3939793850733,0.3339048259552679,0.009166666666666667,0.12191666666666667,0.4649881592886012,2.095011840711399,0.8546912002223122,480.989697265625,0.0,0.0,480.989697265625,608.689697265625,6835.45484538805,390.98822021484375,30.0,785.9444140089429,44.256914008942886,0,N01_M024_G00,N01_M024_G00,N01,M024,741.6875,1140.6875,399.0,6.213627699447727,0.0
E52_b6789310c1ab16898a769b78,3.456042659127604,2.625622464396969,2.625622464396969,372.38145547243056,389.4038741939475,617.4514627840539,0.21924054354678854,0.009166666666666667,0.12191666666666667,0.3503238768801219,2.2096761231198787,0.8905237884749619,225.84925537109376,21.580230712890625,21.580230712890625,225.84925537109376,353.54925537109375,4630.885970880404,303.54925537109375,30.0,582.3814554724306,0.0,1,N01_M024_G00,N01_M024_G00,N01,M024,741.6875,1140.6875,399.0,2.625622464396969,0.0
E52_b7c433bb400c5a28313b13f0,7.9064276081898015,16.00220965111248,7.9064276081898015,270.63016208552887,291.2047849391259,417.8125870494757,0.1554195344851095,0.009166666666666667,0.12191666666666667,0.2865028678184428,2.2734971321815576,0.9104678538067367,246.89547424316407,0.0,0.0,246.89547424316407,374.59547424316406,3133.594402871068,284.58648681640625,30.0,480.63016208552887,0.0,1,N01_M024_G00,N01_M024_G00,N01,M024,741.6875,1140.6875,399.0,7.9064276081898015,0.0
E52_be69bdf55826f2eb34075d09,0.129100810593485,12.029424972929434,0.129100810593485,457.6877788138426,500.48965717077624,658.5642874860837,0.25604119113741575,0.009166666666666667,0.12191666666666667,0.3871245244707491,2.1728754755292514,0.8790235861028909,513.6225402832031,0.0,0.0,513.6225402832031,641.3225402832031,4939.232156145627,341.3225402832031,30.0,667.6877788138427,0.0,1,N01_M024_G00,N01_M024_G00,N01,M024,741.6875,1140.6875,399.0,0.129100810593485,0.0
E52_be79b94db4a0a5b6faaed631,5.8556195066339995,13.435452033242427,5.8556195066339995,439.28613208838135,492.92224150407145,556.7556076826221,0.23507830977561708,0.009166666666666667,0.12191666666666667,0.3661616431089504,2.19383835689105,0.885574486528453,643.6333129882812,0.0,0.0,643.6333129882812,771.3333129882812,4175.667057619666,471.33331298828125,30.0,649.2861320883814,0.0,1,N01_M024_G00,N01_M024_G00,N01,M024,741.6875,1140.6875,399.0,5.8556195066339995,0.0
E52_beb70ec57fd2d66bf65b827f,7.541541972929281,2.43785423226241,2.43785423226241,429.6587378248194,468.09544538504076,628.6972302883107,0.2418430061920666,0.009166666666666667,0.12191666666666667,0.37292633952539994,2.1870736604746006,0.8834605188983126,461.24049072265626,0.0,0.0,461.24049072265626,588.9404907226562,4715.22922716233,538.9404907226562,30.0,639.6587378248194,0.0,1,N01_M024_G00,N01_M024_G00,N01,M024,741.6875,1140.6875,399.0,2.43785423226241,0.0
E52_bfffb2993ede6e2e2bd9340b,3.690870292320824,13.053008949478723,3.690870292320824,400.85355156655817,436.85476820067277,585.6998033284289,0.22550922551216515,0.009166666666666667,0.12191666666666667,0.35659255884549845,2.203407441154502,0.8885648253607817,432.014599609375,0.0,0.0,432.014599609375,559.714599609375,4392.748524963216,275.29461669921875,30.0,610.8535515665582,0.0,1,N01_M024_G00,N01_M024_G00,N01,M024,741.6875,1140.6875,399.0,3.690870292320824,0.0
E52_c0294c7ff44d44fc4ede8d97,0.3453400539276714,16.7256600789149,0.3453400539276714,316.70783025924425,358.9570632507807,379.92026256926977,0.16644027302831577,0.009166666666666667,0.12191666666666667,0.2975236063616491,2.2624763936383516,0.9070238730119846,506.9907958984375,0.0,0.0,506.9907958984375,634.6907958984375,2849.4019692695233,334.6907958984375,30.0,526.7078302592442,0.0,1,N01_M024_G00,N01_M024_G00,N01,M024,741.6875,1140.6875,399.0,0.3453400539276714,0.0
E52_c515ea57360fd29f9add62f7,10.377053771692204,10.649906727109496,10.377053771692204,525.5980011021792,572.0554631586571,772.4512298654912,0.29632198385281766,0.009166666666666667,0.12191666666666667,0.427405317186151,2.1325946828138496,0.8664358383793278,557.4895446777343,0.0,0.0,557.4895446777343,685.1895446777344,5793.384223991184,393.3172912597656,30.0,735.5980011021792,0.0,1,N01_M024_G00,N01_M024_G00,N01,M024,741.6875,1140.6875,399.0,10.377053771692204,0.0
E52_c76d93c5902d0dc017f7065c,8.086823887502206,16.05706218628906,8.086823887502206,260.86241804033426,278.57034040361555,415.47730190098105,0.1516149798935124,0.009166666666666667,0.12191666666666667,0.28269831322684574,2.277301686773155,0.9116567771166108,212.495068359375,0.0,0.0,212.495068359375,340.195068359375,3116.079764257358,277.91845703125,30.0,470.86241804033426,0.0,1,N01_M024_G00,N01_M024_G00,N01,M024,741.6875,1140.6875,399.0,8.086823887502206,0.0
E52_cdef0b479e00ae29ebd83132,5.870320954293348,10.01648148125875,5.870320954293348,520.0071121141804,554.5433095222207,832.7970397801186,0.3028799960747676,0.009166666666666667,0.12191666666666667,0.43396332940810095,2.1260366705918994,0.8643864595599684,414.4343688964844,0.0,0.0,414.4343688964844,542.1343688964844,6245.977798350889,297.6476745605469,30.0,730.0071121141804,0.0,1,N01_M024_G00,N01_M024_G00,N01,M024,741.6875,1140.6875,399.0,5.870320954293348,0.0
E52_d1d4424e0dfaa7a0ce62d445,10.326438120911263,12.872868339328704,10.326438120911263,402.0751033963921,436.37951216917855,598.3237541560654,0.22773150601213982,0.009166666666666667,0.12191666666666667,0.35881483934547315,2.201185160654527,0.8878703627045397,411.6529052734375,0.0,0.0,411.6529052734375,539.3529052734375,4487.428156170491,269.83203125,30.0,612.075103396392,0.0,1,N01_M024_G00,N01_M024_G00,N01,M024,741.6875,1140.6875,399.0,10.326438120911263,0.0
E52_d22cbe82615c6d2ee0ebf49f,0.18869264552814968,15.758568264926964,0.18869264552814968,318.17309843891866,352.9726015110215,427.5491784452201,0.1737067461230003,0.009166666666666667,0.12191666666666667,0.30479007945633363,2.255209920543667,0.9047531001698957,417.5940368652344,0.0,0.0,417.5940368652344,545.2940368652344,3206.618838339151,335.390380859375,30.0,528.1730984389187,0.0,1,N01_M024_G00,N01_M024_G00,N01,M024,741.6875,1140.6875,399.0,0.18869264552814968,0.0
E52_d3460088443e86b69235cf2f,0.09751656362870165,10.110906533633653,0.09751656362870165,520.9986937965015,557.4049117530444,823.5600798537452,0.3019244763287566,0.009166666666666667,0.12191666666666667,0.4330078096620899,2.1269921903379108,0.8646850594805969,436.87461547851564,0.0,0.0,436.87461547851564,564.5746154785156,6176.700598903089,281.75616455078125,30.0,730.9986937965015,0.0,1,N01_M024_G00,N01_M024_G00,N01,M024,741.6875,1140.6875,399.0,0.09751656362870165,0.0
E52_d7f1f5d49edaa9f52000c452,4.816859079935227,12.917919470378578,4.816859079935227,397.7633482290822,431.12867517406926,595.3347347882426,0.22577474843651651,0.009166666666666667,0.12191666666666667,0.35685808176984984,2.2031419182301506,0.888481849446922,400.38392333984376,0.0,0.0,400.38392333984376,528.0839233398438,4465.010510911819,278.08392333984375,30.0,607.7633482290822,0.0,1,N01_M024_G00,N01_M024_G00,N01,M024,741.6875,1140.6875,399.0,4.816859079935227,0.0
E52_da1eeef61bb4fffd90feecd9,11.891330612148039,11.577048041656667,11.577048041656667,464.4321692173844,503.4661769891943,694.6602918039094,0.2635518155735283,0.009166666666666667,0.12191666666666667,0.39463514890686163,2.165364851093139,0.8766765159666058,468.40809326171876,0.0,0.0,468.40809326171876,596.1080932617188,5209.952188529321,322.9142761230469,30.0,674.4321692173844,0.0,1,N01_M024_G00,N01_M024_G00,N01,M024,741.6875,1140.6875,399.0,11.577048041656667,0.0
E52_da487d3b8a0906fb4529d12f,0.31260605257193674,15.138353346482333,0.31260605257193674,331.4673547495513,365.316990573119,459.8368945576963,0.18300743845595838,0.009166666666666667,0.12191666666666667,0.3140907717892917,2.2459092282107087,0.9018466338158464,406.1956298828125,0.0,0.0,406.1956298828125,533.8956298828125,3448.7767091827222,283.8956298828125,30.0,541.4673547495513,0.0,1,N01_M024_G00,N01_M024_G00,N01,M024,741.6875,1140.6875,399.0,0.31260605257193674,0.0
E52_dbe1bedc9b83d29f34556dbd,5.48925853779113,13.016499113861627,5.48925853779113,387.86022911882606,419.0031732004504,588.862793747906,0.22133620210273125,0.009166666666666667,0.12191666666666667,0.3524195354360646,2.207580464563936,0.8898688951762298,373.7153289794922,0.0,0.0,373.7153289794922,501.4153289794922,4416.470953109295,233.02317810058594,30.0,597.860229118826,0.0,1,N01_M024_G00,N01_M024_G00,N01,M024,741.6875,1140.6875,399.0,5.48925853779113,0.0
E52_dc4c132291b7b9525a26c82f,7.927994896743471,16.290878065555617,7.927994896743471,256.41354735972715,274.49113296153376,404.3615811086144,0.14845852840407586,0.009166666666666667,0.12191666666666667,0.2795418617374092,2.2804581382625915,0.9126431682070596,216.9310272216797,0.0,0.0,216.9310272216797,344.6310272216797,3032.711858314608,277.91845703125,30.0,466.41354735972715,0.0,1,N01_M024_G00,N01_M024_G00,N01,M024,741.6875,1140.6875,399.0,7.927994896743471,0.0
E52_de2c36302e014a6d0284c896,0.18695850876338227,15.994052628622484,0.18695850876338227,325.41177480357015,364.7238282296769,414.95122905049965,0.1744969638873427,0.009166666666666667,0.12191666666666667,0.30558029722067603,2.2544197027793245,0.9045061571185388,471.74464111328126,0.0,0.0,471.74464111328126,599.4446411132812,3112.134217878747,326.2397766113281,30.0,535.4117748035701,0.0,1,N01_M024_G00,N01_M024_G00,N01,M024,741.6875,1140.6875,399.0,0.18695850876338227,0.0
E52_e0325aad0b87e7c07e10fc2c,0.18114859492473556,5.987785159048158,0.18114859492473556,275.1983248954777,294.96932963587483,418.60161500091635,0.15682137892336617,0.009166666666666667,0.12191666666666667,0.2879047122566995,2.272095287743301,0.9100297774197814,248.53977661132814,11.2877197265625,11.2877197265625,248.53977661132814,376.2397766113281,3139.5121125068727,326.2397766113281,30.0,485.1983248954777,0.0,1,N01_M024_G00,N01_M024_G00,N01,M024,741.6875,1140.6875,399.0,0.18114859492473556,0.0
E52_ea76d341ab82f2ebc1fa1efe,0.19377899526962494,6.056283714240493,0.19377899526962494,275.41177480357015,298.05716156301025,414.95122905049965,0.15671484390277482,0.009166666666666667,0.12191666666666667,0.2877981772361081,2.2722018227638925,0.9100630696137162,271.74464111328126,0.0,0.0,271.74464111328126,399.44464111328125,3112.134217878747,326.2397766113281,30.0,485.41177480357015,0.0,1,N01_M024_G00,N01_M024_G00,N01,M024,741.6875,1140.6875,399.0,0.19377899526962494,0.0
E52_eab18c460278cfbad2c20da0,6.032064067735021,7.760329046990023,6.032064067735021,212.31476099060268,226.15454090800176,341.5908424768108,0.12388533452538679,0.009166666666666667,0.12191666666666667,0.25496866785872013,2.3050313321412803,0.92032229129415,166.07735900878907,0.0,0.0,166.07735900878907,293.77735900878906,2561.931318576081,213.8477783203125,30.0,422.3147609906027,0.0,1,N01_M024_G00,N01_M024_G00,N01,M024,741.6875,1140.6875,399.0,6.032064067735021,0.0
E52_eb490529b308e18523949520,5.452835615478591,12.235001379754962,5.452835615478591,417.9327582223269,449.8180932544721,644.5535062517828,0.23991836791670462,0.009166666666666667,0.12191666666666667,0.37100170125003795,2.1889982987499623,0.8840619683593631,382.6240203857422,0.0,0.0,382.6240203857422,510.3240203857422,4834.151296888371,255.67149353027344,30.0,627.9327582223269,0.0,1,N01_M024_G00,N01_M024_G00,N01,M024,741.6875,1140.6875,399.0,5.452835615478591,0.0
E52_eddf192c3626d88d236d26e4,6.035414029331747,17.034187922993553,6.035414029331747,241.72684180786888,260.473536754158,370.9735139380034,0.13850678679446915,0.009166666666666667,0.12191666666666667,0.2695901201278025,2.290409879872198,0.9157530874600617,224.96033935546876,0.0,0.0,224.96033935546876,352.66033935546875,2782.3013545350254,199.07135009765625,30.0,451.7268418078689,0.0,1,N01_M024_G00,N01_M024_G00,N01,M024,741.6875,1140.6875,399.0,6.035414029331747,0.0
E52_ede4029bd5e695a7a0c85289,4.8219316267261405,12.925612211179384,4.8219316267261405,385.2633482290822,414.4620085074026,595.3347347882426,0.22132921844037454,0.009166666666666667,0.12191666666666667,0.3524125517737079,2.2075874482262927,0.8898710775707163,350.38392333984376,0.0,0.0,350.38392333984376,478.08392333984375,4465.010510911819,278.08392333984375,30.0,595.2633482290822,0.0,1,N01_M024_G00,N01_M024_G00,N01,M024,741.6875,1140.6875,399.0,4.8219316267261405,0.0
E52_ef8fa59407d07a2296b5f591,5.471441035912903,0.3151276047193221,0.3151276047193221,505.85939793409244,540.3898465933535,804.5361039126185,0.29384606362066074,0.009166666666666667,0.12191666666666667,0.42492939695399407,2.1350706030460063,0.8672095634518768,414.3653839111328,0.0,0.0,414.3653839111328,542.0653839111328,6034.020779344639,284.8677062988281,30.0,715.8593979340924,0.0,1,N01_M024_G00,N01_M024_G00,N01,M024,741.6875,1140.6875,399.0,0.3151276047193221,0.0
E52_f4836ff0bfcbe7f74f580128,5.857186879240203,13.198394987858308,5.857186879240203,446.8309536018799,500.3537512499919,572.525121315088,0.23999489789029496,0.009166666666666667,0.12191666666666667,0.37107823122362826,2.188921768776372,0.8840380527426162,642.2735717773437,0.0,0.0,642.2735717773437,769.9735717773438,4293.93840986316,483.0478820800781,30.0,656.8309536018799,0.0,1,N01_M024_G00,N01_M024_G00,N01,M024,741.6875,1140.6875,399.0,5.857186879240203,0.0
E52_fb97bb829fc82a7376005525,6.420468847062537,12.561592200960149,6.420468847062537,483.9909817485873,542.6900133241081,615.7877740440496,0.2593375767224136,0.009166666666666667,0.12191666666666667,0.3904209100557469,2.1695790899442535,0.8779934656075791,704.38837890625,0.0,0.0,704.38837890625,832.08837890625,4618.408305330372,532.08837890625,30.0,693.9909817485873,0.0,1,N01_M024_G00,N01_M024_G00,N01,M024,741.6875,1140.6875,399.0,6.420468847062537,0.0
E52_fd527d975e1813662620f82c,0.2515585281702357,12.45056667278017,0.2515585281702357,418.2192341110554,452.9085204066283,628.3027504486734,0.23771876612520712,0.009166666666666667,0.12191666666666667,0.3688020994585405,2.19119790054146,0.8847493439192061,416.271435546875,0.0,0.0,416.271435546875,543.971435546875,4712.2706283650505,307.606201171875,30.0,628.2192341110554,0.0,1,N01_M024_G00,N01_M024_G00,N01,M024,741.6875,1140.6875,399.0,0.2515585281702357,0.0
E52_fe6c7b852578a086d3069b9b,0.3359780338328875,5.686957833294301,0.3359780338328875,283.52010664670297,305.8382661315663,433.1312563842263,0.16217322495485703,0.009166666666666667,0.12191666666666667,0.29325655828819036,2.26674344171181,0.9083573255349405,267.8179138183594,0.0,0.0,267.8179138183594,395.5179138183594,3248.484422881697,322.1230773925781,30.0,493.52010664670297,0.0,1,N01_M024_G00,N01_M024_G00,N01,M024,741.6875,1140.6875,399.0,0.3359780338328875,0.0
E52_0c56c0f390b777971f9a7e58,9.191817182292596,2.1743859331465814,2.1743859331465814,461.3120930283848,507.24512830670517,647.0259743868478,0.2556960576036008,0.009166666666666667,0.18918663194444446,0.45404935621471193,2.1059506437852886,0.8581095761829025,551.1964233398437,0.0,0.0,551.1964233398437,678.8964233398438,4852.694807901358,439.2268981933594,30.0,671.3120930283849,0.0,1,N01_M025_G00,N01_M025_G00,N01,M025,2315.3125,2934.46875,619.15625,2.1743859331465814,0.0
E52_132fcaf6d631eae41e83e018,16.277039427598496,12.621037374336296,12.621037374336296,466.52713400648173,519.919143487276,612.7022111281979,0.2526897045720101,0.009166666666666667,0.18918663194444446,0.45104300318312124,2.1089569968168793,0.8590490615052746,640.7041137695312,0.0,0.0,640.7041137695312,768.4041137695312,4595.266583461484,468.40411376953125,30.0,676.5271340064817,0.0,1,N01_M025_G00,N01_M025_G00,N01,M025,2315.3125,2934.46875,619.15625,12.621037374336296,0.0
E52_154bbd26b7808edf72eaa410,13.995666599621927,13.235683344326844,13.235683344326844,444.90797820490957,498.19814035497467,570.0749835094285,0.23896400983981742,0.009166666666666667,0.18918663194444446,0.43731730845092853,2.122682691549072,0.8633383411090848,639.4819458007812,0.0,0.0,639.4819458007812,767.1819458007812,4275.562376320714,467.18194580078125,30.0,654.9079782049096,0.0,1,N01_M025_G00,N01_M025_G00,N01,M025,2315.3125,2934.46875,619.15625,13.235683344326844,0.0
E52_2d291a2169e36d61d7bf7582,15.632231005935907,12.790365797832976,12.790365797832976,470.3839036593983,527.1993216484933,599.8752993842263,0.25224474652706685,0.009166666666666667,0.18918663194444446,0.45059804513817797,2.1094019548618226,0.8591881108943193,681.7850158691406,0.0,0.0,681.7850158691406,809.4850158691406,4499.064745381697,509.4850158691406,30.0,680.3839036593984,0.0,1,N01_M025_G00,N01_M025_G00,N01,M025,2315.3125,2934.46875,619.15625,12.790365797832976,0.0
E52_575c4f100493de938643a13d,8.748145591440831,2.099203328999508,2.099203328999508,470.05405043895155,518.0123847895375,652.3580947743875,0.259560220504969,0.009166666666666667,0.18918663194444446,0.45791351911608014,2.10208648088392,0.8569020252762249,575.5000122070312,0.0,0.0,575.5000122070312,703.2000122070312,4892.685710807907,437.3766174316406,30.0,680.0540504389515,0.0,1,N01_M025_G00,N01_M025_G00,N01,M025,2315.3125,2934.46875,619.15625,2.099203328999508,0.0
E52_7ccd1e182a1b2540fd645bfb,17.598222271069588,2.4191590009326376,2.4191590009326376,429.0509151666868,465.88596358791074,630.2977572539465,0.24168092785315382,0.009166666666666667,0.18918663194444446,0.44003422646426493,2.1199657735357356,0.8624893042299172,447.8438232421875,5.8232421875,5.8232421875,447.8438232421875,575.5438232421875,4727.2331794045995,525.5438232421875,30.0,639.0509151666868,0.0,1,N01_M025_G00,N01_M025_G00,N01,M025,2315.3125,2934.46875,619.15625,2.4191590009326376,0.0
E52_7e4744117cf2a1b6b8665ab3,16.603245099807324,12.590569849682154,12.590569849682154,474.82609328547096,530.7107225986219,614.3444106920357,0.25587373999544005,0.009166666666666667,0.18918663194444446,0.45422703860655117,2.1057729613934493,0.8580540504354528,670.6155517578125,0.0,0.0,670.6155517578125,798.3155517578125,4607.5830801902675,498.3155517578125,30.0,684.826093285471,0.0,1,N01_M025_G00,N01_M025_G00,N01,M025,2315.3125,2934.46875,619.15625,12.590569849682154,0.0
E52_928897c58ab324fea0c4e2a6,3.484611903020678,1.5883194156787255,1.5883194156787255,531.9728362225934,555.928866496031,695.4103981938848,0.2819677951972939,0.009166666666666667,0.18918663194444446,0.48032109380840504,2.0796789061915955,0.8498996581848735,480.1572998046875,192.6849365234375,192.6849365234375,480.1572998046875,607.8572998046875,5215.577986454136,557.8572998046875,30.0,741.9728362225934,0.0,1,N01_M025_G00,N01_M025_G00,N01,M025,2315.3125,2934.46875,619.15625,1.5883194156787255,0.0
E52_a0032802edd73d232f2c84c2,16.578178410595456,12.395809404549922,12.395809404549922,482.4923087567502,538.5719606529091,628.5067061365473,0.26060588149401487,0.009166666666666667,0.18918663194444446,0.458959180105126,2.1010408198948745,0.8565752562171481,672.9558227539062,0.0,0.0,672.9558227539062,800.6558227539062,4713.800296024105,500.65582275390625,30.0,692.4923087567502,0.0,1,N01_M025_G00,N01_M025_G00,N01,M025,2315.3125,2934.46875,619.15625,12.395809404549922,0.0
E52_b45db00398315637fb020e5f,5.400247916756143,10.742298629097064,5.400247916756143,520.0993036420956,566.0861185224667,764.2777180019647,0.2932088546230577,0.009166666666666667,0.18918663194444446,0.4915621532341688,2.0684378467658315,0.8463868271143222,551.8417785644531,0.0,0.0,551.8417785644531,679.5417785644531,5732.082885014735,386.71868896484375,30.0,730.0993036420956,0.0,1,N01_M025_G00,N01_M025_G00,N01,M025,2315.3125,2934.46875,619.15625,5.400247916756143,0.0
E52_be79b94db4a0a5b6faaed631,13.11389912953588,13.435452033242427,13.11389912953588,439.28613208838135,492.92224150407145,556.7556076826221,0.23507830977561708,0.009166666666666667,0.18918663194444446,0.43343160838672823,2.1265683916132723,0.8645526223791474,643.6333129882812,0.0,0.0,643.6333129882812,771.3333129882812,4175.667057619666,471.33331298828125,30.0,649.2861320883814,0.0,1,N01_M025_G00,N01_M025_G00,N01,M025,2315.3125,2934.46875,619.15625,13.11389912953588,0.0
E52_beb70ec57fd2d66bf65b827f,17.38358245881338,2.43785423226241,2.43785423226241,429.6587378248194,468.09544538504076,628.6972302883107,0.2418430061920666,0.009166666666666667,0.18918663194444446,0.44019630480317773,2.119803695196823,0.8624386547490069,461.24049072265626,0.0,0.0,461.24049072265626,588.9404907226562,4715.22922716233,538.9404907226562,30.0,639.6587378248194,0.0,1,N01_M025_G00,N01_M025_G00,N01,M025,2315.3125,2934.46875,619.15625,2.43785423226241,0.0
E52_c515ea57360fd29f9add62f7,5.110675927180537,10.649906727109496,5.110675927180537,525.5980011021792,572.0554631586571,772.4512298654912,0.29632198385281766,0.009166666666666667,0.18918663194444446,0.4946752824639288,2.065324717536072,0.8454139742300223,557.4895446777343,0.0,0.0,557.4895446777343,685.1895446777344,5793.384223991184,393.3172912597656,30.0,735.5980011021792,0.0,1,N01_M025_G00,N01_M025_G00,N01,M025,2315.3125,2934.46875,619.15625,5.110675927180537,0.0
E52_f4836ff0bfcbe7f74f580128,13.84134266108093,13.198394987858308,13.198394987858308,446.8309536018799,500.3537512499919,572.525121315088,0.23999489789029496,0.009166666666666667,0.18918663194444446,0.4383481965014061,2.1216518034985943,0.8630161885933106,642.2735717773437,0.0,0.0,642.2735717773437,769.9735717773438,4293.93840986316,483.0478820800781,30.0,656.8309536018799,0.0,1,N01_M025_G00,N01_M025_G00,N01,M025,2315.3125,2934.46875,619.15625,13.198394987858308,0.0
E52_fb97bb829fc82a7376005525,16.46353643879513,12.561592200960149,12.561592200960149,483.9909817485873,542.6900133241081,615.7877740440496,0.2593375767224136,0.009166666666666667,0.18918663194444446,0.4576908753335247,2.102309124666476,0.8569716014582736,704.38837890625,0.0,0.0,704.38837890625,832.08837890625,4618.408305330372,532.08837890625,30.0,693.9909817485873,0.0,1,N01_M025_G00,N01_M025_G00,N01,M025,2315.3125,2934.46875,619.15625,12.561592200960149,0.0
E52_0c9d91fc306062a18ada9948,7.0084862389900024,15.697900697510477,7.0084862389900024,331.42241999480143,370.2725110389095,429.7442937249544,0.1787296459836012,0.009166666666666667,0.18094618055555556,0.3688424932058234,2.191157506794177,0.8847367208731802,466.2010925292969,0.0,0.0,466.2010925292969,593.9010925292969,3223.082202937158,335.390380859375,30.0,541.4224199948014,0.0,1,N01_M026_G00,N01_M026_G00,N01,M026,5378.85,5971.0375,592.1875,7.0084862389900024,0.0
E52_189eb019491ad876aa165071,9.695128280784644,3.8094716871601975,3.8094716871601975,403.09916814168594,448.35288467407526,534.676037089036,0.21908171065325852,0.009166666666666667,0.18094618055555556,0.40919455787548076,2.1508054421245197,0.8721267006639123,543.0445983886718,0.0,0.0,543.0445983886718,670.7445983886719,4010.07027816777,391.87322998046875,30.0,613.0991681416859,0.0,1,N01_M026_G00,N01_M026_G00,N01,M026,5378.85,5971.0375,592.1875,3.8094716871601975,0.0
E52_215ef380a7eb56a6f7d09ab1,7.236269287947721,12.440860913671315,7.236269287947721,437.2780853288336,478.35957590907447,628.0672271762219,0.2444635461376352,0.009166666666666667,0.18094618055555556,0.4345763933598574,2.125423606640143,0.8641948770750445,492.97788696289064,0.0,0.0,492.97788696289064,620.6778869628906,4710.504203821664,324.9881591796875,30.0,647.2780853288336,0.0,1,N01_M026_G00,N01_M026_G00,N01,M026,5378.85,5971.0375,592.1875,7.236269287947721,0.0
E52_231de36c6439da832299e30f,4.599017917286076,16.451156269229884,4.599017917286076,336.2639482811268,383.1573412254627,391.1675388962379,0.1749881335365896,0.009166666666666667,0.18094618055555556,0.3651009807588118,2.1948990192411886,0.8859059435128713,562.7207153320312,0.0,0.0,562.7207153320312,690.4207153320312,2933.7565417217843,390.42071533203125,30.0,546.2639482811268,0.0,1,N01_M026_G00,N01_M026_G00,N01,M026,5378.85,5971.0375,592.1875,4.599017917286076,0.0
E52_246111a1ef063bec9e89ec9e,8.575691888014816,13.03223549741864,8.575691888014816,413.11352328410356,453.07003166626504,586.4879962752384,0.22998101771643822,0.009166666666666667,0.18094618055555556,0.4200938649386604,2.13990613506134,0.8687206672066686,479.4781005859375,0.0,0.0,479.4781005859375,607.1781005859375,4398.659972064288,469.28277587890625,30.0,623.1135232841036,0.0,1,N01_M026_G00,N01_M026_G00,N01,M026,5378.85,5971.0375,592.1875,8.575691888014816,0.0
E52_27bf1882d0e1a812c8450c72,6.4104812089145184,16.18675851321828,6.4104812089145184,334.03154784809436,377.9609795090644,404.48650573036844,0.17608047258726683,0.009166666666666667,0.18094618055555556,0.36619331980948905,2.1938066801905114,0.8855645875595347,527.1531799316406,0.0,0.0,527.1531799316406,654.8531799316406,3033.648792977763,364.9013671875,30.0,544.0315478480943,0.0,1,N01_M026_G00,N01_M026_G00,N01,M026,5378.85,5971.0375,592.1875,6.4104812089145184,0.0
E52_2d7a36258a59c18fc6a856bf,5.997167616304111,16.662039037059316,5.997167616304111,318.72117968179435,361.17160743651436,382.73979283526836,0.16755561647288383,0.009166666666666667,0.18094618055555556,0.3576684636951061,2.2023315363048943,0.8882286050952793,509.40513305664064,0.0,0.0,509.40513305664064,637.1051330566406,2870.5484462645127,346.4301452636719,30.0,528.7211796817944,0.0,1,N01_M026_G00,N01_M026_G00,N01,M026,5378.85,5971.0375,592.1875,5.997167616304111,0.0
E52_347c51b45a583dd4c5a4aad0,8.071563748446437,10.359339260709504,8.071563748446437,545.8106765870443,594.6474365357748,798.6007934817058,0.3072138543106079,0.009166666666666667,0.18094618055555556,0.4973267015328301,2.0626732984671703,0.8445854057709906,586.0411193847656,0.0,0.0,586.0411193847656,713.7411193847656,5989.505951112793,425.30462646484375,30.0,755.8106765870443,0.0,1,N01_M026_G00,N01_M026_G00,N01,M026,5378.85,5971.0375,592.1875,8.071563748446437,0.0
E52_3875f0f2b8e39572338b498b,7.224642538904277,12.654831201135607,7.224642538904277,430.443023323014,471.8276755243487,612.5781334380202,0.23983909257274777,0.009166666666666667,0.18094618055555556,0.42995193979497,2.1300480602050307,0.8656400188140718,496.61582641601564,0.0,0.0,496.61582641601564,624.3158264160156,4594.336000785152,324.3158264160156,30.0,640.443023323014,0.0,1,N01_M026_G00,N01_M026_G00,N01,M026,5378.85,5971.0375,592.1875,7.224642538904277,0.0
E52_3a94b6482baa2cfaba8a857d,6.205753892012169,16.425448776817632,6.205753892012169,326.01303055755295,369.111023518165,393.4381033514341,0.17166403726355467,0.009166666666666667,0.18094618055555556,0.3617768844857769,2.1982231155142236,0.8869447235981948,517.1759155273437,0.0,0.0,517.1759155273437,644.8759155273438,2950.785775135756,352.4370422363281,30.0,536.013030557553,0.0,1,N01_M026_G00,N01_M026_G00,N01,M026,5378.85,5971.0375,592.1875,6.205753892012169,0.0
E52_47db2d0d55c92154c779a4c9,6.061526749283374,16.45726286038159,6.061526749283374,312.62709924858126,351.3219092257948,393.08533863388124,0.16685347284684848,0.009166666666666667,0.18094618055555556,0.3569663200690707,2.20303367993093,0.8884480249784155,464.3377197265625,0.0,0.0,464.3377197265625,592.0377197265625,2948.1400397541092,295.61395263671875,30.0,522.6270992485813,0.0,1,N01_M026_G00,N01_M026_G00,N01,M026,5378.85,5971.0375,592.1875,6.061526749283374,0.0
E52_60b0dc656c777ee2cc2279b1,8.270612326516968,0.21315146591224732,0.21315146591224732,563.4362729251038,615.9641949832094,811.705013501575,0.3153381258454166,0.009166666666666667,0.18094618055555556,0.5054509730676389,2.054549026932362,0.8420465709163629,630.3350646972656,0.0,0.0,630.3350646972656,758.0350646972656,6087.787601261813,495.9024353027344,30.0,773.4362729251038,0.0,1,N01_M026_G00,N01_M026_G00,N01,M026,5378.85,5971.0375,592.1875,0.21315146591224732,0.0
E52_6dc095df8eb6475486134b5c,9.025375827509535,12.905188948092743,9.025375827509535,424.06014837873875,466.2734748964797,594.8403376510322,0.23505698741925235,0.009166666666666667,0.18094618055555556,0.42516983464147456,2.134830165358526,0.8671344266745392,506.55991821289064,0.0,0.0,506.55991821289064,634.2599182128906,4461.302532382741,440.2059631347656,30.0,634.0601483787387,0.0,1,N01_M026_G00,N01_M026_G00,N01,M026,5378.85,5971.0375,592.1875,9.025375827509535,0.0
E52_7dc5542bb1ad046741692f59,7.00648707818759,15.630401191468053,7.00648707818759,333.52010664670297,372.50493279823297,433.1312563842263,0.17995534493942492,0.009166666666666667,0.18094618055555556,0.3700681921616471,2.189931807838353,0.8843536899494853,467.8179138183594,0.0,0.0,467.8179138183594,595.5179138183594,3248.484422881697,322.1230773925781,30.0,543.520106646703,0.0,1,N01_M026_G00,N01_M026_G00,N01,M026,5378.85,5971.0375,592.1875,7.00648707818759,0.0
E52_82c821a5773d0bfbe554f10a,11.240343925362424,11.397135806608844,11.240343925362424,512.9354114719376,566.0737563002253,707.0407539741487,0.2825549862639304,0.009166666666666667,0.18094618055555556,0.4726678334861526,2.087332166513848,0.8522913020355773,637.6601379394531,0.0,0.0,637.6601379394531,765.3601379394531,5302.805654806116,465.3601379394531,30.0,722.9354114719376,0.0,1,N01_M026_G00,N01_M026_G00,N01,M026,5378.85,5971.0375,592.1875,11.240343925362424,0.0
E52_8ca7795ffa642a3b129c0a3d,6.966080081699303,15.730152054416479,6.966080081699303,330.94608252023,369.9122522589995,428.0951466078428,0.17832668261553564,0.009166666666666667,0.18094618055555556,0.36843952983775785,2.1915604701622424,0.8848626469257007,467.5940368652344,0.0,0.0,467.5940368652344,595.2940368652344,3210.713599558821,335.390380859375,30.0,540.94608252023,0.0,1,N01_M026_G00,N01_M026_G00,N01,M026,5378.85,5971.0375,592.1875,6.966080081699303,0.0
E52_8d375985c45fff9288668cb3,4.407503473049033,16.222123863058812,4.407503473049033,353.99602207193686,405.21742048909175,400.663653640944,0.182639281392285,0.009166666666666667,0.18094618055555556,0.37275212861450724,2.1872478713854933,0.8835149598079665,614.6567810058593,0.0,0.0,614.6567810058593,742.3567810058594,3004.97740230708,442.3567810058594,30.0,563.9960220719369,0.0,1,N01_M026_G00,N01_M026_G00,N01,M026,5378.85,5971.0375,592.1875,4.407503473049033,0.0
E52_9b18c2085562c5280ea1e394,7.5155198001554595,0.02697066595830222,0.02697066595830222,563.4972144032131,613.0086493397365,829.9258191872856,0.3179402888393461,0.009166666666666667,0.18094618055555556,0.5080531360615683,2.051946863938432,0.8412333949807599,594.1372192382812,0.0,0.0,594.1372192382812,721.8372192382812,6224.443643904642,493.42156982421875,30.0,773.4972144032131,0.0,1,N01_M026_G00,N01_M026_G00,N01,M026,5378.85,5971.0375,592.1875,0.02697066595830222,0.0
E52_a1af1f4ab7d520e82e20be53,9.496065550682573,0.45430012492889205,0.45430012492889205,547.7224457312177,598.7128286250978,789.5025940991541,0.30660524396013417,0.009166666666666667,0.18094618055555556,0.4967180911823564,2.063281908817644,0.8447755965055137,611.8845947265625,0.0,0.0,611.8845947265625,739.5845947265625,5921.269455743655,499.0620422363281,30.0,757.7224457312177,0.0,1,N01_M026_G00,N01_M026_G00,N01,M026,5378.85,5971.0375,592.1875,0.45430012492889205,0.0
E52_b8aeee13ee5f313ffdb298e7,8.401562249413445,0.32052137756616617,0.32052137756616617,550.9628084392909,600.9445446860357,802.0351993981131,0.309532562555218,0.009166666666666667,0.18094618055555556,0.4996454097774402,2.0603545902225604,0.8438608094445499,599.7808349609375,0.0,0.0,599.7808349609375,727.4808349609375,6015.263995485849,488.552978515625,30.0,760.9628084392909,0.0,1,N01_M026_G00,N01_M026_G00,N01,M026,5378.85,5971.0375,592.1875,0.32052137756616617,0.0
E52_be69bdf55826f2eb34075d09,8.607486198729944,12.029424972929434,8.607486198729944,457.6877788138426,500.48965717077624,658.5642874860837,0.25604119113741575,0.009166666666666667,0.18094618055555556,0.44615403835963796,2.1138459616403624,0.8605768630126132,513.6225402832031,0.0,0.0,513.6225402832031,641.3225402832031,4939.232156145627,341.3225402832031,30.0,667.6877788138427,0.0,1,N01_M026_G00,N01_M026_G00,N01,M026,5378.85,5971.0375,592.1875,8.607486198729944,0.0
E52_c0294c7ff44d44fc4ede8d97,5.940365891923506,16.7256600789149,5.940365891923506,316.70783025924425,358.9570632507807,379.92026256926977,0.16644027302831577,0.009166666666666667,0.18094618055555556,0.356553120250538,2.2034468797494626,0.8885771499217069,506.9907958984375,0.0,0.0,506.9907958984375,634.6907958984375,2849.4019692695233,334.6907958984375,30.0,526.7078302592442,0.0,1,N01_M026_G00,N01_M026_G00,N01,M026,5378.85,5971.0375,592.1875,5.940365891923506,0.0
E52_c10a50247c57c0340b451298,8.14063124848731,3.1495087650690863,3.1495087650690863,410.4813485396202,450.8988478275434,578.4577013517014,0.22790762835174688,0.009166666666666667,0.18094618055555556,0.4180204755739691,2.1419795244260316,0.8693686013831347,485.00999145507814,0.0,0.0,485.00999145507814,612.7099914550781,4338.432760137761,515.4917602539062,30.0,620.4813485396203,0.0,1,N01_M026_G00,N01_M026_G00,N01,M026,5378.85,5971.0375,592.1875,3.1495087650690863,0.0
E52_c117f06f984d58b2275e6c48,8.079857438480559,0.365836005255062,0.365836005255062,533.3106765870443,577.980769869108,798.6007934817058,0.30276832431446593,0.009166666666666667,0.18094618055555556,0.49288117153668815,2.0671188284633124,0.845974633894785,536.0411193847656,0.0,0.0,536.0411193847656,663.7411193847656,5989.505951112793,425.30462646484375,30.0,743.3106765870443,0.0,1,N01_M026_G00,N01_M026_G00,N01,M026,5378.85,5971.0375,592.1875,0.365836005255062,0.0
E52_d6d1511afdebb88632549a71,5.148881955737139,16.177909036830457,5.148881955737139,342.76879390848103,389.67749650450963,404.08537224079015,0.1791309979165653,0.009166666666666667,0.18094618055555556,0.3692438451387875,2.190756154861213,0.8846112983941289,562.9044311523437,0.0,0.0,562.9044311523437,690.6044311523438,3030.640291805926,390.60443115234375,30.0,552.768793908481,0.0,1,N01_M026_G00,N01_M026_G00,N01,M026,5378.85,5971.0375,592.1875,5.148881955737139,0.0
E52_dbec4f1422e98765afb262aa,6.201096709067627,16.38523852602286,6.201096709067627,322.5402116809159,364.1002534899979,395.72017250733956,0.1707521496628321,0.009166666666666667,0.18094618055555556,0.3608649968850543,2.199135003114946,0.8872296884734205,498.7205017089844,0.0,0.0,498.7205017089844,626.4205017089844,2967.901293805047,326.4205017089844,30.0,532.540211680916,0.0,1,N01_M026_G00,N01_M026_G00,N01,M026,5378.85,5971.0375,592.1875,6.201096709067627,0.0
E52_dd12fb0cc4aee52816704b73,9.540257155358589,0.5498680641518376,0.5498680641518376,547.6210002825783,600.0718247658139,780.5370536657424,0.3052994367315811,0.009166666666666667,0.18094618055555556,0.4954122839538033,2.064587716046197,0.8451836612644364,629.4098937988281,0.0,0.0,629.4098937988281,757.1098937988281,5854.027902493068,543.108642578125,30.0,757.6210002825783,0.0,1,N01_M026_G00,N01_M026_G00,N01,M026,5378.85,5971.0375,592.1875,0.5498680641518376,0.0
E52_de2c36302e014a6d0284c896,6.690406713655818,15.994052628622484,6.690406713655818,325.41177480357015,364.7238282296769,414.95122905049965,0.1744969638873427,0.009166666666666667,0.18094618055555556,0.3646098111095649,2.1953901888904355,0.8860594340282609,471.74464111328126,0.0,0.0,471.74464111328126,599.4446411132812,3112.134217878747,326.2397766113281,30.0,535.4117748035701,0.0,1,N01_M026_G00,N01_M026_G00,N01,M026,5378.85,5971.0375,592.1875,6.690406713655818,0.0
E52_0c9d91fc306062a18ada9948,1.7538108177590743,15.697900697510477,1.7538108177590743,331.42241999480143,370.2725110389095,429.7442937249544,0.1787296459836012,0.009166666666666667,0.339109375,0.5270056876502678,2.0329943123497327,0.8353107226092913,466.2010925292969,0.0,0.0,466.2010925292969,593.9010925292969,3223.082202937158,335.390380859375,30.0,541.4224199948014,0.0,1,N01_M027_G00,N01_M027_G00,N01,M027,4771.08125,5880.89375,1109.8125,1.7538108177590743,0.0
E52_189eb019491ad876aa165071,0.6683873012807737,3.8094716871601975,0.6683873012807737,403.09916814168594,448.35288467407526,534.676037089036,0.21908171065325852,0.009166666666666667,0.339109375,0.5673577523199251,1.9926422476800754,0.8227007024000235,543.0445983886718,0.0,0.0,543.0445983886718,670.7445983886719,4010.07027816777,391.87322998046875,30.0,613.0991681416859,0.0,1,N01_M027_G00,N01_M027_G00,N01,M027,4771.08125,5880.89375,1109.8125,0.6683873012807737,0.0
E52_215ef380a7eb56a6f7d09ab1,4.619633923612724,12.440860913671315,4.619633923612724,437.2780853288336,478.35957590907447,628.0672271762219,0.2444635461376352,0.009166666666666667,0.339109375,0.5927395878043018,1.9672604121956987,0.8147688788111557,492.97788696289064,0.0,0.0,492.97788696289064,620.6778869628906,4710.504203821664,324.9881591796875,30.0,647.2780853288336,0.0,1,N01_M027_G00,N01_M027_G00,N01,M027,4771.08125,5880.89375,1109.8125,4.619633923612724,0.0
E52_24cc4f01335372459fb4c2ba,11.512851159871033,12.909161020133865,11.512851159871033,410.2633482290822,447.7953418407359,595.3347347882426,0.23022027843265847,0.009166666666666667,0.339109375,0.5784963200993252,1.9815036799006753,0.8192198999689608,450.38392333984376,0.0,0.0,450.38392333984376,578.0839233398438,4465.010510911819,278.08392333984375,30.0,620.2633482290822,0.0,1,N01_M027_G00,N01_M027_G00,N01,M027,4771.08125,5880.89375,1109.8125,11.512851159871033,0.0
E52_27bf01e9e990859ae5993708,1.6648745594862788,15.932490639468014,1.6648745594862788,318.6138217216496,355.0514931287134,418.60161500091635,0.17259630304263499,0.009166666666666667,0.339109375,0.5208723447093017,2.0391276552906987,0.8372273922783433,437.25205688476564,0.0,0.0,437.25205688476564,564.9520568847656,3139.5121125068727,326.2397766113281,30.0,528.6138217216496,0.0,1,N01_M027_G00,N01_M027_G00,N01,M027,4771.08125,5880.89375,1109.8125,1.6648745594862788,0.0
E52_27bf1882d0e1a812c8450c72,1.1675577395526062,16.18675851321828,1.1675577395526062,334.03154784809436,377.9609795090644,404.48650573036844,0.17608047258726683,0.009166666666666667,0.339109375,0.5243565142539335,2.035643485746067,0.8361385892956458,527.1531799316406,0.0,0.0,527.1531799316406,654.8531799316406,3033.648792977763,364.9013671875,30.0,544.0315478480943,0.0,1,N01_M027_G00,N01_M027_G00,N01,M027,4771.08125,5880.89375,1109.8125,1.1675577395526062,0.0
E52_2cea01313b8862fcfb6b2e63,6.264019617413027,16.460055432828085,6.264019617413027,259.5957489704318,280.08528245838755,396.2542970131293,0.148442074342722,0.009166666666666667,0.339109375,0.49671811600938864,2.0632818839906117,0.844775588747066,245.87440185546876,0.0,0.0,245.87440185546876,373.57440185546875,2971.90722759847,231.8917236328125,30.0,469.5957489704318,0.0,1,N01_M027_G00,N01_M027_G00,N01,M027,4771.08125,5880.89375,1109.8125,6.264019617413027,0.0
E52_2d7a36258a59c18fc6a856bf,1.4905075616942156,16.662039037059316,1.4905075616942156,318.72117968179435,361.17160743651436,382.73979283526836,0.16755561647288383,0.009166666666666667,0.339109375,0.5158316581395505,2.04416834186045,0.8388026068313905,509.40513305664064,0.0,0.0,509.40513305664064,637.1051330566406,2870.5484462645127,346.4301452636719,30.0,528.7211796817944,0.0,1,N01_M027_G00,N01_M027_G00,N01,M027,4771.08125,5880.89375,1109.8125,1.4905075616942156,0.0
E52_2dadfb43d7dd9558e21effa9,11.090420741642077,12.85982438864363,11.090420741642077,396.07517918576866,428.1792069974549,599.5261915014202,0.22576797164618329,0.009166666666666667,0.339109375,0.5740440133128499,1.9859559866871506,0.8206112458397344,385.2483337402344,0.0,0.0,385.2483337402344,512.9483337402344,4496.446436260651,251.37640380859375,30.0,606.0751791857687,0.0,1,N01_M027_G00,N01_M027_G00,N01,M027,4771.08125,5880.89375,1109.8125,11.090420741642077,0.0
E52_2e64690809088e2a96fb2160,5.735982781747808,9.500767968691491,5.735982781747808,523.7789293194231,550.945126524013,884.5606754113072,0.31155234822715455,0.009166666666666667,0.339109375,0.6598283898938212,1.9001716101061792,0.7938036281581808,325.99436645507814,0.0,0.0,325.99436645507814,453.6943664550781,6634.205065584804,329.6845703125,30.0,733.7789293194231,0.0,1,N01_M027_G00,N01_M027_G00,N01,M027,4771.08125,5880.89375,1109.8125,5.735982781747808,0.0
E52_357bbbd4dc4420221c875ea3,10.161205222688423,12.241245229232817,10.161205222688423,405.4327582223269,433.1514265878055,644.5535062517828,0.23547283792056264,0.009166666666666667,0.339109375,0.5837488795872293,1.9762511204127713,0.8175784751289908,332.6240203857422,0.0,0.0,332.6240203857422,460.3240203857422,4834.151296888371,255.67149353027344,30.0,615.4327582223269,0.0,1,N01_M027_G00,N01_M027_G00,N01,M027,4771.08125,5880.89375,1109.8125,10.161205222688423,0.0
E52_3875f0f2b8e39572338b498b,4.569185612572468,12.654831201135607,4.569185612572468,430.443023323014,471.8276755243487,612.5781334380202,0.23983909257274777,0.009166666666666667,0.339109375,0.5881151342394144,1.971884865760586,0.816214020550183,496.61582641601564,0.0,0.0,496.61582641601564,624.3158264160156,4594.336000785152,324.3158264160156,30.0,640.443023323014,0.0,1,N01_M027_G00,N01_M027_G00,N01,M027,4771.08125,5880.89375,1109.8125,4.569185612572468,0.0
E52_3a94b6482baa2cfaba8a857d,1.328339870161983,16.425448776817632,1.328339870161983,326.01303055755295,369.111023518165,393.4381033514341,0.17166403726355467,0.009166666666666667,0.339109375,0.5199400789302213,2.040059921069779,0.8375187253343058,517.1759155273437,0.0,0.0,517.1759155273437,644.8759155273438,2950.785775135756,352.4370422363281,30.0,536.013030557553,0.0,1,N01_M027_G00,N01_M027_G00,N01,M027,4771.08125,5880.89375,1109.8125,1.328339870161983,0.0
E52_413d3eff5d481ef66f8d3068,5.7185989141340485,9.493762996477216,5.7185989141340485,548.7789293194231,584.2784598573463,884.5606754113072,0.3204434082194385,0.009166666666666667,0.339109375,0.6687194498861051,1.8912805501138954,0.7910251719105922,425.99436645507814,0.0,0.0,425.99436645507814,553.6943664550781,6634.205065584804,329.6845703125,30.0,758.7789293194231,0.0,1,N01_M027_G00,N01_M027_G00,N01,M027,4771.08125,5880.89375,1109.8125,5.7185989141340485,0.0
E52_4cf0fac9feb721651efb2830,4.069474337158908,17.82597875173802,4.069474337158908,242.69354898018014,267.32891198677197,337.5749199208095,0.13412057160327687,0.009166666666666667,0.339109375,0.48239661326994354,2.0776033867300567,0.8492510583531426,295.6243560791016,0.0,0.0,295.6243560791016,423.32435607910156,2531.8118994060715,217.31182861328125,30.0,452.69354898018014,0.0,1,N01_M027_G00,N01_M027_G00,N01,M027,4771.08125,5880.89375,1109.8125,4.069474337158908,0.0
E52_4d215302190bc5bfb29bf912,3.785853652478636,16.37371485667674,3.785853652478636,307.50969179304633,343.7570581260541,397.53518558804575,0.1656637075427803,0.009166666666666667,0.339109375,0.513939749209447,2.0460602507905534,0.8393938283720479,434.96839599609376,0.0,0.0,434.96839599609376,562.6683959960938,2981.5138919103433,336.56707763671875,30.0,517.5096917930464,0.0,1,N01_M027_G00,N01_M027_G00,N01,M027,4771.08125,5880.89375,1109.8125,3.785853652478636,0.0
E52_50c718ca7f326f764494c89d,9.696219730369123,13.080943299176411,9.696219730369123,350.85355156655817,370.1881015340061,585.6998033284289,0.20772710552759727,0.009166666666666667,0.339109375,0.5560031471942639,2.0039968528057366,0.8262490165017925,232.014599609375,0.0,0.0,232.014599609375,359.714599609375,4392.748524963216,275.29461669921875,30.0,560.8535515665582,0.0,1,N01_M027_G00,N01_M027_G00,N01,M027,4771.08125,5880.89375,1109.8125,9.696219730369123,0.0
E52_515a3b7c8d98426ee13f2b4e,4.43354045683563,17.07508762021844,4.43354045683563,242.68536134104386,262.0561394884234,369.14605379781034,0.13858886614696947,0.009166666666666667,0.339109375,0.4868649078136361,2.0731350921863645,0.8478547163082387,232.4493377685547,0.0,0.0,232.4493377685547,360.1493377685547,2768.5954034835777,210.1493377685547,30.0,452.68536134104386,0.0,1,N01_M027_G00,N01_M027_G00,N01,M027,4771.08125,5880.89375,1109.8125,4.43354045683563,0.0
E52_60b76d98beea93305f35c25d,6.004471256022072,16.79058398580294,6.004471256022072,271.8613885249859,299.0873836523459,380.3668062858116,0.15055421784231732,0.009166666666666667,0.339109375,0.49883025950898396,2.0611697404910165,0.8441155439034425,326.7119415283203,0.0,0.0,326.7119415283203,454.4119415283203,2852.751047143587,241.2421875,30.0,481.8613885249859,0.0,1,N01_M027_G00,N01_M027_G00,N01,M027,4771.08125,5880.89375,1109.8125,6.004471256022072,0.0
E52_68694062ed2e2e792aeb51a9,5.8056357366346845,17.695890544520793,5.8056357366346845,262.3147609906027,292.8212075746684,341.5908424768108,0.1416674545099547,0.009166666666666667,0.339109375,0.48994349617662136,2.070056503823379,0.8468926574448058,366.0773590087891,0.0,0.0,366.0773590087891,493.77735900878906,2561.931318576081,213.8477783203125,30.0,472.3147609906027,0.0,1,N01_M027_G00,N01_M027_G00,N01,M027,4771.08125,5880.89375,1109.8125,5.8056357366346845,0.0
E52_7547086a1218012670f76a62,1.72450856648004,2.277872015791573,1.72450856648004,375.1797445493145,391.65409045589,642.7455049270795,0.22423479709031385,0.009166666666666667,0.339109375,0.5725108387569805,1.9874891612430199,0.8210903628884436,205.20750122070314,7.515350341796875,7.515350341796875,205.20750122070314,332.9075012207031,4820.591286953097,282.9075012207031,30.0,585.1797445493145,0.0,1,N01_M027_G00,N01_M027_G00,N01,M027,4771.08125,5880.89375,1109.8125,1.72450856648004,0.0
E52_76b4f0bdabd1ccab126282dd,5.771840641351304,17.180198899819032,5.771840641351304,244.7670432960008,265.6078646257534,364.489158613486,0.13866967590706417,0.009166666666666667,0.339109375,0.48694571757373084,2.07305428242627,0.8478294632582091,250.08985595703126,0.0,0.0,250.08985595703126,377.78985595703125,2733.6686896011447,241.2421875,30.0,454.7670432960008,0.0,1,N01_M027_G00,N01_M027_G00,N01,M027,4771.08125,5880.89375,1109.8125,5.771840641351304,0.0
E52_7dc5542bb1ad046741692f59,2.0181303031576476,15.630401191468053,2.0181303031576476,333.52010664670297,372.50493279823297,433.1312563842263,0.17995534493942492,0.009166666666666667,0.339109375,0.5282313866060916,2.031768613393909,0.8349276916855963,467.8179138183594,0.0,0.0,467.8179138183594,595.5179138183594,3248.484422881697,322.1230773925781,30.0,543.520106646703,0.0,1,N01_M027_G00,N01_M027_G00,N01,M027,4771.08125,5880.89375,1109.8125,2.0181303031576476,0.0
E52_7e5f4a4eaf9aa5b10576997a,10.7721571193441,13.086620585622072,10.7721571193441,384.11958913832314,414.7999833745699,584.1568128591658,0.21933939564120059,0.009166666666666667,0.339109375,0.5676154373078672,1.9923845626921333,0.8226201758412914,368.16473083496095,0.0,0.0,368.16473083496095,495.86473083496094,4381.1760964437435,251.37640380859375,30.0,594.1195891383231,0.0,1,N01_M027_G00,N01_M027_G00,N01,M027,4771.08125,5880.89375,1109.8125,10.7721571193441,0.0
E52_82c821a5773d0bfbe554f10a,1.9898130596061634,11.397135806608844,1.9898130596061634,512.9354114719376,566.0737563002253,707.0407539741487,0.2825549862639304,0.009166666666666667,0.339109375,0.6308310279305971,1.9291689720694034,0.8028653037716884,637.6601379394531,0.0,0.0,637.6601379394531,765.3601379394531,5302.805654806116,465.3601379394531,30.0,722.9354114719376,0.0,1,N01_M027_G00,N01_M027_G00,N01,M027,4771.08125,5880.89375,1109.8125,1.9898130596061634,0.0
E52_88c1c7aba1fcf94c58dad20e,5.7283147369494,9.497510042154289,5.7283147369494,536.2789293194231,567.6117931906797,884.5606754113072,0.3159978782232965,0.009166666666666667,0.339109375,0.6642739198899632,1.8957260801100373,0.7924144000343865,375.99436645507814,0.0,0.0,375.99436645507814,503.6943664550781,6634.205065584804,329.6845703125,30.0,746.2789293194231,0.0,1,N01_M027_G00,N01_M027_G00,N01,M027,4771.08125,5880.89375,1109.8125,5.7283147369494,0.0
E52_8ca7795ffa642a3b129c0a3d,1.7761226290646874,15.730152054416479,1.7761226290646874,330.94608252023,369.9122522589995,428.0951466078428,0.17832668261553564,0.009166666666666667,0.339109375,0.5266027242822022,2.0333972757177983,0.8354366486618118,467.5940368652344,0.0,0.0,467.5940368652344,595.2940368652344,3210.713599558821,335.390380859375,30.0,540.94608252023,0.0,1,N01_M027_G00,N01_M027_G00,N01,M027,4771.08125,5880.89375,1109.8125,1.7761226290646874,0.0
E52_924cec2d58c933358893a332,10.624413809800686,12.302862284422105,10.624413809800686,416.670444788364,448.9844576972996,639.4568121231148,0.23874762537865796,0.009166666666666667,0.339109375,0.5870236670453246,1.972976332954676,0.8165551040483361,387.7681549072266,0.0,0.0,387.7681549072266,515.4681549072266,4795.926090923361,252.644287109375,30.0,626.670444788364,0.0,1,N01_M027_G00,N01_M027_G00,N01,M027,4771.08125,5880.89375,1109.8125,10.624413809800686,0.0
E52_96da4f081c74d8211b4b244f,11.344550318144897,12.47027426673894,11.344550318144897,406.4445801679392,437.368205859671,627.3474061854878,0.23339590098708082,0.009166666666666667,0.339109375,0.5816719426537474,1.978328057346253,0.8182275179207039,371.08350830078126,0.0,0.0,371.08350830078126,498.78350830078125,4705.105546391158,251.37640380859375,30.0,616.4445801679392,0.0,1,N01_M027_G00,N01_M027_G00,N01,M027,4771.08125,5880.89375,1109.8125,11.344550318144897,0.0
E52_a3836b1674b2d70f748125c1,4.727952780481857,18.388582284998307,4.727952780481857,238.77143733771516,265.74771093797557,315.68523307386783,0.1296256139323784,0.009166666666666667,0.339109375,0.47790165559904507,2.0820983444009555,0.8506557326252984,323.715283203125,0.0,0.0,323.715283203125,451.415283203125,2367.639248054009,217.29420471191406,30.0,448.77143733771516,0.0,1,N01_M027_G00,N01_M027_G00,N01,M027,4771.08125,5880.89375,1109.8125,4.727952780481857,0.0
E52_aaa387ee3ee3170bd804334d,0.0961803787852773,18.409477866986336,0.0961803787852773,263.5215778829557,299.2286101502083,312.8009621623957,0.13801933350380158,0.009166666666666667,0.339109375,0.4862953751704682,2.0737046248295323,0.8480326952592288,428.48438720703126,0.0,0.0,428.48438720703126,556.1843872070312,2346.0072162179677,386.9435729980469,30.0,473.5215778829557,0.0,1,N01_M027_G00,N01_M027_G00,N01,M027,4771.08125,5880.89375,1109.8125,0.0961803787852773,0.0
E52_b544b4d7beda1d6ed7fbeefb,5.48852053666009,16.252686834440453,5.48852053666009,293.91354735972715,324.49113296153376,404.3615811086144,0.16179511839250177,0.009166666666666667,0.339109375,0.5100711600591684,2.049928839940832,0.8406027624815099,366.9310272216797,0.0,0.0,366.9310272216797,494.6310272216797,3032.711858314608,277.91845703125,30.0,503.91354735972715,0.0,1,N01_M027_G00,N01_M027_G00,N01,M027,4771.08125,5880.89375,1109.8125,5.48852053666009,0.0
E52_b60e4d2a4cdcd5801a5d757f,1.707943132616407,16.480566458341656,1.707943132616407,308.26023760270465,345.626388522301,392.32356968783114,0.16519254750221457,0.009166666666666667,0.339109375,0.5134685891688813,2.0465314108311192,0.8395410658847247,448.39381103515626,0.0,0.0,448.39381103515626,576.0938110351562,2942.4267726587336,326.2397766113281,30.0,518.2602376027046,0.0,1,N01_M027_G00,N01_M027_G00,N01,M027,4771.08125,5880.89375,1109.8125,1.707943132616407,0.0
E52_b6789310c1ab16898a769b78,10.051078854658542,2.625622464396969,2.625622464396969,372.38145547243056,389.4038741939475,617.4514627840539,0.21924054354678854,0.009166666666666667,0.339109375,0.5675165852134552,1.9924834147865453,0.8226510671207953,225.84925537109376,21.580230712890625,21.580230712890625,225.84925537109376,353.54925537109375,4630.885970880404,303.54925537109375,30.0,582.3814554724306,0.0,1,N01_M027_G00,N01_M027_G00,N01,M027,4771.08125,5880.89375,1109.8125,2.625622464396969,0.0
E52_be69bdf55826f2eb34075d09,3.762648549787201,12.029424972929434,3.762648549787201,457.6877788138426,500.48965717077624,658.5642874860837,0.25604119113741575,0.009166666666666667,0.339109375,0.6043172328040824,1.955682767195918,0.8111508647487242,513.6225402832031,0.0,0.0,513.6225402832031,641.3225402832031,4939.232156145627,341.3225402832031,30.0,667.6877788138427,0.0,1,N01_M027_G00,N01_M027_G00,N01,M027,4771.08125,5880.89375,1109.8125,3.762648549787201,0.0
E52_bfffb2993ede6e2e2bd9340b,9.602595611945802,13.053008949478723,9.602595611945802,400.85355156655817,436.85476820067277,585.6998033284289,0.22550922551216515,0.009166666666666667,0.339109375,0.5737852671788318,1.9862147328211686,0.8206921040066151,432.014599609375,0.0,0.0,432.014599609375,559.714599609375,4392.748524963216,275.29461669921875,30.0,610.8535515665582,0.0,1,N01_M027_G00,N01_M027_G00,N01,M027,4771.08125,5880.89375,1109.8125,9.602595611945802,0.0
E52_c0294c7ff44d44fc4ede8d97,1.5881831575630088,16.7256600789149,1.5881831575630088,316.70783025924425,358.9570632507807,379.92026256926977,0.16644027302831577,0.009166666666666667,0.339109375,0.5147163146949825,2.045283685305018,0.839151151657818,506.9907958984375,0.0,0.0,506.9907958984375,634.6907958984375,2849.4019692695233,334.6907958984375,30.0,526.7078302592442,0.0,1,N01_M027_G00,N01_M027_G00,N01,M027,4771.08125,5880.89375,1109.8125,1.5881831575630088,0.0
E52_d22cbe82615c6d2ee0ebf49f,1.7601195929367464,15.758568264926964,1.7601195929367464,318.17309843891866,352.9726015110215,427.5491784452201,0.1737067461230003,0.009166666666666667,0.339109375,0.521982787789667,2.0380172122103337,0.8368803788157291,417.5940368652344,0.0,0.0,417.5940368652344,545.2940368652344,3206.618838339151,335.390380859375,30.0,528.1730984389187,0.0,1,N01_M027_G00,N01_M027_G00,N01,M027,4771.08125,5880.89375,1109.8125,1.7601195929367464,0.0
E52_d7f1f5d49edaa9f52000c452,11.569253065446404,12.917919470378578,11.569253065446404,397.7633482290822,431.12867517406926,595.3347347882426,0.22577474843651651,0.009166666666666667,0.339109375,0.5740507901031832,1.9859492098968174,0.8206091280927552,400.38392333984376,0.0,0.0,400.38392333984376,528.0839233398438,4465.010510911819,278.08392333984375,30.0,607.7633482290822,0.0,1,N01_M027_G00,N01_M027_G00,N01,M027,4771.08125,5880.89375,1109.8125,11.569253065446404,0.0
E52_da487d3b8a0906fb4529d12f,2.2294206236615537,15.138353346482333,2.2294206236615537,331.4673547495513,365.316990573119,459.8368945576963,0.18300743845595838,0.009166666666666667,0.339109375,0.531283480122625,2.0287165198773756,0.8339739124616796,406.1956298828125,0.0,0.0,406.1956298828125,533.8956298828125,3448.7767091827222,283.8956298828125,30.0,541.4673547495513,0.0,1,N01_M027_G00,N01_M027_G00,N01,M027,4771.08125,5880.89375,1109.8125,2.2294206236615537,0.0
E52_dbe1bedc9b83d29f34556dbd,10.319763659808586,13.016499113861627,10.319763659808586,387.86022911882606,419.0031732004504,588.862793747906,0.22133620210273125,0.009166666666666667,0.339109375,0.5696122437693979,1.9903877562306027,0.8219961738220631,373.7153289794922,0.0,0.0,373.7153289794922,501.4153289794922,4416.470953109295,233.02317810058594,30.0,597.860229118826,0.0,1,N01_M027_G00,N01_M027_G00,N01,M027,4771.08125,5880.89375,1109.8125,10.319763659808586,0.0
E52_dbec4f1422e98765afb262aa,1.0982220753490992,16.38523852602286,1.0982220753490992,322.5402116809159,364.1002534899979,395.72017250733956,0.1707521496628321,0.009166666666666667,0.339109375,0.5190281913294987,2.040971808670502,0.8378036902095316,498.7205017089844,0.0,0.0,498.7205017089844,626.4205017089844,2967.901293805047,326.4205017089844,30.0,532.540211680916,0.0,1,N01_M027_G00,N01_M027_G00,N01,M027,4771.08125,5880.89375,1109.8125,1.0982220753490992,0.0
E52_de2c36302e014a6d0284c896,1.6494415831593159,15.994052628622484,1.6494415831593159,325.41177480357015,364.7238282296769,414.95122905049965,0.1744969638873427,0.009166666666666667,0.339109375,0.5227730055540094,2.037226994445991,0.8366334357643721,471.74464111328126,0.0,0.0,471.74464111328126,599.4446411132812,3112.134217878747,326.2397766113281,30.0,535.4117748035701,0.0,1,N01_M027_G00,N01_M027_G00,N01,M027,4771.08125,5880.89375,1109.8125,1.6494415831593159,0.0
E52_eab18c460278cfbad2c20da0,5.839199789598638,7.760329046990023,5.839199789598638,212.31476099060268,226.15454090800176,341.5908424768108,0.12388533452538679,0.009166666666666667,0.339109375,0.47216137619205345,2.087838623807947,0.8524495699399833,166.07735900878907,0.0,0.0,166.07735900878907,293.77735900878906,2561.931318576081,213.8477783203125,30.0,422.3147609906027,0.0,1,N01_M027_G00,N01_M027_G00,N01,M027,4771.08125,5880.89375,1109.8125,5.839199789598638,0.0
E52_eb490529b308e18523949520,10.128050036405611,12.235001379754962,10.128050036405611,417.9327582223269,449.8180932544721,644.5535062517828,0.23991836791670462,0.009166666666666667,0.339109375,0.5881944095833713,1.9718055904166292,0.8161892470051965,382.6240203857422,0.0,0.0,382.6240203857422,510.3240203857422,4834.151296888371,255.67149353027344,30.0,627.9327582223269,0.0,1,N01_M027_G00,N01_M027_G00,N01,M027,4771.08125,5880.89375,1109.8125,10.128050036405611,0.0
E52_eddf192c3626d88d236d26e4,6.44782069450909,17.034187922993553,6.44782069450909,241.72684180786888,260.473536754158,370.9735139380034,0.13850678679446915,0.009166666666666667,0.339109375,0.4867828284611358,2.0732171715388645,0.8478803661058951,224.96033935546876,0.0,0.0,224.96033935546876,352.66033935546875,2782.3013545350254,199.07135009765625,30.0,451.7268418078689,0.0,1,N01_M027_G00,N01_M027_G00,N01,M027,4771.08125,5880.89375,1109.8125,6.44782069450909,0.0
E52_ede4029bd5e695a7a0c85289,11.61837266330636,12.925612211179384,11.61837266330636,385.2633482290822,414.4620085074026,595.3347347882426,0.22132921844037454,0.009166666666666667,0.339109375,0.5696052601070412,1.9903947398929593,0.8219983562165496,350.38392333984376,0.0,0.0,350.38392333984376,478.08392333984375,4465.010510911819,278.08392333984375,30.0,595.2633482290822,0.0,1,N01_M027_G00,N01_M027_G00,N01,M027,4771.08125,5880.89375,1109.8125,11.61837266330636,0.0
E52_fd527d975e1813662620f82c,3.7072726387343806,12.45056667278017,3.7072726387343806,418.2192341110554,452.9085204066283,628.3027504486734,0.23771876612520712,0.009166666666666667,0.339109375,0.5859948077918737,1.9740051922081268,0.8168766225650395,416.271435546875,0.0,0.0,416.271435546875,543.971435546875,4712.2706283650505,307.606201171875,30.0,628.2192341110554,0.0,1,N01_M027_G00,N01_M027_G00,N01,M027,4771.08125,5880.89375,1109.8125,3.7072726387343806,0.0
E52_01234cac2d25748209cb57e8,7.601042109382263,5.963634638729843,5.963634638729843,279.2236617812399,298.99466652163704,419.772700963196,0.15824405002114064,0.009166666666666667,0.007743923611111111,0.17515464029891842,2.384845359701082,0.945264174906588,254.4365661621094,17.18450927734375,17.18450927734375,254.4365661621094,382.1365661621094,3148.2952572239697,332.1365661621094,30.0,489.2236617812399,0.0,1,N01_M027_G01,N01_M027_G01,N01,M027,5888.39375,5913.7375,25.34375,5.963634638729843,0.0
E52_060143e4033ea7dfc142ce26,3.752822792899167,13.051384290227645,3.752822792899167,390.52156568077555,422.97629514244545,586.3147545915316,0.2219218246513189,0.009166666666666667,0.007743923611111111,0.23883241492909668,2.3211675850709037,0.9253648703346573,389.4567535400391,0.0,0.0,389.4567535400391,517.1567535400391,4397.360659436487,298.2110595703125,30.0,600.5215656807756,0.0,1,N01_M027_G01,N01_M027_G01,N01,M027,5888.39375,5913.7375,25.34375,3.752822792899167,0.0
E52_06eb0baa948af7ff52881bcf,6.175519224358126,16.258674653736037,6.175519224358126,296.7597053393259,328.36499963050426,403.88764493158146,0.16274021246714285,0.009166666666666667,0.007743923611111111,0.17965080274492062,2.3803491972550797,0.9438591241422123,379.26353149414064,0.0,0.0,379.26353149414064,506.9635314941406,3029.157336986861,310.16876220703125,30.0,506.7597053393259,0.0,1,N01_M027_G01,N01_M027_G01,N01,M027,5888.39375,5913.7375,25.34375,6.175519224358126,0.0
E52_0c56c0f390b777971f9a7e58,1.0773904878041378,2.1743859331465814,1.0773904878041378,461.3120930283848,507.24512830670517,647.0259743868478,0.2556960576036008,0.009166666666666667,0.007743923611111111,0.27260664788137856,2.287393352118622,0.9148104225370692,551.1964233398437,0.0,0.0,551.1964233398437,678.8964233398438,4852.694807901358,439.2268981933594,30.0,671.3120930283849,0.0,1,N01_M027_G01,N01_M027_G01,N01,M027,5888.39375,5913.7375,25.34375,1.0773904878041378,0.0
E52_0c9d91fc306062a18ada9948,7.762459207687883,15.697900697510477,7.762459207687883,331.42241999480143,370.2725110389095,429.7442937249544,0.1787296459836012,0.009166666666666667,0.007743923611111111,0.19564023626137897,2.3643597637386216,0.938862426168319,466.2010925292969,0.0,0.0,466.2010925292969,593.9010925292969,3223.082202937158,335.390380859375,30.0,541.4224199948014,0.0,1,N01_M027_G01,N01_M027_G01,N01,M027,5888.39375,5913.7375,25.34375,7.762459207687883,0.0
E52_0f45fcab7c66cb90fa618929,2.8733095416569228,12.721246579688795,2.8733095416569228,427.8988653120833,469.21977900837237,607.8722484464322,0.23826781941132907,0.009166666666666667,0.007743923611111111,0.2551784096891068,2.3048215903108935,0.9202567469721541,495.85096435546876,0.0,0.0,495.85096435546876,623.5509643554688,4559.041863348241,326.6978454589844,30.0,637.8988653120832,0.0,1,N01_M027_G01,N01_M027_G01,N01,M027,5888.39375,5913.7375,25.34375,2.8733095416569228,0.0
E52_0fa03b8d9ed736d48919c1b7,3.298136833732684,11.555158541579928,3.298136833732684,469.53189880990186,510.00510285042924,696.2245733766397,0.2655870342753843,0.009166666666666667,0.007743923611111111,0.2824976245531621,2.277502375446838,0.9117194923271369,485.67844848632814,0.0,0.0,485.67844848632814,613.3784484863281,5221.684300324798,325.1297912597656,30.0,679.5318988099018,0.0,1,N01_M027_G01,N01_M027_G01,N01,M027,5888.39375,5913.7375,25.34375,3.298136833732684,0.0
E52_12b142f00e8cb4e3948f96c2,3.4138665647873268,12.991659521749298,3.4138665647873268,402.5936730780369,438.4739485500421,589.9056933240425,0.22672373828986628,0.009166666666666667,0.007743923611111111,0.24363432856764405,2.3163656714323566,0.9238642723226113,430.5633056640625,0.0,0.0,430.5633056640625,558.2633056640625,4424.292699930319,284.7546081542969,30.0,612.5936730780369,0.0,1,N01_M027_G01,N01_M027_G01,N01,M027,5888.39375,5913.7375,25.34375,3.4138665647873268,0.0
E52_189eb019491ad876aa165071,6.0541108030260915,3.8094716871601975,3.8094716871601975,403.09916814168594,448.35288467407526,534.676037089036,0.21908171065325852,0.009166666666666667,0.007743923611111111,0.2359923009310363,2.3240076990689644,0.9262524059590511,543.0445983886718,0.0,0.0,543.0445983886718,670.7445983886719,4010.07027816777,391.87322998046875,30.0,613.0991681416859,0.0,1,N01_M027_G01,N01_M027_G01,N01,M027,5888.39375,5913.7375,25.34375,3.8094716871601975,0.0
E52_1eac4bbcd37cec5d48241661,7.547644461053466,6.04580255430777,6.04580255430777,275.66392246828667,298.30930922772677,415.4555243799327,0.1568759382441215,0.009166666666666667,0.007743923611111111,0.17378652852189927,2.386213471478101,0.9456917098369064,271.74464111328126,0.0,0.0,271.74464111328126,399.44464111328125,3115.9164328494953,326.2397766113281,30.0,485.66392246828667,0.0,1,N01_M027_G01,N01_M027_G01,N01,M027,5888.39375,5913.7375,25.34375,6.04580255430777,0.0
E52_1ef47ef68c1879e18ddbb164,7.544827894126698,9.684707827919368,7.544827894126698,525.9457118932837,556.9823492630754,865.6715995678175,0.30964781577290457,0.009166666666666667,0.007743923611111111,0.3265584060506823,2.233441593949318,0.8979504981091617,372.4396484375,0.0,0.0,372.4396484375,500.1396484375,6492.536996758631,304.7821350097656,30.0,735.9457118932837,0.0,1,N01_M027_G01,N01_M027_G01,N01,M027,5888.39375,5913.7375,25.34375,7.544827894126698,0.0
E52_215ef380a7eb56a6f7d09ab1,14.36185143344737,12.440860913671315,12.440860913671315,437.2780853288336,478.35957590907447,628.0672271762219,0.2444635461376352,0.009166666666666667,0.007743923611111111,0.26137413641541296,2.2986258635845873,0.9183205823701834,492.97788696289064,0.0,0.0,492.97788696289064,620.6778869628906,4710.504203821664,324.9881591796875,30.0,647.2780853288336,0.0,1,N01_M027_G01,N01_M027_G01,N01,M027,5888.39375,5913.7375,25.34375,12.440860913671315,0.0
E52_231555d7070bcf1a0911e332,7.499168130531331,5.981962334569488,5.981962334569488,303.4113952968874,335.0249979987103,417.14117438283733,0.1669828432889251,0.009166666666666667,0.007743923611111111,0.18389343356670287,2.3761065664332977,0.9425333020104053,379.363232421875,0.0,0.0,379.363232421875,507.063232421875,3128.55880787128,326.2397766113281,30.0,513.4113952968873,0.0,1,N01_M027_G01,N01_M027_G01,N01,M027,5888.39375,5913.7375,25.34375,5.981962334569488,0.0
E52_231de36c6439da832299e30f,3.5038437713455437,16.451156269229884,3.5038437713455437,336.2639482811268,383.1573412254627,391.1675388962379,0.1749881335365896,0.009166666666666667,0.007743923611111111,0.19189872381436737,2.3681012761856333,0.9400316488080102,562.7207153320312,0.0,0.0,562.7207153320312,690.4207153320312,2933.7565417217843,390.42071533203125,30.0,546.2639482811268,0.0,1,N01_M027_G01,N01_M027_G01,N01,M027,5888.39375,5913.7375,25.34375,3.5038437713455437,0.0
E52_246111a1ef063bec9e89ec9e,3.4766448025225714,13.03223549741864,3.4766448025225714,413.11352328410356,453.07003166626504,586.4879962752384,0.22998101771643822,0.009166666666666667,0.007743923611111111,0.246891607994216,2.3131083920057844,0.9228463725018075,479.4781005859375,0.0,0.0,479.4781005859375,607.1781005859375,4398.659972064288,469.28277587890625,30.0,623.1135232841036,0.0,1,N01_M027_G01,N01_M027_G01,N01,M027,5888.39375,5913.7375,25.34375,3.4766448025225714,0.0
E52_24cc4f01335372459fb4c2ba,13.475106419241058,12.909161020133865,12.909161020133865,410.2633482290822,447.7953418407359,595.3347347882426,0.23022027843265847,0.009166666666666667,0.007743923611111111,0.24713086871043624,2.312869131289564,0.9227716035279887,450.38392333984376,0.0,0.0,450.38392333984376,578.0839233398438,4465.010510911819,278.08392333984375,30.0,620.2633482290822,0.0,1,N01_M027_G01,N01_M027_G01,N01,M027,5888.39375,5913.7375,25.34375,12.909161020133865,0.0
E52_27bf01e9e990859ae5993708,7.516788137664676,15.932490639468014,7.516788137664676,318.6138217216496,355.0514931287134,418.60161500091635,0.17259630304263499,0.009166666666666667,0.007743923611111111,0.18950689332041276,2.3704931066795876,0.940779095837371,437.25205688476564,0.0,0.0,437.25205688476564,564.9520568847656,3139.5121125068727,326.2397766113281,30.0,528.6138217216496,0.0,1,N01_M027_G01,N01_M027_G01,N01,M027,5888.39375,5913.7375,25.34375,7.516788137664676,0.0
E52_27bf1882d0e1a812c8450c72,6.471888793322137,16.18675851321828,6.471888793322137,334.03154784809436,377.9609795090644,404.48650573036844,0.17608047258726683,0.009166666666666667,0.007743923611111111,0.1929910628650446,2.367008937134956,0.9396902928546735,527.1531799316406,0.0,0.0,527.1531799316406,654.8531799316406,3033.648792977763,364.9013671875,30.0,544.0315478480943,0.0,1,N01_M027_G01,N01_M027_G01,N01,M027,5888.39375,5913.7375,25.34375,6.471888793322137,0.0
E52_29c9aa5399273a7ee24bceb6,3.602822247668513,11.583777919859742,3.602822247668513,451.9321692173844,486.7995103225277,694.6602918039094,0.2591062855773863,0.009166666666666667,0.007743923611111111,0.27601687585516405,2.2839831241448363,0.9137447262952613,418.40809326171876,0.0,0.0,418.40809326171876,546.1080932617188,5209.952188529321,322.9142761230469,30.0,661.9321692173844,0.0,1,N01_M027_G01,N01_M027_G01,N01,M027,5888.39375,5913.7375,25.34375,3.602822247668513,0.0
E52_2cea01313b8862fcfb6b2e63,12.33973237767863,16.460055432828085,12.33973237767863,259.5957489704318,280.08528245838755,396.2542970131293,0.148442074342722,0.009166666666666667,0.007743923611111111,0.16535266462049977,2.3946473353795006,0.9483272923060938,245.87440185546876,0.0,0.0,245.87440185546876,373.57440185546875,2971.90722759847,231.8917236328125,30.0,469.5957489704318,0.0,1,N01_M027_G01,N01_M027_G01,N01,M027,5888.39375,5913.7375,25.34375,12.33973237767863,0.0
E52_2d7a36258a59c18fc6a856bf,6.934739536255677,16.662039037059316,6.934739536255677,318.72117968179435,361.17160743651436,382.73979283526836,0.16755561647288383,0.009166666666666667,0.007743923611111111,0.1844662067506616,2.375533793249339,0.9423543103904183,509.40513305664064,0.0,0.0,509.40513305664064,637.1051330566406,2870.5484462645127,346.4301452636719,30.0,528.7211796817944,0.0,1,N01_M027_G01,N01_M027_G01,N01,M027,5888.39375,5913.7375,25.34375,6.934739536255677,0.0
E52_2dadfb43d7dd9558e21effa9,12.816751904197929,12.85982438864363,12.816751904197929,396.07517918576866,428.1792069974549,599.5261915014202,0.22576797164618329,0.009166666666666667,0.007743923611111111,0.24267856192396106,2.3173214380760396,0.9241629493987622,385.2483337402344,0.0,0.0,385.2483337402344,512.9483337402344,4496.446436260651,251.37640380859375,30.0,606.0751791857687,0.0,1,N01_M027_G01,N01_M027_G01,N01,M027,5888.39375,5913.7375,25.34375,12.816751904197929,0.0
E52_2e64690809088e2a96fb2160,7.24072402310459,9.500767968691491,7.24072402310459,523.7789293194231,550.945126524013,884.5606754113072,0.31155234822715455,0.009166666666666667,0.007743923611111111,0.3284629385049323,2.231537061495068,0.8973553317172087,325.99436645507814,0.0,0.0,325.99436645507814,453.6943664550781,6634.205065584804,329.6845703125,30.0,733.7789293194231,0.0,1,N01_M027_G01,N01_M027_G01,N01,M027,5888.39375,5913.7375,25.34375,7.24072402310459,0.0
E52_30110e5b3ae38ecfab28ace2,4.669722336108947,10.05954008012911,4.669722336108947,514.4106891471403,547.7506496268766,828.7816154158626,0.30032099335417484,0.009166666666666667,0.007743923611111111,0.3172315836319526,2.242768416368048,0.9008651301150148,400.07952575683595,0.0,0.0,400.07952575683595,527.7795257568359,6215.862115618969,313.0162353515625,30.0,724.4106891471403,0.0,1,N01_M027_G01,N01_M027_G01,N01,M027,5888.39375,5913.7375,25.34375,4.669722336108947,0.0
E52_326bd9096774308657b14836,7.1469731183568115,6.820761438549596,6.820761438549596,254.20783025924425,275.6237299174474,379.92026256926977,0.1442126230476059,0.009166666666666667,0.007743923611111111,0.16112321332538368,2.398876786674617,0.9496489958358176,256.9907958984375,0.0,0.0,256.9907958984375,384.6907958984375,2849.4019692695233,334.6907958984375,30.0,464.20783025924425,0.0,1,N01_M027_G01,N01_M027_G01,N01,M027,5888.39375,5913.7375,25.34375,6.820761438549596,0.0
E52_32cd7932ac3bc8f6e82bd016,2.668395991524889,12.531399030736651,2.668395991524889,433.33722088021847,474.19552115284216,621.5246401246948,0.24213542524196421,0.009166666666666667,0.007743923611111111,0.259046015519742,2.3009539844802585,0.9190481201500806,490.2996032714844,0.0,0.0,490.2996032714844,617.9996032714844,4661.434800935211,324.9372863769531,30.0,643.3372208802184,0.0,1,N01_M027_G01,N01_M027_G01,N01,M027,5888.39375,5913.7375,25.34375,2.668395991524889,0.0
E52_3322673a66874be8fb5ff9e0,3.0950673004265497,12.93559360833251,3.0950673004265497,392.2739001975914,423.9757012433271,594.3369941207687,0.2236811646950203,0.009166666666666667,0.007743923611111111,0.24059175497279808,2.319408245027202,0.9248150765710006,380.42161254882814,0.0,0.0,380.42161254882814,508.1216125488281,4457.527455905765,308.1216125488281,30.0,602.2739001975914,0.0,1,N01_M027_G01,N01_M027_G01,N01,M027,5888.39375,5913.7375,25.34375,3.0950673004265497,0.0
E52_357bbbd4dc4420221c875ea3,10.65859346381707,12.241245229232817,10.65859346381707,405.4327582223269,433.1514265878055,644.5535062517828,0.23547283792056264,0.009166666666666667,0.007743923611111111,0.2523834281983404,2.30761657180166,0.9211301786880186,332.6240203857422,0.0,0.0,332.6240203857422,460.3240203857422,4834.151296888371,255.67149353027344,30.0,615.4327582223269,0.0,1,N01_M027_G01,N01_M027_G01,N01,M027,5888.39375,5913.7375,25.34375,10.65859346381707,0.0
E52_3875f0f2b8e39572338b498b,14.737402868399712,12.654831201135607,12.654831201135607,430.443023323014,471.8276755243487,612.5781334380202,0.23983909257274777,0.009166666666666667,0.007743923611111111,0.2567496828505255,2.303250317149475,0.9197657241092108,496.61582641601564,0.0,0.0,496.61582641601564,624.3158264160156,4594.336000785152,324.3158264160156,30.0,640.443023323014,0.0,1,N01_M027_G01,N01_M027_G01,N01,M027,5888.39375,5913.7375,25.34375,12.654831201135607,0.0
E52_3a94b6482baa2cfaba8a857d,6.7049972663693325,16.425448776817632,6.7049972663693325,326.01303055755295,369.111023518165,393.4381033514341,0.17166403726355467,0.009166666666666667,0.007743923611111111,0.18857462754133245,2.3714253724586682,0.9410704288933336,517.1759155273437,0.0,0.0,517.1759155273437,644.8759155273438,2950.785775135756,352.4370422363281,30.0,536.013030557553,0.0,1,N01_M027_G01,N01_M027_G01,N01,M027,5888.39375,5913.7375,25.34375,6.7049972663693325,0.0
E52_413d3eff5d481ef66f8d3068,7.220025368782885,9.493762996477216,7.220025368782885,548.7789293194231,584.2784598573463,884.5606754113072,0.3204434082194385,0.009166666666666667,0.007743923611111111,0.33735399849721626,2.2226460015027842,0.89457687546962,425.99436645507814,0.0,0.0,425.99436645507814,553.6943664550781,6634.205065584804,329.6845703125,30.0,758.7789293194231,0.0,1,N01_M027_G01,N01_M027_G01,N01,M027,5888.39375,5913.7375,25.34375,7.220025368782885,0.0
E52_437c6a333219b14c3939f26c,7.518897358277329,6.0194831627628105,6.0194831627628105,277.09771274073506,296.211315442558,417.14117438283733,0.1570562493971614,0.009166666666666667,0.007743923611111111,0.17396683967493917,2.3860331603250615,0.9456353626015815,248.53977661132814,19.176544189453125,19.176544189453125,248.53977661132814,376.2397766113281,3128.55880787128,326.2397766113281,30.0,487.09771274073506,0.0,1,N01_M027_G01,N01_M027_G01,N01,M027,5888.39375,5913.7375,25.34375,6.0194831627628105,0.0
E52_44ed69e1d99dc074a7941a18,9.282807951944235,8.900383690419545,8.900383690419545,188.27556058823757,199.0276355292369,299.7078152072368,0.1090911242968749,0.009166666666666667,0.007743923611111111,0.12600171457465267,2.4339982854253477,0.960624464195421,139.59420471191407,10.569305419921875,10.569305419921875,139.59420471191407,267.29420471191406,2247.808614054276,217.29420471191406,30.0,398.27556058823757,0.0,1,N01_M027_G01,N01_M027_G01,N01,M027,5888.39375,5913.7375,25.34375,8.900383690419545,0.0
E52_4513f74e4ba51c209cccc792,1.9505833122502736,9.790974506635663,1.9505833122502736,548.6050089915749,589.1156759023821,854.1460165183059,0.3160741321008959,0.009166666666666667,0.007743923611111111,0.33298472237867366,2.227015277621327,0.8959422742566645,486.1280029296875,0.0,0.0,486.1280029296875,613.8280029296875,6406.095123887295,391.8226318359375,30.0,758.6050089915749,0.0,1,N01_M027_G01,N01_M027_G01,N01,M027,5888.39375,5913.7375,25.34375,1.9505833122502736,0.0
E52_47db2d0d55c92154c779a4c9,5.907257487286103,16.45726286038159,5.907257487286103,312.62709924858126,351.3219092257948,393.08533863388124,0.16685347284684848,0.009166666666666667,0.007743923611111111,0.18376406312462626,2.376235936875374,0.9425737302735543,464.3377197265625,0.0,0.0,464.3377197265625,592.0377197265625,2948.1400397541092,295.61395263671875,30.0,522.6270992485813,0.0,1,N01_M027_G01,N01_M027_G01,N01,M027,5888.39375,5913.7375,25.34375,5.907257487286103,0.0
E52_4cf0fac9feb721651efb2830,10.350383784581538,17.82597875173802,10.350383784581538,242.69354898018014,267.32891198677197,337.5749199208095,0.13412057160327687,0.009166666666666667,0.007743923611111111,0.15103116188105464,2.408968838118946,0.9528027619121704,295.6243560791016,0.0,0.0,295.6243560791016,423.32435607910156,2531.8118994060715,217.31182861328125,30.0,452.69354898018014,0.0,1,N01_M027_G01,N01_M027_G01,N01,M027,5888.39375,5913.7375,25.34375,10.350383784581538,0.0
E52_4d215302190bc5bfb29bf912,5.4700348967141394,16.37371485667674,5.4700348967141394,307.50969179304633,343.7570581260541,397.53518558804575,0.1656637075427803,0.009166666666666667,0.007743923611111111,0.18257429782055806,2.3774257021794423,0.9429455319310756,434.96839599609376,0.0,0.0,434.96839599609376,562.6683959960938,2981.5138919103433,336.56707763671875,30.0,517.5096917930464,0.0,1,N01_M027_G01,N01_M027_G01,N01,M027,5888.39375,5913.7375,25.34375,5.4700348967141394,0.0
E52_50c718ca7f326f764494c89d,17.918420334480132,13.080943299176411,13.080943299176411,350.85355156655817,370.1881015340061,585.6998033284289,0.20772710552759727,0.009166666666666667,0.007743923611111111,0.22463769580537504,2.3353623041946254,0.9298007200608203,232.014599609375,0.0,0.0,232.014599609375,359.714599609375,4392.748524963216,275.29461669921875,30.0,560.8535515665582,0.0,1,N01_M027_G01,N01_M027_G01,N01,M027,5888.39375,5913.7375,25.34375,13.080943299176411,0.0
E52_515a3b7c8d98426ee13f2b4e,11.517168797791768,17.07508762021844,11.517168797791768,242.68536134104386,262.0561394884234,369.14605379781034,0.13858886614696947,0.009166666666666667,0.007743923611111111,0.15549945642474725,2.4045005435752533,0.9514064198672665,232.4493377685547,0.0,0.0,232.4493377685547,360.1493377685547,2768.5954034835777,210.1493377685547,30.0,452.68536134104386,0.0,1,N01_M027_G01,N01_M027_G01,N01,M027,5888.39375,5913.7375,25.34375,11.517168797791768,0.0
E52_575c4f100493de938643a13d,1.1694105489935538,2.099203328999508,1.1694105489935538,470.05405043895155,518.0123847895375,652.3580947743875,0.259560220504969,0.009166666666666667,0.007743923611111111,0.27647081078274677,2.2835291892172536,0.9136028716303917,575.5000122070312,0.0,0.0,575.5000122070312,703.2000122070312,4892.685710807907,437.3766174316406,30.0,680.0540504389515,0.0,1,N01_M027_G01,N01_M027_G01,N01,M027,5888.39375,5913.7375,25.34375,1.1694105489935538,0.0
E52_60b0dc656c777ee2cc2279b1,2.4606949320998552,0.21315146591224732,0.21315146591224732,563.4362729251038,615.9641949832094,811.705013501575,0.3153381258454166,0.009166666666666667,0.007743923611111111,0.33224871612319434,2.227751283876806,0.8961722762115018,630.3350646972656,0.0,0.0,630.3350646972656,758.0350646972656,6087.787601261813,495.9024353027344,30.0,773.4362729251038,0.0,1,N01_M027_G01,N01_M027_G01,N01,M027,5888.39375,5913.7375,25.34375,0.21315146591224732,0.0
E52_60b76d98beea93305f35c25d,11.689095605576924,16.79058398580294,11.689095605576924,271.8613885249859,299.0873836523459,380.3668062858116,0.15055421784231732,0.009166666666666667,0.007743923611111111,0.1674648081200951,2.3925351918799054,0.9476672474624703,326.7119415283203,0.0,0.0,326.7119415283203,454.4119415283203,2852.751047143587,241.2421875,30.0,481.8613885249859,0.0,1,N01_M027_G01,N01_M027_G01,N01,M027,5888.39375,5913.7375,25.34375,11.689095605576924,0.0
E52_67646c2afbeb5602853e5a9c,3.0904131137082516,12.927232110573698,3.0904131137082516,404.7739001975914,440.6423679099937,594.3369941207687,0.22812669469116229,0.009166666666666667,0.007743923611111111,0.24503728496894006,2.3149627150310605,0.9234258484472062,430.42161254882814,0.0,0.0,430.42161254882814,558.1216125488281,4457.527455905765,308.1216125488281,30.0,614.7739001975914,0.0,1,N01_M027_G01,N01_M027_G01,N01,M027,5888.39375,5913.7375,25.34375,3.0904131137082516,0.0
E52_68694062ed2e2e792aeb51a9,8.388348022552435,17.695890544520793,8.388348022552435,262.3147609906027,292.8212075746684,341.5908424768108,0.1416674545099547,0.009166666666666667,0.007743923611111111,0.15857804478773246,2.401421955212268,0.9504443610038336,366.0773590087891,0.0,0.0,366.0773590087891,493.77735900878906,2561.931318576081,213.8477783203125,30.0,472.3147609906027,0.0,1,N01_M027_G01,N01_M027_G01,N01,M027,5888.39375,5913.7375,25.34375,8.388348022552435,0.0
E52_6aa461eda22a4c53e6730e81,7.020726624425862,6.478254834226846,6.478254834226846,265.89885796308323,288.44260847170955,395.1560268799425,0.15049315106948455,0.009166666666666667,0.007743923611111111,0.16740374134726232,2.392596258652738,0.9476863308289806,271.70716552734376,1.182159423828125,1.182159423828125,271.70716552734376,399.40716552734375,2963.670201599569,349.40716552734375,30.0,475.89885796308323,0.0,1,N01_M027_G01,N01_M027_G01,N01,M027,5888.39375,5913.7375,25.34375,6.478254834226846,0.0
E52_6dc095df8eb6475486134b5c,3.5962649643838205,12.905188948092743,3.5962649643838205,424.06014837873875,466.2734748964797,594.8403376510322,0.23505698741925235,0.009166666666666667,0.007743923611111111,0.2519675776970301,2.3080324223029702,0.921260131969678,506.55991821289064,0.0,0.0,506.55991821289064,634.2599182128906,4461.302532382741,440.2059631347656,30.0,634.0601483787387,0.0,1,N01_M027_G01,N01_M027_G01,N01,M027,5888.39375,5913.7375,25.34375,3.5962649643838205,0.0
E52_73baea82bbbffa2db9d7426a,7.8318550592110086,5.711384152670419,5.711384152670419,297.3854850658978,324.64222792478455,431.2305129784753,0.16683515196021612,0.009166666666666667,0.007743923611111111,0.1837457422379939,2.3762542577620067,0.9425794555506269,327.08091430664064,0.0,0.0,327.08091430664064,454.7809143066406,3234.2288473385647,335.390380859375,30.0,507.3854850658978,0.0,1,N01_M027_G01,N01_M027_G01,N01,M027,5888.39375,5913.7375,25.34375,5.711384152670419,0.0
E52_74b3fb0a4920873efc33101b,5.935869806252498,6.525083879148042,5.935869806252498,262.62709924858126,284.6552425591281,393.08533863388124,0.14907135286228057,0.009166666666666667,0.007743923611111111,0.16598194314005835,2.394018056859942,0.9481306427687317,264.3377197265625,0.0,0.0,264.3377197265625,392.0377197265625,2948.1400397541092,295.61395263671875,30.0,472.62709924858126,0.0,1,N01_M027_G01,N01_M027_G01,N01,M027,5888.39375,5913.7375,25.34375,5.935869806252498,0.0
E52_7547086a1218012670f76a62,11.963571567988112,2.277872015791573,2.277872015791573,375.1797445493145,391.65409045589,642.7455049270795,0.22423479709031385,0.009166666666666667,0.007743923611111111,0.24114538736809163,2.3188546126319087,0.9246420664474714,205.20750122070314,7.515350341796875,7.515350341796875,205.20750122070314,332.9075012207031,4820.591286953097,282.9075012207031,30.0,585.1797445493145,0.0,1,N01_M027_G01,N01_M027_G01,N01,M027,5888.39375,5913.7375,25.34375,2.277872015791573,0.0
E52_76b4f0bdabd1ccab126282dd,11.122072050354575,17.180198899819032,11.122072050354575,244.7670432960008,265.6078646257534,364.489158613486,0.13866967590706417,0.009166666666666667,0.007743923611111111,0.15558026618484194,2.4044197338151587,0.951381166817237,250.08985595703126,0.0,0.0,250.08985595703126,377.78985595703125,2733.6686896011447,241.2421875,30.0,454.7670432960008,0.0,1,N01_M027_G01,N01_M027_G01,N01,M027,5888.39375,5913.7375,25.34375,11.122072050354575,0.0
E52_7dc5542bb1ad046741692f59,8.3158575421009,15.630401191468053,8.3158575421009,333.52010664670297,372.50493279823297,433.1312563842263,0.17995534493942492,0.009166666666666667,0.007743923611111111,0.1968659352172027,2.363134064782798,0.9384793952446242,467.8179138183594,0.0,0.0,467.8179138183594,595.5179138183594,3248.484422881697,322.1230773925781,30.0,543.520106646703,0.0,1,N01_M027_G01,N01_M027_G01,N01,M027,5888.39375,5913.7375,25.34375,8.3158575421009,0.0
E52_7e5f4a4eaf9aa5b10576997a,12.907671958166702,13.086620585622072,12.907671958166702,384.11958913832314,414.7999833745699,584.1568128591658,0.21933939564120059,0.009166666666666667,0.007743923611111111,0.23624998591897836,2.323750014081022,0.9261718794003193,368.16473083496095,0.0,0.0,368.16473083496095,495.86473083496094,4381.1760964437435,251.37640380859375,30.0,594.1195891383231,0.0,1,N01_M027_G01,N01_M027_G01,N01,M027,5888.39375,5913.7375,25.34375,12.907671958166702,0.0
E52_82c821a5773d0bfbe554f10a,8.076729935261312,11.397135806608844,8.076729935261312,512.9354114719376,566.0737563002253,707.0407539741487,0.2825549862639304,0.009166666666666667,0.007743923611111111,0.29946557654170813,2.2605344234582923,0.9064170073307162,637.6601379394531,0.0,0.0,637.6601379394531,765.3601379394531,5302.805654806116,465.3601379394531,30.0,722.9354114719376,0.0,1,N01_M027_G01,N01_M027_G01,N01,M027,5888.39375,5913.7375,25.34375,8.076729935261312,0.0
E52_831cee7e7a3a549796e42b18,7.938198980881808,10.042846261792022,7.938198980881808,524.445203057942,560.9167693217765,830.061008532876,0.3040708837654974,0.009166666666666667,0.007743923611111111,0.32098147404327515,2.2390185259567255,0.8996932893614765,437.65879516601564,0.0,0.0,437.65879516601564,565.3587951660156,6225.457563996571,359.5916748046875,30.0,734.445203057942,0.0,1,N01_M027_G01,N01_M027_G01,N01,M027,5888.39375,5913.7375,25.34375,7.938198980881808,0.0
E52_88c1c7aba1fcf94c58dad20e,7.231822039126683,9.497510042154289,7.231822039126683,536.2789293194231,567.6117931906797,884.5606754113072,0.3159978782232965,0.009166666666666667,0.007743923611111111,0.33290846850107425,2.2270915314989264,0.8959661035934143,375.99436645507814,0.0,0.0,375.99436645507814,503.6943664550781,6634.205065584804,329.6845703125,30.0,746.2789293194231,0.0,1,N01_M027_G01,N01_M027_G01,N01,M027,5888.39375,5913.7375,25.34375,7.231822039126683,0.0
E52_8ca7795ffa642a3b129c0a3d,7.79571491053369,15.730152054416479,7.79571491053369,330.94608252023,369.9122522589995,428.0951466078428,0.17832668261553564,0.009166666666666667,0.007743923611111111,0.1952372728933134,2.364762727106687,0.9389883522208395,467.5940368652344,0.0,0.0,467.5940368652344,595.2940368652344,3210.713599558821,335.390380859375,30.0,540.94608252023,0.0,1,N01_M027_G01,N01_M027_G01,N01,M027,5888.39375,5913.7375,25.34375,7.79571491053369,0.0
E52_8d375985c45fff9288668cb3,3.1533601064831345,16.222123863058812,3.1533601064831345,353.99602207193686,405.21742048909175,400.663653640944,0.182639281392285,0.009166666666666667,0.007743923611111111,0.19954987167006277,2.360450128329938,0.9376406651031054,614.6567810058593,0.0,0.0,614.6567810058593,742.3567810058594,3004.97740230708,442.3567810058594,30.0,563.9960220719369,0.0,1,N01_M027_G01,N01_M027_G01,N01,M027,5888.39375,5913.7375,25.34375,3.1533601064831345,0.0
E52_9026ce0d2a5dd9a75ef73c8e,6.074720515056114,6.720084116703532,6.074720515056114,248.6739065082912,267.42831222931983,384.70630707582717,0.14291941710941022,0.009166666666666667,0.007743923611111111,0.159830007387188,2.4001699926128124,0.9500531226915038,225.15150146484376,0.0986328125,0.0986328125,225.15150146484376,352.85150146484375,2885.297303068704,302.85150146484375,30.0,458.6739065082912,0.0,1,N01_M027_G01,N01_M027_G01,N01,M027,5888.39375,5913.7375,25.34375,6.074720515056114,0.0
E52_924cec2d58c933358893a332,11.185863781478275,12.302862284422105,11.185863781478275,416.670444788364,448.9844576972996,639.4568121231148,0.23874762537865796,0.009166666666666667,0.007743923611111111,0.2556582156564357,2.3043417843435647,0.9201068076073639,387.7681549072266,0.0,0.0,387.7681549072266,515.4681549072266,4795.926090923361,252.644287109375,30.0,626.670444788364,0.0,1,N01_M027_G01,N01_M027_G01,N01,M027,5888.39375,5913.7375,25.34375,11.185863781478275,0.0
E52_96da4f081c74d8211b4b244f,12.160493112851569,12.47027426673894,12.160493112851569,406.4445801679392,437.368205859671,627.3474061854878,0.23339590098708082,0.009166666666666667,0.007743923611111111,0.2503064912648586,2.309693508735142,0.9217792214797317,371.08350830078126,0.0,0.0,371.08350830078126,498.78350830078125,4705.105546391158,251.37640380859375,30.0,616.4445801679392,0.0,1,N01_M027_G01,N01_M027_G01,N01,M027,5888.39375,5913.7375,25.34375,12.160493112851569,0.0
E52_a1af1f4ab7d520e82e20be53,3.477962353061457,0.45430012492889205,0.45430012492889205,547.7224457312177,598.7128286250978,789.5025940991541,0.30660524396013417,0.009166666666666667,0.007743923611111111,0.3235158342379119,2.2364841657620884,0.8989013018006525,611.8845947265625,0.0,0.0,611.8845947265625,739.5845947265625,5921.269455743655,499.0620422363281,30.0,757.7224457312177,0.0,1,N01_M027_G01,N01_M027_G01,N01,M027,5888.39375,5913.7375,25.34375,0.45430012492889205,0.0
E52_a3836b1674b2d70f748125c1,9.764424193967145,18.388582284998307,9.764424193967145,238.77143733771516,265.74771093797557,315.68523307386783,0.1296256139323784,0.009166666666666667,0.007743923611111111,0.14653620421015617,2.4134637957898444,0.9542074361843262,323.715283203125,0.0,0.0,323.715283203125,451.415283203125,2367.639248054009,217.29420471191406,30.0,448.77143733771516,0.0,1,N01_M027_G01,N01_M027_G01,N01,M027,5888.39375,5913.7375,25.34375,9.764424193967145,0.0
E52_a77602565c04dca5831f9b7a,7.947139738954618,15.758600383852013,7.947139738954618,295.3505394617105,322.31471665694164,428.9160157520343,0.16578365241547813,0.009166666666666667,0.007743923611111111,0.1826942426932559,2.3773057573067446,0.9429080491583576,323.57012634277345,0.0,0.0,323.57012634277345,451.27012634277344,3216.870118140257,284.58648681640625,30.0,505.3505394617105,0.0,1,N01_M027_G01,N01_M027_G01,N01,M027,5888.39375,5913.7375,25.34375,7.947139738954618,0.0
E52_aaa387ee3ee3170bd804334d,1.3454144751883916,18.409477866986336,1.3454144751883916,263.5215778829557,299.2286101502083,312.8009621623957,0.13801933350380158,0.009166666666666667,0.007743923611111111,0.15492992378157935,2.405070076218421,0.9515843988182564,428.48438720703126,0.0,0.0,428.48438720703126,556.1843872070312,2346.0072162179677,386.9435729980469,30.0,473.5215778829557,0.0,1,N01_M027_G01,N01_M027_G01,N01,M027,5888.39375,5913.7375,25.34375,1.3454144751883916,0.0
E52_afb1e3673ff3adbe9c45b8fc,5.815029167083367,6.956106286850726,5.815029167083367,250.21040235058808,271.27175132926646,374.0527108291059,0.1419599864782851,0.009166666666666667,0.007743923611111111,0.15887057675606286,2.4011294232439377,0.9503529447637303,252.73618774414064,0.0,0.0,252.73618774414064,380.4361877441406,2805.395331218294,291.6474609375,30.0,460.2104023505881,0.0,1,N01_M027_G01,N01_M027_G01,N01,M027,5888.39375,5913.7375,25.34375,5.815029167083367,0.0
E52_b4122a9095172602242b40e3,3.084640088761361,12.917805218005896,3.084640088761361,417.2739001975914,457.30903457666045,594.3369941207687,0.23257222468730426,0.009166666666666667,0.007743923611111111,0.24948281496508204,2.3105171850349184,0.9220366203234118,480.42161254882814,0.0,0.0,480.42161254882814,608.1216125488281,4457.527455905765,308.1216125488281,30.0,627.2739001975914,0.0,1,N01_M027_G01,N01_M027_G01,N01,M027,5888.39375,5913.7375,25.34375,3.084640088761361,0.0
E52_b45db00398315637fb020e5f,1.3899622823400932,10.742298629097064,1.3899622823400932,520.0993036420956,566.0861185224667,764.2777180019647,0.2932088546230577,0.009166666666666667,0.007743923611111111,0.31011944490083543,2.249880555099165,0.903087673468489,551.8417785644531,0.0,0.0,551.8417785644531,679.5417785644531,5732.082885014735,386.71868896484375,30.0,730.0993036420956,0.0,1,N01_M027_G01,N01_M027_G01,N01,M027,5888.39375,5913.7375,25.34375,1.3899622823400932,0.0
E52_b544b4d7beda1d6ed7fbeefb,7.623248498667749,16.252686834440453,7.623248498667749,293.91354735972715,324.49113296153376,404.3615811086144,0.16179511839250177,0.009166666666666667,0.007743923611111111,0.17870570867027954,2.381294291329721,0.9441544660405377,366.9310272216797,0.0,0.0,366.9310272216797,494.6310272216797,3032.711858314608,277.91845703125,30.0,503.91354735972715,0.0,1,N01_M027_G01,N01_M027_G01,N01,M027,5888.39375,5913.7375,25.34375,7.623248498667749,0.0
E52_b60e4d2a4cdcd5801a5d757f,7.414413867655952,16.480566458341656,7.414413867655952,308.26023760270465,345.626388522301,392.32356968783114,0.16519254750221457,0.009166666666666667,0.007743923611111111,0.18210313777999235,2.377896862220008,0.9430927694437524,448.39381103515626,0.0,0.0,448.39381103515626,576.0938110351562,2942.4267726587336,326.2397766113281,30.0,518.2602376027046,0.0,1,N01_M027_G01,N01_M027_G01,N01,M027,5888.39375,5913.7375,25.34375,7.414413867655952,0.0
E52_b677873645e212a13901ede2,1.3469373059010934,9.230718628911887,1.3469373059010934,575.9444140089429,616.0268887810784,911.3939793850733,0.3339048259552679,0.009166666666666667,0.007743923611111111,0.35081541623304563,2.209184583766955,0.8903701824271733,480.989697265625,0.0,0.0,480.989697265625,608.689697265625,6835.45484538805,390.98822021484375,30.0,785.9444140089429,0.0,1,N01_M027_G01,N01_M027_G01,N01,M027,5888.39375,5913.7375,25.34375,1.3469373059010934,0.0
E52_b6789310c1ab16898a769b78,16.58172519877401,2.625622464396969,2.625622464396969,372.38145547243056,389.4038741939475,617.4514627840539,0.21924054354678854,0.009166666666666667,0.007743923611111111,0.23615113382456632,2.3238488661754344,0.926202770679823,225.84925537109376,21.580230712890625,21.580230712890625,225.84925537109376,353.54925537109375,4630.885970880404,303.54925537109375,30.0,582.3814554724306,0.0,1,N01_M027_G01,N01_M027_G01,N01,M027,5888.39375,5913.7375,25.34375,2.625622464396969,0.0
E52_b7c433bb400c5a28313b13f0,7.92389755038441,16.00220965111248,7.92389755038441,270.63016208552887,291.2047849391259,417.8125870494757,0.1554195344851095,0.009166666666666667,0.007743923611111111,0.17233012476288728,2.3876698752371133,0.9461468360115978,246.89547424316407,0.0,0.0,246.89547424316407,374.59547424316406,3133.594402871068,284.58648681640625,30.0,480.63016208552887,0.0,1,N01_M027_G01,N01_M027_G01,N01,M027,5888.39375,5913.7375,25.34375,7.92389755038441,0.0
E52_b8aeee13ee5f313ffdb298e7,2.4320871684392245,0.32052137756616617,0.32052137756616617,550.9628084392909,600.9445446860357,802.0351993981131,0.309532562555218,0.009166666666666667,0.007743923611111111,0.32644315283299574,2.2335568471670046,0.8979865147396888,599.7808349609375,0.0,0.0,599.7808349609375,727.4808349609375,6015.263995485849,488.552978515625,30.0,760.9628084392909,0.0,1,N01_M027_G01,N01_M027_G01,N01,M027,5888.39375,5913.7375,25.34375,0.32052137756616617,0.0
E52_be69bdf55826f2eb34075d09,11.82608277974856,12.029424972929434,11.82608277974856,457.6877788138426,500.48965717077624,658.5642874860837,0.25604119113741575,0.009166666666666667,0.007743923611111111,0.2729517814151935,2.287048218584807,0.9147025683077521,513.6225402832031,0.0,0.0,513.6225402832031,641.3225402832031,4939.232156145627,341.3225402832031,30.0,667.6877788138427,0.0,1,N01_M027_G01,N01_M027_G01,N01,M027,5888.39375,5913.7375,25.34375,11.82608277974856,0.0
E52_bfffb2993ede6e2e2bd9340b,17.568214708832244,13.053008949478723,13.053008949478723,400.85355156655817,436.85476820067277,585.6998033284289,0.22550922551216515,0.009166666666666667,0.007743923611111111,0.24241981578994293,2.3175801842100574,0.9242438075656428,432.014599609375,0.0,0.0,432.014599609375,559.714599609375,4392.748524963216,275.29461669921875,30.0,610.8535515665582,0.0,1,N01_M027_G01,N01_M027_G01,N01,M027,5888.39375,5913.7375,25.34375,13.053008949478723,0.0
E52_c0294c7ff44d44fc4ede8d97,7.094808250313747,16.7256600789149,7.094808250313747,316.70783025924425,358.9570632507807,379.92026256926977,0.16644027302831577,0.009166666666666667,0.007743923611111111,0.18335086330609354,2.376649136693907,0.9427028552168457,506.9907958984375,0.0,0.0,506.9907958984375,634.6907958984375,2849.4019692695233,334.6907958984375,30.0,526.7078302592442,0.0,1,N01_M027_G01,N01_M027_G01,N01,M027,5888.39375,5913.7375,25.34375,7.094808250313747,0.0
E52_c10a50247c57c0340b451298,3.3487816622228905,3.1495087650690863,3.1495087650690863,410.4813485396202,450.8988478275434,578.4577013517014,0.22790762835174688,0.009166666666666667,0.007743923611111111,0.24481821862952466,2.315181781370476,0.9234943066782736,485.00999145507814,0.0,0.0,485.00999145507814,612.7099914550781,4338.432760137761,515.4917602539062,30.0,620.4813485396203,0.0,1,N01_M027_G01,N01_M027_G01,N01,M027,5888.39375,5913.7375,25.34375,3.1495087650690863,0.0
E52_c515ea57360fd29f9add62f7,1.4420109306618514,10.649906727109496,1.4420109306618514,525.5980011021792,572.0554631586571,772.4512298654912,0.29632198385281766,0.009166666666666667,0.007743923611111111,0.3132325741305954,2.2467674258694053,0.9021148205841889,557.4895446777343,0.0,0.0,557.4895446777343,685.1895446777344,5793.384223991184,393.3172912597656,30.0,735.5980011021792,0.0,1,N01_M027_G01,N01_M027_G01,N01,M027,5888.39375,5913.7375,25.34375,1.4420109306618514,0.0
E52_c76d93c5902d0dc017f7065c,7.682086332042644,16.05706218628906,7.682086332042644,260.86241804033426,278.57034040361555,415.47730190098105,0.1516149798935124,0.009166666666666667,0.007743923611111111,0.1685255701712902,2.3914744298287105,0.9473357593214718,212.495068359375,0.0,0.0,212.495068359375,340.195068359375,3116.079764257358,277.91845703125,30.0,470.86241804033426,0.0,1,N01_M027_G01,N01_M027_G01,N01,M027,5888.39375,5913.7375,25.34375,7.682086332042644,0.0
E52_c98d1e580ba9a8920eeacbdb,7.682798185283616,9.995636820319618,7.682798185283616,531.3190315479533,569.3529452238973,834.4345810402425,0.30713490815373307,0.009166666666666667,0.007743923611111111,0.3240454984315108,2.23595450156849,0.8987357817401529,456.40696411132814,0.0,0.0,456.40696411132814,584.1069641113281,6258.259357801819,362.73199462890625,30.0,741.3190315479533,0.0,1,N01_M027_G01,N01_M027_G01,N01,M027,5888.39375,5913.7375,25.34375,7.682798185283616,0.0
E52_cdef0b479e00ae29ebd83132,4.234917529410652,10.01648148125875,4.234917529410652,520.0071121141804,554.5433095222207,832.7970397801186,0.3028799960747676,0.009166666666666667,0.007743923611111111,0.31979058635254537,2.240209413647455,0.9000654417648296,414.4343688964844,0.0,0.0,414.4343688964844,542.1343688964844,6245.977798350889,297.6476745605469,30.0,730.0071121141804,0.0,1,N01_M027_G01,N01_M027_G01,N01,M027,5888.39375,5913.7375,25.34375,4.234917529410652,0.0
E52_d1d4424e0dfaa7a0ce62d445,6.551875478152368,12.872868339328704,6.551875478152368,402.0751033963921,436.37951216917855,598.3237541560654,0.22773150601213982,0.009166666666666667,0.007743923611111111,0.2446420962899176,2.315357903710083,0.9235493449094008,411.6529052734375,0.0,0.0,411.6529052734375,539.3529052734375,4487.428156170491,269.83203125,30.0,612.075103396392,0.0,1,N01_M027_G01,N01_M027_G01,N01,M027,5888.39375,5913.7375,25.34375,6.551875478152368,0.0
E52_d22cbe82615c6d2ee0ebf49f,7.765267421984973,15.758568264926964,7.765267421984973,318.17309843891866,352.9726015110215,427.5491784452201,0.1737067461230003,0.009166666666666667,0.007743923611111111,0.19061733640077808,2.3693826635992226,0.9404320823747568,417.5940368652344,0.0,0.0,417.5940368652344,545.2940368652344,3206.618838339151,335.390380859375,30.0,528.1730984389187,0.0,1,N01_M027_G01,N01_M027_G01,N01,M027,5888.39375,5913.7375,25.34375,7.765267421984973,0.0
E52_d3460088443e86b69235cf2f,8.949392303545466,10.110906533633653,8.949392303545466,520.9986937965015,557.4049117530444,823.5600798537452,0.3019244763287566,0.009166666666666667,0.007743923611111111,0.3188350666065343,2.241164933393466,0.900364041685458,436.87461547851564,0.0,0.0,436.87461547851564,564.5746154785156,6176.700598903089,281.75616455078125,30.0,730.9986937965015,0.0,1,N01_M027_G01,N01_M027_G01,N01,M027,5888.39375,5913.7375,25.34375,8.949392303545466,0.0
E52_d6d1511afdebb88632549a71,3.898255784668578,16.177909036830457,3.898255784668578,342.76879390848103,389.67749650450963,404.08537224079015,0.1791309979165653,0.009166666666666667,0.007743923611111111,0.19604158819434309,2.3639584118056574,0.9387370036892678,562.9044311523437,0.0,0.0,562.9044311523437,690.6044311523438,3030.640291805926,390.60443115234375,30.0,552.768793908481,0.0,1,N01_M027_G01,N01_M027_G01,N01,M027,5888.39375,5913.7375,25.34375,3.898255784668578,0.0
E52_d7f1f5d49edaa9f52000c452,13.53120075289803,12.917919470378578,12.917919470378578,397.7633482290822,431.12867517406926,595.3347347882426,0.22577474843651651,0.009166666666666667,0.007743923611111111,0.2426853387142943,2.3173146612857063,0.9241608316517831,400.38392333984376,0.0,0.0,400.38392333984376,528.0839233398438,4465.010510911819,278.08392333984375,30.0,607.7633482290822,0.0,1,N01_M027_G01,N01_M027_G01,N01,M027,5888.39375,5913.7375,25.34375,12.917919470378578,0.0
E52_da1eeef61bb4fffd90feecd9,3.5966305690391493,11.577048041656667,3.5966305690391493,464.4321692173844,503.4661769891943,694.6602918039094,0.2635518155735283,0.009166666666666667,0.007743923611111111,0.28046240585130605,2.2795375941486946,0.9123554981714669,468.40809326171876,0.0,0.0,468.40809326171876,596.1080932617188,5209.952188529321,322.9142761230469,30.0,674.4321692173844,0.0,1,N01_M027_G01,N01_M027_G01,N01,M027,5888.39375,5913.7375,25.34375,3.5966305690391493,0.0
E52_da487d3b8a0906fb4529d12f,8.951800596247708,15.138353346482333,8.951800596247708,331.4673547495513,365.316990573119,459.8368945576963,0.18300743845595838,0.009166666666666667,0.007743923611111111,0.19991802873373615,2.3600819712662644,0.9375256160207075,406.1956298828125,0.0,0.0,406.1956298828125,533.8956298828125,3448.7767091827222,283.8956298828125,30.0,541.4673547495513,0.0,1,N01_M027_G01,N01_M027_G01,N01,M027,5888.39375,5913.7375,25.34375,8.951800596247708,0.0
E52_dbe1bedc9b83d29f34556dbd,12.208134764462116,13.016499113861627,12.208134764462116,387.86022911882606,419.0031732004504,588.862793747906,0.22133620210273125,0.009166666666666667,0.007743923611111111,0.23824679238050903,2.3217532076194916,0.9255478773810909,373.7153289794922,0.0,0.0,373.7153289794922,501.4153289794922,4416.470953109295,233.02317810058594,30.0,597.860229118826,0.0,1,N01_M027_G01,N01_M027_G01,N01,M027,5888.39375,5913.7375,25.34375,12.208134764462116,0.0
E52_dbec4f1422e98765afb262aa,6.2939374485386566,16.38523852602286,6.2939374485386566,322.5402116809159,364.1002534899979,395.72017250733956,0.1707521496628321,0.009166666666666667,0.007743923611111111,0.18766273994060986,2.372337260059391,0.9413553937685595,498.7205017089844,0.0,0.0,498.7205017089844,626.4205017089844,2967.901293805047,326.4205017089844,30.0,532.540211680916,0.0,1,N01_M027_G01,N01_M027_G01,N01,M027,5888.39375,5913.7375,25.34375,6.2939374485386566,0.0
E52_dc4c132291b7b9525a26c82f,7.641156938729026,16.290878065555617,7.641156938729026,256.41354735972715,274.49113296153376,404.3615811086144,0.14845852840407586,0.009166666666666667,0.007743923611111111,0.16536911868185364,2.3946308813181467,0.9483221504119207,216.9310272216797,0.0,0.0,216.9310272216797,344.6310272216797,3032.711858314608,277.91845703125,30.0,466.41354735972715,0.0,1,N01_M027_G01,N01_M027_G01,N01,M027,5888.39375,5913.7375,25.34375,7.641156938729026,0.0
E52_dd12fb0cc4aee52816704b73,3.2494862693795454,0.5498680641518376,0.5498680641518376,547.6210002825783,600.0718247658139,780.5370536657424,0.3052994367315811,0.009166666666666667,0.007743923611111111,0.32221002700935886,2.2377899729906416,0.8993093665595754,629.4098937988281,0.0,0.0,629.4098937988281,757.1098937988281,5854.027902493068,543.108642578125,30.0,757.6210002825783,0.0,1,N01_M027_G01,N01_M027_G01,N01,M027,5888.39375,5913.7375,25.34375,0.5498680641518376,0.0
E52_de2c36302e014a6d0284c896,7.45920035925063,15.994052628622484,7.45920035925063,325.41177480357015,364.7238282296769,414.95122905049965,0.1744969638873427,0.009166666666666667,0.007743923611111111,0.19140755416512048,2.36859244583488,0.9401851393233999,471.74464111328126,0.0,0.0,471.74464111328126,599.4446411132812,3112.134217878747,326.2397766113281,30.0,535.4117748035701,0.0,1,N01_M027_G01,N01_M027_G01,N01,M027,5888.39375,5913.7375,25.34375,7.45920035925063,0.0
E52_e0325aad0b87e7c07e10fc2c,7.551482427709715,5.987785159048158,5.987785159048158,275.1983248954777,294.96932963587483,418.60161500091635,0.15682137892336617,0.009166666666666667,0.007743923611111111,0.17373196920114395,2.3862680307988566,0.9457087596246425,248.53977661132814,11.2877197265625,11.2877197265625,248.53977661132814,376.2397766113281,3139.5121125068727,326.2397766113281,30.0,485.1983248954777,0.0,1,N01_M027_G01,N01_M027_G01,N01,M027,5888.39375,5913.7375,25.34375,5.987785159048158,0.0
E52_e0cd6bab1a22c4530d9a254c,6.335308768017441,6.471069764274475,6.335308768017441,260.0402116809159,280.7669201566646,395.72017250733956,0.14852449968212222,0.009166666666666667,0.007743923611111111,0.1654350899599,2.3945649100401005,0.9483015343875313,248.7205017089844,0.0,0.0,248.7205017089844,376.4205017089844,2967.901293805047,326.4205017089844,30.0,470.0402116809159,0.0,1,N01_M027_G01,N01_M027_G01,N01,M027,5888.39375,5913.7375,25.34375,6.335308768017441,0.0
E52_ea76d341ab82f2ebc1fa1efe,7.502001559759961,6.056283714240493,6.056283714240493,275.41177480357015,298.05716156301025,414.95122905049965,0.15671484390277482,0.009166666666666667,0.007743923611111111,0.1736254341805526,2.3863745658194477,0.9457420518185773,271.74464111328126,0.0,0.0,271.74464111328126,399.44464111328125,3112.134217878747,326.2397766113281,30.0,485.41177480357015,0.0,1,N01_M027_G01,N01_M027_G01,N01,M027,5888.39375,5913.7375,25.34375,6.056283714240493,0.0
E52_eab18c460278cfbad2c20da0,8.408934132137688,7.760329046990023,7.760329046990023,212.31476099060268,226.15454090800176,341.5908424768108,0.12388533452538679,0.009166666666666667,0.007743923611111111,0.14079592480316458,2.419204075196836,0.9560012734990111,166.07735900878907,0.0,0.0,166.07735900878907,293.77735900878906,2561.931318576081,213.8477783203125,30.0,422.3147609906027,0.0,1,N01_M027_G01,N01_M027_G01,N01,M027,5888.39375,5913.7375,25.34375,7.760329046990023,0.0
E52_eb490529b308e18523949520,10.638213353827126,12.235001379754962,10.638213353827126,417.9327582223269,449.8180932544721,644.5535062517828,0.23991836791670462,0.009166666666666667,0.007743923611111111,0.25682895819448237,2.303171041805518,0.9197409505642242,382.6240203857422,0.0,0.0,382.6240203857422,510.3240203857422,4834.151296888371,255.67149353027344,30.0,627.9327582223269,0.0,1,N01_M027_G01,N01_M027_G01,N01,M027,5888.39375,5913.7375,25.34375,10.638213353827126,0.0
E52_eddf192c3626d88d236d26e4,9.181255598579625,17.034187922993553,9.181255598579625,241.72684180786888,260.473536754158,370.9735139380034,0.13850678679446915,0.009166666666666667,0.007743923611111111,0.15541737707224693,2.4045826229277534,0.9514320696649229,224.96033935546876,0.0,0.0,224.96033935546876,352.66033935546875,2782.3013545350254,199.07135009765625,30.0,451.7268418078689,0.0,1,N01_M027_G01,N01_M027_G01,N01,M027,5888.39375,5913.7375,25.34375,9.181255598579625,0.0
E52_ede4029bd5e695a7a0c85289,13.575429711116783,12.925612211179384,12.925612211179384,385.2633482290822,414.4620085074026,595.3347347882426,0.22132921844037454,0.009166666666666667,0.007743923611111111,0.2382398087181523,2.3217601912818484,0.9255500597755774,350.38392333984376,0.0,0.0,350.38392333984376,478.08392333984375,4465.010510911819,278.08392333984375,30.0,595.2633482290822,0.0,1,N01_M027_G01,N01_M027_G01,N01,M027,5888.39375,5913.7375,25.34375,12.925612211179384,0.0
E52_ef8fa59407d07a2296b5f591,5.4980170425327515,0.3151276047193221,0.3151276047193221,505.85939793409244,540.3898465933535,804.5361039126185,0.29384606362066074,0.009166666666666667,0.007743923611111111,0.3107566538984385,2.249243346101562,0.9028885456567379,414.3653839111328,0.0,0.0,414.3653839111328,542.0653839111328,6034.020779344639,284.8677062988281,30.0,715.8593979340924,0.0,1,N01_M027_G01,N01_M027_G01,N01,M027,5888.39375,5913.7375,25.34375,0.3151276047193221,0.0
E52_f2fabdd802684ffd17ed2273,5.806270446527719,16.925225818485302,5.806270446527719,275.2104023505881,304.60508466259984,374.0527108291059,0.15085104647056902,0.009166666666666667,0.007743923611111111,0.1677616367483468,2.3922383632516535,0.9475744885161417,352.73618774414064,0.0,0.0,352.73618774414064,480.4361877441406,2805.395331218294,291.6474609375,30.0,485.2104023505881,0.0,1,N01_M027_G01,N01_M027_G01,N01,M027,5888.39375,5913.7375,25.34375,5.806270446527719,0.0
E52_fd527d975e1813662620f82c,12.407250888614612,12.45056667278017,12.407250888614612,418.2192341110554,452.9085204066283,628.3027504486734,0.23771876612520712,0.009166666666666667,0.007743923611111111,0.2546293564029849,2.3053706435970156,0.9204283261240672,416.271435546875,0.0,0.0,416.271435546875,543.971435546875,4712.2706283650505,307.606201171875,30.0,628.2192341110554,0.0,1,N01_M027_G01,N01_M027_G01,N01,M027,5888.39375,5913.7375,25.34375,12.407250888614612,0.0
E52_fe6c7b852578a086d3069b9b,8.366856540234167,5.686957833294301,5.686957833294301,283.52010664670297,305.8382661315663,433.1312563842263,0.16217322495485703,0.009166666666666667,0.007743923611111111,0.1790838152326348,2.380916184767366,0.9440363077398016,267.8179138183594,0.0,0.0,267.8179138183594,395.5179138183594,3248.484422881697,322.1230773925781,30.0,493.52010664670297,0.0,1,N01_M027_G01,N01_M027_G01,N01,M027,5888.39375,5913.7375,25.34375,5.686957833294301,0.0
